# https://github.com/mikedh/trimesh

o FR3_Version2_Link0-mesh
v -0.05968252 0.02629993 0.12575300
v -0.05968258 0.02629993 0.12575361
v -0.05968258 0.02616888 0.12575361
v -0.05968369 0.02603847 0.12576821
v -0.05968056 0.02560290 0.12500001
v -0.05965400 0.02629993 0.12500001
v -0.05968496 0.02598052 0.12578431
v -0.05968992 0.02585269 0.12584481
v -0.05968056 0.02560290 0.12572651
v -0.05969299 0.02580250 0.12588010
v -0.05970237 0.02570182 0.12598011
v -0.05970752 0.02566570 0.12603071
v -0.05972176 0.02560357 0.12615941
v -0.05972199 0.02560290 0.12616141
v -0.05968056 0.02560290 0.12427350
v -0.05972199 0.02560290 0.12383861
v -0.05970805 0.02566250 0.12396421
v -0.05969038 0.02584440 0.12414991
v -0.05969346 0.02579586 0.12411471
v -0.05970305 0.02569649 0.12401311
v -0.05968521 0.02597123 0.12421251
v -0.05968387 0.02602858 0.12422951
v -0.05968258 0.02616888 0.12424640
v -0.05968252 0.02629993 0.12424701
v -0.05968258 0.02629993 0.12424640
v -0.06110259 0.02564881 0.13017090
v -0.06120145 0.02560290 0.13033010
v -0.06092753 0.02560290 0.12987131
v -0.06102666 0.02572463 0.13004391
v -0.06089442 0.02629993 0.12981180
v -0.06089641 0.02629971 0.12981541
v -0.06089641 0.02618985 0.12981541
v -0.06090420 0.02606205 0.12982950
v -0.06057535 0.02560290 0.12912000
v -0.06089781 0.02613529 0.12981800
v -0.06056386 0.02629993 0.12912601
v -0.06067296 0.02629993 0.12938700
v -0.06092654 0.02594372 0.12986951
v -0.06095071 0.02586674 0.12991241
v -0.06099979 0.02576431 0.12999790
v -0.06007213 0.02560290 0.12785461
v -0.06008069 0.02561265 0.12788301
v -0.06031076 0.02560290 0.12855561
v -0.06012117 0.02568002 0.12801351
v -0.06013449 0.02571102 0.12805521
v -0.06016748 0.02581507 0.12815560
v -0.06017770 0.02585918 0.12818601
v -0.06019819 0.02598563 0.12824601
v -0.06020381 0.02604277 0.12826230
v -0.06020920 0.02617798 0.12827781
v -0.06020920 0.02629993 0.12827781
v -0.07861940 0.02560290 0.12922471
v -0.07801429 0.02560290 0.13032810
v -0.07809240 0.02563540 0.13020281
v -0.07811239 0.02564880 0.13017000
v -0.07819046 0.02572770 0.13003940
v -0.07820674 0.02575115 0.13001160
v -0.07825965 0.02585537 0.12991961
v -0.07827369 0.02589429 0.12989490
v -0.07865638 0.02560290 0.12912801
v -0.07830301 0.02601231 0.12984261
v -0.07831097 0.02606627 0.12982830
v -0.07865066 0.02629993 0.12912540
v -0.07831823 0.02618960 0.12981521
v -0.07831823 0.02629971 0.12981521
v -0.07832022 0.02629993 0.12981161
v -0.07853943 0.02629993 0.12939121
v -0.07900844 0.02607261 0.12826871
v -0.07901395 0.02600594 0.12825281
v -0.07900521 0.02617773 0.12827801
v -0.07900521 0.02629993 0.12827801
v -0.07903260 0.02587917 0.12819840
v -0.07904523 0.02582159 0.12816091
v -0.07907740 0.02571722 0.12806321
v -0.07909370 0.02567878 0.12801230
v -0.07913424 0.02561178 0.12788161
v -0.07913848 0.02560290 0.12786751
v -0.07914206 0.02560290 0.12785560
v -0.07953083 0.02603821 0.12423211
v -0.07952955 0.02598026 0.12421590
v -0.07956048 0.02560290 0.12500001
v -0.07953199 0.02629993 0.12424731
v -0.07953193 0.02629993 0.12424660
v -0.07953193 0.02616863 0.12424660
v -0.07956048 0.02629993 0.12500001
v -0.07952459 0.02585244 0.12415541
v -0.07952153 0.02580224 0.12412021
v -0.07951213 0.02570156 0.12402021
v -0.07950701 0.02566545 0.12396950
v -0.07949276 0.02560332 0.12384080
v -0.07949263 0.02560290 0.12383961
v -0.07952105 0.02579561 0.12588511
v -0.07952414 0.02584414 0.12584991
v -0.07949263 0.02560290 0.12616041
v -0.07950647 0.02566224 0.12603560
v -0.07951146 0.02569624 0.12598661
v -0.07952929 0.02597098 0.12578731
v -0.07953064 0.02602833 0.12577021
v -0.07953193 0.02616863 0.12575341
v -0.07953199 0.02629993 0.12575271
v -0.07953193 0.02629993 0.12575341
v -0.06094095 0.02589455 0.12010490
v -0.06091161 0.02601257 0.12015721
v -0.06057535 0.02560290 0.12088000
v -0.06110225 0.02564905 0.11982970
v -0.06092753 0.02560290 0.12012871
v -0.06112225 0.02563566 0.11979690
v -0.06120145 0.02560290 0.11966990
v -0.06102418 0.02572796 0.11996041
v -0.06100790 0.02575141 0.11998820
v -0.06095497 0.02585563 0.12008011
v -0.06090366 0.02606653 0.12017151
v -0.06089641 0.02618985 0.12018461
v -0.06056407 0.02629993 0.12087401
v -0.06089641 0.02629971 0.12018461
v -0.06089442 0.02629993 0.12018821
v -0.06067507 0.02629993 0.12060871
v -0.06020920 0.02629993 0.12172220
v -0.06020920 0.02617798 0.12172220
v -0.06020596 0.02607286 0.12173160
v -0.06020045 0.02600619 0.12174740
v -0.06031076 0.02560290 0.12144440
v -0.06018181 0.02587942 0.12180191
v -0.06016917 0.02582184 0.12183941
v -0.06013701 0.02571747 0.12193711
v -0.06012071 0.02567903 0.12198791
v -0.06008018 0.02561203 0.12211870
v -0.06007213 0.02560290 0.12214541
v -0.07675686 0.02567064 0.11807541
v -0.07661003 0.02577039 0.11792701
v -0.07621326 0.02560290 0.11758011
v -0.07755378 0.02560290 0.11900670
v -0.07727864 0.02560765 0.11865831
v -0.07702015 0.02560290 0.11835801
v -0.07698825 0.02561267 0.11832261
v -0.07681717 0.02564501 0.11813820
v -0.07657257 0.02580702 0.11789010
v -0.07648336 0.02592627 0.11780371
v -0.07646824 0.02595388 0.11778930
v -0.07642427 0.02606459 0.11774781
v -0.07641135 0.02611974 0.11773561
v -0.07621899 0.02629993 0.11757541
v -0.07640194 0.02622271 0.11772680
v -0.07640194 0.02629993 0.11772680
v -0.06297677 0.02629993 0.11759090
v -0.06281227 0.02629993 0.11772710
v -0.06281227 0.02622296 0.11772710
v -0.06280274 0.02611928 0.11773601
v -0.06279303 0.02607604 0.11774511
v -0.06298295 0.02560290 0.11759830
v -0.06275494 0.02597224 0.11778110
v -0.06273592 0.02593539 0.11779921
v -0.06265836 0.02582562 0.11787401
v -0.06269896 0.02560290 0.11783461
v -0.06257377 0.02574482 0.11795750
v -0.06243237 0.02565930 0.11810161
v -0.06239667 0.02564511 0.11813891
v -0.06222601 0.02561292 0.11832281
v -0.06192800 0.02560777 0.11866791
v -0.06172929 0.02560290 0.11891681
v -0.06164609 0.02560290 0.11902611
v -0.06373139 0.02629993 0.11696621
v -0.06381586 0.02560290 0.11690510
v -0.06465549 0.02629993 0.11638521
v -0.06465866 0.02560290 0.11639081
v -0.06491281 0.02629993 0.11622340
v -0.06505620 0.02560290 0.11614821
v -0.06618650 0.02629993 0.11565301
v -0.06639354 0.02560290 0.11557991
v -0.06654272 0.02629993 0.11555041
v -0.06653994 0.02560290 0.11554161
v -0.06752745 0.02629993 0.11526651
v -0.06779937 0.02560290 0.11521231
v -0.06856340 0.02629993 0.11512011
v -0.06856373 0.02560290 0.11512820
v -0.06890929 0.02629993 0.11507130
v -0.06924373 0.02560290 0.11505340
v -0.07030484 0.02629993 0.11507120
v -0.07062928 0.02560290 0.11510400
v -0.07062700 0.02629993 0.11511670
v -0.07069584 0.02560290 0.11510650
v -0.07168669 0.02629993 0.11526641
v -0.07212475 0.02560290 0.11537040
v -0.07264840 0.02629993 0.11554361
v -0.07264585 0.02560290 0.11554821
v -0.07302764 0.02629993 0.11565291
v -0.07350000 0.02560290 0.11583961
v -0.07430136 0.02629993 0.11622320
v -0.07453911 0.02560290 0.11637381
v -0.07453839 0.02629993 0.11637221
v -0.07479229 0.02560290 0.11650400
v -0.07548281 0.02629993 0.11696601
v -0.07597406 0.02560290 0.11734951
v -0.07811206 0.02564855 0.11982940
v -0.07801429 0.02560290 0.11967190
v -0.07861940 0.02560290 0.12077530
v -0.07831823 0.02629971 0.12018480
v -0.07831823 0.02618960 0.12018480
v -0.07832022 0.02629993 0.12018841
v -0.07854155 0.02629993 0.12061310
v -0.07865088 0.02629993 0.12087450
v -0.07831682 0.02613504 0.12018230
v -0.07865638 0.02560290 0.12087201
v -0.07831044 0.02606180 0.12017080
v -0.07828810 0.02594347 0.12013070
v -0.07826393 0.02586648 0.12008790
v -0.07821485 0.02576406 0.12000241
v -0.07818798 0.02572438 0.11995640
v -0.07909323 0.02567977 0.12198620
v -0.07913372 0.02561241 0.12211671
v -0.07913848 0.02560290 0.12213251
v -0.07914206 0.02560290 0.12214441
v -0.07907991 0.02571078 0.12194461
v -0.07904692 0.02581482 0.12184411
v -0.07903670 0.02585893 0.12181370
v -0.07901622 0.02598538 0.12175371
v -0.07901059 0.02604252 0.12173751
v -0.07900521 0.02617773 0.12172201
v -0.07900521 0.02629993 0.12172201
v -0.07305716 0.04166942 0.11557380
v -0.07354256 0.04166942 0.11573941
v -0.07353826 0.04175746 0.11574950
v -0.07170526 0.04166942 0.11518261
v -0.07215229 0.04166942 0.11526510
v -0.07214949 0.04175746 0.11527581
v -0.07031170 0.04166942 0.11498381
v -0.07070774 0.04166942 0.11499830
v -0.07070655 0.04175746 0.11500921
v -0.06890374 0.04166942 0.11498160
v -0.06923976 0.04166942 0.11494471
v -0.06924016 0.04175746 0.11495571
v -0.06750891 0.04166942 0.11517611
v -0.06777961 0.04166942 0.11510531
v -0.06778160 0.04175746 0.11511610
v -0.06615451 0.04166942 0.11556350
v -0.06635842 0.04166942 0.11547690
v -0.06636196 0.04175746 0.11548730
v -0.06486702 0.04166942 0.11613650
v -0.06500645 0.04166942 0.11605140
v -0.06501149 0.04175746 0.11606121
v -0.07298510 0.04263988 0.11705131
v -0.07179177 0.04263988 0.11664410
v -0.07198407 0.04234570 0.11590851
v -0.07092901 0.04354140 0.12460231
v -0.07097284 0.04354140 0.12479901
v -0.06960725 0.04355919 0.12500001
v -0.07075840 0.04354140 0.12423841
v -0.07085702 0.04354140 0.12441411
v -0.07049018 0.04354140 0.12393901
v -0.07063525 0.04354140 0.12407891
v -0.06935653 0.04354140 0.12364271
v -0.06955683 0.04354140 0.12362060
v -0.06916159 0.04354140 0.12369361
v -0.06880411 0.04354140 0.12387741
v -0.06897612 0.04354140 0.12377250
v -0.06864923 0.04354140 0.12400631
v -0.06596081 0.04343018 0.12473311
v -0.06825998 0.04354140 0.12469990
v -0.06823064 0.04354140 0.12489921
v -0.06840358 0.04354140 0.12567550
v -0.06831803 0.04354140 0.12549311
v -0.06864923 0.04354140 0.12599370
v -0.06851475 0.04354140 0.12584360
v -0.06935653 0.04354140 0.12635731
v -0.06916159 0.04354140 0.12630640
v -0.06955683 0.04354140 0.12637941
v -0.07032630 0.04354140 0.12617821
v -0.07014708 0.04354140 0.12627031
v -0.07063525 0.04354140 0.12592110
v -0.07049018 0.04354140 0.12606100
v -0.07098754 0.04354140 0.12500001
v -0.07097284 0.04354140 0.12520100
v -0.06386539 0.04242671 0.13221291
v -0.06443394 0.04254293 0.13220011
v -0.06413951 0.04234570 0.13264251
v -0.06827842 0.04298533 0.13209911
v -0.06829747 0.04298760 0.13209040
v -0.06824923 0.04293423 0.13235210
v -0.06869789 0.04317478 0.13101461
v -0.06869796 0.04321550 0.13070611
v -0.06939621 0.04321652 0.13077460
v -0.06109144 0.04211756 0.12979970
v -0.06108807 0.04211486 0.12979981
v -0.06107991 0.04211511 0.12978580
v -0.06105323 0.04208682 0.12980051
v -0.06661850 0.04322423 0.12987650
v -0.06653160 0.04321570 0.12987501
v -0.06624498 0.04321652 0.12969961
v -0.06691162 0.04347000 0.12412771
v -0.06831803 0.04354140 0.12450690
v -0.06832518 0.04353556 0.12406200
v -0.06836695 0.04353620 0.12404240
v -0.06851475 0.04354140 0.12415641
v -0.06864914 0.04353582 0.12374390
v -0.06866693 0.04353464 0.12368390
v -0.06148983 0.04232923 0.12020051
v -0.06153104 0.04234286 0.12020011
v -0.06141257 0.04234570 0.12040091
v -0.06241320 0.04263456 0.12019070
v -0.06243464 0.04263926 0.12019040
v -0.06207561 0.04263988 0.12077311
v -0.06391538 0.04293119 0.12016830
v -0.06368962 0.04293423 0.12043061
v -0.06336050 0.04284150 0.12017711
v -0.06619652 0.04319410 0.12013070
v -0.06660250 0.04321566 0.12012371
v -0.06624498 0.04321652 0.12030041
v -0.06869799 0.04324222 0.11949640
v -0.06869796 0.04321550 0.11929391
v -0.06939621 0.04321652 0.11922541
v -0.06318976 0.04219120 0.11776520
v -0.06303950 0.04211305 0.11775801
v -0.06391754 0.04211511 0.11704731
v -0.06367156 0.04166942 0.11688370
v -0.06375255 0.04166942 0.11681660
v -0.06375894 0.04175746 0.11682561
v -0.07654818 0.04174566 0.11772661
v -0.07654394 0.04175727 0.11772731
v -0.07603663 0.04175746 0.11727431
v -0.07399359 0.04270336 0.11781750
v -0.07410646 0.04263988 0.11762781
v -0.07434742 0.04263119 0.11780951
v -0.07148038 0.04294860 0.11786541
v -0.07149830 0.04293423 0.11776661
v -0.07171277 0.04293338 0.11786110
v -0.07373620 0.04311240 0.12014281
v -0.07330359 0.04321652 0.12055841
v -0.07268045 0.04321563 0.12012520
v -0.07453476 0.04319031 0.12182421
v -0.07437667 0.04320709 0.12182701
v -0.07391092 0.04321652 0.12114390
v -0.07258436 0.04322502 0.12012360
v -0.07295501 0.04342521 0.12413930
v -0.07312014 0.04341435 0.12414210
v -0.07322448 0.04343018 0.12446770
v -0.07283584 0.04344313 0.12586281
v -0.07092901 0.04354140 0.12539770
v -0.07911843 0.04169981 0.12827950
v -0.07911979 0.04166942 0.12827970
v -0.07871791 0.04166942 0.12927091
v -0.07844320 0.04168973 0.12981240
v -0.07843065 0.04175725 0.12981110
v -0.07870797 0.04175746 0.12926621
v -0.07091442 0.04329817 0.12993230
v -0.07089862 0.04329781 0.12993970
v -0.07053202 0.04343018 0.12853730
v -0.07603663 0.04175746 0.13272570
v -0.07654355 0.04175720 0.13227271
v -0.07655095 0.04173450 0.13227381
v -0.07653289 0.04178995 0.13227100
v -0.07601680 0.04184197 0.13270191
v -0.07650730 0.04183936 0.13226740
v -0.07596833 0.04195771 0.13264361
v -0.07586229 0.04211511 0.13251621
v -0.07617477 0.04211309 0.13224221
v -0.07624060 0.04207897 0.13224531
v -0.07640078 0.04195468 0.13225710
v -0.07644330 0.04192168 0.13226020
v -0.07562186 0.04233855 0.13222150
v -0.07570433 0.04231768 0.13222361
v -0.07602144 0.04219256 0.13223490
v -0.07470125 0.04211511 0.13334690
v -0.07450254 0.04234570 0.13302120
v -0.07561039 0.04234145 0.13222121
v -0.07282260 0.04285202 0.13215940
v -0.07401754 0.04268503 0.13218360
v -0.07410646 0.04263988 0.13237220
v -0.07436274 0.04263679 0.13219060
v -0.07454243 0.04261168 0.13219431
v -0.07298510 0.04263988 0.13294881
v -0.07265635 0.04286374 0.13215641
v -0.07109347 0.04297393 0.13212751
v -0.07148275 0.04294648 0.13213471
v -0.07149830 0.04293423 0.13223340
v -0.07167464 0.04293295 0.13213821
v -0.07179177 0.04263988 0.13335590
v -0.07023925 0.04321652 0.13074381
v -0.07050203 0.04321549 0.13070841
v -0.07050209 0.04317509 0.13101461
v -0.07050219 0.04309820 0.13152451
v -0.07051535 0.04307740 0.13164980
v -0.07042496 0.04293423 0.13243160
v -0.07053064 0.04306737 0.13170751
v -0.07059064 0.04304330 0.13183901
v -0.07062323 0.04303398 0.13188700
v -0.07072271 0.04301247 0.13199091
v -0.07076929 0.04300468 0.13202550
v -0.07089614 0.04298839 0.13209031
v -0.07095375 0.04298292 0.13210840
v -0.07078646 0.04329519 0.12999210
v -0.07073594 0.04329264 0.13002721
v -0.07000714 0.04343018 0.12863430
v -0.07063481 0.04328405 0.13012630
v -0.07059880 0.04327923 0.13017611
v -0.07053606 0.04326584 0.13030381
v -0.07051895 0.04325937 0.13036161
v -0.07050199 0.04324252 0.13050361
v -0.07261461 0.04321568 0.12987601
v -0.07171823 0.04326300 0.12989130
v -0.07103720 0.04343018 0.12836501
v -0.07109275 0.04329601 0.12990200
v -0.07097287 0.04329820 0.12991620
v -0.07261698 0.04321556 0.12987591
v -0.07330359 0.04321652 0.12944161
v -0.07300716 0.04319496 0.12986921
v -0.07370758 0.04312091 0.12985761
v -0.07391092 0.04321652 0.12885610
v -0.07438546 0.04320687 0.12817321
v -0.07452618 0.04319055 0.12817571
v -0.07584263 0.04293423 0.12912531
v -0.07529919 0.04293117 0.12983150
v -0.07501091 0.04297769 0.12983611
v -0.07688021 0.04260831 0.12980820
v -0.07679792 0.04263549 0.12980901
v -0.07681025 0.04263988 0.12976551
v -0.07678019 0.04263936 0.12980930
v -0.07585913 0.04284083 0.12982261
v -0.07772314 0.04232996 0.12979920
v -0.07811576 0.04234570 0.12898861
v -0.07812355 0.04211143 0.12979990
v -0.07846116 0.04211511 0.12915050
v -0.07816253 0.04209016 0.12980001
v -0.07861127 0.04195771 0.12922091
v -0.07831154 0.04195593 0.12980401
v -0.07826498 0.04200691 0.12980231
v -0.07842813 0.04177080 0.12981081
v -0.07867987 0.04184197 0.12925310
v -0.07839762 0.04184299 0.12980831
v -0.07835798 0.04190508 0.12980581
v -0.07910720 0.04175721 0.12827851
v -0.07863360 0.04166942 0.12943751
v -0.07844384 0.04166942 0.12981240
v -0.07910386 0.04177433 0.12827820
v -0.07882135 0.04211799 0.12826281
v -0.07899759 0.04195707 0.12827071
v -0.07900290 0.04195221 0.12827100
v -0.07907682 0.04184163 0.12827590
v -0.07742733 0.04263988 0.12866590
v -0.07817968 0.04244901 0.12824520
v -0.07841286 0.04232872 0.12825161
v -0.07646376 0.04291262 0.12821100
v -0.07652746 0.04290156 0.12821210
v -0.07750724 0.04267114 0.12823101
v -0.07761358 0.04263602 0.12823331
v -0.07768370 0.04234298 0.12979970
v -0.07635595 0.04293133 0.12820901
v -0.07491355 0.04299340 0.12983761
v -0.07553855 0.04307318 0.12819390
v -0.07137024 0.04342879 0.12811960
v -0.07159794 0.04341574 0.12812371
v -0.07238430 0.04337066 0.12813750
v -0.07322454 0.04332249 0.12815241
v -0.07354802 0.04330395 0.12815810
v -0.07109246 0.04344472 0.12811471
v -0.07095156 0.04344985 0.12809540
v -0.07052930 0.04348198 0.12769350
v -0.07051416 0.04348527 0.12763511
v -0.06995636 0.04354140 0.12633541
v -0.07050174 0.04349155 0.12751350
v -0.07050172 0.04350865 0.12712041
v -0.07058776 0.04347393 0.12782341
v -0.07062127 0.04347051 0.12787330
v -0.07071944 0.04346256 0.12797661
v -0.07076747 0.04345938 0.12801241
v -0.07089418 0.04345244 0.12807740
v -0.07091832 0.04345135 0.12808501
v -0.07050170 0.04352774 0.12659601
v -0.07050172 0.04351375 0.12700320
v -0.07055085 0.04353609 0.12625611
v -0.07051039 0.04353337 0.12639241
v -0.07050377 0.04353136 0.12646991
v -0.07050170 0.04353073 0.12649421
v -0.07057746 0.04353686 0.12620211
v -0.07082039 0.04353673 0.12596351
v -0.07074311 0.04353739 0.12601731
v -0.07070370 0.04353773 0.12604471
v -0.07066072 0.04353776 0.12608690
v -0.07101245 0.04353309 0.12589991
v -0.07098169 0.04353372 0.12590841
v -0.07075840 0.04354140 0.12576160
v -0.07087485 0.04353591 0.12593801
v -0.07085702 0.04354140 0.12558591
v -0.07178827 0.04349594 0.12588100
v -0.07109235 0.04353101 0.12589310
v -0.07326343 0.04343018 0.12500001
v -0.07530240 0.04321291 0.12582001
v -0.07322448 0.04343018 0.12553231
v -0.07331758 0.04341885 0.12585441
v -0.07314946 0.04342733 0.12585731
v -0.07772445 0.04277698 0.12577840
v -0.07703949 0.04292578 0.12579011
v -0.07708374 0.04293423 0.12500001
v -0.07663417 0.04301382 0.12579700
v -0.07538575 0.04321652 0.12500001
v -0.07553460 0.04318882 0.12581601
v -0.07532399 0.04321067 0.12581961
v -0.07930912 0.04215018 0.12575351
v -0.07896737 0.04233430 0.12575841
v -0.07900428 0.04234570 0.12500001
v -0.07879872 0.04242518 0.12576081
v -0.07824395 0.04263988 0.12500001
v -0.07820269 0.04262037 0.12577061
v -0.07942865 0.04205547 0.12575220
v -0.07935541 0.04211350 0.12575300
v -0.07938575 0.04211511 0.12500001
v -0.07953746 0.04193973 0.12575130
v -0.07955153 0.04195771 0.12500001
v -0.07958471 0.04186919 0.12575120
v -0.07962728 0.04184197 0.12500001
v -0.07959729 0.04184117 0.12575120
v -0.07962168 0.04178681 0.12575130
v -0.07965831 0.04175746 0.12500001
v -0.07962764 0.04175695 0.12575130
v -0.07964041 0.04169303 0.12575141
v -0.07966929 0.04166942 0.12500001
v -0.07964119 0.04166942 0.12575141
v -0.07964119 0.04166942 0.12424860
v -0.07963214 0.04174927 0.12424871
v -0.07962932 0.04175716 0.12424871
v -0.07959922 0.04184164 0.12424881
v -0.07955179 0.04192052 0.12424871
v -0.07952044 0.04195534 0.12424850
v -0.07943766 0.04204729 0.12424791
v -0.07935234 0.04210918 0.12424691
v -0.07917974 0.04223439 0.12424480
v -0.07777225 0.04276464 0.12422240
v -0.07820697 0.04263210 0.12422951
v -0.07848838 0.04254630 0.12423421
v -0.07896663 0.04233054 0.12424151
v -0.07704029 0.04292867 0.12420991
v -0.07524518 0.04322288 0.12417901
v -0.07532592 0.04321355 0.12418040
v -0.07550582 0.04319276 0.12418351
v -0.07679738 0.04298310 0.12420581
v -0.07420761 0.04334280 0.12416111
v -0.07074343 0.04353738 0.12398240
v -0.07080156 0.04353696 0.12402601
v -0.07085512 0.04353623 0.12405360
v -0.07097914 0.04353382 0.12409280
v -0.07099066 0.04353360 0.12409640
v -0.07109235 0.04353101 0.12410691
v -0.07056733 0.04353661 0.12377891
v -0.07059209 0.04353695 0.12381591
v -0.07064640 0.04353771 0.12389701
v -0.07068785 0.04353777 0.12394081
v -0.07050170 0.04353073 0.12350580
v -0.07050339 0.04353140 0.12353100
v -0.07032630 0.04354140 0.12382181
v -0.07050705 0.04353285 0.12358581
v -0.07054271 0.04353575 0.12372400
v -0.07050174 0.04349630 0.12258620
v -0.07050172 0.04350902 0.12288481
v -0.07014708 0.04354140 0.12372970
v -0.07050172 0.04351330 0.12298511
v -0.07081937 0.04345631 0.12195630
v -0.07070266 0.04346376 0.12203791
v -0.07053202 0.04343018 0.12146271
v -0.07065974 0.04346710 0.12208021
v -0.07057660 0.04347520 0.12219591
v -0.07055015 0.04347862 0.12225010
v -0.07051007 0.04348646 0.12238681
v -0.06995636 0.04354140 0.12366460
v -0.07050174 0.04349155 0.12248651
v -0.07109246 0.04344472 0.12188531
v -0.07101165 0.04344745 0.12189220
v -0.07103720 0.04343018 0.12163501
v -0.07091724 0.04345154 0.12191851
v -0.07087406 0.04345342 0.12193050
v -0.07138662 0.04342911 0.12188010
v -0.07170765 0.04326675 0.12010850
v -0.07158188 0.04341875 0.12187661
v -0.07258339 0.04322507 0.12012360
v -0.07233696 0.04337867 0.12186330
v -0.07318322 0.04333377 0.12184840
v -0.07313758 0.04333618 0.12184920
v -0.07501857 0.04297421 0.12016411
v -0.07529361 0.04293001 0.12016841
v -0.07584263 0.04293423 0.12087471
v -0.07647187 0.04290777 0.12178881
v -0.07635842 0.04293268 0.12179101
v -0.07629829 0.04294588 0.12179210
v -0.07760783 0.04262657 0.12176661
v -0.07742733 0.04263988 0.12133410
v -0.07833179 0.04238686 0.12175120
v -0.07811576 0.04234570 0.12101140
v -0.07841946 0.04233905 0.12174881
v -0.07861127 0.04195771 0.12077910
v -0.07892282 0.04203534 0.12173301
v -0.07846116 0.04211511 0.12084951
v -0.07881092 0.04212554 0.12173761
v -0.07867987 0.04184197 0.12074691
v -0.07902443 0.04192520 0.12172771
v -0.07899607 0.04195594 0.12172921
v -0.07911908 0.04169160 0.12172040
v -0.07910649 0.04175709 0.12172161
v -0.07870797 0.04175746 0.12073381
v -0.07910209 0.04177994 0.12172201
v -0.07906817 0.04185808 0.12172481
v -0.07843171 0.04175738 0.12018880
v -0.07843328 0.04175252 0.12018870
v -0.07844188 0.04170504 0.12018780
v -0.07844384 0.04166942 0.12018760
v -0.07911979 0.04166942 0.12172030
v -0.07871791 0.04166942 0.12072911
v -0.07863579 0.04166942 0.12056691
v -0.07841883 0.04179735 0.12019001
v -0.07839473 0.04184042 0.12019160
v -0.07836032 0.04190190 0.12019401
v -0.07831254 0.04195664 0.12019600
v -0.07828704 0.04198585 0.12019710
v -0.07812207 0.04211832 0.12020051
v -0.07776683 0.04231070 0.12020090
v -0.07592379 0.04282873 0.12017840
v -0.07676963 0.04263248 0.12019031
v -0.07681025 0.04263988 0.12023460
v -0.07688620 0.04260544 0.12019191
v -0.07702132 0.04257408 0.12019381
v -0.07768177 0.04234075 0.12020011
v -0.07732260 0.04272101 0.12177270
v -0.07526556 0.04311275 0.12181110
v -0.07481523 0.04300688 0.12016080
v -0.07089569 0.04329800 0.12006110
v -0.07089822 0.04329801 0.12006190
v -0.07095282 0.04329828 0.12007901
v -0.07109275 0.04329601 0.12009801
v -0.07053091 0.04326415 0.11968091
v -0.07059037 0.04327790 0.11981051
v -0.07000714 0.04343018 0.12136571
v -0.07051567 0.04325773 0.11962411
v -0.07050199 0.04324252 0.11949640
v -0.07023925 0.04321652 0.11925621
v -0.07050203 0.04321549 0.11929161
v -0.07062353 0.04328268 0.11985921
v -0.07072179 0.04329175 0.11996161
v -0.07076968 0.04329444 0.11999711
v -0.07109347 0.04297393 0.11787250
v -0.07098268 0.04298058 0.11788491
v -0.07042496 0.04293423 0.11756840
v -0.07092154 0.04298584 0.11790091
v -0.07079254 0.04300120 0.11795971
v -0.07074055 0.04300934 0.11799501
v -0.07063758 0.04303033 0.11809460
v -0.07060128 0.04304007 0.11814421
v -0.07053705 0.04306400 0.11827340
v -0.07051950 0.04307428 0.11833201
v -0.07050219 0.04309820 0.11847551
v -0.07050209 0.04317509 0.11898540
v -0.07252079 0.04288049 0.11784630
v -0.07265353 0.04286494 0.11784370
v -0.07394018 0.04271425 0.11781871
v -0.07562349 0.04233044 0.11777791
v -0.07586229 0.04211511 0.11748381
v -0.07603308 0.04218727 0.11776461
v -0.07616783 0.04210882 0.11775731
v -0.07596833 0.04195771 0.11735641
v -0.07640491 0.04195703 0.11774311
v -0.07635904 0.04199749 0.11774691
v -0.07652777 0.04180146 0.11772980
v -0.07650032 0.04185035 0.11773350
v -0.07601680 0.04184197 0.11729811
v -0.07643332 0.04193197 0.11774080
v -0.07604367 0.04166942 0.11726581
v -0.07655832 0.04166942 0.11772490
v -0.07655793 0.04168459 0.11772500
v -0.06266309 0.04173363 0.11772641
v -0.06265590 0.04166942 0.11772510
v -0.06267068 0.04175720 0.11772761
v -0.06268090 0.04178894 0.11772921
v -0.06377700 0.04184197 0.11685081
v -0.06270626 0.04183827 0.11773270
v -0.06382107 0.04195771 0.11691240
v -0.06297151 0.04207769 0.11775480
v -0.06281359 0.04195461 0.11774321
v -0.06276980 0.04192049 0.11774000
v -0.06466204 0.04260982 0.11780581
v -0.06444715 0.04255526 0.11780031
v -0.06413951 0.04234570 0.11735750
v -0.06360428 0.04234124 0.11777900
v -0.06350544 0.04231615 0.11777650
v -0.06637960 0.04285084 0.11784060
v -0.06590018 0.04278356 0.11783091
v -0.06565818 0.04263988 0.11731901
v -0.06485289 0.04263660 0.11780961
v -0.06531053 0.04234570 0.11664280
v -0.06681863 0.04263988 0.11682590
v -0.06715123 0.04290557 0.11785490
v -0.06830384 0.04298789 0.11790970
v -0.06829721 0.04298725 0.11790761
v -0.06824923 0.04293423 0.11764791
v -0.06824623 0.04298239 0.11789161
v -0.06810649 0.04297334 0.11787250
v -0.06753717 0.04293295 0.11786201
v -0.06803850 0.04263988 0.11650701
v -0.06869789 0.04317478 0.11898540
v -0.06869780 0.04309787 0.11847551
v -0.06933419 0.04293423 0.11752851
v -0.06868463 0.04307707 0.11835031
v -0.06866935 0.04306703 0.11829251
v -0.06860936 0.04304293 0.11816101
v -0.06857675 0.04303360 0.11811300
v -0.06847728 0.04301204 0.11800911
v -0.06843071 0.04300423 0.11797451
v -0.06894316 0.04343018 0.12140461
v -0.06863777 0.04327111 0.11974940
v -0.06947372 0.04343018 0.12134630
v -0.06866392 0.04326554 0.11969620
v -0.06868103 0.04325907 0.11963840
v -0.06841355 0.04329481 0.12000790
v -0.06846405 0.04329228 0.11997281
v -0.06828559 0.04329776 0.12006771
v -0.06822715 0.04329777 0.12008381
v -0.06842673 0.04343018 0.12153960
v -0.06810723 0.04329554 0.12009801
v -0.06856518 0.04328372 0.11987371
v -0.06860119 0.04327891 0.11982390
v -0.06611566 0.04318553 0.12013201
v -0.06559655 0.04321652 0.12084000
v -0.06487397 0.04305388 0.12015261
v -0.06429388 0.04299238 0.12016231
v -0.06503360 0.04321652 0.12146831
v -0.06335016 0.04283983 0.12017721
v -0.06308737 0.04293423 0.12134090
v -0.06109115 0.04211137 0.12019980
v -0.06047397 0.04211511 0.12150680
v -0.06031913 0.04195771 0.12144761
v -0.06090308 0.04195593 0.12019571
v -0.06105397 0.04209105 0.12019971
v -0.06107991 0.04211511 0.12021421
v -0.06105136 0.04208963 0.12019971
v -0.06094916 0.04200645 0.12019751
v -0.06078396 0.04175725 0.12018860
v -0.06078644 0.04177061 0.12018891
v -0.06024838 0.04184197 0.12142051
v -0.06081685 0.04184270 0.12019140
v -0.06085638 0.04190472 0.12019391
v -0.06011008 0.04177274 0.12172211
v -0.06010711 0.04175723 0.12172181
v -0.06021939 0.04175746 0.12140951
v -0.06009584 0.04169836 0.12172071
v -0.06077079 0.04166942 0.12018731
v -0.06077143 0.04168969 0.12018741
v -0.06059492 0.04166942 0.12056881
v -0.06020913 0.04166942 0.12140551
v -0.06009461 0.04166942 0.12172060
v -0.06013678 0.04184001 0.12172430
v -0.06021013 0.04195057 0.12172921
v -0.06021701 0.04195689 0.12172951
v -0.06039076 0.04211631 0.12173730
v -0.06112261 0.04247786 0.12175690
v -0.06083027 0.04234570 0.12164310
v -0.06103034 0.04244731 0.12175500
v -0.06080146 0.04232886 0.12174871
v -0.06285858 0.04293119 0.12179130
v -0.06267696 0.04289957 0.12178791
v -0.06170074 0.04266934 0.12176910
v -0.06160069 0.04263621 0.12176700
v -0.06482804 0.04320693 0.12182711
v -0.06387165 0.04309553 0.12180990
v -0.06366230 0.04307115 0.12180610
v -0.06792578 0.04328591 0.12010110
v -0.06793548 0.04343018 0.12174840
v -0.06705260 0.04323955 0.12011600
v -0.06783943 0.04342881 0.12188051
v -0.06723307 0.04339381 0.12186980
v -0.06641262 0.04334644 0.12185531
v -0.06564572 0.04330216 0.12184180
v -0.06548211 0.04328311 0.12183880
v -0.06869826 0.04351350 0.12299691
v -0.06869825 0.04349129 0.12248651
v -0.06857872 0.04347022 0.12212671
v -0.06861225 0.04347365 0.12217660
v -0.06867068 0.04348172 0.12230651
v -0.06848054 0.04346224 0.12202350
v -0.06843252 0.04345904 0.12198761
v -0.06830580 0.04345206 0.12192261
v -0.06824842 0.04344946 0.12190461
v -0.06810752 0.04344429 0.12188531
v -0.06798295 0.04343709 0.12188311
v -0.06868960 0.04353312 0.12360760
v -0.06869828 0.04353049 0.12350580
v -0.06869828 0.04352750 0.12340401
v -0.06869828 0.04352103 0.12321580
v -0.06837961 0.04353639 0.12403650
v -0.06849630 0.04353743 0.12395531
v -0.06853929 0.04353747 0.12391311
v -0.06862255 0.04353659 0.12379790
v -0.06818756 0.04353270 0.12410010
v -0.06840358 0.04354140 0.12432451
v -0.06810763 0.04353060 0.12410691
v -0.06793666 0.04352194 0.12410981
v -0.06606575 0.04342714 0.12414241
v -0.06603853 0.04343018 0.12420501
v -0.06588607 0.04341804 0.12414551
v -0.06572541 0.04340132 0.12414831
v -0.06367274 0.04318783 0.12418390
v -0.06384416 0.04321652 0.12457821
v -0.06257503 0.04301285 0.12420280
v -0.06215069 0.04293423 0.12445431
v -0.06217503 0.04292584 0.12420961
v -0.06023529 0.04234570 0.12431411
v -0.06041416 0.04242448 0.12423900
v -0.06099358 0.04263988 0.12436960
v -0.06101181 0.04262043 0.12422921
v -0.06148659 0.04277610 0.12422140
v -0.05978536 0.04205503 0.12424760
v -0.05985908 0.04211351 0.12424681
v -0.05985484 0.04211511 0.12428621
v -0.05990465 0.04214966 0.12424631
v -0.06024710 0.04233437 0.12424141
v -0.05967677 0.04193938 0.12424840
v -0.05968950 0.04195771 0.12427411
v -0.05962964 0.04186891 0.12424850
v -0.05961395 0.04184197 0.12426861
v -0.05961721 0.04184118 0.12424850
v -0.05959277 0.04178664 0.12424850
v -0.05958300 0.04175746 0.12426630
v -0.05958686 0.04175696 0.12424840
v -0.05957411 0.04169298 0.12424840
v -0.05957204 0.04166942 0.12426551
v -0.05957331 0.04166942 0.12424840
v -0.05958224 0.04174865 0.12575161
v -0.05958300 0.04175746 0.12573371
v -0.05958524 0.04175714 0.12575161
v -0.05961395 0.04184197 0.12573141
v -0.05961495 0.04184098 0.12575151
v -0.05966223 0.04191983 0.12575151
v -0.05968950 0.04195771 0.12572590
v -0.05969411 0.04195532 0.12575181
v -0.05977608 0.04204658 0.12575230
v -0.05985484 0.04211511 0.12571380
v -0.05986219 0.04210914 0.12575341
v -0.06003347 0.04223361 0.12575541
v -0.06023529 0.04234570 0.12568590
v -0.06024793 0.04233050 0.12575870
v -0.06072339 0.04254531 0.12576600
v -0.06099358 0.04263988 0.12563041
v -0.06100756 0.04263209 0.12577070
v -0.06143806 0.04276354 0.12577781
v -0.06215069 0.04293423 0.12554581
v -0.06217421 0.04292877 0.12579040
v -0.06384416 0.04321652 0.12542180
v -0.06370046 0.04319163 0.12581660
v -0.06241093 0.04298191 0.12579441
v -0.06596081 0.04343018 0.12526691
v -0.06499666 0.04334180 0.12583900
v -0.06388865 0.04321344 0.12581981
v -0.06825998 0.04354140 0.12530011
v -0.06706919 0.04347873 0.12587511
v -0.06603853 0.04343018 0.12579500
v -0.06609410 0.04341431 0.12585811
v -0.06544031 0.04337112 0.12584671
v -0.06834481 0.04353588 0.12594641
v -0.06820927 0.04353322 0.12590361
v -0.06836676 0.04353619 0.12595771
v -0.06759877 0.04351372 0.12588431
v -0.06800297 0.04352713 0.12589130
v -0.06810763 0.04353060 0.12589310
v -0.06863263 0.04353634 0.12622101
v -0.06855355 0.04353742 0.12610290
v -0.06851210 0.04353747 0.12605920
v -0.06839838 0.04353664 0.12597401
v -0.06869294 0.04353260 0.12641411
v -0.06866739 0.04353467 0.12631521
v -0.06880411 0.04354140 0.12612260
v -0.06865726 0.04353549 0.12627591
v -0.06869826 0.04351303 0.12701530
v -0.06869828 0.04352041 0.12679500
v -0.06897612 0.04354140 0.12622751
v -0.06869828 0.04353049 0.12649421
v -0.06793548 0.04343018 0.12825161
v -0.06798666 0.04343784 0.12811681
v -0.06842673 0.04343018 0.12846041
v -0.06810752 0.04344429 0.12811471
v -0.06818850 0.04344705 0.12810781
v -0.06832608 0.04345306 0.12806940
v -0.06838076 0.04345597 0.12804360
v -0.06849746 0.04346346 0.12796200
v -0.06854036 0.04346681 0.12791961
v -0.06862345 0.04347494 0.12780391
v -0.06864985 0.04347836 0.12774981
v -0.06868994 0.04348620 0.12761310
v -0.06869825 0.04349129 0.12751350
v -0.06869825 0.04349604 0.12741391
v -0.06782332 0.04342913 0.12811971
v -0.06707318 0.04324601 0.12988430
v -0.06726387 0.04339928 0.12812960
v -0.06559655 0.04321652 0.12916001
v -0.06541080 0.04326808 0.12816251
v -0.06602042 0.04333294 0.12815160
v -0.06648011 0.04335746 0.12814350
v -0.06483748 0.04320707 0.12817281
v -0.06503360 0.04321652 0.12853170
v -0.06394174 0.04311176 0.12818880
v -0.06368962 0.04293423 0.12956940
v -0.06392280 0.04310870 0.12818911
v -0.06308737 0.04293423 0.12865911
v -0.06291084 0.04294490 0.12820771
v -0.06207561 0.04263988 0.12922701
v -0.06188834 0.04272012 0.12822710
v -0.06285582 0.04293280 0.12820870
v -0.06047397 0.04211511 0.12849320
v -0.06079487 0.04233915 0.12825101
v -0.06083027 0.04234570 0.12835691
v -0.06088097 0.04238616 0.12824851
v -0.06110871 0.04246166 0.12824370
v -0.06031913 0.04195771 0.12855240
v -0.06029108 0.04203490 0.12826681
v -0.06040276 0.04212503 0.12826221
v -0.06024838 0.04184197 0.12857950
v -0.06018971 0.04192485 0.12827201
v -0.06021834 0.04195593 0.12827050
v -0.06009533 0.04169156 0.12827930
v -0.06010790 0.04175709 0.12827820
v -0.06021939 0.04175746 0.12859061
v -0.06011224 0.04177976 0.12827781
v -0.06014608 0.04185780 0.12827500
v -0.06078121 0.04175193 0.12981161
v -0.06077079 0.04166942 0.12981270
v -0.06059288 0.04166942 0.12942681
v -0.06009461 0.04166942 0.12827941
v -0.06020913 0.04166942 0.12859450
v -0.06078295 0.04175738 0.12981150
v -0.06079550 0.04179658 0.12981031
v -0.06081993 0.04184042 0.12980860
v -0.06085374 0.04190113 0.12980631
v -0.06090207 0.04195666 0.12980421
v -0.06092683 0.04198509 0.12980321
v -0.06144602 0.04230989 0.12979931
v -0.06141257 0.04234570 0.12959911
v -0.06153297 0.04234065 0.12980010
v -0.06219022 0.04257318 0.12980640
v -0.06244512 0.04263241 0.12981000
v -0.06328558 0.04282772 0.12982171
v -0.06335515 0.04283893 0.12982281
v -0.06392094 0.04293003 0.12983181
v -0.06439197 0.04300587 0.12983930
v -0.06486747 0.04305250 0.12984731
v -0.06606874 0.04317031 0.12986730
v -0.06810723 0.04329554 0.12990200
v -0.06792833 0.04328697 0.12989901
v -0.06847818 0.04329140 0.13003841
v -0.06894316 0.04343018 0.12859540
v -0.06857644 0.04328235 0.13014080
v -0.06860961 0.04327758 0.13018951
v -0.06843029 0.04329407 0.13000291
v -0.06830429 0.04329759 0.12993891
v -0.06824717 0.04329785 0.12992101
v -0.06869799 0.04324222 0.13050361
v -0.06868431 0.04325744 0.13037591
v -0.06947372 0.04343018 0.12865371
v -0.06866906 0.04326385 0.13031911
v -0.06863774 0.04327108 0.13025080
v -0.06840742 0.04300074 0.13204030
v -0.06933419 0.04293423 0.13247150
v -0.06845940 0.04300891 0.13200501
v -0.06856238 0.04302994 0.13190540
v -0.06859868 0.04303970 0.13185581
v -0.06866292 0.04306365 0.13172660
v -0.06868046 0.04307394 0.13166790
v -0.06869780 0.04309787 0.13152451
v -0.06821725 0.04298003 0.13211510
v -0.06668280 0.04287957 0.13215371
v -0.06715844 0.04291090 0.13214490
v -0.06681863 0.04263988 0.13317411
v -0.06749987 0.04293338 0.13213871
v -0.06526703 0.04271321 0.13218120
v -0.06590367 0.04278802 0.13216880
v -0.06565818 0.04263988 0.13268101
v -0.06486618 0.04263127 0.13219031
v -0.06531053 0.04234570 0.13335720
v -0.06391754 0.04211511 0.13295270
v -0.06317955 0.04218654 0.13223521
v -0.06360911 0.04233697 0.13222121
v -0.06382107 0.04195771 0.13308761
v -0.06285448 0.04199694 0.13225291
v -0.06304634 0.04210885 0.13224250
v -0.06377700 0.04184197 0.13314921
v -0.06278044 0.04193150 0.13225901
v -0.06280932 0.04195702 0.13225661
v -0.06375894 0.04175746 0.13317440
v -0.06268632 0.04180116 0.13227001
v -0.06271367 0.04184998 0.13226630
v -0.06375255 0.04166942 0.13318340
v -0.06367156 0.04166942 0.13311631
v -0.06265590 0.04166942 0.13227491
v -0.06265631 0.04168455 0.13227480
v -0.06266600 0.04174548 0.13227311
v -0.06267030 0.04175726 0.13227251
v -0.06975821 0.04354140 0.12637201
v -0.06823064 0.04354140 0.12510081
v -0.06389062 0.04321049 0.12418011
v -0.06868582 0.04348501 0.12236490
v -0.06975821 0.04354140 0.12362800
v -0.07151361 0.04351716 0.12411420
v -0.07160147 0.04351427 0.12411571
v -0.07067673 0.04211511 0.11528020
v -0.07063501 0.04234570 0.11565941
v -0.07055185 0.04263988 0.11641511
v -0.06160649 0.04262668 0.12823310
v -0.06924406 0.04195771 0.11506241
v -0.06925013 0.04211511 0.11522800
v -0.06926406 0.04234570 0.11560930
v -0.06929182 0.04263988 0.11636911
v -0.06778724 0.04184197 0.11514670
v -0.06780101 0.04195771 0.11522111
v -0.06783111 0.04211511 0.11538421
v -0.06790040 0.04234570 0.11575931
v -0.06637198 0.04184197 0.11551671
v -0.06639643 0.04195771 0.11558841
v -0.06644996 0.04211511 0.11574531
v -0.06657313 0.04234570 0.11610631
v -0.07328247 0.04234570 0.13364850
v -0.07343167 0.04211511 0.13399961
v -0.07478762 0.04195771 0.13348841
v -0.07349649 0.04195771 0.13415221
v -0.07482708 0.04184197 0.13355300
v -0.07352613 0.04184197 0.13422190
v -0.07484325 0.04175746 0.13357950
v -0.07353826 0.04175746 0.13425051
v -0.07055185 0.04263988 0.13358491
v -0.07198407 0.04234570 0.13409151
v -0.07063501 0.04234570 0.13434061
v -0.07208055 0.04211511 0.13446050
v -0.07067673 0.04211511 0.13471981
v -0.07212249 0.04195771 0.13462090
v -0.07069487 0.04195771 0.13488460
v -0.07214164 0.04184197 0.13469421
v -0.07070314 0.04184197 0.13495991
v -0.07214949 0.04175746 0.13472420
v -0.07070655 0.04175746 0.13499081
v -0.06929182 0.04263988 0.13363091
v -0.06803850 0.04263988 0.13349300
v -0.06926406 0.04234570 0.13439080
v -0.06790040 0.04234570 0.13424071
v -0.06925013 0.04211511 0.13477201
v -0.06783111 0.04211511 0.13461581
v -0.06924406 0.04195771 0.13493761
v -0.06780101 0.04195771 0.13477891
v -0.06924131 0.04184197 0.13501331
v -0.06778724 0.04184197 0.13485331
v -0.06924016 0.04175746 0.13504441
v -0.06778160 0.04175746 0.13488390
v -0.06657313 0.04234570 0.13389371
v -0.06644996 0.04211511 0.13425481
v -0.06513611 0.04211511 0.13369640
v -0.06639643 0.04195771 0.13441161
v -0.06506031 0.04195771 0.13384391
v -0.06637198 0.04184197 0.13448331
v -0.06502568 0.04184197 0.13391120
v -0.06636196 0.04175746 0.13451270
v -0.06501149 0.04175746 0.13393880
v -0.07484325 0.04175746 0.11642051
v -0.07553173 0.04166942 0.13310041
v -0.07604367 0.04166942 0.13273421
v -0.07655832 0.04166942 0.13227511
v -0.07484897 0.04166942 0.13358890
v -0.07434101 0.04166942 0.13385001
v -0.07354256 0.04166942 0.13426061
v -0.07305716 0.04166942 0.13442620
v -0.07215229 0.04166942 0.13473490
v -0.07170526 0.04166942 0.13481740
v -0.07070774 0.04166942 0.13500170
v -0.07031170 0.04166942 0.13501621
v -0.06923976 0.04166942 0.13505530
v -0.06890374 0.04166942 0.13501841
v -0.06777961 0.04166942 0.13489471
v -0.06750891 0.04166942 0.13482390
v -0.06810649 0.04297334 0.13212751
v -0.06635842 0.04166942 0.13452311
v -0.06615451 0.04166942 0.13443650
v -0.06500645 0.04166942 0.13394860
v -0.06486702 0.04166942 0.13386350
v -0.05957204 0.04166942 0.12500001
v -0.05957204 0.04166942 0.12573450
v -0.05957331 0.04166942 0.12575161
v -0.06513611 0.04211511 0.11630360
v -0.06506031 0.04195771 0.11615610
v -0.06502568 0.04184197 0.11608880
v -0.07328247 0.04234570 0.11635151
v -0.07208055 0.04211511 0.11553950
v -0.07069487 0.04195771 0.11511541
v -0.06924131 0.04184197 0.11498671
v -0.07070314 0.04184197 0.11504011
v -0.07212249 0.04195771 0.11537910
v -0.07343167 0.04211511 0.11600040
v -0.07450254 0.04234570 0.11697880
v -0.07534542 0.04242764 0.11778691
v -0.07214164 0.04184197 0.11530581
v -0.07349649 0.04195771 0.11584781
v -0.07470125 0.04211511 0.11665320
v -0.07560496 0.04233692 0.11777851
v -0.07478762 0.04195771 0.11651160
v -0.07352613 0.04184197 0.11577810
v -0.07482708 0.04184197 0.11644700
v -0.07434101 0.04166942 0.11615001
v -0.07484897 0.04166942 0.11641111
v -0.07553173 0.04166942 0.11689960
v -0.07030484 0.02629993 0.13492881
v -0.07062700 0.02629993 0.13488331
v -0.07062928 0.02560290 0.13489600
v -0.06164609 0.02560290 0.13097391
v -0.06192800 0.02560777 0.13133211
v -0.06172929 0.02560290 0.13108321
v -0.06222601 0.02561292 0.13167721
v -0.06269896 0.02560290 0.13216541
v -0.06239708 0.02564526 0.13186150
v -0.06245738 0.02567088 0.13192431
v -0.06260419 0.02577064 0.13207281
v -0.06264167 0.02580726 0.13210970
v -0.06298295 0.02560290 0.13240171
v -0.06273086 0.02592651 0.13219601
v -0.06274599 0.02595413 0.13221041
v -0.06278995 0.02606484 0.13225201
v -0.06280287 0.02611999 0.13226411
v -0.06297677 0.02629993 0.13240911
v -0.06281227 0.02622296 0.13227291
v -0.06281227 0.02629993 0.13227291
v -0.07641149 0.02611903 0.13226421
v -0.07621899 0.02629993 0.13242461
v -0.07640194 0.02622271 0.13227320
v -0.07640194 0.02629993 0.13227320
v -0.07647831 0.02593514 0.13220110
v -0.07621326 0.02560290 0.13241991
v -0.07645929 0.02597199 0.13221920
v -0.07642121 0.02607579 0.13225510
v -0.07655587 0.02582538 0.13212630
v -0.07621326 0.02560290 0.13241991
v -0.07664048 0.02574456 0.13204281
v -0.07678189 0.02565905 0.13189861
v -0.07681758 0.02564486 0.13186130
v -0.07698825 0.02561267 0.13167740
v -0.07702015 0.02560290 0.13164200
v -0.07727864 0.02560765 0.13134171
v -0.07755378 0.02560290 0.13099331
v -0.07597406 0.02560290 0.13265050
v -0.07479229 0.02560290 0.13349601
v -0.07453839 0.02629993 0.13362781
v -0.07453911 0.02560290 0.13362621
v -0.07430136 0.02629993 0.13377680
v -0.07548281 0.02629993 0.13303400
v -0.07264585 0.02560290 0.13445180
v -0.07264840 0.02629993 0.13445641
v -0.07302764 0.02629993 0.13434711
v -0.07350000 0.02560290 0.13416041
v -0.07168669 0.02629993 0.13473360
v -0.07212475 0.02560290 0.13462960
v -0.07069584 0.02560290 0.13489350
v -0.06890929 0.02629993 0.13492870
v -0.06924373 0.02560290 0.13494660
v -0.06856340 0.02629993 0.13487990
v -0.06856373 0.02560290 0.13487180
v -0.06752745 0.02629993 0.13473351
v -0.06779937 0.02560290 0.13478771
v -0.06654272 0.02629993 0.13444961
v -0.06653994 0.02560290 0.13445841
v -0.06639354 0.02560290 0.13442011
v -0.06618650 0.02629993 0.13434701
v -0.06505620 0.02560290 0.13385181
v -0.06381586 0.02560290 0.13309490
v -0.06373139 0.02629993 0.13303380
v -0.06465866 0.02560290 0.13360921
v -0.06465549 0.02629993 0.13361481
v -0.06491281 0.02629993 0.13377660
v -0.07861544 0.03894958 0.12942861
v -0.07840995 0.03894998 0.12981310
v -0.07842659 0.03914003 0.12981281
v -0.07863713 0.04059254 0.12943931
v -0.07844436 0.04036011 0.12981240
v -0.07844427 0.04059254 0.12981240
v -0.07832364 0.03796424 0.12981481
v -0.07849137 0.03748500 0.12936761
v -0.07825347 0.03748532 0.12981611
v -0.07823778 0.03580782 0.12924291
v -0.07793653 0.03584636 0.12982261
v -0.07822179 0.03726917 0.12981681
v -0.07786699 0.03378579 0.12906060
v -0.07749728 0.03403022 0.12983231
v -0.07792721 0.03580788 0.12982281
v -0.07712272 0.03210375 0.12984141
v -0.07714029 0.03221076 0.12984101
v -0.07764070 0.03221113 0.12894941
v -0.07726635 0.03297967 0.12983781
v -0.07744342 0.03378517 0.12983350
v -0.07704834 0.03125147 0.12984341
v -0.07757209 0.03114430 0.12891570
v -0.07704903 0.03114432 0.12984341
v -0.07705381 0.03041518 0.12984321
v -0.07760920 0.02994683 0.12893391
v -0.07709737 0.02994701 0.12984211
v -0.07778820 0.02872812 0.12902190
v -0.07726770 0.02898785 0.12983741
v -0.07710583 0.02985606 0.12984180
v -0.07807563 0.02762700 0.12916320
v -0.07753006 0.02811163 0.12983031
v -0.07734481 0.02873024 0.12983530
v -0.07865066 0.02629993 0.12912540
v -0.07853943 0.02629993 0.12939121
v -0.07832022 0.02629993 0.12981161
v -0.07806303 0.02685692 0.12981710
v -0.07790655 0.02719471 0.12982061
v -0.07772758 0.02763057 0.12982520
v -0.07900521 0.02629993 0.12827801
v -0.07846682 0.02762978 0.12826861
v -0.07900595 0.02630000 0.12827581
v -0.07812256 0.02872881 0.12826461
v -0.07814101 0.02863960 0.12826481
v -0.07839107 0.02781659 0.12826760
v -0.07796553 0.02948826 0.12826301
v -0.07792746 0.02994841 0.12826261
v -0.07785846 0.03078270 0.12826191
v -0.07787767 0.03114355 0.12826211
v -0.07792727 0.03207476 0.12826261
v -0.07794668 0.03221070 0.12826281
v -0.07805035 0.03293637 0.12826401
v -0.07821646 0.03378502 0.12826621
v -0.07864409 0.03580881 0.12827221
v -0.07860859 0.03560860 0.12827170
v -0.07827465 0.03408224 0.12826691
v -0.07909101 0.03894965 0.12827921
v -0.07908879 0.03885414 0.12827921
v -0.07897355 0.03766672 0.12827730
v -0.07894152 0.03748614 0.12827680
v -0.07912054 0.04021439 0.12827970
v -0.07912036 0.04059254 0.12827970
v -0.07564293 0.02763037 0.13225980
v -0.07640696 0.02630056 0.13226810
v -0.07640194 0.02629993 0.13227320
v -0.07621899 0.02629993 0.13242461
v -0.07517772 0.02762700 0.13261681
v -0.07553186 0.02782367 0.13225861
v -0.07514087 0.02873108 0.13225571
v -0.07498864 0.02872812 0.13235831
v -0.07491324 0.02943864 0.13225400
v -0.07504744 0.02894794 0.13225501
v -0.07390657 0.02872812 0.13303861
v -0.07381250 0.02994683 0.13286271
v -0.07483403 0.02972831 0.13225341
v -0.07481031 0.02994748 0.13225330
v -0.07471783 0.03080202 0.13225260
v -0.07379300 0.03114430 0.13282630
v -0.07473278 0.03114415 0.13225271
v -0.07382907 0.03221113 0.13289371
v -0.07485421 0.03221100 0.13225370
v -0.07484904 0.03219068 0.13225370
v -0.07474845 0.03150309 0.13225291
v -0.07602591 0.03622107 0.13226731
v -0.07589746 0.03580815 0.13226571
v -0.07528437 0.03580782 0.13276261
v -0.07526805 0.03378497 0.13225800
v -0.07504046 0.03378579 0.13242910
v -0.07519188 0.03354016 0.13225701
v -0.07491368 0.03244508 0.13225431
v -0.07627517 0.03723926 0.13227080
v -0.07545119 0.03748500 0.13299071
v -0.07631768 0.03748556 0.13227151
v -0.07645295 0.03826928 0.13227350
v -0.07553279 0.03894958 0.13310230
v -0.07651375 0.03895002 0.13227441
v -0.07654612 0.03931231 0.13227491
v -0.07554706 0.04059254 0.13312180
v -0.07655896 0.04036448 0.13227511
v -0.07655886 0.04059254 0.13227511
v -0.06368140 0.03894958 0.13310210
v -0.06268231 0.03906099 0.13227441
v -0.06366713 0.04059254 0.13312160
v -0.06265499 0.04026472 0.13227491
v -0.06265520 0.04059254 0.13227491
v -0.06376301 0.03748500 0.13299050
v -0.06281330 0.03791352 0.13227251
v -0.06269499 0.03894984 0.13227431
v -0.06342322 0.03542233 0.13226391
v -0.06331551 0.03580864 0.13226531
v -0.06392983 0.03580782 0.13276250
v -0.06303543 0.03681325 0.13226920
v -0.06289963 0.03748590 0.13227120
v -0.06417376 0.03378579 0.13242890
v -0.06430124 0.03246492 0.13225400
v -0.06420308 0.03290130 0.13225490
v -0.06397261 0.03370293 0.13225730
v -0.06394621 0.03378562 0.13225761
v -0.06370228 0.03454975 0.13226041
v -0.06538515 0.03221113 0.13289361
v -0.06435839 0.03221089 0.13225350
v -0.06526623 0.03378579 0.13311591
v -0.06542122 0.03114430 0.13282610
v -0.06448445 0.03114422 0.13225251
v -0.06447605 0.03138794 0.13225251
v -0.06437584 0.03213329 0.13225341
v -0.06540171 0.02994683 0.13286260
v -0.06441378 0.02994736 0.13225301
v -0.06444047 0.03007703 0.13225281
v -0.06449630 0.03080138 0.13225240
v -0.06406636 0.02867191 0.13225541
v -0.06408496 0.02872853 0.13225530
v -0.06422560 0.02872812 0.13235810
v -0.06429335 0.02936261 0.13225381
v -0.06430178 0.02940353 0.13225370
v -0.06368501 0.02782888 0.13225841
v -0.06403650 0.02762700 0.13261660
v -0.06357144 0.02762957 0.13225951
v -0.06281227 0.02629993 0.13227291
v -0.06280725 0.02630056 0.13226790
v -0.06307113 0.02675521 0.13226450
v -0.06313824 0.02686935 0.13226371
v -0.06373139 0.02629993 0.13303380
v -0.06297677 0.02629993 0.13240911
v -0.07435271 0.04059254 0.13387281
v -0.07306505 0.04059254 0.13444930
v -0.07170943 0.04059254 0.13484011
v -0.07031247 0.04059254 0.13503741
v -0.06890165 0.04059254 0.13503730
v -0.06750471 0.04059254 0.13484000
v -0.06614910 0.04059254 0.13444921
v -0.06486146 0.04059254 0.13387261
v -0.07394797 0.03378579 0.13311600
v -0.07414284 0.03580782 0.13348040
v -0.07427611 0.03748500 0.13372961
v -0.07434130 0.03894958 0.13385151
v -0.06507135 0.03580782 0.13348020
v -0.06493808 0.03748500 0.13372941
v -0.06487287 0.03894958 0.13385131
v -0.07405764 0.02762700 0.13332111
v -0.07305675 0.03894958 0.13442661
v -0.07300924 0.03748500 0.13429681
v -0.07291214 0.03580782 0.13403141
v -0.07277015 0.03378579 0.13364341
v -0.07268351 0.03221113 0.13340661
v -0.07265721 0.03114430 0.13333480
v -0.07267144 0.02994683 0.13337360
v -0.07273997 0.02872812 0.13356090
v -0.07285006 0.02762700 0.13386170
v -0.07170439 0.03894958 0.13481641
v -0.07031079 0.03894958 0.13501331
v -0.07167549 0.03748500 0.13468120
v -0.07030109 0.03748500 0.13487531
v -0.07161647 0.03580782 0.13440491
v -0.07028128 0.03580782 0.13459351
v -0.07153015 0.03378579 0.13400080
v -0.07025232 0.03378579 0.13418131
v -0.07147747 0.03221113 0.13375420
v -0.07023465 0.03221113 0.13392980
v -0.07146148 0.03114430 0.13367940
v -0.07022930 0.03114430 0.13385351
v -0.07147013 0.02994683 0.13371990
v -0.07023220 0.02994683 0.13389471
v -0.07151179 0.02872812 0.13391491
v -0.07024617 0.02872812 0.13409371
v -0.07157872 0.02762700 0.13422820
v -0.07026863 0.02762700 0.13441320
v -0.06890335 0.03894958 0.13501321
v -0.06891304 0.03748500 0.13487531
v -0.06893286 0.03580782 0.13459341
v -0.06896183 0.03378579 0.13418131
v -0.06897951 0.03221113 0.13392971
v -0.06898487 0.03114430 0.13385351
v -0.06898198 0.02994683 0.13389471
v -0.06896799 0.02872812 0.13409371
v -0.06894554 0.02762700 0.13441320
v -0.06750976 0.03894958 0.13481631
v -0.06615741 0.03894958 0.13442650
v -0.06753865 0.03748500 0.13468111
v -0.06620491 0.03748500 0.13429671
v -0.06759769 0.03580782 0.13440481
v -0.06630204 0.03580782 0.13403130
v -0.06768402 0.03378579 0.13400071
v -0.06644403 0.03378579 0.13364330
v -0.06773672 0.03221113 0.13375420
v -0.06653070 0.03221113 0.13340650
v -0.06775270 0.03114430 0.13367940
v -0.06655697 0.03114430 0.13333471
v -0.06774406 0.02994683 0.13371981
v -0.06654277 0.02994683 0.13337351
v -0.06770238 0.02872812 0.13391491
v -0.06647422 0.02872812 0.13356081
v -0.06763544 0.02762700 0.13422811
v -0.06636413 0.02762700 0.13386161
v -0.06530764 0.02872812 0.13303850
v -0.06515657 0.02762700 0.13332091
v -0.07548281 0.02629993 0.13303400
v -0.07453839 0.02629993 0.13362781
v -0.07430136 0.02629993 0.13377680
v -0.07302764 0.02629993 0.13434711
v -0.07264840 0.02629993 0.13445641
v -0.07161647 0.03580782 0.13440491
v -0.07168669 0.02629993 0.13473360
v -0.07062700 0.02629993 0.13488331
v -0.07030484 0.02629993 0.13492881
v -0.06890929 0.02629993 0.13492870
v -0.06856340 0.02629993 0.13487990
v -0.06752745 0.02629993 0.13473351
v -0.06654272 0.02629993 0.13444961
v -0.06618650 0.02629993 0.13434701
v -0.06491281 0.02629993 0.13377660
v -0.06465549 0.02629993 0.13361481
v -0.07724392 0.02908833 0.12016201
v -0.07735192 0.02873186 0.12016491
v -0.07779013 0.02872812 0.12098201
v -0.07816841 0.02853515 0.12173491
v -0.07812700 0.02872968 0.12173530
v -0.07792351 0.03204072 0.12173740
v -0.07794770 0.03221057 0.12173720
v -0.07764261 0.03221113 0.12105450
v -0.07863927 0.04059254 0.12056511
v -0.07909842 0.03902362 0.12172071
v -0.07912040 0.04029888 0.12172030
v -0.07912027 0.04059254 0.12172030
v -0.07909188 0.03894978 0.12172081
v -0.07861757 0.03894958 0.12057570
v -0.07898912 0.03778861 0.12172240
v -0.07849348 0.03748500 0.12063671
v -0.07894715 0.03748520 0.12172310
v -0.07891727 0.03726917 0.12172361
v -0.07823983 0.03580782 0.12076121
v -0.07864910 0.03580805 0.12172771
v -0.07863840 0.03574979 0.12172790
v -0.07786895 0.03378579 0.12094330
v -0.07824038 0.03392094 0.12173350
v -0.07805474 0.03296199 0.12173591
v -0.07821415 0.03378544 0.12173381
v -0.07786136 0.03114278 0.12173810
v -0.07757396 0.03114430 0.12108821
v -0.07787883 0.03026064 0.12173791
v -0.07761110 0.02994683 0.12106991
v -0.07791397 0.02994765 0.12173761
v -0.07796553 0.02948826 0.12173701
v -0.07845288 0.02764511 0.12173170
v -0.07807766 0.02762700 0.12084090
v -0.07846022 0.02762724 0.12173160
v -0.07900595 0.02630000 0.12172420
v -0.07897329 0.02637801 0.12172471
v -0.07900521 0.02629993 0.12172201
v -0.07865088 0.02629993 0.12087450
v -0.07772760 0.02763091 0.12017460
v -0.07806303 0.02685692 0.12018291
v -0.07854155 0.02629993 0.12061310
v -0.07832022 0.02629993 0.12018841
v -0.07758757 0.02795402 0.12017121
v -0.07710377 0.02987212 0.12015810
v -0.07709929 0.02994702 0.12015800
v -0.07704052 0.03092934 0.12015641
v -0.07705793 0.03114355 0.12015681
v -0.07714457 0.03221072 0.12015911
v -0.07715438 0.03233160 0.12015941
v -0.07811345 0.03667448 0.12018110
v -0.07791240 0.03580997 0.12017670
v -0.07753611 0.03419197 0.12016861
v -0.07745237 0.03378383 0.12016661
v -0.07824216 0.03748664 0.12018361
v -0.07844381 0.04059254 0.12018760
v -0.07844377 0.03977671 0.12018760
v -0.07839315 0.03895063 0.12018661
v -0.07834204 0.03811686 0.12018561
v -0.07435271 0.04059254 0.11612720
v -0.07306505 0.04059254 0.11555070
v -0.07170943 0.04059254 0.11515990
v -0.07031247 0.04059254 0.11496261
v -0.06890165 0.04059254 0.11496271
v -0.06750471 0.04059254 0.11516001
v -0.06614910 0.04059254 0.11555080
v -0.06486146 0.04059254 0.11612741
v -0.06366713 0.04059254 0.11687841
v -0.06420308 0.03290130 0.11774511
v -0.06430124 0.03246492 0.11774601
v -0.06417376 0.03378579 0.11757110
v -0.07655902 0.04059254 0.11772490
v -0.07554706 0.04059254 0.11687820
v -0.07553279 0.03894958 0.11689770
v -0.07653193 0.03906110 0.11772531
v -0.07655923 0.04026482 0.11772490
v -0.07545119 0.03748500 0.11700931
v -0.07640094 0.03791367 0.11772731
v -0.07651922 0.03894984 0.11772551
v -0.07579108 0.03542264 0.11773591
v -0.07589869 0.03580864 0.11773440
v -0.07528437 0.03580782 0.11723730
v -0.07617884 0.03681344 0.11773060
v -0.07631459 0.03748590 0.11772861
v -0.07504046 0.03378579 0.11757091
v -0.07491304 0.03246548 0.11774570
v -0.07501113 0.03290149 0.11774480
v -0.07524163 0.03370314 0.11774241
v -0.07526796 0.03378562 0.11774211
v -0.07551200 0.03455001 0.11773941
v -0.07382907 0.03221113 0.11710631
v -0.07485575 0.03221089 0.11774621
v -0.07394797 0.03378579 0.11688401
v -0.07379300 0.03114430 0.11717370
v -0.07472967 0.03114422 0.11774730
v -0.07473810 0.03138809 0.11774721
v -0.07483834 0.03213345 0.11774640
v -0.07381250 0.02994683 0.11713730
v -0.07480040 0.02994736 0.11774681
v -0.07477359 0.03007771 0.11774701
v -0.07471783 0.03080202 0.11774740
v -0.07491249 0.02940275 0.11774601
v -0.07498864 0.02872812 0.11764171
v -0.07492060 0.02936333 0.11774591
v -0.07512916 0.02872852 0.11774441
v -0.07607476 0.02687141 0.11773610
v -0.07564280 0.02762959 0.11774031
v -0.07517772 0.02762700 0.11738321
v -0.07552853 0.02783014 0.11774141
v -0.07514743 0.02867294 0.11774431
v -0.06373139 0.02629993 0.11696621
v -0.06313824 0.02686935 0.11773630
v -0.06297677 0.02629993 0.11759090
v -0.06307113 0.02675521 0.11773550
v -0.06281227 0.02629993 0.11772710
v -0.06280725 0.02630056 0.11773211
v -0.06422560 0.02872812 0.11764190
v -0.06406636 0.02867191 0.11774450
v -0.06403650 0.02762700 0.11738341
v -0.06368501 0.02782888 0.11774161
v -0.06357144 0.02762957 0.11774051
v -0.06430178 0.02940353 0.11774621
v -0.06429335 0.02936261 0.11774621
v -0.06408496 0.02872853 0.11774470
v -0.06441378 0.02994736 0.11774701
v -0.06540171 0.02994683 0.11713740
v -0.06530764 0.02872812 0.11696151
v -0.06447605 0.03138794 0.11774750
v -0.06448445 0.03114422 0.11774750
v -0.06542122 0.03114430 0.11717390
v -0.06449630 0.03080138 0.11774760
v -0.06444047 0.03007703 0.11774721
v -0.06437584 0.03213329 0.11774660
v -0.06538515 0.03221113 0.11710641
v -0.06435839 0.03221089 0.11774650
v -0.06397261 0.03370293 0.11774270
v -0.06331551 0.03580864 0.11773471
v -0.06342322 0.03542233 0.11773610
v -0.06392983 0.03580782 0.11723761
v -0.06370228 0.03454975 0.11773961
v -0.06394621 0.03378562 0.11774241
v -0.06303543 0.03681325 0.11773080
v -0.06376301 0.03748500 0.11700950
v -0.06289963 0.03748590 0.11772880
v -0.06281330 0.03791352 0.11772751
v -0.06368140 0.03894958 0.11689791
v -0.06269499 0.03894984 0.11772571
v -0.06268231 0.03906099 0.11772551
v -0.06265499 0.04026472 0.11772510
v -0.06265520 0.04059254 0.11772510
v -0.06526623 0.03378579 0.11688411
v -0.06507135 0.03580782 0.11651980
v -0.06493808 0.03748500 0.11627060
v -0.06487287 0.03894958 0.11614870
v -0.07414284 0.03580782 0.11651961
v -0.07427611 0.03748500 0.11627041
v -0.07434130 0.03894958 0.11614850
v -0.06615741 0.03894958 0.11557351
v -0.06750976 0.03894958 0.11518371
v -0.06620491 0.03748500 0.11570331
v -0.06753865 0.03748500 0.11531891
v -0.06630204 0.03580782 0.11596870
v -0.06759769 0.03580782 0.11559521
v -0.06644403 0.03378579 0.11635670
v -0.06768402 0.03378579 0.11599930
v -0.06653070 0.03221113 0.11659350
v -0.06773672 0.03221113 0.11624580
v -0.06655697 0.03114430 0.11666530
v -0.06775270 0.03114430 0.11632061
v -0.06654277 0.02994683 0.11662651
v -0.06774406 0.02994683 0.11628020
v -0.06647422 0.02872812 0.11643921
v -0.06770238 0.02872812 0.11608510
v -0.06636413 0.02762700 0.11613840
v -0.06763544 0.02762700 0.11577190
v -0.07031079 0.03894958 0.11498681
v -0.07170439 0.03894958 0.11518361
v -0.07030109 0.03748500 0.11512471
v -0.07167549 0.03748500 0.11531881
v -0.07028128 0.03580782 0.11540651
v -0.07161647 0.03580782 0.11559511
v -0.07025232 0.03378579 0.11581871
v -0.07153015 0.03378579 0.11599920
v -0.07023465 0.03221113 0.11607020
v -0.07147747 0.03221113 0.11624580
v -0.07022930 0.03114430 0.11614651
v -0.07146148 0.03114430 0.11632061
v -0.07023220 0.02994683 0.11610531
v -0.07147013 0.02994683 0.11628010
v -0.07024617 0.02872812 0.11590631
v -0.07151179 0.02872812 0.11608510
v -0.07026863 0.02762700 0.11558681
v -0.07157872 0.02762700 0.11577180
v -0.07390657 0.02872812 0.11696141
v -0.07405764 0.02762700 0.11667891
v -0.06465549 0.02629993 0.11638521
v -0.06515657 0.02762700 0.11667911
v -0.06491281 0.02629993 0.11622340
v -0.06618650 0.02629993 0.11565301
v -0.06654272 0.02629993 0.11555041
v -0.06752745 0.02629993 0.11526651
v -0.06856340 0.02629993 0.11512011
v -0.06890335 0.03894958 0.11498681
v -0.06891304 0.03748500 0.11512471
v -0.06893286 0.03580782 0.11540661
v -0.06896183 0.03378579 0.11581881
v -0.06897951 0.03221113 0.11607030
v -0.06898487 0.03114430 0.11614651
v -0.06898198 0.02994683 0.11610531
v -0.06896799 0.02872812 0.11590631
v -0.06894554 0.02762700 0.11558681
v -0.06890929 0.02629993 0.11507130
v -0.07030484 0.02629993 0.11507120
v -0.07062700 0.02629993 0.11511670
v -0.07168669 0.02629993 0.11526641
v -0.07264840 0.02629993 0.11554361
v -0.07305675 0.03894958 0.11557341
v -0.07300924 0.03748500 0.11570321
v -0.07161647 0.03580782 0.11559511
v -0.07291214 0.03580782 0.11596860
v -0.07277015 0.03378579 0.11635660
v -0.07268351 0.03221113 0.11659340
v -0.07265721 0.03114430 0.11666520
v -0.07267144 0.02994683 0.11662641
v -0.07273997 0.02872812 0.11643911
v -0.07285006 0.02762700 0.11613830
v -0.07302764 0.02629993 0.11565291
v -0.07430136 0.02629993 0.11622320
v -0.07453839 0.02629993 0.11637221
v -0.07548281 0.02629993 0.11696601
v -0.07621899 0.02629993 0.11757541
v -0.07614229 0.02675655 0.11773530
v -0.07640194 0.02629993 0.11772680
v -0.07640696 0.02630056 0.11773191
v -0.07897879 0.02772510 0.12423691
v -0.07901635 0.02762836 0.12423761
v -0.07904367 0.02762700 0.12500001
v -0.07966935 0.04059254 0.12500001
v -0.07961763 0.03896157 0.12575181
v -0.07964183 0.04026628 0.12575141
v -0.07964170 0.04059254 0.12575141
v -0.07964518 0.03894958 0.12500001
v -0.07950693 0.03748500 0.12500001
v -0.07950518 0.03769470 0.12575381
v -0.07919181 0.03580825 0.12575950
v -0.07944806 0.03726917 0.12575480
v -0.07947705 0.03748514 0.12575431
v -0.07862941 0.03295428 0.12576990
v -0.07878017 0.03378560 0.12576710
v -0.07881116 0.03378579 0.12500001
v -0.07879309 0.03385685 0.12576681
v -0.07922435 0.03580782 0.12500001
v -0.07917244 0.03569775 0.12575981
v -0.07853067 0.03221048 0.12577190
v -0.07855902 0.03221113 0.12500001
v -0.07850393 0.03200901 0.12577241
v -0.07848256 0.03114430 0.12500001
v -0.07845100 0.03114417 0.12577341
v -0.07852391 0.02994683 0.12500001
v -0.07847059 0.03018034 0.12577301
v -0.07844751 0.03108690 0.12577350
v -0.07872338 0.02872812 0.12500001
v -0.07857809 0.02929012 0.12577090
v -0.07849868 0.02994782 0.12577241
v -0.07909687 0.02739631 0.12576081
v -0.07902050 0.02762949 0.12576230
v -0.07879663 0.02831299 0.12576661
v -0.07870318 0.02873084 0.12576841
v -0.07953199 0.02629993 0.12575271
v -0.07956048 0.02629993 0.12500001
v -0.07953199 0.02629993 0.12424731
v -0.07874736 0.02849723 0.12423240
v -0.07869777 0.02872957 0.12423150
v -0.07845108 0.03055097 0.12422661
v -0.07851172 0.02994896 0.12422780
v -0.07857809 0.02929012 0.12422911
v -0.07858313 0.03265222 0.12422921
v -0.07853196 0.03221042 0.12422821
v -0.07848572 0.03181121 0.12422731
v -0.07846737 0.03114380 0.12422690
v -0.07877668 0.03377315 0.12423281
v -0.07908397 0.03526440 0.12423861
v -0.07918303 0.03580985 0.12424041
v -0.07944806 0.03726917 0.12424521
v -0.07957605 0.03836783 0.12424750
v -0.07947329 0.03748556 0.12424560
v -0.07963911 0.04059254 0.12424860
v -0.07963694 0.03947013 0.12424860
v -0.07960820 0.03895006 0.12424801
v -0.07957605 0.03836783 0.12424750
v -0.06078805 0.03914005 0.12981301
v -0.06080469 0.03894998 0.12981330
v -0.06059693 0.03894958 0.12942431
v -0.06194829 0.03297967 0.12983800
v -0.06207438 0.03221076 0.12984121
v -0.06157189 0.03221113 0.12894561
v -0.06133556 0.03026062 0.12826180
v -0.06135302 0.03114277 0.12826160
v -0.06164054 0.03114430 0.12891181
v -0.06057524 0.04059254 0.12943491
v -0.06009413 0.04059254 0.12827941
v -0.06011598 0.03902360 0.12827910
v -0.06009400 0.04029888 0.12827941
v -0.06072102 0.03748500 0.12936341
v -0.06022529 0.03778859 0.12827730
v -0.06012252 0.03894978 0.12827901
v -0.06097468 0.03580782 0.12923881
v -0.06029713 0.03726917 0.12827621
v -0.06026725 0.03748520 0.12827660
v -0.06100025 0.03378544 0.12826591
v -0.06097402 0.03392093 0.12826621
v -0.06134557 0.03378579 0.12905671
v -0.06057600 0.03574977 0.12827190
v -0.06056530 0.03580805 0.12827201
v -0.06129088 0.03204071 0.12826230
v -0.06126668 0.03221057 0.12826261
v -0.06115966 0.03296199 0.12826391
v -0.06160341 0.02994683 0.12893011
v -0.06130043 0.02994765 0.12826221
v -0.06076150 0.02764507 0.12826801
v -0.06104597 0.02853511 0.12826481
v -0.06142437 0.02872812 0.12901801
v -0.06108739 0.02872968 0.12826441
v -0.06124885 0.02948822 0.12826270
v -0.06113686 0.02762700 0.12915920
v -0.06075418 0.02762724 0.12826810
v -0.06020845 0.02630000 0.12827550
v -0.06024109 0.02637792 0.12827511
v -0.06020920 0.02629993 0.12827781
v -0.06056386 0.02629993 0.12912601
v -0.06115166 0.02685704 0.12981740
v -0.06130814 0.02719485 0.12982081
v -0.06148706 0.02763057 0.12982551
v -0.06067296 0.02629993 0.12938700
v -0.06089442 0.02629993 0.12981180
v -0.06168463 0.02811173 0.12983060
v -0.06211729 0.02994701 0.12984231
v -0.06210883 0.02985613 0.12984211
v -0.06194699 0.02898793 0.12983761
v -0.06186983 0.02873024 0.12983561
v -0.06216085 0.03041520 0.12984351
v -0.06209193 0.03210377 0.12984171
v -0.06216633 0.03125149 0.12984371
v -0.06216563 0.03114432 0.12984371
v -0.06177124 0.03378517 0.12983381
v -0.06171736 0.03403024 0.12983251
v -0.06128742 0.03580788 0.12982300
v -0.06096117 0.03748532 0.12981641
v -0.06099284 0.03726917 0.12981701
v -0.06127811 0.03584638 0.12982281
v -0.06089099 0.03796427 0.12981501
v -0.06077027 0.04036012 0.12981270
v -0.06077036 0.04059254 0.12981270
v -0.06089099 0.03796427 0.12018500
v -0.06080469 0.03894998 0.12018670
v -0.06059907 0.03894958 0.12057141
v -0.06078805 0.03914005 0.12018700
v -0.06057738 0.04059254 0.12056071
v -0.06077027 0.04036012 0.12018731
v -0.06077036 0.04059254 0.12018731
v -0.06072313 0.03748500 0.12063241
v -0.06096117 0.03748532 0.12018361
v -0.06097673 0.03580782 0.12075701
v -0.06127811 0.03584638 0.12017721
v -0.06099284 0.03726917 0.12018300
v -0.06134753 0.03378579 0.12093931
v -0.06171736 0.03403024 0.12016751
v -0.06128742 0.03580788 0.12017701
v -0.06209193 0.03210377 0.12015831
v -0.06207438 0.03221076 0.12015870
v -0.06157379 0.03221113 0.12105060
v -0.06194829 0.03297967 0.12016191
v -0.06177124 0.03378517 0.12016620
v -0.06216633 0.03125149 0.12015631
v -0.06164242 0.03114430 0.12108430
v -0.06216563 0.03114432 0.12015641
v -0.06216085 0.03041520 0.12015651
v -0.06160531 0.02994683 0.12106611
v -0.06211729 0.02994701 0.12015771
v -0.06168463 0.02811173 0.12016941
v -0.06186983 0.02873024 0.12016440
v -0.06142631 0.02872812 0.12097811
v -0.06194699 0.02898793 0.12016240
v -0.06210883 0.02985613 0.12015790
v -0.06148706 0.02763057 0.12017451
v -0.06113887 0.02762700 0.12083671
v -0.06130814 0.02719485 0.12017920
v -0.06115166 0.02685704 0.12018261
v -0.06056407 0.02629993 0.12087401
v -0.06067507 0.02629993 0.12060871
v -0.06089442 0.02629993 0.12018821
v -0.06108739 0.02872968 0.12173561
v -0.06104597 0.02853511 0.12173520
v -0.06020845 0.02630000 0.12172451
v -0.06020920 0.02629993 0.12172220
v -0.06024109 0.02637792 0.12172491
v -0.06075418 0.02762724 0.12173191
v -0.06076150 0.02764507 0.12173201
v -0.06124885 0.02948822 0.12173730
v -0.06130043 0.02994765 0.12173781
v -0.06129088 0.03204071 0.12173771
v -0.06135302 0.03114277 0.12173841
v -0.06133556 0.03026062 0.12173820
v -0.06097402 0.03392093 0.12173381
v -0.06100025 0.03378544 0.12173411
v -0.06115966 0.03296199 0.12173611
v -0.06126668 0.03221057 0.12173740
v -0.06057600 0.03574977 0.12172811
v -0.06056530 0.03580805 0.12172800
v -0.06029713 0.03726917 0.12172381
v -0.06026725 0.03748520 0.12172340
v -0.06022529 0.03778859 0.12172271
v -0.06009413 0.04059254 0.12172060
v -0.06009400 0.04029888 0.12172060
v -0.06011598 0.03902360 0.12172091
v -0.06012252 0.03894978 0.12172101
v -0.05957282 0.04059254 0.12575161
v -0.06004207 0.03569775 0.12423990
v -0.06002269 0.03580825 0.12424031
v -0.05999014 0.03580782 0.12500001
v -0.05957267 0.04026628 0.12424840
v -0.05957282 0.04059254 0.12424840
v -0.05954514 0.04059254 0.12500001
v -0.05959688 0.03896158 0.12424801
v -0.05956931 0.03894958 0.12500001
v -0.05970933 0.03769470 0.12424591
v -0.05970756 0.03748500 0.12500001
v -0.05973746 0.03748514 0.12424541
v -0.05976644 0.03726917 0.12424491
v -0.06042142 0.03385685 0.12423291
v -0.06040333 0.03378579 0.12500001
v -0.06043434 0.03378560 0.12423270
v -0.06058511 0.03295428 0.12422980
v -0.06065546 0.03221113 0.12500001
v -0.06068383 0.03221048 0.12422790
v -0.06071057 0.03200902 0.12422741
v -0.06073194 0.03114430 0.12500001
v -0.06076351 0.03114417 0.12422641
v -0.06069058 0.02994683 0.12500001
v -0.06074392 0.03018035 0.12422671
v -0.06076702 0.03108690 0.12422631
v -0.06049112 0.02872812 0.12500001
v -0.06063642 0.02929013 0.12422890
v -0.06071584 0.02994782 0.12422731
v -0.06011764 0.02739632 0.12423900
v -0.06019401 0.02762949 0.12423751
v -0.06017081 0.02762700 0.12500001
v -0.06041788 0.02831301 0.12423311
v -0.06051133 0.02873084 0.12423131
v -0.05965400 0.02629993 0.12500001
v -0.05968252 0.02629993 0.12424701
v -0.06011764 0.02739632 0.12576111
v -0.05968252 0.02629993 0.12575300
v -0.06063642 0.02929013 0.12577111
v -0.06051133 0.02873084 0.12576871
v -0.06041788 0.02831301 0.12576691
v -0.06019401 0.02762949 0.12576250
v -0.06071584 0.02994782 0.12577270
v -0.06074392 0.03018035 0.12577331
v -0.06076702 0.03108690 0.12577370
v -0.06058511 0.03295428 0.12577021
v -0.06068383 0.03221048 0.12577211
v -0.06071057 0.03200902 0.12577260
v -0.06076351 0.03114417 0.12577370
v -0.06043434 0.03378560 0.12576741
v -0.06042142 0.03385685 0.12576710
v -0.06004207 0.03569775 0.12576011
v -0.05970933 0.03769470 0.12575410
v -0.05973746 0.03748514 0.12575461
v -0.05976644 0.03726917 0.12575510
v -0.06002269 0.03580825 0.12575970
v -0.05959688 0.03896158 0.12575210
v -0.05957267 0.04026628 0.12575161
v -0.07200000 -0.02789710 0.12730001
v -0.07200000 -0.02789710 0.12812951
v -0.07200000 -0.02489710 0.12730001
v -0.07200000 -0.02789698 0.12813300
v -0.07200000 -0.02434668 0.12723321
v -0.07200000 0.02229464 0.12813300
v -0.07200000 -0.02382824 0.12703651
v -0.07200000 -0.02337192 0.12327840
v -0.07200000 -0.02300424 0.12369350
v -0.07200000 0.02229464 0.12186700
v -0.07200000 -0.02789710 0.12187060
v -0.07200000 -0.02789710 0.12270000
v -0.07200000 -0.02489710 0.12270000
v -0.07200000 -0.02789698 0.12186700
v -0.07200000 -0.02434668 0.12276681
v -0.07200000 -0.02382824 0.12296351
v -0.07200000 -0.02274657 0.12418441
v -0.07200000 -0.02261388 0.12472281
v -0.07200000 0.02223588 0.12311661
v -0.07200000 -0.02274657 0.12581560
v -0.07200000 -0.02300424 0.12630661
v -0.07200000 -0.02337192 0.12672161
v -0.07200000 -0.02261388 0.12527720
v -0.07200000 0.02220985 0.12602901
v -0.07200000 0.02220893 0.12401330
v -0.07189805 -0.02787166 0.12830730
v -0.06926651 -0.03804710 0.12978760
v -0.06788024 -0.03804710 0.13056740
v -0.06749805 -0.03587960 0.13078231
v -0.06749805 0.02248866 0.13078231
v -0.06968183 0.02237473 0.12955401
v -0.07189805 0.02234012 0.12830730
v -0.06720000 -0.01989566 0.12105231
v -0.06720000 -0.03587960 0.11939200
v -0.06720000 0.02245459 0.11939200
v -0.06720000 0.02235744 0.12081521
v -0.06720000 0.02234197 0.12106031
v -0.06720000 0.02225824 0.12105430
v -0.06720000 -0.02084624 0.12854511
v -0.06720000 -0.02055381 0.12877041
v -0.06720000 -0.03587960 0.13060801
v -0.06720000 0.02245459 0.13060801
v -0.06720000 0.02225824 0.12894570
v -0.06720000 0.02235744 0.12918481
v -0.06720000 0.02234197 0.12893970
v -0.06720000 -0.02023372 0.12890331
v -0.06720000 -0.01989566 0.12894770
v -0.06720000 0.02217432 0.12894770
v -0.06720000 0.02217432 0.12105231
v -0.06720000 -0.02023372 0.12109671
v -0.06720000 -0.02055381 0.12122960
v -0.06720000 -0.02084624 0.12145491
v -0.06720000 -0.03587960 0.12814011
v -0.06720000 -0.02788662 0.12730001
v -0.06720000 -0.02489710 0.12730001
v -0.06720000 -0.02430182 0.12722161
v -0.06720000 -0.02374710 0.12699190
v -0.06720000 -0.02327076 0.12662630
v -0.06720000 -0.02109307 0.12822190
v -0.06720000 -0.02259711 0.12500001
v -0.06720000 -0.02132960 0.12268931
v -0.06720000 -0.02267547 0.12559530
v -0.06720000 -0.02132960 0.12731071
v -0.06720000 -0.02290525 0.12615001
v -0.06720000 -0.02327076 0.12337371
v -0.06720000 -0.02374710 0.12300811
v -0.06720000 -0.02126560 0.12780260
v -0.06720000 -0.02430182 0.12277840
v -0.06720000 -0.02489710 0.12270000
v -0.06720000 -0.02788662 0.12270000
v -0.06720000 -0.03587960 0.12185991
v -0.06720000 -0.02267547 0.12440471
v -0.06720000 -0.02290525 0.12385000
v -0.06720000 -0.02126560 0.12219741
v -0.06720000 -0.02109307 0.12177810
v -0.07189805 -0.02787166 0.12169271
v -0.07189805 0.02234012 0.12169271
v -0.06972628 0.02237312 0.12047101
v -0.06926651 -0.03804710 0.12021241
v -0.06788024 -0.03804710 0.11943261
v -0.06749805 -0.03587960 0.11921770
v -0.06749805 0.02248866 0.11921770
v -0.06949028 -0.01969212 0.12736700
v -0.06949028 0.02197556 0.12736700
v -0.06745488 -0.01989566 0.12851191
v -0.06850759 0.02207021 0.12791981
v -0.06745488 0.02217432 0.12851191
v -0.07000000 0.02241144 0.12497081
v -0.07000000 0.02241378 0.12518390
v -0.07000000 -0.01969212 0.12649550
v -0.07000000 -0.01969212 0.12350451
v -0.07000000 0.02197556 0.12350451
v -0.07000000 0.02245345 0.12410090
v -0.07000000 0.02204498 0.12351011
v -0.07000000 0.02234155 0.12369530
v -0.07000000 0.02210339 0.12352370
v -0.07000000 0.02226205 0.12361071
v -0.07000000 0.02219933 0.12356621
v -0.07000000 0.02238423 0.12376261
v -0.07000000 0.02243381 0.12388850
v -0.07000000 0.02244709 0.12395080
v -0.07000000 0.02245345 0.12589911
v -0.07000000 0.02245519 0.12594591
v -0.07000000 0.02197556 0.12649550
v -0.07000000 0.02245360 0.12599251
v -0.07000000 0.02242720 0.12613450
v -0.07000000 0.02241498 0.12616990
v -0.07000000 0.02235459 0.12628631
v -0.07000000 0.02233461 0.12631380
v -0.07000000 0.02225128 0.12639811
v -0.07000000 0.02221786 0.12642231
v -0.07000000 0.02207802 0.12648321
v -0.07000000 0.02212176 0.12647021
v -0.06949028 0.02197556 0.12263301
v -0.06949028 -0.01969212 0.12263301
v -0.06850766 0.02207021 0.12208031
v -0.06745488 -0.01989566 0.12148810
v -0.06745488 0.02217432 0.12148810
v -0.06748729 0.02249433 0.13078800
v -0.06745758 -0.03587960 0.13079961
v -0.06745579 0.02250818 0.13080010
v -0.06744979 0.02251016 0.13080131
v -0.06744973 -0.03587960 0.13080100
v -0.06742298 0.02251901 0.13080671
v -0.06741185 -0.03587960 0.13080770
v -0.06739830 0.02252473 0.13080750
v -0.06739839 -0.03587960 0.13080691
v -0.06738923 0.02252683 0.13080770
v -0.06736544 -0.03587960 0.13080500
v -0.06735608 0.02253140 0.13080311
v -0.06734706 0.02253177 0.13080030
v -0.06734726 -0.03587960 0.13079961
v -0.06732383 0.02253273 0.13079290
v -0.06732093 -0.03587960 0.13079171
v -0.06729922 0.02253111 0.13078031
v -0.06729972 -0.03587960 0.13077950
v -0.06729406 0.02253077 0.13077770
v -0.06728067 -0.03587960 0.13076850
v -0.06726693 0.02252550 0.13075730
v -0.06725885 -0.03587960 0.13074801
v -0.06725846 0.02252243 0.13074840
v -0.06724388 0.02251713 0.13073301
v -0.06724685 -0.03587960 0.13073661
v -0.06722673 0.02250659 0.13070740
v -0.06722734 -0.03587960 0.13070701
v -0.06722499 0.02250552 0.13070481
v -0.06722130 -0.03587960 0.13069781
v -0.06721128 0.02249119 0.13067420
v -0.06720727 -0.03587960 0.13065931
v -0.06720745 0.02248338 0.13065931
v -0.06720540 -0.03587960 0.13065421
v -0.06720282 0.02247399 0.13064141
v -0.06720040 0.02246207 0.11937951
v -0.06720540 -0.03587960 0.11934581
v -0.06724685 -0.03587960 0.11926330
v -0.06723140 0.02251017 0.11928441
v -0.06722734 -0.03587960 0.11929300
v -0.06722702 0.02250643 0.11929271
v -0.06722130 -0.03587960 0.11930221
v -0.06721572 0.02249679 0.11931431
v -0.06720727 -0.03587960 0.11934070
v -0.06720713 0.02248352 0.11934060
v -0.06720533 0.02248075 0.11934611
v -0.06732093 -0.03587960 0.11920830
v -0.06730436 0.02253184 0.11921631
v -0.06729972 -0.03587960 0.11922050
v -0.06729927 0.02253111 0.11921971
v -0.06728067 -0.03587960 0.11923150
v -0.06727640 0.02252780 0.11923471
v -0.06725885 -0.03587960 0.11925200
v -0.06725837 0.02252247 0.11925161
v -0.06725171 0.02252050 0.11925780
v -0.06744973 -0.03587960 0.11919900
v -0.06743492 0.02251546 0.11919501
v -0.06741185 -0.03587960 0.11919230
v -0.06740158 0.02252434 0.11919201
v -0.06739839 -0.03587960 0.11919311
v -0.06739834 0.02252490 0.11919221
v -0.06736544 -0.03587960 0.11919501
v -0.06736779 0.02253014 0.11919461
v -0.06734726 -0.03587960 0.11920041
v -0.06734706 0.02253173 0.11919980
v -0.06733532 0.02253263 0.11920270
v -0.06745758 -0.03587960 0.11920041
v -0.06746759 0.02250342 0.11920370
v -0.06744969 0.02251002 0.11919900
v -0.07192575 0.02234040 0.12828861
v -0.07193245 -0.02787776 0.12828281
v -0.07193212 0.02233971 0.12828251
v -0.07195015 0.02233775 0.12826511
v -0.07193302 -0.02787787 0.12828240
v -0.07196045 0.02233491 0.12825121
v -0.07196090 -0.02788359 0.12825161
v -0.07197010 0.02233225 0.12823830
v -0.07196186 -0.02788378 0.12825051
v -0.07198191 0.02232576 0.12821500
v -0.07198217 -0.02788888 0.12821511
v -0.07198539 0.02232385 0.12820811
v -0.07199530 0.02231280 0.12817611
v -0.07198321 -0.02788914 0.12821320
v -0.07199546 0.02231235 0.12817501
v -0.07199527 -0.02789339 0.12817501
v -0.07199977 0.02229903 0.12814271
v -0.07199612 -0.02789369 0.12817231
v -0.07193320 0.02233994 0.12171780
v -0.07193249 -0.02787776 0.12171721
v -0.07195621 0.02233649 0.12174211
v -0.07193296 -0.02787786 0.12171770
v -0.07196059 0.02233500 0.12174860
v -0.07196102 -0.02788359 0.12174830
v -0.07197507 0.02233009 0.12177031
v -0.07196173 -0.02788377 0.12174961
v -0.07198172 0.02232567 0.12178511
v -0.07198234 -0.02788889 0.12178480
v -0.07198875 0.02232098 0.12180080
v -0.07198301 -0.02788912 0.12178680
v -0.07199501 0.02231213 0.12182511
v -0.07199554 -0.02789342 0.12182500
v -0.07199720 0.02230903 0.12183361
v -0.07199585 -0.02789366 0.12182780
v -0.07190612 0.02234049 0.12169751
v -0.07193245 0.02233995 0.12171721
v -0.06849707 -0.03889710 0.12902151
v -0.06844223 -0.03889710 0.12902151
v -0.06849707 -0.03889710 0.12924520
v -0.06844223 -0.03889710 0.12927601
v -0.06849707 -0.03889710 0.12075480
v -0.06844223 -0.03889710 0.12072400
v -0.06849707 -0.03889710 0.12097851
v -0.06844223 -0.03889710 0.12097851
v -0.06779417 -0.03813595 0.12817611
v -0.06915088 -0.03813595 0.12817611
v -0.06740000 -0.03590051 0.12794121
v -0.07179882 -0.02789710 0.12710000
v -0.06740000 -0.02789710 0.12710000
v -0.06915088 -0.03813595 0.12182390
v -0.06779417 -0.03813595 0.12182390
v -0.07179882 -0.02789710 0.12290001
v -0.06740000 -0.03590051 0.12205881
v -0.06740000 -0.02789710 0.12290001
v -0.07180001 -0.02789707 0.12710000
v -0.07180001 -0.02489710 0.12710000
v -0.07179882 -0.02789710 0.12710000
v -0.06740000 -0.02489710 0.12710000
v -0.06740000 -0.02789710 0.12710000
v -0.06740000 -0.02789710 0.12290001
v -0.06740000 -0.02489710 0.12290001
v -0.07179882 -0.02789710 0.12290001
v -0.07180001 -0.02489710 0.12290001
v -0.07180001 -0.02789707 0.12290001
v -0.07180001 -0.02439454 0.12703901
v -0.06740000 -0.02435359 0.12702851
v -0.07180001 -0.02435524 0.12702411
v -0.07180001 -0.02392119 0.12685950
v -0.06740000 -0.02384710 0.12681871
v -0.07180001 -0.02385193 0.12681170
v -0.07180001 -0.02350455 0.12657191
v -0.06740000 -0.02341218 0.12648491
v -0.07180001 -0.02342077 0.12647731
v -0.07180001 -0.02316884 0.12619291
v -0.06740000 -0.02307845 0.12605001
v -0.07180001 -0.02309050 0.12604371
v -0.07180001 -0.02293357 0.12574470
v -0.06740000 -0.02286866 0.12554351
v -0.07180001 -0.02288311 0.12554001
v -0.07180001 -0.02281241 0.12525310
v -0.06740000 -0.02279710 0.12500001
v -0.07180001 -0.02281241 0.12500001
v -0.07180001 -0.02281241 0.12474691
v -0.06740000 -0.02286866 0.12445650
v -0.07180001 -0.02288311 0.12446000
v -0.07180001 -0.02293357 0.12425531
v -0.06740000 -0.02307845 0.12395000
v -0.07180001 -0.02309050 0.12395630
v -0.07180001 -0.02316884 0.12380710
v -0.06740000 -0.02341218 0.12351510
v -0.07180001 -0.02342077 0.12352270
v -0.07180001 -0.02350455 0.12342811
v -0.06740000 -0.02384710 0.12318130
v -0.07180001 -0.02385193 0.12318841
v -0.07180001 -0.02392119 0.12314051
v -0.06740000 -0.02435359 0.12297161
v -0.07180001 -0.02439454 0.12296100
v -0.07180001 -0.02435524 0.12297590
v -0.07200000 -0.02789710 0.12270000
v -0.07200000 -0.02789710 0.12187060
v -0.06936209 -0.03809718 0.12038671
v -0.06932000 -0.03825992 0.12038681
v -0.06932000 -0.03825992 0.12160781
v -0.06935846 -0.03811117 0.12038491
v -0.07199997 -0.02789727 0.12270411
v -0.06934452 -0.03816512 0.12162501
v -0.06933217 -0.03821284 0.12161811
v -0.07200000 -0.02789710 0.12730001
v -0.07199997 -0.02789727 0.12729590
v -0.06934452 -0.03816512 0.12837511
v -0.06936209 -0.03809718 0.12961330
v -0.07200000 -0.02789710 0.12812951
v -0.06933217 -0.03821284 0.12838190
v -0.06932331 -0.03824711 0.12961501
v -0.06932000 -0.03825992 0.12839220
v -0.06932000 -0.03825992 0.12961321
v -0.06720304 -0.03591434 0.11939200
v -0.06720304 -0.03591434 0.12185991
v -0.06758523 -0.03808183 0.11960701
v -0.06759722 -0.03814978 0.12162501
v -0.06759523 -0.03813848 0.11961541
v -0.06760514 -0.03819470 0.12161860
v -0.06760514 -0.03819470 0.11962951
v -0.06759722 -0.03814978 0.12837511
v -0.06720304 -0.03591434 0.12814011
v -0.06720304 -0.03591434 0.13060801
v -0.06760514 -0.03819470 0.13037050
v -0.06760514 -0.03819470 0.12838140
v -0.06759523 -0.03813848 0.13038460
v -0.06758523 -0.03808183 0.13039301
v -0.06765084 -0.03835731 0.12841631
v -0.06763839 -0.03832344 0.13032700
v -0.06766416 -0.03838249 0.12842650
v -0.06766534 -0.03838212 0.13029180
v -0.06774028 -0.03852645 0.12848470
v -0.06770884 -0.03847683 0.13023490
v -0.06776335 -0.03855208 0.12850231
v -0.06776659 -0.03854984 0.13015940
v -0.06789184 -0.03869485 0.12860061
v -0.06785508 -0.03866172 0.13004371
v -0.06789630 -0.03869755 0.12860401
v -0.06790095 -0.03869055 0.12998371
v -0.06806762 -0.03879530 0.12976580
v -0.06824858 -0.03886190 0.12952921
v -0.06842128 -0.03889685 0.12900550
v -0.06824897 -0.03886103 0.12887371
v -0.06814308 -0.03884273 0.12966711
v -0.06812284 -0.03883481 0.12877721
v -0.06806489 -0.03879971 0.12873301
v -0.06871883 -0.03885889 0.12940951
v -0.06869008 -0.03886385 0.12938820
v -0.06830075 -0.03885750 0.12960561
v -0.06824797 -0.03884273 0.12972851
v -0.06817192 -0.03876911 0.12990571
v -0.06886872 -0.03877762 0.12952061
v -0.06891295 -0.03875363 0.12955341
v -0.06806095 -0.03866172 0.13016410
v -0.06805317 -0.03864658 0.13018221
v -0.06902246 -0.03864359 0.12963460
v -0.06906333 -0.03860252 0.12966491
v -0.06796601 -0.03847683 0.13038531
v -0.06796453 -0.03847188 0.13038871
v -0.06914131 -0.03846939 0.12972271
v -0.06792025 -0.03832344 0.13049190
v -0.06916658 -0.03842625 0.12974140
v -0.06791069 -0.03826646 0.13051411
v -0.06921902 -0.03826684 0.12978031
v -0.06789865 -0.03819470 0.13054221
v -0.06922129 -0.03825992 0.12978200
v -0.06788987 -0.03812118 0.13055820
v -0.06922509 -0.03824317 0.12978461
v -0.06913855 -0.03819836 0.12818500
v -0.06912636 -0.03825992 0.12819860
v -0.06780210 -0.03819470 0.12818441
v -0.06910673 -0.03833732 0.12822420
v -0.06783277 -0.03833732 0.12822451
v -0.06909886 -0.03836837 0.12823450
v -0.06783705 -0.03835731 0.12823011
v -0.06903466 -0.03852148 0.12831850
v -0.06790371 -0.03852216 0.12831731
v -0.06790544 -0.03852645 0.12831951
v -0.06902779 -0.03853785 0.12832751
v -0.06800892 -0.03867682 0.12845490
v -0.06892948 -0.03867565 0.12845600
v -0.06802134 -0.03869485 0.12847111
v -0.06890818 -0.03870551 0.12848391
v -0.06879824 -0.03878849 0.12862771
v -0.06814078 -0.03878949 0.12862731
v -0.06819799 -0.03883481 0.12870211
v -0.06872740 -0.03884195 0.12872031
v -0.06865258 -0.03885987 0.12881811
v -0.06842621 -0.03889685 0.12900060
v -0.06828707 -0.03885902 0.12881861
v -0.06925783 -0.03842625 0.12958541
v -0.06928402 -0.03836837 0.12841970
v -0.06925299 -0.03843352 0.12958321
v -0.06924933 -0.03843162 0.12844620
v -0.06919110 -0.03853785 0.12849081
v -0.06914978 -0.03858860 0.12953710
v -0.06914675 -0.03858539 0.12852471
v -0.06914051 -0.03860252 0.12953290
v -0.06903466 -0.03870551 0.12861040
v -0.06901358 -0.03871478 0.12947611
v -0.06901580 -0.03871640 0.12862481
v -0.06896962 -0.03875363 0.12945650
v -0.06885474 -0.03880846 0.12940511
v -0.06885459 -0.03880944 0.12874810
v -0.06874906 -0.03885889 0.12935790
v -0.06879827 -0.03884195 0.12879120
v -0.06868109 -0.03886920 0.12932740
v -0.06867981 -0.03886364 0.12888181
v -0.06760708 -0.03820534 0.12161721
v -0.06765528 -0.03836837 0.12158031
v -0.06763839 -0.03832344 0.11967300
v -0.06766326 -0.03838294 0.12157421
v -0.06766534 -0.03838212 0.11970820
v -0.06774820 -0.03853785 0.12150921
v -0.06790095 -0.03869055 0.12001630
v -0.06785508 -0.03866172 0.11995630
v -0.06776229 -0.03855296 0.12149850
v -0.06776659 -0.03854984 0.11984060
v -0.06770884 -0.03847683 0.11976510
v -0.06789691 -0.03869723 0.12139551
v -0.06790464 -0.03870551 0.12138961
v -0.06806762 -0.03879530 0.12023421
v -0.06806549 -0.03879835 0.12126661
v -0.06814102 -0.03884195 0.12120881
v -0.06814308 -0.03884273 0.12033291
v -0.06824858 -0.03886190 0.12047081
v -0.06824858 -0.03886164 0.12112661
v -0.06828672 -0.03885987 0.12118191
v -0.06865258 -0.03885987 0.12118191
v -0.06814106 -0.03878849 0.12137230
v -0.06879824 -0.03878849 0.12137230
v -0.06872740 -0.03884195 0.12127971
v -0.06821189 -0.03884195 0.12127971
v -0.06890818 -0.03870551 0.12151610
v -0.06803112 -0.03870551 0.12151610
v -0.06892948 -0.03867565 0.12154400
v -0.06800982 -0.03867565 0.12154400
v -0.06791149 -0.03853785 0.12167251
v -0.06902779 -0.03853785 0.12167251
v -0.06790464 -0.03852148 0.12168151
v -0.06903466 -0.03852148 0.12168151
v -0.06784043 -0.03836837 0.12176551
v -0.06909886 -0.03836837 0.12176551
v -0.06783336 -0.03833707 0.12177470
v -0.06910673 -0.03833732 0.12177581
v -0.06780358 -0.03820534 0.12181370
v -0.06912636 -0.03825992 0.12180141
v -0.06780210 -0.03819470 0.12181560
v -0.06913855 -0.03819836 0.12181491
v -0.06926287 -0.03806539 0.12021061
v -0.06922129 -0.03825992 0.12021801
v -0.06788987 -0.03812118 0.11944181
v -0.06789865 -0.03819470 0.11945781
v -0.06921902 -0.03826684 0.12021971
v -0.06791069 -0.03826646 0.11948591
v -0.06916658 -0.03842625 0.12025860
v -0.06792025 -0.03832344 0.11950811
v -0.06914131 -0.03846939 0.12027730
v -0.06796453 -0.03847188 0.11961130
v -0.06906333 -0.03860252 0.12033510
v -0.06796601 -0.03847683 0.11961471
v -0.06902246 -0.03864359 0.12036541
v -0.06805317 -0.03864658 0.11981781
v -0.06891295 -0.03875363 0.12044661
v -0.06806095 -0.03866172 0.11983591
v -0.06886872 -0.03877762 0.12047941
v -0.06817192 -0.03876911 0.12009431
v -0.06871883 -0.03885889 0.12059051
v -0.06824797 -0.03884273 0.12027151
v -0.06869008 -0.03886385 0.12061181
v -0.06830075 -0.03885750 0.12039441
v -0.06867981 -0.03886364 0.12111831
v -0.06868109 -0.03886920 0.12067251
v -0.06874906 -0.03885889 0.12064220
v -0.06879827 -0.03884195 0.12120881
v -0.06885459 -0.03880944 0.12125191
v -0.06914051 -0.03860252 0.12046711
v -0.06901358 -0.03871478 0.12052391
v -0.06901580 -0.03871640 0.12137520
v -0.06896962 -0.03875363 0.12054351
v -0.06885474 -0.03880846 0.12059491
v -0.06903466 -0.03870551 0.12138961
v -0.06914675 -0.03858539 0.12147531
v -0.06914978 -0.03858860 0.12046290
v -0.06919110 -0.03853785 0.12150921
v -0.06925299 -0.03843352 0.12041681
v -0.06924933 -0.03843162 0.12155381
v -0.06928402 -0.03836837 0.12158031
v -0.06925783 -0.03842625 0.12041460
v -0.06914294 -0.03838167 0.12824601
v -0.06917462 -0.03827005 0.12820771
v -0.06929018 -0.03827639 0.12829871
v -0.06925918 -0.03827855 0.12825941
v -0.06922133 -0.03839278 0.12829720
v -0.06931089 -0.03827005 0.12834391
v -0.06925122 -0.03838996 0.12833401
v -0.06927250 -0.03838167 0.12837560
v -0.06910673 -0.03833732 0.12822420
v -0.06906308 -0.03855206 0.12834261
v -0.06893251 -0.03871559 0.12850001
v -0.06892948 -0.03867565 0.12845600
v -0.06917591 -0.03855206 0.12845551
v -0.06901854 -0.03871559 0.12858611
v -0.06914675 -0.03858539 0.12852471
v -0.06924933 -0.03843162 0.12844620
v -0.06873973 -0.03884536 0.12873130
v -0.06879824 -0.03878849 0.12862771
v -0.06875194 -0.03884742 0.12874280
v -0.06895626 -0.03872173 0.12851871
v -0.06909688 -0.03856084 0.12836411
v -0.06918454 -0.03838996 0.12826731
v -0.06921984 -0.03827639 0.12822840
v -0.06876400 -0.03884811 0.12875460
v -0.06897889 -0.03872380 0.12853971
v -0.06912780 -0.03856380 0.12839080
v -0.06878724 -0.03884536 0.12877880
v -0.06885459 -0.03880944 0.12874810
v -0.06901580 -0.03871640 0.12862481
v -0.06865258 -0.03885987 0.12881811
v -0.06867981 -0.03886364 0.12888181
v -0.06915451 -0.03856084 0.12842171
v -0.06899980 -0.03872173 0.12856231
v -0.06877579 -0.03884742 0.12876661
v -0.06932376 -0.03821963 0.12833231
v -0.06933684 -0.03816846 0.12832441
v -0.06930344 -0.03822276 0.12828591
v -0.06931691 -0.03816828 0.12827711
v -0.06927251 -0.03822203 0.12824570
v -0.06928604 -0.03816459 0.12823621
v -0.06923295 -0.03821749 0.12821421
v -0.06924626 -0.03815764 0.12820450
v -0.06918732 -0.03820942 0.12819361
v -0.06920021 -0.03814788 0.12818401
v -0.07180001 -0.02789707 0.12710000
v -0.07184452 -0.02789713 0.12710501
v -0.07185093 -0.02789740 0.12710731
v -0.07188678 -0.02789894 0.12711980
v -0.07189860 -0.02789949 0.12712720
v -0.07192470 -0.02790068 0.12714361
v -0.07193943 -0.02790112 0.12715841
v -0.07195637 -0.02790163 0.12717531
v -0.07197103 -0.02790151 0.12719861
v -0.07198021 -0.02790144 0.12721321
v -0.07199148 -0.02790027 0.12724550
v -0.07199498 -0.02789991 0.12725551
v -0.06931089 -0.03827005 0.12165610
v -0.06921984 -0.03827639 0.12177160
v -0.06925918 -0.03827855 0.12174061
v -0.06922133 -0.03839278 0.12170280
v -0.06917462 -0.03827005 0.12179230
v -0.06918454 -0.03838996 0.12173260
v -0.06910673 -0.03833732 0.12177581
v -0.06914294 -0.03838167 0.12175390
v -0.06927250 -0.03838167 0.12162440
v -0.06924933 -0.03843162 0.12155381
v -0.06917591 -0.03855206 0.12154451
v -0.06906308 -0.03855206 0.12165731
v -0.06901854 -0.03871559 0.12141401
v -0.06914675 -0.03858539 0.12147531
v -0.06893251 -0.03871559 0.12150001
v -0.06892948 -0.03867565 0.12154400
v -0.06901580 -0.03871640 0.12137520
v -0.06885459 -0.03880944 0.12125191
v -0.06878724 -0.03884536 0.12122120
v -0.06877579 -0.03884742 0.12123340
v -0.06899980 -0.03872173 0.12143770
v -0.06915451 -0.03856084 0.12157831
v -0.06925122 -0.03838996 0.12166601
v -0.06929018 -0.03827639 0.12170131
v -0.06876400 -0.03884811 0.12124541
v -0.06897889 -0.03872380 0.12146030
v -0.06912780 -0.03856380 0.12160921
v -0.06873973 -0.03884536 0.12126871
v -0.06879824 -0.03878849 0.12137230
v -0.06867981 -0.03886364 0.12111831
v -0.06865258 -0.03885987 0.12118191
v -0.06909688 -0.03856084 0.12163591
v -0.06895626 -0.03872173 0.12148131
v -0.06875194 -0.03884742 0.12125721
v -0.07199997 -0.02789727 0.12729590
v -0.07199417 -0.02489710 0.12725561
v -0.07199498 -0.02789991 0.12725551
v -0.07199319 -0.02489710 0.12724821
v -0.07199148 -0.02790027 0.12724550
v -0.07197892 -0.02489710 0.12721380
v -0.07198021 -0.02790144 0.12721321
v -0.07197103 -0.02790151 0.12719861
v -0.07197322 -0.02489710 0.12720000
v -0.07195637 -0.02790163 0.12717531
v -0.07195504 -0.02489710 0.12717631
v -0.07193943 -0.02790112 0.12715841
v -0.07194142 -0.02489710 0.12715861
v -0.07192470 -0.02790068 0.12714361
v -0.07192369 -0.02489710 0.12714500
v -0.07189860 -0.02789949 0.12712720
v -0.07190000 -0.02489710 0.12712681
v -0.07188678 -0.02789894 0.12711980
v -0.07188624 -0.02489710 0.12712111
v -0.07185093 -0.02789740 0.12710731
v -0.07185176 -0.02489710 0.12710680
v -0.07184452 -0.02789713 0.12710501
v -0.07184439 -0.02489710 0.12710591
v -0.06932376 -0.03821963 0.12166771
v -0.06930344 -0.03822276 0.12171411
v -0.06927251 -0.03822203 0.12175431
v -0.06923295 -0.03821749 0.12178570
v -0.06918732 -0.03820942 0.12180640
v -0.06933684 -0.03816846 0.12167560
v -0.06931691 -0.03816828 0.12172291
v -0.06928604 -0.03816459 0.12176381
v -0.06924626 -0.03815764 0.12179551
v -0.06920021 -0.03814788 0.12181601
v -0.07185176 -0.02391802 0.12313450
v -0.07185176 -0.02350003 0.12342300
v -0.07185176 -0.02316323 0.12380321
v -0.07185176 -0.02292720 0.12425291
v -0.07185176 -0.02280565 0.12474611
v -0.07185176 -0.02280565 0.12525390
v -0.07185176 -0.02292720 0.12574711
v -0.07185176 -0.02439291 0.12704561
v -0.07190000 -0.02438813 0.12706501
v -0.07194142 -0.02438052 0.12709591
v -0.07197322 -0.02437061 0.12713611
v -0.07199319 -0.02435907 0.12718291
v -0.07199319 -0.02385230 0.12699071
v -0.07197322 -0.02387471 0.12694800
v -0.07199319 -0.02340625 0.12668281
v -0.07194142 -0.02389396 0.12691131
v -0.07197322 -0.02343824 0.12664670
v -0.07190000 -0.02390873 0.12688321
v -0.07194142 -0.02346570 0.12661571
v -0.07190000 -0.02348678 0.12659191
v -0.07185176 -0.02350003 0.12657701
v -0.07185176 -0.02391802 0.12686551
v -0.07185176 -0.02316323 0.12619681
v -0.07190000 -0.02314679 0.12620820
v -0.07194142 -0.02312063 0.12622620
v -0.07197322 -0.02308654 0.12624981
v -0.07199319 -0.02304684 0.12627711
v -0.07199319 -0.02279497 0.12579721
v -0.07197322 -0.02284007 0.12578010
v -0.07194142 -0.02287880 0.12576541
v -0.07190000 -0.02290852 0.12575421
v -0.07199319 -0.02266526 0.12527101
v -0.07197322 -0.02271315 0.12526520
v -0.07194142 -0.02275426 0.12526021
v -0.07190000 -0.02278582 0.12525641
v -0.07199319 -0.02266526 0.12472900
v -0.07197322 -0.02271315 0.12473481
v -0.07194142 -0.02275426 0.12473981
v -0.07190000 -0.02278582 0.12474360
v -0.07190000 -0.02290852 0.12424580
v -0.07194142 -0.02287880 0.12423460
v -0.07197322 -0.02284007 0.12421991
v -0.07199319 -0.02279497 0.12420280
v -0.07190000 -0.02314679 0.12379191
v -0.07194142 -0.02312063 0.12377381
v -0.07197322 -0.02308654 0.12375030
v -0.07199319 -0.02304684 0.12372291
v -0.07190000 -0.02348678 0.12340810
v -0.07194142 -0.02346570 0.12338431
v -0.07197322 -0.02343824 0.12335331
v -0.07199319 -0.02340625 0.12331721
v -0.07190000 -0.02390873 0.12311680
v -0.07194142 -0.02389396 0.12308871
v -0.07197322 -0.02387471 0.12305201
v -0.07199319 -0.02385230 0.12300931
v -0.07185176 -0.02439291 0.12295440
v -0.07190000 -0.02438813 0.12293500
v -0.07194142 -0.02438052 0.12290410
v -0.07197322 -0.02437061 0.12286391
v -0.07199319 -0.02435907 0.12281711
v -0.07199319 -0.02489710 0.12275181
v -0.07197322 -0.02489710 0.12280001
v -0.07194142 -0.02489710 0.12284141
v -0.07190000 -0.02489710 0.12287321
v -0.07185176 -0.02489710 0.12289321
v -0.07197296 -0.02790161 0.12279990
v -0.07199234 -0.02790040 0.12275480
v -0.07199282 -0.02790021 0.12275171
v -0.07194127 -0.02790126 0.12284131
v -0.07197206 -0.02790166 0.12280201
v -0.07189994 -0.02789957 0.12287311
v -0.07194033 -0.02790125 0.12284250
v -0.07185173 -0.02789739 0.12289310
v -0.07189920 -0.02789954 0.12287371
v -0.07180001 -0.02789707 0.12290001
v -0.07182586 -0.02789669 0.12289831
v -0.07185116 -0.02789736 0.12289341
v -0.07182586 -0.02789669 0.12289831
v -0.07185116 -0.02789736 0.12289341
v -0.07185173 -0.02789739 0.12289310
v -0.07189920 -0.02789954 0.12287371
v -0.07189994 -0.02789957 0.12287311
v -0.07194033 -0.02790125 0.12284250
v -0.07194127 -0.02790126 0.12284131
v -0.07197206 -0.02790166 0.12280201
v -0.07197296 -0.02790161 0.12279990
v -0.07199234 -0.02790040 0.12275480
v -0.07199282 -0.02790021 0.12275171
v -0.07199997 -0.02789727 0.12270411
v -0.06720948 -0.03591781 0.12190371
v -0.06760469 -0.03815381 0.12167591
v -0.06721051 -0.03591837 0.12191080
v -0.06722493 -0.03591941 0.12194491
v -0.06762477 -0.03815526 0.12172340
v -0.06723062 -0.03591982 0.12195830
v -0.06724855 -0.03591912 0.12198180
v -0.06765615 -0.03815404 0.12176430
v -0.06726197 -0.03591859 0.12199930
v -0.06727935 -0.03591696 0.12201291
v -0.06769671 -0.03815021 0.12179600
v -0.06730255 -0.03591477 0.12203100
v -0.06731620 -0.03591298 0.12203691
v -0.06774376 -0.03814405 0.12181631
v -0.06734960 -0.03590861 0.12205131
v -0.06735762 -0.03590732 0.12205250
v -0.06761310 -0.03820212 0.12166871
v -0.06763346 -0.03820678 0.12171541
v -0.06766487 -0.03820837 0.12175590
v -0.06770529 -0.03820678 0.12178731
v -0.06775206 -0.03820212 0.12180761
v -0.06774376 -0.03814405 0.12181631
v -0.06766698 -0.03821987 0.12175381
v -0.06763562 -0.03821818 0.12171351
v -0.06761521 -0.03821323 0.12166691
v -0.06779634 -0.03838167 0.12175390
v -0.06775380 -0.03821323 0.12180550
v -0.06766679 -0.03838167 0.12162440
v -0.06783336 -0.03833707 0.12177470
v -0.06787622 -0.03855206 0.12165731
v -0.06766326 -0.03838294 0.12157421
v -0.06776339 -0.03855206 0.12154451
v -0.06800679 -0.03871559 0.12150001
v -0.06800982 -0.03867565 0.12154400
v -0.06792074 -0.03871559 0.12141401
v -0.06776229 -0.03855296 0.12149850
v -0.06819957 -0.03884536 0.12126871
v -0.06814106 -0.03878849 0.12137230
v -0.06818734 -0.03884742 0.12125721
v -0.06798304 -0.03872173 0.12148131
v -0.06784240 -0.03856084 0.12163591
v -0.06775474 -0.03838996 0.12173260
v -0.06770724 -0.03821818 0.12178511
v -0.06817530 -0.03884811 0.12124541
v -0.06796041 -0.03872380 0.12146030
v -0.06781150 -0.03856380 0.12160921
v -0.06771796 -0.03839278 0.12170280
v -0.06815204 -0.03884536 0.12122120
v -0.06806549 -0.03879835 0.12126661
v -0.06828672 -0.03885987 0.12118191
v -0.06824858 -0.03886164 0.12112661
v -0.06768808 -0.03838996 0.12166601
v -0.06778479 -0.03856084 0.12157831
v -0.06793949 -0.03872173 0.12143770
v -0.06816349 -0.03884742 0.12123340
v -0.06720964 -0.03591765 0.13065320
v -0.06759269 -0.03808558 0.13044411
v -0.06721049 -0.03591808 0.13065911
v -0.06722593 -0.03591898 0.13069561
v -0.06761281 -0.03808676 0.13049171
v -0.06723062 -0.03591926 0.13070670
v -0.06725100 -0.03591830 0.13073331
v -0.06764428 -0.03808528 0.13053281
v -0.06725100 -0.03591830 0.13073331
v -0.06726207 -0.03591778 0.13074770
v -0.06728366 -0.03591564 0.13076461
v -0.06768494 -0.03808125 0.13056441
v -0.06730275 -0.03591375 0.13077941
v -0.06732257 -0.03591110 0.13078791
v -0.06773212 -0.03807493 0.13058471
v -0.06734993 -0.03590744 0.13079961
v -0.06736593 -0.03590485 0.13080201
v -0.06778266 -0.03806676 0.13059211
v -0.06740046 -0.03589926 0.13080701
v -0.06741165 -0.03589716 0.13080581
v -0.06783316 -0.03805727 0.13058620
v -0.06745098 -0.03588977 0.13080120
v -0.06745724 -0.03588842 0.13079871
v -0.06760338 -0.03814699 0.13043441
v -0.06762394 -0.03815267 0.13048101
v -0.06765555 -0.03815513 0.13052131
v -0.06769612 -0.03815422 0.13055260
v -0.06774301 -0.03815000 0.13057291
v -0.06779312 -0.03814274 0.13058071
v -0.06784317 -0.03813292 0.13057581
v -0.06761394 -0.03820768 0.13041871
v -0.06763482 -0.03821759 0.13046381
v -0.06766645 -0.03822381 0.13050291
v -0.06770678 -0.03822592 0.13053350
v -0.06775322 -0.03822381 0.13055370
v -0.06780281 -0.03821759 0.13056200
v -0.06785234 -0.03820768 0.13055811
v -0.06796453 -0.03847188 0.13038871
v -0.06792990 -0.03849814 0.13038541
v -0.06776659 -0.03854984 0.13015940
v -0.06772644 -0.03849814 0.13026650
v -0.06817192 -0.03876911 0.12990571
v -0.06823475 -0.03884677 0.12972161
v -0.06822142 -0.03884968 0.12971450
v -0.06787471 -0.03867696 0.13006371
v -0.06816833 -0.03884968 0.12968340
v -0.06815554 -0.03884677 0.12967530
v -0.06818139 -0.03885143 0.12969141
v -0.06824858 -0.03886190 0.12952921
v -0.06830075 -0.03885750 0.12960561
v -0.06820800 -0.03885143 0.12970701
v -0.06806762 -0.03879530 0.12976580
v -0.06790095 -0.03869055 0.12998371
v -0.06803389 -0.03867696 0.13015681
v -0.06800579 -0.03868814 0.13014661
v -0.06797737 -0.03869495 0.13013381
v -0.06794937 -0.03869725 0.13011870
v -0.06789736 -0.03868814 0.13008321
v -0.06789164 -0.03851406 0.13037900
v -0.06785295 -0.03852391 0.13036620
v -0.06781550 -0.03852724 0.13034760
v -0.06778096 -0.03852391 0.13032410
v -0.06805317 -0.03864658 0.13018221
v -0.06765123 -0.03834333 0.13036840
v -0.06775081 -0.03851406 0.13029661
v -0.06792247 -0.03869495 0.13010171
v -0.06819464 -0.03885201 0.12969930
v -0.06787793 -0.03834333 0.13050101
v -0.06783274 -0.03835839 0.13050020
v -0.06778727 -0.03836779 0.13048960
v -0.06774408 -0.03837099 0.13046970
v -0.06770562 -0.03836779 0.13044181
v -0.06767408 -0.03835839 0.13040740
v -0.06766534 -0.03838212 0.13029180
v -0.06791069 -0.03826646 0.13051411
v -0.06720948 -0.03591781 0.12809630
v -0.06721051 -0.03591837 0.12808921
v -0.06760469 -0.03815381 0.12832421
v -0.06722493 -0.03591941 0.12805511
v -0.06762477 -0.03815526 0.12827660
v -0.06723062 -0.03591982 0.12804171
v -0.06724855 -0.03591912 0.12801830
v -0.06765615 -0.03815404 0.12823571
v -0.06726197 -0.03591859 0.12800071
v -0.06727935 -0.03591696 0.12798710
v -0.06769671 -0.03815021 0.12820400
v -0.06730255 -0.03591477 0.12796901
v -0.06731620 -0.03591298 0.12796310
v -0.06774376 -0.03814405 0.12818371
v -0.06734960 -0.03590861 0.12794871
v -0.06735762 -0.03590732 0.12794751
v -0.06761310 -0.03820212 0.12833130
v -0.06763346 -0.03820678 0.12828461
v -0.06766487 -0.03820837 0.12824410
v -0.06770529 -0.03820678 0.12821271
v -0.06774376 -0.03814405 0.12818371
v -0.06775206 -0.03820212 0.12819240
v -0.06783277 -0.03833732 0.12822451
v -0.06766416 -0.03838249 0.12842650
v -0.06775526 -0.03854077 0.12844881
v -0.06779248 -0.03837037 0.12824140
v -0.06800892 -0.03867682 0.12845490
v -0.06786949 -0.03854077 0.12833451
v -0.06806489 -0.03879971 0.12873301
v -0.06813441 -0.03883864 0.12876411
v -0.06814078 -0.03878949 0.12862731
v -0.06799623 -0.03870533 0.12848731
v -0.06828707 -0.03885902 0.12881861
v -0.06818486 -0.03883864 0.12871371
v -0.06842292 -0.03889687 0.12900381
v -0.06842211 -0.03889686 0.12900460
v -0.06842376 -0.03889688 0.12900301
v -0.06824897 -0.03886103 0.12887371
v -0.06842457 -0.03889687 0.12900220
v -0.06842540 -0.03889686 0.12900141
v -0.06814650 -0.03884095 0.12875110
v -0.06815900 -0.03884172 0.12873830
v -0.06817182 -0.03884095 0.12872581
v -0.06776335 -0.03855208 0.12850231
v -0.06790805 -0.03870533 0.12857551
v -0.06797174 -0.03871173 0.12850640
v -0.06794850 -0.03871388 0.12852781
v -0.06792710 -0.03871173 0.12855100
v -0.06777672 -0.03854961 0.12841440
v -0.06780371 -0.03855260 0.12838300
v -0.06783509 -0.03854961 0.12835601
v -0.06766210 -0.03837037 0.12837171
v -0.06768335 -0.03837852 0.12832970
v -0.06771337 -0.03838129 0.12829261
v -0.06775045 -0.03837852 0.12826261
v -0.06720964 -0.03591765 0.11934681
v -0.06721049 -0.03591808 0.11934090
v -0.06759269 -0.03808558 0.11955591
v -0.06722593 -0.03591898 0.11930440
v -0.06761281 -0.03808676 0.11950831
v -0.06723062 -0.03591926 0.11929330
v -0.06725100 -0.03591830 0.11926671
v -0.06764428 -0.03808528 0.11946731
v -0.06726207 -0.03591778 0.11925230
v -0.06728366 -0.03591564 0.11923550
v -0.06768494 -0.03808125 0.11943561
v -0.06730275 -0.03591375 0.11922060
v -0.06732257 -0.03591110 0.11921210
v -0.06773212 -0.03807493 0.11941530
v -0.06734993 -0.03590744 0.11920041
v -0.06736593 -0.03590485 0.11919800
v -0.06778266 -0.03806676 0.11940790
v -0.06740046 -0.03589926 0.11919291
v -0.06741165 -0.03589716 0.11919420
v -0.06783316 -0.03805727 0.11941381
v -0.06745098 -0.03588977 0.11919880
v -0.06745724 -0.03588842 0.11920141
v -0.06760338 -0.03814699 0.11956550
v -0.06761394 -0.03820768 0.11958130
v -0.06762394 -0.03815267 0.11951890
v -0.06763482 -0.03821759 0.11953621
v -0.06765555 -0.03815513 0.11947870
v -0.06766645 -0.03822381 0.11949711
v -0.06769612 -0.03815422 0.11944741
v -0.06770678 -0.03822592 0.11946651
v -0.06774301 -0.03815000 0.11942721
v -0.06775322 -0.03822381 0.11944630
v -0.06779312 -0.03814274 0.11941930
v -0.06780281 -0.03821759 0.11943801
v -0.06784317 -0.03813292 0.11942421
v -0.06785234 -0.03820768 0.11944191
v -0.06791069 -0.03826646 0.11948591
v -0.06766534 -0.03838212 0.11970820
v -0.06772644 -0.03849814 0.11973350
v -0.06796453 -0.03847188 0.11961130
v -0.06787793 -0.03834333 0.11949901
v -0.06805317 -0.03864658 0.11981781
v -0.06792990 -0.03849814 0.11961451
v -0.06806762 -0.03879530 0.12023421
v -0.06815554 -0.03884677 0.12032471
v -0.06817192 -0.03876911 0.12009431
v -0.06803389 -0.03867696 0.11984321
v -0.06816833 -0.03884968 0.12031660
v -0.06819464 -0.03885201 0.12030070
v -0.06818139 -0.03885143 0.12030861
v -0.06820800 -0.03885143 0.12029300
v -0.06822142 -0.03884968 0.12028551
v -0.06823475 -0.03884677 0.12027840
v -0.06830075 -0.03885750 0.12039441
v -0.06824858 -0.03886190 0.12047081
v -0.06776659 -0.03854984 0.11984060
v -0.06787471 -0.03867696 0.11993631
v -0.06790095 -0.03869055 0.12001630
v -0.06800579 -0.03868814 0.11985341
v -0.06797737 -0.03869495 0.11986621
v -0.06794937 -0.03869725 0.11988131
v -0.06792247 -0.03869495 0.11989831
v -0.06789736 -0.03868814 0.11991681
v -0.06775081 -0.03851406 0.11970341
v -0.06778096 -0.03852391 0.11967591
v -0.06781550 -0.03852724 0.11965240
v -0.06785295 -0.03852391 0.11963380
v -0.06789164 -0.03851406 0.11962101
v -0.06765123 -0.03834333 0.11963161
v -0.06767408 -0.03835839 0.11959260
v -0.06770562 -0.03836779 0.11955820
v -0.06774408 -0.03837099 0.11953030
v -0.06778727 -0.03836779 0.11951040
v -0.06783274 -0.03835839 0.11949981
v -0.07200000 -0.02789698 0.12813300
v -0.07199612 -0.02789369 0.12817231
v -0.06935910 -0.03809025 0.12965560
v -0.07199527 -0.02789339 0.12817501
v -0.06934733 -0.03808134 0.12969591
v -0.07198321 -0.02788914 0.12821320
v -0.07198217 -0.02788888 0.12821511
v -0.06932730 -0.03807085 0.12973241
v -0.07196186 -0.02788378 0.12825051
v -0.07196090 -0.02788359 0.12825161
v -0.06929995 -0.03805926 0.12976351
v -0.07193302 -0.02787787 0.12828240
v -0.07193245 -0.02787776 0.12828281
v -0.06931803 -0.03825085 0.12965540
v -0.06925740 -0.03824842 0.12976011
v -0.06928437 -0.03825152 0.12972941
v -0.06928059 -0.03826695 0.12972701
v -0.06925360 -0.03826457 0.12975751
v -0.06926033 -0.03826517 0.12974990
v -0.06931449 -0.03826457 0.12965331
v -0.06931118 -0.03826517 0.12966291
v -0.06930487 -0.03825234 0.12969411
v -0.06930117 -0.03826695 0.12969181
v -0.06929088 -0.03826695 0.12970940
v -0.06874190 -0.03886053 0.12937101
v -0.06924771 -0.03843430 0.12963030
v -0.06922834 -0.03843703 0.12967281
v -0.06920079 -0.03843430 0.12971050
v -0.06925299 -0.03843352 0.12958321
v -0.06912851 -0.03861054 0.12956931
v -0.06895820 -0.03875885 0.12948200
v -0.06901358 -0.03871478 0.12947611
v -0.06908918 -0.03861054 0.12963660
v -0.06892958 -0.03875885 0.12953091
v -0.06902246 -0.03864359 0.12963460
v -0.06914131 -0.03846939 0.12972271
v -0.06885474 -0.03880846 0.12940511
v -0.06872674 -0.03886053 0.12939690
v -0.06886872 -0.03877762 0.12952061
v -0.06911119 -0.03861325 0.12960430
v -0.06894477 -0.03876060 0.12950701
v -0.06873445 -0.03886107 0.12938401
v -0.06935910 -0.03809025 0.12034440
v -0.07200000 -0.02789698 0.12186700
v -0.07193249 -0.02787776 0.12171721
v -0.06929995 -0.03805926 0.12023651
v -0.06932730 -0.03807085 0.12026751
v -0.07196102 -0.02788359 0.12174830
v -0.07193296 -0.02787786 0.12171770
v -0.06934733 -0.03808134 0.12030411
v -0.07198234 -0.02788889 0.12178480
v -0.07196173 -0.02788377 0.12174961
v -0.07199585 -0.02789366 0.12182780
v -0.07199554 -0.02789342 0.12182500
v -0.07198301 -0.02788912 0.12178680
v -0.06929612 -0.03807692 0.12023481
v -0.06932338 -0.03808773 0.12026591
v -0.06935528 -0.03810525 0.12034270
v -0.06934341 -0.03809731 0.12030240
v -0.06928059 -0.03826695 0.12027301
v -0.06926033 -0.03826517 0.12025010
v -0.06925360 -0.03826457 0.12024251
v -0.06929088 -0.03826695 0.12029061
v -0.06931449 -0.03826457 0.12034671
v -0.06931118 -0.03826517 0.12033710
v -0.06930117 -0.03826695 0.12030820
v -0.06872674 -0.03886053 0.12060311
v -0.06920079 -0.03843430 0.12028950
v -0.06922834 -0.03843703 0.12032721
v -0.06924771 -0.03843430 0.12036970
v -0.06914131 -0.03846939 0.12027730
v -0.06908918 -0.03861054 0.12036341
v -0.06912851 -0.03861054 0.12043071
v -0.06925299 -0.03843352 0.12041681
v -0.06925783 -0.03842625 0.12041460
v -0.06902246 -0.03864359 0.12036541
v -0.06892958 -0.03875885 0.12046911
v -0.06895820 -0.03875885 0.12051800
v -0.06901358 -0.03871478 0.12052391
v -0.06874190 -0.03886053 0.12062900
v -0.06885474 -0.03880846 0.12059491
v -0.06886872 -0.03877762 0.12047941
v -0.06911119 -0.03861325 0.12039570
v -0.06894477 -0.03876060 0.12049300
v -0.06873445 -0.03886107 0.12061600
v -0.06904838 0.02344965 0.12582661
v -0.06905317 0.02344422 0.12573511
v -0.06867495 0.02348605 0.12604831
v -0.06906565 0.02343005 0.12549650
v -0.06787030 0.02356450 0.12347410
v -0.06688787 0.02366241 0.12291421
v -0.06906288 0.02343390 0.12447381
v -0.06688790 0.02366241 0.12708581
v -0.06197737 0.02410290 0.12867090
v -0.06580648 0.02377018 0.12770221
v -0.06243631 0.02410290 0.12950121
v -0.06580201 0.02379127 0.12806081
v -0.06298533 0.02410290 0.13027500
v -0.06578913 0.02385173 0.12908921
v -0.06592914 0.02410290 0.13262261
v -0.06633982 0.02402012 0.13177001
v -0.06632576 0.02401980 0.13175930
v -0.06509877 0.02410290 0.13216370
v -0.06613411 0.02401142 0.13155500
v -0.06470417 0.02410290 0.13190000
v -0.06597728 0.02399981 0.13131710
v -0.06432498 0.02410290 0.13161471
v -0.06586445 0.02398548 0.13105950
v -0.06579573 0.02396828 0.13078260
v -0.06329151 0.02410290 0.13063761
v -0.06361753 0.02410290 0.13098241
v -0.06578144 0.02390338 0.12983950
v -0.06577465 0.02394888 0.13050071
v -0.06771737 0.02410290 0.13324831
v -0.06762992 0.02401330 0.13217071
v -0.06725785 0.02410290 0.13312981
v -0.06734758 0.02402112 0.13218081
v -0.06680568 0.02410290 0.13298571
v -0.06707035 0.02402569 0.13214330
v -0.06636232 0.02410290 0.13281650
v -0.06680073 0.02402702 0.13205840
v -0.06655217 0.02402507 0.13193030
v -0.06816804 0.02398862 0.13200951
v -0.06798273 0.02399836 0.13208260
v -0.06790452 0.02400247 0.13211341
v -0.06818283 0.02410290 0.13334090
v -0.06865274 0.02410290 0.13340731
v -0.06825819 0.02398295 0.13196131
v -0.06912562 0.02410290 0.13344721
v -0.06953733 0.02391488 0.13122681
v -0.07054728 0.02410290 0.13340731
v -0.07039917 0.02386902 0.13073191
v -0.07007438 0.02410290 0.13344721
v -0.06960000 0.02410290 0.13346050
v -0.07101718 0.02410290 0.13334090
v -0.07148265 0.02410290 0.13324831
v -0.07082653 0.02386218 0.13048951
v -0.07194216 0.02410290 0.13312981
v -0.07193272 0.02384448 0.12986211
v -0.07239432 0.02410290 0.13298571
v -0.07283770 0.02410290 0.13281650
v -0.07487503 0.02410290 0.13161471
v -0.07294812 0.02383263 0.12919860
v -0.07279155 0.02383469 0.12934960
v -0.07449585 0.02410290 0.13190000
v -0.07256164 0.02383441 0.12950550
v -0.07430040 0.02410290 0.13203461
v -0.07327087 0.02410290 0.13262261
v -0.07369249 0.02410290 0.13240481
v -0.07410125 0.02410290 0.13216370
v -0.07339717 0.02379333 0.12813181
v -0.07336319 0.02380710 0.12841170
v -0.07621467 0.02410290 0.13027500
v -0.07328315 0.02381814 0.12867890
v -0.07606414 0.02410290 0.13045850
v -0.07315797 0.02382654 0.12893050
v -0.07523761 0.02410290 0.13130851
v -0.07541233 0.02410290 0.13114791
v -0.07299359 0.02383204 0.12915481
v -0.07558246 0.02410290 0.13098241
v -0.07590850 0.02410290 0.13063761
v -0.07505848 0.02410290 0.13146410
v -0.07636001 0.02410290 0.13008741
v -0.07339786 0.02378816 0.12803240
v -0.07339809 0.02378893 0.12805120
v -0.07676369 0.02410290 0.12950121
v -0.07338420 0.02374090 0.12688660
v -0.07663463 0.02410290 0.12970040
v -0.07650004 0.02410290 0.12989580
v -0.07688713 0.02410290 0.12929861
v -0.07700483 0.02410290 0.12909250
v -0.07711668 0.02410290 0.12888320
v -0.07722264 0.02410290 0.12867090
v -0.07727336 0.02410290 0.12856360
v -0.07732260 0.02410290 0.12845560
v -0.07737030 0.02410290 0.12834701
v -0.07741648 0.02410290 0.12823771
v -0.07337360 0.02370414 0.12599560
v -0.07750421 0.02410290 0.12801720
v -0.07754573 0.02410290 0.12790600
v -0.07758570 0.02410290 0.12779430
v -0.07762413 0.02410290 0.12768201
v -0.07766095 0.02410290 0.12756930
v -0.07769619 0.02410290 0.12745601
v -0.07772982 0.02410290 0.12734221
v -0.07337358 0.02370409 0.12586831
v -0.07806048 0.02410290 0.12500001
v -0.07337342 0.02370367 0.12500001
v -0.07797052 0.02410290 0.12623080
v -0.07784836 0.02410290 0.12688260
v -0.07806048 0.02410290 0.12499950
v -0.07797052 0.02410290 0.12376921
v -0.07337329 0.02370326 0.12413380
v -0.07784836 0.02410290 0.12311741
v -0.07337326 0.02370322 0.12404541
v -0.07782116 0.02410290 0.12300191
v -0.07779232 0.02410290 0.12288681
v -0.07776188 0.02410290 0.12277211
v -0.07772982 0.02410290 0.12265780
v -0.07769619 0.02410290 0.12254410
v -0.07766095 0.02410290 0.12243081
v -0.07762413 0.02410290 0.12231801
v -0.07758570 0.02410290 0.12220571
v -0.07737030 0.02410290 0.12165301
v -0.07732260 0.02410290 0.12154441
v -0.07338224 0.02373002 0.12317830
v -0.07741648 0.02410290 0.12176230
v -0.07754573 0.02410290 0.12209401
v -0.07750421 0.02410290 0.12198281
v -0.07746110 0.02410290 0.12187230
v -0.07727336 0.02410290 0.12143641
v -0.07722264 0.02410290 0.12132911
v -0.07338227 0.02373017 0.12317351
v -0.07711668 0.02410290 0.12111680
v -0.07700483 0.02410290 0.12090751
v -0.07688713 0.02410290 0.12070141
v -0.07676369 0.02410290 0.12049881
v -0.07339782 0.02378796 0.12196901
v -0.07663463 0.02410290 0.12029960
v -0.07650004 0.02410290 0.12010421
v -0.07606414 0.02410290 0.11954150
v -0.07590850 0.02410290 0.11936240
v -0.07319889 0.02382438 0.12114061
v -0.07574791 0.02410290 0.11918770
v -0.07304367 0.02383078 0.12090551
v -0.07558246 0.02410290 0.11901751
v -0.07541233 0.02410290 0.11885210
v -0.07621467 0.02410290 0.11972500
v -0.07331055 0.02381527 0.12139580
v -0.07337809 0.02380332 0.12166971
v -0.07636001 0.02410290 0.11991260
v -0.07339809 0.02378893 0.12194880
v -0.07523761 0.02410290 0.11869150
v -0.07505848 0.02410290 0.11853590
v -0.07294696 0.02383253 0.12080270
v -0.07487503 0.02410290 0.11838531
v -0.07285325 0.02383423 0.12070301
v -0.07449585 0.02410290 0.11810000
v -0.07262864 0.02383478 0.12053421
v -0.07430040 0.02410290 0.11796541
v -0.07256164 0.02383441 0.12049450
v -0.07410125 0.02410290 0.11783631
v -0.07369249 0.02410290 0.11759521
v -0.07193290 0.02384420 0.12013801
v -0.07327087 0.02410290 0.11737741
v -0.07283770 0.02410290 0.11718351
v -0.07239432 0.02410290 0.11701430
v -0.07194216 0.02410290 0.11687021
v -0.07082875 0.02386140 0.11951201
v -0.07148265 0.02410290 0.11675161
v -0.07044258 0.02386741 0.11929300
v -0.07101718 0.02410290 0.11665911
v -0.07054728 0.02410290 0.11659270
v -0.07007438 0.02410290 0.11655281
v -0.06953408 0.02391547 0.11877131
v -0.06960000 0.02410290 0.11653950
v -0.06825819 0.02398295 0.11803870
v -0.06912562 0.02410290 0.11655281
v -0.06800333 0.02399772 0.11791951
v -0.06592914 0.02410290 0.11737741
v -0.06640483 0.02402210 0.11817390
v -0.06636232 0.02410290 0.11718351
v -0.06663798 0.02402613 0.11801941
v -0.06680568 0.02410290 0.11701430
v -0.06689677 0.02402692 0.11790551
v -0.06725785 0.02410290 0.11687021
v -0.06716814 0.02402443 0.11783800
v -0.06745089 0.02401864 0.11781730
v -0.06771737 0.02410290 0.11675161
v -0.06865274 0.02410290 0.11659270
v -0.06818283 0.02410290 0.11665911
v -0.06798243 0.02399864 0.11791381
v -0.06772977 0.02400975 0.11784450
v -0.06745089 0.02401864 0.11781730
v -0.06577697 0.02395636 0.11939390
v -0.06432498 0.02410290 0.11838531
v -0.06577465 0.02394888 0.11949930
v -0.06578144 0.02390338 0.12016041
v -0.06581601 0.02397504 0.11911201
v -0.06590094 0.02399108 0.11884340
v -0.06470417 0.02410290 0.11810000
v -0.06603057 0.02400446 0.11859170
v -0.06509877 0.02410290 0.11783631
v -0.06619918 0.02401480 0.11836761
v -0.06634173 0.02401986 0.11823330
v -0.06329151 0.02410290 0.11936240
v -0.06298533 0.02410290 0.11972500
v -0.06578913 0.02385173 0.12091080
v -0.06580201 0.02379127 0.12193921
v -0.06361753 0.02410290 0.11901751
v -0.06580648 0.02377018 0.12229780
v -0.06197737 0.02410290 0.12132911
v -0.06907291 0.02342300 0.12468191
v -0.06243631 0.02410290 0.12049881
v -0.06867496 0.02348605 0.12395170
v -0.06905231 0.02344537 0.12425490
v -0.06904838 0.02344965 0.12417341
v -0.06161429 0.02410290 0.12220571
v -0.06908161 0.02341355 0.12486210
v -0.06135164 0.02410290 0.12311741
v -0.06119272 0.02410290 0.12405270
v -0.06908705 0.02340763 0.12497500
v -0.06113952 0.02410290 0.12500001
v -0.06908655 0.02340795 0.12500011
v -0.06119272 0.02410290 0.12594731
v -0.06908413 0.02340948 0.12511911
v -0.06135164 0.02410290 0.12688260
v -0.06908335 0.02340998 0.12515831
v -0.06161429 0.02410290 0.12779430
v -0.06907692 0.02341725 0.12528090
v -0.06787023 0.02356451 0.12652591
v -0.06771737 0.02410290 0.13324831
v -0.06807183 0.02410290 0.13331261
v -0.06818283 0.02410290 0.13334090
v -0.06868270 0.02410290 0.13340250
v -0.06865274 0.02410290 0.13340731
v -0.07148265 0.02410290 0.13324831
v -0.07174536 0.02410290 0.13317841
v -0.07194216 0.02410290 0.13312981
v -0.07233664 0.02410290 0.13300051
v -0.07239432 0.02410290 0.13298571
v -0.07283770 0.02410290 0.13281650
v -0.07233664 0.02410290 0.11699950
v -0.07239432 0.02410290 0.11701430
v -0.07283770 0.02410290 0.11718351
v -0.06197737 0.02410290 0.12867090
v -0.06223560 0.02410290 0.12913721
v -0.06243631 0.02410290 0.12950121
v -0.06291653 0.02410290 0.13016640
v -0.06298533 0.02410290 0.13027500
v -0.06310969 0.02410290 0.13040731
v -0.06329151 0.02410290 0.13063761
v -0.06331151 0.02410290 0.13064101
v -0.06361753 0.02410290 0.13098241
v -0.06374007 0.02410290 0.13108550
v -0.06419993 0.02410290 0.13149761
v -0.06432498 0.02410290 0.13161471
v -0.06444085 0.02410290 0.13169071
v -0.06470417 0.02410290 0.13190000
v -0.06468866 0.02410290 0.13187490
v -0.06509877 0.02410290 0.13216370
v -0.06574208 0.02410290 0.13251781
v -0.06592914 0.02410290 0.13262261
v -0.06601921 0.02410290 0.13265401
v -0.06636232 0.02410290 0.13281650
v -0.06630115 0.02410290 0.13277991
v -0.06680568 0.02410290 0.13298571
v -0.06912562 0.02410290 0.13344721
v -0.06929853 0.02410290 0.13344761
v -0.06960000 0.02410290 0.13346050
v -0.06960000 0.02410290 0.11653950
v -0.06929853 0.02410290 0.11655240
v -0.06912562 0.02410290 0.11655281
v -0.06868270 0.02410290 0.11659751
v -0.06865274 0.02410290 0.11659270
v -0.06197737 0.02410290 0.12132911
v -0.06171178 0.02410290 0.12198021
v -0.06161429 0.02410290 0.12220571
v -0.06135624 0.02410290 0.12316201
v -0.06135164 0.02410290 0.12311741
v -0.06124409 0.02410290 0.12376921
v -0.06119272 0.02410290 0.12405270
v -0.06117655 0.02410290 0.12438301
v -0.06113952 0.02410290 0.12500001
v -0.06115400 0.02410290 0.12500001
v -0.06117655 0.02410290 0.12561700
v -0.06119272 0.02410290 0.12594731
v -0.06135624 0.02410290 0.12683800
v -0.06135164 0.02410290 0.12688260
v -0.06151242 0.02410290 0.12743541
v -0.06161429 0.02410290 0.12779430
v -0.06171178 0.02410290 0.12801971
v -0.06195327 0.02410290 0.12858800
v -0.07194216 0.02410290 0.11687021
v -0.07174536 0.02410290 0.11682161
v -0.07148265 0.02410290 0.11675161
v -0.06468866 0.02410290 0.11812510
v -0.06470417 0.02410290 0.11810000
v -0.06509877 0.02410290 0.11783631
v -0.06687786 0.02410290 0.13300051
v -0.06717189 0.02410290 0.13309481
v -0.06725785 0.02410290 0.13312981
v -0.06746913 0.02410290 0.13317841
v -0.06776925 0.02410290 0.13325101
v -0.07449585 0.02410290 0.11810000
v -0.07487503 0.02410290 0.11838531
v -0.07477365 0.02410290 0.11830931
v -0.06432498 0.02410290 0.11838531
v -0.06419993 0.02410290 0.11850251
v -0.06361753 0.02410290 0.11901751
v -0.06960725 0.02410290 0.13345321
v -0.06991597 0.02410290 0.13344761
v -0.07007438 0.02410290 0.13344721
v -0.07053180 0.02410290 0.13340250
v -0.07054728 0.02410290 0.13340731
v -0.07083805 0.02410290 0.13336321
v -0.07101718 0.02410290 0.13334090
v -0.07114267 0.02410290 0.13331261
v -0.07144524 0.02410290 0.13325101
v -0.07291334 0.02410290 0.13277991
v -0.07319529 0.02410290 0.13265401
v -0.07327087 0.02410290 0.13262261
v -0.07347242 0.02410290 0.13251781
v -0.07369249 0.02410290 0.13240481
v -0.07401088 0.02410290 0.13221561
v -0.07410125 0.02410290 0.13216370
v -0.07414193 0.02410290 0.13213401
v -0.07430040 0.02410290 0.13203461
v -0.07427147 0.02410290 0.13205001
v -0.07449585 0.02410290 0.13190000
v -0.07501456 0.02410290 0.11850251
v -0.07505848 0.02410290 0.11853590
v -0.07524826 0.02410290 0.11870431
v -0.07452584 0.02410290 0.11812510
v -0.07439946 0.02410290 0.11803641
v -0.07430040 0.02410290 0.11796541
v -0.07427147 0.02410290 0.11795000
v -0.07410125 0.02410290 0.11783631
v -0.07401088 0.02410290 0.11778441
v -0.07369249 0.02410290 0.11759521
v -0.07347242 0.02410290 0.11748221
v -0.07327087 0.02410290 0.11737741
v -0.07319529 0.02410290 0.11734601
v -0.07291334 0.02410290 0.11722011
v -0.06818283 0.02410290 0.11665911
v -0.06807183 0.02410290 0.11668741
v -0.06771737 0.02410290 0.11675161
v -0.06374007 0.02410290 0.11891450
v -0.06352173 0.02410290 0.11913280
v -0.06329151 0.02410290 0.11936240
v -0.06331151 0.02410290 0.11935901
v -0.06298533 0.02410290 0.11972500
v -0.06291653 0.02410290 0.11983361
v -0.06243631 0.02410290 0.12049881
v -0.06223560 0.02410290 0.12086281
v -0.06195327 0.02410290 0.12141201
v -0.07452584 0.02410290 0.13187490
v -0.07477365 0.02410290 0.13169071
v -0.07487503 0.02410290 0.13161471
v -0.07489498 0.02410290 0.13159521
v -0.07501456 0.02410290 0.13149761
v -0.07505848 0.02410290 0.13146410
v -0.07524826 0.02410290 0.13129571
v -0.07523761 0.02410290 0.13130851
v -0.07621467 0.02410290 0.13027500
v -0.07629795 0.02410290 0.13016640
v -0.07636001 0.02410290 0.13008741
v -0.07648218 0.02410290 0.12991860
v -0.07650004 0.02410290 0.12989580
v -0.07663463 0.02410290 0.12970040
v -0.07784836 0.02410290 0.12688260
v -0.07772982 0.02410290 0.12734221
v -0.07770208 0.02410290 0.12743541
v -0.07769619 0.02410290 0.12745601
v -0.07765625 0.02410290 0.12758281
v -0.07722812 0.02410290 0.12134221
v -0.07719440 0.02410290 0.12127280
v -0.07722264 0.02410290 0.12132911
v -0.07648218 0.02410290 0.12008140
v -0.07650004 0.02410290 0.12010421
v -0.07663463 0.02410290 0.12029960
v -0.07144524 0.02410290 0.11674901
v -0.07114267 0.02410290 0.11668741
v -0.07101718 0.02410290 0.11665911
v -0.07053180 0.02410290 0.11659751
v -0.07054728 0.02410290 0.11659270
v -0.07022429 0.02410290 0.11656930
v -0.07007438 0.02410290 0.11655281
v -0.06991597 0.02410290 0.11655240
v -0.06960725 0.02410290 0.11654680
v -0.06776925 0.02410290 0.11674901
v -0.06746913 0.02410290 0.11682161
v -0.06725785 0.02410290 0.11687021
v -0.06687786 0.02410290 0.11699950
v -0.06680568 0.02410290 0.11701430
v -0.06658749 0.02410290 0.11710451
v -0.06636232 0.02410290 0.11718351
v -0.06630115 0.02410290 0.11722011
v -0.06592914 0.02410290 0.11737741
v -0.06574208 0.02410290 0.11748221
v -0.06520362 0.02410290 0.11778441
v -0.07541233 0.02410290 0.13114791
v -0.07547442 0.02410290 0.13108550
v -0.07558246 0.02410290 0.13098241
v -0.07590298 0.02410290 0.13064101
v -0.07590850 0.02410290 0.13063761
v -0.07600496 0.02410290 0.13052511
v -0.07606414 0.02410290 0.13045850
v -0.07610480 0.02410290 0.13040731
v -0.07620248 0.02410290 0.13028771
v -0.07711668 0.02410290 0.12111680
v -0.07712507 0.02410290 0.12113481
v -0.07705323 0.02410290 0.12099821
v -0.07700483 0.02410290 0.12090751
v -0.07697889 0.02410290 0.12086281
v -0.07688713 0.02410290 0.12070141
v -0.07682287 0.02410290 0.12059640
v -0.07676369 0.02410290 0.12049881
v -0.07674125 0.02410290 0.12046531
v -0.07665722 0.02410290 0.12033581
v -0.07665722 0.02410290 0.12966421
v -0.07674125 0.02410290 0.12953470
v -0.07676369 0.02410290 0.12950121
v -0.07682287 0.02410290 0.12940360
v -0.07688713 0.02410290 0.12929861
v -0.07697889 0.02410290 0.12913721
v -0.07700483 0.02410290 0.12909250
v -0.07705323 0.02410290 0.12900181
v -0.07711668 0.02410290 0.12888320
v -0.07636001 0.02410290 0.11991260
v -0.07629795 0.02410290 0.11983361
v -0.07621467 0.02410290 0.11972500
v -0.07766095 0.02410290 0.12756930
v -0.07762413 0.02410290 0.12768201
v -0.07760772 0.02410290 0.12772941
v -0.07758570 0.02410290 0.12779430
v -0.07755655 0.02410290 0.12787501
v -0.07754573 0.02410290 0.12790600
v -0.07752996 0.02410290 0.12794751
v -0.07750421 0.02410290 0.12801720
v -0.07750271 0.02410290 0.12801971
v -0.07741648 0.02410290 0.12823771
v -0.07738716 0.02410290 0.12830611
v -0.07737030 0.02410290 0.12834701
v -0.07732547 0.02410290 0.12844761
v -0.07726121 0.02410290 0.12141201
v -0.07727336 0.02410290 0.12143641
v -0.07732547 0.02410290 0.12155240
v -0.07620248 0.02410290 0.11971231
v -0.07610480 0.02410290 0.11959270
v -0.07606414 0.02410290 0.11954150
v -0.07590298 0.02410290 0.11935901
v -0.07590850 0.02410290 0.11936240
v -0.07579890 0.02410290 0.11924501
v -0.07574791 0.02410290 0.11918770
v -0.07569276 0.02410290 0.11913280
v -0.07558246 0.02410290 0.11901751
v -0.07547442 0.02410290 0.11891450
v -0.07541233 0.02410290 0.11885210
v -0.07523761 0.02410290 0.11869150
v -0.07712507 0.02410290 0.12886521
v -0.07719440 0.02410290 0.12872721
v -0.07722264 0.02410290 0.12867090
v -0.07722812 0.02410290 0.12865781
v -0.07726121 0.02410290 0.12858800
v -0.07727336 0.02410290 0.12856360
v -0.07732260 0.02410290 0.12845560
v -0.07765625 0.02410290 0.12241720
v -0.07769619 0.02410290 0.12254410
v -0.07770208 0.02410290 0.12256460
v -0.07772982 0.02410290 0.12265780
v -0.07774211 0.02410290 0.12270190
v -0.07776188 0.02410290 0.12277211
v -0.07777980 0.02410290 0.12283980
v -0.07779232 0.02410290 0.12288681
v -0.07779777 0.02410290 0.12290900
v -0.07781517 0.02410290 0.12297831
v -0.07782116 0.02410290 0.12300191
v -0.07784836 0.02410290 0.12311741
v -0.07759518 0.02410290 0.12223411
v -0.07758248 0.02410290 0.12219771
v -0.07758570 0.02410290 0.12220571
v -0.07755655 0.02410290 0.12212501
v -0.07754573 0.02410290 0.12209401
v -0.07750271 0.02410290 0.12198021
v -0.07750421 0.02410290 0.12198281
v -0.07747480 0.02410290 0.12190831
v -0.07746110 0.02410290 0.12187230
v -0.07744623 0.02410290 0.12183651
v -0.07741648 0.02410290 0.12176230
v -0.07738716 0.02410290 0.12169391
v -0.07737030 0.02410290 0.12165301
v -0.07732260 0.02410290 0.12154441
v -0.07760772 0.02410290 0.12227061
v -0.07762413 0.02410290 0.12231801
v -0.07766095 0.02410290 0.12243081
v -0.07595002 0.02526912 0.11737841
v -0.07348529 0.02526912 0.11587420
v -0.06924511 0.02526912 0.11509101
v -0.06780620 0.02526912 0.11524930
v -0.06383774 0.02526912 0.11693571
v -0.06383774 0.02526912 0.13306431
v -0.07348529 0.02526912 0.13412580
v -0.07832531 0.02425144 0.12237710
v -0.07802170 0.02414051 0.12246850
v -0.07830062 0.02414051 0.12372060
v -0.07233664 0.02410290 0.11699950
v -0.07291334 0.02410290 0.11722011
v -0.07304390 0.02414051 0.11691291
v -0.07144524 0.02410290 0.11674901
v -0.07174536 0.02410290 0.11682161
v -0.07182978 0.02414051 0.11649871
v -0.06868270 0.02410290 0.11659751
v -0.06929853 0.02410290 0.11655240
v -0.06928633 0.02414051 0.11621881
v -0.06776925 0.02410290 0.11674901
v -0.06807183 0.02410290 0.11668741
v -0.06801120 0.02414051 0.11635911
v -0.06658749 0.02410290 0.11710451
v -0.06687786 0.02410290 0.11699950
v -0.06677008 0.02414051 0.11668361
v -0.06520362 0.02410290 0.11778441
v -0.06574208 0.02410290 0.11748221
v -0.06558944 0.02414051 0.11718531
v -0.06195327 0.02410290 0.12141201
v -0.06223560 0.02410290 0.12086281
v -0.06194453 0.02414051 0.12069951
v -0.06419993 0.02410290 0.13149761
v -0.06374007 0.02410290 0.13108550
v -0.06350840 0.02414051 0.13132581
v -0.06601921 0.02410290 0.13265401
v -0.06574208 0.02410290 0.13251781
v -0.06558944 0.02414051 0.13281470
v -0.06868270 0.02410290 0.13340250
v -0.06807183 0.02410290 0.13331261
v -0.06801120 0.02414051 0.13364080
v -0.07233664 0.02410290 0.13300051
v -0.07174536 0.02410290 0.13317841
v -0.07182978 0.02414051 0.13350130
v -0.07600496 0.02410290 0.13052511
v -0.07590298 0.02410290 0.13064101
v -0.07615158 0.02414051 0.13086370
v -0.06002053 0.02557280 0.12232500
v -0.05989672 0.02557051 0.12283700
v -0.05992883 0.02526912 0.12284401
v -0.05985783 0.02556979 0.12700220
v -0.05989672 0.02557051 0.12716301
v -0.05992883 0.02526912 0.12715600
v -0.07858535 0.02526912 0.12920881
v -0.07699213 0.02526912 0.11838311
v -0.07765625 0.02410290 0.12241720
v -0.07770208 0.02410290 0.12256460
v -0.07774211 0.02410290 0.12270190
v -0.07777980 0.02410290 0.12283980
v -0.07779777 0.02410290 0.12290900
v -0.07781517 0.02410290 0.12297831
v -0.07784836 0.02410290 0.12311741
v -0.07792244 0.02410290 0.12377460
v -0.07806048 0.02410290 0.12499950
v -0.07839428 0.02414051 0.12500001
v -0.07806048 0.02410290 0.12500001
v -0.07792241 0.02410290 0.12622541
v -0.07787687 0.02526912 0.11952891
v -0.07775737 0.02559913 0.11928670
v -0.07798256 0.02559708 0.11962221
v -0.07858535 0.02526912 0.12079120
v -0.07795038 0.02559556 0.11957241
v -0.07790736 0.02559635 0.11950870
v -0.07919388 0.02557253 0.12232471
v -0.07910247 0.02526912 0.12214331
v -0.07935666 0.02556952 0.12299781
v -0.07941722 0.02526912 0.12355630
v -0.07918383 0.02557386 0.12228891
v -0.07948566 0.02558525 0.12378271
v -0.07946664 0.02556748 0.12363951
v -0.07945153 0.02556776 0.12355131
v -0.07941722 0.02526912 0.12644371
v -0.07945153 0.02556776 0.12644871
v -0.07946664 0.02556748 0.12636050
v -0.07947467 0.02557038 0.12630141
v -0.07952288 0.02526912 0.12500001
v -0.07910247 0.02526912 0.12785670
v -0.07915226 0.02559239 0.12782120
v -0.07919388 0.02557253 0.12767531
v -0.07935666 0.02556952 0.12700220
v -0.07798243 0.02559707 0.13037801
v -0.07787687 0.02526912 0.13047111
v -0.07795038 0.02559556 0.13042760
v -0.07790735 0.02559635 0.13049131
v -0.07775699 0.02559914 0.13071390
v -0.06096032 0.02526912 0.12985291
v -0.06123266 0.02559729 0.13037891
v -0.06126427 0.02559583 0.13042780
v -0.06145025 0.02559927 0.13070351
v -0.06175905 0.02526912 0.13106020
v -0.06002053 0.02557280 0.12767511
v -0.06003035 0.02557407 0.12771010
v -0.06034589 0.02526912 0.12854221
v -0.05971806 0.02526912 0.12572381
v -0.05972886 0.02558552 0.12621760
v -0.05974788 0.02556775 0.12636081
v -0.05985783 0.02556979 0.12299781
v -0.05974788 0.02556775 0.12363920
v -0.05971806 0.02526912 0.12427621
v -0.05973994 0.02557058 0.12369761
v -0.06034589 0.02526912 0.12145781
v -0.06006216 0.02559266 0.12217911
v -0.06126427 0.02559583 0.11957220
v -0.06123278 0.02559728 0.11962091
v -0.06096032 0.02526912 0.12014711
v -0.06145061 0.02559928 0.11929590
v -0.06175905 0.02526912 0.11893980
v -0.07752996 0.02410290 0.12794751
v -0.07750271 0.02410290 0.12801971
v -0.07756344 0.02414051 0.12872971
v -0.07802170 0.02414051 0.12753151
v -0.07770208 0.02410290 0.12743541
v -0.07765625 0.02410290 0.12758281
v -0.07760772 0.02410290 0.12772941
v -0.07755655 0.02410290 0.12787501
v -0.07738716 0.02410290 0.12830611
v -0.07732547 0.02410290 0.12844761
v -0.07726121 0.02410290 0.12858800
v -0.07697889 0.02410290 0.12913721
v -0.07682287 0.02410290 0.12940360
v -0.07693560 0.02414051 0.12984841
v -0.07705323 0.02410290 0.12900181
v -0.07722812 0.02410290 0.12865781
v -0.07719440 0.02410290 0.12872721
v -0.07712507 0.02410290 0.12886521
v -0.07674125 0.02410290 0.12953470
v -0.07665722 0.02410290 0.12966421
v -0.07648218 0.02410290 0.12991860
v -0.07629795 0.02410290 0.13016640
v -0.07620248 0.02410290 0.13028771
v -0.07610480 0.02410290 0.13040731
v -0.07477365 0.02410290 0.13169071
v -0.07452584 0.02410290 0.13187490
v -0.07418476 0.02414051 0.13250051
v -0.07547442 0.02410290 0.13108550
v -0.07524826 0.02410290 0.13129571
v -0.07522806 0.02414051 0.13175411
v -0.07501456 0.02410290 0.13149761
v -0.07489498 0.02410290 0.13159521
v -0.07427147 0.02410290 0.13205001
v -0.07414193 0.02410290 0.13213401
v -0.07401088 0.02410290 0.13221561
v -0.07347242 0.02410290 0.13251781
v -0.07319529 0.02410290 0.13265401
v -0.07304390 0.02414051 0.13308710
v -0.07291334 0.02410290 0.13277991
v -0.07144524 0.02410290 0.13325101
v -0.07114267 0.02410290 0.13331261
v -0.07056829 0.02414051 0.13373431
v -0.07083805 0.02410290 0.13336321
v -0.07053180 0.02410290 0.13340250
v -0.06991597 0.02410290 0.13344761
v -0.06960725 0.02410290 0.13345321
v -0.06928633 0.02414051 0.13378110
v -0.06929853 0.02410290 0.13344761
v -0.06776925 0.02410290 0.13325101
v -0.06746913 0.02410290 0.13317841
v -0.06677008 0.02414051 0.13331641
v -0.06717189 0.02410290 0.13309481
v -0.06687786 0.02410290 0.13300051
v -0.06630115 0.02410290 0.13277991
v -0.06444085 0.02410290 0.13169071
v -0.06331151 0.02410290 0.13064101
v -0.06310969 0.02410290 0.13040731
v -0.06265235 0.02414051 0.13037041
v -0.06223560 0.02410290 0.12913721
v -0.06195327 0.02410290 0.12858800
v -0.06140002 0.02414051 0.12813901
v -0.06171178 0.02410290 0.12801971
v -0.06151242 0.02410290 0.12743541
v -0.06103045 0.02414051 0.12691060
v -0.06117655 0.02410290 0.12561700
v -0.06115400 0.02410290 0.12500001
v -0.06084366 0.02414051 0.12435860
v -0.06117655 0.02410290 0.12438301
v -0.06124409 0.02410290 0.12376921
v -0.06103045 0.02414051 0.12308941
v -0.06171178 0.02410290 0.12198021
v -0.06331151 0.02410290 0.11935901
v -0.06352173 0.02410290 0.11913280
v -0.06350840 0.02414051 0.11867421
v -0.06374007 0.02410290 0.11891450
v -0.06419993 0.02410290 0.11850251
v -0.06449444 0.02414051 0.11785361
v -0.06468866 0.02410290 0.11812510
v -0.06630115 0.02410290 0.11722011
v -0.06746913 0.02410290 0.11682161
v -0.06960725 0.02410290 0.11654680
v -0.06991597 0.02410290 0.11655240
v -0.07056829 0.02414051 0.11626571
v -0.07022429 0.02410290 0.11656930
v -0.07053180 0.02410290 0.11659751
v -0.07114267 0.02410290 0.11668741
v -0.07319529 0.02410290 0.11734601
v -0.07347242 0.02410290 0.11748221
v -0.07418476 0.02414051 0.11749950
v -0.07401088 0.02410290 0.11778441
v -0.07427147 0.02410290 0.11795000
v -0.07439946 0.02410290 0.11803641
v -0.07452584 0.02410290 0.11812510
v -0.07522806 0.02414051 0.11824591
v -0.07477365 0.02410290 0.11830931
v -0.07501456 0.02410290 0.11850251
v -0.07524826 0.02410290 0.11870431
v -0.07547442 0.02410290 0.11891450
v -0.07569276 0.02410290 0.11913280
v -0.07615158 0.02414051 0.11913630
v -0.07629795 0.02410290 0.11983361
v -0.07648218 0.02410290 0.12008140
v -0.07693560 0.02414051 0.12015161
v -0.07579890 0.02410290 0.11924501
v -0.07590298 0.02410290 0.11935901
v -0.07610480 0.02410290 0.11959270
v -0.07620248 0.02410290 0.11971231
v -0.07665722 0.02410290 0.12033581
v -0.07674125 0.02410290 0.12046531
v -0.07682287 0.02410290 0.12059640
v -0.07705323 0.02410290 0.12099821
v -0.07712507 0.02410290 0.12113481
v -0.07756344 0.02414051 0.12127031
v -0.07697889 0.02410290 0.12086281
v -0.07719440 0.02410290 0.12127280
v -0.07722812 0.02410290 0.12134221
v -0.07726121 0.02410290 0.12141201
v -0.07732547 0.02410290 0.12155240
v -0.07738716 0.02410290 0.12169391
v -0.07744623 0.02410290 0.12183651
v -0.07747480 0.02410290 0.12190831
v -0.07750271 0.02410290 0.12198021
v -0.07755655 0.02410290 0.12212501
v -0.07758248 0.02410290 0.12219771
v -0.07759518 0.02410290 0.12223411
v -0.07760772 0.02410290 0.12227061
v -0.07785051 0.02425144 0.12113570
v -0.07832531 0.02425144 0.12237710
v -0.07810802 0.02443015 0.12101501
v -0.07720002 0.02425144 0.11997671
v -0.07743721 0.02443015 0.11981981
v -0.07763530 0.02466766 0.11968870
v -0.07889567 0.02443015 0.12636700
v -0.07913066 0.02466766 0.12640161
v -0.07923323 0.02466766 0.12500001
v -0.07882511 0.02466766 0.12777321
v -0.07859765 0.02443015 0.12770481
v -0.07832531 0.02425144 0.12762291
v -0.07638771 0.02425144 0.11892470
v -0.07659952 0.02443015 0.11873491
v -0.07677642 0.02466766 0.11857641
v -0.07690951 0.02495207 0.11845711
v -0.07543087 0.02425144 0.11800220
v -0.07561280 0.02443015 0.11778361
v -0.07576474 0.02466766 0.11760100
v -0.07587905 0.02495207 0.11746370
v -0.07930745 0.02495207 0.12357241
v -0.07941195 0.02495207 0.12500001
v -0.07930745 0.02495207 0.12642760
v -0.07899623 0.02495207 0.12782471
v -0.07785051 0.02425144 0.12886431
v -0.07720002 0.02425144 0.13002331
v -0.07810802 0.02443015 0.12898501
v -0.07743721 0.02443015 0.13018021
v -0.07832309 0.02466766 0.12908581
v -0.07763530 0.02466766 0.13031130
v -0.07848490 0.02495207 0.12916170
v -0.07778434 0.02495207 0.13040990
v -0.07638771 0.02425144 0.13107531
v -0.07659952 0.02443015 0.13126511
v -0.07677642 0.02466766 0.13142361
v -0.07690951 0.02495207 0.13154290
v -0.07699213 0.02526912 0.13161690
v -0.07434993 0.02425144 0.13277120
v -0.07316790 0.02425144 0.13337891
v -0.07449808 0.02443015 0.13301391
v -0.07327912 0.02443015 0.13364060
v -0.07462181 0.02466766 0.13321671
v -0.07337202 0.02466766 0.13385921
v -0.07471490 0.02495207 0.13336921
v -0.07344191 0.02495207 0.13402370
v -0.07477269 0.02526912 0.13346390
v -0.07060297 0.02425144 0.13404940
v -0.06927475 0.02425144 0.13409801
v -0.07063407 0.02443015 0.13433211
v -0.06926436 0.02443015 0.13438221
v -0.07066005 0.02466766 0.13456821
v -0.06925568 0.02466766 0.13461960
v -0.07067959 0.02495207 0.13474590
v -0.06924916 0.02495207 0.13479821
v -0.07069173 0.02526912 0.13485621
v -0.06924511 0.02526912 0.13490900
v -0.06468866 0.02410290 0.13187490
v -0.06449444 0.02414051 0.13214640
v -0.06544448 0.02425144 0.13309661
v -0.06430996 0.02425144 0.13240421
v -0.06531444 0.02443015 0.13334960
v -0.06414448 0.02443015 0.13263550
v -0.06520584 0.02466766 0.13356081
v -0.06400628 0.02466766 0.13282871
v -0.06512413 0.02495207 0.13371970
v -0.06390230 0.02495207 0.13297411
v -0.06507341 0.02526912 0.13381841
v -0.06194453 0.02414051 0.12930051
v -0.06240141 0.02425144 0.13056420
v -0.06166805 0.02425144 0.12945571
v -0.06217630 0.02443015 0.13073801
v -0.06142003 0.02443015 0.12959490
v -0.06198831 0.02466766 0.13088311
v -0.06121291 0.02466766 0.12971111
v -0.06184686 0.02495207 0.13099241
v -0.06105707 0.02495207 0.12979861
v -0.06110390 0.02425144 0.12825231
v -0.06072099 0.02425144 0.12697951
v -0.06083826 0.02443015 0.12835381
v -0.06044338 0.02443015 0.12704130
v -0.06061642 0.02466766 0.12843871
v -0.06021155 0.02466766 0.12709301
v -0.06044950 0.02495207 0.12850251
v -0.06003712 0.02495207 0.12713180
v -0.06084366 0.02414051 0.12564141
v -0.06052746 0.02425144 0.12566460
v -0.06024382 0.02443015 0.12568531
v -0.06000693 0.02466766 0.12570270
v -0.05982870 0.02495207 0.12571570
v -0.06052746 0.02425144 0.12433551
v -0.06072099 0.02425144 0.12302051
v -0.06024382 0.02443015 0.12431470
v -0.06044338 0.02443015 0.12295871
v -0.06000693 0.02466766 0.12429741
v -0.06021155 0.02466766 0.12290700
v -0.05982870 0.02495207 0.12428431
v -0.06003712 0.02495207 0.12286821
v -0.06140002 0.02414051 0.12186101
v -0.06110390 0.02425144 0.12174781
v -0.06083826 0.02443015 0.12164621
v -0.06061642 0.02466766 0.12156131
v -0.06044950 0.02495207 0.12149750
v -0.06135624 0.02410290 0.12316201
v -0.06110390 0.02425144 0.12174781
v -0.06166805 0.02425144 0.12054430
v -0.06142003 0.02443015 0.12040510
v -0.06121291 0.02466766 0.12028891
v -0.06105707 0.02495207 0.12020141
v -0.06291653 0.02410290 0.11983361
v -0.06265235 0.02414051 0.11962961
v -0.06240141 0.02425144 0.11943580
v -0.06217630 0.02443015 0.11926201
v -0.06198831 0.02466766 0.11911690
v -0.06184686 0.02495207 0.11900760
v -0.06328834 0.02425144 0.11844600
v -0.06430996 0.02425144 0.11759581
v -0.06309094 0.02443015 0.11824121
v -0.06414448 0.02443015 0.11736451
v -0.06292609 0.02466766 0.11807020
v -0.06400628 0.02466766 0.11717131
v -0.06280206 0.02495207 0.11794160
v -0.06390230 0.02495207 0.11702591
v -0.06272506 0.02526912 0.11786171
v -0.06666772 0.02425144 0.11638360
v -0.06795362 0.02425144 0.11604741
v -0.06657589 0.02443015 0.11611441
v -0.06790195 0.02443015 0.11576771
v -0.06649921 0.02466766 0.11588961
v -0.06785881 0.02466766 0.11553411
v -0.06644150 0.02495207 0.11572050
v -0.06782637 0.02495207 0.11535840
v -0.06640570 0.02526912 0.11561551
v -0.07190998 0.02425144 0.11619201
v -0.07316790 0.02425144 0.11662111
v -0.07198191 0.02443015 0.11591681
v -0.07327912 0.02443015 0.11635940
v -0.07204198 0.02466766 0.11568700
v -0.07337202 0.02466766 0.11614081
v -0.07208718 0.02495207 0.11551410
v -0.07344191 0.02495207 0.11597631
v -0.07211525 0.02526912 0.11540680
v -0.07778434 0.02495207 0.11959011
v -0.07848490 0.02495207 0.12083831
v -0.07832309 0.02466766 0.12091421
v -0.07882511 0.02466766 0.12222680
v -0.07859765 0.02443015 0.12229520
v -0.07889567 0.02443015 0.12363301
v -0.07861429 0.02425144 0.12367441
v -0.07871132 0.02425144 0.12500001
v -0.07830062 0.02414051 0.12627941
v -0.07784836 0.02410290 0.12688260
v -0.07899623 0.02495207 0.12217531
v -0.07913066 0.02466766 0.12359851
v -0.07899572 0.02443015 0.12500001
v -0.07861429 0.02425144 0.12632561
v -0.07832531 0.02425144 0.12762291
v -0.07595002 0.02526912 0.13262160
v -0.07587905 0.02495207 0.13253631
v -0.07576474 0.02466766 0.13239901
v -0.07561280 0.02443015 0.13221641
v -0.07543087 0.02425144 0.13199781
v -0.07211525 0.02526912 0.13459321
v -0.07208718 0.02495207 0.13448591
v -0.07204198 0.02466766 0.13431301
v -0.07198191 0.02443015 0.13408321
v -0.07190998 0.02425144 0.13380801
v -0.06780620 0.02526912 0.13475071
v -0.06782637 0.02495207 0.13464161
v -0.06785881 0.02466766 0.13446581
v -0.06790195 0.02443015 0.13423231
v -0.06795362 0.02425144 0.13395261
v -0.06640570 0.02526912 0.13438451
v -0.06644150 0.02495207 0.13427961
v -0.06649921 0.02466766 0.13411040
v -0.06657589 0.02443015 0.13388561
v -0.06666772 0.02425144 0.13361651
v -0.06272506 0.02526912 0.13213831
v -0.06280206 0.02495207 0.13205840
v -0.06292609 0.02466766 0.13192980
v -0.06309094 0.02443015 0.13175881
v -0.06328834 0.02425144 0.13155401
v -0.06110390 0.02425144 0.12825231
v -0.06291653 0.02410290 0.13016640
v -0.06135624 0.02410290 0.12683800
v -0.06507341 0.02526912 0.11618161
v -0.06512413 0.02495207 0.11628030
v -0.06520584 0.02466766 0.11643921
v -0.06531444 0.02443015 0.11665040
v -0.06544448 0.02425144 0.11690340
v -0.06924916 0.02495207 0.11520190
v -0.06925568 0.02466766 0.11538041
v -0.06926436 0.02443015 0.11561780
v -0.06927475 0.02425144 0.11590201
v -0.07069173 0.02526912 0.11514390
v -0.07067959 0.02495207 0.11525410
v -0.07066005 0.02466766 0.11543181
v -0.07063407 0.02443015 0.11566791
v -0.07060297 0.02425144 0.11595061
v -0.07477269 0.02526912 0.11653611
v -0.07471490 0.02495207 0.11663080
v -0.07462181 0.02466766 0.11678331
v -0.07449808 0.02443015 0.11698610
v -0.07434993 0.02425144 0.11722880
v -0.06936547 0.02312421 0.12680990
v -0.06935224 0.02315180 0.12676651
v -0.06831256 0.02324832 0.12736751
v -0.06912829 0.02344292 0.12606180
v -0.06908866 0.02345125 0.12594430
v -0.06927455 0.02331376 0.12651171
v -0.06818367 0.02342507 0.12710750
v -0.06926435 0.02332779 0.12647941
v -0.06803366 0.02353230 0.12682210
v -0.06924599 0.02335300 0.12642151
v -0.06915976 0.02341888 0.12615790
v -0.06841371 0.02301114 0.12758871
v -0.06942070 0.02291520 0.12700680
v -0.06938607 0.02306239 0.12688061
v -0.06848197 0.02272567 0.12775991
v -0.06946206 0.02270508 0.12716331
v -0.06944619 0.02280682 0.12709971
v -0.06851380 0.02240657 0.12787211
v -0.06948935 0.02241425 0.12729181
v -0.06946878 0.02263347 0.12719491
v -0.06949430 0.02228257 0.12732811
v -0.06949308 0.02231490 0.12731920
v -0.06745259 0.02230028 0.12850721
v -0.06745352 0.02223740 0.12851121
v -0.06732287 0.02283523 0.12840771
v -0.06736595 0.02274975 0.12843291
v -0.06742305 0.02255941 0.12847280
v -0.06742845 0.02251191 0.12847910
v -0.06724340 0.02299290 0.12836130
v -0.06713485 0.02314228 0.12830370
v -0.06692681 0.02335012 0.12819991
v -0.06687973 0.02338480 0.12817751
v -0.06677056 0.02346523 0.12812560
v -0.06619503 0.02370836 0.12786761
v -0.06626261 0.02369507 0.12789660
v -0.06648893 0.02361509 0.12799670
v -0.06655770 0.02357850 0.12802811
v -0.06593225 0.02376002 0.12775490
v -0.06581375 0.02376981 0.12770521
v -0.06614798 0.02388245 0.13050550
v -0.06702777 0.02302836 0.12873160
v -0.06701326 0.02305164 0.12871781
v -0.06701364 0.02308007 0.12913851
v -0.06581269 0.02376997 0.12770701
v -0.06638858 0.02363133 0.12816961
v -0.06615951 0.02378240 0.12909360
v -0.06650299 0.02356304 0.12826591
v -0.06650090 0.02362314 0.12910381
v -0.06662796 0.02348845 0.12837110
v -0.06619581 0.02370582 0.12801180
v -0.06616975 0.02371110 0.12799090
v -0.06591394 0.02376294 0.12778651
v -0.06679172 0.02338400 0.12911910
v -0.06693637 0.02317485 0.12864471
v -0.06679139 0.02334170 0.12851401
v -0.06676046 0.02337730 0.12848611
v -0.06715268 0.02273053 0.12916091
v -0.06717724 0.02259996 0.12889411
v -0.06714975 0.02271034 0.12886080
v -0.06713025 0.02278860 0.12883721
v -0.06715206 0.02282982 0.13058111
v -0.06701131 0.02318106 0.13055581
v -0.06678673 0.02348587 0.13053400
v -0.06649269 0.02372476 0.13051681
v -0.06616165 0.02389897 0.13072521
v -0.06800428 0.02391640 0.13168070
v -0.06753936 0.02286020 0.13081290
v -0.06762406 0.02320851 0.13092330
v -0.06752542 0.02286528 0.13082140
v -0.06748405 0.02287772 0.13084011
v -0.06744023 0.02288747 0.13085100
v -0.06739473 0.02289452 0.13085390
v -0.06734978 0.02289864 0.13084850
v -0.06730606 0.02289984 0.13083501
v -0.06726596 0.02289808 0.13081400
v -0.06798273 0.02399836 0.13208260
v -0.06779954 0.02392833 0.13176351
v -0.06758568 0.02393769 0.13180970
v -0.06736544 0.02394446 0.13181870
v -0.06714904 0.02394843 0.13179000
v -0.06693859 0.02394958 0.13172391
v -0.06674475 0.02394789 0.13162371
v -0.06722985 0.02289332 0.13078571
v -0.06719990 0.02288577 0.13075181
v -0.06717625 0.02287532 0.13071261
v -0.06716033 0.02286247 0.13067040
v -0.06715216 0.02284709 0.13062580
v -0.06701134 0.02319664 0.13062691
v -0.06702420 0.02321057 0.13069791
v -0.06704933 0.02322225 0.13076481
v -0.06708673 0.02323177 0.13082700
v -0.06713407 0.02323867 0.13088071
v -0.06719120 0.02324302 0.13092551
v -0.06725463 0.02324463 0.13095881
v -0.06732381 0.02324353 0.13098020
v -0.06739493 0.02323976 0.13098870
v -0.06746701 0.02323332 0.13098400
v -0.06753640 0.02322443 0.13096660
v -0.06760196 0.02321312 0.13093680
v -0.06774688 0.02351181 0.13110671
v -0.06678926 0.02350057 0.13064481
v -0.06681140 0.02351376 0.13075481
v -0.06685208 0.02352484 0.13085810
v -0.06691127 0.02353388 0.13095400
v -0.06698543 0.02354044 0.13103661
v -0.06707431 0.02354458 0.13110561
v -0.06717266 0.02354612 0.13115691
v -0.06727975 0.02354507 0.13119021
v -0.06738987 0.02354148 0.13120380
v -0.06750164 0.02353536 0.13119761
v -0.06760962 0.02352691 0.13117180
v -0.06771213 0.02351618 0.13112711
v -0.06790010 0.02375114 0.13135151
v -0.06649995 0.02373971 0.13067821
v -0.06653521 0.02375312 0.13083781
v -0.06659668 0.02376437 0.13098690
v -0.06668434 0.02377355 0.13112501
v -0.06679299 0.02378021 0.13124381
v -0.06692240 0.02378441 0.13134310
v -0.06706514 0.02378596 0.13141721
v -0.06722029 0.02378490 0.13146581
v -0.06737983 0.02378126 0.13148621
v -0.06754203 0.02377505 0.13147851
v -0.06769918 0.02376648 0.13144300
v -0.06784909 0.02375558 0.13138030
v -0.06807416 0.02391152 0.13164240
v -0.06621284 0.02391370 0.13094150
v -0.06629895 0.02392603 0.13114321
v -0.06641987 0.02393606 0.13132950
v -0.06656855 0.02394331 0.13148981
v -0.07238467 0.02375703 0.12918990
v -0.07082653 0.02386218 0.13048951
v -0.07021878 0.02379332 0.13041611
v -0.07005056 0.02363063 0.13012771
v -0.07222284 0.02359345 0.12890021
v -0.06990483 0.02339093 0.12988421
v -0.07208597 0.02335360 0.12865391
v -0.06979052 0.02308893 0.12970061
v -0.07198243 0.02305210 0.12846610
v -0.06971463 0.02274312 0.12958831
v -0.07191849 0.02270728 0.12834821
v -0.07294812 0.02383263 0.12919860
v -0.07272100 0.02375494 0.12891640
v -0.07201375 0.02270009 0.12825481
v -0.07198793 0.02270511 0.12829140
v -0.07209201 0.02305009 0.12837641
v -0.07204399 0.02268236 0.12817051
v -0.07204734 0.02266985 0.12812551
v -0.07204680 0.02266587 0.12811271
v -0.07303026 0.02372092 0.12811791
v -0.07303035 0.02371708 0.12805511
v -0.07300574 0.02373298 0.12833611
v -0.07269245 0.02356000 0.12811001
v -0.07269191 0.02355646 0.12806391
v -0.07294490 0.02374269 0.12854470
v -0.07267636 0.02357115 0.12827050
v -0.07240481 0.02332059 0.12810871
v -0.07240390 0.02331710 0.12807700
v -0.07284845 0.02375008 0.12874120
v -0.07263309 0.02358014 0.12842431
v -0.07239537 0.02333159 0.12821920
v -0.07218521 0.02301759 0.12811391
v -0.07218431 0.02301393 0.12809360
v -0.07203276 0.02269243 0.12821381
v -0.07213270 0.02304545 0.12831850
v -0.07225605 0.02335168 0.12851501
v -0.07216259 0.02303837 0.12825361
v -0.07231966 0.02334723 0.12842551
v -0.07247007 0.02359150 0.12869871
v -0.07256321 0.02358699 0.12856940
v -0.07236689 0.02334046 0.12832531
v -0.07218016 0.02302910 0.12818511
v -0.07256382 0.02375728 0.12906841
v -0.07235467 0.02359367 0.12881081
v -0.07217679 0.02335383 0.12859241
v -0.07204103 0.02305233 0.12842650
v -0.07195562 0.02270753 0.12832311
v -0.07256321 0.02358699 0.12856940
v -0.07301783 0.02365524 0.12317061
v -0.07303035 0.02371708 0.12194491
v -0.07268302 0.02349296 0.12316440
v -0.07269191 0.02355646 0.12193610
v -0.07239852 0.02325333 0.12315530
v -0.07240390 0.02331710 0.12192300
v -0.07218177 0.02295109 0.12314380
v -0.07218431 0.02301393 0.12190641
v -0.07204615 0.02260484 0.12313061
v -0.07204680 0.02266587 0.12188730
v -0.07301068 0.02362655 0.12404371
v -0.07267797 0.02346334 0.12404021
v -0.07239544 0.02322356 0.12403511
v -0.07218033 0.02292184 0.12402861
v -0.07204580 0.02257661 0.12402121
v -0.07204580 0.02257758 0.12602070
v -0.07218039 0.02292285 0.12601301
v -0.07239556 0.02322459 0.12600631
v -0.07267817 0.02346436 0.12600101
v -0.07301094 0.02362754 0.12599731
v -0.07337342 0.02370367 0.12500001
v -0.07202006 0.02269812 0.12175680
v -0.07203675 0.02268980 0.12179841
v -0.07216884 0.02303596 0.12176561
v -0.07294696 0.02383253 0.12080270
v -0.07261187 0.02375687 0.12097261
v -0.07196553 0.02270711 0.12168551
v -0.07192933 0.02270762 0.12165821
v -0.07191849 0.02270728 0.12165181
v -0.07243690 0.02375736 0.12084101
v -0.07238467 0.02375703 0.12081010
v -0.07226129 0.02359375 0.12112250
v -0.07222284 0.02359345 0.12109981
v -0.07275988 0.02375382 0.12113061
v -0.07238998 0.02359329 0.12121940
v -0.07211249 0.02335390 0.12136171
v -0.07208597 0.02335360 0.12134611
v -0.07288008 0.02374818 0.12131431
v -0.07249852 0.02359046 0.12133600
v -0.07220108 0.02335345 0.12142850
v -0.07199955 0.02305241 0.12154391
v -0.07198243 0.02305210 0.12153390
v -0.07199586 0.02270396 0.12171840
v -0.07214263 0.02304363 0.12169980
v -0.07237690 0.02333814 0.12170440
v -0.07210451 0.02304903 0.12163910
v -0.07233528 0.02334549 0.12160280
v -0.07264814 0.02357779 0.12161870
v -0.07296586 0.02374016 0.12151371
v -0.07258622 0.02358523 0.12147161
v -0.07227555 0.02335066 0.12150901
v -0.07205667 0.02305194 0.12158700
v -0.07301683 0.02372967 0.12172741
v -0.07268399 0.02356809 0.12177621
v -0.07240018 0.02332857 0.12181311
v -0.07218297 0.02302594 0.12183571
v -0.07204581 0.02267893 0.12184270
v -0.06807416 0.02391152 0.11835760
v -0.06753936 0.02286020 0.11918711
v -0.06975885 0.02274146 0.12043661
v -0.06762406 0.02320851 0.11907670
v -0.06983452 0.02308722 0.12032421
v -0.06774688 0.02351181 0.11889341
v -0.06994863 0.02338920 0.12014061
v -0.06790010 0.02375114 0.11864850
v -0.07009418 0.02362891 0.11989711
v -0.07026226 0.02379163 0.11960871
v -0.07082875 0.02386140 0.11951201
v -0.06745259 0.02230028 0.12149280
v -0.06742845 0.02251191 0.12152090
v -0.06851388 0.02240656 0.12212790
v -0.06581375 0.02376981 0.12229481
v -0.06916057 0.02342276 0.12384041
v -0.06949530 0.02218338 0.12265250
v -0.06946929 0.02264884 0.12280610
v -0.06949195 0.02235890 0.12269140
v -0.06949279 0.02231477 0.12268161
v -0.06848204 0.02272566 0.12224020
v -0.06944023 0.02283970 0.12292331
v -0.06841379 0.02301113 0.12241131
v -0.06942116 0.02291605 0.12299200
v -0.06922732 0.02337456 0.12363681
v -0.06926252 0.02331927 0.12352440
v -0.06818373 0.02342506 0.12289261
v -0.06932788 0.02321661 0.12331581
v -0.06831263 0.02324832 0.12263260
v -0.06935244 0.02315313 0.12323311
v -0.06937928 0.02308384 0.12314290
v -0.06917588 0.02341908 0.12379490
v -0.06803373 0.02353229 0.12317801
v -0.06593225 0.02376002 0.12224511
v -0.06655770 0.02357850 0.12197191
v -0.06648893 0.02361509 0.12200331
v -0.06626261 0.02369507 0.12210341
v -0.06619503 0.02370836 0.12213241
v -0.06713485 0.02314228 0.12169630
v -0.06692681 0.02335012 0.12180011
v -0.06687973 0.02338480 0.12182251
v -0.06677056 0.02346523 0.12187440
v -0.06742305 0.02255941 0.12152720
v -0.06736595 0.02274975 0.12156711
v -0.06732287 0.02283523 0.12159231
v -0.06724340 0.02299290 0.12163871
v -0.06745352 0.02223740 0.12148881
v -0.06749965 0.02287344 0.11916591
v -0.06766349 0.02393462 0.11820270
v -0.06736564 0.02289751 0.11914860
v -0.06741141 0.02289228 0.11914621
v -0.06742137 0.02323771 0.11901150
v -0.06727977 0.02289904 0.11917770
v -0.06647029 0.02393898 0.11860981
v -0.06724240 0.02289540 0.11920331
v -0.06718416 0.02287951 0.11927241
v -0.06716530 0.02286748 0.11931370
v -0.06715117 0.02283646 0.11940230
v -0.06715206 0.02282982 0.11941891
v -0.06614875 0.02388881 0.11941250
v -0.06614798 0.02388245 0.11949450
v -0.06617652 0.02390475 0.11919260
v -0.06649218 0.02373050 0.11942300
v -0.06649269 0.02372476 0.11948321
v -0.06624054 0.02391851 0.11898260
v -0.06650992 0.02374497 0.11926121
v -0.06678543 0.02349151 0.11942480
v -0.06678673 0.02348587 0.11946601
v -0.06633992 0.02393004 0.11878541
v -0.06655484 0.02375750 0.11910611
v -0.06679528 0.02350574 0.11931351
v -0.06700985 0.02318704 0.11941771
v -0.06701131 0.02318106 0.11944411
v -0.06662628 0.02376805 0.11896020
v -0.06682424 0.02351808 0.11920630
v -0.06701467 0.02320209 0.11934620
v -0.06663002 0.02394531 0.11845791
v -0.06672113 0.02377623 0.11883001
v -0.06687197 0.02352846 0.11910521
v -0.06703205 0.02321512 0.11927701
v -0.06715427 0.02285312 0.11935731
v -0.06681164 0.02394881 0.11833681
v -0.06683809 0.02378204 0.11871741
v -0.06693631 0.02353652 0.11901471
v -0.06706183 0.02322606 0.11921141
v -0.06701355 0.02394950 0.11824791
v -0.06697162 0.02378525 0.11862771
v -0.06701635 0.02354225 0.11893641
v -0.06710266 0.02323455 0.11915271
v -0.06722539 0.02394734 0.11819551
v -0.06712038 0.02378588 0.11856200
v -0.06710820 0.02354542 0.11887420
v -0.06715391 0.02324057 0.11910180
v -0.06720999 0.02288881 0.11923540
v -0.06732162 0.02289975 0.11915921
v -0.06734893 0.02324250 0.11901530
v -0.06743084 0.02353953 0.11879621
v -0.06727925 0.02324455 0.11903200
v -0.06731861 0.02354408 0.11880270
v -0.06743924 0.02377928 0.11851330
v -0.06721303 0.02324390 0.11906131
v -0.06721078 0.02354604 0.11882880
v -0.06727658 0.02378390 0.11852381
v -0.06744606 0.02394231 0.11818020
v -0.06759925 0.02377223 0.11853110
v -0.06754101 0.02353258 0.11880951
v -0.06749234 0.02323040 0.11902080
v -0.06745623 0.02288427 0.11915201
v -0.06787638 0.02392423 0.11826281
v -0.06798243 0.02399864 0.11791381
v -0.06756113 0.02322054 0.11904291
v -0.06764821 0.02352322 0.11884250
v -0.06775551 0.02376272 0.11857701
v -0.06717724 0.02259996 0.12110591
v -0.06715268 0.02273053 0.12083911
v -0.06701326 0.02305164 0.12128221
v -0.06702777 0.02302836 0.12126841
v -0.06701364 0.02308007 0.12086151
v -0.06713025 0.02278860 0.12116281
v -0.06714975 0.02271034 0.12113920
v -0.06693637 0.02317485 0.12135531
v -0.06679172 0.02338400 0.12088090
v -0.06679139 0.02334170 0.12148601
v -0.06676046 0.02337730 0.12151391
v -0.06650090 0.02362314 0.12089621
v -0.06662796 0.02348845 0.12162890
v -0.06615951 0.02378240 0.12090641
v -0.06638858 0.02363133 0.12183040
v -0.06650299 0.02356304 0.12173411
v -0.06581269 0.02376997 0.12229301
v -0.06591394 0.02376294 0.12221351
v -0.06616975 0.02371110 0.12200911
v -0.06619581 0.02370582 0.12198820
v -0.06765026 -0.02083208 0.12268931
v -0.06909951 -0.02068715 0.12350451
v -0.06765026 -0.02083208 0.12731071
v -0.06909951 -0.02068715 0.12649550
v -0.06745266 -0.02012125 0.12151641
v -0.06949350 -0.01993619 0.12267061
v -0.06745386 -0.02014508 0.12152711
v -0.06949356 -0.01994212 0.12267161
v -0.06746340 -0.02033357 0.12161111
v -0.06946662 -0.02016514 0.12275911
v -0.06746843 -0.02037306 0.12164470
v -0.06946528 -0.02017613 0.12276340
v -0.06748790 -0.02052608 0.12177501
v -0.06940721 -0.02037916 0.12290281
v -0.06753942 -0.02071068 0.12208081
v -0.06752739 -0.02068668 0.12201271
v -0.06749758 -0.02056546 0.12183330
v -0.06933039 -0.02052440 0.12306511
v -0.06932309 -0.02053821 0.12308060
v -0.06758232 -0.02079621 0.12232320
v -0.06921828 -0.02064312 0.12328560
v -0.06759130 -0.02080095 0.12237150
v -0.06922789 -0.02063350 0.12326681
v -0.06926915 -0.02059220 0.12318610
v -0.06919364 -0.02065225 0.12333101
v -0.06915802 -0.02066546 0.12339670
v -0.06912552 -0.02067751 0.12345660
v -0.06963871 -0.01993628 0.12277491
v -0.06958010 -0.02016567 0.12284180
v -0.06936323 -0.02052629 0.12308961
v -0.06948639 -0.02036639 0.12294890
v -0.06944274 -0.02052629 0.12317570
v -0.06926583 -0.02063570 0.12330710
v -0.06930156 -0.02063570 0.12336770
v -0.06932367 -0.02063570 0.12343461
v -0.06933113 -0.02063570 0.12350451
v -0.06933768 -0.02063245 0.12350451
v -0.06953904 -0.02052629 0.12338801
v -0.06955150 -0.02052629 0.12350451
v -0.06955594 -0.02052250 0.12350451
v -0.06972181 -0.02036639 0.12334851
v -0.06973849 -0.02036639 0.12350451
v -0.06974102 -0.02036281 0.12350451
v -0.06986087 -0.02016567 0.12331840
v -0.06988077 -0.02016567 0.12350451
v -0.06988182 -0.02016294 0.12350451
v -0.06994783 -0.01993628 0.12329960
v -0.06996975 -0.01993628 0.12350451
v -0.06997741 -0.01969212 0.12329320
v -0.06997755 -0.01969212 0.12329451
v -0.06996992 -0.01993483 0.12350451
v -0.06988311 -0.01993628 0.12310390
v -0.06991067 -0.01969212 0.12309141
v -0.06991146 -0.01969212 0.12309381
v -0.06950225 -0.02052629 0.12327671
v -0.06967251 -0.02036639 0.12319941
v -0.06980210 -0.02016567 0.12314071
v -0.06977848 -0.01993628 0.12292631
v -0.06980278 -0.01969212 0.12290831
v -0.06980471 -0.01969212 0.12291150
v -0.06959285 -0.02036639 0.12306421
v -0.06970707 -0.02016567 0.12297941
v -0.06965863 -0.01969212 0.12275210
v -0.06966205 -0.01969212 0.12275580
v -0.06990834 0.02197556 0.12309530
v -0.06993841 0.02197556 0.12315900
v -0.06997528 0.02197556 0.12329510
v -0.06998449 0.02197556 0.12332911
v -0.06986322 0.02197556 0.12299971
v -0.06980201 0.02197556 0.12291350
v -0.06976123 0.02197556 0.12285611
v -0.06966069 0.02197556 0.12275721
v -0.06963562 0.02197556 0.12273250
v -0.06933113 -0.02063570 0.12649550
v -0.06933768 -0.02063245 0.12649550
v -0.06955150 -0.02052629 0.12649550
v -0.06955594 -0.02052250 0.12649550
v -0.06973849 -0.02036639 0.12649550
v -0.06974102 -0.02036281 0.12649550
v -0.06988077 -0.02016567 0.12649550
v -0.06988182 -0.02016294 0.12649550
v -0.06996975 -0.01993628 0.12649550
v -0.06996992 -0.01993483 0.12649550
v -0.06915802 -0.02066546 0.12660331
v -0.06759130 -0.02080095 0.12762851
v -0.06912552 -0.02067751 0.12654341
v -0.06919364 -0.02065225 0.12666900
v -0.06921828 -0.02064312 0.12671441
v -0.06758232 -0.02079621 0.12767681
v -0.06922789 -0.02063350 0.12673321
v -0.06926915 -0.02059220 0.12681391
v -0.06753942 -0.02071068 0.12791920
v -0.06932309 -0.02053821 0.12691941
v -0.06933039 -0.02052440 0.12693490
v -0.06752739 -0.02068668 0.12798730
v -0.06940721 -0.02037916 0.12709730
v -0.06749758 -0.02056546 0.12816671
v -0.06941120 -0.02036520 0.12710680
v -0.06748790 -0.02052608 0.12822501
v -0.06946528 -0.02017613 0.12723661
v -0.06949356 -0.01994212 0.12732850
v -0.06746340 -0.02033357 0.12838891
v -0.06746843 -0.02037306 0.12835531
v -0.06949350 -0.01993619 0.12732941
v -0.06745266 -0.02012125 0.12848360
v -0.06745386 -0.02014508 0.12847291
v -0.06987398 0.02293813 0.12413611
v -0.06996799 0.02270381 0.12411911
v -0.06997314 0.02267444 0.12391430
v -0.06986467 0.02212501 0.12301420
v -0.06976371 0.02214782 0.12287281
v -0.06963932 0.02216748 0.12275101
v -0.06998465 0.02207279 0.12333780
v -0.06963684 0.02232966 0.12278670
v -0.06962011 0.02259869 0.12289091
v -0.06959854 0.02277743 0.12299740
v -0.06955300 0.02300994 0.12319790
v -0.06951429 0.02313987 0.12335701
v -0.06926252 0.02331927 0.12352440
v -0.06943757 0.02330245 0.12365610
v -0.06939782 0.02335298 0.12380550
v -0.06976207 0.02229342 0.12290471
v -0.06975080 0.02253557 0.12299760
v -0.06973626 0.02269741 0.12309260
v -0.06970536 0.02291020 0.12327211
v -0.06967894 0.02303113 0.12341530
v -0.06962606 0.02318711 0.12368700
v -0.06959838 0.02323820 0.12382390
v -0.06929756 0.02340564 0.12417020
v -0.06952768 0.02330066 0.12416250
v -0.06976678 0.02308091 0.12384910
v -0.06978337 0.02303427 0.12372790
v -0.06981483 0.02289501 0.12348841
v -0.06983044 0.02278847 0.12336271
v -0.06984861 0.02260241 0.12320571
v -0.06985712 0.02246155 0.12312281
v -0.06986370 0.02225130 0.12304191
v -0.06972401 0.02314142 0.12415091
v -0.06989399 0.02288956 0.12387980
v -0.06990168 0.02285153 0.12377671
v -0.06991622 0.02273726 0.12357310
v -0.06992341 0.02264946 0.12346621
v -0.06993174 0.02249568 0.12333271
v -0.06993563 0.02237902 0.12326240
v -0.06993863 0.02220461 0.12319401
v -0.06993907 0.02209974 0.12317081
v -0.06997512 0.02264800 0.12383121
v -0.06997885 0.02256456 0.12366581
v -0.06998067 0.02249854 0.12357850
v -0.06998278 0.02238091 0.12346921
v -0.06998378 0.02229066 0.12341180
v -0.06998455 0.02215480 0.12335631
v -0.06932367 -0.02063570 0.12656541
v -0.06930156 -0.02063570 0.12663231
v -0.06926583 -0.02063570 0.12669291
v -0.06936323 -0.02052629 0.12691041
v -0.06948639 -0.02036639 0.12705121
v -0.06958010 -0.02016567 0.12715821
v -0.06963871 -0.01993628 0.12722520
v -0.06965863 -0.01969212 0.12724791
v -0.06953904 -0.02052629 0.12661201
v -0.06972181 -0.02036639 0.12665150
v -0.06986087 -0.02016567 0.12668161
v -0.06994783 -0.01993628 0.12670041
v -0.06977848 -0.01993628 0.12707371
v -0.06980278 -0.01969212 0.12709170
v -0.06966205 -0.01969212 0.12724421
v -0.06944274 -0.02052629 0.12682431
v -0.06959285 -0.02036639 0.12693580
v -0.06970707 -0.02016567 0.12702061
v -0.06988311 -0.01993628 0.12689611
v -0.06991067 -0.01969212 0.12690861
v -0.06980471 -0.01969212 0.12708851
v -0.06950225 -0.02052629 0.12672330
v -0.06967251 -0.02036639 0.12680060
v -0.06980210 -0.02016567 0.12685930
v -0.06997755 -0.01969212 0.12670550
v -0.06997741 -0.01969212 0.12670681
v -0.06991146 -0.01969212 0.12690620
v -0.06929756 0.02340564 0.12582991
v -0.06932529 0.02335909 0.12515961
v -0.06954737 0.02325040 0.12516241
v -0.06952768 0.02330066 0.12583751
v -0.06973600 0.02309056 0.12516650
v -0.06972401 0.02314142 0.12584910
v -0.06987960 0.02288935 0.12517171
v -0.06987398 0.02293813 0.12586391
v -0.06996943 0.02265907 0.12517760
v -0.06996799 0.02270381 0.12588090
v -0.06906565 0.02343005 0.12549650
v -0.06932824 0.02335602 0.12497481
v -0.06996959 0.02265619 0.12497191
v -0.06988019 0.02288606 0.12497281
v -0.06973725 0.02308706 0.12497371
v -0.06954946 0.02324695 0.12497441
v -0.06963562 0.02197556 0.12726751
v -0.06966069 0.02197556 0.12724280
v -0.06976123 0.02197556 0.12714400
v -0.06980201 0.02197556 0.12708651
v -0.06986322 0.02197556 0.12700030
v -0.06990834 0.02197556 0.12690471
v -0.06993841 0.02197556 0.12684101
v -0.06997528 0.02197556 0.12670491
v -0.06998449 0.02197556 0.12667090
v -0.06998461 0.02211913 0.12665311
v -0.06993895 0.02215898 0.12681771
v -0.06986438 0.02219634 0.12697201
v -0.06976323 0.02223006 0.12711130
v -0.06963858 0.02225910 0.12723121
v -0.06932952 0.02339934 0.12594440
v -0.06936068 0.02338401 0.12605761
v -0.06945192 0.02327925 0.12639860
v -0.06947377 0.02323812 0.12648291
v -0.06954265 0.02304909 0.12675880
v -0.06955812 0.02298925 0.12682361
v -0.06960298 0.02274650 0.12702350
v -0.06961476 0.02265117 0.12708130
v -0.06963494 0.02238087 0.12719800
v -0.06976078 0.02233944 0.12708160
v -0.06974718 0.02258299 0.12697761
v -0.06973925 0.02266933 0.12692611
v -0.06970884 0.02289111 0.12674721
v -0.06969831 0.02294643 0.12668901
v -0.06965110 0.02312442 0.12643970
v -0.06963599 0.02316428 0.12636300
v -0.06957235 0.02327162 0.12604980
v -0.06955036 0.02329012 0.12594461
v -0.06986296 0.02229123 0.12694620
v -0.06985501 0.02250278 0.12685560
v -0.06985035 0.02257793 0.12681061
v -0.06983248 0.02277172 0.12665420
v -0.06982628 0.02282031 0.12660321
v -0.06979831 0.02297792 0.12638401
v -0.06978930 0.02301367 0.12631631
v -0.06975110 0.02311219 0.12603860
v -0.06973780 0.02313022 0.12594491
v -0.06993830 0.02223776 0.12679600
v -0.06993467 0.02241318 0.12671931
v -0.06993254 0.02247543 0.12668120
v -0.06992435 0.02263564 0.12654821
v -0.06992150 0.02267572 0.12650480
v -0.06990860 0.02280539 0.12631840
v -0.06990445 0.02283468 0.12626081
v -0.06988668 0.02291489 0.12602481
v -0.06988044 0.02292935 0.12594520
v -0.06998445 0.02218067 0.12663570
v -0.06998353 0.02231715 0.12657331
v -0.06998301 0.02236529 0.12654211
v -0.06998091 0.02248805 0.12643330
v -0.06998017 0.02251840 0.12639780
v -0.06997689 0.02261481 0.12624591
v -0.06997583 0.02263599 0.12619921
v -0.06997126 0.02269107 0.12600911
v -0.06996965 0.02269969 0.12594551
v -0.06742845 0.02251191 0.12152090
v -0.06736721 0.02230617 0.12143181
v -0.06732287 0.02283523 0.12159231
v -0.06729042 0.02274290 0.12150570
v -0.06695727 0.02315157 0.12143030
v -0.06581354 0.02376984 0.12229441
v -0.06581292 0.02376994 0.12229330
v -0.06591758 0.02376214 0.12221981
v -0.06620837 0.02370092 0.12201140
v -0.06640612 0.02362211 0.12186561
v -0.06619503 0.02370836 0.12213241
v -0.06624853 0.02369446 0.12208060
v -0.06646660 0.02361233 0.12196981
v -0.06673584 0.02345867 0.12182870
v -0.06688378 0.02334138 0.12174860
v -0.06687973 0.02338480 0.12182251
v -0.06650299 0.02356304 0.12173411
v -0.06664952 0.02347273 0.12168011
v -0.06678274 0.02335790 0.12157480
v -0.06581333 0.02376987 0.12229410
v -0.06592858 0.02376039 0.12223881
v -0.06592489 0.02376087 0.12223250
v -0.06623477 0.02369523 0.12205771
v -0.06644527 0.02361258 0.12193551
v -0.06670383 0.02345774 0.12178071
v -0.06684497 0.02333977 0.12169320
v -0.06707849 0.02313168 0.12163871
v -0.06702928 0.02312970 0.12157390
v -0.06581312 0.02376990 0.12229371
v -0.06592123 0.02376145 0.12222610
v -0.06622137 0.02369738 0.12203451
v -0.06642507 0.02361585 0.12190071
v -0.06667492 0.02346244 0.12173091
v -0.06681108 0.02334531 0.12163491
v -0.06698851 0.02313639 0.12150390
v -0.06704660 0.02300439 0.12135171
v -0.06707878 0.02298849 0.12143291
v -0.06712329 0.02298117 0.12150941
v -0.06717875 0.02298265 0.12157870
v -0.06722692 0.02274352 0.12143151
v -0.06717794 0.02275160 0.12134751
v -0.06714529 0.02276682 0.12125670
v -0.06714975 0.02271034 0.12113920
v -0.06721106 0.02233194 0.12116440
v -0.06718986 0.02258224 0.12120560
v -0.06724372 0.02232236 0.12126381
v -0.06722249 0.02256887 0.12130150
v -0.06729654 0.02231364 0.12135431
v -0.06727378 0.02256041 0.12138940
v -0.06734157 0.02255721 0.12146570
v -0.06736785 0.02224033 0.12142760
v -0.06736879 0.02217432 0.12142681
v -0.06729692 0.02224407 0.12134981
v -0.06729747 0.02217432 0.12134891
v -0.06724389 0.02224843 0.12125891
v -0.06724414 0.02217432 0.12125770
v -0.06721109 0.02225322 0.12115890
v -0.06721116 0.02217432 0.12115731
v -0.06720777 -0.01989566 0.12114001
v -0.06721236 -0.01989566 0.12115700
v -0.06723080 -0.01989566 0.12122500
v -0.06724585 -0.01989566 0.12125690
v -0.06726841 -0.01989566 0.12130471
v -0.06729901 -0.01989566 0.12134781
v -0.06731940 -0.01989566 0.12137651
v -0.06736965 -0.01989566 0.12142591
v -0.06738221 -0.01989566 0.12143831
v -0.06721495 -0.02120823 0.12268931
v -0.06732927 -0.02099410 0.12268931
v -0.06725893 -0.02109412 0.12268931
v -0.06724858 -0.02105797 0.12225300
v -0.06753097 -0.02085904 0.12268931
v -0.06742180 -0.02091414 0.12268931
v -0.06738483 -0.02089067 0.12229780
v -0.06747811 -0.02083280 0.12231331
v -0.06743631 -0.02072518 0.12199051
v -0.06749758 -0.02056546 0.12183330
v -0.06740670 -0.02055991 0.12174121
v -0.06746843 -0.02037306 0.12164470
v -0.06738851 -0.02035826 0.12156840
v -0.06721229 -0.02115917 0.12222590
v -0.06721028 -0.02100575 0.12182850
v -0.06720890 -0.02077989 0.12152121
v -0.06720806 -0.02050914 0.12130700
v -0.06720769 -0.02021112 0.12118110
v -0.06730703 -0.02096698 0.12227740
v -0.06724066 -0.02092202 0.12187691
v -0.06728994 -0.02084531 0.12192121
v -0.06723523 -0.02071590 0.12158520
v -0.06727807 -0.02065654 0.12164461
v -0.06723194 -0.02046591 0.12138190
v -0.06727088 -0.02042551 0.12145190
v -0.06723050 -0.02018921 0.12126281
v -0.06726776 -0.02016867 0.12133951
v -0.06735605 -0.02077879 0.12195961
v -0.06733593 -0.02060392 0.12169720
v -0.06732363 -0.02038923 0.12151471
v -0.06731829 -0.02015013 0.12140870
v -0.06738057 -0.02013416 0.12146831
v -0.06745386 -0.02014508 0.12152711
v -0.06721495 -0.02120823 0.12731071
v -0.06725893 -0.02109412 0.12731071
v -0.06732927 -0.02099410 0.12731071
v -0.06742180 -0.02091414 0.12731071
v -0.06753097 -0.02085904 0.12731071
v -0.06745386 -0.02014508 0.12847291
v -0.06738057 -0.02013416 0.12853170
v -0.06720777 -0.01989566 0.12886001
v -0.06720769 -0.02021112 0.12881890
v -0.06721236 -0.01989566 0.12884301
v -0.06723050 -0.02018921 0.12873720
v -0.06726776 -0.02016867 0.12866051
v -0.06724585 -0.01989566 0.12874311
v -0.06723080 -0.01989566 0.12877500
v -0.06731829 -0.02015013 0.12859130
v -0.06729901 -0.01989566 0.12865221
v -0.06726841 -0.01989566 0.12869530
v -0.06738221 -0.01989566 0.12856171
v -0.06736965 -0.01989566 0.12857401
v -0.06731940 -0.01989566 0.12862351
v -0.06738851 -0.02035826 0.12843160
v -0.06732363 -0.02038923 0.12848531
v -0.06727088 -0.02042551 0.12854810
v -0.06723194 -0.02046591 0.12861811
v -0.06720806 -0.02050914 0.12869300
v -0.06720890 -0.02077989 0.12847881
v -0.06723523 -0.02071590 0.12841480
v -0.06727807 -0.02065654 0.12835540
v -0.06733593 -0.02060392 0.12830280
v -0.06740670 -0.02055991 0.12825881
v -0.06721028 -0.02100575 0.12817150
v -0.06724066 -0.02092202 0.12812310
v -0.06728994 -0.02084531 0.12807880
v -0.06735605 -0.02077879 0.12804041
v -0.06743631 -0.02072518 0.12800951
v -0.06749758 -0.02056546 0.12816671
v -0.06746843 -0.02037306 0.12835531
v -0.06721229 -0.02115917 0.12777411
v -0.06724858 -0.02105797 0.12774701
v -0.06730703 -0.02096698 0.12772261
v -0.06738483 -0.02089067 0.12770221
v -0.06747811 -0.02083280 0.12768670
v -0.06736879 0.02217432 0.12857320
v -0.06729747 0.02217432 0.12865110
v -0.06724414 0.02217432 0.12874230
v -0.06721116 0.02217432 0.12884270
v -0.06736785 0.02224033 0.12857241
v -0.06736721 0.02230617 0.12856821
v -0.06729692 0.02224407 0.12865021
v -0.06729654 0.02231364 0.12864571
v -0.06724389 0.02224843 0.12874111
v -0.06724372 0.02232236 0.12873621
v -0.06721109 0.02225322 0.12884110
v -0.06721106 0.02233194 0.12883561
v -0.06742845 0.02251191 0.12847910
v -0.06734157 0.02255721 0.12853431
v -0.06714975 0.02271034 0.12886080
v -0.06718986 0.02258224 0.12879441
v -0.06581292 0.02376994 0.12770671
v -0.06581354 0.02376984 0.12770560
v -0.06592858 0.02376039 0.12776121
v -0.06620837 0.02370092 0.12798861
v -0.06619503 0.02370836 0.12786761
v -0.06624853 0.02369446 0.12791941
v -0.06646660 0.02361233 0.12803020
v -0.06650299 0.02356304 0.12826591
v -0.06664952 0.02347273 0.12831991
v -0.06640612 0.02362211 0.12813441
v -0.06678274 0.02335790 0.12842521
v -0.06695727 0.02315157 0.12856971
v -0.06704660 0.02300439 0.12864831
v -0.06581312 0.02376990 0.12770630
v -0.06591758 0.02376214 0.12778020
v -0.06592123 0.02376145 0.12777391
v -0.06622137 0.02369738 0.12796551
v -0.06642507 0.02361585 0.12809931
v -0.06667492 0.02346244 0.12826911
v -0.06681108 0.02334531 0.12836510
v -0.06698851 0.02313639 0.12849610
v -0.06707878 0.02298849 0.12856710
v -0.06581333 0.02376987 0.12770601
v -0.06592489 0.02376087 0.12776761
v -0.06623477 0.02369523 0.12794230
v -0.06644527 0.02361258 0.12806450
v -0.06670383 0.02345774 0.12821931
v -0.06684497 0.02333977 0.12830680
v -0.06702928 0.02312970 0.12842611
v -0.06712329 0.02298117 0.12849061
v -0.06673584 0.02345867 0.12817130
v -0.06688378 0.02334138 0.12825141
v -0.06707849 0.02313168 0.12836130
v -0.06717875 0.02298265 0.12842130
v -0.06732287 0.02283523 0.12840771
v -0.06687973 0.02338480 0.12817751
v -0.06729042 0.02274290 0.12849430
v -0.06722692 0.02274352 0.12856850
v -0.06717794 0.02275160 0.12865250
v -0.06714529 0.02276682 0.12874331
v -0.06727378 0.02256041 0.12861060
v -0.06722249 0.02256887 0.12869851
v -0.06144425 0.03114526 0.12812490
v -0.06142666 0.03025432 0.12812520
v -0.06810872 0.02631425 0.12800861
v -0.06133927 0.02947367 0.12812670
v -0.06113484 0.02851069 0.12813030
v -0.06030187 0.02628079 0.12814481
v -0.06030187 0.02617798 0.12814481
v -0.06032706 0.02634097 0.12814440
v -0.06084833 0.02761216 0.12813531
v -0.06810872 0.04334452 0.12800861
v -0.06125000 0.03297790 0.12812830
v -0.06138175 0.03205084 0.12812601
v -0.06038875 0.03728342 0.12814330
v -0.06066648 0.03576920 0.12813851
v -0.06106402 0.03394035 0.12813151
v -0.06018679 0.04029869 0.12814681
v -0.06018740 0.04166942 0.12814681
v -0.06602626 0.04323345 0.12804491
v -0.06020864 0.03902851 0.12814651
v -0.06031731 0.03780030 0.12814461
v -0.06395367 0.04301300 0.12808111
v -0.06292725 0.04284695 0.12809901
v -0.06191146 0.04262382 0.12811671
v -0.06091809 0.04229517 0.12813410
v -0.06045772 0.04204515 0.12814211
v -0.06035457 0.04196264 0.12814391
v -0.06026435 0.04186602 0.12814550
v -0.06022776 0.04181082 0.12814611
v -0.06020077 0.04175012 0.12814661
v -0.06018793 0.04168523 0.12814681
v -0.05984517 0.02567008 0.12634711
v -0.06810872 0.02581432 0.12649141
v -0.05995402 0.02567198 0.12698211
v -0.06810872 0.02581432 0.12750870
v -0.06011509 0.02567479 0.12764821
v -0.06051219 0.02828638 0.12585881
v -0.06073292 0.02927348 0.12586271
v -0.06810872 0.02631425 0.12599141
v -0.06084154 0.03017319 0.12586461
v -0.05978054 0.02616888 0.12584611
v -0.05978054 0.02628079 0.12584611
v -0.06020924 0.02736123 0.12585351
v -0.06086487 0.03108887 0.12586500
v -0.06080797 0.03201890 0.12586400
v -0.06810872 0.04343066 0.12599141
v -0.06068174 0.03297014 0.12586181
v -0.06051746 0.03387612 0.12585891
v -0.06013809 0.03571728 0.12585231
v -0.05986338 0.03728342 0.12584751
v -0.05980656 0.03770690 0.12584650
v -0.06242817 0.04288375 0.12589231
v -0.06371227 0.04309257 0.12591471
v -0.05967065 0.04026611 0.12584411
v -0.06500461 0.04324229 0.12593721
v -0.06760086 0.04341381 0.12598260
v -0.05969472 0.03896685 0.12584460
v -0.05984205 0.04197317 0.12584711
v -0.06008331 0.04214804 0.12585141
v -0.05974168 0.04186178 0.12584540
v -0.06075553 0.04245128 0.12586310
v -0.05970295 0.04179737 0.12584471
v -0.06146161 0.04266682 0.12587540
v -0.05967128 0.04166942 0.12584421
v -0.05967781 0.04172684 0.12584431
v -0.06860000 0.04339143 0.12750870
v -0.06860000 0.02631425 0.12750870
v -0.06860000 0.04339617 0.12740921
v -0.06860000 0.02631425 0.12649141
v -0.06860000 0.04341312 0.12701140
v -0.06860000 0.04343054 0.12649141
v -0.06084154 0.03017319 0.12413540
v -0.06073292 0.02927348 0.12413730
v -0.06810872 0.02631425 0.12400860
v -0.06086487 0.03108887 0.12413501
v -0.05978054 0.02628079 0.12415391
v -0.05978054 0.02616888 0.12415391
v -0.06020924 0.02736123 0.12414651
v -0.06051219 0.02828638 0.12414120
v -0.06810872 0.04343066 0.12400860
v -0.06068174 0.03297014 0.12413820
v -0.06080797 0.03201890 0.12413601
v -0.05986338 0.03728342 0.12415250
v -0.06013809 0.03571728 0.12414770
v -0.06051746 0.03387612 0.12414110
v -0.05967065 0.04026611 0.12415590
v -0.05967128 0.04166942 0.12415581
v -0.06589180 0.04331834 0.12404731
v -0.05969472 0.03896685 0.12415541
v -0.05980656 0.03770690 0.12415351
v -0.06368466 0.04308879 0.12408581
v -0.06259142 0.04291452 0.12410490
v -0.06150971 0.04267926 0.12412381
v -0.06045162 0.04233254 0.12414220
v -0.05996075 0.04206821 0.12415081
v -0.05985046 0.04198082 0.12415271
v -0.05975403 0.04187838 0.12415441
v -0.05971474 0.04181979 0.12415510
v -0.05968572 0.04175532 0.12415561
v -0.05967185 0.04168626 0.12415581
v -0.06011509 0.02567479 0.12235180
v -0.06810872 0.02581432 0.12249141
v -0.05995402 0.02567198 0.12301790
v -0.06810872 0.02581432 0.12350870
v -0.05984517 0.02567008 0.12365291
v -0.06084833 0.02761216 0.12186471
v -0.06113484 0.02851069 0.12186970
v -0.06810872 0.02631425 0.12199141
v -0.06133927 0.02947367 0.12187330
v -0.06142666 0.03025432 0.12187481
v -0.06030187 0.02617798 0.12185521
v -0.06030187 0.02628079 0.12185521
v -0.06032706 0.02634097 0.12185560
v -0.06144425 0.03114526 0.12187510
v -0.06138175 0.03205084 0.12187401
v -0.06810872 0.04334452 0.12199141
v -0.06125000 0.03297790 0.12187170
v -0.06106402 0.03394035 0.12186851
v -0.06066648 0.03576920 0.12186151
v -0.06038875 0.03728342 0.12185670
v -0.06031731 0.03780030 0.12185541
v -0.06018740 0.04166942 0.12185321
v -0.06565249 0.04320277 0.12194861
v -0.06367528 0.04297256 0.12191401
v -0.06020864 0.03902851 0.12185351
v -0.06018679 0.04029869 0.12185321
v -0.06019910 0.04174482 0.12185341
v -0.06106434 0.04235490 0.12186851
v -0.06018831 0.04169012 0.12185321
v -0.06172574 0.04257361 0.12188000
v -0.06269465 0.04280189 0.12189690
v -0.06022017 0.04179660 0.12185370
v -0.06028205 0.04188800 0.12185480
v -0.06044649 0.04203704 0.12185770
v -0.06860000 0.04342755 0.12340710
v -0.06860000 0.04343054 0.12350870
v -0.06860000 0.02631425 0.12350870
v -0.06860000 0.04341359 0.12300081
v -0.06860000 0.02631425 0.12249141
v -0.06860000 0.04339143 0.12249141
v -0.06810872 0.02631425 0.12000860
v -0.06202812 0.02896813 0.12011471
v -0.06176470 0.02808314 0.12011931
v -0.06224834 0.03125500 0.12011091
v -0.06224283 0.03041049 0.12011101
v -0.06219062 0.02984550 0.12011191
v -0.06810872 0.04319615 0.12000860
v -0.06203001 0.03299566 0.12011471
v -0.06217377 0.03211436 0.12011220
v -0.06098218 0.02628079 0.12013301
v -0.06098218 0.02618985 0.12013301
v -0.06123066 0.02682010 0.12012861
v -0.06138682 0.02715810 0.12012591
v -0.06107749 0.03728342 0.12013131
v -0.06136130 0.03586557 0.12012641
v -0.06179923 0.03404990 0.12011870
v -0.06085634 0.04035992 0.12013521
v -0.06085687 0.04166942 0.12013521
v -0.06620259 0.04309503 0.12004191
v -0.06087400 0.03914428 0.12013491
v -0.06097626 0.03797506 0.12013311
v -0.06430604 0.04289416 0.12007500
v -0.06336671 0.04274253 0.12009141
v -0.06243664 0.04253926 0.12010760
v -0.06152687 0.04223996 0.12012350
v -0.06110503 0.04201240 0.12013080
v -0.06101048 0.04193718 0.12013251
v -0.06092750 0.04184915 0.12013391
v -0.06089391 0.04179874 0.12013450
v -0.06086914 0.04174322 0.12013491
v -0.06085736 0.04168389 0.12013521
v -0.06810872 0.02581432 0.11950870
v -0.06134635 0.02569629 0.11962671
v -0.06153081 0.02569950 0.11935331
v -0.06229843 0.02571290 0.11838991
v -0.06810872 0.02581432 0.11849141
v -0.06200340 0.02570775 0.11873150
v -0.06172433 0.02570288 0.11908620
v -0.06434996 0.02934673 0.11792580
v -0.06449654 0.03006879 0.11792840
v -0.06810872 0.02631425 0.11799141
v -0.06319831 0.02683241 0.11790571
v -0.06374332 0.02779764 0.11791520
v -0.06412365 0.02864887 0.11792190
v -0.06455215 0.03080054 0.11792930
v -0.06453199 0.03139269 0.11792901
v -0.06810872 0.04287522 0.11799141
v -0.06443225 0.03214410 0.11792731
v -0.06287879 0.02622296 0.11790011
v -0.06287879 0.02628079 0.11790011
v -0.06313153 0.02671824 0.11790451
v -0.06426034 0.03291690 0.11792431
v -0.06403109 0.03372177 0.11792031
v -0.06376231 0.03457008 0.11791561
v -0.06348498 0.03544235 0.11791070
v -0.06309987 0.03682940 0.11790400
v -0.06287940 0.03792457 0.11790011
v -0.06467801 0.04251485 0.11793151
v -0.06638723 0.04275347 0.11796141
v -0.06272233 0.04026456 0.11789741
v -0.06274943 0.03906568 0.11789791
v -0.06272929 0.04171575 0.11789750
v -0.06301348 0.04200146 0.11790250
v -0.06272324 0.04166942 0.11789741
v -0.06322439 0.04210756 0.11790620
v -0.06353334 0.04222732 0.11791160
v -0.06274453 0.04175706 0.11789780
v -0.06276666 0.04179522 0.11789821
v -0.06282383 0.04186234 0.11789921
v -0.06860000 0.04314300 0.11950870
v -0.06860000 0.02631425 0.11950870
v -0.06860000 0.04307579 0.11899930
v -0.06860000 0.02631425 0.11849141
v -0.06860000 0.04299917 0.11849141
v -0.06138682 0.02715810 0.12987411
v -0.06176470 0.02808314 0.12988071
v -0.06810872 0.02631425 0.12999140
v -0.06202812 0.02896813 0.12988531
v -0.06219062 0.02984550 0.12988811
v -0.06224283 0.03041049 0.12988901
v -0.06098218 0.02618985 0.12986701
v -0.06098218 0.02628079 0.12986701
v -0.06123066 0.02682010 0.12987141
v -0.06224834 0.03125500 0.12988911
v -0.06217377 0.03211436 0.12988781
v -0.06810872 0.04319615 0.12999140
v -0.06203001 0.03299566 0.12988531
v -0.06179923 0.03404990 0.12988131
v -0.06136130 0.03586557 0.12987360
v -0.06107749 0.03728342 0.12986870
v -0.06097626 0.03797506 0.12986690
v -0.06440374 0.04290758 0.12992681
v -0.06662347 0.04312506 0.12996551
v -0.06085634 0.04035992 0.12986481
v -0.06087400 0.03914428 0.12986510
v -0.06114270 0.04203821 0.12986980
v -0.06148425 0.04222129 0.12987580
v -0.06085687 0.04166942 0.12986481
v -0.06221603 0.04247873 0.12988860
v -0.06330245 0.04273051 0.12990751
v -0.06087640 0.04176288 0.12986521
v -0.06092523 0.04184617 0.12986600
v -0.06099014 0.04191823 0.12986721
v -0.06086498 0.04172927 0.12986501
v -0.06455215 0.03080054 0.13207070
v -0.06449654 0.03006879 0.13207160
v -0.06810872 0.02631425 0.13200861
v -0.06453199 0.03139269 0.13207101
v -0.06434996 0.02934673 0.13207421
v -0.06412365 0.02864887 0.13207810
v -0.06374332 0.02779764 0.13208480
v -0.06443225 0.03214410 0.13207270
v -0.06810872 0.04287522 0.13200861
v -0.06426034 0.03291690 0.13207571
v -0.06348498 0.03544235 0.13208930
v -0.06376231 0.03457008 0.13208440
v -0.06403109 0.03372177 0.13207981
v -0.06287879 0.02628079 0.13209991
v -0.06287879 0.02622296 0.13209991
v -0.06313153 0.02671824 0.13209551
v -0.06319831 0.02683241 0.13209431
v -0.06274943 0.03906568 0.13210210
v -0.06287940 0.03792457 0.13209980
v -0.06309987 0.03682940 0.13209600
v -0.06668936 0.04278202 0.13203341
v -0.06527935 0.04261698 0.13205800
v -0.06272324 0.04166942 0.13210261
v -0.06388807 0.04233473 0.13208231
v -0.06272233 0.04026456 0.13210261
v -0.06321442 0.04210312 0.13209400
v -0.06290256 0.04192872 0.13209951
v -0.06283358 0.04187165 0.13210070
v -0.06277323 0.04180455 0.13210171
v -0.06274922 0.04176639 0.13210210
v -0.06273176 0.04172449 0.13210241
v -0.06272357 0.04168021 0.13210261
v -0.06153046 0.02569950 0.13064620
v -0.06134635 0.02569629 0.13037331
v -0.06810872 0.02581432 0.13049131
v -0.06172433 0.02570288 0.13091381
v -0.06810872 0.02581432 0.13150861
v -0.06229843 0.02571290 0.13161011
v -0.06200340 0.02570775 0.13126850
v -0.06860000 0.04299917 0.13150861
v -0.06860000 0.02631425 0.13150861
v -0.06860000 0.04307579 0.13100071
v -0.06860000 0.02631425 0.13049131
v -0.06860000 0.04314300 0.13049131
v -0.07805194 0.02861623 0.12813010
v -0.07787511 0.02947370 0.12812700
v -0.07109127 0.02631425 0.12800861
v -0.07776720 0.03078168 0.12812511
v -0.07783641 0.03208514 0.12812630
v -0.07109127 0.04334495 0.12800861
v -0.07796000 0.03295214 0.12812850
v -0.07818467 0.03410198 0.12813241
v -0.07891253 0.02617773 0.12814510
v -0.07891253 0.02628079 0.12814510
v -0.07830382 0.02778524 0.12813451
v -0.07851819 0.03562831 0.12813820
v -0.07888163 0.03767906 0.12814461
v -0.07899618 0.03886003 0.12814661
v -0.07902775 0.04021426 0.12814710
v -0.07902700 0.04166942 0.12814710
v -0.07354129 0.04320454 0.12805131
v -0.07552563 0.04297458 0.12808600
v -0.07901493 0.04174602 0.12814690
v -0.07814576 0.04235657 0.12813170
v -0.07902600 0.04169116 0.12814710
v -0.07748233 0.04257538 0.12812011
v -0.07650983 0.04280387 0.12810311
v -0.07899357 0.04179789 0.12814651
v -0.07893116 0.04188941 0.12814541
v -0.07876577 0.04203860 0.12814251
v -0.07837297 0.03017319 0.12586431
v -0.07848159 0.02927347 0.12586240
v -0.07109127 0.02631425 0.12599141
v -0.07834964 0.03108887 0.12586471
v -0.07943396 0.02628079 0.12584581
v -0.07943396 0.02616863 0.12584581
v -0.07900528 0.02736122 0.12585331
v -0.07870234 0.02828637 0.12585860
v -0.07109127 0.04343106 0.12599141
v -0.07853276 0.03297014 0.12586151
v -0.07840654 0.03201890 0.12586371
v -0.07935112 0.03728342 0.12584730
v -0.07907641 0.03571728 0.12585210
v -0.07869706 0.03387612 0.12585871
v -0.07954387 0.04026611 0.12584391
v -0.07954322 0.04166942 0.12584391
v -0.07331187 0.04331914 0.12595270
v -0.07951979 0.03896685 0.12584431
v -0.07940796 0.03770690 0.12584630
v -0.07552272 0.04308977 0.12591411
v -0.07661780 0.04291550 0.12589500
v -0.07770134 0.04268015 0.12587601
v -0.07876127 0.04233322 0.12585750
v -0.07925307 0.04206869 0.12584901
v -0.07936361 0.04198123 0.12584701
v -0.07946025 0.04187868 0.12584530
v -0.07949965 0.04182001 0.12584471
v -0.07952874 0.04175545 0.12584421
v -0.07954264 0.04168628 0.12584391
v -0.07909932 0.02567454 0.12764841
v -0.07109127 0.02581432 0.12750870
v -0.07926046 0.02567173 0.12698211
v -0.07109127 0.02581432 0.12649141
v -0.07936935 0.02566983 0.12634691
v -0.07060002 0.04342780 0.12659301
v -0.07060002 0.04343079 0.12649141
v -0.07060002 0.02631425 0.12649141
v -0.07060002 0.04341384 0.12699940
v -0.07060002 0.02631425 0.12750870
v -0.07060002 0.04339168 0.12750870
v -0.07865258 0.02847243 0.12414061
v -0.07848159 0.02927347 0.12413761
v -0.07109127 0.02631425 0.12400860
v -0.07835325 0.03054764 0.12413531
v -0.07838819 0.03181954 0.12413591
v -0.07109127 0.04343106 0.12400860
v -0.07848626 0.03266644 0.12413771
v -0.07943396 0.02616863 0.12415420
v -0.07943396 0.02628079 0.12415420
v -0.07888618 0.02769291 0.12414461
v -0.07868058 0.03379220 0.12414100
v -0.07898809 0.03528461 0.12414641
v -0.07159939 0.04341435 0.12401751
v -0.07419967 0.04324329 0.12406280
v -0.07678017 0.04288494 0.12410791
v -0.07549405 0.04309370 0.12408541
v -0.07953899 0.03947240 0.12415600
v -0.07947844 0.03837644 0.12415500
v -0.07935112 0.03728342 0.12415281
v -0.07937175 0.04197382 0.12415310
v -0.07912996 0.04214879 0.12414891
v -0.07947242 0.04186236 0.12415491
v -0.07845627 0.04245225 0.12413711
v -0.07951130 0.04179790 0.12415551
v -0.07774874 0.04266791 0.12412481
v -0.07954322 0.04166942 0.12415610
v -0.07953659 0.04172730 0.12415600
v -0.07777015 0.03114528 0.12187491
v -0.07778773 0.03025433 0.12187450
v -0.07109127 0.02631425 0.12199141
v -0.07787511 0.02947370 0.12187301
v -0.07807956 0.02851073 0.12186941
v -0.07891253 0.02628079 0.12185490
v -0.07891253 0.02617773 0.12185490
v -0.07888730 0.02634106 0.12185541
v -0.07836605 0.02761220 0.12186451
v -0.07109127 0.04334495 0.12199141
v -0.07796440 0.03297790 0.12187150
v -0.07783265 0.03205084 0.12187381
v -0.07882566 0.03728342 0.12185641
v -0.07854792 0.03576921 0.12186130
v -0.07815039 0.03394036 0.12186821
v -0.07902761 0.04029870 0.12185290
v -0.07902700 0.04166942 0.12185290
v -0.07317739 0.04323427 0.12195501
v -0.07900576 0.03902853 0.12185331
v -0.07889709 0.03780032 0.12185521
v -0.07525364 0.04301398 0.12191881
v -0.07628190 0.04284792 0.12190081
v -0.07729953 0.04262471 0.12188311
v -0.07829471 0.04229585 0.12186571
v -0.07875600 0.04204563 0.12185760
v -0.07885939 0.04196304 0.12185580
v -0.07894983 0.04186631 0.12185431
v -0.07898652 0.04181105 0.12185361
v -0.07901358 0.04175025 0.12185311
v -0.07902646 0.04168526 0.12185290
v -0.07936935 0.02566983 0.12365310
v -0.07109127 0.02581432 0.12350870
v -0.07926046 0.02567173 0.12301790
v -0.07109127 0.02581432 0.12249141
v -0.07909932 0.02567454 0.12235161
v -0.07060002 0.04339168 0.12249141
v -0.07060002 0.02631425 0.12249141
v -0.07060002 0.04339642 0.12259090
v -0.07060002 0.02631425 0.12350870
v -0.07060002 0.04341339 0.12298900
v -0.07060002 0.04343079 0.12350870
v -0.07750772 0.02792394 0.12012060
v -0.07716269 0.02906957 0.12011461
v -0.07109127 0.02631425 0.12000860
v -0.07702198 0.02986166 0.12011210
v -0.07695851 0.03092978 0.12011101
v -0.07109127 0.04319662 0.12000860
v -0.07823246 0.02618960 0.12013321
v -0.07823246 0.02628079 0.12013321
v -0.07798404 0.02681998 0.12012890
v -0.07825664 0.03812685 0.12013360
v -0.07835769 0.03977734 0.12013540
v -0.07257943 0.04312585 0.12003461
v -0.07835776 0.04166942 0.12013540
v -0.07480349 0.04290859 0.12007341
v -0.07590694 0.04273151 0.12009260
v -0.07707257 0.03234380 0.12011300
v -0.07745417 0.03421190 0.12011960
v -0.07802942 0.03669115 0.12012971
v -0.07699556 0.04247961 0.12011161
v -0.07835627 0.04169493 0.12013540
v -0.07834954 0.04172971 0.12013531
v -0.07822380 0.04191889 0.12013311
v -0.07828891 0.04184681 0.12013421
v -0.07833799 0.04176348 0.12013511
v -0.07807087 0.04203891 0.12013041
v -0.07772864 0.04222207 0.12012440
v -0.07466198 0.03080119 0.11792911
v -0.07471750 0.03006947 0.11792811
v -0.07109127 0.02631425 0.11799141
v -0.07468216 0.03139284 0.11792871
v -0.07486400 0.02934746 0.11792560
v -0.07509011 0.02864991 0.11792161
v -0.07547023 0.02779891 0.11791501
v -0.07478192 0.03214427 0.11792701
v -0.07109127 0.04287581 0.11799141
v -0.07495388 0.03291709 0.11792401
v -0.07572931 0.03544266 0.11791051
v -0.07545196 0.03457035 0.11791530
v -0.07518315 0.03372200 0.11792000
v -0.07633543 0.02628079 0.11789991
v -0.07633543 0.02622271 0.11789991
v -0.07608191 0.02671958 0.11790430
v -0.07601469 0.02683447 0.11790551
v -0.07646480 0.03906579 0.11789760
v -0.07633484 0.03792472 0.11789991
v -0.07611439 0.03682959 0.11790381
v -0.07251426 0.04278293 0.11796660
v -0.07392789 0.04261801 0.11794191
v -0.07649099 0.04166942 0.11789721
v -0.07532277 0.04233564 0.11791761
v -0.07649189 0.04026465 0.11789721
v -0.07599824 0.04210381 0.11790581
v -0.07631102 0.04192921 0.11790030
v -0.07638021 0.04187205 0.11789911
v -0.07644078 0.04180485 0.11789811
v -0.07646489 0.04176661 0.11789760
v -0.07648243 0.04172463 0.11789731
v -0.07649065 0.04168024 0.11789721
v -0.07767723 0.02569936 0.11934411
v -0.07786831 0.02569603 0.11962691
v -0.07109127 0.02581432 0.11950870
v -0.07747567 0.02570288 0.11906691
v -0.07109127 0.02581432 0.11849141
v -0.07691584 0.02571265 0.11838971
v -0.07720330 0.02570764 0.11872210
v -0.07060002 0.04299949 0.11849141
v -0.07060002 0.02631425 0.11849141
v -0.07060002 0.04307609 0.11899930
v -0.07060002 0.02631425 0.11950870
v -0.07060002 0.04314329 0.11950870
v -0.07109127 0.02631425 0.12999140
v -0.07718655 0.02896805 0.12988500
v -0.07744997 0.02808304 0.12988041
v -0.07696631 0.03125497 0.12988891
v -0.07697182 0.03041046 0.12988880
v -0.07702404 0.02984544 0.12988790
v -0.07109127 0.04319662 0.12999140
v -0.07718464 0.03299566 0.12988511
v -0.07704087 0.03211435 0.12988761
v -0.07823246 0.02628079 0.12986681
v -0.07823246 0.02618960 0.12986681
v -0.07798404 0.02681998 0.12987110
v -0.07782788 0.02715797 0.12987380
v -0.07813714 0.03728342 0.12986840
v -0.07785334 0.03586556 0.12987340
v -0.07741542 0.03404988 0.12988100
v -0.07835830 0.04035991 0.12986460
v -0.07835776 0.04166942 0.12986460
v -0.07300112 0.04309589 0.12995811
v -0.07834063 0.03914426 0.12986490
v -0.07823836 0.03797503 0.12986671
v -0.07490142 0.04289518 0.12992490
v -0.07584259 0.04274353 0.12990850
v -0.07677452 0.04254017 0.12989220
v -0.07768615 0.04224066 0.12987630
v -0.07810891 0.04201290 0.12986890
v -0.07820369 0.04193759 0.12986730
v -0.07828691 0.04184945 0.12986581
v -0.07832061 0.04179897 0.12986521
v -0.07834546 0.04174336 0.12986481
v -0.07835727 0.04168392 0.12986460
v -0.07109127 0.02581432 0.13049131
v -0.07786831 0.02569603 0.13037310
v -0.07767685 0.02569937 0.13065650
v -0.07691584 0.02571265 0.13161031
v -0.07109127 0.02581432 0.13150861
v -0.07720330 0.02570764 0.13127790
v -0.07747567 0.02570288 0.13093311
v -0.07281501 0.04275465 0.13203870
v -0.07109127 0.04287581 0.13200861
v -0.07649163 0.04036428 0.13210280
v -0.07499044 0.02892773 0.13207661
v -0.07477774 0.02971632 0.13207291
v -0.07109127 0.02631425 0.13200861
v -0.07633543 0.02622271 0.13210010
v -0.07633543 0.02628079 0.13210010
v -0.07547355 0.02779238 0.13208510
v -0.07479259 0.03220190 0.13207320
v -0.07469246 0.03150885 0.13207140
v -0.07466198 0.03080119 0.13207091
v -0.07452652 0.04251668 0.13206850
v -0.07513367 0.03355849 0.13207911
v -0.07596257 0.03623925 0.13209360
v -0.07621001 0.03725364 0.13209791
v -0.07638646 0.03827843 0.13210100
v -0.07647887 0.03931552 0.13210261
v -0.07648478 0.04171640 0.13210271
v -0.07619873 0.04200263 0.13209771
v -0.07649099 0.04166942 0.13210280
v -0.07598690 0.04210886 0.13209400
v -0.07567649 0.04222880 0.13208860
v -0.07646933 0.04175784 0.13210241
v -0.07644697 0.04179609 0.13210201
v -0.07638938 0.04186334 0.13210111
v -0.07060002 0.04314329 0.13049131
v -0.07060002 0.02631425 0.13049131
v -0.07060002 0.04307609 0.13100071
v -0.07060002 0.02631425 0.13150861
v -0.07060002 0.04299949 0.13150861
v -0.07790017 0.02569711 0.13033211
v -0.07109117 0.02581538 0.13048331
v -0.07793184 0.02570155 0.13029081
v -0.07796788 0.02571403 0.13024271
v -0.07109088 0.02581776 0.13046531
v -0.07109050 0.02582114 0.13043961
v -0.07109005 0.02582507 0.13040990
v -0.07108960 0.02582896 0.13038041
v -0.07108931 0.02583139 0.13036201
v -0.07800940 0.02572841 0.13018720
v -0.07108928 0.02583252 0.13035921
v -0.07813157 0.02583907 0.13001641
v -0.07812281 0.02582453 0.13002910
v -0.07108767 0.02596080 0.13013790
v -0.07810669 0.02580504 0.13005210
v -0.07108808 0.02588135 0.13024140
v -0.07805680 0.02576281 0.13012171
v -0.07802925 0.02573951 0.13016010
v -0.07108767 0.02596080 0.13013790
v -0.07817515 0.02591123 0.12995310
v -0.07108767 0.02596228 0.13013680
v -0.07818764 0.02594047 0.12993461
v -0.07108808 0.02606433 0.13005851
v -0.07818899 0.02594363 0.12993261
v -0.07108931 0.02618488 0.13000851
v -0.07821783 0.02604190 0.12988941
v -0.07108932 0.02618550 0.13000841
v -0.07822560 0.02608684 0.12987760
v -0.07822105 0.02606053 0.12988451
v -0.07074575 0.04318829 0.13014330
v -0.07079460 0.04319326 0.13009551
v -0.07084523 0.02631425 0.13006161
v -0.07099160 0.04319881 0.13000321
v -0.07096733 0.02631425 0.13000930
v -0.07096376 0.04319880 0.13001090
v -0.07096377 0.02631425 0.13001081
v -0.07094300 0.04319879 0.13001661
v -0.07084766 0.02631425 0.13005970
v -0.07084543 0.04319605 0.13006220
v -0.07083660 0.04319580 0.13006641
v -0.07074501 0.02631425 0.13013921
v -0.07074363 0.02631425 0.13014110
v -0.07071048 0.04318470 0.13017791
v -0.07068052 0.04317990 0.13021920
v -0.07066632 0.02631425 0.13024250
v -0.07066787 0.04317665 0.13024500
v -0.07066574 0.02631425 0.13024390
v -0.07062835 0.04316654 0.13032540
v -0.07061687 0.02631425 0.13036260
v -0.07061706 0.04316142 0.13036350
v -0.07061676 0.02631425 0.13036341
v -0.07061412 0.04316009 0.13037340
v -0.07068094 0.02618549 0.13025091
v -0.07097181 0.02583217 0.13045721
v -0.07098492 0.02583217 0.13042530
v -0.07100580 0.02583217 0.13039791
v -0.07103305 0.02583217 0.13037681
v -0.07106479 0.02583217 0.13036341
v -0.07103305 0.02588260 0.13024810
v -0.07100580 0.02596213 0.13014910
v -0.07098492 0.02606542 0.13007320
v -0.07097181 0.02618549 0.13002550
v -0.07096733 0.02583217 0.13049131
v -0.07096377 0.02583367 0.13049131
v -0.07085617 0.02588260 0.13042641
v -0.07084766 0.02588260 0.13049131
v -0.07084523 0.02588448 0.13049131
v -0.07075699 0.02596213 0.13039991
v -0.07074501 0.02596213 0.13049131
v -0.07074363 0.02596397 0.13049131
v -0.07068094 0.02606542 0.13037971
v -0.07088112 0.02588260 0.13036581
v -0.07079209 0.02596213 0.13031470
v -0.07072383 0.02606542 0.13027550
v -0.07063317 0.02618549 0.13036690
v -0.07085617 0.02618549 0.13007421
v -0.07097264 0.02588260 0.13027350
v -0.07092084 0.02596213 0.13018491
v -0.07088112 0.02606542 0.13011690
v -0.07075699 0.02618549 0.13015110
v -0.07092084 0.02588260 0.13031360
v -0.07084797 0.02596213 0.13024140
v -0.07079209 0.02606542 0.13018590
v -0.07066632 0.02606542 0.13049131
v -0.07066574 0.02606685 0.13049131
v -0.07061687 0.02618549 0.13049131
v -0.07061676 0.02618626 0.13049131
v -0.07066574 0.02631425 0.13024390
v -0.07096733 0.02583217 0.13150861
v -0.07096377 0.02583367 0.13150861
v -0.07084766 0.02588260 0.13150861
v -0.07084523 0.02588448 0.13150861
v -0.07074501 0.02596213 0.13150861
v -0.07074363 0.02596397 0.13150861
v -0.07066632 0.02606542 0.13150861
v -0.07066574 0.02606685 0.13049131
v -0.07066574 0.02606685 0.13150861
v -0.07061687 0.02618549 0.13150861
v -0.07061676 0.02618626 0.13150861
v -0.07097515 0.04288476 0.13199280
v -0.07096373 0.04288606 0.13198920
v -0.07096377 0.02631425 0.13198920
v -0.07092730 0.04289020 0.13197791
v -0.07084611 0.04290268 0.13193650
v -0.07084523 0.02631425 0.13193841
v -0.07061093 0.04297879 0.13161260
v -0.07061676 0.02631425 0.13163660
v -0.07066703 0.04294792 0.13175550
v -0.07062362 0.04296879 0.13166051
v -0.07061727 0.04297380 0.13163651
v -0.07074594 0.04292380 0.13185660
v -0.07070054 0.04293555 0.13180941
v -0.07066574 0.02631425 0.13175611
v -0.07061687 0.02631425 0.13163741
v -0.07067347 0.04294483 0.13176951
v -0.07082190 0.04290640 0.13192420
v -0.07074363 0.02631425 0.13185891
v -0.07074501 0.02631425 0.13186080
v -0.07066574 0.02631425 0.13175611
v -0.07066632 0.02631425 0.13175751
v -0.07078318 0.04291415 0.13189550
v -0.07084766 0.02631425 0.13194031
v -0.07096733 0.02631425 0.13199071
v -0.07068094 0.02606542 0.13162031
v -0.07108932 0.02618550 0.13199160
v -0.07097181 0.02618549 0.13197451
v -0.07108931 0.02618488 0.13199151
v -0.07098492 0.02606542 0.13192681
v -0.07108808 0.02606433 0.13194150
v -0.07100580 0.02596213 0.13185091
v -0.07106479 0.02583217 0.13163660
v -0.07108808 0.02588135 0.13175861
v -0.07103305 0.02588260 0.13175191
v -0.07108767 0.02596080 0.13186211
v -0.07108767 0.02596228 0.13186321
v -0.07108960 0.02582896 0.13161960
v -0.07108931 0.02583139 0.13163801
v -0.07108928 0.02583252 0.13164071
v -0.07103305 0.02583217 0.13162321
v -0.07109005 0.02582507 0.13159011
v -0.07100580 0.02583217 0.13160210
v -0.07109050 0.02582114 0.13156040
v -0.07098492 0.02583217 0.13157471
v -0.07109088 0.02581776 0.13153470
v -0.07097181 0.02583217 0.13154281
v -0.07109117 0.02581538 0.13151670
v -0.07085617 0.02588260 0.13157360
v -0.07075699 0.02596213 0.13160010
v -0.07063317 0.02618549 0.13163311
v -0.07066574 0.02606685 0.13150861
v -0.07068094 0.02618549 0.13174911
v -0.07088112 0.02588260 0.13163421
v -0.07079209 0.02596213 0.13168531
v -0.07072383 0.02606542 0.13172451
v -0.07075699 0.02618549 0.13184891
v -0.07092084 0.02588260 0.13168641
v -0.07084797 0.02596213 0.13175861
v -0.07079209 0.02606542 0.13181411
v -0.07085617 0.02618549 0.13192571
v -0.07097264 0.02588260 0.13172651
v -0.07092084 0.02596213 0.13181510
v -0.07088112 0.02606542 0.13188311
v -0.07635485 0.02610021 0.13208530
v -0.07634514 0.02613628 0.13209281
v -0.07642076 0.02597196 0.13203361
v -0.07641163 0.02598284 0.13204090
v -0.07639276 0.02601360 0.13205570
v -0.07635797 0.02609312 0.13208291
v -0.07651774 0.02586755 0.13195540
v -0.07648851 0.02589114 0.13197941
v -0.07108767 0.02596080 0.13186211
v -0.07657226 0.02582356 0.13191071
v -0.07664032 0.02578867 0.13185311
v -0.07671207 0.02575189 0.13179230
v -0.07674733 0.02573997 0.13176160
v -0.07677507 0.02573547 0.13173670
v -0.07937748 0.02567206 0.12629811
v -0.07109117 0.02581538 0.12648331
v -0.07109088 0.02581776 0.12646531
v -0.07109050 0.02582114 0.12643960
v -0.07109005 0.02582507 0.12640990
v -0.07108960 0.02582896 0.12638041
v -0.07938993 0.02568947 0.12621780
v -0.07108931 0.02583139 0.12636201
v -0.07939553 0.02569729 0.12618171
v -0.07108928 0.02583252 0.12635930
v -0.07940693 0.02573787 0.12609711
v -0.07108808 0.02588135 0.12624141
v -0.07940942 0.02574670 0.12607870
v -0.07108767 0.02596080 0.12613791
v -0.07941440 0.02577502 0.12603831
v -0.07108767 0.02596228 0.12613681
v -0.07942390 0.02585780 0.12595450
v -0.07108767 0.02596080 0.12613791
v -0.07941932 0.02581784 0.12599491
v -0.07108931 0.02618488 0.12600851
v -0.07943184 0.02600392 0.12587381
v -0.07108808 0.02606433 0.12605851
v -0.07942791 0.02591975 0.12591491
v -0.07942691 0.02589824 0.12592541
v -0.07108932 0.02618550 0.12600841
v -0.07943304 0.02605171 0.12585971
v -0.07943274 0.02603938 0.12586330
v -0.07102481 0.04343314 0.12599701
v -0.07096733 0.02631425 0.12600931
v -0.07096453 0.04343462 0.12601371
v -0.07096377 0.02631425 0.12601081
v -0.07091037 0.04343596 0.12602871
v -0.07084766 0.02631425 0.12605971
v -0.07061982 0.04343444 0.12636431
v -0.07064090 0.04343613 0.12629330
v -0.07066574 0.02631425 0.12624401
v -0.07066301 0.04343690 0.12624840
v -0.07066603 0.04343694 0.12624421
v -0.07066632 0.02631425 0.12624251
v -0.07073227 0.04343780 0.12615261
v -0.07074363 0.02631425 0.12614110
v -0.07074376 0.04343779 0.12614130
v -0.07074501 0.02631425 0.12613920
v -0.07076802 0.04343778 0.12611751
v -0.07084523 0.02631425 0.12606161
v -0.07084623 0.04343696 0.12606311
v -0.07086509 0.04343677 0.12605001
v -0.07061687 0.02631425 0.12636261
v -0.07061676 0.02631425 0.12636341
v -0.07060723 0.04343342 0.12640671
v -0.07066574 0.02631425 0.12624401
v -0.07068094 0.02618549 0.12625091
v -0.07075699 0.02618549 0.12615111
v -0.07097181 0.02583217 0.12645721
v -0.07098492 0.02583217 0.12642531
v -0.07100580 0.02583217 0.12639791
v -0.07103305 0.02583217 0.12637681
v -0.07106479 0.02583217 0.12636341
v -0.07103305 0.02588260 0.12624811
v -0.07100580 0.02596213 0.12614911
v -0.07098492 0.02606542 0.12607320
v -0.07097181 0.02618549 0.12602550
v -0.07096733 0.02583217 0.12649141
v -0.07096377 0.02583367 0.12649141
v -0.07085617 0.02588260 0.12642641
v -0.07084766 0.02588260 0.12649141
v -0.07084523 0.02588448 0.12649141
v -0.07075699 0.02596213 0.12639991
v -0.07074501 0.02596213 0.12649141
v -0.07074363 0.02596397 0.12649141
v -0.07068094 0.02606542 0.12637971
v -0.07088112 0.02588260 0.12636580
v -0.07079209 0.02596213 0.12631470
v -0.07072383 0.02606542 0.12627550
v -0.07063317 0.02618549 0.12636690
v -0.07085617 0.02618549 0.12607431
v -0.07097264 0.02588260 0.12627350
v -0.07092084 0.02596213 0.12618490
v -0.07088112 0.02606542 0.12611690
v -0.07092084 0.02588260 0.12631360
v -0.07084797 0.02596213 0.12624141
v -0.07079209 0.02606542 0.12618590
v -0.07066632 0.02606542 0.12649141
v -0.07066574 0.02606685 0.12649141
v -0.07061687 0.02618549 0.12649141
v -0.07061676 0.02618626 0.12649141
v -0.07096733 0.02583217 0.12750870
v -0.07096377 0.02583367 0.12750870
v -0.07084766 0.02588260 0.12750870
v -0.07084523 0.02588448 0.12750870
v -0.07074501 0.02596213 0.12750870
v -0.07074363 0.02596397 0.12750870
v -0.07066632 0.02606542 0.12750870
v -0.07066574 0.02606685 0.12750870
v -0.07061687 0.02618549 0.12750870
v -0.07061676 0.02618626 0.12750870
v -0.07097409 0.04335007 0.12799251
v -0.07096371 0.04335063 0.12798931
v -0.07096377 0.02631425 0.12798920
v -0.07092637 0.04335265 0.12797751
v -0.07084616 0.04335793 0.12793651
v -0.07084523 0.02631425 0.12793841
v -0.07061033 0.04338542 0.12760981
v -0.07061676 0.02631425 0.12763660
v -0.07066574 0.02631425 0.12775611
v -0.07066671 0.04337490 0.12775561
v -0.07061687 0.02631425 0.12763740
v -0.07062294 0.04338214 0.12765831
v -0.07061727 0.04338361 0.12763650
v -0.07074588 0.04336617 0.12785670
v -0.07069941 0.04337068 0.12780791
v -0.07067154 0.04337410 0.12776641
v -0.07082099 0.04335958 0.12792361
v -0.07074363 0.02631425 0.12785891
v -0.07074501 0.02631425 0.12786081
v -0.07066632 0.02631425 0.12775751
v -0.07078105 0.04336275 0.12789371
v -0.07084766 0.02631425 0.12794031
v -0.07096733 0.02631425 0.12799071
v -0.07066574 0.02606685 0.12750870
v -0.07068094 0.02606542 0.12762031
v -0.07108932 0.02618550 0.12799161
v -0.07097181 0.02618549 0.12797451
v -0.07108931 0.02618488 0.12799151
v -0.07098492 0.02606542 0.12792681
v -0.07108808 0.02606433 0.12794160
v -0.07100580 0.02596213 0.12785090
v -0.07106479 0.02583217 0.12763660
v -0.07108808 0.02588135 0.12775860
v -0.07103305 0.02588260 0.12775191
v -0.07108767 0.02596080 0.12786210
v -0.07108767 0.02596228 0.12786320
v -0.07108960 0.02582896 0.12761960
v -0.07108931 0.02583139 0.12763801
v -0.07108928 0.02583252 0.12764071
v -0.07103305 0.02583217 0.12762321
v -0.07109005 0.02582507 0.12759011
v -0.07100580 0.02583217 0.12760210
v -0.07109050 0.02582114 0.12756041
v -0.07098492 0.02583217 0.12757471
v -0.07109088 0.02581776 0.12753470
v -0.07097181 0.02583217 0.12754281
v -0.07109117 0.02581538 0.12751671
v -0.07085617 0.02588260 0.12757361
v -0.07075699 0.02596213 0.12760010
v -0.07063317 0.02618549 0.12763311
v -0.07068094 0.02618549 0.12774911
v -0.07066574 0.02631425 0.12775611
v -0.07088112 0.02588260 0.12763421
v -0.07079209 0.02596213 0.12768531
v -0.07072383 0.02606542 0.12772451
v -0.07075699 0.02618549 0.12784891
v -0.07092084 0.02588260 0.12768641
v -0.07084797 0.02596213 0.12775860
v -0.07079209 0.02606542 0.12781411
v -0.07085617 0.02618549 0.12792570
v -0.07097264 0.02588260 0.12772651
v -0.07092084 0.02596213 0.12781511
v -0.07088112 0.02606542 0.12788311
v -0.07891601 0.02609011 0.12813741
v -0.07892160 0.02603454 0.12812441
v -0.07892022 0.02604833 0.12812760
v -0.07895285 0.02588082 0.12804861
v -0.07894069 0.02592732 0.12807851
v -0.07894027 0.02592884 0.12807950
v -0.07898471 0.02579375 0.12796811
v -0.07108767 0.02596080 0.12786210
v -0.07897313 0.02582539 0.12799740
v -0.07904844 0.02569830 0.12779700
v -0.07904074 0.02570572 0.12781840
v -0.07901218 0.02574573 0.12789551
v -0.07900080 0.02576167 0.12792621
v -0.07905552 0.02569252 0.12777701
v -0.07905848 0.02569010 0.12776871
v -0.07060445 0.04343290 0.12357521
v -0.07061676 0.02631425 0.12363660
v -0.07061687 0.02631425 0.12363740
v -0.07063411 0.04343580 0.12369021
v -0.07062007 0.04343443 0.12363581
v -0.07096377 0.02631425 0.12398920
v -0.07089397 0.04343627 0.12396421
v -0.07084766 0.02631425 0.12394031
v -0.07084941 0.04343701 0.12394131
v -0.07084523 0.02631425 0.12393841
v -0.07084533 0.04343704 0.12393831
v -0.07074501 0.02631425 0.12386081
v -0.07075486 0.04343781 0.12387041
v -0.07074363 0.02631425 0.12385891
v -0.07074377 0.04343779 0.12385871
v -0.07066632 0.02631425 0.12375751
v -0.07072036 0.04343775 0.12383401
v -0.07066574 0.02631425 0.12375611
v -0.07066738 0.04343687 0.12375490
v -0.07065458 0.04343665 0.12373581
v -0.07096733 0.02631425 0.12399071
v -0.07100669 0.04343365 0.12399991
v -0.07096457 0.04343463 0.12398661
v -0.07943320 0.02605994 0.12414220
v -0.07108932 0.02618550 0.12399161
v -0.07943271 0.02603941 0.12413660
v -0.07108931 0.02618488 0.12399151
v -0.07943206 0.02601165 0.12412890
v -0.07108808 0.02606433 0.12394160
v -0.07942798 0.02591944 0.12408571
v -0.07108767 0.02596080 0.12386210
v -0.07941932 0.02581779 0.12400510
v -0.07108767 0.02596228 0.12386320
v -0.07942437 0.02586333 0.12404990
v -0.07942736 0.02590514 0.12407901
v -0.07108808 0.02588135 0.12375860
v -0.07940995 0.02574937 0.12392550
v -0.07941508 0.02577945 0.12396731
v -0.07939022 0.02568692 0.12378280
v -0.07939553 0.02569729 0.12381830
v -0.07939566 0.02569764 0.12381940
v -0.07940689 0.02573826 0.12390271
v -0.07109050 0.02582114 0.12356041
v -0.07109088 0.02581776 0.12353470
v -0.07109117 0.02581538 0.12351671
v -0.07108928 0.02583252 0.12364081
v -0.07108931 0.02583139 0.12363801
v -0.07938852 0.02568359 0.12377141
v -0.07108960 0.02582896 0.12361960
v -0.07109005 0.02582507 0.12359011
v -0.07066574 0.02606685 0.12350870
v -0.07066632 0.02606542 0.12350870
v -0.07068094 0.02606542 0.12362031
v -0.07097181 0.02618549 0.12397451
v -0.07098492 0.02606542 0.12392681
v -0.07100580 0.02596213 0.12385090
v -0.07106479 0.02583217 0.12363660
v -0.07103305 0.02588260 0.12375191
v -0.07103305 0.02583217 0.12362321
v -0.07100580 0.02583217 0.12360210
v -0.07098492 0.02583217 0.12357471
v -0.07097181 0.02583217 0.12354281
v -0.07096733 0.02583217 0.12350870
v -0.07096377 0.02583367 0.12350870
v -0.07085617 0.02588260 0.12357361
v -0.07084766 0.02588260 0.12350870
v -0.07075699 0.02596213 0.12360010
v -0.07074363 0.02596397 0.12350870
v -0.07074501 0.02596213 0.12350870
v -0.07084523 0.02588448 0.12350870
v -0.07063317 0.02618549 0.12363311
v -0.07061687 0.02618549 0.12350870
v -0.07061676 0.02618626 0.12350870
v -0.07068094 0.02618549 0.12374911
v -0.07088112 0.02588260 0.12363421
v -0.07079209 0.02596213 0.12368531
v -0.07072383 0.02606542 0.12372451
v -0.07075699 0.02618549 0.12384891
v -0.07092084 0.02588260 0.12368641
v -0.07084797 0.02596213 0.12375860
v -0.07079209 0.02606542 0.12381411
v -0.07085617 0.02618549 0.12392570
v -0.07097264 0.02588260 0.12372651
v -0.07092084 0.02596213 0.12381511
v -0.07088112 0.02606542 0.12388311
v -0.07102407 0.04334768 0.12199721
v -0.07096733 0.02631425 0.12200931
v -0.07096453 0.04335078 0.12201371
v -0.07096377 0.02631425 0.12201081
v -0.07090964 0.04335364 0.12202901
v -0.07086415 0.04335651 0.12205050
v -0.07084766 0.02631425 0.12205971
v -0.07084619 0.04335789 0.12206301
v -0.07084523 0.02631425 0.12206161
v -0.07076710 0.04336396 0.12211831
v -0.07074501 0.02631425 0.12213920
v -0.07074379 0.04336613 0.12214130
v -0.07074363 0.02631425 0.12214110
v -0.07066632 0.02631425 0.12224251
v -0.07073140 0.04336729 0.12215351
v -0.07066574 0.02631425 0.12224401
v -0.07066616 0.04337492 0.12224431
v -0.07066574 0.02631425 0.12224401
v -0.07066227 0.04337537 0.12224971
v -0.07061687 0.02631425 0.12236261
v -0.07064027 0.04337878 0.12229481
v -0.07061988 0.04338356 0.12236431
v -0.07061676 0.02631425 0.12236341
v -0.07060694 0.04338660 0.12240841
v -0.07061676 0.02618626 0.12249141
v -0.07061687 0.02618549 0.12249141
v -0.07066574 0.02606685 0.12249141
v -0.07066632 0.02606542 0.12249141
v -0.07074363 0.02596397 0.12249141
v -0.07074501 0.02596213 0.12249141
v -0.07084523 0.02588448 0.12249141
v -0.07084766 0.02588260 0.12249141
v -0.07096377 0.02583367 0.12249141
v -0.07096733 0.02583217 0.12249141
v -0.07068094 0.02618549 0.12225091
v -0.07097181 0.02583217 0.12245720
v -0.07109117 0.02581538 0.12248331
v -0.07098492 0.02583217 0.12242531
v -0.07109088 0.02581776 0.12246531
v -0.07100580 0.02583217 0.12239791
v -0.07109050 0.02582114 0.12243960
v -0.07103305 0.02583217 0.12237681
v -0.07109005 0.02582507 0.12240990
v -0.07108931 0.02583139 0.12236201
v -0.07108960 0.02582896 0.12238041
v -0.07106479 0.02583217 0.12236341
v -0.07108928 0.02583252 0.12235930
v -0.07103305 0.02588260 0.12224811
v -0.07108808 0.02588135 0.12224141
v -0.07108767 0.02596080 0.12213791
v -0.07100580 0.02596213 0.12214911
v -0.07108767 0.02596228 0.12213681
v -0.07098492 0.02606542 0.12207320
v -0.07108808 0.02606433 0.12205851
v -0.07108931 0.02618488 0.12200850
v -0.07097181 0.02618549 0.12202550
v -0.07108932 0.02618550 0.12200841
v -0.07085617 0.02588260 0.12242641
v -0.07075699 0.02596213 0.12239991
v -0.07068094 0.02606542 0.12237971
v -0.07088112 0.02588260 0.12236580
v -0.07079209 0.02596213 0.12231470
v -0.07072383 0.02606542 0.12227550
v -0.07063317 0.02618549 0.12236690
v -0.07085617 0.02618549 0.12207431
v -0.07097264 0.02588260 0.12227350
v -0.07092084 0.02596213 0.12218490
v -0.07088112 0.02606542 0.12211690
v -0.07075699 0.02618549 0.12215111
v -0.07092084 0.02588260 0.12231360
v -0.07084797 0.02596213 0.12224141
v -0.07079209 0.02606542 0.12218590
v -0.07891820 0.02606503 0.12186770
v -0.07892020 0.02604834 0.12187230
v -0.07900035 0.02576250 0.12207261
v -0.07901220 0.02574580 0.12210451
v -0.07908947 0.02567560 0.12232200
v -0.07905545 0.02569442 0.12222330
v -0.07904024 0.02570625 0.12218020
v -0.07904844 0.02569830 0.12220301
v -0.07894437 0.02591196 0.12193050
v -0.07894126 0.02592800 0.12192300
v -0.07895453 0.02587517 0.12195550
v -0.07897319 0.02582562 0.12200281
v -0.07898720 0.02578837 0.12203831
v -0.07892389 0.02601740 0.12188100
v -0.07061138 0.04315845 0.11961471
v -0.07061676 0.02631425 0.11963660
v -0.07066632 0.02631425 0.11975751
v -0.07067351 0.04317856 0.11976961
v -0.07066574 0.02631425 0.11975611
v -0.07066701 0.04317675 0.11975551
v -0.07061687 0.02631425 0.11963740
v -0.07062407 0.04316485 0.11966191
v -0.07061724 0.04316141 0.11963650
v -0.07074501 0.02631425 0.11986081
v -0.07078283 0.04319238 0.11989521
v -0.07074363 0.02631425 0.11985891
v -0.07074588 0.04318829 0.11985670
v -0.07070111 0.04318333 0.11981010
v -0.07096733 0.02631425 0.11999071
v -0.07097493 0.04319889 0.11999280
v -0.07096377 0.02631425 0.11998920
v -0.07096371 0.04319882 0.11998931
v -0.07084766 0.02631425 0.11994031
v -0.07092743 0.04319861 0.11997790
v -0.07084523 0.02631425 0.11993841
v -0.07084608 0.04319585 0.11993661
v -0.07082264 0.04319506 0.11992470
v -0.07823121 0.02614413 0.12013111
v -0.07822506 0.02608311 0.12012160
v -0.07108932 0.02618550 0.11999161
v -0.07822017 0.02606101 0.12011420
v -0.07108931 0.02618488 0.11999151
v -0.07820320 0.02598457 0.12008851
v -0.07108808 0.02606433 0.11994160
v -0.07818698 0.02594098 0.12006441
v -0.07817936 0.02592048 0.12005311
v -0.07108767 0.02596228 0.11986320
v -0.07813243 0.02583809 0.11998481
v -0.07108767 0.02596080 0.11986210
v -0.07813083 0.02583527 0.11998240
v -0.07796737 0.02571537 0.11975690
v -0.07802893 0.02573931 0.11983941
v -0.07108808 0.02588135 0.11975860
v -0.07805687 0.02576268 0.11987841
v -0.07810422 0.02580228 0.11994440
v -0.07109117 0.02581538 0.11951671
v -0.07108928 0.02583252 0.11964081
v -0.07108931 0.02583139 0.11963801
v -0.07793184 0.02570155 0.11970920
v -0.07790030 0.02569712 0.11966810
v -0.07109005 0.02582507 0.11959011
v -0.07109050 0.02582114 0.11956041
v -0.07109088 0.02581776 0.11953470
v -0.07108960 0.02582896 0.11961960
v -0.07066574 0.02606685 0.11950870
v -0.07066632 0.02606542 0.11950870
v -0.07068094 0.02606542 0.11962031
v -0.07097181 0.02618549 0.11997451
v -0.07098492 0.02606542 0.11992681
v -0.07100580 0.02596213 0.11985090
v -0.07106479 0.02583217 0.11963660
v -0.07103305 0.02588260 0.11975200
v -0.07103305 0.02583217 0.11962321
v -0.07100580 0.02583217 0.11960210
v -0.07098492 0.02583217 0.11957471
v -0.07097181 0.02583217 0.11954281
v -0.07096733 0.02583217 0.11950870
v -0.07096377 0.02583367 0.11950870
v -0.07085617 0.02588260 0.11957361
v -0.07084766 0.02588260 0.11950870
v -0.07075699 0.02596213 0.11960010
v -0.07074363 0.02596397 0.11950870
v -0.07074501 0.02596213 0.11950870
v -0.07084523 0.02588448 0.11950870
v -0.07063317 0.02618549 0.11963311
v -0.07061687 0.02618549 0.11950870
v -0.07061676 0.02618626 0.11950870
v -0.07068094 0.02618549 0.11974911
v -0.07088112 0.02588260 0.11963421
v -0.07079209 0.02596213 0.11968531
v -0.07072383 0.02606542 0.11972451
v -0.07075699 0.02618549 0.11984891
v -0.07092084 0.02588260 0.11968641
v -0.07084797 0.02596213 0.11975860
v -0.07079209 0.02606542 0.11981411
v -0.07085617 0.02618549 0.11992570
v -0.07097264 0.02588260 0.11972651
v -0.07092084 0.02596213 0.11981511
v -0.07088112 0.02606542 0.11988311
v -0.07099923 0.04288242 0.11800161
v -0.07096733 0.02631425 0.11800931
v -0.07096373 0.04288608 0.11801091
v -0.07074363 0.02631425 0.11814110
v -0.07084121 0.04290294 0.11806351
v -0.07074501 0.02631425 0.11813920
v -0.07084520 0.04290237 0.11806170
v -0.07084523 0.02631425 0.11806161
v -0.07094841 0.04288767 0.11801491
v -0.07084766 0.02631425 0.11805971
v -0.07096377 0.02631425 0.11801081
v -0.07071247 0.04293192 0.11817541
v -0.07074572 0.04292381 0.11814331
v -0.07079802 0.04291104 0.11809280
v -0.07068230 0.04294162 0.11821650
v -0.07066632 0.02631425 0.11824251
v -0.07066806 0.04294798 0.11824511
v -0.07066574 0.02631425 0.11824401
v -0.07062896 0.04296544 0.11832371
v -0.07061687 0.02631425 0.11836261
v -0.07061703 0.04297380 0.11836351
v -0.07061676 0.02631425 0.11836341
v -0.07061438 0.04297567 0.11837230
v -0.07061676 0.02618626 0.11849141
v -0.07061687 0.02618549 0.11849141
v -0.07066574 0.02606685 0.11849141
v -0.07066632 0.02606542 0.11849141
v -0.07074363 0.02596397 0.11849141
v -0.07074501 0.02596213 0.11849141
v -0.07084523 0.02588448 0.11849141
v -0.07084766 0.02588260 0.11849141
v -0.07096377 0.02583367 0.11849141
v -0.07096733 0.02583217 0.11849141
v -0.07066574 0.02631425 0.11824401
v -0.07068094 0.02618549 0.11825091
v -0.07097181 0.02583217 0.11845720
v -0.07109117 0.02581538 0.11848330
v -0.07098492 0.02583217 0.11842531
v -0.07109088 0.02581776 0.11846531
v -0.07100580 0.02583217 0.11839791
v -0.07109050 0.02582114 0.11843960
v -0.07103305 0.02583217 0.11837681
v -0.07109005 0.02582507 0.11840990
v -0.07108931 0.02583139 0.11836201
v -0.07108960 0.02582896 0.11838041
v -0.07106479 0.02583217 0.11836341
v -0.07108928 0.02583252 0.11835930
v -0.07103305 0.02588260 0.11824811
v -0.07108808 0.02588135 0.11824141
v -0.07108767 0.02596080 0.11813791
v -0.07100580 0.02596213 0.11814911
v -0.07108767 0.02596228 0.11813681
v -0.07098492 0.02606542 0.11807320
v -0.07108808 0.02606433 0.11805851
v -0.07108931 0.02618488 0.11800850
v -0.07097181 0.02618549 0.11802550
v -0.07108932 0.02618550 0.11800841
v -0.07085617 0.02588260 0.11842640
v -0.07075699 0.02596213 0.11839991
v -0.07068094 0.02606542 0.11837971
v -0.07088112 0.02588260 0.11836580
v -0.07079209 0.02596213 0.11831470
v -0.07072383 0.02606542 0.11827550
v -0.07063317 0.02618549 0.11836690
v -0.07085617 0.02618549 0.11807431
v -0.07097264 0.02588260 0.11827350
v -0.07092084 0.02596213 0.11818490
v -0.07088112 0.02606542 0.11811690
v -0.07075699 0.02618549 0.11815111
v -0.07092084 0.02588260 0.11831360
v -0.07084797 0.02596213 0.11824141
v -0.07079209 0.02606542 0.11818590
v -0.07066574 0.02606685 0.11849141
v -0.07634500 0.02613687 0.11790710
v -0.07635736 0.02609295 0.11791661
v -0.07677508 0.02573552 0.11826330
v -0.07668734 0.02576162 0.11818641
v -0.07664059 0.02578852 0.11814711
v -0.07674692 0.02574009 0.11823810
v -0.07642006 0.02597158 0.11796580
v -0.07650505 0.02587580 0.11803400
v -0.07651652 0.02586632 0.11804341
v -0.07654213 0.02584517 0.11806441
v -0.07641664 0.02597543 0.11796310
v -0.07640165 0.02599849 0.11795121
v -0.07635794 0.02609087 0.11791710
v -0.06131503 0.02569732 0.11966701
v -0.06810885 0.02581538 0.11951671
v -0.06810913 0.02581776 0.11953470
v -0.06810952 0.02582114 0.11956041
v -0.06128390 0.02570160 0.11970761
v -0.06810997 0.02582507 0.11959011
v -0.06124679 0.02571436 0.11975711
v -0.06811042 0.02582896 0.11961960
v -0.06811069 0.02583139 0.11963801
v -0.06120524 0.02572867 0.11981251
v -0.06811071 0.02583252 0.11964081
v -0.06108306 0.02583933 0.11998340
v -0.06109183 0.02582479 0.11997060
v -0.06811235 0.02596080 0.11986210
v -0.06110796 0.02580529 0.11994761
v -0.06811193 0.02588135 0.11975860
v -0.06115786 0.02576306 0.11987800
v -0.06118538 0.02573977 0.11983961
v -0.06103948 0.02591149 0.12004661
v -0.06811235 0.02596228 0.11986320
v -0.06102699 0.02594073 0.12006511
v -0.06811193 0.02606433 0.11994160
v -0.06102564 0.02594389 0.12006711
v -0.06811069 0.02618488 0.11999151
v -0.06099679 0.02604215 0.12011030
v -0.06811068 0.02618550 0.11999161
v -0.06098904 0.02608710 0.12012221
v -0.06099358 0.02606078 0.12011520
v -0.06845427 0.04318795 0.11985670
v -0.06840544 0.04319291 0.11990451
v -0.06835479 0.02631425 0.11993841
v -0.06820842 0.04319838 0.11999681
v -0.06823268 0.02631425 0.11999071
v -0.06823626 0.04319837 0.11998910
v -0.06823623 0.02631425 0.11998920
v -0.06825702 0.04319837 0.11998340
v -0.06835234 0.02631425 0.11994031
v -0.06835459 0.04319567 0.11993780
v -0.06836342 0.04319543 0.11993361
v -0.06845499 0.02631425 0.11986081
v -0.06845639 0.02631425 0.11985891
v -0.06848954 0.04318437 0.11982210
v -0.06851948 0.04317958 0.11978071
v -0.06853369 0.02631425 0.11975751
v -0.06853215 0.04317634 0.11975500
v -0.06853428 0.02631425 0.11975611
v -0.06857167 0.04316624 0.11967460
v -0.06858314 0.02631425 0.11963740
v -0.06858295 0.04316113 0.11963650
v -0.06858324 0.02631425 0.11963660
v -0.06858589 0.04315979 0.11962661
v -0.06822821 0.02583217 0.11954281
v -0.06821509 0.02583217 0.11957471
v -0.06819421 0.02583217 0.11960210
v -0.06816696 0.02583217 0.11962321
v -0.06813521 0.02583217 0.11963660
v -0.06816696 0.02588260 0.11975200
v -0.06819421 0.02596213 0.11985090
v -0.06821509 0.02606542 0.11992681
v -0.06822821 0.02618549 0.11997451
v -0.06823268 0.02583217 0.11950870
v -0.06823623 0.02583367 0.11950870
v -0.06834384 0.02588260 0.11957361
v -0.06835234 0.02588260 0.11950870
v -0.06835479 0.02588448 0.11950870
v -0.06844303 0.02596213 0.11960010
v -0.06845499 0.02596213 0.11950870
v -0.06845639 0.02596397 0.11950870
v -0.06851908 0.02606542 0.11962031
v -0.06853369 0.02606542 0.11950870
v -0.06853428 0.02606685 0.11950870
v -0.06856684 0.02618549 0.11963311
v -0.06834384 0.02618549 0.11992570
v -0.06822737 0.02588260 0.11972651
v -0.06827916 0.02596213 0.11981511
v -0.06831888 0.02606542 0.11988311
v -0.06844303 0.02618549 0.11984891
v -0.06827916 0.02588260 0.11968641
v -0.06835205 0.02596213 0.11975860
v -0.06840792 0.02606542 0.11981411
v -0.06851908 0.02618549 0.11974911
v -0.06831888 0.02588260 0.11963421
v -0.06840792 0.02596213 0.11968531
v -0.06847618 0.02606542 0.11972451
v -0.06858324 0.02618626 0.11950870
v -0.06858314 0.02618549 0.11950870
v -0.06285937 0.02610046 0.11791501
v -0.06286909 0.02613653 0.11790751
v -0.06811069 0.02618488 0.11800850
v -0.06811068 0.02618550 0.11800841
v -0.06279348 0.02597221 0.11796670
v -0.06280260 0.02598309 0.11795940
v -0.06811193 0.02606433 0.11805851
v -0.06282147 0.02601385 0.11794451
v -0.06285627 0.02609337 0.11791740
v -0.06811235 0.02596080 0.11813791
v -0.06269649 0.02586780 0.11804481
v -0.06272571 0.02589139 0.11802090
v -0.06811235 0.02596228 0.11813681
v -0.06811235 0.02596080 0.11813791
v -0.06264199 0.02582381 0.11808951
v -0.06811193 0.02588135 0.11824141
v -0.06257392 0.02578891 0.11814721
v -0.06250218 0.02575214 0.11820801
v -0.06811069 0.02583139 0.11836201
v -0.06246691 0.02574021 0.11823871
v -0.06243917 0.02573572 0.11826361
v -0.06811071 0.02583252 0.11835930
v -0.06810885 0.02581538 0.11848330
v -0.06811042 0.02582896 0.11838041
v -0.06810997 0.02582507 0.11840990
v -0.06810952 0.02582114 0.11843960
v -0.06810913 0.02581776 0.11846531
v -0.06823268 0.02583217 0.11849141
v -0.06823623 0.02583367 0.11849141
v -0.06835234 0.02588260 0.11849141
v -0.06835479 0.02588448 0.11849141
v -0.06845499 0.02596213 0.11849141
v -0.06845639 0.02596397 0.11849141
v -0.06853369 0.02606542 0.11849141
v -0.06853428 0.02606685 0.11950870
v -0.06853428 0.02606685 0.11849141
v -0.06858314 0.02618549 0.11849141
v -0.06858324 0.02618626 0.11849141
v -0.06851908 0.02606542 0.11837971
v -0.06822821 0.02618549 0.11802550
v -0.06821509 0.02606542 0.11807320
v -0.06819421 0.02596213 0.11814911
v -0.06813521 0.02583217 0.11836341
v -0.06816696 0.02588260 0.11824811
v -0.06816696 0.02583217 0.11837681
v -0.06819421 0.02583217 0.11839791
v -0.06821509 0.02583217 0.11842531
v -0.06822821 0.02583217 0.11845720
v -0.06834384 0.02588260 0.11842640
v -0.06844303 0.02596213 0.11839991
v -0.06856684 0.02618549 0.11836690
v -0.06858314 0.02631425 0.11836261
v -0.06858324 0.02631425 0.11836341
v -0.06853428 0.02606685 0.11849141
v -0.06851908 0.02618549 0.11825091
v -0.06853369 0.02631425 0.11824251
v -0.06853428 0.02631425 0.11824401
v -0.06831888 0.02588260 0.11836580
v -0.06840792 0.02596213 0.11831470
v -0.06847618 0.02606542 0.11827550
v -0.06844303 0.02618549 0.11815111
v -0.06845499 0.02631425 0.11813920
v -0.06845639 0.02631425 0.11814110
v -0.06827916 0.02588260 0.11831360
v -0.06835205 0.02596213 0.11824141
v -0.06840792 0.02606542 0.11818590
v -0.06834384 0.02618549 0.11807431
v -0.06835234 0.02631425 0.11805971
v -0.06835479 0.02631425 0.11806161
v -0.06822737 0.02588260 0.11827350
v -0.06827916 0.02596213 0.11818490
v -0.06831888 0.02606542 0.11811690
v -0.06823268 0.02631425 0.11800931
v -0.06823623 0.02631425 0.11801081
v -0.06822486 0.04288423 0.11800721
v -0.06823629 0.04288554 0.11801081
v -0.06827272 0.04288970 0.11802211
v -0.06835389 0.04290222 0.11806351
v -0.06858908 0.04297846 0.11838740
v -0.06853299 0.04294756 0.11824460
v -0.06857640 0.04296846 0.11833951
v -0.06858274 0.04297346 0.11836351
v -0.06845407 0.04292339 0.11814331
v -0.06849948 0.04293518 0.11819060
v -0.06852655 0.04294446 0.11823050
v -0.06837812 0.04290596 0.11807580
v -0.06841684 0.04291372 0.11810451
v -0.05983715 0.02567225 0.12370100
v -0.06810885 0.02581538 0.12351671
v -0.06810913 0.02581776 0.12353470
v -0.06810952 0.02582114 0.12356041
v -0.06810997 0.02582507 0.12359011
v -0.05982459 0.02568969 0.12378200
v -0.06811042 0.02582896 0.12361960
v -0.06811069 0.02583139 0.12363801
v -0.05981909 0.02569733 0.12381750
v -0.06811071 0.02583252 0.12364081
v -0.05980758 0.02573814 0.12390271
v -0.06811193 0.02588135 0.12375860
v -0.05980510 0.02574695 0.12392110
v -0.06811235 0.02596080 0.12386210
v -0.05980011 0.02577527 0.12396151
v -0.06811235 0.02596228 0.12386320
v -0.05979061 0.02585805 0.12404531
v -0.05979520 0.02581809 0.12400480
v -0.06811069 0.02618488 0.12399151
v -0.05978267 0.02600417 0.12412601
v -0.06811193 0.02606433 0.12394160
v -0.05978660 0.02592000 0.12408481
v -0.05978760 0.02589849 0.12407431
v -0.06811068 0.02618550 0.12399161
v -0.05978147 0.02605196 0.12414010
v -0.05978178 0.02603964 0.12413640
v -0.06817521 0.04343275 0.12400300
v -0.06823268 0.02631425 0.12399071
v -0.06823548 0.04343425 0.12398630
v -0.06823623 0.02631425 0.12398920
v -0.06828965 0.04343561 0.12397130
v -0.06835234 0.02631425 0.12394031
v -0.06858020 0.04343418 0.12363570
v -0.06855913 0.04343587 0.12370671
v -0.06853428 0.02631425 0.12375611
v -0.06853701 0.04343663 0.12375161
v -0.06853399 0.04343667 0.12375580
v -0.06853369 0.02631425 0.12375751
v -0.06846776 0.04343751 0.12384740
v -0.06845639 0.02631425 0.12385891
v -0.06845624 0.04343750 0.12385871
v -0.06845499 0.02631425 0.12386081
v -0.06843200 0.04343748 0.12388251
v -0.06835479 0.02631425 0.12393841
v -0.06835377 0.04343664 0.12393690
v -0.06833496 0.04343644 0.12395000
v -0.06853428 0.02631425 0.12375611
v -0.06858314 0.02631425 0.12363740
v -0.06858324 0.02631425 0.12363660
v -0.06859278 0.04343317 0.12359331
v -0.06822821 0.02583217 0.12354281
v -0.06821509 0.02583217 0.12357471
v -0.06819421 0.02583217 0.12360210
v -0.06816696 0.02583217 0.12362321
v -0.06813521 0.02583217 0.12363660
v -0.06816696 0.02588260 0.12375191
v -0.06819421 0.02596213 0.12385090
v -0.06821509 0.02606542 0.12392681
v -0.06822821 0.02618549 0.12397451
v -0.06823268 0.02583217 0.12350870
v -0.06823623 0.02583367 0.12350870
v -0.06834384 0.02588260 0.12357361
v -0.06835234 0.02588260 0.12350870
v -0.06835479 0.02588448 0.12350870
v -0.06844303 0.02596213 0.12360010
v -0.06845499 0.02596213 0.12350870
v -0.06845639 0.02596397 0.12350870
v -0.06851908 0.02606542 0.12362031
v -0.06853369 0.02606542 0.12350870
v -0.06853428 0.02606685 0.12350870
v -0.06856684 0.02618549 0.12363311
v -0.06834384 0.02618549 0.12392570
v -0.06822737 0.02588260 0.12372651
v -0.06827916 0.02596213 0.12381511
v -0.06831888 0.02606542 0.12388311
v -0.06844303 0.02618549 0.12384891
v -0.06827916 0.02588260 0.12368641
v -0.06835205 0.02596213 0.12375860
v -0.06840792 0.02606542 0.12381411
v -0.06851908 0.02618549 0.12374911
v -0.06831888 0.02588260 0.12363421
v -0.06840792 0.02596213 0.12368531
v -0.06847618 0.02606542 0.12372451
v -0.06858324 0.02618626 0.12350870
v -0.06858314 0.02618549 0.12350870
v -0.06823268 0.02583217 0.12249141
v -0.06823623 0.02583367 0.12249141
v -0.06835234 0.02588260 0.12249141
v -0.06835479 0.02588448 0.12249141
v -0.06845499 0.02596213 0.12249141
v -0.06845639 0.02596397 0.12249141
v -0.06853369 0.02606542 0.12249141
v -0.06853428 0.02606685 0.12350870
v -0.06853428 0.02606685 0.12249141
v -0.06858314 0.02618549 0.12249141
v -0.06858324 0.02618626 0.12249141
v -0.06822592 0.04334968 0.12200751
v -0.06823629 0.04335025 0.12201070
v -0.06823623 0.02631425 0.12201081
v -0.06827365 0.04335228 0.12202250
v -0.06835385 0.04335758 0.12206360
v -0.06835479 0.02631425 0.12206161
v -0.06858969 0.04338516 0.12239030
v -0.06858324 0.02631425 0.12236341
v -0.06853428 0.02631425 0.12224401
v -0.06853331 0.04337462 0.12224441
v -0.06858314 0.02631425 0.12236261
v -0.06857708 0.04338188 0.12234170
v -0.06858274 0.04338335 0.12236351
v -0.06845414 0.04336587 0.12214331
v -0.06850061 0.04337039 0.12219211
v -0.06853428 0.02631425 0.12224401
v -0.06852848 0.04337382 0.12223360
v -0.06837902 0.04335924 0.12207641
v -0.06845639 0.02631425 0.12214110
v -0.06845499 0.02631425 0.12213920
v -0.06853369 0.02631425 0.12224251
v -0.06841896 0.04336243 0.12210631
v -0.06835234 0.02631425 0.12205971
v -0.06823268 0.02631425 0.12200931
v -0.06811068 0.02618550 0.12200841
v -0.06822821 0.02618549 0.12202550
v -0.06811069 0.02618488 0.12200850
v -0.06821509 0.02606542 0.12207320
v -0.06811193 0.02606433 0.12205851
v -0.06819421 0.02596213 0.12214911
v -0.06813521 0.02583217 0.12236341
v -0.06811193 0.02588135 0.12224141
v -0.06816696 0.02588260 0.12224811
v -0.06811235 0.02596080 0.12213791
v -0.06811235 0.02596228 0.12213681
v -0.06811042 0.02582896 0.12238041
v -0.06811069 0.02583139 0.12236201
v -0.06811071 0.02583252 0.12235930
v -0.06816696 0.02583217 0.12237681
v -0.06810997 0.02582507 0.12240990
v -0.06819421 0.02583217 0.12239791
v -0.06810952 0.02582114 0.12243960
v -0.06821509 0.02583217 0.12242531
v -0.06810913 0.02581776 0.12246531
v -0.06822821 0.02583217 0.12245720
v -0.06810885 0.02581538 0.12248331
v -0.06834384 0.02588260 0.12242641
v -0.06844303 0.02596213 0.12239991
v -0.06851908 0.02606542 0.12237971
v -0.06853428 0.02606685 0.12249141
v -0.06856684 0.02618549 0.12236690
v -0.06851908 0.02618549 0.12225091
v -0.06831888 0.02588260 0.12236580
v -0.06840792 0.02596213 0.12231470
v -0.06847618 0.02606542 0.12227550
v -0.06844303 0.02618549 0.12215111
v -0.06827916 0.02588260 0.12231360
v -0.06835205 0.02596213 0.12224141
v -0.06840792 0.02606542 0.12218590
v -0.06834384 0.02618549 0.12207431
v -0.06822737 0.02588260 0.12227350
v -0.06827916 0.02596213 0.12218490
v -0.06831888 0.02606542 0.12211690
v -0.06029838 0.02609036 0.12186281
v -0.06029280 0.02603479 0.12187591
v -0.06029418 0.02604858 0.12187271
v -0.06026155 0.02588107 0.12195160
v -0.06027373 0.02592757 0.12192171
v -0.06027412 0.02592909 0.12192071
v -0.06022970 0.02579400 0.12203221
v -0.06811235 0.02596080 0.12213791
v -0.06024127 0.02582565 0.12200290
v -0.06015890 0.02569276 0.12222320
v -0.06016574 0.02569834 0.12220391
v -0.06017366 0.02570597 0.12218181
v -0.06020222 0.02574599 0.12210480
v -0.06021360 0.02576192 0.12207410
v -0.06015594 0.02569035 0.12223160
v -0.06029620 0.02606528 0.12813210
v -0.06029421 0.02604860 0.12812740
v -0.06811069 0.02618488 0.12799151
v -0.06021406 0.02576275 0.12792721
v -0.06020221 0.02574605 0.12789521
v -0.06811193 0.02588135 0.12775860
v -0.06012471 0.02567581 0.12767711
v -0.06810885 0.02581538 0.12751671
v -0.06810913 0.02581776 0.12753470
v -0.06810952 0.02582114 0.12756041
v -0.06810997 0.02582507 0.12759011
v -0.06015896 0.02569462 0.12777640
v -0.06017417 0.02570649 0.12781961
v -0.06811069 0.02583139 0.12763801
v -0.06811071 0.02583252 0.12764071
v -0.06811042 0.02582896 0.12761960
v -0.06016574 0.02569834 0.12779610
v -0.06027004 0.02591221 0.12806931
v -0.06811235 0.02596080 0.12786210
v -0.06027315 0.02592826 0.12807680
v -0.06811235 0.02596228 0.12786320
v -0.06811193 0.02606433 0.12794160
v -0.06025988 0.02587542 0.12804421
v -0.06024123 0.02582587 0.12799701
v -0.06022721 0.02578862 0.12796141
v -0.06029051 0.02601765 0.12811870
v -0.06811068 0.02618550 0.12799161
v -0.06817608 0.04334728 0.12800281
v -0.06823268 0.02631425 0.12799071
v -0.06823548 0.04335039 0.12798630
v -0.06823623 0.02631425 0.12798920
v -0.06829050 0.04335328 0.12797101
v -0.06833599 0.04335618 0.12794951
v -0.06835234 0.02631425 0.12794031
v -0.06835382 0.04335755 0.12793700
v -0.06835479 0.02631425 0.12793841
v -0.06843301 0.04336365 0.12788161
v -0.06845499 0.02631425 0.12786081
v -0.06845623 0.04336583 0.12785871
v -0.06845639 0.02631425 0.12785891
v -0.06853369 0.02631425 0.12775751
v -0.06846869 0.04336699 0.12784640
v -0.06853428 0.02631425 0.12775611
v -0.06853384 0.04337464 0.12775571
v -0.06853428 0.02631425 0.12775611
v -0.06853781 0.04337510 0.12775020
v -0.06858314 0.02631425 0.12763740
v -0.06855976 0.04337852 0.12770521
v -0.06858013 0.04338330 0.12763570
v -0.06858324 0.02631425 0.12763660
v -0.06859310 0.04338635 0.12759151
v -0.06822821 0.02583217 0.12754281
v -0.06821509 0.02583217 0.12757471
v -0.06819421 0.02583217 0.12760210
v -0.06816696 0.02583217 0.12762321
v -0.06813521 0.02583217 0.12763660
v -0.06816696 0.02588260 0.12775191
v -0.06819421 0.02596213 0.12785090
v -0.06821509 0.02606542 0.12792681
v -0.06822821 0.02618549 0.12797451
v -0.06823268 0.02583217 0.12750870
v -0.06823623 0.02583367 0.12750870
v -0.06834384 0.02588260 0.12757361
v -0.06835234 0.02588260 0.12750870
v -0.06835479 0.02588448 0.12750870
v -0.06844303 0.02596213 0.12760010
v -0.06831888 0.02588260 0.12763421
v -0.06840792 0.02596213 0.12768531
v -0.06851908 0.02606542 0.12762031
v -0.06847618 0.02606542 0.12772451
v -0.06853369 0.02606542 0.12750870
v -0.06845639 0.02596397 0.12750870
v -0.06845499 0.02596213 0.12750870
v -0.06853428 0.02606685 0.12750870
v -0.06856684 0.02618549 0.12763311
v -0.06851908 0.02618549 0.12774911
v -0.06834384 0.02618549 0.12792570
v -0.06822737 0.02588260 0.12772651
v -0.06827916 0.02596213 0.12781511
v -0.06831888 0.02606542 0.12788311
v -0.06844303 0.02618549 0.12784891
v -0.06827916 0.02588260 0.12768641
v -0.06835205 0.02596213 0.12775860
v -0.06840792 0.02606542 0.12781411
v -0.06858314 0.02618549 0.12750870
v -0.06858324 0.02618626 0.12750870
v -0.05978131 0.02606020 0.12585801
v -0.06811068 0.02618550 0.12600841
v -0.05978179 0.02603966 0.12586371
v -0.06811069 0.02618488 0.12600851
v -0.05978244 0.02601191 0.12587140
v -0.06811193 0.02606433 0.12605851
v -0.05978653 0.02591969 0.12591460
v -0.06811235 0.02596080 0.12613791
v -0.05979519 0.02581804 0.12599521
v -0.06811235 0.02596228 0.12613681
v -0.05979015 0.02586358 0.12595041
v -0.05978716 0.02590540 0.12592131
v -0.06811193 0.02588135 0.12624141
v -0.05980457 0.02574962 0.12607471
v -0.05979943 0.02577970 0.12603290
v -0.05982429 0.02568717 0.12621750
v -0.05981909 0.02569733 0.12618251
v -0.05981885 0.02569789 0.12618091
v -0.05980764 0.02573852 0.12609751
v -0.06811071 0.02583252 0.12635930
v -0.06811069 0.02583139 0.12636201
v -0.05982599 0.02568384 0.12622890
v -0.06811042 0.02582896 0.12638041
v -0.06810997 0.02582507 0.12640990
v -0.06810952 0.02582114 0.12643960
v -0.06810913 0.02581776 0.12646531
v -0.06810885 0.02581538 0.12648331
v -0.06823268 0.02583217 0.12649141
v -0.06823623 0.02583367 0.12649141
v -0.06835234 0.02588260 0.12649141
v -0.06835479 0.02588448 0.12649141
v -0.06845499 0.02596213 0.12649141
v -0.06845639 0.02596397 0.12649141
v -0.06853369 0.02606542 0.12649141
v -0.06853428 0.02606685 0.12750870
v -0.06853428 0.02606685 0.12649141
v -0.06858314 0.02618549 0.12649141
v -0.06858324 0.02618626 0.12649141
v -0.06822821 0.02618549 0.12602550
v -0.06821509 0.02606542 0.12607320
v -0.06819421 0.02596213 0.12614911
v -0.06813521 0.02583217 0.12636341
v -0.06816696 0.02588260 0.12624811
v -0.06816696 0.02583217 0.12637681
v -0.06819421 0.02583217 0.12639791
v -0.06821509 0.02583217 0.12642531
v -0.06822821 0.02583217 0.12645721
v -0.06834384 0.02588260 0.12642641
v -0.06844303 0.02596213 0.12639991
v -0.06851908 0.02606542 0.12637971
v -0.06853428 0.02606685 0.12649141
v -0.06856684 0.02618549 0.12636690
v -0.06858314 0.02631425 0.12636261
v -0.06858324 0.02631425 0.12636341
v -0.06851908 0.02618549 0.12625091
v -0.06853369 0.02631425 0.12624251
v -0.06853428 0.02631425 0.12624401
v -0.06831888 0.02588260 0.12636580
v -0.06840792 0.02596213 0.12631470
v -0.06847618 0.02606542 0.12627550
v -0.06853428 0.02631425 0.12624401
v -0.06844303 0.02618549 0.12615111
v -0.06845499 0.02631425 0.12613920
v -0.06845639 0.02631425 0.12614110
v -0.06827916 0.02588260 0.12631360
v -0.06835205 0.02596213 0.12624141
v -0.06840792 0.02606542 0.12618590
v -0.06834384 0.02618549 0.12607431
v -0.06835234 0.02631425 0.12605971
v -0.06835479 0.02631425 0.12606161
v -0.06822737 0.02588260 0.12627350
v -0.06827916 0.02596213 0.12618490
v -0.06831888 0.02606542 0.12611690
v -0.06823268 0.02631425 0.12600931
v -0.06823623 0.02631425 0.12601081
v -0.06859555 0.04343265 0.12642480
v -0.06856588 0.04343554 0.12630981
v -0.06857992 0.04343417 0.12636420
v -0.06830600 0.04343593 0.12603580
v -0.06835057 0.04343668 0.12605871
v -0.06835467 0.04343671 0.12606170
v -0.06844513 0.04343751 0.12612961
v -0.06845623 0.04343750 0.12614130
v -0.06847963 0.04343746 0.12616591
v -0.06853264 0.04343660 0.12624511
v -0.06854541 0.04343639 0.12626420
v -0.06819327 0.04343327 0.12600011
v -0.06823543 0.04343426 0.12601350
v -0.06286921 0.02613712 0.13209261
v -0.06285688 0.02609320 0.13208311
v -0.06811069 0.02618488 0.13199151
v -0.06810885 0.02581538 0.13151670
v -0.06810913 0.02581776 0.13153470
v -0.06810952 0.02582114 0.13156040
v -0.06243917 0.02573577 0.13173641
v -0.06810997 0.02582507 0.13159011
v -0.06252690 0.02576186 0.13181330
v -0.06811069 0.02583139 0.13163801
v -0.06257366 0.02578877 0.13185261
v -0.06811071 0.02583252 0.13164071
v -0.06811193 0.02588135 0.13175861
v -0.06811042 0.02582896 0.13161960
v -0.06246733 0.02574034 0.13176171
v -0.06279417 0.02597183 0.13203391
v -0.06270918 0.02587604 0.13196570
v -0.06811235 0.02596080 0.13186211
v -0.06269771 0.02586657 0.13195631
v -0.06267209 0.02584541 0.13193540
v -0.06811235 0.02596228 0.13186321
v -0.06811193 0.02606433 0.13194150
v -0.06279758 0.02597567 0.13203661
v -0.06281258 0.02599873 0.13204850
v -0.06285629 0.02609112 0.13208271
v -0.06811068 0.02618550 0.13199160
v -0.06820077 0.04288188 0.13199840
v -0.06823268 0.02631425 0.13199071
v -0.06823629 0.04288556 0.13198911
v -0.06845639 0.02631425 0.13185891
v -0.06835878 0.04290248 0.13193650
v -0.06845499 0.02631425 0.13186080
v -0.06835482 0.04290191 0.13193830
v -0.06835479 0.02631425 0.13193841
v -0.06825161 0.04288715 0.13198511
v -0.06835234 0.02631425 0.13194031
v -0.06823623 0.02631425 0.13198920
v -0.06848754 0.04293153 0.13182461
v -0.06845428 0.04292340 0.13185671
v -0.06840198 0.04291061 0.13190720
v -0.06851770 0.04294124 0.13178350
v -0.06853369 0.02631425 0.13175751
v -0.06853194 0.04294761 0.13175490
v -0.06853428 0.02631425 0.13175611
v -0.06857106 0.04296509 0.13167631
v -0.06858314 0.02631425 0.13163741
v -0.06858297 0.04297347 0.13163651
v -0.06858324 0.02631425 0.13163660
v -0.06858564 0.04297534 0.13162771
v -0.06822821 0.02583217 0.13154281
v -0.06821509 0.02583217 0.13157471
v -0.06819421 0.02583217 0.13160210
v -0.06816696 0.02583217 0.13162321
v -0.06813521 0.02583217 0.13163660
v -0.06816696 0.02588260 0.13175191
v -0.06819421 0.02596213 0.13185091
v -0.06821509 0.02606542 0.13192681
v -0.06822821 0.02618549 0.13197451
v -0.06823268 0.02583217 0.13150861
v -0.06823623 0.02583367 0.13150861
v -0.06834384 0.02588260 0.13157360
v -0.06835234 0.02588260 0.13150861
v -0.06835479 0.02588448 0.13150861
v -0.06844303 0.02596213 0.13160010
v -0.06845499 0.02596213 0.13150861
v -0.06845639 0.02596397 0.13150861
v -0.06851908 0.02606542 0.13162031
v -0.06853369 0.02606542 0.13150861
v -0.06853428 0.02606685 0.13150861
v -0.06856684 0.02618549 0.13163311
v -0.06834384 0.02618549 0.13192571
v -0.06822737 0.02588260 0.13172651
v -0.06827916 0.02596213 0.13181510
v -0.06831888 0.02606542 0.13188311
v -0.06844303 0.02618549 0.13184891
v -0.06827916 0.02588260 0.13168641
v -0.06835205 0.02596213 0.13175861
v -0.06840792 0.02606542 0.13181411
v -0.06851908 0.02618549 0.13174911
v -0.06831888 0.02588260 0.13163421
v -0.06840792 0.02596213 0.13168531
v -0.06847618 0.02606542 0.13172451
v -0.06853428 0.02631425 0.13175611
v -0.06858324 0.02618626 0.13150861
v -0.06858314 0.02618549 0.13150861
v -0.06098342 0.02614439 0.12986910
v -0.06098957 0.02608337 0.12987870
v -0.06811068 0.02618550 0.13000841
v -0.06099447 0.02606126 0.12988610
v -0.06811069 0.02618488 0.13000851
v -0.06101144 0.02598482 0.12991170
v -0.06811193 0.02606433 0.13005851
v -0.06102765 0.02594123 0.12993581
v -0.06103527 0.02592074 0.12994721
v -0.06811235 0.02596228 0.13013680
v -0.06108220 0.02583834 0.13001551
v -0.06811235 0.02596080 0.13013790
v -0.06108381 0.02583552 0.13001781
v -0.06124733 0.02571574 0.13024340
v -0.06118572 0.02573956 0.13016080
v -0.06811193 0.02588135 0.13024140
v -0.06115777 0.02576293 0.13012191
v -0.06111042 0.02580253 0.13005581
v -0.06811071 0.02583252 0.13035921
v -0.06811069 0.02583139 0.13036201
v -0.06128390 0.02570160 0.13029250
v -0.06811042 0.02582896 0.13038041
v -0.06810997 0.02582507 0.13040990
v -0.06131492 0.02569733 0.13033291
v -0.06810952 0.02582114 0.13043961
v -0.06810913 0.02581776 0.13046531
v -0.06810885 0.02581538 0.13048331
v -0.06823268 0.02583217 0.13049131
v -0.06823623 0.02583367 0.13049131
v -0.06835234 0.02588260 0.13049131
v -0.06835479 0.02588448 0.13049131
v -0.06845499 0.02596213 0.13049131
v -0.06845639 0.02596397 0.13049131
v -0.06853369 0.02606542 0.13049131
v -0.06853428 0.02606685 0.13150861
v -0.06853428 0.02606685 0.13049131
v -0.06858314 0.02618549 0.13049131
v -0.06858324 0.02618626 0.13049131
v -0.06822821 0.02618549 0.13002550
v -0.06821509 0.02606542 0.13007320
v -0.06819421 0.02596213 0.13014910
v -0.06813521 0.02583217 0.13036341
v -0.06816696 0.02588260 0.13024810
v -0.06816696 0.02583217 0.13037681
v -0.06819421 0.02583217 0.13039791
v -0.06821509 0.02583217 0.13042530
v -0.06822821 0.02583217 0.13045721
v -0.06834384 0.02588260 0.13042641
v -0.06844303 0.02596213 0.13039991
v -0.06851908 0.02606542 0.13037971
v -0.06856684 0.02618549 0.13036690
v -0.06858314 0.02631425 0.13036260
v -0.06858324 0.02631425 0.13036341
v -0.06851908 0.02618549 0.13025091
v -0.06853369 0.02631425 0.13024250
v -0.06853428 0.02631425 0.13024390
v -0.06831888 0.02588260 0.13036581
v -0.06840792 0.02596213 0.13031470
v -0.06847618 0.02606542 0.13027550
v -0.06853428 0.02631425 0.13024390
v -0.06844303 0.02618549 0.13015110
v -0.06845499 0.02631425 0.13013921
v -0.06845639 0.02631425 0.13014110
v -0.06827916 0.02588260 0.13031360
v -0.06835205 0.02596213 0.13024140
v -0.06840792 0.02606542 0.13018590
v -0.06834384 0.02618549 0.13007421
v -0.06835234 0.02631425 0.13005970
v -0.06835479 0.02631425 0.13006161
v -0.06822737 0.02588260 0.13027350
v -0.06827916 0.02596213 0.13018491
v -0.06831888 0.02606542 0.13011690
v -0.06823268 0.02631425 0.13000930
v -0.06823623 0.02631425 0.13001081
v -0.06858863 0.04315816 0.13038531
v -0.06852648 0.04317824 0.13023040
v -0.06853300 0.04317644 0.13024451
v -0.06857595 0.04316455 0.13033811
v -0.06858277 0.04316111 0.13036350
v -0.06841719 0.04319203 0.13010480
v -0.06845414 0.04318795 0.13014330
v -0.06849890 0.04318301 0.13018990
v -0.06822509 0.04319846 0.13000721
v -0.06823629 0.04319840 0.13001070
v -0.06827259 0.04319820 0.13002210
v -0.06835393 0.04319548 0.13006341
v -0.06837735 0.04319469 0.13007531
v -0.06435807 0.03213011 0.11776371
v -0.06445769 0.03138649 0.11776440
v -0.06283358 0.02629285 0.11788781
v -0.06281795 0.02629705 0.11787810
v -0.06307661 0.02675053 0.11788041
v -0.06278155 0.02630701 0.11781311
v -0.06278098 0.02630724 0.11779441
v -0.06304713 0.02676857 0.11779790
v -0.06278230 0.02630695 0.11778151
v -0.06278527 0.02630621 0.11777201
v -0.06305086 0.02676663 0.11777511
v -0.06279747 0.02630310 0.11774550
v -0.06279350 0.02630413 0.11775091
v -0.06279368 0.02630407 0.11775071
v -0.06305901 0.02676209 0.11775400
v -0.06278697 0.02630578 0.11776651
v -0.06278915 0.02630524 0.11775960
v -0.06278090 0.02630728 0.11779171
v -0.06278121 0.02630721 0.11778940
v -0.06278908 0.02630489 0.11783911
v -0.06278783 0.02630524 0.11783581
v -0.06304800 0.02676783 0.11782100
v -0.06278349 0.02630644 0.11782431
v -0.06278159 0.02630699 0.11781460
v -0.06280033 0.02630181 0.11785891
v -0.06279853 0.02630230 0.11785670
v -0.06305344 0.02676443 0.11784321
v -0.06279624 0.02630292 0.11785400
v -0.06279164 0.02630418 0.11784591
v -0.06281398 0.02629812 0.11787461
v -0.06306314 0.02675856 0.11786341
v -0.06281122 0.02629886 0.11787221
v -0.06309310 0.02674078 0.11789331
v -0.06283478 0.02629253 0.11788861
v -0.06285619 0.02628681 0.11789641
v -0.06285549 0.02628700 0.11789631
v -0.06284686 0.02628930 0.11789431
v -0.06283843 0.02629155 0.11789081
v -0.06287605 0.02628152 0.11790011
v -0.06311174 0.02672982 0.11790150
v -0.06287057 0.02628298 0.11789970
v -0.06312605 0.02687631 0.11775480
v -0.06357144 0.02762957 0.11774051
v -0.06367116 0.02783577 0.11775970
v -0.06427626 0.02936707 0.11776340
v -0.06408496 0.02872853 0.11774470
v -0.06405062 0.02867779 0.11776211
v -0.06430178 0.02940353 0.11774621
v -0.06441378 0.02994736 0.11774701
v -0.06442237 0.03007951 0.11776420
v -0.06447779 0.03080163 0.11776451
v -0.06448445 0.03114422 0.11774750
v -0.06435839 0.03221089 0.11774650
v -0.06430124 0.03246492 0.11774601
v -0.06418611 0.03289700 0.11776240
v -0.06395644 0.03369807 0.11776021
v -0.06394621 0.03378562 0.11774241
v -0.06368674 0.03454484 0.11775741
v -0.06340809 0.03541775 0.11775410
v -0.06331551 0.03580864 0.11773471
v -0.06302052 0.03680975 0.11774891
v -0.06269499 0.03894984 0.11772571
v -0.06266732 0.03906001 0.11774370
v -0.06279837 0.03791118 0.11774570
v -0.06289963 0.03748590 0.11772880
v -0.06264091 0.04166942 0.11774331
v -0.06263999 0.04026476 0.11774331
v -0.06311782 0.02688091 0.11777591
v -0.06366150 0.02784050 0.11778090
v -0.06403930 0.02868196 0.11778331
v -0.06426377 0.02937030 0.11778451
v -0.06440899 0.03008132 0.11778521
v -0.06446408 0.03080182 0.11778541
v -0.06444407 0.03138543 0.11778531
v -0.06434498 0.03212780 0.11778470
v -0.06417375 0.03289390 0.11778341
v -0.06394480 0.03369462 0.11778141
v -0.06367570 0.03454140 0.11777861
v -0.06339746 0.03541458 0.11777521
v -0.06301017 0.03680736 0.11777011
v -0.06278805 0.03790959 0.11776690
v -0.06265700 0.03905934 0.11776491
v -0.06262966 0.04026478 0.11776451
v -0.06263057 0.04166942 0.11776451
v -0.06311402 0.02688291 0.11779870
v -0.06365656 0.02784282 0.11780401
v -0.06403308 0.02868418 0.11780671
v -0.06425663 0.02937209 0.11780800
v -0.06440116 0.03008236 0.11780881
v -0.06445597 0.03080193 0.11780910
v -0.06443608 0.03138483 0.11780900
v -0.06433741 0.03212651 0.11780830
v -0.06416674 0.03289220 0.11780700
v -0.06393838 0.03369278 0.11780481
v -0.06366980 0.03453963 0.11780191
v -0.06339192 0.03541300 0.11779841
v -0.06300495 0.03680621 0.11779320
v -0.06278293 0.03790883 0.11778991
v -0.06265190 0.03905903 0.11778791
v -0.06262457 0.04026480 0.11778750
v -0.06262548 0.04166942 0.11778750
v -0.06311484 0.02688219 0.11782191
v -0.06365661 0.02784258 0.11782780
v -0.06403234 0.02868430 0.11783101
v -0.06425527 0.02937233 0.11783271
v -0.06439939 0.03008254 0.11783371
v -0.06445402 0.03080195 0.11783410
v -0.06443418 0.03138471 0.11783391
v -0.06433577 0.03212629 0.11783310
v -0.06416552 0.03289199 0.11783160
v -0.06393758 0.03369267 0.11782921
v -0.06366938 0.03453963 0.11782600
v -0.06339181 0.03541309 0.11782241
v -0.06300516 0.03680636 0.11781691
v -0.06278328 0.03790895 0.11781351
v -0.06265232 0.03905908 0.11781151
v -0.06262501 0.04026479 0.11781100
v -0.06262591 0.04166942 0.11781100
v -0.06312023 0.02687880 0.11784421
v -0.06366166 0.02783980 0.11785081
v -0.06403710 0.02868233 0.11785480
v -0.06425981 0.02937101 0.11785691
v -0.06440375 0.03008188 0.11785830
v -0.06445832 0.03080188 0.11785871
v -0.06443851 0.03138509 0.11785860
v -0.06434021 0.03212717 0.11785760
v -0.06417015 0.03289329 0.11785570
v -0.06394242 0.03369428 0.11785300
v -0.06367445 0.03454140 0.11784951
v -0.06339712 0.03541486 0.11784560
v -0.06301077 0.03680780 0.11783980
v -0.06278908 0.03790995 0.11783641
v -0.06265823 0.03905951 0.11783430
v -0.06263094 0.04026478 0.11783381
v -0.06263184 0.04166942 0.11783381
v -0.06312991 0.02687292 0.11786441
v -0.06367142 0.02783464 0.11787191
v -0.06404708 0.02867838 0.11787661
v -0.06426995 0.02936821 0.11787931
v -0.06441400 0.03008039 0.11788090
v -0.06446862 0.03080173 0.11788161
v -0.06444879 0.03138595 0.11788131
v -0.06435045 0.03212910 0.11788010
v -0.06418033 0.03289603 0.11787790
v -0.06395262 0.03369752 0.11787481
v -0.06368474 0.03454483 0.11787101
v -0.06340755 0.03541819 0.11786680
v -0.06302150 0.03681046 0.11786081
v -0.06280001 0.03791175 0.11785721
v -0.06266931 0.03906027 0.11785511
v -0.06264204 0.04026475 0.11785460
v -0.06264295 0.04166942 0.11785460
v -0.06314335 0.02686487 0.11788141
v -0.06368535 0.02782739 0.11788971
v -0.06406169 0.02867268 0.11789521
v -0.06428508 0.02936410 0.11789840
v -0.06442950 0.03007819 0.11790040
v -0.06448426 0.03080151 0.11790111
v -0.06446438 0.03138722 0.11790081
v -0.06436586 0.03213196 0.11789940
v -0.06419548 0.03290003 0.11789690
v -0.06396759 0.03370220 0.11789351
v -0.06369964 0.03454974 0.11788930
v -0.06342251 0.03542291 0.11788491
v -0.06303672 0.03681417 0.11787861
v -0.06281547 0.03791427 0.11787491
v -0.06268492 0.03906134 0.11787271
v -0.06265770 0.04026471 0.11787221
v -0.06265861 0.04166942 0.11787221
v -0.06315985 0.02685507 0.11789441
v -0.06370265 0.02781846 0.11790340
v -0.06408008 0.02866557 0.11790941
v -0.06430426 0.02935894 0.11791301
v -0.06444928 0.03007540 0.11791530
v -0.06450426 0.03080122 0.11791620
v -0.06448431 0.03138885 0.11791591
v -0.06438546 0.03213557 0.11791430
v -0.06421469 0.03290505 0.11791150
v -0.06398643 0.03370804 0.11790780
v -0.06371828 0.03455582 0.11790330
v -0.06344113 0.03542874 0.11789870
v -0.06305559 0.03681875 0.11789210
v -0.06283459 0.03791737 0.11788840
v -0.06270423 0.03906264 0.11788611
v -0.06267704 0.04026467 0.11788570
v -0.06267794 0.04166942 0.11788570
v -0.06317849 0.02684405 0.11790271
v -0.06372234 0.02780835 0.11791201
v -0.06410115 0.02865748 0.11791851
v -0.06432634 0.02935302 0.11792241
v -0.06447209 0.03007220 0.11792480
v -0.06452737 0.03080089 0.11792580
v -0.06450733 0.03139071 0.11792541
v -0.06440805 0.03213970 0.11792370
v -0.06423674 0.03291079 0.11792080
v -0.06400804 0.03371469 0.11791691
v -0.06373958 0.03456274 0.11791231
v -0.06346236 0.03543534 0.11790751
v -0.06307704 0.03682392 0.11790081
v -0.06285630 0.03792087 0.11789701
v -0.06272613 0.03906412 0.11789470
v -0.06269899 0.04026461 0.11789421
v -0.06269990 0.04166942 0.11789421
v -0.06263925 0.04173960 0.11776581
v -0.06263460 0.04174070 0.11778870
v -0.06263523 0.04174043 0.11781211
v -0.06264112 0.04173881 0.11783471
v -0.06265192 0.04173593 0.11785531
v -0.06266706 0.04173194 0.11787271
v -0.06268571 0.04172706 0.11788601
v -0.06270684 0.04172157 0.11789441
v -0.06264892 0.04173720 0.11774470
v -0.06267068 0.04175720 0.11772761
v -0.06266840 0.04179476 0.11774771
v -0.06269558 0.04184532 0.11775141
v -0.06276198 0.04192816 0.11775891
v -0.06281359 0.04195461 0.11774321
v -0.06296728 0.04208437 0.11777381
v -0.06303950 0.04211305 0.11775801
v -0.06318693 0.04219684 0.11778400
v -0.06466114 0.04261279 0.11782380
v -0.06444715 0.04255526 0.11780031
v -0.06350354 0.04232077 0.11779500
v -0.06360428 0.04234124 0.11777900
v -0.06485289 0.04263660 0.11780961
v -0.06590018 0.04278356 0.11783091
v -0.06637908 0.04285294 0.11785821
v -0.06266004 0.04179859 0.11776880
v -0.06265628 0.04180020 0.11779150
v -0.06268864 0.04184979 0.11777250
v -0.06268579 0.04185146 0.11779490
v -0.06275719 0.04193267 0.11777981
v -0.06275569 0.04193383 0.11780160
v -0.06296507 0.04208755 0.11779391
v -0.06296499 0.04208708 0.11781450
v -0.06318564 0.04219896 0.11780371
v -0.06318595 0.04219749 0.11782341
v -0.06350281 0.04232193 0.11781421
v -0.06350326 0.04231961 0.11783330
v -0.06466088 0.04261249 0.11784201
v -0.06466124 0.04260894 0.11785991
v -0.06637889 0.04285189 0.11787601
v -0.06637899 0.04284775 0.11789321
v -0.06265729 0.04179952 0.11781450
v -0.06268718 0.04185025 0.11781750
v -0.06275753 0.04193155 0.11782331
v -0.06296702 0.04208300 0.11783461
v -0.06318784 0.04219249 0.11784250
v -0.06350490 0.04231389 0.11785151
v -0.06466223 0.04260224 0.11787691
v -0.06637941 0.04284062 0.11790951
v -0.06266305 0.04179658 0.11783671
v -0.06269273 0.04184621 0.11783911
v -0.06276263 0.04192597 0.11784381
v -0.06297110 0.04207547 0.11785321
v -0.06319123 0.04218415 0.11786020
v -0.06350764 0.04230497 0.11786831
v -0.06466381 0.04259264 0.11789231
v -0.06638015 0.04283076 0.11792421
v -0.06267322 0.04179154 0.11785680
v -0.06270217 0.04183956 0.11785860
v -0.06277075 0.04191733 0.11786220
v -0.06297704 0.04206481 0.11786980
v -0.06319599 0.04217279 0.11787571
v -0.06351140 0.04229319 0.11788301
v -0.06466590 0.04258044 0.11790581
v -0.06638116 0.04281845 0.11793700
v -0.06268729 0.04178467 0.11787371
v -0.06271501 0.04183063 0.11787501
v -0.06278148 0.04190607 0.11787761
v -0.06298459 0.04205148 0.11788350
v -0.06320195 0.04215887 0.11788850
v -0.06351603 0.04227897 0.11789511
v -0.06466848 0.04256606 0.11791671
v -0.06638241 0.04280409 0.11794741
v -0.06270449 0.04177632 0.11788660
v -0.06273059 0.04181989 0.11788740
v -0.06279433 0.04189271 0.11788920
v -0.06299344 0.04203603 0.11789380
v -0.06320885 0.04214293 0.11789811
v -0.06352136 0.04226285 0.11790400
v -0.06467141 0.04254997 0.11792480
v -0.06638388 0.04278813 0.11795511
v -0.06715123 0.04290557 0.11785490
v -0.06810611 0.04297512 0.11789000
v -0.06753717 0.04293295 0.11786201
v -0.06810601 0.04297456 0.11789750
v -0.06810586 0.04297381 0.11790751
v -0.06810575 0.04296946 0.11792460
v -0.06810579 0.04296219 0.11794060
v -0.06810598 0.04295224 0.11795511
v -0.06810630 0.04293990 0.11796760
v -0.06810675 0.04292557 0.11797780
v -0.06810733 0.04290968 0.11798530
v -0.06810772 0.04289999 0.11798791
v -0.06272392 0.04176696 0.11789480
v -0.06274810 0.04180788 0.11789531
v -0.06280868 0.04187790 0.11789651
v -0.06300321 0.04201912 0.11790021
v -0.06321643 0.04212560 0.11790410
v -0.06352720 0.04224542 0.11790960
v -0.06467462 0.04253270 0.11792981
v -0.06638549 0.04277108 0.11795981
v -0.06810799 0.04289272 0.11798990
v -0.06278230 0.02630695 0.11778151
v -0.06278121 0.02630721 0.11778940
v -0.06278112 0.02622296 0.11778940
v -0.06279701 0.02622296 0.11774521
v -0.06287605 0.02628152 0.11790011
v -0.06285535 0.02622296 0.11789690
v -0.06287057 0.02628298 0.11789970
v -0.06285619 0.02628681 0.11789641
v -0.06283330 0.02622296 0.11788830
v -0.06283358 0.02629285 0.11788781
v -0.06283478 0.02629253 0.11788861
v -0.06283843 0.02629155 0.11789081
v -0.06284686 0.02628930 0.11789431
v -0.06285549 0.02628700 0.11789631
v -0.06281795 0.02629705 0.11787810
v -0.06281391 0.02622296 0.11787471
v -0.06281398 0.02629812 0.11787461
v -0.06281122 0.02629886 0.11787221
v -0.06279825 0.02622296 0.11785701
v -0.06280033 0.02630181 0.11785891
v -0.06278720 0.02622296 0.11783600
v -0.06278783 0.02630524 0.11783581
v -0.06278908 0.02630489 0.11783911
v -0.06279164 0.02630418 0.11784591
v -0.06279624 0.02630292 0.11785400
v -0.06279853 0.02630230 0.11785670
v -0.06278349 0.02630644 0.11782431
v -0.06278139 0.02622296 0.11781311
v -0.06278159 0.02630699 0.11781460
v -0.06278090 0.02630728 0.11779171
v -0.06278098 0.02630724 0.11779441
v -0.06278155 0.02630701 0.11781311
v -0.06279350 0.02630413 0.11775091
v -0.06278915 0.02630524 0.11775960
v -0.06278643 0.02622296 0.11776641
v -0.06278697 0.02630578 0.11776651
v -0.06278527 0.02630621 0.11777201
v -0.06280725 0.02630056 0.11773211
v -0.06279747 0.02630310 0.11774550
v -0.06279368 0.02630407 0.11775071
v -0.06823994 0.04298360 0.11791561
v -0.06822953 0.04296791 0.11796120
v -0.06867247 0.04309373 0.11847610
v -0.06865519 0.04308743 0.11847710
v -0.06864212 0.04306768 0.11836091
v -0.06862896 0.04306778 0.11848031
v -0.06862123 0.04305999 0.11848160
v -0.06860858 0.04304034 0.11837271
v -0.06860244 0.04302083 0.11848791
v -0.06859742 0.04302155 0.11837831
v -0.06860965 0.04304144 0.11848450
v -0.06860364 0.04302426 0.11848730
v -0.06862374 0.04305598 0.11836680
v -0.06863668 0.04307557 0.11847900
v -0.06866275 0.04307483 0.11835531
v -0.06867591 0.04309498 0.11847590
v -0.06859082 0.04300057 0.11838331
v -0.06857772 0.04299079 0.11833510
v -0.06852694 0.04296737 0.11822590
v -0.06841613 0.04293743 0.11810020
v -0.06849950 0.04295832 0.11818610
v -0.06837720 0.04292988 0.11807171
v -0.06827153 0.04291411 0.11801841
v -0.06864780 0.04306510 0.11829970
v -0.06858953 0.04304181 0.11817341
v -0.06855799 0.04303281 0.11812730
v -0.06857675 0.04303360 0.11811300
v -0.06846199 0.04301205 0.11802781
v -0.06841714 0.04300455 0.11799470
v -0.06829522 0.04298886 0.11793281
v -0.06822364 0.04290881 0.11800371
v -0.06858394 0.04301196 0.11832940
v -0.06853196 0.04298902 0.11821870
v -0.06850396 0.04298017 0.11817840
v -0.06841913 0.04295977 0.11809160
v -0.06837963 0.04295240 0.11806280
v -0.06827251 0.04293702 0.11800921
v -0.06822406 0.04293186 0.11799441
v -0.06859471 0.04303087 0.11832261
v -0.06854135 0.04300825 0.11820930
v -0.06851263 0.04299951 0.11816800
v -0.06842569 0.04297942 0.11807931
v -0.06838524 0.04297217 0.11804990
v -0.06827562 0.04295705 0.11799511
v -0.06822605 0.04295198 0.11798001
v -0.06860949 0.04304655 0.11831521
v -0.06855458 0.04302398 0.11819820
v -0.06852501 0.04301528 0.11815561
v -0.06843544 0.04299525 0.11806391
v -0.06839373 0.04298803 0.11803351
v -0.06828067 0.04297296 0.11797690
v -0.06862751 0.04305816 0.11830741
v -0.06857093 0.04303538 0.11818600
v -0.06854042 0.04302659 0.11814171
v -0.06844777 0.04300634 0.11804641
v -0.06840457 0.04299904 0.11801471
v -0.06828734 0.04298379 0.11795571
v -0.06823426 0.04297867 0.11793931
v -0.06829721 0.04298725 0.11790761
v -0.06284620 0.02614005 0.11790361
v -0.06282469 0.02614242 0.11789451
v -0.06280573 0.02614352 0.11788070
v -0.06279039 0.02614329 0.11786291
v -0.06277363 0.02613894 0.11781961
v -0.06277315 0.02613506 0.11779651
v -0.06277807 0.02613031 0.11777401
v -0.06278812 0.02612495 0.11775351
v -0.06283701 0.02610522 0.11791051
v -0.06285627 0.02609337 0.11791740
v -0.06280086 0.02602066 0.11793801
v -0.06278272 0.02599025 0.11795211
v -0.06279348 0.02597221 0.11796670
v -0.06270824 0.02589838 0.11801121
v -0.06269649 0.02586780 0.11804481
v -0.06262638 0.02582942 0.11807841
v -0.06257392 0.02578891 0.11814721
v -0.06248872 0.02575477 0.11819620
v -0.06276564 0.02610325 0.11782651
v -0.06276493 0.02609786 0.11780381
v -0.06273343 0.02601508 0.11785451
v -0.06273197 0.02600646 0.11783361
v -0.06271695 0.02598280 0.11786911
v -0.06271516 0.02597319 0.11784900
v -0.06264780 0.02588344 0.11793161
v -0.06264493 0.02587141 0.11791440
v -0.06257006 0.02580714 0.11800400
v -0.06256632 0.02579387 0.11798961
v -0.06243711 0.02572278 0.11813301
v -0.06243231 0.02570882 0.11812250
v -0.06240316 0.02570815 0.11816691
v -0.06239814 0.02569420 0.11815731
v -0.06276948 0.02609128 0.11778190
v -0.06273522 0.02599608 0.11781380
v -0.06271785 0.02596169 0.11783001
v -0.06264579 0.02585734 0.11789860
v -0.06256571 0.02577865 0.11797671
v -0.06242988 0.02569325 0.11811361
v -0.06239534 0.02567871 0.11814931
v -0.06245387 0.02574209 0.11822690
v -0.06227950 0.02570896 0.11837281
v -0.06228694 0.02571149 0.11837951
v -0.06281598 0.02610839 0.11790101
v -0.06278142 0.02602497 0.11792721
v -0.06276396 0.02599467 0.11794081
v -0.06269165 0.02590212 0.11799860
v -0.06261148 0.02583165 0.11806531
v -0.06247578 0.02575427 0.11818351
v -0.06244130 0.02574093 0.11821461
v -0.06227578 0.02570769 0.11836941
v -0.06279741 0.02610981 0.11788701
v -0.06276416 0.02602659 0.11791270
v -0.06274724 0.02599614 0.11792611
v -0.06267670 0.02590243 0.11798371
v -0.06259790 0.02583043 0.11805070
v -0.06246377 0.02575065 0.11817041
v -0.06242960 0.02573679 0.11820201
v -0.06226521 0.02570160 0.11835971
v -0.06278232 0.02610939 0.11786921
v -0.06274995 0.02602541 0.11789511
v -0.06273340 0.02599457 0.11790861
v -0.06266405 0.02589930 0.11796701
v -0.06258617 0.02582579 0.11803521
v -0.06245310 0.02574404 0.11815741
v -0.06241913 0.02572978 0.11818960
v -0.06225548 0.02569336 0.11835081
v -0.06277949 0.02614173 0.11784221
v -0.06277154 0.02610717 0.11784871
v -0.06273954 0.02602151 0.11787540
v -0.06272313 0.02599005 0.11788930
v -0.06265427 0.02589287 0.11794941
v -0.06257677 0.02581792 0.11801951
v -0.06244412 0.02573464 0.11814480
v -0.06241023 0.02572014 0.11817781
v -0.06224684 0.02568317 0.11834280
v -0.06223949 0.02567127 0.11833600
v -0.06223557 0.02566240 0.11833230
v -0.06223361 0.02565797 0.11833040
v -0.06222934 0.02564357 0.11832641
v -0.06222849 0.02563853 0.11832551
v -0.06277902 0.02608387 0.11776201
v -0.06274301 0.02598447 0.11779590
v -0.06272489 0.02594888 0.11781321
v -0.06265034 0.02584184 0.11788491
v -0.06256822 0.02576208 0.11796580
v -0.06242990 0.02567656 0.11810650
v -0.06239485 0.02566218 0.11814310
v -0.06222679 0.02562843 0.11832380
v -0.06867250 0.04323841 0.11949691
v -0.06867244 0.04317097 0.11898591
v -0.06864879 0.04316083 0.11898730
v -0.06862855 0.04314506 0.11898961
v -0.06861306 0.04312469 0.11899241
v -0.06860332 0.04310108 0.11899580
v -0.06860334 0.04316836 0.11950551
v -0.06861306 0.04319204 0.11950261
v -0.06862858 0.04321246 0.11950010
v -0.06864885 0.04322827 0.11949811
v -0.06198366 0.02570406 0.11871511
v -0.06194973 0.02567800 0.11868680
v -0.06196537 0.02569392 0.11869990
v -0.06168490 0.02568903 0.11905640
v -0.06193040 0.02563343 0.11867020
v -0.06193781 0.02565738 0.11867670
v -0.06165631 0.02565249 0.11903451
v -0.06164860 0.02562855 0.11902840
v -0.06166868 0.02567311 0.11904400
v -0.06170387 0.02569918 0.11907081
v -0.06858966 0.04318476 0.11962471
v -0.06853215 0.04317634 0.11975500
v -0.06857550 0.04319105 0.11967321
v -0.06810804 0.04322030 0.12001160
v -0.06810714 0.04326296 0.12003421
v -0.06810749 0.04324302 0.12002031
v -0.06821067 0.04324517 0.12000821
v -0.06810695 0.04327895 0.12005260
v -0.06821357 0.04326509 0.12002170
v -0.06810699 0.04329003 0.12007431
v -0.06821743 0.04328108 0.12003960
v -0.06820893 0.04322248 0.11999971
v -0.06825811 0.04322248 0.11998610
v -0.06836571 0.04321960 0.11993571
v -0.06849302 0.04320877 0.11982271
v -0.06840816 0.04321713 0.11990620
v -0.06852317 0.04320409 0.11978071
v -0.06826097 0.04324516 0.11999431
v -0.06837098 0.04324233 0.11994271
v -0.06841436 0.04323990 0.11991250
v -0.06850103 0.04323170 0.11982690
v -0.06853179 0.04322709 0.11978400
v -0.06826545 0.04326508 0.12000741
v -0.06837894 0.04326228 0.11995421
v -0.06842369 0.04325987 0.11992300
v -0.06851308 0.04325174 0.11983481
v -0.06854480 0.04324718 0.11979050
v -0.06827127 0.04328107 0.12002481
v -0.06838910 0.04327826 0.11996950
v -0.06843557 0.04327585 0.11993721
v -0.06852843 0.04326768 0.11984560
v -0.06856140 0.04326311 0.11979970
v -0.06822204 0.04329219 0.12006071
v -0.06827813 0.04329218 0.12004520
v -0.06840087 0.04328932 0.11998781
v -0.06844929 0.04328687 0.11995411
v -0.06854615 0.04327857 0.11985891
v -0.06858060 0.04327391 0.11981100
v -0.06863777 0.04327111 0.11974940
v -0.06864045 0.04326095 0.11968841
v -0.06861859 0.04325038 0.11968191
v -0.06859972 0.04323450 0.11967701
v -0.06858506 0.04321429 0.11967411
v -0.06865670 0.04325470 0.11963301
v -0.06863404 0.04324425 0.11962871
v -0.06861452 0.04322838 0.11962581
v -0.06859941 0.04320812 0.11962440
v -0.06150982 0.02569578 0.11933851
v -0.06132485 0.02569254 0.11961271
v -0.06149036 0.02568560 0.11932480
v -0.06130492 0.02568233 0.11959961
v -0.06147373 0.02566963 0.11931301
v -0.06128789 0.02566632 0.11958831
v -0.06146104 0.02564896 0.11930391
v -0.06127491 0.02564560 0.11957960
v -0.06145316 0.02562498 0.11929811
v -0.06126686 0.02562157 0.11957410
v -0.06083597 0.04166942 0.12013771
v -0.06083945 0.04166942 0.12013730
v -0.06083992 0.04168505 0.12013701
v -0.06082308 0.04168619 0.12014190
v -0.06081608 0.04166942 0.12014461
v -0.06080735 0.04168725 0.12014960
v -0.06080708 0.04166942 0.12015011
v -0.06078275 0.04166942 0.12017000
v -0.06079808 0.04166942 0.12015561
v -0.06079322 0.04168820 0.12016001
v -0.06078112 0.04168903 0.12017270
v -0.06078076 0.04166942 0.12017290
v -0.06705260 0.04323955 0.12011600
v -0.06619654 0.04318849 0.12010711
v -0.06660250 0.04321566 0.12012371
v -0.06487397 0.04305388 0.12015261
v -0.06429429 0.04298651 0.12013901
v -0.06391538 0.04293119 0.12016830
v -0.06335089 0.04283376 0.12015430
v -0.06241449 0.04262813 0.12016851
v -0.06149246 0.04232226 0.12017961
v -0.06153104 0.04234286 0.12020011
v -0.06105603 0.04208259 0.12018081
v -0.06109115 0.04211137 0.12019980
v -0.06095490 0.04199974 0.12017950
v -0.06090308 0.04195593 0.12019571
v -0.06086360 0.04189893 0.12017721
v -0.06078396 0.04175725 0.12018860
v -0.06079557 0.04176753 0.12017380
v -0.06082503 0.04183793 0.12017550
v -0.06080712 0.04176368 0.12016070
v -0.06083562 0.04183183 0.12016170
v -0.06087321 0.04189133 0.12016260
v -0.06096293 0.04199052 0.12016370
v -0.06106288 0.04207254 0.12016411
v -0.06149687 0.04231126 0.12016090
v -0.06241707 0.04261691 0.12014831
v -0.06335260 0.04282256 0.12013350
v -0.06429547 0.04297535 0.12011790
v -0.06619702 0.04317738 0.12008561
v -0.06082070 0.04175917 0.12014991
v -0.06084827 0.04182460 0.12015030
v -0.06088486 0.04188220 0.12015060
v -0.06097293 0.04197917 0.12015071
v -0.06107160 0.04205992 0.12015021
v -0.06150284 0.04229674 0.12014531
v -0.06242080 0.04260149 0.12013131
v -0.06335521 0.04280686 0.12011590
v -0.06429737 0.04295952 0.12010000
v -0.06619792 0.04316144 0.12006730
v -0.06083590 0.04175415 0.12014190
v -0.06086252 0.04181649 0.12014181
v -0.06089812 0.04187187 0.12014161
v -0.06098451 0.04196614 0.12014081
v -0.06108184 0.04204526 0.12013971
v -0.06151007 0.04227944 0.12013350
v -0.06242548 0.04258271 0.12011841
v -0.06335856 0.04278754 0.12010261
v -0.06429986 0.04293994 0.12008641
v -0.06619921 0.04314160 0.12005350
v -0.06085222 0.04174877 0.12013681
v -0.06087791 0.04180777 0.12013650
v -0.06091250 0.04186072 0.12013601
v -0.06099720 0.04195196 0.12013470
v -0.06109314 0.04202919 0.12013321
v -0.06151822 0.04226020 0.12012610
v -0.06243085 0.04256159 0.12011040
v -0.06336246 0.04276569 0.12009421
v -0.06430281 0.04291773 0.12007791
v -0.06620079 0.04311902 0.12004481
v -0.06123613 0.02562225 0.11962131
v -0.06124462 0.02564565 0.11962520
v -0.06125770 0.02566601 0.11963231
v -0.06127453 0.02568203 0.11964200
v -0.06129405 0.02569269 0.11965381
v -0.06120558 0.02562694 0.11966900
v -0.06121450 0.02564954 0.11967131
v -0.06122767 0.02566937 0.11967670
v -0.06124431 0.02568524 0.11968490
v -0.06126344 0.02569620 0.11969540
v -0.06083544 0.04035997 0.12013781
v -0.06092486 0.02629338 0.12015230
v -0.06094043 0.02628995 0.12014351
v -0.06119292 0.02683762 0.12013840
v -0.06097916 0.02628145 0.12013311
v -0.06096071 0.02628549 0.12013621
v -0.06096150 0.02628532 0.12013611
v -0.06121130 0.02682906 0.12013131
v -0.06094183 0.02628964 0.12014271
v -0.06094567 0.02628879 0.12014061
v -0.06095535 0.02628666 0.12013711
v -0.06091741 0.02629503 0.12015831
v -0.06092184 0.02629405 0.12015471
v -0.06117636 0.02684536 0.12014970
v -0.06092373 0.02629363 0.12015320
v -0.06090676 0.02629740 0.12017031
v -0.06090891 0.02629692 0.12016791
v -0.06116239 0.02685193 0.12016471
v -0.06089641 0.02629971 0.12018461
v -0.06090179 0.02629850 0.12017591
v -0.06131892 0.02718973 0.12016150
v -0.06169597 0.02810762 0.12015271
v -0.06148706 0.02763057 0.12017451
v -0.06212090 0.02985454 0.12014251
v -0.06195877 0.02898502 0.12014641
v -0.06186983 0.02873024 0.12016440
v -0.06217300 0.03041450 0.12014120
v -0.06211729 0.02994701 0.12015771
v -0.06210399 0.03210535 0.12014290
v -0.06217849 0.03125202 0.12014110
v -0.06216563 0.03114432 0.12015641
v -0.06196021 0.03298203 0.12014611
v -0.06207438 0.03221076 0.12015870
v -0.06172912 0.03403310 0.12015121
v -0.06177124 0.03378517 0.12016620
v -0.06100466 0.03727119 0.12016581
v -0.06128982 0.03584912 0.12016031
v -0.06090286 0.03796580 0.12016771
v -0.06096117 0.03748532 0.12018361
v -0.06134934 0.02717548 0.12013560
v -0.06133286 0.02718318 0.12014670
v -0.06172703 0.02809650 0.12012841
v -0.06171031 0.02810247 0.12013881
v -0.06199030 0.02897731 0.12012330
v -0.06197340 0.02898143 0.12013321
v -0.06215273 0.02985040 0.12012021
v -0.06213572 0.02985260 0.12012980
v -0.06220492 0.03041266 0.12011921
v -0.06218788 0.03041364 0.12012861
v -0.06221043 0.03125338 0.12011911
v -0.06219338 0.03125265 0.12012851
v -0.06213584 0.03210948 0.12012050
v -0.06211882 0.03210728 0.12013010
v -0.06199198 0.03298826 0.12012321
v -0.06197496 0.03298493 0.12013311
v -0.06176091 0.03404076 0.12012751
v -0.06174384 0.03403666 0.12013771
v -0.06132207 0.03585658 0.12013560
v -0.06130469 0.03585257 0.12014621
v -0.06103745 0.03727672 0.12014071
v -0.06101975 0.03727374 0.12015150
v -0.06093589 0.03796998 0.12014251
v -0.06091806 0.03796773 0.12015340
v -0.06083327 0.03914229 0.12014431
v -0.06081529 0.03914141 0.12015520
v -0.06081555 0.04036001 0.12014461
v -0.06079755 0.04036005 0.12015561
v -0.06079999 0.03914065 0.12016971
v -0.06078222 0.04036009 0.12017000
v -0.06080469 0.03894998 0.12018670
v -0.06136760 0.02716699 0.12012851
v -0.06174542 0.02808996 0.12012181
v -0.06200878 0.02897282 0.12011711
v -0.06217127 0.02984800 0.12011410
v -0.06222348 0.03041160 0.12011320
v -0.06222898 0.03125417 0.12011310
v -0.06215440 0.03211188 0.12011451
v -0.06201057 0.03299189 0.12011700
v -0.06177963 0.03404523 0.12012111
v -0.06134121 0.03586098 0.12012890
v -0.06105698 0.03727999 0.12013391
v -0.06095558 0.03797246 0.12013560
v -0.06085314 0.03914326 0.12013740
v -0.06124679 0.02571436 0.11975711
v -0.06118583 0.02572179 0.11980330
v -0.06115127 0.02569542 0.11979210
v -0.06113788 0.02567728 0.11979071
v -0.06112804 0.02565701 0.11979240
v -0.06116621 0.02573266 0.11983121
v -0.06115786 0.02576306 0.11987800
v -0.06108963 0.02579800 0.11994271
v -0.06107367 0.02581765 0.11996651
v -0.06108306 0.02583933 0.11998340
v -0.06102178 0.02590554 0.12004531
v -0.06100805 0.02593852 0.12006650
v -0.06116753 0.02571051 0.11979631
v -0.06114810 0.02572146 0.11982521
v -0.06107216 0.02578782 0.11994060
v -0.06105632 0.02580788 0.11996531
v -0.06100478 0.02589784 0.12004680
v -0.06099113 0.02593166 0.12006881
v -0.06097941 0.02603880 0.12011130
v -0.06096263 0.02603462 0.12011531
v -0.06097168 0.02608474 0.12012360
v -0.06095494 0.02608183 0.12012800
v -0.06113192 0.02570671 0.11982191
v -0.06111848 0.02568913 0.11982161
v -0.06105628 0.02577516 0.11994140
v -0.06104263 0.02576056 0.11994510
v -0.06104048 0.02579585 0.11996691
v -0.06102679 0.02578206 0.11997140
v -0.06098908 0.02588865 0.12005131
v -0.06097524 0.02587831 0.12005851
v -0.06097546 0.02592354 0.12007410
v -0.06096158 0.02591444 0.12008201
v -0.06094700 0.02602974 0.12012211
v -0.06093300 0.02602433 0.12013161
v -0.06093930 0.02607843 0.12013531
v -0.06092526 0.02607468 0.12014521
v -0.06096482 0.02618985 0.12013481
v -0.06096148 0.02618985 0.12013581
v -0.06094805 0.02618985 0.12013961
v -0.06094178 0.02618985 0.12014271
v -0.06093238 0.02618985 0.12014731
v -0.06092390 0.02618985 0.12015340
v -0.06091826 0.02618985 0.12015751
v -0.06090857 0.02618985 0.12016761
v -0.06110842 0.02566960 0.11982431
v -0.06103178 0.02574460 0.11995151
v -0.06101578 0.02576705 0.11997861
v -0.06096373 0.02586717 0.12006830
v -0.06094994 0.02590467 0.12009241
v -0.06092108 0.02601854 0.12014341
v -0.06091326 0.02607067 0.12015741
v -0.06090615 0.02618985 0.12017010
v -0.06090179 0.02629850 0.12017591
v -0.06092184 0.02629405 0.12015471
v -0.06091741 0.02629503 0.12015831
v -0.06090891 0.02629692 0.12016791
v -0.06090676 0.02629740 0.12017031
v -0.06094043 0.02628995 0.12014351
v -0.06092486 0.02629338 0.12015230
v -0.06092373 0.02629363 0.12015320
v -0.06096150 0.02628532 0.12013611
v -0.06096071 0.02628549 0.12013621
v -0.06095535 0.02628666 0.12013711
v -0.06094567 0.02628879 0.12014061
v -0.06094183 0.02628964 0.12014271
v -0.06097916 0.02628145 0.12013311
v -0.06020432 0.02630076 0.12174531
v -0.06020363 0.02630085 0.12175711
v -0.06020394 0.02630083 0.12174730
v -0.06023687 0.02637952 0.12174781
v -0.06020394 0.02630083 0.12174721
v -0.06023763 0.02637903 0.12177101
v -0.06020522 0.02630049 0.12176871
v -0.06020967 0.02629953 0.12178940
v -0.06020678 0.02630014 0.12178010
v -0.06020546 0.02630044 0.12177041
v -0.06022024 0.02629733 0.12181041
v -0.06021136 0.02629918 0.12179281
v -0.06024333 0.02637648 0.12179351
v -0.06021070 0.02629931 0.12179150
v -0.06025366 0.02637201 0.12181380
v -0.06022166 0.02629704 0.12181231
v -0.06023829 0.02629364 0.12183021
v -0.06023766 0.02629377 0.12182950
v -0.06022584 0.02629618 0.12181801
v -0.06022235 0.02629690 0.12181331
v -0.06025736 0.02628977 0.12184311
v -0.06025684 0.02628987 0.12184291
v -0.06026807 0.02636585 0.12183111
v -0.06025057 0.02629114 0.12183990
v -0.06024285 0.02629271 0.12183461
v -0.06027884 0.02628543 0.12185200
v -0.06027856 0.02628548 0.12185190
v -0.06028576 0.02635835 0.12184421
v -0.06027230 0.02628675 0.12185010
v -0.06029872 0.02628142 0.12185511
v -0.06030579 0.02634990 0.12185251
v -0.06028152 0.02628489 0.12185271
v -0.06075673 0.02764668 0.12175500
v -0.06075418 0.02762724 0.12173191
v -0.06130043 0.02994765 0.12173781
v -0.06132952 0.03026100 0.12176150
v -0.06124303 0.02948907 0.12176050
v -0.06104063 0.02853643 0.12175831
v -0.06108739 0.02872968 0.12173561
v -0.06100025 0.03378544 0.12173411
v -0.06096857 0.03391987 0.12175690
v -0.06115395 0.03296109 0.12175931
v -0.06134694 0.03114262 0.12176171
v -0.06128494 0.03204011 0.12176091
v -0.06126668 0.03221057 0.12173740
v -0.06057088 0.03574879 0.12175120
v -0.06056530 0.03580805 0.12172800
v -0.06029211 0.03726847 0.12174681
v -0.06011098 0.03902336 0.12174390
v -0.06022029 0.03778802 0.12174570
v -0.06026725 0.03748520 0.12172340
v -0.06008961 0.04166942 0.12174360
v -0.06009413 0.04059254 0.12172060
v -0.06008900 0.04029888 0.12174351
v -0.06075714 0.02764638 0.12177851
v -0.06104071 0.02853630 0.12178210
v -0.06124284 0.02948903 0.12178451
v -0.06132920 0.03026100 0.12178551
v -0.06134660 0.03114262 0.12178570
v -0.06128467 0.03204013 0.12178501
v -0.06115384 0.03296113 0.12178331
v -0.06096863 0.03391997 0.12178071
v -0.06057120 0.03574894 0.12177481
v -0.06029255 0.03726860 0.12177041
v -0.06022076 0.03778813 0.12176921
v -0.06011148 0.03902341 0.12176741
v -0.06008951 0.04029888 0.12176710
v -0.06009012 0.04166942 0.12176710
v -0.06076269 0.02764418 0.12180131
v -0.06104621 0.02853472 0.12180511
v -0.06124829 0.02948812 0.12180781
v -0.06133462 0.03026060 0.12180890
v -0.06135200 0.03114277 0.12180920
v -0.06129010 0.03204076 0.12180830
v -0.06115932 0.03296215 0.12180651
v -0.06097419 0.03392122 0.12180381
v -0.06057694 0.03575022 0.12179770
v -0.06029842 0.03726955 0.12179320
v -0.06022667 0.03778891 0.12179201
v -0.06011745 0.03902374 0.12179021
v -0.06009549 0.04029887 0.12178981
v -0.06009609 0.04166942 0.12178981
v -0.06077310 0.02764021 0.12182200
v -0.06105682 0.02853178 0.12182621
v -0.06125905 0.02948637 0.12182921
v -0.06134545 0.03025985 0.12183040
v -0.06136285 0.03114307 0.12183060
v -0.06130092 0.03204197 0.12182970
v -0.06117009 0.03296406 0.12182780
v -0.06098493 0.03392356 0.12182490
v -0.06058777 0.03575257 0.12181850
v -0.06030940 0.03727127 0.12181391
v -0.06023769 0.03779032 0.12181270
v -0.06012856 0.03902433 0.12181090
v -0.06010662 0.04029885 0.12181051
v -0.06010722 0.04166942 0.12181051
v -0.06078776 0.02763468 0.12183961
v -0.06107194 0.02852765 0.12184411
v -0.06127453 0.02948389 0.12184730
v -0.06136109 0.03025877 0.12184861
v -0.06137852 0.03114350 0.12184891
v -0.06131649 0.03204370 0.12184791
v -0.06118553 0.03296676 0.12184581
v -0.06100026 0.03392685 0.12184280
v -0.06060308 0.03575584 0.12183620
v -0.06032487 0.03727366 0.12183150
v -0.06025322 0.03779229 0.12183031
v -0.06014419 0.03902516 0.12182841
v -0.06012227 0.04029882 0.12182811
v -0.06012288 0.04166942 0.12182811
v -0.06080588 0.02762790 0.12185300
v -0.06109071 0.02852256 0.12185781
v -0.06129382 0.02948083 0.12186120
v -0.06138061 0.03025744 0.12186261
v -0.06139809 0.03114403 0.12186291
v -0.06133593 0.03204584 0.12186191
v -0.06120475 0.03297010 0.12185960
v -0.06101929 0.03393090 0.12185650
v -0.06062204 0.03575985 0.12184971
v -0.06034399 0.03727659 0.12184501
v -0.06027240 0.03779470 0.12184370
v -0.06016348 0.03902617 0.12184180
v -0.06014159 0.04029878 0.12184151
v -0.06014219 0.04166942 0.12184151
v -0.06082645 0.02762026 0.12186151
v -0.06111208 0.02851680 0.12186651
v -0.06131582 0.02947735 0.12187001
v -0.06140290 0.03025592 0.12187150
v -0.06142043 0.03114463 0.12187181
v -0.06135811 0.03204827 0.12187070
v -0.06122666 0.03297388 0.12186841
v -0.06104095 0.03393548 0.12186520
v -0.06064358 0.03576439 0.12185831
v -0.06036568 0.03727991 0.12185351
v -0.06029417 0.03779742 0.12185231
v -0.06018537 0.03902730 0.12185041
v -0.06016350 0.04029874 0.12185000
v -0.06016410 0.04166942 0.12185000
v -0.06810717 0.04344345 0.12190561
v -0.06009141 0.04169868 0.12176720
v -0.06009738 0.04169812 0.12178991
v -0.06010846 0.04169712 0.12181061
v -0.06012406 0.04169574 0.12182811
v -0.06014329 0.04169405 0.12184151
v -0.06016511 0.04169214 0.12185000
v -0.06010557 0.04177400 0.12174491
v -0.06009088 0.04169876 0.12174370
v -0.06102979 0.04244776 0.12177621
v -0.06080146 0.04232886 0.12174871
v -0.06038928 0.04211780 0.12175931
v -0.06013294 0.04184175 0.12174701
v -0.06020745 0.04195250 0.12175161
v -0.06021701 0.04195689 0.12172951
v -0.06112261 0.04247786 0.12175690
v -0.06160069 0.04263621 0.12176700
v -0.06170038 0.04266934 0.12179001
v -0.06366202 0.04307062 0.12182670
v -0.06267667 0.04289923 0.12180861
v -0.06482804 0.04320693 0.12182711
v -0.06564543 0.04330144 0.12186220
v -0.06010626 0.04177366 0.12176831
v -0.06011211 0.04177175 0.12179081
v -0.06013386 0.04184108 0.12177011
v -0.06013949 0.04183803 0.12179240
v -0.06020869 0.04195112 0.12177421
v -0.06021379 0.04194649 0.12179581
v -0.06039067 0.04211538 0.12178110
v -0.06039484 0.04210916 0.12180181
v -0.06103087 0.04244404 0.12179700
v -0.06103355 0.04243630 0.12181660
v -0.06170120 0.04266516 0.12181051
v -0.06170317 0.04265698 0.12182960
v -0.06267722 0.04289472 0.12182880
v -0.06267859 0.04288625 0.12184761
v -0.06366238 0.04306594 0.12184671
v -0.06366336 0.04305731 0.12186531
v -0.06564550 0.04329659 0.12188201
v -0.06564595 0.04328783 0.12190050
v -0.06012280 0.04176837 0.12181131
v -0.06014953 0.04183276 0.12181251
v -0.06022248 0.04193886 0.12181531
v -0.06040161 0.04209945 0.12182040
v -0.06103768 0.04242491 0.12183401
v -0.06170620 0.04264515 0.12184661
v -0.06268072 0.04287416 0.12186431
v -0.06366490 0.04304511 0.12188180
v -0.06564672 0.04327551 0.12191681
v -0.06013775 0.04176371 0.12182860
v -0.06016344 0.04182556 0.12182950
v -0.06023432 0.04192863 0.12183171
v -0.06041064 0.04208670 0.12183591
v -0.06104309 0.04241036 0.12184851
v -0.06171016 0.04263019 0.12186061
v -0.06268353 0.04285899 0.12187800
v -0.06366697 0.04302983 0.12189541
v -0.06564783 0.04326016 0.12193020
v -0.06015614 0.04175802 0.12184191
v -0.06018048 0.04181681 0.12184250
v -0.06024871 0.04191630 0.12184411
v -0.06042148 0.04207155 0.12184771
v -0.06104954 0.04239332 0.12185930
v -0.06171488 0.04261277 0.12187121
v -0.06268688 0.04284137 0.12188830
v -0.06366946 0.04301214 0.12190561
v -0.06564920 0.04324241 0.12194021
v -0.06641262 0.04334644 0.12185531
v -0.06723307 0.04339381 0.12186980
v -0.06783943 0.04342881 0.12188051
v -0.06810715 0.04344275 0.12190841
v -0.06810699 0.04343852 0.12192541
v -0.06810694 0.04342969 0.12194371
v -0.06810704 0.04341733 0.12195991
v -0.06810728 0.04340194 0.12197320
v -0.06810765 0.04338418 0.12198321
v -0.06810807 0.04336754 0.12198851
v -0.06017697 0.04175160 0.12185020
v -0.06019973 0.04180698 0.12185071
v -0.06026489 0.04190252 0.12185190
v -0.06043363 0.04205472 0.12185501
v -0.06105673 0.04237455 0.12186610
v -0.06172015 0.04259362 0.12187771
v -0.06269065 0.04282206 0.12189470
v -0.06367227 0.04299278 0.12191191
v -0.06565078 0.04322301 0.12194641
v -0.06810814 0.04336477 0.12198931
v -0.06020845 0.02630000 0.12172451
v -0.06027853 0.02617798 0.12185200
v -0.06027856 0.02628548 0.12185190
v -0.06027884 0.02628543 0.12185200
v -0.06029872 0.02628142 0.12185511
v -0.06028152 0.02628489 0.12185271
v -0.06027230 0.02628675 0.12185010
v -0.06025658 0.02617798 0.12184340
v -0.06025736 0.02628977 0.12184311
v -0.06023829 0.02629364 0.12183021
v -0.06024285 0.02629271 0.12183461
v -0.06023725 0.02617798 0.12183001
v -0.06025057 0.02629114 0.12183990
v -0.06025684 0.02628987 0.12184291
v -0.06022166 0.02629704 0.12181231
v -0.06022235 0.02629690 0.12181331
v -0.06022159 0.02617798 0.12181241
v -0.06022584 0.02629618 0.12181801
v -0.06023766 0.02629377 0.12182950
v -0.06022024 0.02629733 0.12181041
v -0.06021049 0.02617798 0.12179161
v -0.06021136 0.02629918 0.12179281
v -0.06020546 0.02630044 0.12177041
v -0.06020678 0.02630014 0.12178010
v -0.06020455 0.02617798 0.12176880
v -0.06020967 0.02629953 0.12178940
v -0.06021070 0.02629931 0.12179150
v -0.06020411 0.02617798 0.12174531
v -0.06020432 0.02630076 0.12174531
v -0.06020394 0.02630083 0.12174721
v -0.06020394 0.02630083 0.12174730
v -0.06020363 0.02630085 0.12175711
v -0.06020522 0.02630049 0.12176871
v -0.06823279 0.04342963 0.12196791
v -0.06867282 0.04348720 0.12248671
v -0.06865549 0.04348087 0.12248701
v -0.06864370 0.04347491 0.12237420
v -0.06862912 0.04346100 0.12248800
v -0.06862136 0.04345312 0.12248841
v -0.06861019 0.04344718 0.12238260
v -0.06860245 0.04341341 0.12249031
v -0.06859883 0.04342831 0.12238601
v -0.06860969 0.04343431 0.12248931
v -0.06860366 0.04341689 0.12249010
v -0.06862539 0.04346298 0.12237861
v -0.06863687 0.04346889 0.12248761
v -0.06866418 0.04348238 0.12236960
v -0.06867630 0.04348846 0.12248661
v -0.06859188 0.04340728 0.12238861
v -0.06857910 0.04340407 0.12233980
v -0.06852999 0.04339620 0.12223121
v -0.06841967 0.04338508 0.12210351
v -0.06850190 0.04339286 0.12218960
v -0.06837950 0.04338197 0.12207361
v -0.06827359 0.04337518 0.12201961
v -0.06822568 0.04337264 0.12200461
v -0.06858580 0.04342515 0.12233641
v -0.06853580 0.04341744 0.12222631
v -0.06850721 0.04341416 0.12218410
v -0.06842369 0.04340655 0.12209681
v -0.06838288 0.04340351 0.12206660
v -0.06827539 0.04339686 0.12201191
v -0.06822679 0.04339437 0.12199681
v -0.06859682 0.04344408 0.12233191
v -0.06854560 0.04343646 0.12221921
v -0.06851631 0.04343323 0.12217591
v -0.06843075 0.04342572 0.12208671
v -0.06838900 0.04342271 0.12205571
v -0.06827896 0.04341616 0.12199981
v -0.06822921 0.04341371 0.12198430
v -0.06861164 0.04345988 0.12232631
v -0.06855889 0.04345230 0.12221010
v -0.06852871 0.04344907 0.12216561
v -0.06844056 0.04344158 0.12207351
v -0.06839750 0.04343859 0.12204150
v -0.06828408 0.04343206 0.12198391
v -0.06862950 0.04347178 0.12232001
v -0.06857498 0.04346413 0.12219971
v -0.06854377 0.04346088 0.12215351
v -0.06845254 0.04345333 0.12205800
v -0.06840797 0.04345031 0.12202491
v -0.06829052 0.04344372 0.12196500
v -0.06823738 0.04344126 0.12194841
v -0.06864952 0.04347919 0.12231331
v -0.06859307 0.04347138 0.12218831
v -0.06856073 0.04346805 0.12214030
v -0.06846611 0.04346034 0.12204101
v -0.06841986 0.04345725 0.12200661
v -0.06829787 0.04345051 0.12194420
v -0.06824266 0.04344799 0.12192691
v -0.06007303 0.02562496 0.12215271
v -0.06007242 0.02562231 0.12215171
v -0.06008022 0.02563131 0.12212581
v -0.06025341 0.02609099 0.12185081
v -0.06023420 0.02608981 0.12183741
v -0.06021863 0.02608769 0.12182001
v -0.06020755 0.02608476 0.12179951
v -0.06020158 0.02608118 0.12177720
v -0.06020104 0.02607713 0.12175410
v -0.06027521 0.02609118 0.12185940
v -0.06026984 0.02603604 0.12187221
v -0.06025183 0.02593078 0.12191620
v -0.06023967 0.02588274 0.12194661
v -0.06020873 0.02579513 0.12202630
v -0.06024127 0.02582565 0.12200290
v -0.06015403 0.02570548 0.12217570
v -0.06020222 0.02574599 0.12210480
v -0.06019306 0.02576262 0.12206801
v -0.06014627 0.02569761 0.12219781
v -0.06014363 0.02569694 0.12219681
v -0.06024824 0.02603567 0.12186351
v -0.06023082 0.02592980 0.12190731
v -0.06021902 0.02588132 0.12193770
v -0.06018888 0.02579256 0.12201771
v -0.06017357 0.02575949 0.12205971
v -0.06013532 0.02570104 0.12216841
v -0.06012770 0.02569293 0.12219081
v -0.06022918 0.02603370 0.12185020
v -0.06021219 0.02592619 0.12189461
v -0.06020064 0.02587688 0.12192550
v -0.06017108 0.02578644 0.12200680
v -0.06015602 0.02575266 0.12204951
v -0.06011833 0.02569282 0.12216021
v -0.06011081 0.02568450 0.12218300
v -0.06021369 0.02603023 0.12183320
v -0.06019691 0.02592014 0.12187881
v -0.06018548 0.02586965 0.12191051
v -0.06015619 0.02577704 0.12199390
v -0.06014124 0.02574246 0.12203781
v -0.06010378 0.02568120 0.12215150
v -0.06009630 0.02567267 0.12217490
v -0.06020261 0.02602547 0.12181321
v -0.06018578 0.02591197 0.12186061
v -0.06017431 0.02586000 0.12189351
v -0.06014490 0.02576481 0.12197990
v -0.06012988 0.02572934 0.12202521
v -0.06009228 0.02566664 0.12214261
v -0.06008477 0.02565794 0.12216681
v -0.06019654 0.02601965 0.12179150
v -0.06017937 0.02590211 0.12184101
v -0.06016768 0.02584841 0.12187530
v -0.06013774 0.02575034 0.12196531
v -0.06012248 0.02571391 0.12201230
v -0.06008431 0.02564977 0.12213391
v -0.06007669 0.02564092 0.12215890
v -0.06019581 0.02601311 0.12176921
v -0.06017803 0.02589107 0.12182110
v -0.06016594 0.02583547 0.12185701
v -0.06013507 0.02573431 0.12195080
v -0.06011938 0.02569688 0.12199971
v -0.06867273 0.04352372 0.12340410
v -0.06867273 0.04350973 0.12299711
v -0.06864901 0.04349954 0.12299750
v -0.06862868 0.04348363 0.12299811
v -0.06861312 0.04346305 0.12299891
v -0.06860334 0.04343917 0.12299981
v -0.06860334 0.04345315 0.12340631
v -0.06861312 0.04347703 0.12340561
v -0.06862870 0.04349762 0.12340491
v -0.06864901 0.04351353 0.12340451
v -0.06860334 0.04345613 0.12350790
v -0.06861312 0.04348002 0.12350731
v -0.06861312 0.04347703 0.12340561
v -0.06862870 0.04350061 0.12350670
v -0.06864901 0.04351653 0.12350621
v -0.06867273 0.04352671 0.12350590
v -0.06013386 0.02568881 0.12222471
v -0.06009473 0.02567072 0.12220861
v -0.06011309 0.02568215 0.12221691
v -0.06006303 0.02561503 0.12218510
v -0.06006900 0.02563624 0.12219221
v -0.06007976 0.02565514 0.12220021
v -0.06002249 0.02559515 0.12232561
v -0.06002921 0.02561646 0.12232760
v -0.06004034 0.02563569 0.12233081
v -0.06005532 0.02565184 0.12233500
v -0.06007339 0.02566412 0.12234011
v -0.06011309 0.02568215 0.12221691
v -0.06009365 0.02567190 0.12234581
v -0.06859616 0.04345870 0.12359331
v -0.06810807 0.04345625 0.12401191
v -0.06810726 0.04350072 0.12403731
v -0.06810756 0.04348013 0.12402170
v -0.06817601 0.04348213 0.12401600
v -0.06810717 0.04351664 0.12405761
v -0.06817785 0.04350270 0.12403151
v -0.06810730 0.04352682 0.12408130
v -0.06818051 0.04351862 0.12405150
v -0.06817511 0.04345829 0.12400631
v -0.06829055 0.04346107 0.12397451
v -0.06831560 0.04353161 0.12403850
v -0.06818383 0.04352885 0.12407490
v -0.06833623 0.04346188 0.12395311
v -0.06843413 0.04346289 0.12388501
v -0.06847020 0.04346293 0.12384961
v -0.06854003 0.04346207 0.12375300
v -0.06829386 0.04348486 0.12398360
v -0.06834051 0.04348565 0.12396171
v -0.06844049 0.04348664 0.12389231
v -0.06847731 0.04348667 0.12385611
v -0.06854859 0.04348584 0.12375741
v -0.06856230 0.04346133 0.12370761
v -0.06857132 0.04348511 0.12371110
v -0.06829941 0.04350540 0.12399801
v -0.06834753 0.04350618 0.12397541
v -0.06845064 0.04350716 0.12390381
v -0.06848864 0.04350719 0.12386651
v -0.06856214 0.04350637 0.12376471
v -0.06858558 0.04350564 0.12371701
v -0.06830683 0.04352133 0.12401671
v -0.06835681 0.04352212 0.12399331
v -0.06846395 0.04352310 0.12391881
v -0.06850341 0.04352313 0.12388010
v -0.06857979 0.04352230 0.12377431
v -0.06860416 0.04352158 0.12372471
v -0.06836776 0.04353242 0.12401411
v -0.06847950 0.04353342 0.12393641
v -0.06852069 0.04353345 0.12389601
v -0.06860038 0.04353261 0.12378560
v -0.06862582 0.04353186 0.12373391
v -0.06836695 0.04353620 0.12404240
v -0.06866693 0.04353464 0.12368390
v -0.06866449 0.04352926 0.12360341
v -0.06864119 0.04351902 0.12359961
v -0.06862117 0.04350310 0.12359661
v -0.06860583 0.04348254 0.12359440
v -0.05993220 0.02566908 0.12301350
v -0.05982309 0.02566717 0.12364981
v -0.05991157 0.02566127 0.12300921
v -0.05980221 0.02565935 0.12364690
v -0.05989317 0.02564897 0.12300541
v -0.05978359 0.02564702 0.12364441
v -0.05987793 0.02563278 0.12300220
v -0.05976818 0.02563081 0.12364220
v -0.05986662 0.02561351 0.12299981
v -0.05975674 0.02561152 0.12364061
v -0.05985980 0.02559216 0.12299830
v -0.05974985 0.02559014 0.12363961
v -0.05964757 0.04168790 0.12415931
v -0.05964694 0.04166942 0.12415931
v -0.05962486 0.04168946 0.12416861
v -0.05962418 0.04166942 0.12416861
v -0.05960509 0.04169081 0.12418310
v -0.05960437 0.04166942 0.12418310
v -0.05958946 0.04169189 0.12420211
v -0.05958871 0.04166942 0.12420211
v -0.05957893 0.04169263 0.12422430
v -0.05957814 0.04166942 0.12422430
v -0.06588591 0.04341425 0.12412001
v -0.06367282 0.04318402 0.12415841
v -0.06257529 0.04300900 0.12417740
v -0.06148714 0.04277222 0.12419601
v -0.06101181 0.04262043 0.12422921
v -0.06041538 0.04242058 0.12421380
v -0.05990686 0.04214596 0.12422150
v -0.05978807 0.04205154 0.12422291
v -0.05968022 0.04193638 0.12422391
v -0.05963360 0.04186643 0.12422420
v -0.05959725 0.04178501 0.12422430
v -0.05960723 0.04178158 0.12420201
v -0.05964264 0.04186108 0.12420180
v -0.05968836 0.04192979 0.12420141
v -0.05979481 0.04204360 0.12420011
v -0.05991258 0.04213732 0.12419851
v -0.06041906 0.04241099 0.12419060
v -0.06148929 0.04276223 0.12417251
v -0.06257673 0.04299890 0.12415381
v -0.06367381 0.04317388 0.12413481
v -0.06588626 0.04340407 0.12409630
v -0.05962207 0.04177655 0.12418300
v -0.05965622 0.04185320 0.12418261
v -0.05970067 0.04192001 0.12418210
v -0.05980516 0.04203171 0.12418061
v -0.05992148 0.04212429 0.12417891
v -0.06042496 0.04239631 0.12417061
v -0.06149290 0.04274679 0.12415240
v -0.06257926 0.04298324 0.12413360
v -0.06367563 0.04315810 0.12411451
v -0.06588710 0.04338819 0.12407600
v -0.05964090 0.04177023 0.12416841
v -0.05967350 0.04184327 0.12416791
v -0.05971640 0.04190766 0.12416730
v -0.05981846 0.04201664 0.12416571
v -0.05993297 0.04210769 0.12416381
v -0.06043271 0.04237750 0.12415530
v -0.06149773 0.04272691 0.12413691
v -0.06258272 0.04296302 0.12411800
v -0.06367815 0.04313772 0.12409900
v -0.06588835 0.04336766 0.12406041
v -0.05966255 0.04176301 0.12415900
v -0.05969342 0.04183190 0.12415851
v -0.05973456 0.04189348 0.12415780
v -0.05983388 0.04199931 0.12415620
v -0.05994635 0.04208860 0.12415420
v -0.06044179 0.04235577 0.12414561
v -0.06150346 0.04270389 0.12412720
v -0.06258686 0.04293960 0.12410831
v -0.06368124 0.04311409 0.12408921
v -0.06588996 0.04334385 0.12405060
v -0.05979786 0.02569392 0.12381621
v -0.05974219 0.02559264 0.12369581
v -0.05974924 0.02561372 0.12369481
v -0.05976073 0.02563277 0.12369451
v -0.05977610 0.02564885 0.12369510
v -0.05979459 0.02566116 0.12369641
v -0.05981528 0.02566909 0.12369841
v -0.05979451 0.02569265 0.12381621
v -0.05977773 0.02568629 0.12381640
v -0.05975962 0.02567478 0.12381830
v -0.05975199 0.02566737 0.12381991
v -0.05974436 0.02565995 0.12382161
v -0.05973268 0.02564247 0.12382621
v -0.05972510 0.02562315 0.12383201
v -0.05972636 0.02562637 0.12383111
v -0.05957750 0.04026627 0.12422430
v -0.05977124 0.03726992 0.12422081
v -0.06004686 0.03569879 0.12421590
v -0.06059004 0.03295514 0.12420591
v -0.06068383 0.03221048 0.12422790
v -0.06071559 0.03200955 0.12420350
v -0.05970850 0.02629474 0.12418641
v -0.05971349 0.02629377 0.12418151
v -0.06014662 0.02738498 0.12417370
v -0.05974335 0.02628797 0.12416180
v -0.05975631 0.02628546 0.12415810
v -0.06018645 0.02736983 0.12414991
v -0.05977732 0.02628141 0.12415410
v -0.05975642 0.02628544 0.12415810
v -0.05976639 0.02628351 0.12415520
v -0.05973356 0.02628986 0.12416681
v -0.05973462 0.02628966 0.12416601
v -0.06016515 0.02737791 0.12415921
v -0.05971373 0.02629372 0.12418120
v -0.05971524 0.02629343 0.12417971
v -0.05969480 0.02629744 0.12420550
v -0.05969819 0.02629677 0.12420080
v -0.06013198 0.02739062 0.12419260
v -0.05969845 0.02629672 0.12420041
v -0.05968804 0.02629880 0.12422251
v -0.05969055 0.02629829 0.12421411
v -0.06012212 0.02739448 0.12421480
v -0.05968258 0.02629993 0.12424640
v -0.05968383 0.02629965 0.12423651
v -0.05968788 0.02629883 0.12422301
v -0.06019401 0.02762949 0.12423751
v -0.06042261 0.02831158 0.12420910
v -0.06051133 0.02873084 0.12423131
v -0.06064136 0.02928922 0.12420501
v -0.06071584 0.02994782 0.12422731
v -0.06074897 0.03017995 0.12420291
v -0.06077208 0.03108701 0.12420241
v -0.06048881 0.02829289 0.12414461
v -0.06070908 0.02927754 0.12414071
v -0.06081746 0.03017494 0.12413881
v -0.06084074 0.03108839 0.12413840
v -0.06078393 0.03201650 0.12413940
v -0.06046695 0.02829900 0.12415381
v -0.06068676 0.02928135 0.12414991
v -0.06079491 0.03017657 0.12414801
v -0.06081814 0.03108794 0.12414750
v -0.06076143 0.03201423 0.12414850
v -0.06044790 0.02830436 0.12416820
v -0.06066730 0.02928469 0.12416430
v -0.06077524 0.03017801 0.12416231
v -0.06079843 0.03108755 0.12416191
v -0.06074180 0.03201224 0.12416291
v -0.06043282 0.02830863 0.12418711
v -0.06065186 0.02928737 0.12418300
v -0.06075962 0.03017916 0.12418101
v -0.06078277 0.03108723 0.12418050
v -0.06072621 0.03201065 0.12418161
v -0.06076351 0.03114417 0.12422641
v -0.06065786 0.03296627 0.12414161
v -0.06063551 0.03296264 0.12415081
v -0.06061602 0.03295945 0.12416521
v -0.06060056 0.03295690 0.12418390
v -0.06042628 0.03385789 0.12420891
v -0.06043670 0.03386003 0.12418690
v -0.06045206 0.03386312 0.12416810
v -0.06047145 0.03386700 0.12415371
v -0.06049369 0.03387142 0.12414451
v -0.06005724 0.03570094 0.12419381
v -0.06007259 0.03570408 0.12417490
v -0.06009199 0.03570801 0.12416041
v -0.06011428 0.03571250 0.12415111
v -0.05983931 0.03727993 0.12415590
v -0.05981679 0.03727665 0.12416521
v -0.05979720 0.03727378 0.12417971
v -0.05978170 0.03727149 0.12419871
v -0.05971414 0.03769535 0.12422191
v -0.05972463 0.03769669 0.12419971
v -0.05974018 0.03769865 0.12418071
v -0.05975983 0.03770111 0.12416620
v -0.05978242 0.03770391 0.12415690
v -0.05960171 0.03896186 0.12422391
v -0.05961226 0.03896244 0.12420170
v -0.05962791 0.03896328 0.12418271
v -0.05964768 0.03896434 0.12416820
v -0.05967041 0.03896556 0.12415890
v -0.05958807 0.04026625 0.12420211
v -0.05960374 0.04026622 0.12418310
v -0.05962354 0.04026619 0.12416861
v -0.05964631 0.04026615 0.12415931
v -0.05975622 0.02616888 0.12415741
v -0.05975721 0.02605071 0.12414341
v -0.05971247 0.02568334 0.12395151
v -0.05975791 0.02573352 0.12392460
v -0.05978068 0.02574270 0.12392121
v -0.05973818 0.02571997 0.12393110
v -0.05972272 0.02570290 0.12394021
v -0.05976637 0.02585475 0.12404731
v -0.05977576 0.02577121 0.12396220
v -0.05976337 0.02589560 0.12407670
v -0.05975843 0.02600240 0.12412910
v -0.05975305 0.02576260 0.12396670
v -0.05974373 0.02584789 0.12405381
v -0.05974075 0.02588963 0.12408401
v -0.05973579 0.02599876 0.12413771
v -0.05973454 0.02604813 0.12415230
v -0.05973347 0.02616888 0.12416671
v -0.05973336 0.02574996 0.12397451
v -0.05972407 0.02583790 0.12406460
v -0.05972108 0.02588093 0.12409581
v -0.05971609 0.02599347 0.12415130
v -0.05971482 0.02604437 0.12416640
v -0.05971367 0.02616888 0.12418120
v -0.05971789 0.02573406 0.12398540
v -0.05970856 0.02582538 0.12407891
v -0.05970556 0.02587005 0.12411140
v -0.05970052 0.02598684 0.12416900
v -0.05969922 0.02603967 0.12418471
v -0.05969801 0.02616888 0.12420011
v -0.05970757 0.02571587 0.12399850
v -0.05969815 0.02581108 0.12409601
v -0.05969512 0.02585762 0.12412980
v -0.05969002 0.02597928 0.12418980
v -0.05968869 0.02603430 0.12420621
v -0.05968743 0.02616888 0.12422230
v -0.05970850 0.02629474 0.12418641
v -0.05969845 0.02629672 0.12420041
v -0.05968383 0.02629965 0.12423651
v -0.05968788 0.02629883 0.12422301
v -0.05969480 0.02629744 0.12420550
v -0.05969055 0.02629829 0.12421411
v -0.05968804 0.02629880 0.12422251
v -0.05969819 0.02629677 0.12420080
v -0.05971524 0.02629343 0.12417971
v -0.05971373 0.02629372 0.12418120
v -0.05971349 0.02629377 0.12418151
v -0.05974335 0.02628797 0.12416180
v -0.05973462 0.02628966 0.12416601
v -0.05973356 0.02628986 0.12416681
v -0.05977732 0.02628141 0.12415410
v -0.05976639 0.02628351 0.12415520
v -0.05975642 0.02628544 0.12415810
v -0.05975631 0.02628546 0.12415810
v -0.06016515 0.02737791 0.12584090
v -0.06014662 0.02738498 0.12582631
v -0.06044790 0.02830436 0.12583181
v -0.05968258 0.02629993 0.12575361
v -0.05968704 0.02629899 0.12577650
v -0.05969055 0.02629829 0.12578590
v -0.05968748 0.02629890 0.12577771
v -0.06012212 0.02739448 0.12578521
v -0.05968729 0.02629894 0.12577720
v -0.06013198 0.02739062 0.12580741
v -0.05969831 0.02629675 0.12579921
v -0.05970850 0.02629474 0.12581360
v -0.05970237 0.02629594 0.12580620
v -0.05969853 0.02629671 0.12579960
v -0.05971381 0.02629371 0.12581811
v -0.05973350 0.02628987 0.12583330
v -0.05972652 0.02629123 0.12582911
v -0.05971407 0.02629366 0.12581840
v -0.06018645 0.02736983 0.12585010
v -0.05975615 0.02628549 0.12584250
v -0.05973462 0.02628966 0.12583401
v -0.05977732 0.02628141 0.12584601
v -0.05975694 0.02628534 0.12584280
v -0.05975625 0.02628547 0.12584250
v -0.06019401 0.02762949 0.12576250
v -0.06042261 0.02831158 0.12579091
v -0.06071584 0.02994782 0.12577270
v -0.06074897 0.03017995 0.12579710
v -0.06064136 0.02928922 0.12579500
v -0.06051133 0.02873084 0.12576871
v -0.06077208 0.03108701 0.12579761
v -0.06076351 0.03114417 0.12577370
v -0.06071559 0.03200955 0.12579651
v -0.06068383 0.03221048 0.12577211
v -0.06059004 0.03295514 0.12579410
v -0.06042628 0.03385789 0.12579111
v -0.05971414 0.03769535 0.12577820
v -0.05977124 0.03726992 0.12577920
v -0.06004686 0.03569879 0.12578411
v -0.05957814 0.04166942 0.12577571
v -0.05957750 0.04026627 0.12577571
v -0.05960171 0.03896186 0.12577621
v -0.06043282 0.02830863 0.12581290
v -0.06065186 0.02928737 0.12581701
v -0.06075962 0.03017916 0.12581901
v -0.06078277 0.03108723 0.12581951
v -0.06072621 0.03201065 0.12581840
v -0.06060056 0.03295690 0.12581611
v -0.06043670 0.03386003 0.12581311
v -0.06005724 0.03570094 0.12580630
v -0.05978170 0.03727149 0.12580131
v -0.05972463 0.03769669 0.12580031
v -0.05961226 0.03896244 0.12579841
v -0.05958807 0.04026625 0.12579790
v -0.05958871 0.04166942 0.12579790
v -0.06066730 0.02928469 0.12583581
v -0.06077524 0.03017801 0.12583771
v -0.06079843 0.03108755 0.12583810
v -0.06074180 0.03201224 0.12583710
v -0.06061602 0.03295945 0.12583481
v -0.06045206 0.03386312 0.12583191
v -0.06007259 0.03570408 0.12582511
v -0.05979720 0.03727378 0.12582030
v -0.05974018 0.03769865 0.12581930
v -0.05962791 0.03896328 0.12581730
v -0.05960374 0.04026622 0.12581691
v -0.05960437 0.04166942 0.12581691
v -0.06046695 0.02829900 0.12584621
v -0.06068676 0.02928135 0.12585010
v -0.06079491 0.03017657 0.12585210
v -0.06081814 0.03108794 0.12585251
v -0.06076143 0.03201423 0.12585151
v -0.06063551 0.03296264 0.12584920
v -0.06047145 0.03386700 0.12584630
v -0.06009199 0.03570801 0.12583961
v -0.05981679 0.03727665 0.12583481
v -0.05975983 0.03770111 0.12583381
v -0.05964768 0.03896434 0.12583181
v -0.05962354 0.04026619 0.12583140
v -0.05962418 0.04166942 0.12583140
v -0.06048881 0.02829289 0.12585541
v -0.06070908 0.02927754 0.12585930
v -0.06081746 0.03017494 0.12586120
v -0.06084074 0.03108839 0.12586161
v -0.06078393 0.03201650 0.12586061
v -0.06065786 0.03296627 0.12585840
v -0.06049369 0.03387142 0.12585551
v -0.06011428 0.03571250 0.12584891
v -0.05983931 0.03727993 0.12584411
v -0.05978242 0.03770391 0.12584311
v -0.05967041 0.03896556 0.12584111
v -0.05964631 0.04026615 0.12584070
v -0.05964694 0.04166942 0.12584070
v -0.05958691 0.04174751 0.12577571
v -0.05959719 0.04174512 0.12579800
v -0.05961246 0.04174161 0.12581691
v -0.05963180 0.04173722 0.12583150
v -0.05965403 0.04173219 0.12584080
v -0.05961911 0.04183875 0.12577571
v -0.05966582 0.04191695 0.12577601
v -0.05977885 0.04204311 0.12577701
v -0.06003533 0.04222981 0.12578041
v -0.06024793 0.04233050 0.12575870
v -0.06072435 0.04254141 0.12579120
v -0.06241123 0.04297805 0.12581981
v -0.06143864 0.04275966 0.12580321
v -0.06499659 0.04333800 0.12586451
v -0.06370053 0.04318781 0.12584211
v -0.06759846 0.04350994 0.12590980
v -0.06810730 0.04352682 0.12591871
v -0.05962849 0.04183399 0.12579811
v -0.05967421 0.04191067 0.12579851
v -0.05978569 0.04203525 0.12579980
v -0.06004036 0.04222078 0.12580340
v -0.06072747 0.04253164 0.12581460
v -0.06144083 0.04274968 0.12582670
v -0.06241276 0.04296797 0.12584341
v -0.06370150 0.04317768 0.12586571
v -0.06499716 0.04332784 0.12588820
v -0.06759843 0.04349975 0.12593351
v -0.06810717 0.04351664 0.12594240
v -0.05964254 0.04182700 0.12581721
v -0.05968688 0.04190136 0.12581781
v -0.05979617 0.04202350 0.12581930
v -0.06004825 0.04220710 0.12582320
v -0.06073251 0.04251663 0.12583461
v -0.06144451 0.04273426 0.12584681
v -0.06241543 0.04295233 0.12586361
v -0.06370330 0.04316189 0.12588601
v -0.06499836 0.04331199 0.12590851
v -0.06759868 0.04348384 0.12595391
v -0.06810726 0.04350072 0.12596271
v -0.05966038 0.04181819 0.12583191
v -0.05970303 0.04188961 0.12583250
v -0.05980965 0.04200859 0.12583420
v -0.06005849 0.04218964 0.12583831
v -0.06073918 0.04249737 0.12585000
v -0.06144942 0.04271440 0.12586230
v -0.06241905 0.04293215 0.12587910
v -0.06370582 0.04314151 0.12590150
v -0.06500006 0.04329150 0.12592411
v -0.06759919 0.04346326 0.12596940
v -0.06810756 0.04348013 0.12597831
v -0.05968094 0.04180811 0.12584131
v -0.05972169 0.04187614 0.12584191
v -0.05982527 0.04199146 0.12584370
v -0.06007043 0.04216953 0.12584791
v -0.06074702 0.04247510 0.12585971
v -0.06145524 0.04269142 0.12587201
v -0.06242340 0.04290877 0.12588891
v -0.06370888 0.04311788 0.12591131
v -0.06500220 0.04326774 0.12593390
v -0.06759994 0.04343939 0.12597921
v -0.06810807 0.04345625 0.12598810
v -0.05968729 0.02629894 0.12577720
v -0.05968748 0.02629890 0.12577771
v -0.05968743 0.02616888 0.12577771
v -0.05977732 0.02628141 0.12584601
v -0.05975622 0.02616888 0.12584260
v -0.05975694 0.02628534 0.12584280
v -0.05975625 0.02628547 0.12584250
v -0.05975615 0.02628549 0.12584250
v -0.05973347 0.02616888 0.12583340
v -0.05973462 0.02628966 0.12583401
v -0.05971367 0.02616888 0.12581881
v -0.05972652 0.02629123 0.12582911
v -0.05973350 0.02628987 0.12583330
v -0.05970237 0.02629594 0.12580620
v -0.05970850 0.02629474 0.12581360
v -0.05969801 0.02616888 0.12579990
v -0.05971381 0.02629371 0.12581811
v -0.05971407 0.02629366 0.12581840
v -0.05969055 0.02629829 0.12578590
v -0.05969831 0.02629675 0.12579921
v -0.05969853 0.02629671 0.12579960
v -0.05968704 0.02629899 0.12577650
v -0.06819332 0.04345879 0.12599681
v -0.06860334 0.04345613 0.12649211
v -0.06862870 0.04350061 0.12649331
v -0.06861312 0.04348002 0.12649280
v -0.06860865 0.04348204 0.12642421
v -0.06864901 0.04351653 0.12649380
v -0.06862408 0.04350260 0.12642270
v -0.06867273 0.04352671 0.12649411
v -0.06864421 0.04351853 0.12642041
v -0.06866767 0.04352875 0.12641740
v -0.06859893 0.04345819 0.12642501
v -0.06856910 0.04346101 0.12630900
v -0.06854847 0.04346183 0.12626291
v -0.06848217 0.04346288 0.12616391
v -0.06844738 0.04346293 0.12612720
v -0.06835197 0.04346212 0.12605571
v -0.06857825 0.04348479 0.12630581
v -0.06855722 0.04348560 0.12625880
v -0.06848952 0.04348663 0.12615761
v -0.06845401 0.04348668 0.12612021
v -0.06835659 0.04348588 0.12604721
v -0.06859275 0.04350533 0.12630050
v -0.06857104 0.04350613 0.12625200
v -0.06850122 0.04350715 0.12614770
v -0.06846460 0.04350720 0.12610911
v -0.06836412 0.04350641 0.12603380
v -0.06861161 0.04352127 0.12629351
v -0.06858905 0.04352207 0.12624311
v -0.06851649 0.04352309 0.12613470
v -0.06847843 0.04352314 0.12609450
v -0.06837404 0.04352235 0.12601630
v -0.06863359 0.04353155 0.12628511
v -0.06861003 0.04353237 0.12623250
v -0.06853432 0.04353341 0.12611941
v -0.06849462 0.04353346 0.12607751
v -0.06838571 0.04353265 0.12599591
v -0.06836676 0.04353619 0.12595771
v -0.06866739 0.04353467 0.12631521
v -0.06833441 0.04353192 0.12596960
v -0.06832486 0.04352164 0.12599110
v -0.06831678 0.04350570 0.12600950
v -0.06831070 0.04348516 0.12602370
v -0.06830703 0.04346139 0.12603261
v -0.06820462 0.04352935 0.12592860
v -0.06820044 0.04351911 0.12595190
v -0.06819702 0.04350319 0.12597181
v -0.06819459 0.04348262 0.12598710
v -0.05975705 0.02605904 0.12585470
v -0.05973438 0.02605664 0.12584571
v -0.05971464 0.02605315 0.12583160
v -0.05969905 0.02604877 0.12581321
v -0.05968852 0.02604378 0.12579161
v -0.05975820 0.02601022 0.12586821
v -0.05976293 0.02590258 0.12591881
v -0.05977510 0.02577568 0.12603210
v -0.05976591 0.02586033 0.12594831
v -0.05973555 0.02600675 0.12585950
v -0.05974031 0.02589676 0.12591141
v -0.05974328 0.02585360 0.12594171
v -0.05975239 0.02576716 0.12602750
v -0.05978016 0.02574539 0.12607451
v -0.05975739 0.02573626 0.12607101
v -0.05979418 0.02569349 0.12618230
v -0.05977120 0.02568343 0.12618151
v -0.05971585 0.02600171 0.12584591
v -0.05972064 0.02588829 0.12589950
v -0.05972362 0.02584379 0.12593071
v -0.05973270 0.02575466 0.12601941
v -0.05973767 0.02572280 0.12606441
v -0.05975136 0.02566833 0.12617850
v -0.05970027 0.02599539 0.12582801
v -0.05970512 0.02587768 0.12588370
v -0.05970811 0.02583149 0.12591620
v -0.05971723 0.02573894 0.12600841
v -0.05972220 0.02570583 0.12605511
v -0.05973592 0.02564915 0.12617361
v -0.05968976 0.02598818 0.12580710
v -0.05969467 0.02586558 0.12586510
v -0.05969769 0.02581744 0.12589901
v -0.05970691 0.02572096 0.12599501
v -0.05971195 0.02568640 0.12604361
v -0.05972584 0.02562710 0.12616710
v -0.05979418 0.02569349 0.12618230
v -0.05979792 0.02569356 0.12618371
v -0.05979441 0.02569293 0.12618390
v -0.05977142 0.02568286 0.12618310
v -0.05975159 0.02566775 0.12618020
v -0.05973614 0.02564854 0.12617541
v -0.05972606 0.02562646 0.12616900
v -0.05972549 0.02562311 0.12616791
v -0.06867273 0.04350925 0.12701510
v -0.06864901 0.04349907 0.12701481
v -0.06862868 0.04348316 0.12701411
v -0.06861312 0.04346258 0.12701330
v -0.06860334 0.04343870 0.12701240
v -0.06867271 0.04349226 0.12741370
v -0.06864901 0.04348208 0.12741321
v -0.06862867 0.04346617 0.12741250
v -0.06861312 0.04344561 0.12741151
v -0.06860334 0.04342174 0.12741041
v -0.06867636 0.04348806 0.12751340
v -0.06867271 0.04348752 0.12751330
v -0.06864899 0.04347734 0.12751281
v -0.06862867 0.04346143 0.12751211
v -0.06861312 0.04344086 0.12751111
v -0.06860334 0.04341700 0.12750991
v -0.06860286 0.04341336 0.12750970
v -0.05973160 0.02560667 0.12622230
v -0.05980449 0.02568046 0.12623080
v -0.05978412 0.02567260 0.12623150
v -0.05976585 0.02566064 0.12623091
v -0.05975054 0.02564515 0.12622911
v -0.05973894 0.02562687 0.12622620
v -0.05974985 0.02559014 0.12636040
v -0.05975674 0.02561152 0.12635950
v -0.05976818 0.02563081 0.12635781
v -0.05978359 0.02564702 0.12635570
v -0.05980221 0.02565935 0.12635311
v -0.05982309 0.02566717 0.12635020
v -0.06856160 0.04340079 0.12770730
v -0.06853942 0.04339746 0.12775251
v -0.06810720 0.04344316 0.12809441
v -0.06810714 0.04344300 0.12809151
v -0.06818502 0.04344567 0.12808491
v -0.06810707 0.04341683 0.12804061
v -0.06810717 0.04340887 0.12803211
v -0.06817728 0.04341146 0.12802631
v -0.06810814 0.04336474 0.12801101
v -0.06810753 0.04338945 0.12801931
v -0.06810807 0.04336761 0.12801131
v -0.06817565 0.04337030 0.12800561
v -0.06817607 0.04339209 0.12801360
v -0.06817926 0.04342738 0.12804301
v -0.06810696 0.04342480 0.12804900
v -0.06810696 0.04343638 0.12806920
v -0.06818190 0.04343899 0.12806290
v -0.06829053 0.04337615 0.12797381
v -0.06833623 0.04337898 0.12795231
v -0.06843383 0.04338627 0.12788441
v -0.06846975 0.04338954 0.12784910
v -0.06859536 0.04340844 0.12759311
v -0.06830223 0.04343299 0.12800910
v -0.06830929 0.04344466 0.12802770
v -0.06835115 0.04343571 0.12798620
v -0.06835997 0.04344741 0.12800391
v -0.06845571 0.04344273 0.12791360
v -0.06846824 0.04345448 0.12792860
v -0.06849424 0.04344587 0.12787581
v -0.06850811 0.04345765 0.12788940
v -0.06856900 0.04345350 0.12777251
v -0.06858543 0.04346535 0.12778231
v -0.06859281 0.04345672 0.12772410
v -0.06861005 0.04346859 0.12773221
v -0.06862915 0.04346410 0.12760171
v -0.06864756 0.04347603 0.12760551
v -0.06831739 0.04345147 0.12804821
v -0.06837002 0.04345428 0.12802341
v -0.06848239 0.04346151 0.12794501
v -0.06852375 0.04346475 0.12790430
v -0.06860390 0.04347262 0.12779301
v -0.06862939 0.04347593 0.12774090
v -0.06866816 0.04348353 0.12760930
v -0.06829258 0.04339781 0.12798141
v -0.06833895 0.04340057 0.12795971
v -0.06843805 0.04340771 0.12789091
v -0.06847454 0.04341091 0.12785511
v -0.06854538 0.04341867 0.12775721
v -0.06856795 0.04342194 0.12771131
v -0.06860237 0.04342944 0.12759540
v -0.06829655 0.04341709 0.12799341
v -0.06834402 0.04341982 0.12797121
v -0.06844548 0.04342686 0.12790081
v -0.06848285 0.04343002 0.12786420
v -0.06855542 0.04343767 0.12776391
v -0.06857854 0.04344090 0.12771701
v -0.06861383 0.04344831 0.12759830
v -0.05985980 0.02559216 0.12700171
v -0.05993220 0.02566908 0.12698661
v -0.06009365 0.02567190 0.12765420
v -0.05991157 0.02566127 0.12699080
v -0.06007339 0.02566412 0.12765990
v -0.05989317 0.02564897 0.12699460
v -0.06005532 0.02565184 0.12766501
v -0.05987793 0.02563278 0.12699781
v -0.06004034 0.02563569 0.12766920
v -0.05986662 0.02561351 0.12700020
v -0.06002921 0.02561646 0.12767241
v -0.06002249 0.02559515 0.12767441
v -0.06016469 0.04168679 0.12815000
v -0.06016410 0.04166942 0.12815000
v -0.06014284 0.04168825 0.12815850
v -0.06014219 0.04166942 0.12815850
v -0.06012357 0.04168955 0.12817191
v -0.06012288 0.04166942 0.12817191
v -0.06010795 0.04169062 0.12818941
v -0.06010722 0.04166942 0.12818950
v -0.06009685 0.04169138 0.12821010
v -0.06009609 0.04166942 0.12821021
v -0.06009087 0.04169181 0.12823290
v -0.06009012 0.04166942 0.12823290
v -0.06009036 0.04169187 0.12825640
v -0.06008961 0.04166942 0.12825640
v -0.06782332 0.04342913 0.12811971
v -0.06602012 0.04333219 0.12813120
v -0.06648011 0.04335746 0.12814350
v -0.06602015 0.04332732 0.12811130
v -0.06602472 0.04325370 0.12804700
v -0.06541080 0.04326808 0.12816251
v -0.06483748 0.04320707 0.12817281
v -0.06394145 0.04311119 0.12816831
v -0.06291055 0.04294450 0.12818711
v -0.06188800 0.04272003 0.12820630
v -0.06110871 0.04246166 0.12824370
v -0.06088033 0.04238678 0.12822721
v -0.06160649 0.04262668 0.12823310
v -0.06079487 0.04233915 0.12825101
v -0.06040133 0.04212649 0.12824030
v -0.06021834 0.04195593 0.12827050
v -0.06018678 0.04192678 0.12824950
v -0.06028909 0.04203667 0.12824460
v -0.06010780 0.04178108 0.12825490
v -0.06014244 0.04185962 0.12825231
v -0.06010851 0.04178072 0.12823160
v -0.06014341 0.04185884 0.12822930
v -0.06018796 0.04192558 0.12822681
v -0.06029045 0.04203474 0.12822240
v -0.06040271 0.04212403 0.12821851
v -0.06088150 0.04238323 0.12820621
v -0.06188876 0.04271575 0.12818590
v -0.06291105 0.04293994 0.12816691
v -0.06394177 0.04310647 0.12814831
v -0.06011434 0.04177869 0.12820911
v -0.06014897 0.04185552 0.12820721
v -0.06019320 0.04192128 0.12820510
v -0.06029509 0.04202923 0.12820130
v -0.06040684 0.04211774 0.12819781
v -0.06088439 0.04237568 0.12818650
v -0.06189057 0.04270748 0.12816691
v -0.06291231 0.04293143 0.12814820
v -0.06394266 0.04309783 0.12812971
v -0.06602050 0.04331854 0.12809290
v -0.06012498 0.04177510 0.12818860
v -0.06015881 0.04184981 0.12818711
v -0.06020221 0.04191411 0.12818540
v -0.06030278 0.04202039 0.12818230
v -0.06041351 0.04210795 0.12817931
v -0.06088891 0.04236447 0.12816901
v -0.06189338 0.04269558 0.12815000
v -0.06291429 0.04291931 0.12813161
v -0.06394408 0.04308560 0.12811321
v -0.06602117 0.04330622 0.12807671
v -0.06013984 0.04177015 0.12817130
v -0.06017241 0.04184204 0.12817020
v -0.06021454 0.04190446 0.12816891
v -0.06031314 0.04200868 0.12816631
v -0.06042241 0.04209511 0.12816381
v -0.06089483 0.04235010 0.12815430
v -0.06189704 0.04268056 0.12813601
v -0.06291690 0.04290410 0.12811780
v -0.06394599 0.04307031 0.12809971
v -0.06602214 0.04329086 0.12806321
v -0.06015811 0.04176411 0.12815810
v -0.06018904 0.04183260 0.12815731
v -0.06022954 0.04189281 0.12815630
v -0.06032566 0.04199467 0.12815430
v -0.06043310 0.04207987 0.12815211
v -0.06090189 0.04233324 0.12814341
v -0.06190140 0.04266307 0.12812551
v -0.06292002 0.04288646 0.12810761
v -0.06394828 0.04305260 0.12808950
v -0.06602333 0.04327310 0.12805321
v -0.06017880 0.04175731 0.12814971
v -0.06020782 0.04182201 0.12814910
v -0.06024644 0.04187977 0.12814841
v -0.06033970 0.04197906 0.12814670
v -0.06044506 0.04206294 0.12814481
v -0.06090976 0.04231465 0.12813651
v -0.06190628 0.04264388 0.12811901
v -0.06292352 0.04286713 0.12810120
v -0.06395089 0.04303323 0.12808321
v -0.06003203 0.02559657 0.12770820
v -0.06003855 0.02561801 0.12770501
v -0.06004958 0.02563729 0.12770070
v -0.06006455 0.02565344 0.12769540
v -0.06008271 0.02566562 0.12768950
v -0.06010311 0.02567320 0.12768330
v -0.06014631 0.02569732 0.12780231
v -0.06014355 0.02569718 0.12780311
v -0.06012268 0.02569089 0.12781141
v -0.06010427 0.02567982 0.12782051
v -0.06009679 0.02567220 0.12782511
v -0.06008931 0.02566457 0.12782981
v -0.06007862 0.02564598 0.12783890
v -0.06007271 0.02562228 0.12784820
v -0.06007279 0.02562504 0.12784730
v -0.06009413 0.04059254 0.12827941
v -0.06008900 0.04029888 0.12825651
v -0.06022029 0.03778802 0.12825431
v -0.06026725 0.03748520 0.12827660
v -0.06029211 0.03726847 0.12825321
v -0.06029872 0.02628142 0.12814490
v -0.06027864 0.02628547 0.12814831
v -0.06027891 0.02628541 0.12814820
v -0.06030579 0.02634990 0.12814751
v -0.06028152 0.02628489 0.12814730
v -0.06025663 0.02628991 0.12815670
v -0.06025894 0.02628944 0.12815540
v -0.06028576 0.02635835 0.12815581
v -0.06023762 0.02629378 0.12817051
v -0.06023830 0.02629364 0.12816991
v -0.06026807 0.02636585 0.12816901
v -0.06025057 0.02629114 0.12816010
v -0.06025366 0.02637201 0.12818621
v -0.06023211 0.02629490 0.12817490
v -0.06022584 0.02629618 0.12818201
v -0.06021336 0.02629876 0.12820180
v -0.06022208 0.02629696 0.12818790
v -0.06022270 0.02629683 0.12818691
v -0.06020967 0.02629953 0.12821061
v -0.06021056 0.02629934 0.12820841
v -0.06024333 0.02637648 0.12820650
v -0.06020430 0.02630068 0.12823321
v -0.06020475 0.02630059 0.12823130
v -0.06023763 0.02637903 0.12822901
v -0.06020516 0.02630050 0.12822951
v -0.06023687 0.02637952 0.12825220
v -0.06020363 0.02630085 0.12824291
v -0.06020590 0.02630048 0.12826601
v -0.06020479 0.02630066 0.12825471
v -0.06020458 0.02630070 0.12825271
v -0.06075673 0.02764668 0.12824500
v -0.06104063 0.02853643 0.12824171
v -0.06108739 0.02872968 0.12826441
v -0.06124303 0.02948907 0.12823951
v -0.06130043 0.02994765 0.12826221
v -0.06132952 0.03026100 0.12823850
v -0.06134694 0.03114262 0.12823841
v -0.06128494 0.03204011 0.12823900
v -0.06126668 0.03221057 0.12826261
v -0.06115395 0.03296109 0.12824071
v -0.06100025 0.03378544 0.12826591
v -0.06096857 0.03391987 0.12824311
v -0.06057088 0.03574879 0.12824880
v -0.06082645 0.02762026 0.12813851
v -0.06111208 0.02851680 0.12813351
v -0.06131582 0.02947735 0.12813001
v -0.06140290 0.03025592 0.12812850
v -0.06142043 0.03114463 0.12812821
v -0.06135811 0.03204827 0.12812931
v -0.06122666 0.03297388 0.12813161
v -0.06104095 0.03393548 0.12813480
v -0.06064358 0.03576439 0.12814170
v -0.06036568 0.03727991 0.12814651
v -0.06080588 0.02762790 0.12814701
v -0.06111208 0.02851680 0.12813351
v -0.06109071 0.02852256 0.12814220
v -0.06129382 0.02948083 0.12813891
v -0.06138061 0.03025744 0.12813741
v -0.06139809 0.03114403 0.12813711
v -0.06133593 0.03204584 0.12813811
v -0.06120475 0.03297010 0.12814040
v -0.06101929 0.03393090 0.12814350
v -0.06062204 0.03575985 0.12815031
v -0.06034399 0.03727659 0.12815511
v -0.06078776 0.02763468 0.12816041
v -0.06107194 0.02852765 0.12815591
v -0.06127453 0.02948389 0.12815270
v -0.06136109 0.03025877 0.12815140
v -0.06137852 0.03114350 0.12815110
v -0.06131649 0.03204370 0.12815211
v -0.06118553 0.03296676 0.12815421
v -0.06100026 0.03392685 0.12815720
v -0.06060308 0.03575584 0.12816381
v -0.06032487 0.03727366 0.12816851
v -0.06077310 0.02764021 0.12817800
v -0.06105682 0.02853178 0.12817380
v -0.06125905 0.02948637 0.12817081
v -0.06134545 0.03025985 0.12816961
v -0.06136285 0.03114307 0.12816941
v -0.06130092 0.03204197 0.12817031
v -0.06117009 0.03296406 0.12817220
v -0.06098493 0.03392356 0.12817510
v -0.06058777 0.03575257 0.12818151
v -0.06030940 0.03727127 0.12818610
v -0.06076269 0.02764418 0.12819871
v -0.06104621 0.02853472 0.12819491
v -0.06124829 0.02948812 0.12819221
v -0.06133462 0.03026060 0.12819111
v -0.06135200 0.03114277 0.12819080
v -0.06129010 0.03204076 0.12819170
v -0.06115932 0.03296215 0.12819350
v -0.06097419 0.03392122 0.12819620
v -0.06057694 0.03575022 0.12820231
v -0.06029842 0.03726955 0.12820681
v -0.06075714 0.02764638 0.12822150
v -0.06104071 0.02853630 0.12821790
v -0.06124284 0.02948903 0.12821551
v -0.06132920 0.03026100 0.12821450
v -0.06134660 0.03114262 0.12821430
v -0.06128467 0.03204013 0.12821500
v -0.06115384 0.03296113 0.12821671
v -0.06096863 0.03391997 0.12821931
v -0.06057120 0.03574894 0.12822521
v -0.06029255 0.03726860 0.12822961
v -0.06056530 0.03580805 0.12827201
v -0.06029417 0.03779742 0.12814771
v -0.06027240 0.03779470 0.12815630
v -0.06025322 0.03779229 0.12816970
v -0.06023769 0.03779032 0.12818731
v -0.06022667 0.03778891 0.12820800
v -0.06022076 0.03778813 0.12823081
v -0.06011098 0.03902336 0.12825611
v -0.06011148 0.03902341 0.12823261
v -0.06011745 0.03902374 0.12820980
v -0.06012856 0.03902433 0.12818911
v -0.06014419 0.03902516 0.12817161
v -0.06016348 0.03902617 0.12815821
v -0.06018537 0.03902730 0.12814960
v -0.06008951 0.04029888 0.12823290
v -0.06009549 0.04029887 0.12821021
v -0.06010662 0.04029885 0.12818950
v -0.06012227 0.04029882 0.12817191
v -0.06014159 0.04029878 0.12815850
v -0.06016350 0.04029874 0.12815000
v -0.06027310 0.02606631 0.12813561
v -0.06024123 0.02582587 0.12799701
v -0.06023804 0.02587708 0.12804931
v -0.06020221 0.02574605 0.12789521
v -0.06019350 0.02576346 0.12793320
v -0.06008072 0.02563192 0.12787581
v -0.06008480 0.02565038 0.12786761
v -0.06009275 0.02566723 0.12785891
v -0.06010425 0.02568177 0.12785000
v -0.06011881 0.02569339 0.12784121
v -0.06013581 0.02570159 0.12783301
v -0.06015452 0.02570602 0.12782570
v -0.06011983 0.02569784 0.12800170
v -0.06012292 0.02571485 0.12798900
v -0.06013031 0.02573025 0.12797610
v -0.06014167 0.02574335 0.12796351
v -0.06015645 0.02575354 0.12795180
v -0.06017400 0.02576035 0.12794150
v -0.06013265 0.02572803 0.12804180
v -0.06013539 0.02574424 0.12802750
v -0.06014258 0.02575888 0.12801320
v -0.06015388 0.02577126 0.12799940
v -0.06016876 0.02578079 0.12798671
v -0.06018652 0.02578703 0.12797590
v -0.06020632 0.02578969 0.12796731
v -0.06016432 0.02582892 0.12813820
v -0.06016611 0.02584208 0.12812000
v -0.06017277 0.02585386 0.12810210
v -0.06018395 0.02586369 0.12808521
v -0.06019910 0.02587106 0.12807030
v -0.06021743 0.02587560 0.12805820
v -0.06017410 0.02587154 0.12816730
v -0.06017558 0.02588327 0.12814791
v -0.06018206 0.02589374 0.12812881
v -0.06019320 0.02590244 0.12811100
v -0.06020844 0.02590890 0.12809540
v -0.06022699 0.02591279 0.12808291
v -0.06024788 0.02591391 0.12807401
v -0.06019365 0.02599334 0.12822460
v -0.06019446 0.02600064 0.12820251
v -0.06020057 0.02600713 0.12818111
v -0.06021165 0.02601246 0.12816141
v -0.06022711 0.02601634 0.12814451
v -0.06024612 0.02601856 0.12813131
v -0.06026764 0.02601900 0.12812261
v -0.06027315 0.02592826 0.12807680
v -0.06019900 0.02604825 0.12824010
v -0.06019962 0.02605343 0.12821731
v -0.06020563 0.02605803 0.12819510
v -0.06021670 0.02606179 0.12817490
v -0.06023224 0.02606451 0.12815760
v -0.06025139 0.02606605 0.12814431
v -0.06020411 0.02617798 0.12825481
v -0.06020455 0.02617798 0.12823121
v -0.06021049 0.02617798 0.12820841
v -0.06022159 0.02617798 0.12818761
v -0.06023725 0.02617798 0.12817000
v -0.06025658 0.02617798 0.12815661
v -0.06027853 0.02617798 0.12814800
v -0.06020590 0.02630048 0.12826601
v -0.06020845 0.02630000 0.12827550
v -0.06020363 0.02630085 0.12824291
v -0.06020458 0.02630070 0.12825271
v -0.06020479 0.02630066 0.12825471
v -0.06020430 0.02630068 0.12823321
v -0.06020475 0.02630059 0.12823130
v -0.06020967 0.02629953 0.12821061
v -0.06020516 0.02630050 0.12822951
v -0.06022270 0.02629683 0.12818691
v -0.06022208 0.02629696 0.12818790
v -0.06021336 0.02629876 0.12820180
v -0.06021056 0.02629934 0.12820841
v -0.06023830 0.02629364 0.12816991
v -0.06023762 0.02629378 0.12817051
v -0.06023211 0.02629490 0.12817490
v -0.06022584 0.02629618 0.12818201
v -0.06025057 0.02629114 0.12816010
v -0.06025663 0.02628991 0.12815670
v -0.06025894 0.02628944 0.12815540
v -0.06027864 0.02628547 0.12814831
v -0.06029872 0.02628142 0.12814490
v -0.06028152 0.02628489 0.12814730
v -0.06027891 0.02628541 0.12814820
v -0.06078076 0.04166942 0.12982711
v -0.06078275 0.04166942 0.12983001
v -0.06078222 0.04036009 0.12983001
v -0.06090862 0.02629698 0.12983240
v -0.06090673 0.02629740 0.12982981
v -0.06116239 0.02685193 0.12983530
v -0.06089641 0.02629971 0.12981541
v -0.06093704 0.02629069 0.12985540
v -0.06092406 0.02629356 0.12984630
v -0.06117636 0.02684536 0.12985021
v -0.06091741 0.02629503 0.12984171
v -0.06091018 0.02629663 0.12983460
v -0.06094567 0.02628879 0.12985941
v -0.06094167 0.02628967 0.12985761
v -0.06119292 0.02683762 0.12986161
v -0.06094021 0.02628999 0.12985691
v -0.06121130 0.02682906 0.12986870
v -0.06096080 0.02628547 0.12986361
v -0.06097916 0.02628145 0.12986690
v -0.06096896 0.02628368 0.12986591
v -0.06096158 0.02628530 0.12986391
v -0.06186983 0.02873024 0.12983561
v -0.06195877 0.02898502 0.12985361
v -0.06169597 0.02810762 0.12984731
v -0.06131892 0.02718973 0.12983851
v -0.06148706 0.02763057 0.12982551
v -0.06216563 0.03114432 0.12984371
v -0.06217849 0.03125202 0.12985891
v -0.06217300 0.03041450 0.12985880
v -0.06212090 0.02985454 0.12985750
v -0.06211729 0.02994701 0.12984231
v -0.06210399 0.03210535 0.12985711
v -0.06207438 0.03221076 0.12984121
v -0.06196021 0.03298203 0.12985390
v -0.06177124 0.03378517 0.12983381
v -0.06172912 0.03403310 0.12984881
v -0.06128982 0.03584912 0.12983980
v -0.06080469 0.03894998 0.12981330
v -0.06079999 0.03914065 0.12983031
v -0.06090286 0.03796580 0.12983231
v -0.06100466 0.03727119 0.12983420
v -0.06096117 0.03748532 0.12981641
v -0.06133286 0.02718318 0.12985331
v -0.06134934 0.02717548 0.12986440
v -0.06171031 0.02810247 0.12986121
v -0.06172703 0.02809650 0.12987160
v -0.06197340 0.02898143 0.12986681
v -0.06199030 0.02897731 0.12987670
v -0.06213572 0.02985260 0.12987020
v -0.06215273 0.02985040 0.12987981
v -0.06218788 0.03041364 0.12987141
v -0.06220492 0.03041266 0.12988080
v -0.06219338 0.03125265 0.12987151
v -0.06221043 0.03125338 0.12988091
v -0.06211882 0.03210728 0.12986991
v -0.06213584 0.03210948 0.12987951
v -0.06197496 0.03298493 0.12986690
v -0.06199198 0.03298826 0.12987681
v -0.06174384 0.03403666 0.12986231
v -0.06176091 0.03404076 0.12987250
v -0.06130469 0.03585257 0.12985381
v -0.06132207 0.03585658 0.12986440
v -0.06101975 0.03727374 0.12984850
v -0.06103745 0.03727672 0.12985930
v -0.06091806 0.03796773 0.12984661
v -0.06093589 0.03796998 0.12985750
v -0.06081529 0.03914141 0.12984481
v -0.06083327 0.03914229 0.12985570
v -0.06079755 0.04036005 0.12984441
v -0.06081555 0.04036001 0.12985531
v -0.06136760 0.02716699 0.12987151
v -0.06174542 0.02808996 0.12987821
v -0.06200878 0.02897282 0.12988291
v -0.06217127 0.02984800 0.12988581
v -0.06222348 0.03041160 0.12988680
v -0.06222898 0.03125417 0.12988691
v -0.06215440 0.03211188 0.12988561
v -0.06201057 0.03299189 0.12988300
v -0.06177963 0.03404523 0.12987891
v -0.06134121 0.03586098 0.12987110
v -0.06105698 0.03727999 0.12986611
v -0.06095558 0.03797246 0.12986440
v -0.06085314 0.03914326 0.12986260
v -0.06083544 0.04035997 0.12986220
v -0.06079808 0.04166942 0.12984441
v -0.06080708 0.04166942 0.12984991
v -0.06081608 0.04166942 0.12985540
v -0.06083597 0.04166942 0.12986231
v -0.06083945 0.04166942 0.12986271
v -0.06079053 0.04174937 0.12982651
v -0.06080225 0.04174617 0.12983950
v -0.06081602 0.04174243 0.12985021
v -0.06083140 0.04173828 0.12985810
v -0.06084789 0.04173385 0.12986310
v -0.06078295 0.04175738 0.12981150
v -0.06080433 0.04179283 0.12982561
v -0.06081993 0.04184042 0.12980860
v -0.06086103 0.04189539 0.12982291
v -0.06093286 0.04197851 0.12982091
v -0.06090207 0.04195666 0.12980421
v -0.06109579 0.04211048 0.12981890
v -0.06105323 0.04208682 0.12980051
v -0.06144879 0.04230289 0.12982001
v -0.06153297 0.04234065 0.12980010
v -0.06219173 0.04256664 0.12982851
v -0.06328633 0.04282164 0.12984461
v -0.06244512 0.04263241 0.12981000
v -0.06392094 0.04293003 0.12983181
v -0.06439235 0.04300002 0.12986260
v -0.06486747 0.04305250 0.12984731
v -0.06606874 0.04317031 0.12986730
v -0.06661845 0.04321865 0.12990011
v -0.06810699 0.04329003 0.12992571
v -0.06081557 0.04178811 0.12983901
v -0.06087070 0.04188787 0.12983741
v -0.06094121 0.04196957 0.12983640
v -0.06110227 0.04210023 0.12983600
v -0.06145336 0.04229191 0.12983860
v -0.06219461 0.04255542 0.12984841
v -0.06328808 0.04281044 0.12986541
v -0.06439350 0.04298886 0.12988381
v -0.06661880 0.04320755 0.12992171
v -0.06810695 0.04327895 0.12994741
v -0.06082885 0.04178256 0.12985001
v -0.06088240 0.04187884 0.12984940
v -0.06095154 0.04195860 0.12984931
v -0.06111059 0.04208728 0.12985010
v -0.06145952 0.04227751 0.12985421
v -0.06219873 0.04254013 0.12986521
v -0.06329074 0.04279475 0.12988300
v -0.06439534 0.04297303 0.12990171
v -0.06661953 0.04319160 0.12994001
v -0.06810714 0.04326296 0.12996581
v -0.06084375 0.04177637 0.12985810
v -0.06089572 0.04186863 0.12985831
v -0.06096347 0.04194606 0.12985891
v -0.06112040 0.04207217 0.12986080
v -0.06146697 0.04226036 0.12986591
v -0.06220386 0.04252157 0.12987791
v -0.06329417 0.04277544 0.12989631
v -0.06439775 0.04295342 0.12991530
v -0.06662060 0.04317172 0.12995380
v -0.06810749 0.04324302 0.12997971
v -0.06085977 0.04176974 0.12986330
v -0.06091017 0.04185761 0.12986400
v -0.06097650 0.04193242 0.12986501
v -0.06113126 0.04205557 0.12986741
v -0.06147536 0.04224131 0.12987321
v -0.06220973 0.04250073 0.12988581
v -0.06329814 0.04275362 0.12990461
v -0.06440060 0.04293118 0.12992380
v -0.06662194 0.04314910 0.12996250
v -0.06810804 0.04322030 0.12998841
v -0.06097916 0.02628145 0.12986690
v -0.06096482 0.02618985 0.12986521
v -0.06094805 0.02618985 0.12986040
v -0.06096080 0.02628547 0.12986361
v -0.06096148 0.02618985 0.12986420
v -0.06096158 0.02628530 0.12986391
v -0.06096896 0.02628368 0.12986591
v -0.06093238 0.02618985 0.12985271
v -0.06094021 0.02628999 0.12985691
v -0.06094178 0.02618985 0.12985731
v -0.06094167 0.02628967 0.12985761
v -0.06094567 0.02628879 0.12985941
v -0.06090857 0.02618985 0.12983240
v -0.06091018 0.02629663 0.12983460
v -0.06091826 0.02618985 0.12984241
v -0.06091741 0.02629503 0.12984171
v -0.06092390 0.02618985 0.12984661
v -0.06092406 0.02629356 0.12984630
v -0.06093704 0.02629069 0.12985540
v -0.06090615 0.02618985 0.12982990
v -0.06090673 0.02629740 0.12982981
v -0.06090862 0.02629698 0.12983240
v -0.06822577 0.04322256 0.13000440
v -0.06860334 0.04316836 0.13049451
v -0.06861306 0.04319204 0.13049741
v -0.06859236 0.04318316 0.13038730
v -0.06862858 0.04321246 0.13049990
v -0.06860215 0.04320655 0.13038790
v -0.06864885 0.04322827 0.13050191
v -0.06861734 0.04322683 0.13038691
v -0.06867250 0.04323841 0.13050310
v -0.06863698 0.04324269 0.13038451
v -0.06865979 0.04325312 0.13038071
v -0.06864534 0.04325932 0.13032621
v -0.06857976 0.04318941 0.13033961
v -0.06853022 0.04320278 0.13023061
v -0.06842002 0.04321627 0.13010331
v -0.06850246 0.04320744 0.13018951
v -0.06837979 0.04321887 0.13007340
v -0.06827383 0.04322232 0.13001940
v -0.06858937 0.04321268 0.13033910
v -0.06853897 0.04322581 0.13022750
v -0.06851066 0.04323038 0.13018551
v -0.06842649 0.04323905 0.13009720
v -0.06838539 0.04324162 0.13006661
v -0.06827705 0.04324500 0.13001131
v -0.06822792 0.04324525 0.12999601
v -0.06860419 0.04323290 0.13033660
v -0.06855220 0.04324591 0.13022141
v -0.06852301 0.04325044 0.13017811
v -0.06843621 0.04325904 0.13008701
v -0.06839379 0.04326158 0.13005541
v -0.06828203 0.04326493 0.12999840
v -0.06823134 0.04326517 0.12998250
v -0.06862324 0.04324878 0.13033221
v -0.06856911 0.04326184 0.13021271
v -0.06853876 0.04326638 0.13016770
v -0.06844857 0.04327500 0.13007320
v -0.06840452 0.04327755 0.13004041
v -0.06828850 0.04328091 0.12998130
v -0.06823588 0.04328116 0.12996480
v -0.06858866 0.04327262 0.13020180
v -0.06855694 0.04327724 0.13015500
v -0.06846284 0.04328601 0.13005671
v -0.06841693 0.04328861 0.13002260
v -0.06829607 0.04329202 0.12996100
v -0.06824128 0.04329227 0.12994390
v -0.06863774 0.04327108 0.13025080
v -0.06096608 0.02614334 0.12986741
v -0.06094933 0.02614204 0.12986260
v -0.06093367 0.02614054 0.12985500
v -0.06091959 0.02613888 0.12984481
v -0.06090752 0.02613711 0.12983231
v -0.06102765 0.02594123 0.12993581
v -0.06101760 0.02591494 0.12994831
v -0.06099396 0.02598025 0.12991161
v -0.06099447 0.02606126 0.12988610
v -0.06097221 0.02608093 0.12987720
v -0.06106571 0.02582849 0.13002161
v -0.06109207 0.02579523 0.13006090
v -0.06116655 0.02573246 0.13016930
v -0.06115777 0.02576293 0.13012191
v -0.06126344 0.02569620 0.13030460
v -0.06124733 0.02571574 0.13024340
v -0.06095546 0.02607790 0.12987281
v -0.06097711 0.02597449 0.12990841
v -0.06100063 0.02590748 0.12994651
v -0.06104843 0.02581895 0.13002241
v -0.06107458 0.02578499 0.13006310
v -0.06114843 0.02572125 0.13017530
v -0.06124431 0.02568524 0.13031510
v -0.06093983 0.02607439 0.12986561
v -0.06096147 0.02596772 0.12990241
v -0.06098495 0.02589860 0.12994181
v -0.06103261 0.02580727 0.13002030
v -0.06105869 0.02577224 0.13006251
v -0.06113225 0.02570649 0.13017861
v -0.06122767 0.02566937 0.13032331
v -0.06092579 0.02607049 0.12985581
v -0.06094754 0.02596017 0.12989371
v -0.06097109 0.02588861 0.12993430
v -0.06101890 0.02579392 0.13001540
v -0.06104504 0.02575752 0.13005891
v -0.06111881 0.02568891 0.13017890
v -0.06121450 0.02564954 0.13032871
v -0.06091379 0.02606634 0.12984360
v -0.06093576 0.02595208 0.12988261
v -0.06095954 0.02587787 0.12992440
v -0.06100782 0.02577941 0.13000780
v -0.06103422 0.02574143 0.13005260
v -0.06110876 0.02566936 0.13017631
v -0.06120558 0.02562694 0.13033100
v -0.06867244 0.04317097 0.13101411
v -0.06860332 0.04310108 0.13100420
v -0.06861306 0.04312469 0.13100761
v -0.06862855 0.04314506 0.13101041
v -0.06864879 0.04316083 0.13101270
v -0.06867598 0.04309459 0.13152401
v -0.06867234 0.04309404 0.13152390
v -0.06864873 0.04308393 0.13152230
v -0.06862851 0.04306820 0.13151981
v -0.06861303 0.04304790 0.13151650
v -0.06860284 0.04302078 0.13151211
v -0.06860332 0.04302437 0.13151270
v -0.06123602 0.02562225 0.13037850
v -0.06124451 0.02564566 0.13037461
v -0.06125759 0.02566601 0.13036761
v -0.06127442 0.02568203 0.13035790
v -0.06129394 0.02569270 0.13034600
v -0.06126686 0.02562157 0.13042591
v -0.06127491 0.02564560 0.13042040
v -0.06128789 0.02566632 0.13041170
v -0.06130492 0.02568233 0.13040041
v -0.06132485 0.02569254 0.13038730
v -0.06859373 0.04301856 0.13163711
v -0.06858723 0.04299752 0.13163190
v -0.06839476 0.04300119 0.13201951
v -0.06838302 0.04299577 0.13199880
v -0.06843119 0.04300341 0.13196651
v -0.06837292 0.04298480 0.13197951
v -0.06841941 0.04299235 0.13194851
v -0.06836507 0.04296893 0.13196271
v -0.06841016 0.04297651 0.13193270
v -0.06835992 0.04294911 0.13194950
v -0.06840396 0.04295681 0.13192011
v -0.06810800 0.04289264 0.13201081
v -0.06819958 0.04290653 0.13200181
v -0.06810769 0.04290008 0.13201171
v -0.06810682 0.04292338 0.13202100
v -0.06819971 0.04292965 0.13201110
v -0.06810620 0.04294365 0.13203580
v -0.06820118 0.04294981 0.13202570
v -0.06810601 0.04295163 0.13204540
v -0.06820385 0.04296575 0.13204461
v -0.06810583 0.04295961 0.13205511
v -0.06810576 0.04297026 0.13207781
v -0.06820758 0.04297648 0.13206681
v -0.06810598 0.04297494 0.13210250
v -0.06821215 0.04298134 0.13209081
v -0.06810614 0.04297446 0.13211001
v -0.06825039 0.04291164 0.13198870
v -0.06825112 0.04293462 0.13199801
v -0.06825373 0.04295468 0.13201230
v -0.06825809 0.04297061 0.13203071
v -0.06826390 0.04298140 0.13205231
v -0.06827082 0.04298641 0.13207551
v -0.06829747 0.04298760 0.13209040
v -0.06835778 0.04292651 0.13194051
v -0.06840118 0.04293440 0.13191141
v -0.06848743 0.04295476 0.13182920
v -0.06851796 0.04296423 0.13178811
v -0.06857226 0.04298750 0.13168070
v -0.06851203 0.04301187 0.13186071
v -0.06852700 0.04302315 0.13187511
v -0.06854489 0.04302096 0.13181681
v -0.06856095 0.04303233 0.13182950
v -0.06860356 0.04304337 0.13170180
v -0.06862141 0.04305496 0.13171021
v -0.06861985 0.04305303 0.13164951
v -0.06863810 0.04306470 0.13165601
v -0.06844477 0.04300904 0.13198571
v -0.06854412 0.04302928 0.13189031
v -0.06857920 0.04303869 0.13184281
v -0.06864154 0.04306184 0.13171860
v -0.06865867 0.04307180 0.13166221
v -0.06849167 0.04297669 0.13183701
v -0.06852279 0.04298595 0.13179551
v -0.06857833 0.04300874 0.13168671
v -0.06850003 0.04299609 0.13184771
v -0.06853193 0.04300522 0.13180521
v -0.06858895 0.04302769 0.13169381
v -0.06860479 0.04303738 0.13164310
v -0.06145280 0.02562497 0.13070141
v -0.06146069 0.02564896 0.13069561
v -0.06147337 0.02566963 0.13068650
v -0.06149000 0.02568559 0.13067470
v -0.06150947 0.02569577 0.13066100
v -0.06164860 0.02562855 0.13097161
v -0.06165631 0.02565249 0.13096551
v -0.06166868 0.02567311 0.13095600
v -0.06168490 0.02568903 0.13094361
v -0.06170387 0.02569918 0.13092921
v -0.06270029 0.04168165 0.13210581
v -0.06269990 0.04166942 0.13210581
v -0.06267838 0.04168301 0.13211431
v -0.06267794 0.04166942 0.13211431
v -0.06265908 0.04168423 0.13212771
v -0.06265861 0.04166942 0.13212781
v -0.06264346 0.04168521 0.13214530
v -0.06264295 0.04166942 0.13214541
v -0.06263237 0.04168592 0.13216611
v -0.06263184 0.04166942 0.13216621
v -0.06262644 0.04168630 0.13218891
v -0.06262591 0.04166942 0.13218900
v -0.06262600 0.04168636 0.13221241
v -0.06262548 0.04166942 0.13221250
v -0.06263106 0.04168607 0.13223540
v -0.06263057 0.04166942 0.13223551
v -0.06264135 0.04168546 0.13225661
v -0.06264091 0.04166942 0.13225670
v -0.06265213 0.04174962 0.13225481
v -0.06715844 0.04291090 0.13214490
v -0.06668230 0.04288159 0.13213610
v -0.06749987 0.04293338 0.13213871
v -0.06590367 0.04278802 0.13216880
v -0.06526635 0.04271574 0.13216341
v -0.06486618 0.04263127 0.13219031
v -0.06443394 0.04254293 0.13220011
v -0.06386403 0.04243055 0.13219460
v -0.06360911 0.04233697 0.13222121
v -0.06317668 0.04219222 0.13221641
v -0.06304634 0.04210885 0.13224250
v -0.06284866 0.04200431 0.13223391
v -0.06277295 0.04193916 0.13224001
v -0.06280932 0.04195702 0.13225661
v -0.06270341 0.04185720 0.13224761
v -0.06267426 0.04180736 0.13225150
v -0.06267030 0.04175726 0.13227251
v -0.06264269 0.04175239 0.13223360
v -0.06266625 0.04181140 0.13223031
v -0.06269679 0.04186175 0.13222651
v -0.06276842 0.04194362 0.13221920
v -0.06284535 0.04200828 0.13221331
v -0.06317536 0.04219438 0.13219671
v -0.06386357 0.04243102 0.13217591
v -0.06526613 0.04271506 0.13214541
v -0.06668209 0.04288049 0.13211840
v -0.06263821 0.04175363 0.13221081
v -0.06266270 0.04181306 0.13220771
v -0.06269415 0.04186338 0.13220420
v -0.06276707 0.04194466 0.13219750
v -0.06284468 0.04200868 0.13219221
v -0.06317566 0.04219294 0.13217690
v -0.06386404 0.04242810 0.13215731
v -0.06526641 0.04271120 0.13212781
v -0.06668216 0.04287630 0.13210120
v -0.06263891 0.04175329 0.13218751
v -0.06266381 0.04181226 0.13218481
v -0.06269562 0.04186203 0.13218171
v -0.06276895 0.04194224 0.13217591
v -0.06284671 0.04200547 0.13217130
v -0.06317755 0.04218796 0.13215781
v -0.06386542 0.04242189 0.13213970
v -0.06526715 0.04270429 0.13211121
v -0.06668251 0.04286914 0.13208501
v -0.06264478 0.04175138 0.13216491
v -0.06266953 0.04180904 0.13216280
v -0.06270112 0.04185776 0.13216030
v -0.06277398 0.04193648 0.13215551
v -0.06285132 0.04199881 0.13215171
v -0.06318097 0.04217964 0.13214011
v -0.06386765 0.04241262 0.13212360
v -0.06526836 0.04269454 0.13209611
v -0.06668315 0.04285924 0.13207030
v -0.06265547 0.04174801 0.13214451
v -0.06267953 0.04180357 0.13214281
v -0.06271038 0.04185078 0.13214091
v -0.06278191 0.04192764 0.13213730
v -0.06285831 0.04198900 0.13213421
v -0.06318577 0.04216831 0.13212450
v -0.06387067 0.04240061 0.13210950
v -0.06526998 0.04268228 0.13208300
v -0.06668402 0.04284693 0.13205761
v -0.06267042 0.04174335 0.13212711
v -0.06269331 0.04179614 0.13212601
v -0.06272292 0.04184145 0.13212470
v -0.06279239 0.04191614 0.13212211
v -0.06286738 0.04197648 0.13211971
v -0.06319177 0.04215440 0.13211170
v -0.06387435 0.04238628 0.13209791
v -0.06527195 0.04266791 0.13207241
v -0.06668512 0.04283258 0.13204731
v -0.06268881 0.04173767 0.13211391
v -0.06271013 0.04178714 0.13211321
v -0.06273810 0.04183024 0.13211231
v -0.06280490 0.04190254 0.13211051
v -0.06287811 0.04196181 0.13210880
v -0.06319874 0.04213848 0.13210210
v -0.06387859 0.04237014 0.13208941
v -0.06527423 0.04265188 0.13206451
v -0.06668640 0.04281663 0.13203960
v -0.06270963 0.04173126 0.13210551
v -0.06272910 0.04177705 0.13210511
v -0.06275517 0.04181774 0.13210451
v -0.06281885 0.04188747 0.13210331
v -0.06289001 0.04194564 0.13210190
v -0.06320639 0.04212115 0.13209611
v -0.06388322 0.04235276 0.13208411
v -0.06527671 0.04263472 0.13205961
v -0.06668782 0.04279960 0.13203490
v -0.06810800 0.04289264 0.13201081
v -0.06222738 0.02562833 0.13167571
v -0.06193040 0.02563343 0.13132981
v -0.06222830 0.02563859 0.13167470
v -0.06223540 0.02566254 0.13166790
v -0.06193781 0.02565738 0.13132331
v -0.06223997 0.02567079 0.13166361
v -0.06194973 0.02567800 0.13131321
v -0.06224684 0.02568317 0.13165720
v -0.06226186 0.02569908 0.13164341
v -0.06196537 0.02569392 0.13130010
v -0.06227945 0.02570922 0.13162731
v -0.06198366 0.02570406 0.13128490
v -0.06228704 0.02571069 0.13162041
v -0.06263999 0.04026476 0.13225670
v -0.06269499 0.03894984 0.13227431
v -0.06279837 0.03791118 0.13225431
v -0.06289963 0.03748590 0.13227120
v -0.06302052 0.03680975 0.13225110
v -0.06331551 0.03580864 0.13226531
v -0.06340809 0.03541775 0.13224590
v -0.06394621 0.03378562 0.13225761
v -0.06395644 0.03369807 0.13223971
v -0.06430178 0.02940353 0.13225370
v -0.06427626 0.02936707 0.13223661
v -0.06278203 0.02630688 0.13218700
v -0.06278258 0.02630671 0.13218281
v -0.06304800 0.02676783 0.13217901
v -0.06283361 0.02629284 0.13211231
v -0.06283488 0.02629251 0.13211170
v -0.06309310 0.02674078 0.13210671
v -0.06287605 0.02628152 0.13210001
v -0.06285541 0.02628702 0.13210340
v -0.06285610 0.02628683 0.13210331
v -0.06311174 0.02672982 0.13209850
v -0.06284686 0.02628930 0.13210570
v -0.06285210 0.02628790 0.13210401
v -0.06281426 0.02629804 0.13212560
v -0.06281795 0.02629705 0.13212191
v -0.06307661 0.02675053 0.13211960
v -0.06282536 0.02629506 0.13211651
v -0.06279833 0.02630235 0.13214310
v -0.06279997 0.02630191 0.13214080
v -0.06306314 0.02675856 0.13213671
v -0.06280144 0.02630150 0.13213871
v -0.06278748 0.02630533 0.13216410
v -0.06278903 0.02630490 0.13216091
v -0.06305344 0.02676443 0.13215681
v -0.06279624 0.02630292 0.13214611
v -0.06278349 0.02630644 0.13217571
v -0.06278615 0.02630569 0.13216691
v -0.06278136 0.02630717 0.13221050
v -0.06278090 0.02630728 0.13220830
v -0.06304713 0.02676857 0.13220211
v -0.06278055 0.02630732 0.13219851
v -0.06278915 0.02630524 0.13224041
v -0.06278653 0.02630590 0.13223360
v -0.06305086 0.02676663 0.13222491
v -0.06278547 0.02630617 0.13223081
v -0.06278492 0.02630630 0.13222820
v -0.06280106 0.02630217 0.13226050
v -0.06279751 0.02630309 0.13225451
v -0.06305901 0.02676209 0.13224601
v -0.06279424 0.02630393 0.13224900
v -0.06312605 0.02687631 0.13224520
v -0.06357144 0.02762957 0.13225951
v -0.06367116 0.02783577 0.13224030
v -0.06405062 0.02867779 0.13223791
v -0.06408496 0.02872853 0.13225530
v -0.06441378 0.02994736 0.13225301
v -0.06442237 0.03007951 0.13223580
v -0.06447779 0.03080163 0.13223551
v -0.06448445 0.03114422 0.13225251
v -0.06445769 0.03138649 0.13223560
v -0.06435807 0.03213011 0.13223630
v -0.06317849 0.02684405 0.13209731
v -0.06372234 0.02780835 0.13208800
v -0.06410115 0.02865748 0.13208150
v -0.06432634 0.02935302 0.13207761
v -0.06447209 0.03007220 0.13207520
v -0.06452737 0.03080089 0.13207421
v -0.06450733 0.03139071 0.13207461
v -0.06440805 0.03213970 0.13207630
v -0.06423674 0.03291079 0.13207920
v -0.06315985 0.02685507 0.13210561
v -0.06370265 0.02781846 0.13209661
v -0.06408008 0.02866557 0.13209061
v -0.06430426 0.02935894 0.13208701
v -0.06444928 0.03007540 0.13208471
v -0.06450426 0.03080122 0.13208381
v -0.06448431 0.03138885 0.13208411
v -0.06438546 0.03213557 0.13208570
v -0.06421469 0.03290505 0.13208851
v -0.06314335 0.02686487 0.13211861
v -0.06368535 0.02782739 0.13211031
v -0.06406169 0.02867268 0.13210480
v -0.06428508 0.02936410 0.13210160
v -0.06442950 0.03007819 0.13209960
v -0.06448426 0.03080151 0.13209891
v -0.06446438 0.03138722 0.13209920
v -0.06436586 0.03213196 0.13210061
v -0.06419548 0.03290003 0.13210311
v -0.06312991 0.02687292 0.13213561
v -0.06367142 0.02783464 0.13212810
v -0.06404708 0.02867838 0.13212340
v -0.06426995 0.02936821 0.13212070
v -0.06441400 0.03008039 0.13211910
v -0.06446862 0.03080173 0.13211840
v -0.06444879 0.03138595 0.13211870
v -0.06435045 0.03212910 0.13211991
v -0.06418033 0.03289603 0.13212211
v -0.06312023 0.02687880 0.13215581
v -0.06366166 0.02783980 0.13214921
v -0.06403710 0.02868233 0.13214521
v -0.06425981 0.02937101 0.13214310
v -0.06440375 0.03008188 0.13214170
v -0.06445832 0.03080188 0.13214130
v -0.06443851 0.03138509 0.13214141
v -0.06434021 0.03212717 0.13214240
v -0.06417015 0.03289329 0.13214431
v -0.06311484 0.02688219 0.13217811
v -0.06365661 0.02784258 0.13217220
v -0.06403234 0.02868430 0.13216901
v -0.06425527 0.02937233 0.13216730
v -0.06439939 0.03008254 0.13216631
v -0.06445402 0.03080195 0.13216590
v -0.06443418 0.03138471 0.13216611
v -0.06433577 0.03212629 0.13216691
v -0.06416552 0.03289199 0.13216840
v -0.06311402 0.02688291 0.13220130
v -0.06365656 0.02784282 0.13219601
v -0.06403308 0.02868418 0.13219330
v -0.06425663 0.02937209 0.13219201
v -0.06440116 0.03008236 0.13219120
v -0.06445597 0.03080193 0.13219091
v -0.06443608 0.03138483 0.13219100
v -0.06433741 0.03212651 0.13219161
v -0.06416674 0.03289220 0.13219300
v -0.06311782 0.02688091 0.13222411
v -0.06366150 0.02784050 0.13221911
v -0.06403930 0.02868196 0.13221671
v -0.06426377 0.02937030 0.13221551
v -0.06440899 0.03008132 0.13221480
v -0.06446408 0.03080182 0.13221461
v -0.06444407 0.03138543 0.13221471
v -0.06434498 0.03212780 0.13221531
v -0.06417375 0.03289390 0.13221660
v -0.06418611 0.03289700 0.13223760
v -0.06430124 0.03246492 0.13225400
v -0.06435839 0.03221089 0.13225350
v -0.06394480 0.03369462 0.13221860
v -0.06393838 0.03369278 0.13219521
v -0.06393758 0.03369267 0.13217081
v -0.06394242 0.03369428 0.13214701
v -0.06395262 0.03369752 0.13212511
v -0.06396759 0.03370220 0.13210651
v -0.06398643 0.03370804 0.13209220
v -0.06400804 0.03371469 0.13208311
v -0.06373958 0.03456274 0.13208771
v -0.06371828 0.03455582 0.13209670
v -0.06369964 0.03454974 0.13211071
v -0.06368474 0.03454483 0.13212900
v -0.06367445 0.03454140 0.13215050
v -0.06366938 0.03453963 0.13217400
v -0.06366980 0.03453963 0.13219811
v -0.06367570 0.03454140 0.13222150
v -0.06368674 0.03454484 0.13224261
v -0.06339746 0.03541458 0.13222471
v -0.06339192 0.03541300 0.13220151
v -0.06339181 0.03541309 0.13217771
v -0.06339712 0.03541486 0.13215441
v -0.06340755 0.03541819 0.13213320
v -0.06342251 0.03542291 0.13211510
v -0.06344113 0.03542874 0.13210131
v -0.06346236 0.03543534 0.13209251
v -0.06307704 0.03682392 0.13209920
v -0.06305559 0.03681875 0.13210781
v -0.06303672 0.03681417 0.13212141
v -0.06302150 0.03681046 0.13213921
v -0.06301077 0.03680780 0.13216021
v -0.06300516 0.03680636 0.13218311
v -0.06300495 0.03680621 0.13220681
v -0.06301017 0.03680736 0.13222991
v -0.06278805 0.03790959 0.13223310
v -0.06278293 0.03790883 0.13221010
v -0.06278328 0.03790895 0.13218650
v -0.06278908 0.03790995 0.13216361
v -0.06280001 0.03791175 0.13214281
v -0.06281547 0.03791427 0.13212511
v -0.06283459 0.03791737 0.13211161
v -0.06285630 0.03792087 0.13210300
v -0.06266732 0.03906001 0.13225631
v -0.06265700 0.03905934 0.13223511
v -0.06265190 0.03905903 0.13221210
v -0.06265232 0.03905908 0.13218851
v -0.06265823 0.03905951 0.13216570
v -0.06266931 0.03906027 0.13214490
v -0.06268492 0.03906134 0.13212731
v -0.06270423 0.03906264 0.13211391
v -0.06272613 0.03906412 0.13210531
v -0.06262966 0.04026478 0.13223551
v -0.06262457 0.04026480 0.13221250
v -0.06262501 0.04026479 0.13218900
v -0.06263094 0.04026478 0.13216621
v -0.06264204 0.04026475 0.13214541
v -0.06265770 0.04026471 0.13212781
v -0.06267704 0.04026467 0.13211431
v -0.06269899 0.04026461 0.13210581
v -0.06284632 0.02614061 0.13209650
v -0.06279417 0.02597183 0.13203391
v -0.06277788 0.02598289 0.13204410
v -0.06269771 0.02586657 0.13195631
v -0.06269212 0.02588282 0.13197570
v -0.06245428 0.02574222 0.13177341
v -0.06244171 0.02574107 0.13178580
v -0.06239526 0.02566233 0.13185731
v -0.06239575 0.02567887 0.13185111
v -0.06239854 0.02569435 0.13184310
v -0.06240356 0.02570831 0.13183350
v -0.06241062 0.02572029 0.13182261
v -0.06241953 0.02572994 0.13181081
v -0.06243000 0.02573694 0.13179841
v -0.06245444 0.02568824 0.13191880
v -0.06245404 0.02570500 0.13191120
v -0.06245619 0.02572060 0.13190160
v -0.06246082 0.02573451 0.13189051
v -0.06246778 0.02574627 0.13187810
v -0.06247682 0.02575546 0.13186490
v -0.06248765 0.02576177 0.13185140
v -0.06249989 0.02576500 0.13183800
v -0.06251312 0.02576503 0.13182511
v -0.06259783 0.02578766 0.13206351
v -0.06259464 0.02580397 0.13205181
v -0.06259478 0.02581890 0.13203791
v -0.06259823 0.02583182 0.13202251
v -0.06260486 0.02584220 0.13200620
v -0.06261438 0.02584961 0.13198981
v -0.06262641 0.02585373 0.13197391
v -0.06264043 0.02585440 0.13195911
v -0.06265587 0.02585159 0.13194611
v -0.06257366 0.02578877 0.13185261
v -0.06263418 0.02582379 0.13209931
v -0.06263008 0.02583960 0.13208620
v -0.06262955 0.02585400 0.13207101
v -0.06263261 0.02586635 0.13205440
v -0.06263913 0.02587611 0.13203721
v -0.06264883 0.02588286 0.13201990
v -0.06266127 0.02588631 0.13200341
v -0.06267591 0.02588629 0.13198850
v -0.06272006 0.02594027 0.13218221
v -0.06271321 0.02595335 0.13216561
v -0.06271066 0.02596510 0.13214681
v -0.06271253 0.02597494 0.13212701
v -0.06271873 0.02598238 0.13210691
v -0.06272896 0.02598705 0.13208771
v -0.06274271 0.02598872 0.13207030
v -0.06275929 0.02598731 0.13205550
v -0.06273448 0.02596700 0.13219601
v -0.06272705 0.02597921 0.13217861
v -0.06272407 0.02599016 0.13215920
v -0.06272570 0.02599928 0.13213871
v -0.06273184 0.02600612 0.13211811
v -0.06274218 0.02601032 0.13209861
v -0.06275621 0.02601168 0.13208100
v -0.06277321 0.02601013 0.13206641
v -0.06279232 0.02600574 0.13205541
v -0.06277612 0.02607320 0.13223531
v -0.06276674 0.02608111 0.13221551
v -0.06276231 0.02608814 0.13219381
v -0.06276308 0.02609391 0.13217130
v -0.06276900 0.02609812 0.13214921
v -0.06277975 0.02610052 0.13212881
v -0.06279475 0.02610099 0.13211100
v -0.06281320 0.02609951 0.13209701
v -0.06283409 0.02609616 0.13208730
v -0.06278824 0.02612562 0.13224660
v -0.06277819 0.02613094 0.13222611
v -0.06277326 0.02613566 0.13220360
v -0.06277374 0.02613951 0.13218050
v -0.06277959 0.02614229 0.13215790
v -0.06279049 0.02614384 0.13213721
v -0.06280585 0.02614407 0.13211941
v -0.06282481 0.02614298 0.13210561
v -0.06279701 0.02622296 0.13225481
v -0.06278643 0.02622296 0.13223360
v -0.06278112 0.02622296 0.13221061
v -0.06278139 0.02622296 0.13218691
v -0.06278720 0.02622296 0.13216401
v -0.06279825 0.02622296 0.13214301
v -0.06281391 0.02622296 0.13212531
v -0.06283330 0.02622296 0.13211170
v -0.06285535 0.02622296 0.13210311
v -0.06278090 0.02630728 0.13220830
v -0.06278136 0.02630717 0.13221050
v -0.06278547 0.02630617 0.13223081
v -0.06278653 0.02630590 0.13223360
v -0.06280725 0.02630056 0.13226790
v -0.06280106 0.02630217 0.13226050
v -0.06278915 0.02630524 0.13224041
v -0.06279424 0.02630393 0.13224900
v -0.06279751 0.02630309 0.13225451
v -0.06278492 0.02630630 0.13222820
v -0.06278349 0.02630644 0.13217571
v -0.06278258 0.02630671 0.13218281
v -0.06278203 0.02630688 0.13218700
v -0.06278055 0.02630732 0.13219851
v -0.06278615 0.02630569 0.13216691
v -0.06278748 0.02630533 0.13216410
v -0.06279997 0.02630191 0.13214080
v -0.06279833 0.02630235 0.13214310
v -0.06279624 0.02630292 0.13214611
v -0.06278903 0.02630490 0.13216091
v -0.06280144 0.02630150 0.13213871
v -0.06281426 0.02629804 0.13212560
v -0.06283488 0.02629251 0.13211170
v -0.06283361 0.02629284 0.13211231
v -0.06282536 0.02629506 0.13211651
v -0.06281795 0.02629705 0.13212191
v -0.06285610 0.02628683 0.13210331
v -0.06285541 0.02628702 0.13210340
v -0.06285210 0.02628790 0.13210401
v -0.06284686 0.02628930 0.13210570
v -0.06287605 0.02628152 0.13210001
v -0.07837519 0.04166942 0.12986240
v -0.07837865 0.04166942 0.12986201
v -0.07837918 0.04035995 0.12986201
v -0.07829722 0.02629503 0.12984151
v -0.07829280 0.02629405 0.12984501
v -0.07803833 0.02684524 0.12985001
v -0.07823548 0.02628145 0.12986671
v -0.07831823 0.02629971 0.12981521
v -0.07831285 0.02629850 0.12982381
v -0.07825393 0.02628549 0.12986350
v -0.07825312 0.02628532 0.12986370
v -0.07800339 0.02682894 0.12986851
v -0.07827279 0.02628964 0.12985700
v -0.07826896 0.02628879 0.12985921
v -0.07802177 0.02683749 0.12986130
v -0.07825928 0.02628666 0.12986260
v -0.07829090 0.02629363 0.12984661
v -0.07828978 0.02629338 0.12984751
v -0.07830787 0.02629740 0.12982941
v -0.07830572 0.02629692 0.12983190
v -0.07805230 0.02685181 0.12983501
v -0.07789579 0.02718960 0.12983831
v -0.07751870 0.02810753 0.12984701
v -0.07772758 0.02763057 0.12982520
v -0.07709376 0.02985447 0.12985720
v -0.07725590 0.02898494 0.12985331
v -0.07734481 0.02873024 0.12983530
v -0.07704165 0.03041447 0.12985851
v -0.07709737 0.02994701 0.12984211
v -0.07711066 0.03210534 0.12985691
v -0.07703617 0.03125199 0.12985860
v -0.07704903 0.03114432 0.12984341
v -0.07725444 0.03298203 0.12985361
v -0.07714029 0.03221076 0.12984101
v -0.07748552 0.03403308 0.12984850
v -0.07744342 0.03378517 0.12983350
v -0.07820998 0.03727119 0.12983390
v -0.07792482 0.03584910 0.12983950
v -0.07831176 0.03796576 0.12983201
v -0.07825347 0.03748532 0.12981611
v -0.07786536 0.02717535 0.12986420
v -0.07788185 0.02718305 0.12985300
v -0.07748765 0.02809641 0.12987141
v -0.07750438 0.02810238 0.12986091
v -0.07722438 0.02897723 0.12987641
v -0.07724128 0.02898135 0.12986651
v -0.07706193 0.02985033 0.12987960
v -0.07707895 0.02985254 0.12987000
v -0.07700973 0.03041263 0.12988061
v -0.07702678 0.03041361 0.12987110
v -0.07700423 0.03125337 0.12988071
v -0.07702127 0.03125263 0.12987121
v -0.07707882 0.03210947 0.12987931
v -0.07709584 0.03210727 0.12986971
v -0.07722268 0.03298826 0.12987650
v -0.07723970 0.03298493 0.12986671
v -0.07745373 0.03404074 0.12987220
v -0.07747081 0.03403664 0.12986211
v -0.07789257 0.03585656 0.12986420
v -0.07790995 0.03585255 0.12985361
v -0.07817720 0.03727672 0.12985911
v -0.07819488 0.03727374 0.12984821
v -0.07827874 0.03796995 0.12985720
v -0.07829657 0.03796770 0.12984641
v -0.07838137 0.03914227 0.12985540
v -0.07839933 0.03914138 0.12984450
v -0.07839907 0.04036000 0.12985511
v -0.07841709 0.04036005 0.12984420
v -0.07841465 0.03914062 0.12983010
v -0.07843241 0.04036008 0.12982970
v -0.07784710 0.02716686 0.12987121
v -0.07746926 0.02808987 0.12987801
v -0.07720588 0.02897274 0.12988271
v -0.07704339 0.02984793 0.12988561
v -0.07699118 0.03041156 0.12988651
v -0.07698568 0.03125415 0.12988660
v -0.07706025 0.03211186 0.12988531
v -0.07720408 0.03299188 0.12988271
v -0.07743502 0.03404521 0.12987861
v -0.07787342 0.03586096 0.12987090
v -0.07815766 0.03727999 0.12986591
v -0.07825904 0.03797243 0.12986411
v -0.07836149 0.03914324 0.12986231
v -0.07840995 0.03894998 0.12981310
v -0.07839856 0.04166942 0.12985511
v -0.07840755 0.04166942 0.12984971
v -0.07841655 0.04166942 0.12984420
v -0.07843188 0.04166942 0.12982981
v -0.07843386 0.04166942 0.12982691
v -0.07837471 0.04168508 0.12986280
v -0.07839155 0.04168622 0.12985790
v -0.07840728 0.04168728 0.12985010
v -0.07842141 0.04168824 0.12983971
v -0.07843351 0.04168907 0.12982700
v -0.07109298 0.04329050 0.12992571
v -0.07171823 0.04326300 0.12989130
v -0.07300714 0.04318935 0.12989281
v -0.07261461 0.04321568 0.12987601
v -0.07261698 0.04321556 0.12987591
v -0.07491314 0.04298754 0.12986080
v -0.07370758 0.04312091 0.12985761
v -0.07529919 0.04293117 0.12983150
v -0.07585839 0.04283477 0.12984551
v -0.07679663 0.04262906 0.12983130
v -0.07688021 0.04260831 0.12980820
v -0.07772052 0.04232299 0.12982011
v -0.07768370 0.04234298 0.12979970
v -0.07815787 0.04208312 0.12981890
v -0.07812355 0.04211143 0.12979990
v -0.07825924 0.04200020 0.12982021
v -0.07831154 0.04195593 0.12980401
v -0.07835077 0.04189928 0.12982250
v -0.07843065 0.04175725 0.12981110
v -0.07841899 0.04176771 0.12982590
v -0.07838945 0.04183821 0.12982421
v -0.07840745 0.04176385 0.12983910
v -0.07837886 0.04183210 0.12983811
v -0.07834117 0.04189168 0.12983710
v -0.07825122 0.04199097 0.12983600
v -0.07815104 0.04207308 0.12983570
v -0.07771611 0.04231198 0.12983881
v -0.07679406 0.04261783 0.12985151
v -0.07585669 0.04282356 0.12986631
v -0.07491195 0.04297637 0.12988201
v -0.07300666 0.04317824 0.12991440
v -0.07109304 0.04327942 0.12994741
v -0.07839387 0.04175933 0.12984980
v -0.07836622 0.04182487 0.12984940
v -0.07832952 0.04188254 0.12984911
v -0.07824121 0.04197961 0.12984911
v -0.07814231 0.04206045 0.12984960
v -0.07771016 0.04229746 0.12985451
v -0.07679033 0.04260242 0.12986851
v -0.07585408 0.04280786 0.12988390
v -0.07491005 0.04296054 0.12989991
v -0.07300576 0.04316230 0.12993261
v -0.07109286 0.04326344 0.12996581
v -0.07837868 0.04175431 0.12985790
v -0.07835196 0.04181674 0.12985790
v -0.07831627 0.04187220 0.12985810
v -0.07822966 0.04196657 0.12985891
v -0.07813208 0.04204578 0.12986001
v -0.07770292 0.04228015 0.12986631
v -0.07678566 0.04258363 0.12988140
v -0.07585073 0.04278854 0.12989721
v -0.07490757 0.04294096 0.12991350
v -0.07300448 0.04314245 0.12994651
v -0.07109249 0.04324349 0.12997971
v -0.07836236 0.04174892 0.12986291
v -0.07833658 0.04180801 0.12986321
v -0.07830189 0.04186104 0.12986370
v -0.07821698 0.04195238 0.12986501
v -0.07812078 0.04202970 0.12986660
v -0.07769478 0.04226090 0.12987371
v -0.07678029 0.04256251 0.12988941
v -0.07584684 0.04276668 0.12990560
v -0.07490464 0.04291875 0.12992200
v -0.07300290 0.04311988 0.12995510
v -0.07109196 0.04322077 0.12998841
v -0.07831285 0.02629850 0.12982381
v -0.07830848 0.02618960 0.12982961
v -0.07829074 0.02618960 0.12984630
v -0.07829280 0.02629405 0.12984501
v -0.07829638 0.02618960 0.12984220
v -0.07829722 0.02629503 0.12984151
v -0.07830606 0.02618960 0.12983211
v -0.07830572 0.02629692 0.12983190
v -0.07830787 0.02629740 0.12982941
v -0.07825312 0.02628532 0.12986370
v -0.07825393 0.02628549 0.12986350
v -0.07826658 0.02618960 0.12986011
v -0.07825928 0.02628666 0.12986260
v -0.07826896 0.02628879 0.12985921
v -0.07827285 0.02618960 0.12985711
v -0.07827279 0.02628964 0.12985700
v -0.07828225 0.02618960 0.12985250
v -0.07828978 0.02629338 0.12984751
v -0.07829090 0.02629363 0.12984661
v -0.07825315 0.02618960 0.12986400
v -0.07824981 0.02618960 0.12986490
v -0.07823548 0.02628145 0.12986671
v -0.07059668 0.04316866 0.13049451
v -0.07061035 0.04318505 0.13037531
v -0.07079912 0.04328970 0.13001221
v -0.07081089 0.04327864 0.13003051
v -0.07076443 0.04327621 0.13006281
v -0.07082106 0.04326266 0.13004581
v -0.07077632 0.04326024 0.13007700
v -0.07082902 0.04324271 0.13005730
v -0.07078564 0.04324027 0.13008750
v -0.07094192 0.04322289 0.13001391
v -0.07097796 0.04329262 0.12993931
v -0.07098259 0.04328151 0.12996041
v -0.07098645 0.04326552 0.12997831
v -0.07098935 0.04324560 0.12999181
v -0.07099110 0.04322292 0.13000031
v -0.07093905 0.04324557 0.13000571
v -0.07093457 0.04326550 0.12999250
v -0.07092873 0.04328149 0.12997521
v -0.07092187 0.04329260 0.12995481
v -0.07089862 0.04329781 0.12993970
v -0.07083432 0.04321997 0.13006431
v -0.07079187 0.04321749 0.13009380
v -0.07070700 0.04320911 0.13017731
v -0.07067685 0.04320441 0.13021931
v -0.07066787 0.04317665 0.13024500
v -0.07062452 0.04319135 0.13032680
v -0.07069897 0.04323203 0.13017301
v -0.07066822 0.04322742 0.13021601
v -0.07061496 0.04321460 0.13032601
v -0.07060060 0.04320842 0.13037560
v -0.07058694 0.04319234 0.13049741
v -0.07068692 0.04325207 0.13016521
v -0.07065520 0.04324750 0.13020951
v -0.07060028 0.04323480 0.13032300
v -0.07058548 0.04322869 0.13037421
v -0.07057141 0.04321277 0.13049990
v -0.07067157 0.04326802 0.13015441
v -0.07063858 0.04326343 0.13020031
v -0.07058140 0.04325070 0.13031811
v -0.07056597 0.04324456 0.13037131
v -0.07055114 0.04322858 0.13050191
v -0.07075071 0.04328723 0.13004590
v -0.07065383 0.04327890 0.13014110
v -0.07061940 0.04327423 0.13018891
v -0.07055954 0.04326126 0.13031161
v -0.07054330 0.04325500 0.13036701
v -0.07052748 0.04323872 0.13050310
v -0.07796788 0.02571403 0.13024271
v -0.07795228 0.02569613 0.13030291
v -0.07802881 0.02572153 0.13019651
v -0.07797139 0.02568516 0.13031341
v -0.07800120 0.02564949 0.13032691
v -0.07798803 0.02566930 0.13032151
v -0.07806337 0.02569516 0.13020771
v -0.07801014 0.02562691 0.13032911
v -0.07807676 0.02567702 0.13020901
v -0.07808660 0.02565676 0.13020740
v -0.07804844 0.02573240 0.13016860
v -0.07805680 0.02576281 0.13012171
v -0.07812500 0.02579775 0.13005701
v -0.07814097 0.02581739 0.13003321
v -0.07813157 0.02583907 0.13001641
v -0.07819287 0.02590528 0.12995450
v -0.07820658 0.02593826 0.12993331
v -0.07804712 0.02571026 0.13020341
v -0.07806655 0.02572120 0.13017461
v -0.07814248 0.02578756 0.13005910
v -0.07815831 0.02580762 0.13003451
v -0.07820985 0.02589758 0.12995290
v -0.07822351 0.02593140 0.12993090
v -0.07823523 0.02603854 0.12988840
v -0.07825200 0.02603436 0.12988441
v -0.07824295 0.02608449 0.12987610
v -0.07825969 0.02608157 0.12987171
v -0.07808271 0.02570645 0.13017780
v -0.07809616 0.02568887 0.13017811
v -0.07815837 0.02577490 0.13005831
v -0.07817202 0.02576029 0.13005471
v -0.07817415 0.02579559 0.13003281
v -0.07818785 0.02578180 0.13002831
v -0.07822555 0.02588839 0.12994840
v -0.07823939 0.02587805 0.12994120
v -0.07823917 0.02592328 0.12992571
v -0.07825306 0.02591418 0.12991770
v -0.07826764 0.02602949 0.12987760
v -0.07828164 0.02602407 0.12986811
v -0.07827533 0.02607818 0.12986451
v -0.07828937 0.02607442 0.12985461
v -0.07810622 0.02566934 0.13017551
v -0.07818287 0.02574434 0.13004821
v -0.07819886 0.02576679 0.13002111
v -0.07825090 0.02586692 0.12993151
v -0.07826471 0.02590441 0.12990731
v -0.07829355 0.02601828 0.12985630
v -0.07830137 0.02607041 0.12984241
v -0.07052401 0.04309492 0.13152401
v -0.07052755 0.04317128 0.13101411
v -0.07052764 0.04309437 0.13152390
v -0.07055127 0.04308426 0.13152230
v -0.07055120 0.04316115 0.13101261
v -0.07057148 0.04306853 0.13151981
v -0.07057145 0.04314538 0.13101041
v -0.07058697 0.04304823 0.13151650
v -0.07058696 0.04312501 0.13100761
v -0.07059669 0.04302470 0.13151270
v -0.07059668 0.04310139 0.13100420
v -0.07059716 0.04302111 0.13151211
v -0.07797906 0.02562202 0.13037760
v -0.07794780 0.02562130 0.13042560
v -0.07797058 0.02564542 0.13037371
v -0.07793975 0.02564533 0.13042011
v -0.07795749 0.02566577 0.13036671
v -0.07792678 0.02566606 0.13041141
v -0.07794065 0.02568179 0.13035700
v -0.07790974 0.02568207 0.13040021
v -0.07792113 0.02569247 0.13034521
v -0.07788980 0.02569229 0.13038711
v -0.07059143 0.04304067 0.13162731
v -0.07060260 0.04302189 0.13162171
v -0.07061608 0.04301231 0.13167060
v -0.07055790 0.04306801 0.13163911
v -0.07057627 0.04305632 0.13163320
v -0.07053723 0.04307516 0.13164481
v -0.07060921 0.04300090 0.13161671
v -0.07062229 0.04299113 0.13166491
v -0.07067308 0.04296773 0.13177410
v -0.07078389 0.04293786 0.13189980
v -0.07070051 0.04295870 0.13181400
v -0.07082281 0.04293033 0.13192831
v -0.07092849 0.04291461 0.13198160
v -0.07097636 0.04290933 0.13199631
v -0.07059050 0.04304689 0.13168491
v -0.07057251 0.04305850 0.13169260
v -0.07064543 0.04302436 0.13180190
v -0.07062906 0.04303575 0.13181400
v -0.07067499 0.04301567 0.13184441
v -0.07065957 0.04302698 0.13185831
v -0.07076456 0.04299569 0.13193610
v -0.07075222 0.04300678 0.13195360
v -0.07080627 0.04298849 0.13196651
v -0.07079542 0.04299950 0.13198531
v -0.07091931 0.04297347 0.13202311
v -0.07091265 0.04298429 0.13204430
v -0.07097045 0.04296844 0.13203881
v -0.07096572 0.04297920 0.13206071
v -0.07055220 0.04306545 0.13170031
v -0.07061046 0.04304218 0.13182671
v -0.07064200 0.04303320 0.13187270
v -0.07073799 0.04301248 0.13197220
v -0.07078284 0.04300500 0.13200530
v -0.07090477 0.04298937 0.13206721
v -0.07096003 0.04298413 0.13208440
v -0.07109201 0.04289322 0.13201081
v -0.07109230 0.04290067 0.13201171
v -0.07066806 0.04298939 0.13178141
v -0.07069604 0.04298056 0.13182160
v -0.07078087 0.04296020 0.13190841
v -0.07082038 0.04295285 0.13193720
v -0.07092749 0.04293753 0.13199071
v -0.07097593 0.04293239 0.13200561
v -0.07109317 0.04292397 0.13202100
v -0.07060530 0.04303122 0.13167740
v -0.07065866 0.04300862 0.13179081
v -0.07068737 0.04299990 0.13183201
v -0.07077430 0.04297985 0.13192071
v -0.07081476 0.04297263 0.13195011
v -0.07092437 0.04295755 0.13200490
v -0.07097393 0.04295251 0.13202001
v -0.07109378 0.04294423 0.13203580
v -0.07109397 0.04295222 0.13204540
v -0.07109414 0.04296020 0.13205511
v -0.07109421 0.04297085 0.13207781
v -0.07109398 0.04297552 0.13210241
v -0.07109383 0.04297504 0.13211001
v -0.07775444 0.02562483 0.13071181
v -0.07769783 0.02569565 0.13067121
v -0.07771728 0.02568546 0.13068500
v -0.07773389 0.02566950 0.13069680
v -0.07774656 0.02564883 0.13070600
v -0.07749610 0.02569918 0.13094851
v -0.07751503 0.02568903 0.13096300
v -0.07753122 0.02567311 0.13097541
v -0.07754358 0.02565249 0.13098501
v -0.07755127 0.02562855 0.13099111
v -0.07148275 0.04294648 0.13213471
v -0.07561039 0.04234145 0.13222121
v -0.07454332 0.04261464 0.13217631
v -0.07655564 0.04166944 0.13212801
v -0.07654693 0.04173279 0.13212751
v -0.07652832 0.04172785 0.13211431
v -0.07657286 0.04173974 0.13216550
v -0.07658239 0.04166945 0.13216640
v -0.07658831 0.04166944 0.13218920
v -0.07657129 0.04166944 0.13214561
v -0.07656206 0.04173683 0.13214490
v -0.07655066 0.04179763 0.13216350
v -0.07653630 0.04166944 0.13211460
v -0.07650721 0.04172229 0.13210581
v -0.07651433 0.04166943 0.13210601
v -0.07656508 0.04173812 0.13225561
v -0.07654355 0.04175720 0.13227271
v -0.07654536 0.04179581 0.13225251
v -0.07652629 0.04185135 0.13218270
v -0.07655642 0.04180059 0.13218560
v -0.07657875 0.04174139 0.13218810
v -0.07658876 0.04166944 0.13221281
v -0.07648990 0.04176780 0.13210551
v -0.07650930 0.04177722 0.13211361
v -0.07652646 0.04178563 0.13212650
v -0.07654049 0.04179255 0.13214341
v -0.07645733 0.04193500 0.13219860
v -0.07652768 0.04185258 0.13220521
v -0.07655745 0.04180128 0.13220870
v -0.07657938 0.04174166 0.13221151
v -0.07658366 0.04166944 0.13223580
v -0.07646548 0.04180880 0.13210491
v -0.07648295 0.04182086 0.13211280
v -0.07649850 0.04183164 0.13212520
v -0.07651131 0.04184061 0.13214161
v -0.07652073 0.04184729 0.13216111
v -0.07624701 0.04208880 0.13220621
v -0.07645584 0.04193386 0.13222031
v -0.07652485 0.04185091 0.13222761
v -0.07655368 0.04179965 0.13223141
v -0.07657476 0.04174055 0.13223441
v -0.07657332 0.04166943 0.13225690
v -0.07640448 0.04187893 0.13210371
v -0.07641877 0.04189377 0.13211100
v -0.07643159 0.04190716 0.13212261
v -0.07644229 0.04191845 0.13213801
v -0.07645040 0.04192710 0.13215641
v -0.07645549 0.04193271 0.13217690
v -0.07651793 0.04184643 0.13224871
v -0.07645109 0.04192934 0.13224120
v -0.07640078 0.04195468 0.13225710
v -0.07624482 0.04208563 0.13222640
v -0.07602427 0.04219819 0.13221621
v -0.07620897 0.04202029 0.13210001
v -0.07621872 0.04203722 0.13210641
v -0.07622754 0.04205267 0.13211671
v -0.07623507 0.04206602 0.13213041
v -0.07624099 0.04207669 0.13214690
v -0.07624507 0.04208423 0.13216561
v -0.07624710 0.04208832 0.13218560
v -0.07599483 0.04212689 0.13209611
v -0.07600239 0.04214423 0.13210210
v -0.07600927 0.04216017 0.13211161
v -0.07601522 0.04217410 0.13212441
v -0.07601996 0.04218546 0.13214001
v -0.07602334 0.04219381 0.13215760
v -0.07602523 0.04219882 0.13217670
v -0.07602553 0.04220030 0.13219651
v -0.07617477 0.04211309 0.13224221
v -0.07568261 0.04224690 0.13209061
v -0.07568843 0.04226433 0.13209611
v -0.07569374 0.04228046 0.13210511
v -0.07569838 0.04229467 0.13211721
v -0.07570211 0.04230646 0.13213181
v -0.07570485 0.04231539 0.13214861
v -0.07570649 0.04232112 0.13216691
v -0.07570694 0.04232345 0.13218590
v -0.07570621 0.04232229 0.13220510
v -0.07562186 0.04233855 0.13222150
v -0.07452990 0.04253454 0.13207021
v -0.07453309 0.04255179 0.13207531
v -0.07453602 0.04256789 0.13208341
v -0.07453857 0.04258227 0.13209431
v -0.07454066 0.04259447 0.13210770
v -0.07454222 0.04260408 0.13212321
v -0.07454320 0.04261077 0.13214011
v -0.07454358 0.04261433 0.13215801
v -0.07281672 0.04277225 0.13204030
v -0.07281834 0.04278930 0.13204500
v -0.07281980 0.04280526 0.13205260
v -0.07282106 0.04281961 0.13206301
v -0.07282206 0.04283193 0.13207581
v -0.07282277 0.04284180 0.13209051
v -0.07282320 0.04284892 0.13210680
v -0.07282331 0.04285307 0.13212411
v -0.07282310 0.04285411 0.13214181
v -0.07167464 0.04293295 0.13213821
v -0.07436274 0.04263679 0.13219060
v -0.07401754 0.04268503 0.13218360
v -0.07265635 0.04286374 0.13215641
v -0.07109201 0.04289322 0.13201081
v -0.07722303 0.02570394 0.13129430
v -0.07724131 0.02569380 0.13130961
v -0.07725692 0.02567788 0.13132270
v -0.07726883 0.02565726 0.13133280
v -0.07727623 0.02563331 0.13133930
v -0.07698687 0.02562808 0.13167591
v -0.07698597 0.02563834 0.13167490
v -0.07697885 0.02566229 0.13166811
v -0.07696741 0.02568292 0.13165751
v -0.07695840 0.02569247 0.13164921
v -0.07695240 0.02569883 0.13164361
v -0.07692723 0.02571044 0.13162070
v -0.07693481 0.02570897 0.13162751
v -0.07486676 0.03218739 0.13223661
v -0.07476675 0.03150134 0.13223591
v -0.07564293 0.02763037 0.13225980
v -0.07641677 0.02630310 0.13225471
v -0.07554570 0.02783057 0.13224061
v -0.07642054 0.02630407 0.13224961
v -0.07643193 0.02630695 0.13221880
v -0.07642726 0.02630578 0.13223371
v -0.07555535 0.02783530 0.13221941
v -0.07642508 0.02630524 0.13224071
v -0.07642073 0.02630413 0.13224930
v -0.07643303 0.02630721 0.13221081
v -0.07556028 0.02783762 0.13219620
v -0.07643332 0.02630728 0.13220861
v -0.07643325 0.02630724 0.13220591
v -0.07642640 0.02630524 0.13216440
v -0.07643074 0.02630644 0.13217600
v -0.07556022 0.02783737 0.13217251
v -0.07643264 0.02630699 0.13218560
v -0.07643268 0.02630701 0.13218720
v -0.07641569 0.02630230 0.13214350
v -0.07641798 0.02630292 0.13214631
v -0.07555517 0.02783459 0.13214941
v -0.07642258 0.02630418 0.13215430
v -0.07642514 0.02630489 0.13216111
v -0.07641389 0.02630181 0.13214130
v -0.07554541 0.02782942 0.13212841
v -0.07640301 0.02629886 0.13212801
v -0.07640026 0.02629812 0.13212560
v -0.07551420 0.02781323 0.13209690
v -0.07637944 0.02629253 0.13211161
v -0.07638064 0.02629285 0.13211240
v -0.07635872 0.02628700 0.13210401
v -0.07636737 0.02628930 0.13210590
v -0.07637580 0.02629155 0.13210941
v -0.07635804 0.02628681 0.13210381
v -0.07549453 0.02780311 0.13208831
v -0.07634365 0.02628298 0.13210061
v -0.07633818 0.02628152 0.13210021
v -0.07651497 0.04036434 0.13210601
v -0.07653693 0.04036441 0.13211460
v -0.07655626 0.04036446 0.13212801
v -0.07657193 0.04036450 0.13214561
v -0.07658303 0.04036454 0.13216640
v -0.07658895 0.04036456 0.13218920
v -0.07658940 0.04036456 0.13221281
v -0.07658430 0.04036455 0.13223580
v -0.07657396 0.04036452 0.13225701
v -0.07491324 0.02943864 0.13225400
v -0.07485170 0.02973182 0.13223641
v -0.07506375 0.02895332 0.13223751
v -0.07514087 0.02873108 0.13225571
v -0.07485170 0.02973182 0.13223641
v -0.07481031 0.02994748 0.13225330
v -0.07473633 0.03080227 0.13223571
v -0.07473278 0.03114415 0.13225271
v -0.07520819 0.03353537 0.13223951
v -0.07491368 0.03244508 0.13225431
v -0.07485421 0.03221100 0.13225370
v -0.07526805 0.03378497 0.13225800
v -0.07589746 0.03580815 0.13226571
v -0.07604087 0.03621706 0.13224921
v -0.07651375 0.03895002 0.13227441
v -0.07656110 0.03931164 0.13225681
v -0.07646791 0.03826736 0.13225530
v -0.07629007 0.03723618 0.13225271
v -0.07631768 0.03748556 0.13227151
v -0.07657143 0.03931118 0.13223560
v -0.07647821 0.03826604 0.13223421
v -0.07630040 0.03723408 0.13223151
v -0.07605130 0.03621430 0.13222811
v -0.07521997 0.03353196 0.13221841
v -0.07487980 0.03218500 0.13221561
v -0.07478032 0.03150006 0.13221500
v -0.07475006 0.03080246 0.13221480
v -0.07486471 0.02973437 0.13221531
v -0.07507557 0.02895717 0.13221641
v -0.07657653 0.03931097 0.13221261
v -0.07648333 0.03826542 0.13221111
v -0.07630555 0.03723308 0.13220850
v -0.07605664 0.03621296 0.13220501
v -0.07522651 0.03353013 0.13219491
v -0.07488736 0.03218366 0.13219201
v -0.07478826 0.03149932 0.13219131
v -0.07475815 0.03080257 0.13219111
v -0.07487224 0.02973581 0.13219170
v -0.07508217 0.02895925 0.13219291
v -0.07657609 0.03931101 0.13218900
v -0.07648294 0.03826552 0.13218761
v -0.07630529 0.03723322 0.13218481
v -0.07605655 0.03621310 0.13218120
v -0.07522741 0.03352999 0.13217060
v -0.07488894 0.03218344 0.13216721
v -0.07479013 0.03149919 0.13216640
v -0.07476011 0.03080259 0.13216621
v -0.07487384 0.02973604 0.13216691
v -0.07508317 0.02895944 0.13216851
v -0.07657017 0.03931130 0.13216621
v -0.07647712 0.03826635 0.13216471
v -0.07629959 0.03723451 0.13216190
v -0.07605104 0.03621471 0.13215810
v -0.07522261 0.03353155 0.13214670
v -0.07488449 0.03218436 0.13214281
v -0.07478579 0.03149965 0.13214181
v -0.07475582 0.03080252 0.13214150
v -0.07486940 0.02973506 0.13214251
v -0.07507850 0.02895773 0.13214451
v -0.07655909 0.03931182 0.13214541
v -0.07646611 0.03826784 0.13214391
v -0.07628878 0.03723687 0.13214101
v -0.07604043 0.03621772 0.13213700
v -0.07521241 0.03353472 0.13212470
v -0.07487426 0.03218637 0.13212031
v -0.07477552 0.03150069 0.13211901
v -0.07474553 0.03080237 0.13211870
v -0.07485920 0.02973292 0.13212000
v -0.07506845 0.02895423 0.13212241
v -0.07654345 0.03931255 0.13212781
v -0.07645060 0.03826993 0.13212621
v -0.07627346 0.03724016 0.13212331
v -0.07602534 0.03622193 0.13211921
v -0.07519741 0.03353929 0.13210601
v -0.07485888 0.03218932 0.13210100
v -0.07475994 0.03150224 0.13209951
v -0.07472988 0.03080215 0.13209911
v -0.07484386 0.02972976 0.13210070
v -0.07505363 0.02894913 0.13210361
v -0.07553148 0.02782217 0.13211051
v -0.07639628 0.02629705 0.13212211
v -0.07652414 0.03931344 0.13211440
v -0.07643142 0.03827248 0.13211280
v -0.07625450 0.03724422 0.13210970
v -0.07600660 0.03622713 0.13210551
v -0.07517850 0.03354502 0.13209171
v -0.07483931 0.03219306 0.13208611
v -0.07474005 0.03150419 0.13208460
v -0.07470987 0.03080187 0.13208411
v -0.07482434 0.02972577 0.13208591
v -0.07503492 0.02894275 0.13208921
v -0.07650219 0.03931446 0.13210581
v -0.07640963 0.03827537 0.13210421
v -0.07623294 0.03724879 0.13210111
v -0.07598527 0.03623302 0.13209681
v -0.07515683 0.03355155 0.13208251
v -0.07481675 0.03219734 0.13207671
v -0.07471708 0.03150645 0.13207500
v -0.07468676 0.03080154 0.13207450
v -0.07480183 0.02972119 0.13207641
v -0.07501340 0.02893547 0.13208001
v -0.07635888 0.02622271 0.13210331
v -0.07638092 0.02622271 0.13211190
v -0.07636802 0.02613980 0.13209670
v -0.07640031 0.02622271 0.13212551
v -0.07638955 0.02614217 0.13210581
v -0.07641597 0.02622271 0.13214330
v -0.07640850 0.02614327 0.13211960
v -0.07642702 0.02622271 0.13216421
v -0.07642385 0.02614304 0.13213730
v -0.07643284 0.02622271 0.13218720
v -0.07643474 0.02614148 0.13215810
v -0.07642779 0.02622271 0.13223391
v -0.07643310 0.02622271 0.13221081
v -0.07644107 0.02613480 0.13220380
v -0.07641722 0.02622271 0.13225510
v -0.07643615 0.02613005 0.13222620
v -0.07642611 0.02612470 0.13224680
v -0.07637722 0.02610497 0.13208980
v -0.07635797 0.02609312 0.13208291
v -0.07641336 0.02602041 0.13206220
v -0.07643151 0.02599000 0.13204810
v -0.07642076 0.02597196 0.13203361
v -0.07650599 0.02589813 0.13198900
v -0.07651774 0.02586755 0.13195540
v -0.07658786 0.02582917 0.13192191
v -0.07664032 0.02578867 0.13185311
v -0.07672554 0.02575452 0.13180410
v -0.07644928 0.02609760 0.13219640
v -0.07644475 0.02609103 0.13221831
v -0.07648227 0.02600621 0.13216660
v -0.07647902 0.02599583 0.13218650
v -0.07649907 0.02597294 0.13215121
v -0.07649637 0.02596144 0.13217020
v -0.07656930 0.02587117 0.13208591
v -0.07656845 0.02585709 0.13210160
v -0.07664791 0.02579362 0.13201061
v -0.07664854 0.02577840 0.13202361
v -0.07678194 0.02570857 0.13187781
v -0.07678437 0.02569300 0.13188671
v -0.07681610 0.02569395 0.13184301
v -0.07681890 0.02567846 0.13185100
v -0.07643521 0.02608362 0.13223821
v -0.07647121 0.02598423 0.13220431
v -0.07648933 0.02594863 0.13218711
v -0.07656391 0.02584160 0.13211530
v -0.07664601 0.02576183 0.13203440
v -0.07678434 0.02567631 0.13189371
v -0.07681939 0.02566193 0.13185720
v -0.07676039 0.02574184 0.13177331
v -0.07639825 0.02610814 0.13209931
v -0.07643280 0.02602473 0.13207300
v -0.07645028 0.02599443 0.13205941
v -0.07652259 0.02590187 0.13200161
v -0.07660276 0.02583140 0.13193500
v -0.07673848 0.02575402 0.13181670
v -0.07677295 0.02574068 0.13178571
v -0.07641681 0.02610956 0.13211330
v -0.07645008 0.02602634 0.13208761
v -0.07646699 0.02599589 0.13207421
v -0.07653754 0.02590218 0.13201661
v -0.07661634 0.02583018 0.13194961
v -0.07675048 0.02575040 0.13182981
v -0.07678464 0.02573654 0.13179830
v -0.07643190 0.02610914 0.13213111
v -0.07646428 0.02602517 0.13210520
v -0.07648082 0.02599433 0.13209160
v -0.07655018 0.02589905 0.13203330
v -0.07662807 0.02582554 0.13196500
v -0.07676115 0.02574379 0.13184290
v -0.07679512 0.02572954 0.13181060
v -0.07644268 0.02610692 0.13215160
v -0.07647470 0.02602127 0.13212490
v -0.07649109 0.02598981 0.13211091
v -0.07655996 0.02589263 0.13205091
v -0.07663747 0.02581767 0.13198081
v -0.07677015 0.02573439 0.13185551
v -0.07680401 0.02571989 0.13182250
v -0.07644059 0.02613868 0.13218061
v -0.07644860 0.02610300 0.13217380
v -0.07648079 0.02601484 0.13214571
v -0.07649727 0.02598256 0.13213120
v -0.07656643 0.02588319 0.13206870
v -0.07664418 0.02580689 0.13199621
v -0.07677714 0.02572252 0.13186721
v -0.07681108 0.02570790 0.13183330
v -0.07633818 0.02628152 0.13210021
v -0.07634365 0.02628298 0.13210061
v -0.07635804 0.02628681 0.13210381
v -0.07638064 0.02629285 0.13211240
v -0.07637944 0.02629253 0.13211161
v -0.07637580 0.02629155 0.13210941
v -0.07636737 0.02628930 0.13210590
v -0.07635872 0.02628700 0.13210401
v -0.07639628 0.02629705 0.13212211
v -0.07640026 0.02629812 0.13212560
v -0.07640301 0.02629886 0.13212801
v -0.07641389 0.02630181 0.13214130
v -0.07642514 0.02630489 0.13216111
v -0.07642258 0.02630418 0.13215430
v -0.07641798 0.02630292 0.13214631
v -0.07641569 0.02630230 0.13214350
v -0.07643268 0.02630701 0.13218720
v -0.07643264 0.02630699 0.13218560
v -0.07643074 0.02630644 0.13217600
v -0.07642640 0.02630524 0.13216440
v -0.07643325 0.02630724 0.13220591
v -0.07643332 0.02630728 0.13220861
v -0.07643193 0.02630695 0.13221880
v -0.07643303 0.02630721 0.13221081
v -0.07642073 0.02630413 0.13224930
v -0.07642508 0.02630524 0.13224071
v -0.07642726 0.02630578 0.13223371
v -0.07640696 0.02630056 0.13226810
v -0.07641677 0.02630310 0.13225471
v -0.07642054 0.02630407 0.13224961
v -0.07963700 0.04026627 0.12577550
v -0.07944327 0.03726992 0.12577891
v -0.07916765 0.03569879 0.12578390
v -0.07862446 0.03295514 0.12579391
v -0.07853067 0.03221048 0.12577190
v -0.07849892 0.03200955 0.12579621
v -0.07950602 0.02629475 0.12581331
v -0.07950101 0.02629377 0.12581830
v -0.07906791 0.02738497 0.12582600
v -0.07947116 0.02628797 0.12583790
v -0.07945819 0.02628546 0.12584160
v -0.07902806 0.02736982 0.12584991
v -0.07943718 0.02628141 0.12584571
v -0.07909240 0.02739446 0.12578490
v -0.07953193 0.02629993 0.12575341
v -0.07953067 0.02629965 0.12576330
v -0.07952663 0.02629883 0.12577681
v -0.07945810 0.02628544 0.12584170
v -0.07944812 0.02628351 0.12584460
v -0.07948095 0.02628986 0.12583301
v -0.07947989 0.02628966 0.12583371
v -0.07904937 0.02737790 0.12584061
v -0.07950078 0.02629372 0.12581850
v -0.07949927 0.02629343 0.12582001
v -0.07951971 0.02629744 0.12579430
v -0.07951632 0.02629677 0.12579901
v -0.07908255 0.02739060 0.12580710
v -0.07951606 0.02629672 0.12579931
v -0.07952646 0.02629880 0.12577730
v -0.07952396 0.02629829 0.12578560
v -0.07902050 0.02762949 0.12576230
v -0.07879190 0.02831157 0.12579061
v -0.07870318 0.02873084 0.12576841
v -0.07857315 0.02928921 0.12579481
v -0.07849868 0.02994782 0.12577241
v -0.07846556 0.03017995 0.12579690
v -0.07844242 0.03108701 0.12579731
v -0.07872570 0.02829287 0.12585521
v -0.07850544 0.02927753 0.12585901
v -0.07839705 0.03017493 0.12586091
v -0.07837378 0.03108839 0.12586130
v -0.07843058 0.03201649 0.12586040
v -0.07874757 0.02829899 0.12584601
v -0.07852775 0.02928134 0.12584991
v -0.07841961 0.03017657 0.12585180
v -0.07839637 0.03108794 0.12585221
v -0.07845308 0.03201423 0.12585120
v -0.07876661 0.02830435 0.12583150
v -0.07854721 0.02928468 0.12583551
v -0.07843927 0.03017800 0.12583751
v -0.07841608 0.03108754 0.12583790
v -0.07847271 0.03201224 0.12583690
v -0.07878170 0.02830862 0.12581270
v -0.07856266 0.02928736 0.12581681
v -0.07845489 0.03017915 0.12581881
v -0.07843174 0.03108723 0.12581920
v -0.07848829 0.03201065 0.12581821
v -0.07845100 0.03114417 0.12577341
v -0.07855664 0.03296627 0.12585811
v -0.07857901 0.03296264 0.12584901
v -0.07859849 0.03295945 0.12583461
v -0.07861396 0.03295690 0.12581581
v -0.07878823 0.03385789 0.12579081
v -0.07877781 0.03386002 0.12581280
v -0.07876245 0.03386312 0.12583160
v -0.07874308 0.03386699 0.12584611
v -0.07872082 0.03387141 0.12585531
v -0.07915728 0.03570094 0.12580601
v -0.07914193 0.03570408 0.12582490
v -0.07912252 0.03570801 0.12583941
v -0.07910023 0.03571250 0.12584861
v -0.07937519 0.03727993 0.12584381
v -0.07939772 0.03727665 0.12583451
v -0.07941732 0.03727378 0.12582001
v -0.07943280 0.03727149 0.12580111
v -0.07950036 0.03769535 0.12577791
v -0.07948987 0.03769669 0.12580011
v -0.07947433 0.03769865 0.12581901
v -0.07945469 0.03770110 0.12583351
v -0.07943209 0.03770391 0.12584280
v -0.07961280 0.03896185 0.12577591
v -0.07960225 0.03896243 0.12579811
v -0.07958661 0.03896328 0.12581701
v -0.07956682 0.03896434 0.12583160
v -0.07954409 0.03896555 0.12584090
v -0.07962645 0.04026625 0.12579770
v -0.07961077 0.04026622 0.12581660
v -0.07959096 0.04026619 0.12583121
v -0.07956820 0.04026615 0.12584041
v -0.07956756 0.04166942 0.12584051
v -0.07959032 0.04166942 0.12583121
v -0.07961013 0.04166942 0.12581660
v -0.07962580 0.04166942 0.12579770
v -0.07963637 0.04166942 0.12577550
v -0.07956694 0.04168793 0.12584051
v -0.07958966 0.04168949 0.12583121
v -0.07960942 0.04169084 0.12581660
v -0.07962503 0.04169193 0.12579770
v -0.07963559 0.04169267 0.12577550
v -0.07331774 0.04341506 0.12587990
v -0.07109269 0.04352724 0.12591871
v -0.07553453 0.04318500 0.12584141
v -0.07663391 0.04300998 0.12582251
v -0.07772390 0.04277311 0.12580381
v -0.07820269 0.04262037 0.12577061
v -0.07879750 0.04242128 0.12578590
v -0.07930693 0.04214647 0.12577830
v -0.07942595 0.04205198 0.12577681
v -0.07953402 0.04193673 0.12577581
v -0.07958076 0.04186671 0.12577550
v -0.07961721 0.04178519 0.12577550
v -0.07960723 0.04178175 0.12579770
v -0.07957171 0.04186135 0.12579800
v -0.07952588 0.04193013 0.12579841
v -0.07941922 0.04204404 0.12579960
v -0.07930120 0.04213783 0.12580131
v -0.07879381 0.04241169 0.12580920
v -0.07772174 0.04276313 0.12582731
v -0.07663247 0.04299988 0.12584611
v -0.07553354 0.04317486 0.12586510
v -0.07331739 0.04340489 0.12590361
v -0.07109281 0.04351705 0.12594240
v -0.07959238 0.04177672 0.12581681
v -0.07955815 0.04185347 0.12581711
v -0.07951358 0.04192035 0.12581771
v -0.07940887 0.04203215 0.12581911
v -0.07929232 0.04212479 0.12582091
v -0.07878791 0.04239701 0.12582921
v -0.07771814 0.04274768 0.12584740
v -0.07662993 0.04298422 0.12586631
v -0.07553173 0.04315908 0.12588540
v -0.07331657 0.04338901 0.12592390
v -0.07109273 0.04350113 0.12596271
v -0.07957355 0.04177039 0.12583140
v -0.07954087 0.04184352 0.12583181
v -0.07949787 0.04190798 0.12583250
v -0.07939558 0.04201706 0.12583410
v -0.07928083 0.04210820 0.12583600
v -0.07878019 0.04237819 0.12584450
v -0.07771331 0.04272780 0.12586291
v -0.07662649 0.04296400 0.12588180
v -0.07552920 0.04313870 0.12590091
v -0.07331531 0.04336848 0.12593950
v -0.07109243 0.04348054 0.12597831
v -0.07955191 0.04176316 0.12584070
v -0.07952096 0.04183214 0.12584121
v -0.07947970 0.04189380 0.12584191
v -0.07938018 0.04199973 0.12584360
v -0.07926747 0.04208909 0.12584550
v -0.07877111 0.04235646 0.12585411
v -0.07770759 0.04270479 0.12587260
v -0.07662236 0.04294058 0.12589161
v -0.07552613 0.04311507 0.12591070
v -0.07331372 0.04334466 0.12594931
v -0.07109193 0.04345666 0.12598810
v -0.07950602 0.02629475 0.12581331
v -0.07951606 0.02629672 0.12579931
v -0.07951651 0.02616863 0.12579960
v -0.07953067 0.02629965 0.12576330
v -0.07952707 0.02616863 0.12577750
v -0.07952663 0.02629883 0.12577681
v -0.07951971 0.02629744 0.12579430
v -0.07952396 0.02629829 0.12578560
v -0.07952646 0.02629880 0.12577730
v -0.07951632 0.02629677 0.12579901
v -0.07948104 0.02616863 0.12583311
v -0.07949927 0.02629343 0.12582001
v -0.07950084 0.02616863 0.12581861
v -0.07950078 0.02629372 0.12581850
v -0.07950101 0.02629377 0.12581830
v -0.07947116 0.02628797 0.12583790
v -0.07947989 0.02628966 0.12583371
v -0.07948095 0.02628986 0.12583301
v -0.07945829 0.02616863 0.12584241
v -0.07943718 0.02628141 0.12584571
v -0.07944812 0.02628351 0.12584460
v -0.07945810 0.02628544 0.12584170
v -0.07945819 0.02628546 0.12584160
v -0.07050377 0.04353136 0.12646991
v -0.07053550 0.04352951 0.12639660
v -0.07060385 0.04345896 0.12640671
v -0.07072982 0.04346322 0.12615040
v -0.07090950 0.04346142 0.12602550
v -0.07102492 0.04345868 0.12599370
v -0.07102402 0.04348252 0.12598401
v -0.07102217 0.04350309 0.12596850
v -0.07101950 0.04351901 0.12594851
v -0.07101619 0.04352924 0.12592511
v -0.07098169 0.04353372 0.12590841
v -0.07086380 0.04346222 0.12604690
v -0.07090616 0.04348521 0.12601641
v -0.07085950 0.04348599 0.12603831
v -0.07090062 0.04350575 0.12600200
v -0.07085248 0.04350652 0.12602460
v -0.07089319 0.04352168 0.12598331
v -0.07084320 0.04352246 0.12600670
v -0.07088443 0.04353197 0.12596151
v -0.07083226 0.04353276 0.12598591
v -0.07074311 0.04353739 0.12601731
v -0.07072052 0.04353372 0.12606360
v -0.07073607 0.04352341 0.12608121
v -0.07074937 0.04350747 0.12609621
v -0.07075953 0.04348695 0.12610770
v -0.07076590 0.04346320 0.12611500
v -0.07067932 0.04353375 0.12610400
v -0.07069661 0.04352343 0.12611991
v -0.07071138 0.04350749 0.12613351
v -0.07072271 0.04348698 0.12614390
v -0.07059962 0.04353288 0.12621431
v -0.07062021 0.04352259 0.12622571
v -0.07063787 0.04350664 0.12623530
v -0.07065143 0.04348611 0.12624251
v -0.07066001 0.04346235 0.12624701
v -0.07057418 0.04353213 0.12626610
v -0.07059584 0.04352185 0.12627531
v -0.07061442 0.04350591 0.12628300
v -0.07062870 0.04348538 0.12628891
v -0.07063771 0.04346159 0.12629240
v -0.07055883 0.04351928 0.12640040
v -0.07057882 0.04350336 0.12640340
v -0.07059418 0.04348279 0.12640561
v -0.07052726 0.04352696 0.12649411
v -0.07055098 0.04351678 0.12649380
v -0.07057132 0.04350086 0.12649331
v -0.07058689 0.04348028 0.12649280
v -0.07059668 0.04345639 0.12649211
v -0.07945730 0.02605046 0.12585641
v -0.07948912 0.02562310 0.12616701
v -0.07948854 0.02562645 0.12616801
v -0.07950206 0.02568308 0.12604831
v -0.07941668 0.02569352 0.12618281
v -0.07943383 0.02574245 0.12607850
v -0.07942020 0.02569289 0.12618300
v -0.07944318 0.02568282 0.12618220
v -0.07946302 0.02566771 0.12617930
v -0.07945662 0.02573327 0.12607511
v -0.07947847 0.02564852 0.12617451
v -0.07947634 0.02571972 0.12606871
v -0.07949179 0.02570264 0.12605951
v -0.07944815 0.02585449 0.12595251
v -0.07943875 0.02577096 0.12603750
v -0.07945115 0.02589534 0.12592300
v -0.07945607 0.02600215 0.12587060
v -0.07946146 0.02576235 0.12603310
v -0.07947078 0.02584764 0.12594591
v -0.07947377 0.02588937 0.12591571
v -0.07947873 0.02599851 0.12586201
v -0.07947998 0.02604788 0.12584740
v -0.07948117 0.02574971 0.12602521
v -0.07949044 0.02583765 0.12593510
v -0.07949343 0.02588068 0.12590391
v -0.07949842 0.02599322 0.12584840
v -0.07949971 0.02604412 0.12583340
v -0.07949663 0.02573381 0.12601440
v -0.07950595 0.02582513 0.12592081
v -0.07950895 0.02586980 0.12588840
v -0.07951400 0.02598659 0.12583071
v -0.07951529 0.02603941 0.12581501
v -0.07950695 0.02571562 0.12600130
v -0.07951636 0.02581083 0.12590381
v -0.07951941 0.02585737 0.12587001
v -0.07952449 0.02597902 0.12580990
v -0.07952581 0.02603404 0.12579361
v -0.07052726 0.04350998 0.12700310
v -0.07052365 0.04348831 0.12751340
v -0.07052727 0.04348778 0.12751330
v -0.07055101 0.04347760 0.12751281
v -0.07055099 0.04349980 0.12700271
v -0.07057132 0.04346170 0.12751211
v -0.07057132 0.04348389 0.12700210
v -0.07058689 0.04344112 0.12751111
v -0.07058689 0.04346331 0.12700130
v -0.07059668 0.04341725 0.12750991
v -0.07059668 0.04343943 0.12700030
v -0.07059716 0.04341361 0.12750970
v -0.07059668 0.04345340 0.12659370
v -0.07058689 0.04347729 0.12659450
v -0.07057132 0.04349788 0.12659511
v -0.07055098 0.04351379 0.12659560
v -0.07052726 0.04352397 0.12659591
v -0.07942002 0.02566096 0.12630270
v -0.07943851 0.02564865 0.12630401
v -0.07943093 0.02564676 0.12635541
v -0.07939144 0.02566691 0.12634991
v -0.07939933 0.02566889 0.12630070
v -0.07941231 0.02565910 0.12635280
v -0.07944635 0.02563055 0.12635760
v -0.07947242 0.02559245 0.12630321
v -0.07946466 0.02558988 0.12636020
v -0.07946538 0.02561352 0.12630430
v -0.07945778 0.02561126 0.12635921
v -0.07945388 0.02563257 0.12630461
v -0.07092641 0.04337555 0.12798041
v -0.07078033 0.04338541 0.12789651
v -0.07062091 0.04340434 0.12766031
v -0.07053582 0.04348264 0.12763051
v -0.07060813 0.04340754 0.12761140
v -0.07060118 0.04342856 0.12761400
v -0.07058982 0.04344744 0.12761741
v -0.07057460 0.04346324 0.12762140
v -0.07055629 0.04347517 0.12762581
v -0.07055046 0.04347945 0.12768670
v -0.07057048 0.04347205 0.12768001
v -0.07058835 0.04346015 0.12767370
v -0.07060318 0.04344434 0.12766810
v -0.07061422 0.04342542 0.12766360
v -0.07060691 0.04347166 0.12781170
v -0.07062501 0.04346442 0.12780031
v -0.07064112 0.04345258 0.12778991
v -0.07065441 0.04343675 0.12778081
v -0.07066420 0.04341773 0.12777370
v -0.07067002 0.04339648 0.12776880
v -0.07063926 0.04346834 0.12785971
v -0.07065622 0.04346118 0.12784650
v -0.07067128 0.04344937 0.12783451
v -0.07068370 0.04343352 0.12782410
v -0.07069279 0.04341446 0.12781591
v -0.07069812 0.04339315 0.12781041
v -0.07073387 0.04346066 0.12795901
v -0.07074746 0.04345365 0.12794201
v -0.07075944 0.04344191 0.12792650
v -0.07076924 0.04342604 0.12791331
v -0.07077632 0.04340687 0.12790320
v -0.07078013 0.04345759 0.12799341
v -0.07079203 0.04345065 0.12797510
v -0.07080249 0.04343893 0.12795851
v -0.07081102 0.04342305 0.12794430
v -0.07081713 0.04340384 0.12793341
v -0.07082051 0.04338230 0.12792641
v -0.07092460 0.04339723 0.12798810
v -0.07092105 0.04341653 0.12800020
v -0.07091590 0.04343244 0.12801610
v -0.07090948 0.04344409 0.12803501
v -0.07090210 0.04345088 0.12805581
v -0.07091832 0.04345135 0.12808501
v -0.07097433 0.04337303 0.12799541
v -0.07109185 0.04336516 0.12801101
v -0.07109193 0.04336804 0.12801131
v -0.07097322 0.04339476 0.12800321
v -0.07109246 0.04338988 0.12801931
v -0.07097078 0.04341410 0.12801571
v -0.07109283 0.04340929 0.12803211
v -0.07096720 0.04343001 0.12803211
v -0.07109292 0.04341726 0.12804061
v -0.07109302 0.04342522 0.12804900
v -0.07096263 0.04344165 0.12805161
v -0.07109302 0.04343681 0.12806920
v -0.07095732 0.04344838 0.12807311
v -0.07109283 0.04344343 0.12809151
v -0.07109278 0.04344359 0.12809441
v -0.07935469 0.02559189 0.12700171
v -0.07928229 0.02566882 0.12698661
v -0.07930292 0.02566102 0.12699080
v -0.07932132 0.02564871 0.12699460
v -0.07933657 0.02563251 0.12699781
v -0.07934787 0.02561325 0.12700020
v -0.07912076 0.02567165 0.12765441
v -0.07914103 0.02566387 0.12766011
v -0.07915911 0.02565159 0.12766521
v -0.07917408 0.02563543 0.12766951
v -0.07918521 0.02561620 0.12767271
v -0.07919192 0.02559488 0.12767470
v -0.07652777 0.04290122 0.12819141
v -0.07750761 0.04267114 0.12821010
v -0.07912288 0.04170014 0.12823310
v -0.07912429 0.04166943 0.12823321
v -0.07912479 0.04166943 0.12825670
v -0.07911689 0.04169956 0.12821041
v -0.07911831 0.04166943 0.12821041
v -0.07910582 0.04169852 0.12818970
v -0.07910718 0.04166943 0.12818970
v -0.07909024 0.04169707 0.12817211
v -0.07909153 0.04166943 0.12817220
v -0.07907100 0.04169529 0.12815871
v -0.07907222 0.04166943 0.12815880
v -0.07904919 0.04169329 0.12815021
v -0.07905030 0.04166943 0.12815031
v -0.07912339 0.04170023 0.12825661
v -0.07910834 0.04177560 0.12825530
v -0.07841286 0.04232872 0.12825161
v -0.07818023 0.04244946 0.12822401
v -0.07882281 0.04211948 0.12824091
v -0.07908063 0.04184338 0.12825321
v -0.07900557 0.04195413 0.12824860
v -0.07899759 0.04195707 0.12827071
v -0.07761358 0.04263602 0.12823331
v -0.07553884 0.04307265 0.12817330
v -0.07452618 0.04319055 0.12817571
v -0.07354831 0.04330322 0.12813770
v -0.07438546 0.04320687 0.12817321
v -0.07910765 0.04177526 0.12823191
v -0.07907972 0.04184270 0.12823011
v -0.07900432 0.04195275 0.12822600
v -0.07882142 0.04211705 0.12821911
v -0.07817914 0.04244574 0.12820321
v -0.07750679 0.04266695 0.12818961
v -0.07652721 0.04289671 0.12817130
v -0.07553849 0.04306797 0.12815331
v -0.07354822 0.04329837 0.12811780
v -0.07910180 0.04177332 0.12820940
v -0.07907409 0.04183963 0.12820791
v -0.07899923 0.04194810 0.12820441
v -0.07881726 0.04211082 0.12819831
v -0.07817647 0.04243800 0.12818360
v -0.07750483 0.04265876 0.12817051
v -0.07652584 0.04288824 0.12815250
v -0.07553752 0.04305934 0.12813471
v -0.07354779 0.04328960 0.12809940
v -0.07909112 0.04176990 0.12818891
v -0.07906406 0.04183432 0.12818770
v -0.07899057 0.04194045 0.12818491
v -0.07881051 0.04210109 0.12817980
v -0.07817235 0.04242660 0.12816620
v -0.07750180 0.04264693 0.12815360
v -0.07652372 0.04287615 0.12813581
v -0.07553596 0.04304713 0.12811820
v -0.07354702 0.04327729 0.12808311
v -0.07907619 0.04176517 0.12817161
v -0.07905018 0.04182707 0.12817071
v -0.07897874 0.04193017 0.12816860
v -0.07880152 0.04208833 0.12816431
v -0.07816695 0.04241205 0.12815171
v -0.07749787 0.04263198 0.12813950
v -0.07652092 0.04286097 0.12812211
v -0.07553392 0.04303186 0.12810461
v -0.07354592 0.04326194 0.12806971
v -0.07905783 0.04175939 0.12815841
v -0.07903318 0.04181825 0.12815771
v -0.07896440 0.04191780 0.12815610
v -0.07879069 0.04207316 0.12815250
v -0.07816053 0.04239500 0.12814091
v -0.07749315 0.04261454 0.12812900
v -0.07651758 0.04284335 0.12811181
v -0.07553144 0.04301417 0.12809441
v -0.07354457 0.04324419 0.12805970
v -0.07238430 0.04337066 0.12813750
v -0.07137024 0.04342879 0.12811960
v -0.07903704 0.04175289 0.12815000
v -0.07901397 0.04180835 0.12814951
v -0.07894826 0.04190398 0.12814831
v -0.07877858 0.04205631 0.12814521
v -0.07815335 0.04237623 0.12813410
v -0.07748790 0.04259540 0.12812241
v -0.07651382 0.04282404 0.12810540
v -0.07552864 0.04299480 0.12808811
v -0.07354300 0.04322479 0.12805341
v -0.07908055 0.02568857 0.12777550
v -0.07906787 0.02569729 0.12780321
v -0.07913465 0.02565488 0.12780011
v -0.07911740 0.02567218 0.12782611
v -0.07911969 0.02567047 0.12779171
v -0.07910994 0.02567980 0.12782141
v -0.07910134 0.02568190 0.12778331
v -0.07909153 0.02569086 0.12781231
v -0.07907064 0.02569714 0.12780411
v -0.07915139 0.02561477 0.12781521
v -0.07914148 0.02562228 0.12784930
v -0.07914139 0.02562503 0.12784830
v -0.07914540 0.02563598 0.12780800
v -0.07913556 0.02564597 0.12783990
v -0.07912488 0.02566456 0.12783071
v -0.07910134 0.02568190 0.12778331
v -0.07839596 0.02781816 0.12824451
v -0.07901047 0.02630083 0.12825301
v -0.07846682 0.02762978 0.12826861
v -0.07901008 0.02630076 0.12825501
v -0.07900918 0.02630049 0.12823151
v -0.07901078 0.02630085 0.12824320
v -0.07839007 0.02781582 0.12819811
v -0.07900473 0.02629953 0.12821081
v -0.07900763 0.02630014 0.12822010
v -0.07899274 0.02629704 0.12818790
v -0.07899417 0.02629733 0.12818990
v -0.07900370 0.02629931 0.12820881
v -0.07899205 0.02629690 0.12818700
v -0.07837963 0.02781204 0.12817731
v -0.07898857 0.02629618 0.12818221
v -0.07897674 0.02629377 0.12817071
v -0.07895756 0.02628987 0.12815740
v -0.07896383 0.02629114 0.12816030
v -0.07836486 0.02780676 0.12815970
v -0.07897155 0.02629271 0.12816570
v -0.07897612 0.02629364 0.12817011
v -0.07895704 0.02628977 0.12815711
v -0.07834661 0.02780029 0.12814620
v -0.07894211 0.02628675 0.12815011
v -0.07893584 0.02628548 0.12814841
v -0.07893557 0.02628543 0.12814831
v -0.07832589 0.02779298 0.12813761
v -0.07893290 0.02628489 0.12814751
v -0.07891568 0.02628142 0.12814521
v -0.07905105 0.04021429 0.12815031
v -0.07907296 0.04021432 0.12815880
v -0.07909228 0.04021435 0.12817220
v -0.07910794 0.04021437 0.12818970
v -0.07911906 0.04021439 0.12821050
v -0.07912503 0.04021440 0.12823321
v -0.07912555 0.04021440 0.12825670
v -0.07912036 0.04059254 0.12827970
v -0.07814643 0.02864087 0.12824160
v -0.07812256 0.02872881 0.12826461
v -0.07797136 0.02948910 0.12823971
v -0.07792746 0.02994841 0.12826261
v -0.07786454 0.03078276 0.12823861
v -0.07787767 0.03114355 0.12826211
v -0.07793320 0.03207414 0.12823931
v -0.07821646 0.03378502 0.12826621
v -0.07828006 0.03408117 0.12824381
v -0.07805606 0.03293547 0.12824091
v -0.07794668 0.03221070 0.12826281
v -0.07894152 0.03748614 0.12827680
v -0.07897857 0.03766612 0.12825431
v -0.07864409 0.03580881 0.12827221
v -0.07861373 0.03560760 0.12824860
v -0.07909378 0.03885385 0.12825620
v -0.07909101 0.03894965 0.12827921
v -0.07909328 0.03885391 0.12823270
v -0.07897811 0.03766624 0.12823081
v -0.07861341 0.03560775 0.12822501
v -0.07827997 0.03408127 0.12822001
v -0.07805619 0.03293552 0.12821691
v -0.07793346 0.03207416 0.12821540
v -0.07786489 0.03078276 0.12821450
v -0.07797155 0.02948907 0.12821581
v -0.07814637 0.02864076 0.12821790
v -0.07839563 0.02781790 0.12822091
v -0.07900895 0.02630044 0.12822980
v -0.07908732 0.03885430 0.12820991
v -0.07897220 0.03766706 0.12820800
v -0.07860770 0.03560905 0.12820211
v -0.07827439 0.03408255 0.12819701
v -0.07805070 0.03293651 0.12819370
v -0.07792804 0.03207481 0.12819201
v -0.07785947 0.03078269 0.12819111
v -0.07796611 0.02948815 0.12819240
v -0.07814088 0.02863925 0.12819471
v -0.07907622 0.03885501 0.12818920
v -0.07896119 0.03766855 0.12818731
v -0.07859688 0.03561143 0.12818120
v -0.07826365 0.03408493 0.12817591
v -0.07803994 0.03293841 0.12817240
v -0.07791722 0.03207606 0.12817060
v -0.07784862 0.03078257 0.12816961
v -0.07795533 0.02948641 0.12817110
v -0.07813025 0.02863644 0.12817361
v -0.07906060 0.03885600 0.12817171
v -0.07894567 0.03767062 0.12816970
v -0.07858158 0.03561474 0.12816350
v -0.07824834 0.03408827 0.12815801
v -0.07802449 0.03294109 0.12815441
v -0.07790165 0.03207783 0.12815241
v -0.07783297 0.03078240 0.12815131
v -0.07793985 0.02948393 0.12815301
v -0.07811509 0.02863248 0.12815571
v -0.07904132 0.03885721 0.12815821
v -0.07892650 0.03767316 0.12815630
v -0.07856263 0.03561883 0.12815000
v -0.07822934 0.03409238 0.12814431
v -0.07800526 0.03294441 0.12814051
v -0.07788221 0.03208002 0.12813851
v -0.07781338 0.03078218 0.12813730
v -0.07792057 0.02948087 0.12813911
v -0.07809623 0.02862760 0.12814200
v -0.07901944 0.03885858 0.12814971
v -0.07890475 0.03767603 0.12814771
v -0.07854110 0.03562343 0.12814141
v -0.07820771 0.03409704 0.12813561
v -0.07798334 0.03294816 0.12813170
v -0.07786004 0.03208250 0.12812960
v -0.07779103 0.03078194 0.12812841
v -0.07789856 0.02947739 0.12813030
v -0.07807479 0.02862208 0.12813331
v -0.07913420 0.02563106 0.12787440
v -0.07893586 0.02617773 0.12814831
v -0.07897715 0.02617773 0.12817031
v -0.07895781 0.02617773 0.12815681
v -0.07896099 0.02609075 0.12814951
v -0.07899282 0.02617773 0.12818790
v -0.07898021 0.02608956 0.12816291
v -0.07900391 0.02617773 0.12820870
v -0.07899578 0.02608745 0.12818030
v -0.07900985 0.02617773 0.12823151
v -0.07900685 0.02608452 0.12820070
v -0.07901030 0.02617773 0.12825501
v -0.07901282 0.02608093 0.12822310
v -0.07901336 0.02607689 0.12824621
v -0.07893921 0.02609094 0.12814080
v -0.07894458 0.02603579 0.12812810
v -0.07896257 0.02593053 0.12808411
v -0.07897474 0.02588249 0.12805361
v -0.07900567 0.02579488 0.12797391
v -0.07897313 0.02582539 0.12799740
v -0.07906038 0.02570523 0.12782461
v -0.07901218 0.02574573 0.12789551
v -0.07902135 0.02576237 0.12793220
v -0.07896617 0.02603542 0.12813680
v -0.07898359 0.02592955 0.12809301
v -0.07899540 0.02588107 0.12806251
v -0.07902552 0.02579232 0.12798250
v -0.07904084 0.02575924 0.12794060
v -0.07907909 0.02570078 0.12783191
v -0.07898523 0.02603345 0.12815000
v -0.07900222 0.02592594 0.12810561
v -0.07901377 0.02587663 0.12807480
v -0.07904332 0.02578619 0.12799351
v -0.07905838 0.02575241 0.12795080
v -0.07909607 0.02569257 0.12784011
v -0.07900071 0.02602999 0.12816711
v -0.07901749 0.02591989 0.12812151
v -0.07902893 0.02586940 0.12808980
v -0.07905822 0.02577679 0.12800631
v -0.07907318 0.02574221 0.12796251
v -0.07911063 0.02568094 0.12784881
v -0.07901179 0.02602522 0.12818700
v -0.07902862 0.02591173 0.12813970
v -0.07904010 0.02585975 0.12810680
v -0.07906952 0.02576456 0.12802041
v -0.07908452 0.02572909 0.12797500
v -0.07912214 0.02566639 0.12785770
v -0.07901786 0.02601941 0.12820881
v -0.07903503 0.02590187 0.12815920
v -0.07904673 0.02584816 0.12812490
v -0.07907666 0.02575009 0.12803501
v -0.07909192 0.02571366 0.12798801
v -0.07913010 0.02564952 0.12786631
v -0.07901860 0.02601286 0.12823110
v -0.07903637 0.02589082 0.12817910
v -0.07904847 0.02583522 0.12814330
v -0.07907933 0.02573406 0.12804951
v -0.07909504 0.02569663 0.12800060
v -0.07900595 0.02630000 0.12827581
v -0.07893584 0.02628548 0.12814841
v -0.07893557 0.02628543 0.12814831
v -0.07891568 0.02628142 0.12814521
v -0.07893290 0.02628489 0.12814751
v -0.07894211 0.02628675 0.12815011
v -0.07895704 0.02628977 0.12815711
v -0.07897674 0.02629377 0.12817071
v -0.07897612 0.02629364 0.12817011
v -0.07897155 0.02629271 0.12816570
v -0.07896383 0.02629114 0.12816030
v -0.07895756 0.02628987 0.12815740
v -0.07898857 0.02629618 0.12818221
v -0.07899205 0.02629690 0.12818700
v -0.07899417 0.02629733 0.12818990
v -0.07899274 0.02629704 0.12818790
v -0.07900895 0.02630044 0.12822980
v -0.07900763 0.02630014 0.12822010
v -0.07900473 0.02629953 0.12821081
v -0.07900370 0.02629931 0.12820881
v -0.07901008 0.02630076 0.12825501
v -0.07901047 0.02630083 0.12825301
v -0.07901078 0.02630085 0.12824320
v -0.07900918 0.02630049 0.12823151
v -0.07912027 0.04059254 0.12172030
v -0.07912540 0.04029889 0.12174331
v -0.07899411 0.03778804 0.12174541
v -0.07894715 0.03748520 0.12172310
v -0.07892229 0.03726847 0.12174660
v -0.07891568 0.02628142 0.12185480
v -0.07893576 0.02628547 0.12185141
v -0.07893548 0.02628541 0.12185151
v -0.07890857 0.02634999 0.12185231
v -0.07893290 0.02628489 0.12185241
v -0.07895778 0.02628991 0.12184311
v -0.07895546 0.02628944 0.12184440
v -0.07892860 0.02635843 0.12184391
v -0.07897680 0.02629378 0.12182931
v -0.07897612 0.02629364 0.12182981
v -0.07894629 0.02636594 0.12183081
v -0.07896383 0.02629114 0.12183970
v -0.07896070 0.02637210 0.12181360
v -0.07898230 0.02629490 0.12182480
v -0.07898857 0.02629618 0.12181781
v -0.07900104 0.02629876 0.12179800
v -0.07899232 0.02629696 0.12181180
v -0.07899170 0.02629683 0.12181280
v -0.07900473 0.02629953 0.12178921
v -0.07900383 0.02629934 0.12179130
v -0.07897103 0.02637657 0.12179320
v -0.07900328 0.02629922 0.12179271
v -0.07901011 0.02630068 0.12176661
v -0.07900965 0.02630059 0.12176851
v -0.07897673 0.02637912 0.12177080
v -0.07900924 0.02630050 0.12177021
v -0.07897750 0.02637961 0.12174750
v -0.07901078 0.02630085 0.12175680
v -0.07900850 0.02630048 0.12173371
v -0.07900962 0.02630066 0.12174511
v -0.07900982 0.02630070 0.12174711
v -0.07845765 0.02764673 0.12175471
v -0.07817376 0.02853647 0.12175801
v -0.07812700 0.02872968 0.12173530
v -0.07797136 0.02948910 0.12176031
v -0.07791397 0.02994765 0.12173761
v -0.07788486 0.03026102 0.12176121
v -0.07786744 0.03114263 0.12176140
v -0.07792945 0.03204011 0.12176070
v -0.07794770 0.03221057 0.12173720
v -0.07806044 0.03296109 0.12175911
v -0.07821415 0.03378544 0.12173381
v -0.07824582 0.03391988 0.12175670
v -0.07864351 0.03574880 0.12175091
v -0.07838794 0.02762030 0.12186130
v -0.07810231 0.02851684 0.12186621
v -0.07789856 0.02947739 0.12186970
v -0.07781150 0.03025594 0.12187121
v -0.07779396 0.03114464 0.12187150
v -0.07785628 0.03204827 0.12187050
v -0.07798774 0.03297388 0.12186821
v -0.07817345 0.03393550 0.12186500
v -0.07857084 0.03576440 0.12185811
v -0.07884872 0.03727991 0.12185331
v -0.07840850 0.02762795 0.12185280
v -0.07812368 0.02852260 0.12185750
v -0.07792057 0.02948087 0.12186091
v -0.07783377 0.03025745 0.12186230
v -0.07781630 0.03114404 0.12186261
v -0.07787848 0.03204584 0.12186161
v -0.07800965 0.03297010 0.12185940
v -0.07819510 0.03393091 0.12185631
v -0.07859237 0.03575986 0.12184951
v -0.07887041 0.03727659 0.12184471
v -0.07842662 0.02763473 0.12183941
v -0.07814244 0.02852769 0.12184391
v -0.07793985 0.02948393 0.12184701
v -0.07785331 0.03025879 0.12184840
v -0.07783588 0.03114351 0.12184861
v -0.07789789 0.03204370 0.12184771
v -0.07802887 0.03296676 0.12184560
v -0.07821415 0.03392686 0.12184260
v -0.07861132 0.03575585 0.12183600
v -0.07888953 0.03727366 0.12183130
v -0.07844128 0.02764025 0.12182181
v -0.07815757 0.02853182 0.12182600
v -0.07795533 0.02948641 0.12182891
v -0.07786895 0.03025986 0.12183011
v -0.07785154 0.03114308 0.12183040
v -0.07791347 0.03204198 0.12182950
v -0.07804430 0.03296406 0.12182751
v -0.07822947 0.03392357 0.12182471
v -0.07862664 0.03575257 0.12181830
v -0.07890500 0.03727127 0.12181370
v -0.07845169 0.02764422 0.12180101
v -0.07816817 0.02853476 0.12180491
v -0.07796611 0.02948815 0.12180761
v -0.07787976 0.03026062 0.12180871
v -0.07786238 0.03114278 0.12180890
v -0.07792428 0.03204077 0.12180810
v -0.07805507 0.03296215 0.12180630
v -0.07824022 0.03392123 0.12180360
v -0.07863746 0.03575023 0.12179741
v -0.07891598 0.03726955 0.12179291
v -0.07845724 0.02764642 0.12177830
v -0.07817367 0.02853634 0.12178181
v -0.07797155 0.02948907 0.12178421
v -0.07788518 0.03026101 0.12178531
v -0.07786779 0.03114263 0.12178551
v -0.07792971 0.03204013 0.12178470
v -0.07806057 0.03296113 0.12178300
v -0.07824578 0.03391998 0.12178051
v -0.07864321 0.03574895 0.12177450
v -0.07892186 0.03726860 0.12177011
v -0.07864910 0.03580805 0.12172771
v -0.07892023 0.03779744 0.12185200
v -0.07894201 0.03779472 0.12184350
v -0.07896119 0.03779231 0.12183001
v -0.07897671 0.03779034 0.12181251
v -0.07898774 0.03778893 0.12179171
v -0.07899364 0.03778815 0.12176900
v -0.07910342 0.03902338 0.12174370
v -0.07910292 0.03902342 0.12176720
v -0.07909697 0.03902375 0.12178991
v -0.07908584 0.03902434 0.12181061
v -0.07907022 0.03902517 0.12182821
v -0.07905091 0.03902618 0.12184160
v -0.07902903 0.03902732 0.12185010
v -0.07912490 0.04029889 0.12176681
v -0.07911892 0.04029888 0.12178950
v -0.07910778 0.04029886 0.12181031
v -0.07909214 0.04029883 0.12182780
v -0.07907281 0.04029879 0.12184121
v -0.07905091 0.04029874 0.12184971
v -0.07905030 0.04166942 0.12184971
v -0.07907222 0.04166942 0.12184121
v -0.07909153 0.04166942 0.12182780
v -0.07910718 0.04166942 0.12181031
v -0.07911831 0.04166942 0.12178950
v -0.07912429 0.04166942 0.12176681
v -0.07912479 0.04166942 0.12174331
v -0.07109193 0.04336796 0.12198851
v -0.07109234 0.04338461 0.12198321
v -0.07318032 0.04327393 0.12194671
v -0.07109282 0.04344318 0.12190841
v -0.07109279 0.04344388 0.12190561
v -0.07318351 0.04333301 0.12186880
v -0.07904970 0.04168682 0.12184981
v -0.07907157 0.04168829 0.12184121
v -0.07909083 0.04168959 0.12182780
v -0.07910646 0.04169065 0.12181031
v -0.07911757 0.04169142 0.12178960
v -0.07912352 0.04169185 0.12176690
v -0.07912403 0.04169191 0.12174341
v -0.07138662 0.04342911 0.12188010
v -0.07158188 0.04341875 0.12187661
v -0.07437667 0.04320709 0.12182701
v -0.07526583 0.04311218 0.12183160
v -0.07453476 0.04319031 0.12182421
v -0.07629857 0.04294548 0.12181280
v -0.07732294 0.04272092 0.12179351
v -0.07760783 0.04262657 0.12176661
v -0.07833243 0.04238748 0.12177260
v -0.07841946 0.04233905 0.12174881
v -0.07881234 0.04212701 0.12175950
v -0.07899607 0.04195594 0.12172921
v -0.07902736 0.04192714 0.12175020
v -0.07892482 0.04203711 0.12175521
v -0.07910654 0.04178127 0.12174491
v -0.07907181 0.04185990 0.12174750
v -0.07910583 0.04178090 0.12176821
v -0.07907084 0.04185912 0.12177051
v -0.07902616 0.04192593 0.12177291
v -0.07892347 0.04203519 0.12177740
v -0.07881096 0.04212454 0.12178131
v -0.07833127 0.04238393 0.12179351
v -0.07732219 0.04271664 0.12181391
v -0.07629808 0.04294092 0.12183291
v -0.07526552 0.04310746 0.12185161
v -0.07318348 0.04332815 0.12188861
v -0.07109299 0.04343895 0.12192541
v -0.07909999 0.04177887 0.12179071
v -0.07906527 0.04185579 0.12179261
v -0.07902093 0.04192163 0.12179471
v -0.07891883 0.04202967 0.12179851
v -0.07880684 0.04211825 0.12180191
v -0.07832837 0.04237638 0.12181331
v -0.07732038 0.04270837 0.12183301
v -0.07629683 0.04293241 0.12185171
v -0.07526464 0.04309881 0.12187021
v -0.07318312 0.04331937 0.12190700
v -0.07109304 0.04343012 0.12194371
v -0.07908937 0.04177527 0.12181121
v -0.07905543 0.04185008 0.12181270
v -0.07901192 0.04191445 0.12181431
v -0.07891114 0.04202083 0.12181750
v -0.07880017 0.04210845 0.12182051
v -0.07832386 0.04236516 0.12183081
v -0.07731758 0.04269647 0.12184981
v -0.07629484 0.04292028 0.12186831
v -0.07526323 0.04308658 0.12188660
v -0.07318245 0.04330704 0.12192331
v -0.07109295 0.04341775 0.12195991
v -0.07907451 0.04177032 0.12182850
v -0.07904184 0.04184230 0.12182960
v -0.07899961 0.04190479 0.12183091
v -0.07890078 0.04200911 0.12183340
v -0.07879129 0.04209562 0.12183591
v -0.07831795 0.04235079 0.12184540
v -0.07731392 0.04268145 0.12186381
v -0.07629224 0.04290508 0.12188201
v -0.07526133 0.04307129 0.12190021
v -0.07318151 0.04329168 0.12193670
v -0.07109272 0.04340237 0.12197320
v -0.07905626 0.04176427 0.12184170
v -0.07902523 0.04183285 0.12184241
v -0.07898462 0.04189313 0.12184340
v -0.07888829 0.04199509 0.12184550
v -0.07878061 0.04208036 0.12184771
v -0.07831090 0.04233393 0.12185641
v -0.07730957 0.04266396 0.12187430
v -0.07628913 0.04288743 0.12189231
v -0.07525904 0.04305358 0.12191031
v -0.07903556 0.04175746 0.12185000
v -0.07900644 0.04182225 0.12185061
v -0.07896772 0.04188008 0.12185141
v -0.07887424 0.04197948 0.12185311
v -0.07876864 0.04206343 0.12185501
v -0.07830304 0.04231533 0.12186330
v -0.07730469 0.04264477 0.12188080
v -0.07628563 0.04286811 0.12189860
v -0.07525644 0.04303421 0.12191661
v -0.07317892 0.04325452 0.12195291
v -0.07109185 0.04336520 0.12198931
v -0.07900982 0.02630070 0.12174711
v -0.07900962 0.02630066 0.12174511
v -0.07901030 0.02617773 0.12174501
v -0.07900850 0.02630048 0.12173371
v -0.07900595 0.02630000 0.12172420
v -0.07900924 0.02630050 0.12177021
v -0.07900965 0.02630059 0.12176851
v -0.07900985 0.02617773 0.12176851
v -0.07901011 0.02630068 0.12176661
v -0.07901078 0.02630085 0.12175680
v -0.07900473 0.02629953 0.12178921
v -0.07900391 0.02617773 0.12179130
v -0.07900383 0.02629934 0.12179130
v -0.07899170 0.02629683 0.12181280
v -0.07899232 0.02629696 0.12181180
v -0.07899282 0.02617773 0.12181211
v -0.07900104 0.02629876 0.12179800
v -0.07900328 0.02629922 0.12179271
v -0.07897612 0.02629364 0.12182981
v -0.07897680 0.02629378 0.12182931
v -0.07897715 0.02617773 0.12182970
v -0.07898230 0.02629490 0.12182480
v -0.07898857 0.02629618 0.12181781
v -0.07896383 0.02629114 0.12183970
v -0.07895781 0.02617773 0.12184321
v -0.07895778 0.02628991 0.12184311
v -0.07895546 0.02628944 0.12184440
v -0.07893586 0.02617773 0.12185171
v -0.07893576 0.02628547 0.12185141
v -0.07891568 0.02628142 0.12185480
v -0.07893290 0.02628489 0.12185241
v -0.07893548 0.02628541 0.12185151
v -0.07063845 0.04340106 0.12229261
v -0.07066066 0.04339772 0.12224740
v -0.07102285 0.04341186 0.12197371
v -0.07102449 0.04337070 0.12199441
v -0.07102087 0.04342778 0.12195701
v -0.07101825 0.04343939 0.12193711
v -0.07101511 0.04344607 0.12191511
v -0.07090961 0.04337651 0.12202611
v -0.07086389 0.04337932 0.12204761
v -0.07076629 0.04338657 0.12211551
v -0.07073037 0.04338983 0.12215081
v -0.07060467 0.04340870 0.12240690
v -0.07090358 0.04341746 0.12200661
v -0.07089791 0.04343336 0.12199090
v -0.07085611 0.04342017 0.12202881
v -0.07084896 0.04343606 0.12201381
v -0.07075463 0.04342717 0.12209910
v -0.07074440 0.04344304 0.12208641
v -0.07071724 0.04343032 0.12213570
v -0.07070586 0.04344617 0.12212411
v -0.07064466 0.04343795 0.12223591
v -0.07063108 0.04345378 0.12222741
v -0.07062149 0.04344117 0.12228290
v -0.07060721 0.04345699 0.12227581
v -0.07058618 0.04344857 0.12240161
v -0.07057087 0.04346436 0.12239821
v -0.07089084 0.04344502 0.12197230
v -0.07084014 0.04344775 0.12199611
v -0.07073186 0.04345479 0.12207141
v -0.07069200 0.04345795 0.12211050
v -0.07061464 0.04346562 0.12221760
v -0.07058998 0.04346887 0.12226771
v -0.07055244 0.04347629 0.12239451
v -0.07059755 0.04341367 0.12249031
v -0.07059635 0.04341714 0.12249010
v -0.07102408 0.04339249 0.12198640
v -0.07090754 0.04339816 0.12201851
v -0.07086116 0.04340092 0.12204021
v -0.07076207 0.04340802 0.12210901
v -0.07072555 0.04341120 0.12214480
v -0.07065470 0.04341894 0.12224270
v -0.07063208 0.04342221 0.12228860
v -0.07059764 0.04342970 0.12240461
v -0.07059031 0.04343457 0.12248931
v -0.07057865 0.04345338 0.12248841
v -0.07057088 0.04346126 0.12248800
v -0.07056312 0.04346915 0.12248761
v -0.07054451 0.04348113 0.12248701
v -0.07052716 0.04348746 0.12248671
v -0.07088275 0.04345183 0.12195180
v -0.07083010 0.04345462 0.12197661
v -0.07071772 0.04346182 0.12205491
v -0.07067634 0.04346505 0.12209560
v -0.07059616 0.04347289 0.12220691
v -0.07057062 0.04347620 0.12225901
v -0.07053183 0.04348379 0.12239061
v -0.07052370 0.04348872 0.12248661
v -0.07091724 0.04345154 0.12191851
v -0.07894130 0.02606606 0.12186410
v -0.07897319 0.02582562 0.12200281
v -0.07897636 0.02587683 0.12195051
v -0.07901220 0.02574580 0.12210451
v -0.07902092 0.02576321 0.12206660
v -0.07913369 0.02563168 0.12212391
v -0.07906791 0.02569757 0.12219691
v -0.07905989 0.02570578 0.12217401
v -0.07907056 0.02569691 0.12219591
v -0.07907859 0.02570134 0.12216671
v -0.07914177 0.02562231 0.12215071
v -0.07914116 0.02562496 0.12215171
v -0.07912961 0.02565013 0.12213211
v -0.07913749 0.02564091 0.12215790
v -0.07912165 0.02566699 0.12214081
v -0.07912942 0.02565793 0.12216581
v -0.07911016 0.02568153 0.12214970
v -0.07911789 0.02567266 0.12217401
v -0.07909559 0.02569315 0.12215851
v -0.07910337 0.02568448 0.12218210
v -0.07908648 0.02569290 0.12218980
v -0.07909459 0.02569759 0.12199801
v -0.07909150 0.02571460 0.12201070
v -0.07908409 0.02573001 0.12202360
v -0.07907274 0.02574310 0.12203631
v -0.07905796 0.02575329 0.12204800
v -0.07904040 0.02576010 0.12205820
v -0.07908175 0.02572779 0.12195801
v -0.07907901 0.02574399 0.12197220
v -0.07907183 0.02575863 0.12198661
v -0.07906052 0.02577101 0.12200040
v -0.07904564 0.02578054 0.12201301
v -0.07902790 0.02578678 0.12202391
v -0.07900809 0.02578944 0.12203251
v -0.07905008 0.02582868 0.12186161
v -0.07904829 0.02584183 0.12187971
v -0.07904164 0.02585361 0.12189770
v -0.07903045 0.02586344 0.12191450
v -0.07901532 0.02587081 0.12192940
v -0.07899697 0.02587535 0.12194160
v -0.07904030 0.02587129 0.12183240
v -0.07903882 0.02588302 0.12185190
v -0.07903234 0.02589349 0.12187101
v -0.07902121 0.02590219 0.12188881
v -0.07900596 0.02590865 0.12190430
v -0.07898742 0.02591254 0.12191691
v -0.07896653 0.02591367 0.12192570
v -0.07902076 0.02599309 0.12177521
v -0.07901995 0.02600039 0.12179721
v -0.07901384 0.02600688 0.12181871
v -0.07900275 0.02601221 0.12183841
v -0.07898729 0.02601609 0.12185531
v -0.07896828 0.02601831 0.12186841
v -0.07894677 0.02601875 0.12187720
v -0.07894126 0.02592800 0.12192300
v -0.07901541 0.02604800 0.12175970
v -0.07901478 0.02605318 0.12178251
v -0.07900879 0.02605777 0.12180461
v -0.07899771 0.02606154 0.12182480
v -0.07898217 0.02606426 0.12184211
v -0.07896302 0.02606579 0.12185541
v -0.07052727 0.04349253 0.12258641
v -0.07057132 0.04348344 0.12298630
v -0.07055099 0.04349935 0.12298571
v -0.07055101 0.04348235 0.12258681
v -0.07058689 0.04346285 0.12298710
v -0.07059668 0.04343898 0.12298800
v -0.07059668 0.04345639 0.12350790
v -0.07055098 0.04351678 0.12350621
v -0.07052726 0.04352696 0.12350590
v -0.07052726 0.04350953 0.12298530
v -0.07057132 0.04350086 0.12350670
v -0.07058689 0.04348028 0.12350731
v -0.07059668 0.04342200 0.12258970
v -0.07058689 0.04344587 0.12258861
v -0.07057132 0.04346644 0.12258761
v -0.07918216 0.02559636 0.12229081
v -0.07919192 0.02559488 0.12232541
v -0.07917566 0.02561780 0.12229400
v -0.07918521 0.02561620 0.12232731
v -0.07916462 0.02563710 0.12229841
v -0.07917408 0.02563543 0.12233050
v -0.07914965 0.02565324 0.12230360
v -0.07915911 0.02565159 0.12233481
v -0.07913150 0.02566542 0.12230951
v -0.07914103 0.02566387 0.12233990
v -0.07911110 0.02567300 0.12231581
v -0.07912076 0.02567165 0.12234560
v -0.07100664 0.04345917 0.12400320
v -0.07075260 0.04346323 0.12387281
v -0.07063089 0.04346127 0.12369101
v -0.07050339 0.04353140 0.12353100
v -0.07056639 0.04353181 0.12371490
v -0.07053231 0.04352901 0.12358250
v -0.07058837 0.04352153 0.12370650
v -0.07055578 0.04351879 0.12357960
v -0.07060724 0.04350560 0.12369941
v -0.07057592 0.04350286 0.12357731
v -0.07062173 0.04348506 0.12369411
v -0.07059135 0.04348229 0.12357570
v -0.07060109 0.04345845 0.12357500
v -0.07065152 0.04346210 0.12373701
v -0.07064276 0.04348588 0.12374121
v -0.07062894 0.04350641 0.12374791
v -0.07061093 0.04352235 0.12375690
v -0.07058992 0.04353264 0.12376751
v -0.07059209 0.04353695 0.12381591
v -0.07071782 0.04346317 0.12383610
v -0.07071045 0.04348693 0.12384231
v -0.07074596 0.04348699 0.12387980
v -0.07069876 0.04350745 0.12385231
v -0.07073537 0.04350750 0.12389091
v -0.07068348 0.04352339 0.12386531
v -0.07072152 0.04352345 0.12390551
v -0.07066563 0.04353370 0.12388061
v -0.07070533 0.04353376 0.12392241
v -0.07074343 0.04353738 0.12398240
v -0.07084800 0.04346245 0.12394430
v -0.07089294 0.04346173 0.12396741
v -0.07084336 0.04348622 0.12395280
v -0.07088926 0.04348551 0.12397631
v -0.07083584 0.04350674 0.12396621
v -0.07088317 0.04350605 0.12399051
v -0.07082592 0.04352268 0.12398371
v -0.07087509 0.04352198 0.12400891
v -0.07081424 0.04353298 0.12400410
v -0.07086552 0.04353227 0.12403041
v -0.07097914 0.04353382 0.12409280
v -0.07099533 0.04352973 0.12407141
v -0.07099952 0.04351950 0.12404811
v -0.07100293 0.04350357 0.12402820
v -0.07100537 0.04348301 0.12401291
v -0.07109269 0.04352724 0.12408130
v -0.07109281 0.04351705 0.12405761
v -0.07109273 0.04350113 0.12403731
v -0.07109243 0.04348054 0.12402170
v -0.07109193 0.04345666 0.12401191
v -0.07946466 0.02558988 0.12363981
v -0.07928229 0.02566882 0.12301350
v -0.07930292 0.02566102 0.12300921
v -0.07932132 0.02564871 0.12300541
v -0.07933657 0.02563251 0.12300220
v -0.07934787 0.02561325 0.12299981
v -0.07935469 0.02559189 0.12299830
v -0.07939144 0.02566691 0.12365011
v -0.07941231 0.02565910 0.12364721
v -0.07943093 0.02564676 0.12364461
v -0.07944635 0.02563055 0.12364241
v -0.07945778 0.02561126 0.12364081
v -0.07550576 0.04318894 0.12415810
v -0.07679708 0.04297925 0.12418040
v -0.07962748 0.04174812 0.12422451
v -0.07963637 0.04166942 0.12422451
v -0.07961719 0.04174571 0.12420231
v -0.07962580 0.04166942 0.12420231
v -0.07960192 0.04174218 0.12418330
v -0.07961013 0.04166942 0.12418341
v -0.07958259 0.04173775 0.12416871
v -0.07959032 0.04166942 0.12416881
v -0.07956038 0.04173269 0.12415941
v -0.07956756 0.04166942 0.12415961
v -0.07959510 0.04183941 0.12422451
v -0.07954821 0.04191764 0.12422430
v -0.07943489 0.04204383 0.12422330
v -0.07917788 0.04223059 0.12421991
v -0.07896663 0.04233054 0.12424151
v -0.07848742 0.04254240 0.12420901
v -0.07777167 0.04276076 0.12419700
v -0.07420768 0.04333900 0.12413550
v -0.07160176 0.04351049 0.12409021
v -0.07958570 0.04183464 0.12420211
v -0.07953981 0.04191134 0.12420180
v -0.07942807 0.04203596 0.12420051
v -0.07917286 0.04222156 0.12419681
v -0.07848431 0.04253263 0.12418561
v -0.07776948 0.04275078 0.12417351
v -0.07679557 0.04296917 0.12415681
v -0.07550479 0.04317880 0.12413441
v -0.07420711 0.04332884 0.12411191
v -0.07160179 0.04350030 0.12406650
v -0.07957167 0.04182762 0.12418300
v -0.07952716 0.04190201 0.12418251
v -0.07941758 0.04202420 0.12418101
v -0.07916498 0.04220787 0.12417711
v -0.07847927 0.04251762 0.12416561
v -0.07776583 0.04273535 0.12415340
v -0.07679290 0.04295352 0.12413650
v -0.07550299 0.04316302 0.12411410
v -0.07420592 0.04331298 0.12409160
v -0.07160154 0.04348439 0.12404621
v -0.07955384 0.04181879 0.12416830
v -0.07951104 0.04189024 0.12416771
v -0.07940413 0.04200927 0.12416601
v -0.07915475 0.04219041 0.12416191
v -0.07847261 0.04249835 0.12415021
v -0.07776091 0.04271549 0.12413791
v -0.07678929 0.04293334 0.12412101
v -0.07550048 0.04314263 0.12409861
v -0.07420421 0.04329250 0.12407600
v -0.07160105 0.04346381 0.12403061
v -0.07953331 0.04180868 0.12415900
v -0.07949240 0.04187675 0.12415831
v -0.07938852 0.04199212 0.12415651
v -0.07914283 0.04217029 0.12415230
v -0.07846477 0.04247608 0.12414051
v -0.07775509 0.04269251 0.12412820
v -0.07678495 0.04290997 0.12411130
v -0.07549743 0.04311900 0.12408880
v -0.07420208 0.04326874 0.12406621
v -0.07160031 0.04343994 0.12402080
v -0.07948292 0.02560641 0.12377801
v -0.07941003 0.02568021 0.12376951
v -0.07941674 0.02569388 0.12381701
v -0.07942009 0.02569261 0.12381711
v -0.07943042 0.02567234 0.12376880
v -0.07946399 0.02564489 0.12377111
v -0.07946261 0.02566734 0.12382081
v -0.07944867 0.02566038 0.12376941
v -0.07945498 0.02567475 0.12381920
v -0.07943687 0.02568625 0.12381730
v -0.07948951 0.02562314 0.12383301
v -0.07948825 0.02562635 0.12383201
v -0.07947557 0.02562661 0.12377411
v -0.07948192 0.02564245 0.12382721
v -0.07947023 0.02565992 0.12382251
v -0.07893071 0.02770820 0.12415731
v -0.07894944 0.02771468 0.12417180
v -0.07871714 0.02848916 0.12416761
v -0.07953193 0.02629993 0.12424660
v -0.07901635 0.02762836 0.12423761
v -0.07952396 0.02629829 0.12421441
v -0.07952703 0.02629890 0.12422261
v -0.07897422 0.02772340 0.12421290
v -0.07952723 0.02629894 0.12422310
v -0.07952748 0.02629899 0.12422371
v -0.07896424 0.02771985 0.12419070
v -0.07951620 0.02629675 0.12420111
v -0.07950602 0.02629475 0.12418670
v -0.07951213 0.02629594 0.12419411
v -0.07951597 0.02629671 0.12420070
v -0.07950069 0.02629371 0.12418210
v -0.07948101 0.02628987 0.12416701
v -0.07948799 0.02629123 0.12417121
v -0.07950045 0.02629366 0.12418191
v -0.07890918 0.02770079 0.12414811
v -0.07945835 0.02628549 0.12415780
v -0.07947989 0.02628966 0.12416630
v -0.07943718 0.02628141 0.12415430
v -0.07945758 0.02628534 0.12415751
v -0.07945826 0.02628547 0.12415771
v -0.07851172 0.02994896 0.12422780
v -0.07844600 0.03055079 0.12420280
v -0.07857315 0.02928921 0.12420521
v -0.07874258 0.02849589 0.12420851
v -0.07846737 0.03114380 0.12422690
v -0.07848069 0.03181167 0.12420341
v -0.07853196 0.03221042 0.12422821
v -0.07857817 0.03265300 0.12420531
v -0.07877180 0.03377418 0.12420891
v -0.07907918 0.03526548 0.12421451
v -0.07918303 0.03580985 0.12424041
v -0.07944327 0.03726992 0.12422111
v -0.07957122 0.03836828 0.12422340
v -0.07963911 0.04059254 0.12424860
v -0.07963211 0.03947025 0.12422451
v -0.07960820 0.03895006 0.12424801
v -0.07873231 0.02849315 0.12418641
v -0.07856266 0.02928736 0.12418320
v -0.07843534 0.03055042 0.12418091
v -0.07847007 0.03181259 0.12418151
v -0.07856762 0.03265457 0.12418330
v -0.07876139 0.03377629 0.12418690
v -0.07906881 0.03526771 0.12419240
v -0.07943280 0.03727149 0.12419890
v -0.07956070 0.03836923 0.12420121
v -0.07962153 0.03947050 0.12420231
v -0.07854721 0.02928468 0.12416450
v -0.07841967 0.03054988 0.12416221
v -0.07845444 0.03181394 0.12416281
v -0.07855210 0.03265686 0.12416460
v -0.07874601 0.03377935 0.12416810
v -0.07905349 0.03527096 0.12417361
v -0.07941732 0.03727378 0.12418001
v -0.07954509 0.03837061 0.12418220
v -0.07960588 0.03947086 0.12418330
v -0.07869802 0.02848418 0.12415320
v -0.07852775 0.02928134 0.12415011
v -0.07839997 0.03054921 0.12414791
v -0.07843480 0.03181561 0.12414850
v -0.07853257 0.03265972 0.12415021
v -0.07872661 0.03378318 0.12415361
v -0.07903411 0.03527503 0.12415911
v -0.07939772 0.03727665 0.12416550
v -0.07952536 0.03837235 0.12416771
v -0.07958609 0.03947132 0.12416881
v -0.07867605 0.02847849 0.12414400
v -0.07850544 0.02927753 0.12414100
v -0.07837738 0.03054845 0.12413871
v -0.07841227 0.03181752 0.12413930
v -0.07851017 0.03266298 0.12414110
v -0.07870436 0.03378755 0.12414451
v -0.07901188 0.03527967 0.12414981
v -0.07937519 0.03727993 0.12415620
v -0.07950268 0.03837434 0.12415841
v -0.07956331 0.03947184 0.12415951
v -0.07945829 0.02616863 0.12415761
v -0.07948104 0.02616863 0.12416691
v -0.07945745 0.02605878 0.12414561
v -0.07951651 0.02616863 0.12420041
v -0.07950084 0.02616863 0.12418140
v -0.07949987 0.02605289 0.12416871
v -0.07952707 0.02616863 0.12422251
v -0.07951546 0.02604852 0.12418711
v -0.07952600 0.02604353 0.12420871
v -0.07945631 0.02600997 0.12413201
v -0.07945158 0.02590232 0.12408140
v -0.07943941 0.02577543 0.12396821
v -0.07944860 0.02586008 0.12405191
v -0.07942035 0.02569324 0.12381801
v -0.07943435 0.02574513 0.12392570
v -0.07949866 0.02600146 0.12415441
v -0.07951423 0.02599514 0.12417221
v -0.07949388 0.02588804 0.12410081
v -0.07950940 0.02587743 0.12411651
v -0.07949089 0.02584353 0.12406951
v -0.07950640 0.02583123 0.12408401
v -0.07948182 0.02575441 0.12398080
v -0.07949728 0.02573869 0.12399190
v -0.07947684 0.02572254 0.12393590
v -0.07949231 0.02570558 0.12394520
v -0.07946316 0.02566808 0.12382171
v -0.07947860 0.02564890 0.12382661
v -0.07952475 0.02598793 0.12419311
v -0.07951984 0.02586532 0.12413511
v -0.07951683 0.02581719 0.12410131
v -0.07950761 0.02572071 0.12400531
v -0.07950257 0.02568615 0.12395660
v -0.07948867 0.02562685 0.12383311
v -0.07944333 0.02568317 0.12381881
v -0.07945713 0.02573600 0.12392921
v -0.07946212 0.02576691 0.12397271
v -0.07947123 0.02585334 0.12405861
v -0.07947420 0.02589651 0.12408890
v -0.07947896 0.02600650 0.12414071
v -0.07948014 0.02605638 0.12415461
v -0.07952723 0.02629894 0.12422310
v -0.07952703 0.02629890 0.12422261
v -0.07943718 0.02628141 0.12415430
v -0.07945758 0.02628534 0.12415751
v -0.07945826 0.02628547 0.12415771
v -0.07945835 0.02628549 0.12415780
v -0.07947989 0.02628966 0.12416630
v -0.07948799 0.02629123 0.12417121
v -0.07948101 0.02628987 0.12416701
v -0.07951213 0.02629594 0.12419411
v -0.07950602 0.02629475 0.12418670
v -0.07950069 0.02629371 0.12418210
v -0.07950045 0.02629366 0.12418191
v -0.07952396 0.02629829 0.12421441
v -0.07951620 0.02629675 0.12420111
v -0.07951597 0.02629671 0.12420070
v -0.07952748 0.02629899 0.12422371
v -0.07657423 0.04026485 0.11774300
v -0.07651922 0.03894984 0.11772551
v -0.07641587 0.03791133 0.11774541
v -0.07631459 0.03748590 0.11772861
v -0.07619374 0.03680995 0.11774860
v -0.07589869 0.03580864 0.11773440
v -0.07580620 0.03541807 0.11775381
v -0.07526796 0.03378562 0.11774211
v -0.07525779 0.03369829 0.11776001
v -0.07472967 0.03114422 0.11774730
v -0.07473633 0.03080227 0.11776420
v -0.07564280 0.02762959 0.11774031
v -0.07608696 0.02687837 0.11775451
v -0.07633818 0.02628152 0.11789981
v -0.07610170 0.02673116 0.11790130
v -0.07612033 0.02674212 0.11789310
v -0.07637934 0.02629251 0.11788811
v -0.07636737 0.02628930 0.11789410
v -0.07636213 0.02628790 0.11789580
v -0.07635882 0.02628702 0.11789631
v -0.07635813 0.02628683 0.11789641
v -0.07638061 0.02629285 0.11788740
v -0.07613682 0.02675188 0.11788010
v -0.07638887 0.02629506 0.11788331
v -0.07641426 0.02630191 0.11785901
v -0.07641278 0.02630150 0.11786110
v -0.07615029 0.02675991 0.11786310
v -0.07639997 0.02629804 0.11787411
v -0.07639628 0.02629705 0.11787790
v -0.07641590 0.02630235 0.11785670
v -0.07615998 0.02676578 0.11784301
v -0.07641798 0.02630292 0.11785370
v -0.07616542 0.02676918 0.11782071
v -0.07643164 0.02630671 0.11781701
v -0.07643074 0.02630644 0.11782400
v -0.07642807 0.02630570 0.11783291
v -0.07642675 0.02630533 0.11783571
v -0.07642520 0.02630490 0.11783880
v -0.07643219 0.02630688 0.11781280
v -0.07616630 0.02676992 0.11779761
v -0.07643367 0.02630732 0.11780131
v -0.07642875 0.02630617 0.11776890
v -0.07642929 0.02630630 0.11777160
v -0.07616256 0.02676797 0.11777491
v -0.07643287 0.02630717 0.11778921
v -0.07643332 0.02630728 0.11779140
v -0.07641671 0.02630309 0.11774521
v -0.07641999 0.02630393 0.11775071
v -0.07615441 0.02676343 0.11775371
v -0.07642508 0.02630524 0.11775931
v -0.07642769 0.02630590 0.11776610
v -0.07641317 0.02630217 0.11773920
v -0.07609517 0.02688297 0.11777571
v -0.07609897 0.02688497 0.11779851
v -0.07609816 0.02688426 0.11782161
v -0.07609278 0.02688087 0.11784391
v -0.07608310 0.02687499 0.11786410
v -0.07606965 0.02686693 0.11788121
v -0.07605317 0.02685713 0.11789421
v -0.07603450 0.02684612 0.11790250
v -0.07554238 0.02783702 0.11775941
v -0.07555204 0.02784176 0.11778061
v -0.07609517 0.02688297 0.11777571
v -0.07555700 0.02784407 0.11780381
v -0.07555693 0.02784383 0.11782750
v -0.07555188 0.02784106 0.11785061
v -0.07554213 0.02783590 0.11787170
v -0.07552819 0.02782865 0.11788951
v -0.07551091 0.02781972 0.11790310
v -0.07549121 0.02780961 0.11791180
v -0.07516317 0.02867882 0.11776191
v -0.07517448 0.02868299 0.11778300
v -0.07518069 0.02868520 0.11780640
v -0.07518145 0.02868533 0.11783081
v -0.07517669 0.02868336 0.11785451
v -0.07516671 0.02867941 0.11787641
v -0.07515208 0.02867371 0.11789500
v -0.07513369 0.02866660 0.11790921
v -0.07511262 0.02865851 0.11791830
v -0.07488763 0.02935375 0.11792210
v -0.07490970 0.02935966 0.11791281
v -0.07492889 0.02936483 0.11789811
v -0.07494403 0.02936894 0.11787900
v -0.07495415 0.02937173 0.11785670
v -0.07495868 0.02937305 0.11783240
v -0.07495736 0.02937281 0.11780781
v -0.07495021 0.02937102 0.11778421
v -0.07493770 0.02936780 0.11776320
v -0.07480040 0.02994736 0.11774681
v -0.07491249 0.02940275 0.11774601
v -0.07512916 0.02872852 0.11774441
v -0.07479168 0.03008019 0.11776401
v -0.07480506 0.03008200 0.11778490
v -0.07481289 0.03008303 0.11780861
v -0.07481466 0.03008321 0.11783351
v -0.07481031 0.03008255 0.11785801
v -0.07480004 0.03008106 0.11788070
v -0.07478456 0.03007886 0.11790011
v -0.07476477 0.03007607 0.11791511
v -0.07474195 0.03007288 0.11792460
v -0.07475006 0.03080246 0.11778521
v -0.07475815 0.03080257 0.11780890
v -0.07476011 0.03080259 0.11783381
v -0.07475582 0.03080252 0.11785850
v -0.07474553 0.03080237 0.11788131
v -0.07472988 0.03080215 0.11790091
v -0.07470987 0.03080187 0.11791591
v -0.07468676 0.03080154 0.11792550
v -0.07475647 0.03138665 0.11776410
v -0.07477008 0.03138558 0.11778511
v -0.07477809 0.03138497 0.11780881
v -0.07477999 0.03138485 0.11783371
v -0.07477565 0.03138524 0.11785830
v -0.07476538 0.03138609 0.11788111
v -0.07474978 0.03138737 0.11790060
v -0.07472985 0.03138899 0.11791561
v -0.07470684 0.03139085 0.11792521
v -0.07480613 0.03213986 0.11792351
v -0.07482873 0.03213573 0.11791401
v -0.07484835 0.03213212 0.11789921
v -0.07486373 0.03212926 0.11787990
v -0.07487397 0.03212733 0.11785731
v -0.07487841 0.03212645 0.11783291
v -0.07487678 0.03212666 0.11780810
v -0.07486919 0.03212796 0.11778451
v -0.07485611 0.03213027 0.11776350
v -0.07491304 0.03246548 0.11774570
v -0.07485575 0.03221089 0.11774621
v -0.07497747 0.03291098 0.11792061
v -0.07499953 0.03290523 0.11791131
v -0.07501873 0.03290021 0.11789670
v -0.07503389 0.03289621 0.11787771
v -0.07504407 0.03289348 0.11785550
v -0.07504869 0.03289218 0.11783130
v -0.07504747 0.03289238 0.11780671
v -0.07504045 0.03289409 0.11778321
v -0.07502809 0.03289719 0.11776211
v -0.07526944 0.03369484 0.11778110
v -0.07527585 0.03369300 0.11780461
v -0.07527666 0.03369289 0.11782891
v -0.07527182 0.03369449 0.11785270
v -0.07526162 0.03369773 0.11787461
v -0.07524665 0.03370241 0.11789321
v -0.07522780 0.03370826 0.11790751
v -0.07520621 0.03371492 0.11791661
v -0.07547470 0.03456301 0.11791201
v -0.07549599 0.03455609 0.11790310
v -0.07551464 0.03455000 0.11788910
v -0.07552954 0.03454510 0.11787080
v -0.07527182 0.03369449 0.11785270
v -0.07553981 0.03454166 0.11784920
v -0.07554489 0.03453990 0.11782570
v -0.07554448 0.03453990 0.11780160
v -0.07553856 0.03454167 0.11777830
v -0.07552752 0.03454511 0.11775711
v -0.07581684 0.03541490 0.11777501
v -0.07582238 0.03541331 0.11779821
v -0.07582248 0.03541341 0.11782210
v -0.07581717 0.03541517 0.11784530
v -0.07580675 0.03541851 0.11786661
v -0.07579179 0.03542322 0.11788460
v -0.07577317 0.03542905 0.11789840
v -0.07575193 0.03543566 0.11790721
v -0.07613723 0.03682411 0.11790050
v -0.07615867 0.03681894 0.11789190
v -0.07617755 0.03681437 0.11787831
v -0.07619276 0.03681064 0.11786050
v -0.07620349 0.03680799 0.11783961
v -0.07620911 0.03680655 0.11781660
v -0.07620932 0.03680640 0.11779291
v -0.07620411 0.03680755 0.11776980
v -0.07642620 0.03790974 0.11776661
v -0.07643132 0.03790898 0.11778960
v -0.07643097 0.03790911 0.11781331
v -0.07642517 0.03791009 0.11783610
v -0.07641423 0.03791190 0.11785701
v -0.07639878 0.03791442 0.11787461
v -0.07637967 0.03791753 0.11788811
v -0.07635794 0.03792102 0.11789670
v -0.07654692 0.03906012 0.11774351
v -0.07655725 0.03905945 0.11776461
v -0.07656234 0.03905914 0.11778760
v -0.07656192 0.03905920 0.11781121
v -0.07655600 0.03905961 0.11783401
v -0.07654493 0.03906038 0.11785480
v -0.07652932 0.03906145 0.11787240
v -0.07651001 0.03906275 0.11788591
v -0.07648810 0.03906423 0.11789451
v -0.07658458 0.04026487 0.11776420
v -0.07658966 0.04026488 0.11778721
v -0.07658922 0.04026488 0.11781080
v -0.07658329 0.04026487 0.11783361
v -0.07657219 0.04026484 0.11785441
v -0.07655654 0.04026480 0.11787201
v -0.07653720 0.04026475 0.11788540
v -0.07651525 0.04026470 0.11789400
v -0.07651433 0.04166942 0.11789400
v -0.07653630 0.04166942 0.11788540
v -0.07655564 0.04166942 0.11787201
v -0.07657129 0.04166942 0.11785441
v -0.07658239 0.04166942 0.11783361
v -0.07658831 0.04166942 0.11781080
v -0.07658876 0.04166942 0.11778721
v -0.07658366 0.04166942 0.11776420
v -0.07657332 0.04166942 0.11774311
v -0.07109230 0.04290057 0.11798791
v -0.07109267 0.04291026 0.11798530
v -0.07251722 0.04281754 0.11796030
v -0.07651394 0.04168169 0.11789400
v -0.07653585 0.04168305 0.11788540
v -0.07655514 0.04168426 0.11787201
v -0.07657077 0.04168525 0.11785441
v -0.07658184 0.04168596 0.11783361
v -0.07658779 0.04168635 0.11781090
v -0.07658822 0.04168640 0.11778731
v -0.07658316 0.04168612 0.11776430
v -0.07657287 0.04168550 0.11774311
v -0.07656205 0.04174981 0.11774491
v -0.07148038 0.04294860 0.11786541
v -0.07109386 0.04297571 0.11789000
v -0.07171277 0.04293338 0.11786110
v -0.07252128 0.04288251 0.11786381
v -0.07252150 0.04288141 0.11788151
v -0.07109410 0.04297440 0.11790751
v -0.07109397 0.04297515 0.11789750
v -0.07394088 0.04271677 0.11783651
v -0.07534677 0.04243147 0.11780520
v -0.07434742 0.04263119 0.11780951
v -0.07399359 0.04270336 0.11781750
v -0.07560496 0.04233692 0.11777851
v -0.07562349 0.04233044 0.11777791
v -0.07603595 0.04219293 0.11778341
v -0.07616783 0.04210882 0.11775731
v -0.07636486 0.04200485 0.11776591
v -0.07644078 0.04193963 0.11775981
v -0.07640491 0.04195703 0.11774311
v -0.07650032 0.04185035 0.11773350
v -0.07651056 0.04185758 0.11775220
v -0.07653982 0.04180766 0.11774830
v -0.07654394 0.04175727 0.11772731
v -0.07657148 0.04175258 0.11776610
v -0.07654782 0.04181171 0.11776941
v -0.07651716 0.04186212 0.11777331
v -0.07644532 0.04194409 0.11778061
v -0.07636816 0.04200882 0.11778641
v -0.07603725 0.04219509 0.11780311
v -0.07534722 0.04243193 0.11782400
v -0.07394107 0.04271609 0.11785451
v -0.07657596 0.04175383 0.11778901
v -0.07655136 0.04181337 0.11779210
v -0.07651980 0.04186376 0.11779561
v -0.07644667 0.04194513 0.11780231
v -0.07636882 0.04200921 0.11780761
v -0.07603695 0.04219365 0.11782290
v -0.07534677 0.04242901 0.11784250
v -0.07394081 0.04271223 0.11787211
v -0.07252143 0.04287721 0.11789881
v -0.07109423 0.04297005 0.11792460
v -0.07657525 0.04175349 0.11781231
v -0.07655025 0.04181257 0.11781501
v -0.07651834 0.04186241 0.11781801
v -0.07644478 0.04194271 0.11782380
v -0.07636679 0.04200600 0.11782850
v -0.07603506 0.04218867 0.11784201
v -0.07534539 0.04242280 0.11786011
v -0.07394007 0.04270531 0.11788871
v -0.07252108 0.04287005 0.11791501
v -0.07109418 0.04296278 0.11794060
v -0.07656939 0.04175158 0.11783481
v -0.07654454 0.04180934 0.11783700
v -0.07651284 0.04185812 0.11783951
v -0.07643975 0.04193693 0.11784421
v -0.07636219 0.04199934 0.11784810
v -0.07603165 0.04218034 0.11785971
v -0.07534315 0.04241352 0.11787630
v -0.07393886 0.04269557 0.11790381
v -0.07252044 0.04286016 0.11792961
v -0.07109401 0.04295282 0.11795511
v -0.07655870 0.04174819 0.11785531
v -0.07653453 0.04180386 0.11785691
v -0.07650358 0.04185113 0.11785881
v -0.07643181 0.04192808 0.11786251
v -0.07635521 0.04198952 0.11786561
v -0.07602685 0.04216901 0.11787530
v -0.07534014 0.04240151 0.11789030
v -0.07393725 0.04268331 0.11791691
v -0.07251958 0.04284784 0.11794230
v -0.07109368 0.04294049 0.11796760
v -0.07654375 0.04174353 0.11787260
v -0.07652076 0.04179642 0.11787371
v -0.07649105 0.04184179 0.11787510
v -0.07642135 0.04191658 0.11787771
v -0.07634614 0.04197698 0.11788010
v -0.07602086 0.04215510 0.11788811
v -0.07533646 0.04238719 0.11790191
v -0.07393528 0.04266893 0.11792750
v -0.07251850 0.04283348 0.11795270
v -0.07109323 0.04292615 0.11797780
v -0.07652537 0.04173783 0.11788581
v -0.07650396 0.04178740 0.11788650
v -0.07647589 0.04183057 0.11788740
v -0.07640886 0.04190296 0.11788920
v -0.07633545 0.04196230 0.11789100
v -0.07601390 0.04213917 0.11789770
v -0.07533223 0.04237104 0.11791041
v -0.07393303 0.04265290 0.11793541
v -0.07650455 0.04173141 0.11789421
v -0.07648500 0.04177729 0.11789461
v -0.07645884 0.04181805 0.11789521
v -0.07639492 0.04188788 0.11789651
v -0.07632354 0.04194614 0.11789780
v -0.07600627 0.04212184 0.11790371
v -0.07532763 0.04235366 0.11791571
v -0.07393053 0.04263574 0.11794021
v -0.07251578 0.04280051 0.11796500
v -0.07109201 0.04289331 0.11798990
v -0.07643332 0.02630728 0.11779140
v -0.07643287 0.02630717 0.11778921
v -0.07643310 0.02622271 0.11778921
v -0.07642875 0.02630617 0.11776890
v -0.07642769 0.02630590 0.11776610
v -0.07642779 0.02622271 0.11776610
v -0.07640696 0.02630056 0.11773191
v -0.07641722 0.02622271 0.11774491
v -0.07641317 0.02630217 0.11773920
v -0.07642508 0.02630524 0.11775931
v -0.07641999 0.02630393 0.11775071
v -0.07641671 0.02630309 0.11774521
v -0.07642929 0.02630630 0.11777160
v -0.07643074 0.02630644 0.11782400
v -0.07643164 0.02630671 0.11781701
v -0.07643284 0.02622271 0.11781280
v -0.07643219 0.02630688 0.11781280
v -0.07643367 0.02630732 0.11780131
v -0.07642807 0.02630570 0.11783291
v -0.07642702 0.02622271 0.11783581
v -0.07642675 0.02630533 0.11783571
v -0.07641426 0.02630191 0.11785901
v -0.07641590 0.02630235 0.11785670
v -0.07641597 0.02622271 0.11785670
v -0.07641798 0.02630292 0.11785370
v -0.07642520 0.02630490 0.11783880
v -0.07641278 0.02630150 0.11786110
v -0.07640031 0.02622271 0.11787450
v -0.07639997 0.02629804 0.11787411
v -0.07637934 0.02629251 0.11788811
v -0.07638061 0.02629285 0.11788740
v -0.07638092 0.02622271 0.11788801
v -0.07638887 0.02629506 0.11788331
v -0.07639628 0.02629705 0.11787790
v -0.07635813 0.02628683 0.11789641
v -0.07635882 0.02628702 0.11789631
v -0.07635888 0.02622271 0.11789670
v -0.07636213 0.02628790 0.11789580
v -0.07636737 0.02628930 0.11789410
v -0.07633818 0.02628152 0.11789981
v -0.07099237 0.04297702 0.11793320
v -0.07099879 0.04295035 0.11797441
v -0.07100039 0.04290707 0.11799821
v -0.07099611 0.04296629 0.11795540
v -0.07098780 0.04298188 0.11790921
v -0.07094960 0.04291215 0.11801130
v -0.07084221 0.04292697 0.11805951
v -0.07071257 0.04295516 0.11817090
v -0.07079882 0.04293484 0.11808861
v -0.07068206 0.04296461 0.11821190
v -0.07062773 0.04298785 0.11831930
v -0.07061277 0.04299785 0.11836811
v -0.07094622 0.04295521 0.11798781
v -0.07094188 0.04297113 0.11796930
v -0.07083491 0.04296940 0.11803731
v -0.07082704 0.04298527 0.11802051
v -0.07078981 0.04297695 0.11806730
v -0.07078057 0.04299280 0.11805150
v -0.07069996 0.04299649 0.11815230
v -0.07068795 0.04301227 0.11813930
v -0.07066806 0.04300560 0.11819481
v -0.07065509 0.04302135 0.11818320
v -0.07061104 0.04302805 0.11830620
v -0.07059642 0.04304373 0.11829821
v -0.07059523 0.04303773 0.11835691
v -0.07058017 0.04305339 0.11835051
v -0.07093605 0.04298192 0.11794771
v -0.07081694 0.04299624 0.11800120
v -0.07076879 0.04300386 0.11803351
v -0.07067298 0.04302354 0.11812491
v -0.07063903 0.04303272 0.11817051
v -0.07057857 0.04305531 0.11828981
v -0.07056189 0.04306505 0.11834401
v -0.07059756 0.04302116 0.11848791
v -0.07059637 0.04302459 0.11848730
v -0.07100026 0.04293020 0.11798890
v -0.07094886 0.04293513 0.11800210
v -0.07084006 0.04294957 0.11805050
v -0.07079602 0.04295725 0.11807991
v -0.07070832 0.04297710 0.11816301
v -0.07067720 0.04298633 0.11820460
v -0.07062166 0.04300909 0.11831331
v -0.07060627 0.04301890 0.11836291
v -0.07059037 0.04304177 0.11848450
v -0.07057876 0.04306032 0.11848160
v -0.07057106 0.04306811 0.11848031
v -0.07056332 0.04307591 0.11847900
v -0.07054480 0.04308776 0.11847710
v -0.07052752 0.04309406 0.11847610
v -0.07092913 0.04298693 0.11792451
v -0.07080521 0.04300166 0.11798050
v -0.07075518 0.04300948 0.11801430
v -0.07065586 0.04302968 0.11810971
v -0.07062075 0.04303908 0.11815721
v -0.07055844 0.04306219 0.11828141
v -0.07054130 0.04307214 0.11833780
v -0.07052407 0.04309532 0.11847590
v -0.07636790 0.02614037 0.11790320
v -0.07642006 0.02597158 0.11796580
v -0.07643634 0.02598265 0.11795560
v -0.07681898 0.02566208 0.11814241
v -0.07675998 0.02574197 0.11822631
v -0.07677253 0.02574083 0.11821390
v -0.07693476 0.02570871 0.11837250
v -0.07692733 0.02571124 0.11837931
v -0.07679471 0.02572969 0.11818901
v -0.07695230 0.02569860 0.11835650
v -0.07678424 0.02573669 0.11820141
v -0.07694905 0.02570135 0.11835950
v -0.07693848 0.02570744 0.11836911
v -0.07698748 0.02562818 0.11832351
v -0.07698577 0.02563828 0.11832521
v -0.07681849 0.02567862 0.11814860
v -0.07698491 0.02564332 0.11832611
v -0.07681570 0.02569411 0.11815661
v -0.07698066 0.02565772 0.11833021
v -0.07681070 0.02570806 0.11816630
v -0.07697477 0.02567103 0.11833571
v -0.07680362 0.02572005 0.11817711
v -0.07696741 0.02568292 0.11834260
v -0.07695878 0.02569311 0.11835051
v -0.07675982 0.02568799 0.11808091
v -0.07676020 0.02570475 0.11808861
v -0.07675805 0.02572035 0.11809810
v -0.07675342 0.02573427 0.11810930
v -0.07674646 0.02574602 0.11812170
v -0.07673742 0.02575521 0.11813481
v -0.07672660 0.02576153 0.11814840
v -0.07671437 0.02576476 0.11816180
v -0.07670112 0.02576479 0.11817460
v -0.07661641 0.02578742 0.11793621
v -0.07661959 0.02580373 0.11794800
v -0.07661946 0.02581866 0.11796190
v -0.07661600 0.02583158 0.11797731
v -0.07660937 0.02584196 0.11799351
v -0.07659986 0.02584937 0.11801001
v -0.07658783 0.02585349 0.11802591
v -0.07657380 0.02585416 0.11804071
v -0.07655835 0.02585135 0.11805371
v -0.07664059 0.02578852 0.11814711
v -0.07651652 0.02586632 0.11804341
v -0.07652211 0.02588258 0.11802401
v -0.07658005 0.02582355 0.11790050
v -0.07658416 0.02583936 0.11791350
v -0.07658467 0.02585375 0.11792871
v -0.07658162 0.02586610 0.11794530
v -0.07657511 0.02587587 0.11796261
v -0.07656540 0.02588262 0.11797990
v -0.07655297 0.02588606 0.11799631
v -0.07653833 0.02588605 0.11801130
v -0.07649417 0.02594003 0.11781750
v -0.07650103 0.02595311 0.11783420
v -0.07650357 0.02596486 0.11785290
v -0.07650170 0.02597470 0.11787281
v -0.07649549 0.02598214 0.11789280
v -0.07648526 0.02598681 0.11791201
v -0.07647152 0.02598848 0.11792950
v -0.07645494 0.02598707 0.11794420
v -0.07647974 0.02596676 0.11780381
v -0.07648716 0.02597897 0.11782110
v -0.07649015 0.02598992 0.11784060
v -0.07648854 0.02599904 0.11786110
v -0.07648239 0.02600588 0.11788161
v -0.07647204 0.02601008 0.11790120
v -0.07645803 0.02601144 0.11791871
v -0.07644101 0.02600988 0.11793341
v -0.07642190 0.02600549 0.11794440
v -0.07643811 0.02607295 0.11776451
v -0.07644749 0.02608087 0.11778421
v -0.07645192 0.02608790 0.11780591
v -0.07645114 0.02609367 0.11782841
v -0.07644522 0.02609787 0.11785051
v -0.07643447 0.02610028 0.11787101
v -0.07641948 0.02610075 0.11788871
v -0.07640102 0.02609927 0.11790281
v -0.07638015 0.02609592 0.11791240
v -0.07642598 0.02612537 0.11775310
v -0.07643605 0.02613070 0.11777360
v -0.07644098 0.02613541 0.11779610
v -0.07644049 0.02613927 0.11781930
v -0.07643463 0.02614205 0.11784180
v -0.07642373 0.02614359 0.11786261
v -0.07640837 0.02614383 0.11788031
v -0.07638942 0.02614273 0.11789410
v -0.07052755 0.04317128 0.11898591
v -0.07052748 0.04323872 0.11949691
v -0.07055114 0.04322858 0.11949811
v -0.07055120 0.04316115 0.11898730
v -0.07057141 0.04321277 0.11950010
v -0.07059668 0.04310139 0.11899580
v -0.07059668 0.04316866 0.11950551
v -0.07058696 0.04312501 0.11899241
v -0.07058694 0.04319234 0.11950261
v -0.07057145 0.04314538 0.11898961
v -0.07727623 0.02563331 0.11866070
v -0.07726883 0.02565726 0.11866720
v -0.07725692 0.02567788 0.11867731
v -0.07724131 0.02569380 0.11869040
v -0.07722303 0.02570394 0.11870571
v -0.07749610 0.02569918 0.11905150
v -0.07751503 0.02568903 0.11903701
v -0.07753122 0.02567311 0.11902460
v -0.07754358 0.02565249 0.11901501
v -0.07755127 0.02562855 0.11900891
v -0.07097422 0.04322299 0.11999560
v -0.07060765 0.04318346 0.11961271
v -0.07059785 0.04320685 0.11961210
v -0.07058264 0.04322713 0.11961310
v -0.07056301 0.04324300 0.11961551
v -0.07062024 0.04318971 0.11966041
v -0.07066980 0.04320310 0.11976941
v -0.07077996 0.04321662 0.11989670
v -0.07069754 0.04320777 0.11981051
v -0.07092617 0.04322272 0.11998060
v -0.07082020 0.04321924 0.11992660
v -0.07061061 0.04321298 0.11966090
v -0.07066104 0.04322613 0.11977250
v -0.07068933 0.04323072 0.11981450
v -0.07077349 0.04323941 0.11990281
v -0.07081462 0.04324200 0.11993341
v -0.07092295 0.04324541 0.11998871
v -0.07059581 0.04323321 0.11966340
v -0.07064778 0.04324623 0.11977861
v -0.07067697 0.04325077 0.11982191
v -0.07076378 0.04325939 0.11991301
v -0.07080619 0.04326195 0.11994461
v -0.07091794 0.04326533 0.12000161
v -0.07057676 0.04324909 0.11966781
v -0.07063087 0.04326216 0.11978731
v -0.07066122 0.04326671 0.11983230
v -0.07075141 0.04327536 0.11992681
v -0.07079547 0.04327793 0.11995961
v -0.07091149 0.04328132 0.12001871
v -0.07054020 0.04325342 0.11961931
v -0.07055465 0.04325963 0.11967370
v -0.07061132 0.04327294 0.11979821
v -0.07064303 0.04327757 0.11984501
v -0.07073713 0.04328637 0.11994330
v -0.07078305 0.04328898 0.11997741
v -0.07090391 0.04329243 0.12003901
v -0.07109298 0.04329050 0.12007431
v -0.07095871 0.04329270 0.12005610
v -0.07109304 0.04327942 0.12005260
v -0.07096409 0.04328159 0.12003521
v -0.07109286 0.04326344 0.12003421
v -0.07096865 0.04326560 0.12001751
v -0.07109249 0.04324349 0.12002031
v -0.07097210 0.04324567 0.12000400
v -0.07109196 0.04322077 0.12001160
v -0.07794780 0.02562130 0.11957441
v -0.07775483 0.02562483 0.11928870
v -0.07774694 0.02564882 0.11929461
v -0.07773427 0.02566949 0.11930371
v -0.07771766 0.02568545 0.11931550
v -0.07769822 0.02569564 0.11932931
v -0.07788980 0.02569229 0.11961291
v -0.07790974 0.02568207 0.11959981
v -0.07792678 0.02566606 0.11958861
v -0.07793975 0.02564533 0.11957991
v -0.07843188 0.04166942 0.12017020
v -0.07843386 0.04166942 0.12017311
v -0.07843225 0.04170388 0.12017311
v -0.07842019 0.04170245 0.12016031
v -0.07841655 0.04166942 0.12015581
v -0.07840612 0.04170078 0.12014991
v -0.07840755 0.04166942 0.12015040
v -0.07837865 0.04166942 0.12013801
v -0.07839856 0.04166942 0.12014490
v -0.07839045 0.04169894 0.12014210
v -0.07837365 0.04169697 0.12013721
v -0.07837519 0.04166942 0.12013761
v -0.07842396 0.04174994 0.12017370
v -0.07843171 0.04175738 0.12018880
v -0.07841002 0.04179359 0.12017460
v -0.07839473 0.04184042 0.12019160
v -0.07835306 0.04189615 0.12017740
v -0.07828102 0.04197925 0.12017940
v -0.07831254 0.04195664 0.12019600
v -0.07701982 0.04256754 0.12017171
v -0.07768177 0.04234075 0.12020011
v -0.07776406 0.04230370 0.12018020
v -0.07811773 0.04211124 0.12018130
v -0.07481485 0.04300104 0.12013761
v -0.07529361 0.04293001 0.12016841
v -0.07592305 0.04282264 0.12015551
v -0.07688620 0.04260544 0.12019191
v -0.07676963 0.04263248 0.12019031
v -0.07373620 0.04311240 0.12014281
v -0.07258442 0.04321944 0.12010000
v -0.07841224 0.04174672 0.12016070
v -0.07839878 0.04178884 0.12016131
v -0.07834340 0.04188862 0.12016281
v -0.07827269 0.04197030 0.12016381
v -0.07811126 0.04210099 0.12016430
v -0.07775949 0.04229272 0.12016160
v -0.07701694 0.04255632 0.12015181
v -0.07592129 0.04281144 0.12013470
v -0.07481372 0.04298988 0.12011641
v -0.07258406 0.04320835 0.12007841
v -0.07839847 0.04174296 0.12015011
v -0.07838552 0.04178326 0.12015030
v -0.07833171 0.04187957 0.12015091
v -0.07826236 0.04195933 0.12015101
v -0.07810295 0.04208802 0.12015011
v -0.07775333 0.04227831 0.12014611
v -0.07701284 0.04254103 0.12013501
v -0.07591864 0.04279574 0.12011721
v -0.07481189 0.04297405 0.12009840
v -0.07258335 0.04319239 0.12006010
v -0.07838311 0.04173879 0.12014210
v -0.07837062 0.04177704 0.12014210
v -0.07831840 0.04186933 0.12014190
v -0.07825045 0.04194676 0.12014130
v -0.07809314 0.04207289 0.12013951
v -0.07774591 0.04226116 0.12013441
v -0.07700770 0.04252246 0.12012230
v -0.07591523 0.04277645 0.12010390
v -0.07480947 0.04295444 0.12008481
v -0.07258229 0.04317251 0.12004621
v -0.07836661 0.04173432 0.12013711
v -0.07835460 0.04177037 0.12013701
v -0.07830397 0.04185828 0.12013630
v -0.07823742 0.04193311 0.12013531
v -0.07808229 0.04205628 0.12013280
v -0.07773754 0.04224210 0.12012700
v -0.07700184 0.04250162 0.12011441
v -0.07591125 0.04275463 0.12009550
v -0.07480662 0.04293220 0.12007631
v -0.07258094 0.04314989 0.12003750
v -0.07797918 0.02562203 0.11962260
v -0.07801014 0.02562691 0.11967090
v -0.07797068 0.02564543 0.11962651
v -0.07800120 0.02564949 0.11967321
v -0.07795761 0.02566578 0.11963341
v -0.07798803 0.02566930 0.11967850
v -0.07794078 0.02568180 0.11964310
v -0.07797139 0.02568516 0.11968661
v -0.07792125 0.02569247 0.11965491
v -0.07795228 0.02569613 0.11969710
v -0.07830601 0.02629698 0.12016781
v -0.07830790 0.02629740 0.12017051
v -0.07805230 0.02685181 0.12016501
v -0.07831823 0.02629971 0.12018480
v -0.07830445 0.02629663 0.12016571
v -0.07827758 0.02629069 0.12014490
v -0.07829058 0.02629356 0.12015391
v -0.07803833 0.02684524 0.12015001
v -0.07829722 0.02629503 0.12015851
v -0.07826896 0.02628879 0.12014081
v -0.07827296 0.02628967 0.12014271
v -0.07802177 0.02683749 0.12013871
v -0.07827443 0.02628999 0.12014341
v -0.07800339 0.02682894 0.12013151
v -0.07825383 0.02628547 0.12013660
v -0.07823548 0.02628145 0.12013331
v -0.07824567 0.02628368 0.12013431
v -0.07825306 0.02628530 0.12013640
v -0.07735192 0.02873186 0.12016491
v -0.07723211 0.02908556 0.12014611
v -0.07757631 0.02794972 0.12015430
v -0.07772760 0.02763091 0.12017460
v -0.07709169 0.02987055 0.12014271
v -0.07709929 0.02994702 0.12015800
v -0.07702835 0.03092941 0.12014120
v -0.07714457 0.03221072 0.12015911
v -0.07714235 0.03233341 0.12014380
v -0.07705793 0.03114355 0.12015681
v -0.07745237 0.03378383 0.12016661
v -0.07752436 0.03419486 0.12015230
v -0.07824216 0.03748664 0.12018361
v -0.07833015 0.03811828 0.12016830
v -0.07810170 0.03667684 0.12016401
v -0.07791240 0.03580997 0.12017670
v -0.07756205 0.02794431 0.12014030
v -0.07721743 0.02908216 0.12013301
v -0.07707688 0.02986865 0.12013000
v -0.07701346 0.03092949 0.12012861
v -0.07712754 0.03233564 0.12013100
v -0.07750965 0.03419847 0.12013871
v -0.07808670 0.03667984 0.12014981
v -0.07831495 0.03812006 0.12015391
v -0.07843180 0.03977679 0.12017020
v -0.07841648 0.03977690 0.12015581
v -0.07839315 0.03895063 0.12018661
v -0.07754536 0.02793803 0.12012971
v -0.07720051 0.02907825 0.12012311
v -0.07705986 0.02986648 0.12012041
v -0.07699640 0.03092958 0.12011921
v -0.07711052 0.03233818 0.12012140
v -0.07749257 0.03420263 0.12012851
v -0.07806913 0.03668332 0.12013901
v -0.07829708 0.03812215 0.12014310
v -0.07839849 0.03977704 0.12014490
v -0.07752700 0.02793114 0.12012311
v -0.07718203 0.02907400 0.12011690
v -0.07704132 0.02986412 0.12011441
v -0.07697786 0.03092968 0.12011320
v -0.07709196 0.03234093 0.12011531
v -0.07747380 0.03420716 0.12012211
v -0.07804975 0.03668715 0.12013221
v -0.07827736 0.03812445 0.12013621
v -0.07837858 0.03977719 0.12013801
v -0.07825315 0.02618960 0.12013601
v -0.07824981 0.02618960 0.12013511
v -0.07824855 0.02614308 0.12013290
v -0.07827285 0.02618960 0.12014290
v -0.07826658 0.02618960 0.12013991
v -0.07826530 0.02614179 0.12013761
v -0.07829074 0.02618960 0.12015371
v -0.07828225 0.02618960 0.12014750
v -0.07828096 0.02614029 0.12014521
v -0.07830606 0.02618960 0.12016791
v -0.07829638 0.02618960 0.12015780
v -0.07829503 0.02613863 0.12015541
v -0.07830712 0.02613686 0.12016791
v -0.07830848 0.02618960 0.12017041
v -0.07818698 0.02594098 0.12006441
v -0.07819703 0.02591469 0.12005201
v -0.07822068 0.02598000 0.12008871
v -0.07822017 0.02606101 0.12011420
v -0.07824242 0.02608067 0.12012301
v -0.07814894 0.02582824 0.11997870
v -0.07812259 0.02579498 0.11993941
v -0.07804811 0.02573220 0.11983091
v -0.07805687 0.02576268 0.11987841
v -0.07796737 0.02571537 0.11975690
v -0.07825917 0.02607765 0.12012741
v -0.07823751 0.02597423 0.12009180
v -0.07821400 0.02590723 0.12005381
v -0.07816621 0.02581870 0.11997790
v -0.07814006 0.02578474 0.11993711
v -0.07806623 0.02572100 0.11982490
v -0.07827481 0.02607414 0.12013460
v -0.07825316 0.02596747 0.12009791
v -0.07822969 0.02589834 0.12005851
v -0.07818203 0.02580702 0.11998001
v -0.07815596 0.02577199 0.11993780
v -0.07808239 0.02570624 0.11982171
v -0.07828884 0.02607024 0.12014451
v -0.07826710 0.02595992 0.12010650
v -0.07824356 0.02588836 0.12006591
v -0.07819574 0.02579367 0.11998491
v -0.07816961 0.02575727 0.11994140
v -0.07809584 0.02568866 0.11982141
v -0.07830085 0.02606609 0.12015671
v -0.07827887 0.02595183 0.12011761
v -0.07825509 0.02587762 0.12007580
v -0.07820684 0.02577916 0.11999251
v -0.07818042 0.02574117 0.11994761
v -0.07810589 0.02566911 0.11982400
v -0.07823548 0.02628145 0.12013331
v -0.07825383 0.02628547 0.12013660
v -0.07825306 0.02628530 0.12013640
v -0.07824567 0.02628368 0.12013431
v -0.07827443 0.02628999 0.12014341
v -0.07827296 0.02628967 0.12014271
v -0.07826896 0.02628879 0.12014081
v -0.07830445 0.02629663 0.12016571
v -0.07829722 0.02629503 0.12015851
v -0.07829058 0.02629356 0.12015391
v -0.07827758 0.02629069 0.12014490
v -0.07830790 0.02629740 0.12017051
v -0.07830601 0.02629698 0.12016781
v -0.06725100 -0.03591830 0.11926671
v -0.06721049 -0.03591808 0.11934090
v -0.06724459 -0.03589274 0.12198491
v -0.06727530 -0.03589595 0.12201541
v -0.06727666 -0.03589604 0.12201630
v -0.06731324 -0.03589844 0.12203911
v -0.06731489 -0.03589850 0.12203971
v -0.06735550 -0.03589999 0.12205381
v -0.06735733 -0.03590001 0.12205401
v -0.06724364 -0.03589264 0.12198391
v -0.06722032 -0.03588876 0.12194700
v -0.06721981 -0.03588867 0.12194620
v -0.06720520 -0.03588431 0.12190461
v -0.06720501 -0.03588426 0.12190420
v -0.06735550 -0.02789684 0.12289500
v -0.06731324 -0.02789607 0.12288021
v -0.06727530 -0.02789482 0.12285641
v -0.06724364 -0.02789316 0.12282471
v -0.06721981 -0.02789117 0.12278680
v -0.06720501 -0.02788895 0.12274451
v -0.06721981 -0.02789117 0.12278680
v -0.06720501 -0.02788895 0.12274451
v -0.06720585 -0.02489710 0.12274441
v -0.06720682 -0.02489710 0.12275181
v -0.06722110 -0.02489710 0.12278621
v -0.06724364 -0.02789316 0.12282471
v -0.06722680 -0.02489710 0.12280001
v -0.06724498 -0.02489710 0.12282371
v -0.06725859 -0.02489710 0.12284141
v -0.06727530 -0.02789482 0.12285641
v -0.06727632 -0.02489710 0.12285501
v -0.06730001 -0.02489710 0.12287321
v -0.06731324 -0.02789607 0.12288021
v -0.06731376 -0.02489710 0.12287890
v -0.06734825 -0.02489710 0.12289321
v -0.06735550 -0.02789684 0.12289500
v -0.06735562 -0.02489710 0.12289421
v -0.06720682 -0.02431522 0.12282841
v -0.06720682 -0.02377299 0.12305301
v -0.06720682 -0.02330736 0.12341031
v -0.06720682 -0.02295007 0.12387591
v -0.06720682 -0.02272547 0.12441810
v -0.06720682 -0.02264887 0.12500001
v -0.06720682 -0.02272547 0.12558191
v -0.06720682 -0.02295007 0.12612411
v -0.06720682 -0.02330736 0.12658970
v -0.06720682 -0.02377299 0.12694700
v -0.06720682 -0.02431522 0.12717161
v -0.06720682 -0.02489710 0.12724821
v -0.06722680 -0.02432770 0.12287501
v -0.06722680 -0.02379710 0.12309471
v -0.06722680 -0.02334147 0.12344440
v -0.06722680 -0.02299185 0.12390001
v -0.06722680 -0.02277207 0.12443061
v -0.06722680 -0.02269710 0.12500001
v -0.06722680 -0.02277207 0.12556940
v -0.06722680 -0.02299185 0.12610000
v -0.06722680 -0.02334147 0.12655561
v -0.06722680 -0.02379710 0.12690530
v -0.06722680 -0.02432770 0.12712501
v -0.06722680 -0.02489710 0.12720000
v -0.06725859 -0.02433842 0.12291501
v -0.06725859 -0.02381782 0.12313061
v -0.06725859 -0.02337076 0.12347371
v -0.06725859 -0.02302772 0.12392071
v -0.06725859 -0.02281208 0.12444131
v -0.06725859 -0.02273853 0.12500001
v -0.06725859 -0.02281208 0.12555871
v -0.06725859 -0.02302772 0.12607931
v -0.06725859 -0.02337076 0.12652630
v -0.06725859 -0.02381782 0.12686941
v -0.06725859 -0.02433842 0.12708501
v -0.06725859 -0.02489710 0.12715861
v -0.06730001 -0.02434665 0.12294571
v -0.06730001 -0.02383371 0.12315810
v -0.06730001 -0.02339323 0.12349611
v -0.06730001 -0.02305525 0.12393661
v -0.06730001 -0.02284278 0.12444961
v -0.06730001 -0.02277031 0.12500001
v -0.06730001 -0.02284278 0.12555041
v -0.06730001 -0.02305525 0.12606341
v -0.06730001 -0.02339323 0.12650390
v -0.06730001 -0.02383371 0.12684191
v -0.06730001 -0.02434665 0.12705430
v -0.06730001 -0.02489710 0.12712681
v -0.06734825 -0.02435182 0.12296500
v -0.06734825 -0.02384370 0.12317541
v -0.06734825 -0.02340736 0.12351031
v -0.06734825 -0.02307255 0.12394661
v -0.06734825 -0.02286208 0.12445470
v -0.06734825 -0.02279029 0.12500001
v -0.06734825 -0.02286208 0.12554531
v -0.06734825 -0.02307255 0.12605340
v -0.06734825 -0.02340736 0.12648971
v -0.06734825 -0.02384370 0.12682461
v -0.06734825 -0.02435182 0.12703501
v -0.06734825 -0.02489710 0.12710680
v -0.06737390 -0.02789701 0.12710171
v -0.06734825 -0.02789675 0.12710680
v -0.06732347 -0.02789631 0.12711520
v -0.06730001 -0.02789570 0.12712681
v -0.06727825 -0.02789494 0.12714130
v -0.06725859 -0.02789403 0.12715861
v -0.06722680 -0.02789186 0.12720000
v -0.06720682 -0.02788934 0.12724821
v -0.06720591 -0.03588430 0.12809540
v -0.06720682 -0.02788934 0.12724821
v -0.06720682 -0.03588502 0.12808860
v -0.06722148 -0.03588871 0.12805341
v -0.06722680 -0.02789186 0.12720000
v -0.06722680 -0.03589006 0.12804061
v -0.06724578 -0.03589264 0.12801601
v -0.06725859 -0.02789403 0.12715861
v -0.06725859 -0.03589439 0.12799950
v -0.06727825 -0.02789494 0.12714130
v -0.06727761 -0.03589591 0.12798491
v -0.06730001 -0.02789570 0.12712681
v -0.06730001 -0.03589771 0.12796780
v -0.06732347 -0.02789631 0.12711520
v -0.06731539 -0.03589838 0.12796151
v -0.06734825 -0.02789675 0.12710680
v -0.06734825 -0.03589980 0.12794800
v -0.06737390 -0.02789701 0.12710171
v -0.06735743 -0.03589992 0.12794681
v -0.06734960 -0.03590861 0.12794871
v -0.06721049 -0.03591808 0.13065911
f 1 2 3
f 4 5 3
f 5 6 3
f 3 6 1
f 4 7 5
f 7 8 5
f 5 8 9
f 8 10 9
f 9 10 11
f 11 12 9
f 12 13 9
f 9 13 14
f 15 16 17
f 18 5 19
f 5 15 19
f 19 15 20
f 15 17 20
f 18 21 5
f 21 22 5
f 5 22 6
f 22 23 6
f 6 23 24
f 23 25 24
f 26 27 28
f 26 28 29
f 30 31 32
f 33 34 35
f 34 36 35
f 35 36 32
f 36 37 32
f 32 37 30
f 33 38 34
f 38 39 34
f 34 39 28
f 39 40 28
f 28 40 29
f 41 42 43
f 42 44 43
f 43 44 45
f 45 46 43
f 46 47 43
f 43 47 34
f 47 48 34
f 48 49 34
f 34 49 36
f 49 50 36
f 36 50 51
f 52 53 54
f 54 55 52
f 55 56 52
f 52 56 57
f 57 58 52
f 58 59 52
f 52 59 60
f 59 61 60
f 61 62 60
f 60 62 63
f 62 64 63
f 65 66 64
f 66 67 64
f 64 67 63
f 68 69 60
f 68 60 70
f 60 63 70
f 70 63 71
f 69 72 60
f 72 73 60
f 60 73 74
f 74 75 60
f 75 76 60
f 60 76 77
f 76 78 77
f 79 80 81
f 82 83 84
f 79 81 84
f 81 85 84
f 84 85 82
f 80 86 81
f 86 87 81
f 81 87 88
f 88 89 81
f 89 90 81
f 81 90 91
f 92 93 81
f 94 95 81
f 95 96 81
f 81 96 92
f 93 97 81
f 97 98 81
f 81 98 85
f 98 99 85
f 85 99 100
f 99 101 100
f 102 103 104
f 105 106 107
f 106 108 107
f 105 109 106
f 109 110 106
f 106 110 104
f 110 111 104
f 104 111 102
f 112 113 114
f 115 116 113
f 116 117 113
f 113 117 114
f 118 119 114
f 119 104 114
f 114 104 112
f 104 103 112
f 119 120 104
f 120 121 104
f 104 121 122
f 121 123 122
f 123 124 122
f 122 124 125
f 125 126 122
f 126 127 122
f 122 127 128
f 129 130 131
f 132 133 134
f 133 135 134
f 134 135 131
f 135 136 131
f 131 136 129
f 130 137 131
f 137 138 131
f 131 138 139
f 140 141 142
f 141 143 142
f 142 143 144
f 145 146 147
f 148 149 150
f 149 151 150
f 151 152 150
f 152 153 150
f 150 153 154
f 153 155 154
f 155 156 154
f 154 156 157
f 157 158 154
f 158 159 154
f 154 159 160
f 159 161 160
f 147 148 145
f 148 150 145
f 145 150 162
f 150 163 162
f 162 163 164
f 163 165 164
f 164 165 166
f 165 167 166
f 166 167 168
f 167 169 168
f 168 169 170
f 169 171 170
f 170 171 172
f 171 173 172
f 172 173 174
f 173 175 174
f 174 175 176
f 175 177 176
f 176 177 178
f 177 179 178
f 178 179 180
f 179 181 180
f 180 181 182
f 181 183 182
f 182 183 184
f 183 185 184
f 184 185 186
f 185 187 186
f 186 187 188
f 187 189 188
f 188 189 190
f 189 191 190
f 190 191 192
f 191 193 192
f 192 193 142
f 193 131 142
f 142 131 140
f 131 139 140
f 194 195 196
f 197 198 199
f 198 200 199
f 200 198 201
f 198 202 201
f 201 202 203
f 202 204 203
f 203 204 196
f 204 205 196
f 196 205 206
f 206 207 196
f 207 208 196
f 196 208 194
f 209 203 210
f 203 211 210
f 210 211 212
f 209 213 203
f 213 214 203
f 203 214 215
f 215 216 203
f 216 217 203
f 203 217 201
f 217 218 201
f 201 218 219
f 220 221 222
f 223 224 225
f 226 227 228
f 229 230 231
f 232 233 234
f 235 236 237
f 238 239 240
f 241 242 243
f 244 245 246
f 247 248 246
f 249 250 246
f 251 252 246
f 251 246 253
f 254 255 246
f 254 246 256
f 257 258 259
f 258 246 259
f 260 261 246
f 262 263 246
f 264 265 246
f 264 246 266
f 267 268 246
f 269 270 246
f 271 272 246
f 273 274 275
f 276 277 278
f 279 280 281
f 282 283 284
f 284 283 285
f 286 287 288
f 289 290 258
f 290 246 258
f 291 292 293
f 294 295 254
f 296 297 298
f 299 300 301
f 302 303 304
f 305 306 307
f 308 309 310
f 311 312 313
f 314 315 316
f 317 318 319
f 320 321 322
f 323 324 325
f 326 327 328
f 329 330 331
f 328 327 332
f 333 334 335
f 336 337 272
f 337 246 272
f 245 271 246
f 338 339 340
f 341 342 343
f 344 345 346
f 347 348 349
f 348 347 350
f 347 351 350
f 350 351 352
f 353 354 355
f 355 356 353
f 356 357 353
f 353 357 351
f 357 358 351
f 351 358 352
f 359 360 354
f 360 361 354
f 354 361 355
f 362 363 364
f 365 366 367
f 366 368 367
f 367 368 363
f 368 369 363
f 363 369 364
f 370 371 365
f 372 373 374
f 373 375 374
f 374 375 376
f 377 378 379
f 379 380 377
f 380 381 377
f 377 381 382
f 381 383 382
f 382 383 384
f 384 385 382
f 385 386 382
f 382 386 387
f 387 388 382
f 388 389 382
f 382 389 372
f 390 391 392
f 391 393 392
f 392 393 394
f 394 395 392
f 395 396 392
f 392 396 377
f 396 397 377
f 377 397 378
f 398 399 400
f 399 401 400
f 400 401 346
f 401 402 346
f 346 402 344
f 403 404 405
f 404 406 405
f 407 408 409
f 410 411 412
f 413 414 415
f 414 416 415
f 415 416 410
f 416 417 410
f 410 417 411
f 418 419 420
f 419 421 420
f 420 421 422
f 423 424 421
f 424 425 421
f 421 425 422
f 342 426 427
f 426 428 427
f 427 428 423
f 428 429 423
f 423 429 424
f 430 338 343
f 338 340 343
f 343 340 341
f 340 431 341
f 341 431 432
f 342 427 343
f 427 433 343
f 343 433 430
f 419 434 421
f 434 435 421
f 421 435 423
f 435 436 423
f 423 436 427
f 436 437 427
f 427 437 433
f 438 439 419
f 439 440 419
f 419 440 434
f 438 441 442
f 442 443 438
f 443 444 438
f 438 444 439
f 418 445 419
f 445 413 419
f 419 413 438
f 413 415 438
f 438 415 441
f 415 410 441
f 441 410 446
f 406 404 447
f 404 407 447
f 447 407 412
f 407 409 412
f 412 409 410
f 409 448 410
f 410 448 446
f 449 450 403
f 450 451 403
f 403 451 404
f 451 452 404
f 404 452 407
f 452 453 407
f 407 453 408
f 403 398 449
f 398 400 449
f 449 400 454
f 400 455 454
f 456 346 457
f 346 458 457
f 457 458 459
f 458 460 459
f 456 461 346
f 461 462 346
f 346 462 463
f 463 464 346
f 464 465 346
f 346 465 400
f 465 466 400
f 400 466 455
f 467 468 268
f 469 470 267
f 470 471 267
f 267 471 268
f 471 472 268
f 268 472 467
f 246 270 267
f 270 473 267
f 267 473 469
f 474 475 269
f 475 476 269
f 269 476 270
f 476 477 270
f 270 477 473
f 478 479 480
f 479 481 480
f 481 474 480
f 474 269 480
f 480 269 246
f 482 483 484
f 484 478 482
f 478 480 482
f 482 480 246
f 336 483 337
f 483 482 337
f 337 482 246
f 485 486 487
f 486 488 487
f 487 488 489
f 490 491 492
f 491 493 492
f 492 493 494
f 493 495 494
f 494 495 496
f 497 498 499
f 498 500 499
f 499 500 501
f 500 502 501
f 501 502 490
f 503 504 505
f 504 497 505
f 503 505 506
f 505 507 506
f 506 507 508
f 507 509 508
f 508 509 510
f 510 509 511
f 509 512 511
f 511 512 513
f 513 512 514
f 512 515 514
f 514 515 516
f 517 515 518
f 515 512 518
f 518 512 519
f 512 509 519
f 519 509 520
f 520 509 521
f 509 507 521
f 521 507 522
f 522 507 523
f 507 505 523
f 523 505 524
f 497 499 505
f 499 525 505
f 505 525 524
f 526 527 501
f 527 528 501
f 501 528 499
f 528 529 499
f 499 529 525
f 490 492 501
f 492 530 501
f 501 530 526
f 531 532 494
f 532 533 494
f 494 533 492
f 533 534 492
f 492 534 530
f 496 486 494
f 486 485 494
f 494 485 531
f 485 335 531
f 531 335 535
f 335 334 535
f 246 250 247
f 250 536 247
f 247 536 537
f 537 538 247
f 538 539 247
f 247 539 248
f 539 540 248
f 248 540 541
f 542 543 249
f 543 544 249
f 249 544 250
f 544 545 250
f 250 545 536
f 546 547 548
f 547 549 548
f 548 549 550
f 550 542 548
f 542 249 548
f 548 249 246
f 551 552 553
f 552 554 553
f 554 546 553
f 546 548 553
f 553 548 246
f 555 556 557
f 556 558 557
f 557 558 559
f 559 560 557
f 560 561 557
f 557 561 562
f 561 563 562
f 563 551 562
f 551 553 562
f 562 553 246
f 564 565 566
f 565 567 566
f 566 567 557
f 567 568 557
f 557 568 555
f 564 566 569
f 566 570 569
f 569 570 571
f 570 572 571
f 571 572 573
f 330 574 331
f 574 575 331
f 331 575 573
f 576 577 578
f 579 580 578
f 580 581 578
f 582 583 584
f 583 585 584
f 584 585 586
f 587 588 589
f 588 590 589
f 589 590 586
f 591 592 587
f 592 593 587
f 587 593 588
f 594 595 596
f 595 597 596
f 596 597 591
f 597 598 591
f 591 598 592
f 599 600 596
f 600 601 596
f 596 601 602
f 603 594 604
f 594 596 604
f 604 596 605
f 596 602 605
f 599 596 606
f 596 591 606
f 606 591 607
f 607 591 608
f 591 587 608
f 608 587 609
f 609 587 610
f 587 589 610
f 610 589 611
f 586 585 589
f 585 612 589
f 589 612 611
f 613 614 615
f 614 616 615
f 615 616 583
f 616 617 583
f 583 617 585
f 617 618 585
f 585 618 612
f 577 613 578
f 613 615 578
f 578 615 579
f 615 583 579
f 579 583 619
f 583 582 619
f 572 332 573
f 332 327 573
f 573 327 331
f 327 326 331
f 581 620 578
f 620 329 578
f 578 329 576
f 329 331 576
f 576 331 621
f 331 326 621
f 622 623 557
f 623 624 557
f 557 624 566
f 624 625 566
f 566 625 570
f 626 627 628
f 626 628 629
f 629 628 630
f 628 631 630
f 630 631 632
f 627 633 628
f 633 634 628
f 628 634 635
f 636 637 638
f 637 639 638
f 639 640 638
f 638 640 641
f 641 642 638
f 642 643 638
f 638 643 644
f 644 645 638
f 645 646 638
f 638 646 631
f 646 647 631
f 631 647 632
f 325 324 648
f 324 242 648
f 648 242 649
f 242 241 649
f 649 241 650
f 651 652 653
f 652 654 653
f 655 656 657
f 658 659 660
f 659 661 660
f 662 663 664
f 665 666 314
f 665 314 667
f 314 316 667
f 667 316 668
f 316 669 668
f 668 669 670
f 313 312 671
f 312 672 671
f 672 673 671
f 671 673 669
f 673 674 669
f 669 674 670
f 675 676 677
f 676 678 677
f 677 678 313
f 678 679 313
f 313 679 311
f 680 681 682
f 681 683 682
f 682 683 684
f 683 675 684
f 685 686 680
f 687 688 689
f 688 690 689
f 690 691 689
f 691 692 689
f 689 692 693
f 309 694 310
f 694 695 310
f 310 695 696
f 695 697 696
f 697 698 696
f 696 698 699
f 699 700 696
f 700 701 696
f 696 701 702
f 703 704 705
f 704 706 705
f 705 706 310
f 706 707 310
f 310 707 308
f 708 709 703
f 708 703 710
f 710 703 711
f 703 712 711
f 711 712 713
f 709 714 703
f 714 715 703
f 703 715 704
f 305 307 716
f 307 717 716
f 716 717 718
f 718 717 719
f 717 720 719
f 719 720 302
f 304 303 721
f 303 722 721
f 721 722 300
f 299 301 297
f 296 298 723
f 724 725 726
f 727 728 729
f 728 724 729
f 729 724 730
f 724 726 730
f 731 732 733
f 732 734 733
f 733 734 725
f 734 735 725
f 725 735 726
f 736 737 738
f 737 739 738
f 740 741 742
f 741 738 742
f 742 738 743
f 738 739 743
f 743 739 744
f 745 736 733
f 736 738 733
f 733 738 731
f 738 741 731
f 745 733 746
f 733 725 746
f 746 725 747
f 725 724 747
f 747 724 748
f 297 301 298
f 301 749 298
f 298 749 750
f 749 751 750
f 750 751 752
f 300 722 301
f 722 753 301
f 301 753 754
f 754 755 301
f 755 756 301
f 301 756 749
f 720 757 758
f 302 720 303
f 720 758 303
f 303 758 722
f 758 759 722
f 722 759 753
f 713 712 760
f 712 761 760
f 760 761 762
f 761 763 762
f 762 763 306
f 763 764 306
f 306 764 307
f 764 765 307
f 307 765 717
f 765 766 717
f 717 766 720
f 766 767 720
f 720 767 757
f 768 769 255
f 770 712 771
f 712 772 771
f 770 773 712
f 773 774 712
f 712 774 775
f 775 776 712
f 776 777 712
f 712 777 761
f 777 778 761
f 761 778 763
f 254 295 255
f 295 779 255
f 255 779 780
f 780 781 255
f 781 782 255
f 255 782 768
f 783 784 256
f 784 785 256
f 256 785 254
f 785 786 254
f 254 786 294
f 292 783 293
f 783 256 293
f 293 256 246
f 787 788 789
f 788 790 789
f 787 291 788
f 291 293 788
f 788 293 246
f 289 790 290
f 790 788 290
f 290 788 246
f 791 792 793
f 792 794 793
f 795 796 797
f 796 798 797
f 797 798 799
f 800 801 802
f 801 803 802
f 802 803 798
f 803 804 798
f 798 804 799
f 805 806 807
f 806 808 807
f 807 808 800
f 808 809 800
f 800 809 801
f 805 807 810
f 807 811 810
f 810 811 812
f 811 813 812
f 812 813 814
f 814 813 815
f 813 816 815
f 815 816 817
f 817 816 818
f 816 819 818
f 818 819 820
f 821 822 823
f 822 824 823
f 823 824 825
f 825 824 826
f 824 827 826
f 826 827 828
f 828 827 829
f 827 830 829
f 829 830 831
f 831 830 832
f 830 833 832
f 832 833 834
f 834 833 835
f 833 836 835
f 835 836 837
f 837 836 838
f 836 839 838
f 838 839 840
f 841 842 839
f 842 843 839
f 839 843 840
f 844 845 841
f 845 846 841
f 841 846 842
f 847 848 849
f 848 850 849
f 849 850 851
f 852 853 260
f 246 263 260
f 263 854 260
f 260 854 852
f 855 261 856
f 261 260 856
f 856 260 857
f 260 853 857
f 858 859 262
f 859 860 262
f 262 860 263
f 860 861 263
f 263 861 854
f 862 863 864
f 863 865 864
f 865 858 864
f 858 262 864
f 864 262 246
f 866 867 868
f 867 869 868
f 869 862 868
f 862 864 868
f 868 864 246
f 870 871 872
f 871 873 872
f 873 874 872
f 874 875 872
f 872 875 876
f 876 877 872
f 877 878 872
f 872 878 879
f 880 881 265
f 881 882 265
f 265 882 883
f 883 866 265
f 866 868 265
f 265 868 246
f 884 885 286
f 884 286 886
f 286 288 886
f 886 288 887
f 888 889 887
f 889 890 887
f 887 890 886
f 891 892 893
f 892 894 893
f 893 894 895
f 894 896 895
f 895 896 897
f 898 899 896
f 899 900 896
f 896 900 897
f 901 902 903
f 902 904 903
f 903 904 905
f 906 907 901
f 907 908 901
f 901 908 902
f 909 910 906
f 910 911 906
f 906 911 907
f 912 913 914
f 913 915 914
f 914 915 909
f 915 916 909
f 909 916 910
f 917 918 919
f 920 912 921
f 912 914 921
f 921 914 919
f 917 919 922
f 919 914 922
f 922 914 923
f 914 909 923
f 923 909 924
f 924 909 925
f 909 906 925
f 925 906 926
f 926 906 927
f 906 901 927
f 927 901 285
f 282 284 928
f 284 929 928
f 928 929 930
f 930 929 931
f 929 898 931
f 931 898 932
f 932 898 933
f 898 896 933
f 933 896 934
f 896 894 934
f 934 894 935
f 935 894 936
f 894 892 936
f 936 892 937
f 287 938 288
f 938 937 288
f 288 937 887
f 937 892 887
f 887 892 888
f 892 891 888
f 939 940 872
f 940 885 872
f 872 885 870
f 885 884 870
f 870 884 871
f 941 942 943
f 942 944 943
f 941 945 942
f 945 946 942
f 942 946 872
f 946 947 872
f 872 947 939
f 280 948 281
f 948 949 281
f 281 949 950
f 949 951 950
f 950 951 942
f 951 952 942
f 942 952 944
f 277 953 954
f 953 955 954
f 955 956 954
f 954 956 957
f 957 958 954
f 958 959 954
f 954 959 281
f 959 960 281
f 281 960 279
f 276 278 961
f 962 963 964
f 963 965 964
f 966 967 968
f 967 962 968
f 966 968 969
f 968 970 969
f 969 970 274
f 971 972 275
f 972 973 275
f 275 973 273
f 974 975 971
f 975 976 971
f 971 976 972
f 977 978 974
f 978 979 974
f 974 979 975
f 980 981 977
f 981 982 977
f 977 982 978
f 980 983 984
f 985 986 984
f 986 987 984
f 984 987 980
f 987 988 980
f 980 988 981
f 246 458 989
f 458 346 989
f 989 346 392
f 346 345 392
f 392 345 390
f 266 950 264
f 950 942 264
f 264 942 265
f 942 872 265
f 265 872 880
f 872 879 880
f 246 847 990
f 847 849 990
f 990 849 844
f 849 851 844
f 844 851 845
f 795 991 796
f 991 794 796
f 796 794 257
f 794 792 257
f 257 792 258
f 792 791 258
f 258 791 289
f 992 772 253
f 772 712 253
f 253 712 251
f 712 703 251
f 251 703 252
f 703 705 252
f 769 992 255
f 992 253 255
f 255 253 246
f 246 993 562
f 993 628 562
f 562 628 557
f 628 635 557
f 557 635 622
f 994 995 244
f 995 333 244
f 244 333 245
f 333 335 245
f 245 335 271
f 335 485 271
f 271 485 272
f 485 487 272
f 272 487 336
f 487 489 336
f 541 994 248
f 994 244 248
f 248 244 246
f 996 243 997
f 243 242 997
f 997 242 998
f 242 324 998
f 998 324 638
f 324 323 638
f 638 323 636
f 285 901 284
f 901 903 284
f 284 903 929
f 903 905 929
f 929 905 898
f 905 999 898
f 898 999 899
f 752 748 750
f 748 724 750
f 750 724 298
f 724 728 298
f 298 728 723
f 728 727 723
f 1000 996 1001
f 996 997 1001
f 1001 997 1002
f 997 998 1002
f 1002 998 1003
f 998 638 1003
f 1003 638 696
f 638 631 696
f 696 631 310
f 631 628 310
f 310 628 705
f 628 993 705
f 705 993 252
f 993 246 252
f 1004 1000 1005
f 1000 1001 1005
f 1005 1001 1006
f 1001 1002 1006
f 1006 1002 1007
f 1002 1003 1007
f 1007 1003 693
f 1003 696 693
f 693 696 689
f 696 702 689
f 689 702 687
f 237 1004 1008
f 1004 1005 1008
f 1008 1005 1009
f 1005 1006 1009
f 1009 1006 1010
f 1006 1007 1010
f 1010 1007 1011
f 1007 693 1011
f 1011 693 685
f 693 692 685
f 685 692 686
f 365 367 370
f 367 363 370
f 370 363 1012
f 363 362 1012
f 1012 362 1013
f 362 1014 1013
f 1013 1014 1015
f 1014 1016 1015
f 1015 1016 1017
f 1016 1018 1017
f 1017 1018 1019
f 372 374 382
f 374 376 382
f 382 376 1020
f 376 1021 1020
f 1020 1021 1022
f 1021 1023 1022
f 1022 1023 1024
f 1023 1025 1024
f 1024 1025 1026
f 1025 1027 1026
f 1026 1027 1028
f 1027 1029 1028
f 1028 1029 1030
f 277 954 278
f 954 1031 278
f 278 1031 1032
f 1031 1033 1032
f 1032 1033 1034
f 1033 1035 1034
f 1034 1035 1036
f 1035 1037 1036
f 1036 1037 1038
f 1037 1039 1038
f 1038 1039 1040
f 1039 1041 1040
f 1040 1041 1042
f 962 964 968
f 964 1043 968
f 968 1043 970
f 1043 1044 970
f 970 1044 1045
f 1044 1046 1045
f 1045 1046 1047
f 1046 1048 1047
f 1047 1048 1049
f 1048 1050 1049
f 1049 1050 1051
f 318 658 319
f 658 660 319
f 319 660 1052
f 1053 347 1054
f 347 349 1054
f 1054 349 1055
f 1053 1018 347
f 1018 1016 347
f 347 1016 351
f 1016 1014 351
f 351 1014 353
f 1014 362 353
f 353 362 354
f 362 364 354
f 354 364 359
f 1053 1056 1018
f 1056 1057 1018
f 1018 1057 1019
f 1057 1058 1019
f 1019 1058 1059
f 1059 1029 1019
f 1029 1027 1019
f 1019 1027 1017
f 1027 1025 1017
f 1017 1025 1015
f 1025 1023 1015
f 1015 1023 1013
f 1023 1021 1013
f 1013 1021 1012
f 1021 376 1012
f 1012 376 370
f 376 375 370
f 370 375 371
f 1059 1060 1029
f 1060 1061 1029
f 1029 1061 1030
f 1061 1062 1030
f 1030 1062 1063
f 1063 1041 1030
f 1041 1039 1030
f 1030 1039 1028
f 1039 1037 1028
f 1028 1037 1026
f 1037 1035 1026
f 1026 1035 1024
f 1035 1033 1024
f 1024 1033 1022
f 1033 1031 1022
f 1022 1031 1020
f 1031 954 1020
f 1020 954 382
f 954 281 382
f 382 281 377
f 281 950 377
f 377 950 392
f 950 266 392
f 392 266 989
f 266 246 989
f 468 460 268
f 460 458 268
f 268 458 246
f 1063 1064 1041
f 1064 1065 1041
f 1041 1065 1042
f 1065 1066 1042
f 1042 1066 1067
f 1067 1050 1042
f 1050 1048 1042
f 1042 1048 1040
f 1048 1046 1040
f 1040 1046 1038
f 1046 1044 1038
f 1038 1044 1036
f 1044 1043 1036
f 1036 1043 1034
f 1043 964 1034
f 1034 964 1032
f 964 965 1032
f 1032 965 278
f 965 1068 278
f 278 1068 961
f 1067 1069 1050
f 1069 1070 1050
f 1050 1070 1051
f 1070 1071 1051
f 1051 1071 1072
f 274 970 275
f 970 1045 275
f 275 1045 971
f 1045 1047 971
f 971 1047 974
f 1047 1049 974
f 974 1049 977
f 1049 1051 977
f 977 1051 980
f 1051 1072 980
f 980 1072 983
f 1073 822 1074
f 822 821 1074
f 1074 821 1075
f 246 990 259
f 990 844 259
f 259 844 257
f 844 841 257
f 257 841 796
f 841 839 796
f 796 839 798
f 839 836 798
f 798 836 802
f 836 833 802
f 802 833 800
f 833 830 800
f 800 830 807
f 830 827 807
f 807 827 811
f 827 824 811
f 811 824 813
f 824 822 813
f 813 822 816
f 822 1073 816
f 816 1073 819
f 855 848 261
f 848 847 261
f 261 847 246
f 675 677 684
f 677 313 684
f 684 313 1076
f 313 671 1076
f 1076 671 1077
f 671 669 1077
f 1077 669 1078
f 669 316 1078
f 1078 316 240
f 316 315 240
f 240 315 238
f 680 682 685
f 682 684 685
f 685 684 1011
f 684 1076 1011
f 1011 1076 1010
f 1076 1077 1010
f 1010 1077 1009
f 1077 1078 1009
f 1009 1078 1008
f 1078 240 1008
f 1008 240 237
f 240 239 237
f 237 239 235
f 320 650 321
f 650 241 321
f 321 241 1079
f 241 243 1079
f 1079 243 1080
f 243 996 1080
f 1080 996 1081
f 996 1000 1081
f 1081 1000 1082
f 1000 1004 1082
f 1082 1004 234
f 1004 237 234
f 234 237 232
f 237 236 232
f 233 229 234
f 229 231 234
f 234 231 1082
f 231 1083 1082
f 1082 1083 1081
f 1083 1084 1081
f 1081 1084 1080
f 1084 1085 1080
f 1080 1085 1079
f 1085 1086 1079
f 1079 1086 321
f 1086 1087 321
f 321 1087 322
f 230 226 231
f 226 228 231
f 231 228 1083
f 228 1088 1083
f 1083 1088 1084
f 1088 1089 1084
f 1084 1089 1085
f 1089 1090 1085
f 1085 1090 1086
f 1090 1091 1086
f 1086 1091 1087
f 651 1091 652
f 1091 1090 652
f 652 1090 1092
f 1090 1089 1092
f 1092 1089 1093
f 1089 1088 1093
f 1093 1088 225
f 1088 228 225
f 225 228 223
f 228 227 223
f 224 220 225
f 220 222 225
f 225 222 1093
f 222 1094 1093
f 1093 1094 1092
f 1094 655 1092
f 1092 655 652
f 655 657 652
f 652 657 654
f 221 1095 222
f 1095 1052 222
f 222 1052 1094
f 1052 660 1094
f 1094 660 655
f 660 661 655
f 655 661 656
f 1095 1096 1052
f 1096 1097 1052
f 1052 1097 319
f 1097 662 319
f 319 662 317
f 662 664 317
f 1098 1099 1100
f 1101 1102 1103
f 1102 1104 1103
f 1103 1104 1105
f 1104 1106 1105
f 1105 1106 1107
f 1107 1108 1105
f 1108 1109 1105
f 1105 1109 1110
f 1109 1111 1110
f 1110 1111 1112
f 1113 1114 1115
f 1114 1116 1115
f 1115 1116 1117
f 1118 1119 1120
f 1119 1121 1120
f 1122 1123 1124
f 1123 1125 1124
f 1122 1126 1127
f 1126 1128 1127
f 1127 1128 1129
f 1129 1130 1127
f 1130 1131 1127
f 1127 1131 1132
f 1131 1133 1132
f 1132 1133 1134
f 1135 1136 1137
f 1136 1138 1137
f 1137 1138 1139
f 1137 1140 1135
f 1140 1119 1135
f 1135 1119 1127
f 1119 1118 1127
f 1127 1118 1125
f 1141 1142 1143
f 1139 1138 1143
f 1138 1144 1143
f 1143 1144 1141
f 1142 1141 1145
f 1141 1146 1145
f 1145 1146 1099
f 1146 1147 1099
f 1099 1147 1100
f 1098 1100 1148
f 1100 1149 1148
f 1148 1149 1150
f 1149 1151 1150
f 1150 1151 1152
f 1151 1153 1152
f 1152 1153 1154
f 1153 1155 1154
f 1155 1156 1154
f 1154 1156 1157
f 1156 1158 1157
f 1112 1113 1110
f 1113 1115 1110
f 1110 1115 1159
f 1115 1160 1159
f 1159 1160 1161
f 1160 1162 1161
f 1161 1162 1158
f 1162 1163 1158
f 1158 1163 1157
f 1164 1165 1166
f 1164 1166 1167
f 1166 1168 1167
f 1167 1168 1169
f 1165 1164 1170
f 1164 1171 1170
f 1170 1171 1172
f 1173 1174 1171
f 1174 1175 1171
f 1171 1175 1172
f 1176 1177 1173
f 1177 1178 1173
f 1173 1178 1174
f 1179 1180 1181
f 1180 1182 1181
f 1181 1182 1176
f 1182 1183 1176
f 1176 1183 1177
f 1179 1181 1184
f 1181 1185 1184
f 1184 1185 1186
f 1186 1185 1187
f 1185 1188 1187
f 1187 1188 1189
f 1190 1191 1188
f 1191 1192 1188
f 1188 1192 1189
f 1193 1194 1190
f 1194 1195 1190
f 1190 1195 1191
f 1196 1197 1193
f 1197 1198 1193
f 1193 1198 1199
f 1199 1200 1193
f 1200 1201 1193
f 1193 1201 1194
f 1196 1193 1202
f 1193 1203 1202
f 1202 1203 1204
f 1190 1205 1206
f 1190 1206 1193
f 1206 1207 1193
f 1193 1207 1203
f 1205 1190 1208
f 1190 1188 1208
f 1208 1188 1209
f 1209 1188 1210
f 1188 1185 1210
f 1210 1185 1211
f 1211 1185 1212
f 1185 1181 1212
f 1212 1181 1213
f 1213 1181 1214
f 1181 1176 1214
f 1214 1176 1215
f 1171 1216 1173
f 1216 1217 1173
f 1173 1217 1176
f 1217 1218 1176
f 1176 1218 1215
f 1219 1220 1164
f 1220 1221 1164
f 1164 1221 1171
f 1221 1222 1171
f 1171 1222 1216
f 1169 432 1167
f 432 431 1167
f 1167 431 340
f 1219 1164 1223
f 1164 1167 1223
f 1223 1167 1224
f 1167 340 1224
f 1224 340 339
f 1225 1226 1227
f 1227 1228 1225
f 1228 1229 1225
f 1225 1229 1230
f 1229 1231 1230
f 1232 1233 1234
f 1232 1235 1233
f 1235 1236 1233
f 1233 1236 1237
f 1236 1238 1237
f 1238 1236 1239
f 1236 1240 1239
f 1239 1240 1241
f 1242 1243 1244
f 1242 1244 1240
f 1244 1245 1240
f 1240 1245 1241
f 1246 1247 1248
f 1247 1249 1248
f 1248 1249 1250
f 1249 1251 1250
f 1250 1251 1252
f 1246 1248 1253
f 1248 1254 1253
f 1253 1254 1255
f 1255 1254 1256
f 1254 1257 1256
f 1256 1257 1258
f 1258 1257 1259
f 1257 1260 1259
f 1259 1260 1261
f 1260 1053 1054
f 1261 1260 1262
f 1260 1054 1262
f 1262 1054 1055
f 1263 1264 1265
f 1264 1266 1265
f 1265 1266 1267
f 1268 1269 1263
f 1269 1270 1263
f 1263 1270 1264
f 1271 1272 1273
f 1272 1274 1273
f 1273 1274 1268
f 1274 1275 1268
f 1268 1275 1269
f 1276 1277 1278
f 1278 1279 1276
f 1279 1280 1276
f 1276 1280 1273
f 1280 1281 1273
f 1273 1281 1271
f 1282 1283 1277
f 1282 1277 1284
f 1285 1286 1287
f 1285 1287 1282
f 1287 1288 1282
f 1282 1288 1283
f 1289 1290 1291
f 1289 1291 1285
f 1291 1292 1285
f 1285 1292 1286
f 1293 1294 1295
f 1294 1296 1295
f 1295 1296 1297
f 1293 1295 1298
f 1295 1299 1298
f 1298 1299 1300
f 1301 1302 1303
f 1300 1299 1304
f 1299 1305 1304
f 1304 1305 1303
f 1305 1306 1303
f 1303 1306 1301
f 1058 1057 1307
f 1057 1056 1307
f 1308 1059 1058
f 1062 1061 1309
f 1061 1060 1309
f 1064 1063 1310
f 1063 1062 1310
f 1311 1065 1064
f 1069 1067 1312
f 1067 1066 1312
f 1071 1070 1313
f 1070 1069 1313
f 1314 1072 1071
f 1267 985 1265
f 985 984 1265
f 1265 984 983
f 1243 1242 1252
f 1242 1315 1252
f 1252 1315 1250
f 1315 1316 1250
f 1250 1316 1248
f 1316 1317 1248
f 1248 1317 1254
f 1317 1318 1254
f 1254 1318 1257
f 1318 1307 1257
f 1257 1307 1260
f 1307 1056 1260
f 1260 1056 1053
f 1277 1276 1284
f 1276 1273 1284
f 1284 1273 1319
f 1273 1268 1319
f 1319 1268 1320
f 1268 1263 1320
f 1320 1263 1321
f 1263 1265 1321
f 1321 1265 1314
f 1265 983 1314
f 1314 983 1072
f 1234 1231 1232
f 1231 1229 1232
f 1232 1229 1235
f 1229 1322 1235
f 1058 1307 1308
f 1307 1318 1308
f 1308 1318 1323
f 1318 1317 1323
f 1323 1317 1324
f 1317 1316 1324
f 1324 1316 1325
f 1316 1315 1325
f 1325 1315 1326
f 1315 1242 1326
f 1326 1242 1327
f 1242 1240 1327
f 1327 1240 1328
f 1240 1236 1328
f 1328 1236 1329
f 1236 1235 1329
f 1329 1235 1330
f 1235 1322 1330
f 1330 1322 1331
f 1062 1309 1310
f 1309 1332 1310
f 1310 1332 1333
f 1332 1334 1333
f 1333 1334 1335
f 1334 1336 1335
f 1335 1336 1337
f 1336 1338 1337
f 1337 1338 1339
f 1338 1340 1339
f 1339 1340 1341
f 1340 1342 1341
f 1341 1342 1343
f 1342 1344 1343
f 1343 1344 1345
f 1344 1346 1345
f 1345 1346 1347
f 1346 1348 1347
f 1347 1348 1349
f 1064 1310 1311
f 1310 1333 1311
f 1311 1333 1350
f 1333 1335 1350
f 1350 1335 1351
f 1335 1337 1351
f 1351 1337 1352
f 1337 1339 1352
f 1352 1339 1353
f 1339 1341 1353
f 1353 1341 1354
f 1341 1343 1354
f 1354 1343 1355
f 1343 1345 1355
f 1355 1345 1356
f 1345 1347 1356
f 1356 1347 1357
f 1347 1349 1357
f 1357 1349 1358
f 1069 1312 1313
f 1312 1359 1313
f 1313 1359 1360
f 1359 1361 1360
f 1360 1361 1362
f 1361 1363 1362
f 1362 1363 1364
f 1363 1365 1364
f 1364 1365 1366
f 1365 1367 1366
f 1366 1367 1368
f 1367 1369 1368
f 1368 1369 1370
f 1369 1371 1370
f 1370 1371 1372
f 1371 1373 1372
f 1372 1373 1374
f 1373 1375 1374
f 1374 1375 1376
f 1071 1313 1314
f 1313 1360 1314
f 1314 1360 1321
f 1360 1362 1321
f 1321 1362 1320
f 1362 1364 1320
f 1320 1364 1319
f 1364 1366 1319
f 1319 1366 1284
f 1366 1368 1284
f 1284 1368 1282
f 1368 1370 1282
f 1282 1370 1285
f 1370 1372 1285
f 1285 1372 1289
f 1372 1374 1289
f 1289 1374 1377
f 1374 1376 1377
f 1377 1376 1378
f 1228 1379 1229
f 1379 1380 1229
f 1229 1380 1322
f 1380 1381 1322
f 1322 1381 1331
f 1381 1382 1331
f 1331 1382 1383
f 1383 1348 1331
f 1348 1346 1331
f 1331 1346 1330
f 1346 1344 1330
f 1330 1344 1329
f 1344 1342 1329
f 1329 1342 1328
f 1342 1340 1328
f 1328 1340 1327
f 1340 1338 1327
f 1327 1338 1326
f 1338 1384 1326
f 1326 1384 1325
f 1384 1334 1325
f 1325 1334 1324
f 1334 1332 1324
f 1324 1332 1323
f 1332 1309 1323
f 1323 1309 1308
f 1309 1060 1308
f 1308 1060 1059
f 1383 1385 1348
f 1385 1386 1348
f 1348 1386 1349
f 1386 1387 1349
f 1349 1387 1358
f 1387 1388 1358
f 1358 1388 1389
f 1389 1375 1358
f 1375 1373 1358
f 1358 1373 1357
f 1373 1371 1357
f 1357 1371 1356
f 1371 1369 1356
f 1356 1369 1355
f 1369 1367 1355
f 1355 1367 1354
f 1367 1365 1354
f 1354 1365 1353
f 1365 1363 1353
f 1353 1363 1352
f 1363 1361 1352
f 1352 1361 1351
f 1361 1359 1351
f 1351 1359 1350
f 1359 1312 1350
f 1350 1312 1311
f 1312 1066 1311
f 1311 1066 1065
f 1389 1390 1375
f 1390 1391 1375
f 1375 1391 1376
f 1391 1392 1376
f 1376 1392 1378
f 1392 1393 1378
f 1378 1393 1394
f 1290 1289 1297
f 1289 1377 1297
f 1297 1377 1295
f 1377 1378 1295
f 1295 1378 1299
f 1378 1394 1299
f 1299 1394 1305
f 1395 1396 1397
f 1398 1399 1397
f 1400 1401 1402
f 604 605 1403
f 604 1403 603
f 1404 1405 1403
f 1405 1406 1403
f 1403 1406 603
f 1407 1408 1409
f 1408 1410 1409
f 1409 1410 1411
f 1410 1412 1411
f 1413 1414 1412
f 1414 1413 1415
f 1413 1416 1415
f 1415 1416 1417
f 1401 1418 1416
f 1418 1419 1416
f 1416 1419 1417
f 1400 1402 1420
f 1402 1421 1420
f 1420 1421 1422
f 1421 1423 1422
f 1422 1423 1424
f 1397 1399 1423
f 1399 1425 1423
f 1423 1425 1424
f 1398 1397 1426
f 1397 1427 1426
f 1426 1427 1428
f 1429 1430 1431
f 1430 1432 1431
f 1427 1433 1434
f 1430 1428 1432
f 1428 1427 1432
f 1432 1427 1435
f 1427 1434 1435
f 1435 1434 1436
f 1397 1396 1427
f 1396 1437 1427
f 1427 1437 1433
f 1395 1397 1438
f 1397 1423 1438
f 1438 1423 1439
f 1439 1423 1440
f 1423 1421 1440
f 1440 1421 1441
f 1421 1402 1441
f 1441 1402 1442
f 1401 1416 1402
f 1416 1443 1402
f 1402 1443 1442
f 1444 1445 1413
f 1445 1446 1413
f 1413 1446 1416
f 1446 1447 1416
f 1416 1447 1443
f 1412 1410 1413
f 1410 1448 1413
f 1413 1448 1444
f 1449 1450 1408
f 1450 1451 1408
f 1408 1451 1410
f 1451 1452 1410
f 1410 1452 1448
f 1407 1404 1408
f 1404 1403 1408
f 1408 1403 1449
f 1403 605 1449
f 1449 605 602
f 1096 1095 1453
f 221 220 1454
f 224 223 1455
f 227 226 1456
f 230 229 1457
f 233 232 1458
f 236 235 1459
f 239 238 1460
f 315 314 1461
f 1462 1463 1464
f 1465 663 1466
f 663 662 1466
f 1466 662 1097
f 1467 1468 1466
f 1468 1469 1466
f 1466 1469 1465
f 1470 1471 1467
f 1471 1472 1467
f 1467 1472 1468
f 1473 1474 1475
f 1474 1476 1475
f 1475 1476 1470
f 1476 1477 1470
f 1470 1477 1471
f 1478 1479 1480
f 1480 1481 1478
f 1481 1482 1478
f 1478 1482 1475
f 1482 1483 1475
f 1475 1483 1473
f 1484 1485 1479
f 1484 1479 1486
f 1487 1488 1489
f 1487 1489 1484
f 1489 1490 1484
f 1484 1490 1485
f 1491 1492 1493
f 1491 1493 1487
f 1493 1494 1487
f 1487 1494 1488
f 1495 1496 1497
f 1496 1498 1497
f 1499 1500 1501
f 1500 1502 1501
f 1501 1502 1496
f 1502 1503 1496
f 1496 1503 1498
f 1504 1505 1506
f 1505 1507 1506
f 1506 1507 1508
f 1507 1509 1508
f 1510 1511 1512
f 1511 1513 1512
f 1512 1513 1514
f 1515 1516 1510
f 1516 1517 1510
f 1510 1517 1511
f 1518 1515 1519
f 1515 1520 1519
f 1521 1522 1523
f 1522 1524 1523
f 1523 1524 1519
f 1524 1525 1519
f 1519 1525 1518
f 1521 1523 1526
f 1523 1527 1526
f 1526 1527 1528
f 1462 1464 1529
f 1530 1531 1532
f 1531 1533 1532
f 1532 1533 1464
f 1533 1534 1464
f 1464 1534 1529
f 1530 1532 1535
f 1532 1536 1535
f 1535 1536 1537
f 1537 1536 1538
f 1536 1539 1538
f 1538 1539 1540
f 1540 1539 1541
f 1539 1461 1541
f 1541 1461 1542
f 1542 1461 1543
f 1461 314 1543
f 1543 314 666
f 236 1459 232
f 233 1458 229
f 227 1456 223
f 224 1455 220
f 1528 1527 1463
f 1527 1544 1463
f 1463 1544 1464
f 1544 1545 1464
f 1464 1545 1532
f 1545 1546 1532
f 1532 1546 1536
f 1546 1547 1536
f 1536 1547 1539
f 1547 1460 1539
f 1539 1460 1461
f 1460 238 1461
f 1461 238 315
f 1479 1478 1486
f 1478 1475 1486
f 1486 1475 1548
f 1475 1470 1548
f 1548 1470 1549
f 1470 1467 1549
f 1549 1467 1550
f 1467 1466 1550
f 1550 1466 1453
f 1466 1097 1453
f 1453 1097 1096
f 232 1459 1458
f 1459 1551 1458
f 1458 1551 1552
f 1551 1553 1552
f 1552 1553 1554
f 1553 1555 1554
f 1554 1555 1556
f 1555 1557 1556
f 1556 1557 1558
f 1557 1559 1558
f 1558 1559 1560
f 1559 1561 1560
f 1560 1561 1562
f 1561 1563 1562
f 1562 1563 1564
f 1563 1565 1564
f 1564 1565 1566
f 1565 1567 1566
f 1566 1567 1568
f 223 1456 1455
f 1456 1569 1455
f 1455 1569 1570
f 1569 1571 1570
f 1570 1571 1572
f 1571 1573 1572
f 1572 1573 1574
f 1573 1575 1574
f 1574 1575 1576
f 1575 1577 1576
f 1576 1577 1578
f 1577 1579 1578
f 1578 1579 1580
f 1579 1581 1580
f 1580 1581 1582
f 1581 1583 1582
f 1582 1583 1584
f 1583 1585 1584
f 1584 1585 1586
f 1492 1491 1495
f 1491 1587 1495
f 1495 1587 1496
f 1587 1588 1496
f 1496 1588 1501
f 1589 1512 1504
f 1512 1514 1504
f 1504 1514 1505
f 1515 1510 1520
f 1510 1512 1520
f 1520 1512 1590
f 1512 1589 1590
f 1590 1589 1591
f 1591 1567 1590
f 1567 1565 1590
f 1590 1565 1520
f 1565 1563 1520
f 1520 1563 1519
f 1563 1561 1519
f 1519 1561 1523
f 1561 1559 1523
f 1523 1559 1527
f 1559 1557 1527
f 1527 1557 1544
f 1557 1555 1544
f 1544 1555 1545
f 1555 1553 1545
f 1545 1553 1546
f 1553 1551 1546
f 1546 1551 1547
f 1551 1459 1547
f 1547 1459 1460
f 1459 235 1460
f 1460 235 239
f 1591 1592 1567
f 1592 1593 1567
f 1567 1593 1568
f 1593 1594 1568
f 1568 1594 1595
f 229 1458 1457
f 1458 1552 1457
f 1457 1552 1596
f 1552 1554 1596
f 1596 1554 1597
f 1554 1556 1597
f 1597 1556 1598
f 1556 1558 1598
f 1598 1558 1599
f 1558 1560 1599
f 1599 1560 1600
f 1560 1562 1600
f 1600 1562 1601
f 1562 1564 1601
f 1601 1564 1602
f 1564 1566 1602
f 1602 1566 1603
f 1566 1568 1603
f 1603 1568 1604
f 1568 1595 1604
f 1604 1595 1605
f 1605 1585 1604
f 1585 1583 1604
f 1604 1583 1603
f 1583 1581 1603
f 1603 1581 1602
f 1581 1579 1602
f 1602 1579 1601
f 1579 1577 1601
f 1601 1577 1600
f 1577 1575 1600
f 1600 1575 1599
f 1575 1573 1599
f 1599 1573 1598
f 1573 1571 1598
f 1598 1571 1597
f 1571 1569 1597
f 1597 1569 1596
f 1569 1456 1596
f 1596 1456 1457
f 1456 226 1457
f 1457 226 230
f 1605 1606 1585
f 1606 1607 1585
f 1585 1607 1586
f 1607 1608 1586
f 1586 1608 1609
f 220 1455 1454
f 1455 1570 1454
f 1454 1570 1610
f 1570 1572 1610
f 1610 1572 1611
f 1572 1612 1611
f 1611 1612 1613
f 1612 1576 1613
f 1613 1576 1614
f 1576 1578 1614
f 1614 1578 1615
f 1578 1580 1615
f 1615 1580 1616
f 1580 1582 1616
f 1616 1582 1617
f 1582 1584 1617
f 1617 1584 1618
f 1584 1586 1618
f 1618 1586 1619
f 1586 1609 1619
f 1619 1609 1620
f 1620 1588 1619
f 1588 1587 1619
f 1619 1587 1618
f 1587 1491 1618
f 1618 1491 1617
f 1491 1487 1617
f 1617 1487 1616
f 1487 1484 1616
f 1616 1484 1615
f 1484 1486 1615
f 1615 1486 1614
f 1486 1548 1614
f 1614 1548 1613
f 1548 1549 1613
f 1613 1549 1611
f 1549 1550 1611
f 1611 1550 1610
f 1550 1453 1610
f 1610 1453 1454
f 1453 1095 1454
f 1454 1095 221
f 1620 1621 1588
f 1621 1622 1588
f 1588 1622 1501
f 1622 1623 1501
f 1501 1623 1499
f 1623 1624 1499
f 1499 1624 1625
f 1624 1626 1625
f 1625 1626 1627
f 1628 1629 1630
f 516 515 1631
f 1632 1633 1631
f 1633 1634 1631
f 1631 1634 516
f 1635 1636 1637
f 1638 1639 1636
f 1639 1640 1636
f 1636 1640 1637
f 1641 1642 1643
f 1642 1644 1643
f 1643 1644 1645
f 1644 1646 1645
f 1645 1646 1638
f 1647 1648 1649
f 1648 1650 1649
f 1649 1650 1651
f 1652 1653 1650
f 1653 1654 1650
f 1650 1654 1651
f 1655 1656 1652
f 1656 1657 1652
f 1652 1657 1653
f 1658 1659 1630
f 1659 1660 1630
f 1630 1660 1655
f 1660 1661 1655
f 1655 1661 1656
f 1662 1658 1663
f 1658 1630 1663
f 1663 1630 1664
f 1630 1629 1664
f 1628 1630 1665
f 1630 1655 1665
f 1665 1655 1666
f 1650 1667 1652
f 1667 1668 1652
f 1652 1668 1655
f 1668 1669 1655
f 1655 1669 1666
f 1670 1671 1648
f 1671 1672 1648
f 1648 1672 1650
f 1672 1673 1650
f 1650 1673 1667
f 1674 1670 1643
f 1670 1648 1643
f 1643 1648 1641
f 1648 1647 1641
f 1674 1643 1675
f 1643 1645 1675
f 1675 1645 1676
f 1638 1636 1645
f 1636 1677 1645
f 1645 1677 1676
f 1635 1678 1636
f 1678 1679 1636
f 1636 1679 1677
f 1680 1681 1635
f 1681 1682 1635
f 1635 1682 1683
f 1637 1632 1635
f 1632 1631 1635
f 1635 1631 1680
f 1631 515 1680
f 1680 515 517
f 1684 1685 1686
f 1687 1688 1689
f 1690 1691 1692
f 919 1693 921
f 1693 1694 921
f 921 1694 920
f 1686 1695 1693
f 1695 1696 1693
f 1693 1696 1694
f 1697 1698 1686
f 1698 1699 1686
f 1686 1699 1695
f 1700 1701 1697
f 1701 1702 1697
f 1697 1702 1698
f 1703 1704 1705
f 1704 1706 1705
f 1705 1706 1700
f 1706 1707 1700
f 1700 1707 1701
f 1692 1691 1689
f 1691 1708 1689
f 1708 1709 1689
f 1689 1709 1705
f 1709 1710 1705
f 1705 1710 1703
f 1711 1712 1690
f 1713 1714 1715
f 1714 1716 1715
f 1715 1716 1711
f 1716 1717 1711
f 1711 1717 1712
f 1718 1719 1713
f 1720 1721 1722
f 1721 1723 1722
f 1724 1718 1725
f 1718 1726 1725
f 1721 1719 1723
f 1719 1718 1723
f 1723 1718 1727
f 1718 1724 1727
f 1727 1724 1728
f 1713 1715 1718
f 1715 1729 1718
f 1718 1729 1726
f 1730 1731 1711
f 1731 1732 1711
f 1711 1732 1715
f 1732 1733 1715
f 1715 1733 1729
f 1690 1692 1711
f 1692 1734 1711
f 1711 1734 1730
f 1688 1735 1689
f 1735 1736 1689
f 1689 1736 1692
f 1736 1737 1692
f 1692 1737 1734
f 1687 1689 1738
f 1689 1705 1738
f 1738 1705 1739
f 1705 1700 1739
f 1739 1700 1740
f 1697 1741 1742
f 1697 1742 1700
f 1742 1743 1700
f 1700 1743 1740
f 1686 1685 1697
f 1685 1744 1697
f 1697 1744 1741
f 1684 1686 1745
f 1686 1693 1745
f 1745 1693 1746
f 1693 919 1746
f 1746 919 918
f 1747 1748 1749
f 1748 1750 1749
f 1749 1750 1751
f 1750 1752 1751
f 1751 1752 1753
f 1754 1755 1747
f 1756 1757 1754
f 1757 1758 1754
f 1754 1758 1755
f 1759 1760 1756
f 1760 1761 1756
f 1756 1761 1757
f 1762 1763 1764
f 1763 1765 1764
f 1764 1765 1759
f 1765 1766 1759
f 1759 1766 1760
f 1762 1764 1767
f 1764 1768 1767
f 1767 1768 1769
f 1769 1768 1770
f 1768 1771 1770
f 1770 1771 1772
f 1773 1774 1775
f 1774 1776 1775
f 1775 1776 1771
f 1776 1777 1771
f 1771 1777 1772
f 1778 1779 1780
f 1779 1781 1780
f 1782 1783 1779
f 1783 1784 1779
f 1779 1784 1781
f 1785 1786 1775
f 1786 1779 1775
f 1775 1779 1773
f 1779 1778 1773
f 1787 1788 1789
f 1788 1782 1789
f 1789 1782 1790
f 1782 1779 1790
f 1790 1779 1791
f 1779 1786 1791
f 1785 1775 1792
f 1775 1771 1792
f 1792 1771 1793
f 1764 1794 1768
f 1794 1795 1768
f 1768 1795 1771
f 1795 1796 1771
f 1771 1796 1793
f 1797 1798 1759
f 1798 1799 1759
f 1759 1799 1764
f 1799 1800 1764
f 1764 1800 1794
f 1797 1759 1801
f 1759 1756 1801
f 1801 1756 1802
f 1802 1756 1803
f 1756 1754 1803
f 1803 1754 1804
f 1747 1749 1754
f 1749 1805 1754
f 1754 1805 1804
f 1806 1807 1751
f 1807 1808 1751
f 1751 1808 1749
f 1808 1809 1749
f 1749 1809 1805
f 1753 740 1751
f 740 742 1751
f 1751 742 1806
f 742 743 1806
f 1806 743 744
f 1074 1075 1810
f 1811 1812 1813
f 1814 1815 1816
f 1073 1816 819
f 1816 1815 819
f 819 1815 820
f 1814 1816 1817
f 1816 1818 1817
f 1817 1818 1819
f 1818 1820 1819
f 1819 1820 1821
f 1813 1812 1820
f 1812 1822 1820
f 1820 1822 1821
f 1811 1813 1823
f 1813 1824 1823
f 1823 1824 1825
f 1825 1824 1826
f 1824 1827 1826
f 1826 1827 1828
f 1828 1827 1829
f 1827 1830 1829
f 1829 1830 1831
f 1832 1833 1830
f 1833 1834 1830
f 1830 1834 1831
f 1835 1836 1832
f 1836 1837 1832
f 1832 1837 1833
f 1838 1839 1840
f 1839 1841 1840
f 1840 1841 1835
f 1841 1842 1835
f 1835 1842 1836
f 1843 1844 1838
f 1838 1840 1843
f 1840 1845 1843
f 1843 1845 1846
f 1847 1848 1835
f 1848 1849 1835
f 1835 1849 1840
f 1849 1850 1840
f 1840 1850 1845
f 1847 1835 1851
f 1835 1832 1851
f 1851 1832 1852
f 1832 1830 1852
f 1852 1830 1853
f 1854 1855 1827
f 1855 1856 1827
f 1827 1856 1830
f 1856 1857 1830
f 1830 1857 1853
f 1854 1827 1858
f 1827 1824 1858
f 1858 1824 1859
f 1824 1813 1859
f 1859 1813 1860
f 1861 1862 1820
f 1862 1863 1820
f 1820 1863 1813
f 1863 1864 1813
f 1813 1864 1860
f 1861 1820 1865
f 1820 1818 1865
f 1865 1818 1866
f 1818 1816 1866
f 1866 1816 1810
f 1816 1073 1810
f 1810 1073 1074
f 1867 1868 1869
f 1868 1870 1869
f 1869 1870 1871
f 1870 1872 1871
f 1871 1872 1873
f 1874 1875 1876
f 1877 1878 1879
f 1877 1879 1880
f 1879 1881 1880
f 1880 1881 1876
f 1881 1882 1876
f 1876 1882 1874
f 1875 1883 1876
f 1883 1884 1876
f 1876 1884 1885
f 1886 1887 1872
f 1887 1888 1872
f 1872 1888 1873
f 1886 1872 1889
f 1872 1890 1889
f 1889 1890 1884
f 1890 1891 1884
f 1884 1891 1885
f 1892 1893 1894
f 1895 1896 1897
f 1895 1897 1894
f 1897 1898 1894
f 1894 1898 1892
f 1899 1900 1901
f 1902 1903 1904
f 1905 1906 1907
f 1908 1909 1910
f 1909 1911 1910
f 1906 1912 1907
f 1912 1913 1907
f 1907 1913 1908
f 1913 1914 1908
f 1908 1914 1909
f 1902 1904 1901
f 1904 1915 1901
f 1901 1915 1899
f 1899 1916 1900
f 1916 1917 1900
f 1900 1917 1918
f 1919 1920 1907
f 1920 1921 1907
f 1907 1921 1905
f 1921 1922 1905
f 1922 1923 1905
f 1923 1924 1905
f 1905 1924 1925
f 1926 1927 1928
f 1927 1929 1928
f 1928 1929 1930
f 1931 1932 1918
f 1930 1929 1924
f 1929 1933 1924
f 1924 1933 1925
f 1932 1934 1918
f 1934 1935 1918
f 1918 1935 1900
f 1935 1936 1900
f 1900 1936 1937
f 1926 1938 1927
f 1938 1939 1927
f 1927 1939 1940
f 1939 1931 1940
f 1940 1931 1941
f 1931 1918 1941
f 1942 1943 1944
f 1945 1942 1946
f 1942 1944 1946
f 1946 1944 1947
f 1944 1948 1947
f 1949 1950 1951
f 1950 1952 1951
f 1951 1952 1953
f 1954 1955 1956
f 1956 1957 1954
f 1957 1958 1954
f 1954 1958 1959
f 1958 1960 1959
f 1961 1962 1963
f 1962 1964 1963
f 1961 1965 1962
f 1965 1966 1962
f 1962 1966 1960
f 1966 1967 1960
f 1960 1967 1959
f 1955 1968 1956
f 1968 1969 1956
f 1956 1969 1970
f 1969 1971 1970
f 1970 1971 1972
f 1972 1973 1970
f 1973 1974 1970
f 1970 1974 1975
f 1975 1976 1970
f 1976 1977 1970
f 1970 1977 1978
f 1977 1979 1978
f 1980 1981 1982
f 1981 1983 1982
f 1982 1983 1984
f 1896 1895 1985
f 1895 1986 1985
f 1985 1986 1987
f 1987 1986 1988
f 1986 1989 1988
f 1988 1989 1990
f 1989 1991 1990
f 1990 1991 1992
f 1991 1993 1992
f 1992 1993 1994
f 1993 1995 1994
f 1994 1995 1996
f 1996 1995 1997
f 1995 1998 1997
f 1997 1998 1999
f 1998 2000 1999
f 1999 2000 2001
f 2000 2002 2001
f 2001 2002 2003
f 2002 2004 2003
f 2003 2004 2005
f 2004 2006 2005
f 2005 2006 2007
f 2007 2006 2008
f 2006 2009 2008
f 2008 2009 2010
f 2009 2011 2010
f 2010 2011 2012
f 2011 2013 2012
f 2012 2013 2014
f 2013 2015 2014
f 2014 2015 2016
f 2017 1907 1908
f 2017 1908 2015
f 1908 2018 2015
f 2015 2018 2016
f 1901 1900 2019
f 1900 2020 2019
f 2021 2022 2023
f 2022 2024 2023
f 2023 2024 2025
f 2024 2026 2025
f 2025 2026 2027
f 2026 2028 2027
f 2027 2028 2020
f 2028 2029 2020
f 2020 2029 2019
f 2030 2031 2032
f 2031 2033 2032
f 2032 2033 2034
f 2033 2035 2034
f 2034 2035 2036
f 2035 2037 2036
f 2036 2037 2021
f 2037 2038 2021
f 2021 2038 2022
f 2039 2040 2041
f 2040 2042 2041
f 2041 2042 2043
f 2042 2044 2043
f 2043 2044 2045
f 2044 2046 2045
f 2045 2046 2047
f 2046 2048 2047
f 2047 2048 2030
f 2048 2049 2030
f 2030 2049 2031
f 1947 1948 2050
f 1948 2051 2050
f 2050 2051 2039
f 2051 2052 2039
f 2039 2052 2040
f 1892 1898 2053
f 1892 2053 2054
f 2053 2055 2054
f 2055 2056 2054
f 2054 2056 2057
f 2056 2058 2057
f 2057 2058 2059
f 2058 2060 2059
f 2059 2060 2061
f 2060 2062 2061
f 2061 2062 2063
f 2062 2064 2063
f 2064 2065 2063
f 2063 2065 2066
f 2065 2067 2066
f 2066 2067 2068
f 2067 2069 2068
f 2068 2069 2070
f 2069 1872 2070
f 2070 1872 1870
f 2071 2072 2073
f 2072 2074 2073
f 2073 2074 2075
f 2074 2076 2075
f 2075 2076 2077
f 2076 2078 2077
f 2077 2078 2079
f 2078 2080 2079
f 2079 2080 2081
f 2080 2082 2081
f 2081 2082 2083
f 2082 2084 2083
f 2083 2084 2085
f 2084 2086 2085
f 2085 2086 1876
f 2086 1880 1876
f 1943 1942 2087
f 1942 2072 2087
f 2087 2072 2088
f 2072 2071 2088
f 2089 2090 2091
f 2090 2092 2091
f 2093 2094 2095
f 2094 2096 2095
f 2097 2098 2099
f 2098 2100 2099
f 2099 2100 2101
f 2102 2103 2104
f 2103 2105 2104
f 2104 2105 2106
f 2107 2108 2109
f 2108 2110 2109
f 2109 2110 2111
f 2112 2113 2114
f 2113 2115 2114
f 2114 2115 2116
f 2108 2117 2110
f 2117 2118 2110
f 2117 2119 2118
f 2119 2120 2118
f 2118 2120 2121
f 2120 2122 2121
f 2122 2123 2121
f 2121 2123 2124
f 2123 2125 2124
f 2125 2126 2124
f 2124 2126 2127
f 2126 2128 2127
f 2128 2129 2127
f 2127 2129 2130
f 2129 2131 2130
f 2131 2132 2130
f 2130 2132 2133
f 2132 2134 2133
f 2134 2135 2133
f 2133 2135 2136
f 2135 2137 2136
f 2137 2138 2136
f 2136 2138 2139
f 2138 2140 2139
f 2140 2141 2139
f 2139 2141 2142
f 2141 2143 2142
f 2143 2144 2142
f 2142 2144 2145
f 2144 2146 2145
f 2146 2147 2145
f 2145 2147 2148
f 2115 2113 2149
f 2113 2148 2149
f 2149 2148 2150
f 2148 2147 2150
f 2151 2152 2153
f 2154 2155 2156
f 2155 2153 2156
f 2157 2151 2158
f 2151 2153 2158
f 2158 2153 2159
f 2153 2155 2159
f 2160 2161 2162
f 2163 2164 2160
f 2160 2162 2163
f 2162 2165 2163
f 2163 2165 2166
f 2165 2167 2166
f 2166 2167 2168
f 2169 2170 2171
f 2170 2172 2171
f 2171 2172 2173
f 2172 2174 2173
f 2173 2174 2175
f 2176 2177 2178
f 2179 2180 2181
f 2180 2176 2181
f 2181 2176 2182
f 2176 2178 2182
f 2180 2179 2183
f 2179 2184 2183
f 2183 2184 2185
f 2184 2186 2185
f 2185 2186 2187
f 2186 2188 2187
f 2187 2188 2189
f 2188 2190 2189
f 2189 2190 2191
f 2190 2192 2191
f 2191 2192 2193
f 2192 2194 2193
f 2193 2194 2195
f 2196 2092 2090
f 2090 2197 2196
f 2197 2198 2196
f 2196 2198 2199
f 2198 2200 2199
f 2199 2200 2195
f 2200 2201 2195
f 2195 2201 2193
f 2202 2203 2204
f 2203 2091 2204
f 2204 2091 2092
f 2204 2205 2202
f 2205 2206 2202
f 2202 2206 2207
f 2206 2208 2207
f 2206 2209 2208
f 2209 2210 2208
f 2208 2210 2211
f 2210 2212 2211
f 2210 2213 2212
f 2213 2214 2212
f 2212 2214 2215
f 2214 2216 2215
f 2215 2216 2217
f 2216 2218 2217
f 2217 2218 2219
f 2218 2220 2219
f 2219 2220 2221
f 2220 2222 2221
f 2221 2222 2223
f 2222 1894 2223
f 2223 1894 1893
f 2224 2098 2097
f 2224 2097 2225
f 2097 2226 2225
f 2225 2226 2227
f 2226 2228 2227
f 2227 2228 2229
f 2228 2230 2229
f 2229 2230 2231
f 2230 2232 2231
f 2232 2233 2231
f 2231 2233 2234
f 2233 2235 2234
f 2234 2235 2236
f 2235 2237 2236
f 2236 2237 2238
f 2237 2239 2238
f 2237 2240 2239
f 2240 2241 2239
f 2239 2241 2242
f 2241 2243 2242
f 2090 2089 2244
f 2089 2243 2244
f 2244 2243 2245
f 2243 2241 2245
f 2168 2167 2246
f 2167 2247 2246
f 2246 2247 2248
f 2247 2249 2248
f 2249 2250 2248
f 2248 2250 2251
f 2250 2252 2251
f 2251 2252 2253
f 2252 2254 2253
f 2253 2254 2255
f 2254 2256 2255
f 2255 2256 2257
f 2257 2256 2258
f 2256 2259 2258
f 2258 2259 2260
f 2259 2261 2260
f 2260 2261 2262
f 2261 2263 2262
f 2263 2089 2262
f 2262 2089 2091
f 2174 2264 2175
f 2264 2265 2175
f 2175 2265 2266
f 2265 2267 2266
f 2266 2267 2268
f 2267 2269 2268
f 2270 2271 2272
f 2271 2273 2272
f 2272 2273 2269
f 2273 2274 2269
f 2269 2274 2268
f 2272 2275 2270
f 2275 2276 2270
f 2270 2276 2277
f 2276 2278 2277
f 2278 2279 2277
f 2277 2279 2280
f 2279 2281 2280
f 2279 2282 2281
f 2282 2096 2281
f 2281 2096 2094
f 2096 2283 2095
f 2283 2284 2095
f 2285 2286 2287
f 2284 2283 2287
f 2283 2288 2287
f 2287 2288 2285
f 2286 2285 2289
f 2285 2290 2289
f 2289 2290 2291
f 2290 2292 2291
f 2292 2293 2291
f 2291 2293 2294
f 2293 2295 2294
f 2294 2295 2296
f 2295 2297 2296
f 2296 2297 2298
f 2297 2299 2298
f 2298 2299 2300
f 2299 2301 2300
f 2300 2301 2302
f 2301 2303 2302
f 2302 2303 2304
f 2303 2103 2304
f 2304 2103 2102
f 2305 1945 1946
f 2305 1946 2306
f 1946 2307 2306
f 2307 2308 2306
f 2306 2308 2309
f 2308 2310 2309
f 2309 2310 2311
f 2310 2312 2311
f 2311 2312 2313
f 2312 2314 2313
f 2313 2314 2315
f 2314 2316 2315
f 2315 2316 2317
f 2316 2318 2317
f 2317 2318 2319
f 2318 2320 2319
f 2319 2320 2321
f 2320 2322 2321
f 2321 2322 2323
f 2322 2324 2323
f 2323 2324 2325
f 2324 2326 2325
f 2326 2094 2325
f 2325 2094 2093
f 2095 2327 2093
f 2327 2328 2093
f 2328 2327 2329
f 2327 2330 2329
f 2329 2330 2331
f 2332 2333 2334
f 2333 2335 2334
f 2334 2335 2331
f 2335 2336 2331
f 2331 2336 2329
f 2334 2337 2332
f 2337 2338 2332
f 2332 2338 2339
f 2338 2340 2339
f 2339 2340 2341
f 2340 2342 2341
f 2342 2343 2341
f 2341 2343 2344
f 2343 2155 2344
f 2344 2155 2154
f 2345 2346 2225
f 2347 2348 2349
f 2350 2347 2351
f 2247 2167 2352
f 2167 2350 2352
f 2225 2353 2345
f 2353 2229 2345
f 2345 2229 2354
f 2229 2231 2354
f 2231 2234 2354
f 2354 2234 2355
f 2234 2356 2355
f 2357 2358 2254
f 2254 2359 2357
f 2359 2250 2357
f 2357 2250 2352
f 2250 2360 2352
f 2352 2360 2247
f 2242 2361 2362
f 2361 2355 2362
f 2362 2355 2238
f 2355 2356 2238
f 2089 2363 2361
f 2363 2364 2361
f 2361 2364 2355
f 2364 2365 2355
f 2355 2365 2354
f 2365 2366 2354
f 2354 2366 2345
f 2366 2367 2345
f 2345 2367 2346
f 2089 2368 2363
f 2368 2369 2363
f 2363 2369 2364
f 2369 2370 2364
f 2364 2370 2365
f 2370 2349 2365
f 2365 2349 2366
f 2349 2348 2366
f 2366 2348 2367
f 2371 2372 2358
f 2372 2373 2358
f 2358 2373 2254
f 2242 2374 2361
f 2374 2089 2361
f 2089 2375 2371
f 2375 2261 2371
f 2371 2261 2372
f 2350 2351 2352
f 2351 2376 2352
f 2352 2376 2357
f 2376 2377 2357
f 2357 2377 2358
f 2377 2378 2358
f 2358 2378 2371
f 2378 2089 2371
f 2347 2349 2351
f 2349 2370 2351
f 2351 2370 2376
f 2370 2369 2376
f 2376 2369 2377
f 2369 2368 2377
f 2377 2368 2378
f 2368 2089 2378
f 2165 2162 2379
f 2162 2380 2379
f 2379 2380 2381
f 2380 2382 2381
f 2381 2382 2383
f 2382 2384 2383
f 2383 2384 2385
f 2384 2386 2385
f 2385 2386 2387
f 2386 2388 2387
f 2387 2388 2224
f 2388 2098 2224
f 2167 2165 2350
f 2165 2379 2350
f 2350 2379 2347
f 2379 2381 2347
f 2347 2381 2348
f 2381 2383 2348
f 2348 2383 2367
f 2383 2385 2367
f 2367 2385 2346
f 2385 2387 2346
f 2346 2387 2225
f 2387 2224 2225
f 2100 2098 2389
f 2098 2388 2389
f 2389 2388 2390
f 2388 2391 2390
f 2391 2388 2392
f 2388 2386 2392
f 2392 2386 2393
f 2393 2386 2394
f 2386 2384 2394
f 2394 2384 2395
f 2395 2384 2396
f 2384 2382 2396
f 2396 2382 2397
f 2397 2382 2398
f 2382 2380 2398
f 2398 2380 2399
f 2399 2380 2400
f 2380 2162 2400
f 2400 2162 2161
f 2401 2155 2343
f 2402 2403 2404
f 2405 2402 2406
f 2302 2405 2407
f 2405 2408 2407
f 2401 2343 2409
f 2343 2410 2409
f 2409 2410 2411
f 2412 2296 2408
f 2296 2298 2408
f 2408 2298 2407
f 2337 2413 2414
f 2413 2411 2414
f 2414 2411 2340
f 2411 2410 2340
f 2415 2416 2412
f 2416 2294 2412
f 2412 2294 2296
f 2337 2417 2413
f 2417 2418 2413
f 2413 2418 2419
f 2418 2330 2419
f 2095 2420 2419
f 2420 2421 2419
f 2419 2421 2413
f 2421 2422 2413
f 2413 2422 2411
f 2422 2423 2411
f 2411 2423 2409
f 2423 2424 2409
f 2409 2424 2401
f 2095 2425 2420
f 2425 2426 2420
f 2420 2426 2421
f 2426 2427 2421
f 2421 2427 2422
f 2427 2404 2422
f 2422 2404 2423
f 2404 2403 2423
f 2423 2403 2424
f 2428 2429 2415
f 2429 2289 2415
f 2415 2289 2416
f 2330 2430 2419
f 2430 2095 2419
f 2095 2431 2428
f 2431 2287 2428
f 2428 2287 2429
f 2405 2406 2408
f 2406 2432 2408
f 2408 2432 2412
f 2432 2433 2412
f 2412 2433 2415
f 2433 2434 2415
f 2415 2434 2428
f 2434 2095 2428
f 2402 2404 2406
f 2404 2427 2406
f 2406 2427 2432
f 2427 2426 2432
f 2432 2426 2433
f 2426 2425 2433
f 2433 2425 2434
f 2425 2095 2434
f 1867 1869 2435
f 1869 2436 2435
f 2435 2436 2437
f 2436 2438 2437
f 2437 2438 2439
f 2438 2440 2439
f 2439 2440 2441
f 2441 2440 2442
f 2440 2443 2442
f 2442 2443 2444
f 2443 2445 2444
f 2444 2445 2446
f 2445 2447 2446
f 2446 2447 2448
f 2447 2449 2448
f 2448 2449 2450
f 2449 2451 2450
f 2450 2451 2452
f 2451 2453 2452
f 2452 2453 2454
f 2453 2455 2454
f 2454 2455 2456
f 2455 2457 2456
f 2457 2108 2456
f 2456 2108 2107
f 2159 2155 2458
f 2155 2401 2458
f 2458 2401 2459
f 2401 2424 2459
f 2459 2424 2460
f 2424 2403 2460
f 2460 2403 2461
f 2403 2402 2461
f 2461 2402 2462
f 2402 2405 2462
f 2462 2405 2304
f 2405 2302 2304
f 2158 2159 2463
f 2159 2458 2463
f 2463 2458 2464
f 2458 2459 2464
f 2464 2459 2465
f 2459 2460 2465
f 2465 2460 2466
f 2460 2461 2466
f 2466 2461 2467
f 2461 2462 2467
f 2467 2462 2102
f 2462 2304 2102
f 2150 2147 2468
f 2146 2144 2469
f 2143 2141 2470
f 2140 2138 2471
f 2137 2135 2472
f 2134 2132 2473
f 2131 2129 2474
f 2119 2117 2475
f 2453 2451 2476
f 2449 2447 2477
f 2445 2443 2478
f 2479 1871 1873
f 1869 1871 2436
f 1871 2479 2436
f 2436 2479 2438
f 2479 2440 2438
f 2443 2440 2478
f 2440 2479 2478
f 2478 2479 2480
f 2479 1873 2480
f 2480 1873 1888
f 2447 2445 2477
f 2445 2478 2477
f 2477 2478 2481
f 2478 2480 2481
f 2481 2480 2482
f 2480 1888 2482
f 2451 2449 2476
f 2449 2477 2476
f 2476 2477 2483
f 2477 2481 2483
f 2483 2481 2484
f 2481 2482 2484
f 2455 2453 2475
f 2453 2476 2475
f 2475 2476 2485
f 2476 2483 2485
f 2485 2483 2486
f 2483 2484 2486
f 2487 2488 2489
f 2455 2475 2457
f 2475 2117 2457
f 2457 2117 2108
f 2486 2487 2485
f 2487 2489 2485
f 2485 2489 2475
f 2489 2120 2475
f 2475 2120 2119
f 2128 2126 2490
f 2126 2488 2490
f 2490 2488 2491
f 2488 2487 2491
f 2491 2487 2492
f 2487 2486 2492
f 2492 2486 2493
f 2486 2484 2493
f 2493 2484 2494
f 2484 2482 2494
f 2494 2482 1887
f 2482 1888 1887
f 2126 2125 2488
f 2125 2123 2488
f 2488 2123 2489
f 2123 2122 2489
f 2489 2122 2120
f 1887 1886 2494
f 1886 2495 2494
f 2494 2495 2493
f 2495 2496 2493
f 2493 2496 2492
f 2496 2497 2492
f 2492 2497 2491
f 2497 2498 2491
f 2491 2498 2490
f 2498 2474 2490
f 2490 2474 2128
f 2474 2129 2128
f 1886 1889 2495
f 1889 2499 2495
f 2495 2499 2496
f 2499 2500 2496
f 2496 2500 2497
f 2500 2501 2497
f 2497 2501 2498
f 2501 2502 2498
f 2498 2502 2474
f 2502 2473 2474
f 2474 2473 2131
f 2473 2132 2131
f 1889 1884 2499
f 1884 2503 2499
f 2499 2503 2500
f 2503 2504 2500
f 2500 2504 2501
f 2504 2505 2501
f 2501 2505 2502
f 2505 2506 2502
f 2502 2506 2473
f 2506 2472 2473
f 2473 2472 2134
f 2472 2135 2134
f 2138 2137 2471
f 2137 2472 2471
f 2471 2472 2507
f 2472 2506 2507
f 2507 2506 2508
f 2506 2505 2508
f 2508 2505 2509
f 2505 2504 2509
f 2509 2504 2510
f 2504 2503 2510
f 2510 2503 1883
f 2503 1884 1883
f 2141 2140 2470
f 2140 2471 2470
f 2470 2471 2511
f 2471 2507 2511
f 2511 2507 2512
f 2507 2508 2512
f 2512 2508 2513
f 2508 2509 2513
f 2513 2509 2514
f 2509 2510 2514
f 2514 2510 1875
f 2510 1883 1875
f 2144 2143 2469
f 2143 2470 2469
f 2469 2470 2515
f 2470 2511 2515
f 2515 2511 2516
f 2511 2512 2516
f 2516 2512 2517
f 2512 2513 2517
f 2517 2513 2518
f 2513 2514 2518
f 2518 2514 1874
f 2514 1875 1874
f 2147 2146 2468
f 2146 2469 2468
f 2468 2469 2519
f 2469 2515 2519
f 2519 2515 2520
f 2515 2516 2520
f 2520 2516 2521
f 2516 2517 2521
f 2521 2517 2522
f 2517 2518 2522
f 2522 2518 1882
f 2518 1874 1882
f 2149 2150 2523
f 2150 2468 2523
f 2523 2468 2524
f 2468 2519 2524
f 2524 2519 2525
f 2519 2520 2525
f 2525 2520 2526
f 2520 2521 2526
f 2526 2521 2527
f 2521 2522 2527
f 2527 2522 1881
f 2522 1882 1881
f 1881 1879 2527
f 1879 2528 2527
f 2527 2528 2526
f 2528 2529 2526
f 2526 2529 2525
f 2529 2530 2525
f 2525 2530 2524
f 2530 2531 2524
f 2524 2531 2523
f 2531 2532 2523
f 2523 2532 2149
f 2532 2115 2149
f 2464 2533 2463
f 2533 2534 2463
f 2463 2534 2158
f 2534 2535 2158
f 2158 2535 2157
f 2465 2536 2464
f 2536 2537 2464
f 2464 2537 2533
f 2466 2538 2465
f 2538 2539 2465
f 2465 2539 2536
f 2467 2540 2466
f 2540 2541 2466
f 2466 2541 2538
f 2102 2104 2467
f 2104 2542 2467
f 2542 2543 2467
f 2543 2544 2467
f 2467 2544 2540
f 2116 2115 2545
f 2115 2532 2545
f 2545 2532 2546
f 2532 2547 2546
f 2547 2532 2548
f 2532 2531 2548
f 2548 2531 2549
f 2549 2531 2550
f 2531 2530 2550
f 2550 2530 2551
f 2551 2530 2552
f 2530 2529 2552
f 2552 2529 2553
f 2553 2529 2554
f 2529 2528 2554
f 2554 2528 2555
f 1879 1878 2528
f 1878 2556 2528
f 2528 2556 2555
f 2170 2557 2172
f 2557 2558 2172
f 2557 2559 2558
f 2559 2560 2558
f 2558 2560 2561
f 2560 2562 2561
f 2562 2563 2561
f 2561 2563 2564
f 2563 2565 2564
f 2565 2566 2564
f 2564 2566 2567
f 2566 2568 2567
f 2568 2569 2567
f 2567 2569 2570
f 2569 2571 2570
f 2570 2571 2103
f 2571 2572 2103
f 2103 2572 2105
f 2174 2172 2573
f 2172 2558 2573
f 2573 2558 2574
f 2558 2561 2574
f 2574 2561 2575
f 2561 2564 2575
f 2575 2564 2576
f 2564 2567 2576
f 2576 2567 2577
f 2567 2578 2577
f 2577 2578 2303
f 2578 2103 2303
f 2574 2575 2579
f 2573 2574 2580
f 2174 2573 2581
f 2582 2583 2301
f 2583 2577 2301
f 2301 2577 2303
f 2174 2581 2264
f 2581 2584 2264
f 2264 2584 2265
f 2301 2585 2582
f 2585 2297 2582
f 2582 2297 2586
f 2265 2584 2587
f 2584 2588 2587
f 2587 2588 2269
f 2297 2295 2586
f 2295 2293 2586
f 2586 2293 2589
f 2293 2590 2589
f 2591 2275 2588
f 2275 2592 2588
f 2588 2592 2269
f 2288 2593 2594
f 2593 2589 2594
f 2594 2589 2290
f 2589 2590 2290
f 2096 2595 2593
f 2595 2596 2593
f 2593 2596 2589
f 2596 2597 2589
f 2589 2597 2586
f 2597 2598 2586
f 2586 2598 2582
f 2598 2599 2582
f 2582 2599 2583
f 2599 2576 2583
f 2583 2576 2577
f 2096 2600 2595
f 2600 2601 2595
f 2595 2601 2596
f 2601 2602 2596
f 2596 2602 2597
f 2602 2603 2597
f 2597 2603 2598
f 2603 2579 2598
f 2598 2579 2599
f 2579 2575 2599
f 2599 2575 2576
f 2604 2605 2591
f 2605 2276 2591
f 2591 2276 2275
f 2288 2606 2593
f 2606 2096 2593
f 2096 2607 2604
f 2607 2279 2604
f 2604 2279 2605
f 2573 2580 2581
f 2580 2608 2581
f 2581 2608 2584
f 2608 2609 2584
f 2584 2609 2588
f 2609 2610 2588
f 2588 2610 2591
f 2610 2611 2591
f 2591 2611 2604
f 2611 2096 2604
f 2574 2579 2580
f 2579 2603 2580
f 2580 2603 2608
f 2603 2602 2608
f 2608 2602 2609
f 2602 2601 2609
f 2609 2601 2610
f 2601 2600 2610
f 2610 2600 2611
f 2600 2096 2611
f 2178 2612 2182
f 2612 2613 2182
f 2612 2614 2613
f 2614 2615 2613
f 2613 2615 2616
f 2615 2617 2616
f 2617 2618 2616
f 2616 2618 2619
f 2620 2621 2619
f 2621 2622 2619
f 2619 2622 2623
f 2622 2624 2623
f 2624 2625 2623
f 2623 2625 2626
f 2625 2627 2626
f 2627 2628 2626
f 2626 2628 2629
f 2628 2630 2629
f 2630 2631 2629
f 2629 2631 2632
f 2631 2633 2632
f 2632 2633 1894
f 2633 2634 1894
f 1894 2634 1895
f 2181 2182 2635
f 2182 2613 2635
f 2635 2613 2636
f 2613 2616 2636
f 2636 2616 2637
f 2616 2619 2637
f 2637 2619 2638
f 2619 2623 2638
f 2638 2623 2639
f 2623 2626 2639
f 2639 2626 2640
f 2626 2629 2640
f 2640 2629 2641
f 2629 2632 2641
f 2641 2632 2222
f 2632 1894 2222
f 2179 2181 2642
f 2181 2635 2642
f 2642 2635 2643
f 2635 2636 2643
f 2643 2636 2644
f 2636 2637 2644
f 2644 2637 2645
f 2637 2638 2645
f 2645 2638 2646
f 2638 2639 2646
f 2646 2639 2647
f 2639 2640 2647
f 2647 2640 2648
f 2640 2641 2648
f 2648 2641 2220
f 2641 2222 2220
f 2649 2213 2650
f 2651 2188 2652
f 2653 2205 2654
f 2655 2654 2092
f 2656 2657 2658
f 2657 2092 2658
f 2659 2092 2657
f 2660 2658 2092
f 2205 2661 2654
f 2661 2092 2654
f 2662 2655 2092
f 2660 2199 2658
f 2199 2663 2658
f 2658 2663 2656
f 2663 2664 2656
f 2656 2664 2192
f 2209 2653 2665
f 2653 2654 2665
f 2665 2654 2666
f 2654 2655 2666
f 2666 2655 2667
f 2655 2662 2667
f 2667 2662 2668
f 2659 2657 2669
f 2657 2656 2669
f 2669 2656 2652
f 2656 2192 2652
f 2652 2192 2651
f 2650 2665 2670
f 2665 2666 2670
f 2670 2666 2671
f 2666 2667 2671
f 2671 2667 2672
f 2667 2668 2672
f 2672 2668 2673
f 2650 2213 2665
f 2213 2674 2665
f 2665 2674 2209
f 2188 2675 2652
f 2675 2676 2652
f 2652 2676 2669
f 2676 2677 2669
f 2669 2677 2659
f 2677 2678 2659
f 2659 2678 2092
f 2216 2649 2679
f 2649 2650 2679
f 2679 2650 2680
f 2650 2670 2680
f 2680 2670 2681
f 2670 2671 2681
f 2681 2671 2682
f 2671 2672 2682
f 2682 2672 2683
f 2672 2673 2683
f 2683 2673 2684
f 2188 2685 2675
f 2685 2184 2675
f 2675 2184 2179
f 2648 2679 2647
f 2679 2680 2647
f 2647 2680 2646
f 2680 2681 2646
f 2646 2681 2645
f 2681 2682 2645
f 2645 2682 2644
f 2682 2683 2644
f 2644 2683 2643
f 2683 2684 2643
f 2643 2684 2642
f 2179 2642 2675
f 2642 2684 2675
f 2675 2684 2676
f 2684 2673 2676
f 2676 2673 2677
f 2673 2668 2677
f 2677 2668 2678
f 2668 2662 2678
f 2678 2662 2092
f 2648 2220 2679
f 2220 2686 2679
f 2679 2686 2216
f 2687 2177 2176
f 2687 2176 2688
f 2176 2689 2688
f 2688 2689 2690
f 2689 2691 2690
f 2690 2691 2692
f 2692 2691 2693
f 2691 2694 2693
f 2693 2694 2695
f 2695 2694 2696
f 2694 2697 2696
f 2696 2697 2698
f 2698 2697 2699
f 2697 2700 2699
f 2699 2700 2701
f 2701 2700 2702
f 2700 2097 2702
f 2702 2097 2099
f 2176 2180 2689
f 2180 2703 2689
f 2689 2703 2691
f 2703 2704 2691
f 2691 2704 2694
f 2704 2705 2694
f 2694 2705 2697
f 2705 2706 2697
f 2697 2706 2707
f 2706 2708 2707
f 2707 2708 2097
f 2708 2226 2097
f 2709 2226 2708
f 2710 2187 2711
f 2232 2230 2712
f 2713 2233 2714
f 2715 2200 2716
f 2717 2237 2718
f 2719 2241 2720
f 2721 2722 2090
f 2721 2090 2723
f 2724 2197 2722
f 2197 2090 2722
f 2725 2723 2090
f 2726 2725 2090
f 2244 2726 2090
f 2200 2724 2716
f 2724 2722 2716
f 2716 2722 2727
f 2722 2721 2727
f 2727 2721 2728
f 2721 2723 2728
f 2728 2723 2729
f 2723 2725 2729
f 2729 2725 2720
f 2725 2726 2720
f 2720 2726 2719
f 2726 2244 2719
f 2730 2191 2731
f 2191 2193 2731
f 2241 2717 2720
f 2717 2718 2720
f 2720 2718 2729
f 2718 2732 2729
f 2729 2732 2728
f 2732 2733 2728
f 2728 2733 2727
f 2733 2734 2727
f 2727 2734 2716
f 2734 2731 2716
f 2716 2731 2715
f 2731 2193 2715
f 2187 2730 2711
f 2730 2731 2711
f 2711 2731 2735
f 2731 2734 2735
f 2735 2734 2736
f 2734 2733 2736
f 2736 2733 2737
f 2733 2732 2737
f 2737 2732 2714
f 2732 2718 2714
f 2714 2718 2713
f 2718 2237 2713
f 2183 2710 2738
f 2710 2711 2738
f 2738 2711 2739
f 2711 2735 2739
f 2739 2735 2740
f 2735 2736 2740
f 2740 2736 2741
f 2736 2737 2741
f 2741 2737 2712
f 2737 2714 2712
f 2712 2714 2232
f 2714 2233 2232
f 2180 2183 2703
f 2183 2738 2703
f 2703 2738 2704
f 2738 2739 2704
f 2704 2739 2705
f 2739 2740 2705
f 2705 2740 2706
f 2740 2741 2706
f 2706 2741 2708
f 2741 2712 2708
f 2708 2712 2709
f 2712 2230 2709
f 2742 2169 2171
f 2742 2171 2743
f 2171 2744 2743
f 2743 2744 2745
f 2744 2746 2745
f 2745 2746 2747
f 2747 2746 2748
f 2746 2749 2748
f 2748 2749 2750
f 2750 2749 2751
f 2749 2752 2751
f 2751 2752 2753
f 2753 2752 2754
f 2752 2755 2754
f 2754 2755 2756
f 2756 2755 2757
f 2755 2758 2757
f 2757 2758 2759
f 2759 2758 2760
f 2758 2761 2760
f 2760 2761 2762
f 2762 2761 2763
f 2761 1946 2763
f 2763 1946 1947
f 2173 2175 2764
f 2175 2765 2764
f 2764 2765 2766
f 2765 2767 2766
f 2766 2767 2768
f 2767 2769 2768
f 2768 2769 2770
f 2769 2771 2770
f 2770 2771 2772
f 2771 2773 2772
f 2772 2773 2774
f 2773 2775 2774
f 2774 2775 2776
f 2775 2777 2776
f 2776 2777 2307
f 2777 2308 2307
f 2171 2173 2744
f 2173 2764 2744
f 2744 2764 2746
f 2764 2766 2746
f 2746 2766 2749
f 2766 2768 2749
f 2749 2768 2752
f 2768 2770 2752
f 2752 2770 2755
f 2770 2772 2755
f 2755 2772 2758
f 2772 2774 2758
f 2758 2774 2761
f 2774 2776 2761
f 2761 2776 1946
f 2776 2307 1946
f 2778 2308 2777
f 2779 2274 2780
f 2781 2312 2782
f 2783 2316 2784
f 2785 2280 2786
f 2787 2320 2788
f 2789 2786 2094
f 2790 2791 2094
f 2790 2094 2792
f 2793 2792 2094
f 2324 2794 2795
f 2794 2094 2795
f 2793 2094 2794
f 2280 2796 2786
f 2796 2094 2786
f 2791 2789 2094
f 2797 2271 2798
f 2271 2799 2798
f 2324 2787 2794
f 2787 2788 2794
f 2794 2788 2793
f 2788 2800 2793
f 2793 2800 2792
f 2800 2801 2792
f 2792 2801 2790
f 2801 2802 2790
f 2790 2802 2791
f 2802 2803 2791
f 2791 2803 2789
f 2803 2804 2789
f 2789 2804 2786
f 2804 2798 2786
f 2786 2798 2785
f 2798 2799 2785
f 2274 2797 2780
f 2797 2798 2780
f 2780 2798 2805
f 2798 2804 2805
f 2805 2804 2806
f 2804 2803 2806
f 2806 2803 2807
f 2803 2802 2807
f 2807 2802 2808
f 2802 2801 2808
f 2808 2801 2809
f 2801 2800 2809
f 2809 2800 2784
f 2800 2788 2784
f 2784 2788 2783
f 2788 2320 2783
f 2266 2779 2810
f 2779 2780 2810
f 2810 2780 2811
f 2780 2805 2811
f 2811 2805 2812
f 2805 2806 2812
f 2812 2806 2813
f 2806 2807 2813
f 2813 2807 2814
f 2807 2808 2814
f 2814 2808 2815
f 2808 2809 2815
f 2815 2809 2782
f 2809 2784 2782
f 2782 2784 2781
f 2784 2316 2781
f 2175 2266 2765
f 2266 2810 2765
f 2765 2810 2767
f 2810 2811 2767
f 2767 2811 2769
f 2811 2812 2769
f 2769 2812 2771
f 2812 2813 2771
f 2771 2813 2773
f 2813 2814 2773
f 2773 2814 2775
f 2814 2815 2775
f 2775 2815 2777
f 2815 2782 2777
f 2777 2782 2778
f 2782 2312 2778
f 2816 2164 2163
f 2816 2163 2817
f 2163 2818 2817
f 2817 2818 2819
f 2818 2820 2819
f 2819 2820 2821
f 2821 2820 2822
f 2820 2823 2822
f 2822 2823 2824
f 2824 2823 2825
f 2823 2826 2825
f 2825 2826 2827
f 2827 2826 2828
f 2826 1893 2828
f 2828 1893 1892
f 2829 2166 2168
f 2830 2831 2832
f 2221 2223 2833
f 2223 2830 2833
f 2833 2830 2834
f 2830 2832 2834
f 2168 2835 2829
f 2835 2836 2829
f 2829 2836 2837
f 2836 2838 2837
f 2837 2838 2831
f 2838 2839 2831
f 2831 2839 2832
f 2163 2166 2818
f 2166 2829 2818
f 2818 2829 2820
f 2829 2837 2820
f 2820 2837 2823
f 2837 2831 2823
f 2823 2831 2826
f 2831 2830 2826
f 2826 2830 1893
f 2830 2223 1893
f 2262 2091 2840
f 2835 2168 2246
f 2838 2836 2841
f 2836 2835 2841
f 2832 2839 2842
f 2839 2838 2842
f 2843 2834 2832
f 2843 2217 2834
f 2217 2219 2834
f 2834 2219 2833
f 2219 2221 2833
f 2835 2246 2841
f 2246 2844 2841
f 2841 2844 2845
f 2844 2251 2845
f 2251 2253 2845
f 2845 2253 2846
f 2253 2847 2846
f 2848 2849 2208
f 2208 2850 2848
f 2850 2212 2848
f 2848 2212 2843
f 2212 2851 2843
f 2843 2851 2217
f 2847 2257 2846
f 2257 2852 2846
f 2846 2852 2840
f 2852 2260 2840
f 2840 2260 2262
f 2091 2203 2853
f 2203 2202 2853
f 2853 2202 2849
f 2202 2854 2849
f 2849 2854 2208
f 2832 2842 2843
f 2842 2855 2843
f 2843 2855 2848
f 2855 2856 2848
f 2848 2856 2849
f 2856 2857 2849
f 2849 2857 2853
f 2857 2091 2853
f 2838 2841 2842
f 2841 2845 2842
f 2842 2845 2855
f 2845 2846 2855
f 2855 2846 2856
f 2846 2840 2856
f 2856 2840 2857
f 2840 2091 2857
f 2153 2152 2858
f 2152 2859 2858
f 1942 1945 2860
f 1945 2861 2860
f 2862 2863 2861
f 2863 2864 2861
f 2861 2864 2860
f 2865 2866 2862
f 2866 2867 2862
f 2862 2867 2863
f 2859 2868 2858
f 2868 2869 2858
f 2858 2869 2865
f 2869 2870 2865
f 2865 2870 2866
f 2861 2871 2862
f 2871 2872 2862
f 2862 2872 2865
f 2156 2153 2873
f 2153 2858 2873
f 2873 2858 2874
f 2306 2871 2305
f 2871 2861 2305
f 2305 2861 1945
f 2875 2872 2876
f 2872 2871 2876
f 2876 2871 2877
f 2871 2306 2877
f 2875 2878 2872
f 2878 2874 2872
f 2872 2874 2865
f 2874 2858 2865
f 2154 2156 2879
f 2156 2873 2879
f 2879 2873 2880
f 2873 2874 2880
f 2880 2874 2881
f 2874 2878 2881
f 2325 2093 2882
f 2877 2306 2309
f 2877 2309 2876
f 2309 2883 2876
f 2876 2883 2875
f 2881 2878 2884
f 2878 2875 2884
f 2885 2880 2881
f 2880 2885 2879
f 2885 2344 2879
f 2879 2344 2154
f 2309 2311 2883
f 2311 2886 2883
f 2883 2886 2887
f 2888 2339 2885
f 2339 2889 2885
f 2885 2889 2890
f 2886 2315 2887
f 2315 2891 2887
f 2887 2891 2892
f 2893 2894 2888
f 2894 2332 2888
f 2888 2332 2339
f 2895 2896 2893
f 2896 2335 2893
f 2893 2335 2894
f 2891 2319 2892
f 2319 2897 2892
f 2892 2897 2882
f 2897 2323 2882
f 2882 2323 2325
f 2093 2328 2895
f 2328 2329 2895
f 2895 2329 2896
f 2881 2884 2885
f 2884 2898 2885
f 2885 2898 2888
f 2898 2899 2888
f 2888 2899 2893
f 2899 2900 2893
f 2893 2900 2895
f 2900 2093 2895
f 2875 2883 2884
f 2883 2887 2884
f 2884 2887 2898
f 2887 2892 2898
f 2898 2892 2899
f 2892 2882 2899
f 2899 2882 2900
f 2882 2093 2900
f 2901 2902 2903
f 2902 2904 2903
f 2905 2906 2907
f 2908 2909 2910
f 2909 2911 2910
f 2910 2911 2912
f 2911 2913 2912
f 2912 2913 2914
f 2915 2916 2917
f 2915 2917 2918
f 2917 2919 2918
f 2918 2919 2920
f 2919 2921 2920
f 2920 2921 2922
f 2921 2923 2922
f 2922 2923 2924
f 2913 2925 2914
f 2925 2926 2914
f 2914 2926 2927
f 2926 2922 2927
f 2927 2922 2928
f 2922 2924 2928
f 2929 2930 2931
f 2930 2932 2931
f 2931 2932 2933
f 2932 2934 2933
f 2933 2934 2935
f 2934 2936 2935
f 2935 2936 2915
f 2936 2937 2915
f 2915 2937 2916
f 2938 2939 2929
f 2939 2940 2929
f 2929 2940 2930
f 2929 2941 2938
f 2941 2942 2938
f 2938 2942 2943
f 2942 2944 2943
f 2943 2944 2945
f 2946 2947 2948
f 2947 2945 2948
f 2948 2945 2949
f 2945 2944 2949
f 2946 2950 2947
f 2950 2951 2947
f 2947 2951 2952
f 2951 2953 2952
f 2952 2953 2954
f 2953 2955 2954
f 2954 2955 2956
f 2957 2958 2959
f 2957 2959 2960
f 2959 2961 2960
f 2960 2961 2962
f 2956 2963 2954
f 2963 2964 2954
f 2954 2964 2961
f 2964 2965 2961
f 2961 2965 2962
f 2966 2967 2968
f 2967 2969 2968
f 2968 2969 2970
f 2969 2971 2970
f 2972 2973 2974
f 2973 2975 2974
f 2974 2975 2971
f 2975 2976 2971
f 2971 2976 2970
f 2958 2957 2974
f 2957 2977 2974
f 2974 2977 2972
f 2978 2979 2968
f 2979 2980 2968
f 2968 2980 2966
f 2981 2982 2983
f 2982 2979 2983
f 2983 2979 2984
f 2979 2978 2984
f 2981 2985 2982
f 2985 2986 2982
f 2982 2986 2987
f 2987 2988 2982
f 2988 2989 2982
f 2982 2989 2990
f 2990 2991 2982
f 2991 2992 2982
f 2982 2992 2993
f 2992 2994 2993
f 2993 2994 2995
f 2995 2996 2993
f 2996 2997 2993
f 2993 2997 2998
f 2998 2999 2993
f 2999 3000 2993
f 2993 3000 3001
f 3002 3003 3004
f 3003 3001 3004
f 3004 3001 3005
f 3001 3000 3005
f 3002 3006 3003
f 3006 3007 3003
f 3003 3007 3008
f 3007 3009 3008
f 3008 3009 3010
f 3009 3011 3010
f 3010 3011 3012
f 3012 3013 3010
f 3013 3014 3010
f 3010 3014 3015
f 3015 3016 3010
f 3016 3017 3010
f 3010 3017 3018
f 3019 3020 3021
f 3019 3021 3022
f 3018 3023 3010
f 3023 3024 3010
f 3010 3024 3021
f 3024 3025 3021
f 3021 3025 3022
f 3020 3026 3021
f 3026 3027 3021
f 3021 3027 3028
f 3027 3029 3028
f 3028 3029 3030
f 3030 3031 3028
f 3031 3032 3028
f 3028 3032 3033
f 3032 3034 3033
f 3033 3034 3035
f 3036 3037 3038
f 3037 3039 3038
f 3038 3039 3040
f 3039 3041 3040
f 3040 3041 3042
f 3036 3038 3043
f 3038 3044 3043
f 3043 3044 3045
f 3035 3046 3033
f 3046 3043 3033
f 3033 3043 3047
f 3043 3045 3047
f 3042 3048 3040
f 3048 3049 3040
f 3040 3049 3050
f 3049 3051 3050
f 3050 3051 3052
f 3051 3053 3052
f 3052 3053 3054
f 3053 3055 3054
f 3054 3055 3056
f 3055 3057 3056
f 3057 3058 3056
f 3056 3058 3059
f 3058 3060 3059
f 3059 3060 3061
f 3061 3062 3059
f 3062 3063 3059
f 3059 3063 3064
f 3063 3065 3064
f 3064 3065 3066
f 3065 3067 3066
f 3067 3068 3066
f 3068 3069 3066
f 3066 3069 3070
f 3069 3071 3070
f 3070 3071 3072
f 3071 3073 3072
f 3072 3073 3074
f 3075 3076 3077
f 3076 3078 3077
f 3077 3078 3079
f 3078 3080 3079
f 3079 3080 3081
f 3080 3082 3081
f 3082 3083 3081
f 3081 3083 3084
f 3073 3085 3074
f 3085 3086 3074
f 3074 3086 3087
f 3086 3084 3087
f 3087 3084 3088
f 3084 3089 3088
f 3090 3091 3092
f 3091 3093 3092
f 3090 3094 3091
f 3094 3095 3091
f 3091 3095 3096
f 3095 3097 3096
f 3096 3097 3098
f 3097 3099 3098
f 3098 3099 3075
f 3099 3100 3075
f 3075 3100 3076
f 3101 3102 3103
f 3102 3104 3103
f 3093 3091 3103
f 3091 3105 3103
f 3103 3105 3101
f 2906 3106 3107
f 2907 2906 3108
f 3104 3102 3106
f 3102 3109 3106
f 3106 3109 3107
f 2905 2907 3110
f 2907 3111 3110
f 3110 3111 3112
f 2906 3107 3108
f 3107 3113 3108
f 3108 3113 3114
f 3113 3115 3114
f 3115 3116 3114
f 3114 3116 3117
f 3116 3118 3117
f 3117 3118 3119
f 3118 3120 3119
f 3119 3120 3121
f 3120 3122 3121
f 3121 3122 3123
f 3122 3124 3123
f 3123 3124 3125
f 3124 2909 3125
f 2909 2908 3125
f 3125 2908 2904
f 2908 3126 2904
f 2904 3126 2903
f 3127 3128 3129
f 3128 3130 3129
f 3129 3130 3131
f 3132 3133 3134
f 3133 3135 3134
f 3134 3135 3136
f 3135 3137 3136
f 3138 3139 3140
f 3141 3142 3143
f 3142 3144 3143
f 3143 3144 3145
f 3144 3146 3145
f 3145 3146 3147
f 3146 3148 3147
f 3147 3148 3149
f 3148 3150 3149
f 3150 3151 3149
f 3149 3151 3152
f 3151 3153 3152
f 3152 3153 3154
f 3153 3155 3154
f 3154 3155 3156
f 3155 3157 3156
f 3156 3157 3158
f 3157 3159 3158
f 3158 3159 3160
f 3159 3161 3160
f 3160 3161 3162
f 3131 3130 3163
f 3130 3164 3163
f 3163 3164 3165
f 3166 3167 3168
f 3167 3169 3168
f 3168 3169 3170
f 3171 3172 3173
f 3172 3174 3173
f 3173 3174 3175
f 3174 3176 3175
f 3175 3176 3177
f 3176 3178 3177
f 3177 3178 3179
f 3178 3180 3179
f 3180 3181 3179
f 3179 3181 3182
f 3181 3183 3182
f 3182 3183 3184
f 3183 3185 3184
f 3184 3185 3186
f 3185 3187 3186
f 3186 3187 3141
f 3187 3188 3141
f 3141 3188 3142
f 3139 3138 3189
f 3138 3190 3189
f 3189 3190 3191
f 3192 3193 3194
f 3161 3195 3162
f 3195 3196 3162
f 3162 3196 3197
f 3196 3198 3197
f 3197 3198 3127
f 3198 3199 3127
f 3127 3199 3128
f 3200 3201 3202
f 3193 3192 3203
f 3192 3204 3203
f 3203 3204 3205
f 3164 3206 3165
f 3206 3207 3165
f 3165 3207 3208
f 3207 3209 3208
f 3208 3209 3210
f 3209 3211 3210
f 3210 3211 3212
f 3211 3213 3212
f 3212 3213 3132
f 3213 3214 3132
f 3132 3214 3133
f 3135 3215 3137
f 3215 3216 3137
f 3137 3216 3217
f 3216 3218 3217
f 3217 3218 3219
f 3218 3220 3219
f 3219 3220 3221
f 3220 3222 3221
f 3221 3222 3223
f 3222 3224 3223
f 3223 3224 3225
f 3202 3201 3226
f 3201 3227 3226
f 3226 3227 3228
f 3202 3229 3200
f 3229 3230 3200
f 3200 3230 3231
f 3230 3232 3231
f 3231 3232 3233
f 3232 3234 3233
f 3233 3234 3235
f 3234 3236 3235
f 3235 3236 3237
f 3236 3238 3237
f 3237 3238 3140
f 3238 3239 3140
f 3140 3239 3138
f 3170 3169 3240
f 3169 3241 3240
f 3240 3241 3242
f 3204 3243 3205
f 3243 3244 3205
f 3205 3244 3245
f 3244 3246 3245
f 3245 3246 3247
f 3246 3248 3247
f 3247 3248 3249
f 3248 3250 3249
f 3249 3250 3171
f 3250 3251 3171
f 3171 3251 3172
f 3224 3252 3225
f 3252 3253 3225
f 3225 3253 3254
f 3253 3255 3254
f 3255 3256 3254
f 3254 3256 3257
f 3256 3258 3257
f 3257 3258 3259
f 3260 3261 3262
f 3261 3263 3262
f 3262 3263 3264
f 3263 3265 3264
f 3266 3267 3268
f 3267 3269 3268
f 3268 3269 3270
f 3271 3272 3273
f 3274 3275 3276
f 3190 3277 3191
f 3277 3278 3191
f 3191 3278 3279
f 3278 3280 3279
f 3279 3280 3281
f 3280 3282 3281
f 3281 3282 3283
f 3282 3284 3283
f 3283 3284 3166
f 3284 3285 3166
f 3166 3285 3167
f 3241 3286 3242
f 3286 3287 3242
f 3242 3287 3288
f 3287 3289 3288
f 3288 3289 3290
f 3289 3291 3290
f 3290 3291 3292
f 3291 3293 3292
f 3292 3293 3294
f 3293 3295 3294
f 3294 3295 3194
f 3295 3296 3194
f 3194 3296 3192
f 3259 3258 3297
f 3258 3298 3297
f 3297 3298 3299
f 3298 3300 3299
f 3299 3300 3301
f 3300 3302 3301
f 3301 3302 3303
f 3302 3304 3303
f 3303 3304 3260
f 3304 3305 3260
f 3260 3305 3261
f 3273 3272 3306
f 3272 3307 3306
f 3307 3308 3306
f 3306 3308 3309
f 3308 3310 3309
f 3309 3310 3311
f 3310 3312 3311
f 3311 3312 3313
f 3312 3314 3313
f 3313 3314 3276
f 3314 3315 3276
f 3276 3315 3274
f 3263 3316 3265
f 3316 3317 3265
f 3265 3317 3318
f 3317 3319 3318
f 3318 3319 3320
f 3319 3321 3320
f 3320 3321 3322
f 3321 3323 3322
f 3322 3323 3324
f 3275 3274 3325
f 3274 3326 3325
f 3325 3326 3327
f 3269 3328 3270
f 3328 3329 3270
f 3270 3329 3330
f 3329 3331 3330
f 3330 3331 3332
f 3331 3333 3332
f 3332 3333 3334
f 3333 3335 3334
f 3334 3335 3336
f 3335 3337 3336
f 3336 3337 3338
f 3337 3339 3338
f 3338 3339 3340
f 3271 3273 3341
f 3273 3342 3341
f 3341 3342 3343
f 3326 3344 3327
f 3344 3345 3327
f 3327 3345 3346
f 3345 3347 3346
f 3346 3347 3348
f 3347 3349 3348
f 3348 3349 3350
f 3349 3351 3350
f 3350 3351 3352
f 3351 3353 3352
f 3352 3353 3354
f 3353 3228 3354
f 3354 3228 3355
f 3228 3227 3355
f 3323 3356 3324
f 3356 3357 3324
f 3324 3357 3358
f 3357 3359 3358
f 3359 3360 3358
f 3358 3360 3361
f 3360 3340 3361
f 3361 3340 3362
f 3340 3339 3362
f 3363 3364 3365
f 3364 3366 3365
f 3365 3366 3367
f 3366 3368 3367
f 3367 3368 3369
f 3368 3370 3369
f 3369 3370 3371
f 3371 3370 3372
f 3370 3373 3372
f 3372 3373 3374
f 3375 3376 3377
f 3376 3378 3377
f 3377 3378 3379
f 3378 3380 3379
f 3379 3380 3381
f 3380 3382 3381
f 3381 3382 3383
f 3382 3384 3383
f 3383 3384 3385
f 3384 3386 3385
f 3385 3386 3387
f 3386 3343 3387
f 3387 3343 3388
f 3343 3342 3388
f 3375 3377 3389
f 3377 3390 3389
f 3389 3390 3363
f 3390 3391 3363
f 3363 3391 3364
f 131 193 3392
f 189 187 3393
f 179 177 3394
f 175 173 3395
f 165 163 3396
f 1110 1159 3397
f 1141 1144 3398
f 3399 3400 3401
f 3402 3403 3404
f 3405 3406 3407
f 3408 3409 3410
f 3411 3412 3413
f 3414 3415 3416
f 3417 3418 3419
f 3420 3421 3422
f 3423 3424 3425
f 3426 3427 3428
f 3429 3430 3431
f 3432 3433 3434
f 3435 3436 3437
f 3438 3439 3440
f 3441 3442 3443
f 53 52 3444
f 132 134 3445
f 3446 3447 3400
f 3447 3448 3400
f 3400 3448 3449
f 3449 3450 3400
f 3450 3451 3400
f 3400 3451 3401
f 3451 3452 3401
f 3401 3452 3453
f 3453 3454 3455
f 3454 3456 3455
f 3455 3456 3457
f 3458 3459 132
f 195 3460 3458
f 203 196 3461
f 196 195 3461
f 3460 3462 3458
f 3462 3463 3458
f 3458 3463 3459
f 3464 3465 3466
f 3465 3467 3466
f 3464 3468 3465
f 3468 212 3465
f 3465 212 211
f 3469 3470 3467
f 3470 3471 3467
f 3467 3471 3466
f 3472 3473 3474
f 3474 3475 3472
f 3475 94 3472
f 3472 94 3476
f 94 81 3476
f 3476 81 3467
f 81 91 3467
f 3467 91 3469
f 60 77 3477
f 77 78 3477
f 78 3478 3477
f 3478 3479 3477
f 3477 3479 3472
f 3479 3480 3472
f 3472 3480 3473
f 3481 3482 3483
f 3482 3484 3483
f 1132 1134 3482
f 1134 3485 3482
f 3482 3485 3484
f 34 28 3486
f 28 27 3486
f 3486 27 3487
f 3488 3489 3490
f 3489 1101 3490
f 3490 1101 1103
f 3491 3492 3493
f 3492 41 3493
f 3493 41 43
f 5 9 3494
f 9 14 3494
f 3494 14 3495
f 3441 3443 3496
f 3497 3498 3499
f 3498 3500 3499
f 3500 16 3499
f 3499 16 15
f 3501 122 128
f 3438 3440 3502
f 3503 3504 3505
f 3503 3505 3506
f 3507 160 161
f 3508 3509 3510
f 3511 3512 3513
f 3513 3514 3511
f 3514 3515 3511
f 3511 3515 3508
f 3509 3516 3510
f 3516 3517 3510
f 3510 3517 3518
f 3519 3520 3521
f 3519 3521 3522
f 3518 3523 3510
f 3523 3524 3510
f 3510 3524 3525
f 3520 3526 3521
f 3526 3527 3521
f 3521 3527 3528
f 3529 3530 3437
f 3530 3531 3437
f 3437 3531 3435
f 3532 3533 3534
f 3535 3536 3537
f 3536 3538 3537
f 3537 3538 3539
f 3533 3540 3534
f 3540 3541 3534
f 3534 3541 3542
f 3543 3544 3545
f 3432 3434 3546
f 3547 3548 3549
f 3548 3550 3549
f 3549 3550 3551
f 3552 3553 3554
f 3429 3431 3555
f 3556 3557 3558
f 3557 3559 3558
f 3558 3559 3560
f 3426 3428 3561
f 3423 3425 3562
f 3563 3564 3565
f 3566 3567 3568
f 3569 3570 3571
f 3572 3573 3574
f 3575 3576 3577
f 3420 3422 3578
f 3579 3580 3581
f 3582 3583 3584
f 3417 3419 3585
f 3414 3416 3586
f 3411 3413 3587
f 3588 3589 3590
f 3589 3591 3590
f 3590 3591 3592
f 3405 3407 3593
f 3594 3595 3596
f 3595 3597 3596
f 3596 3597 3598
f 3599 3600 3601
f 3600 3602 3601
f 3602 3603 3601
f 3601 3603 3604
f 3605 3606 3607
f 3608 3609 3610
f 3606 3611 3607
f 3611 3612 3607
f 3607 3612 3613
f 3608 3610 3614
f 3609 3615 3610
f 3615 3616 3610
f 3610 3616 3617
f 3618 3619 3620
f 3618 3620 3621
f 3619 3622 3620
f 3622 3623 3620
f 3620 3623 3624
f 3624 3625 3620
f 3625 3626 3620
f 3620 3626 3627
f 3628 3629 3400
f 3629 3630 3400
f 3400 3630 3631
f 3631 3632 3400
f 3632 3633 3400
f 3400 3633 3446
f 3627 3628 3620
f 3628 3400 3620
f 3620 3400 3634
f 3400 3635 3634
f 3634 3635 3636
f 3617 3621 3610
f 3621 3620 3610
f 3610 3620 3637
f 3620 3634 3637
f 3637 3634 3638
f 3634 3636 3638
f 3638 3636 3639
f 3640 3641 3642
f 3643 3641 3644
f 3641 3640 3644
f 3644 3640 3645
f 3613 3614 3607
f 3614 3610 3607
f 3607 3610 3646
f 3610 3637 3646
f 3646 3637 3647
f 3637 3638 3647
f 3647 3638 3648
f 3638 3639 3648
f 3648 3639 3649
f 3604 3605 3601
f 3605 3607 3601
f 3601 3607 3650
f 3607 3646 3650
f 3650 3646 3651
f 3646 3647 3651
f 3651 3647 3652
f 3647 3648 3652
f 3652 3648 3653
f 3648 3649 3653
f 3653 3649 3392
f 3654 3642 3655
f 3642 3641 3655
f 3655 3641 3656
f 3641 3643 3656
f 3656 3643 3657
f 3525 3522 3510
f 3522 3521 3510
f 3510 3521 3658
f 3521 3659 3658
f 3658 3659 3660
f 3659 3661 3660
f 3660 3661 3662
f 3661 3663 3662
f 3662 3663 3664
f 3663 3665 3664
f 3664 3665 3444
f 3665 3482 3444
f 3444 3482 53
f 3482 3481 53
f 3528 3529 3521
f 3529 3437 3521
f 3521 3437 3659
f 3437 3666 3659
f 3659 3666 3661
f 3666 3667 3661
f 3661 3667 3663
f 3667 3668 3663
f 3663 3668 3665
f 3668 3669 3665
f 3665 3669 3482
f 3669 3670 3482
f 3482 3670 1132
f 3670 1127 1132
f 3542 3543 3534
f 3543 3545 3534
f 3534 3545 3671
f 3545 3672 3671
f 3671 3672 3673
f 3672 3674 3673
f 3673 3674 3675
f 3674 3676 3675
f 3675 3676 3677
f 3676 3678 3677
f 3677 3678 3679
f 3678 3398 3679
f 3551 3552 3549
f 3552 3554 3549
f 3549 3554 3680
f 3554 3681 3680
f 3680 3681 3682
f 3681 3683 3682
f 3682 3683 3684
f 3683 3685 3684
f 3684 3685 3686
f 3685 3687 3686
f 3686 3687 3688
f 3687 3689 3688
f 3427 3690 3428
f 3690 3691 3428
f 3428 3691 3692
f 3691 3693 3692
f 3692 3693 3694
f 3693 3695 3694
f 3694 3695 3696
f 3695 3697 3696
f 3696 3697 3698
f 3697 3699 3698
f 3698 3699 3700
f 3699 3397 3700
f 3565 3701 3702
f 3701 3703 3702
f 3702 3703 3704
f 3703 3705 3704
f 3704 3705 3706
f 3705 3707 3706
f 3706 3707 3708
f 3707 3709 3708
f 3708 3709 3490
f 3709 3486 3490
f 3490 3486 3488
f 3486 3487 3488
f 3567 3569 3568
f 3569 3571 3568
f 3568 3571 3710
f 3571 3711 3710
f 3710 3711 3712
f 3711 3713 3712
f 3712 3713 3714
f 3713 3715 3714
f 3714 3715 3716
f 3715 3717 3716
f 3716 3717 3493
f 3717 3443 3493
f 3493 3443 3491
f 3443 3442 3491
f 3571 3718 3711
f 3718 3719 3711
f 3711 3719 3713
f 3719 3720 3713
f 3713 3720 3715
f 3720 3721 3715
f 3715 3721 3717
f 3721 3722 3717
f 3717 3722 3443
f 3722 3494 3443
f 3443 3494 3496
f 3494 3495 3496
f 3573 3575 3574
f 3575 3577 3574
f 3574 3577 3723
f 3577 3724 3723
f 3723 3724 3725
f 3724 3726 3725
f 3725 3726 3727
f 3726 3728 3727
f 3727 3728 3729
f 3728 3730 3729
f 3729 3730 3499
f 3730 3440 3499
f 3499 3440 3497
f 3440 3439 3497
f 3577 3731 3724
f 3731 3732 3724
f 3724 3732 3726
f 3732 3733 3726
f 3726 3733 3728
f 3733 3734 3728
f 3728 3734 3730
f 3734 3735 3730
f 3730 3735 3440
f 3735 3501 3440
f 3440 3501 3502
f 3501 128 3502
f 3576 3736 3577
f 3736 3578 3577
f 3577 3578 3731
f 3578 3422 3731
f 3731 3422 3737
f 3422 3738 3737
f 3737 3738 3733
f 3738 3739 3733
f 3733 3739 3734
f 3739 3740 3734
f 3734 3740 3735
f 3740 3741 3735
f 3735 3741 3501
f 3741 3505 3501
f 3421 3742 3422
f 3742 3743 3422
f 3422 3743 3738
f 3743 3744 3738
f 3738 3744 3739
f 3744 3745 3739
f 3739 3745 3740
f 3745 3746 3740
f 3740 3746 3741
f 3746 3747 3741
f 3741 3747 3505
f 3747 3507 3505
f 3505 3507 3506
f 3507 161 3506
f 3580 3582 3581
f 3582 3584 3581
f 3581 3584 3748
f 3584 3749 3748
f 3748 3749 3750
f 3749 3751 3750
f 3750 3751 3752
f 3751 3753 3752
f 3752 3753 3754
f 3753 3755 3754
f 3754 3755 3756
f 3755 3396 3756
f 3415 3587 3416
f 3587 3413 3416
f 3416 3413 3757
f 3413 3758 3757
f 3757 3758 3759
f 3758 3760 3759
f 3759 3760 3761
f 3760 3762 3761
f 3761 3762 3763
f 3762 3764 3763
f 3763 3764 3765
f 3764 3395 3765
f 3406 3402 3407
f 3402 3404 3407
f 3407 3404 3766
f 3404 3767 3766
f 3766 3767 3768
f 3767 3769 3768
f 3768 3769 3770
f 3769 3771 3770
f 3770 3771 3772
f 3771 3773 3772
f 3772 3773 3774
f 3773 3393 3774
f 132 3445 3458
f 3445 3775 3458
f 3458 3775 3776
f 3775 3777 3776
f 3776 3777 3778
f 3777 3779 3778
f 3778 3779 3780
f 3779 3781 3780
f 3780 3781 3782
f 3781 3455 3782
f 3782 3455 3783
f 3455 3457 3783
f 3783 3457 3784
f 195 3458 3461
f 3458 3776 3461
f 3461 3776 3785
f 3776 3778 3785
f 3785 3778 3786
f 3778 3780 3786
f 3786 3780 3787
f 3780 3782 3787
f 3787 3782 3788
f 3782 3783 3788
f 3788 3783 3511
f 3783 3784 3511
f 3511 3784 3512
f 3465 3654 3467
f 3654 3655 3467
f 3467 3655 3476
f 3655 3656 3476
f 3476 3656 3472
f 3656 3657 3472
f 3472 3657 3477
f 52 60 3444
f 60 3477 3444
f 3444 3477 3664
f 3477 3657 3664
f 3664 3657 3662
f 3657 3643 3662
f 3662 3643 3660
f 3643 3644 3660
f 3660 3644 3658
f 3644 3789 3658
f 3658 3789 3510
f 1135 1127 3790
f 1127 3670 3790
f 3790 3670 3791
f 3670 3669 3791
f 3791 3669 3792
f 3669 3668 3792
f 3792 3668 3793
f 3668 3667 3793
f 3793 3667 3794
f 3667 3666 3794
f 3794 3666 3537
f 3666 3437 3537
f 3537 3437 3535
f 3437 3436 3535
f 3539 3532 3537
f 3532 3534 3537
f 3537 3534 3794
f 3534 3671 3794
f 3794 3671 3793
f 3671 3673 3793
f 3793 3673 3792
f 3673 3675 3792
f 3792 3675 3791
f 3675 3677 3791
f 3791 3677 3790
f 3677 3679 3790
f 3790 3679 1135
f 3679 1136 1135
f 3398 1144 3679
f 1144 1138 3679
f 3679 1138 1136
f 1146 1141 3795
f 1141 3398 3795
f 3795 3398 3796
f 3398 3678 3796
f 3796 3678 3797
f 3678 3676 3797
f 3797 3676 3798
f 3676 3674 3798
f 3798 3674 3799
f 3674 3672 3799
f 3799 3672 3434
f 3672 3545 3434
f 3434 3545 3546
f 3545 3544 3546
f 3433 3547 3434
f 3547 3549 3434
f 3434 3549 3799
f 3549 3680 3799
f 3799 3680 3798
f 3680 3682 3798
f 3798 3682 3797
f 3682 3684 3797
f 3797 3684 3796
f 3684 3686 3796
f 3796 3686 3795
f 3686 3688 3795
f 3795 3688 1146
f 3688 1147 1146
f 1155 1153 3800
f 1153 3689 3800
f 3800 3689 3801
f 3689 3687 3801
f 3801 3687 3802
f 3687 3685 3802
f 3802 3685 3803
f 3685 3683 3803
f 3803 3683 3804
f 3683 3681 3804
f 3804 3681 3431
f 3681 3554 3431
f 3431 3554 3555
f 3554 3553 3555
f 1153 1151 3689
f 1151 1149 3689
f 3689 1149 3688
f 1149 1100 3688
f 3688 1100 1147
f 1156 1155 3805
f 1155 3800 3805
f 3805 3800 3806
f 3800 3801 3806
f 3806 3801 3807
f 3801 3802 3807
f 3807 3802 3808
f 3802 3803 3808
f 3808 3803 3809
f 3803 3804 3809
f 3809 3804 3558
f 3804 3431 3558
f 3558 3431 3556
f 3431 3430 3556
f 3560 3561 3558
f 3561 3428 3558
f 3558 3428 3809
f 3428 3692 3809
f 3809 3692 3808
f 3692 3694 3808
f 3808 3694 3807
f 3694 3696 3807
f 3807 3696 3806
f 3696 3698 3806
f 3806 3698 3805
f 3698 3700 3805
f 3805 3700 1156
f 3700 1158 1156
f 3397 1159 3700
f 1159 1161 3700
f 3700 1161 1158
f 1105 1110 3810
f 1110 3397 3810
f 3810 3397 3811
f 3397 3699 3811
f 3811 3699 3812
f 3699 3697 3812
f 3812 3697 3813
f 3697 3695 3813
f 3813 3695 3814
f 3695 3693 3814
f 3814 3693 3425
f 3693 3691 3425
f 3425 3691 3562
f 3691 3690 3562
f 3424 3563 3425
f 3563 3565 3425
f 3425 3565 3814
f 3565 3702 3814
f 3814 3702 3813
f 3702 3704 3813
f 3813 3704 3812
f 3704 3706 3812
f 3812 3706 3811
f 3706 3708 3811
f 3811 3708 3810
f 3708 3490 3810
f 3810 3490 1105
f 3490 1103 1105
f 43 34 3493
f 34 3486 3493
f 3493 3486 3716
f 3486 3709 3716
f 3716 3709 3714
f 3709 3707 3714
f 3714 3707 3712
f 3707 3705 3712
f 3712 3705 3815
f 3705 3703 3815
f 3815 3703 3568
f 3703 3701 3568
f 3568 3701 3566
f 3701 3565 3566
f 3566 3565 3816
f 3565 3564 3816
f 15 5 3499
f 5 3494 3499
f 3499 3494 3729
f 3494 3722 3729
f 3729 3722 3727
f 3722 3721 3727
f 3727 3721 3725
f 3721 3720 3725
f 3725 3720 3723
f 3720 3719 3723
f 3723 3719 3574
f 3719 3718 3574
f 3574 3718 3572
f 3718 3571 3572
f 3572 3571 3817
f 3571 3570 3817
f 3504 108 3505
f 108 106 3505
f 3505 106 3501
f 106 104 3501
f 3501 104 122
f 3742 3579 3743
f 3579 3581 3743
f 3743 3581 3744
f 3581 3748 3744
f 3744 3748 3745
f 3748 3750 3745
f 3745 3750 3746
f 3750 3752 3746
f 3746 3752 3747
f 3752 3754 3747
f 3747 3754 3507
f 3754 3756 3507
f 3507 3756 160
f 3756 154 160
f 3396 163 3756
f 163 150 3756
f 3756 150 154
f 167 165 3818
f 165 3396 3818
f 3818 3396 3819
f 3396 3755 3819
f 3819 3755 3820
f 3755 3753 3820
f 3820 3753 3821
f 3753 3751 3821
f 3821 3751 3822
f 3751 3749 3822
f 3822 3749 3419
f 3749 3584 3419
f 3419 3584 3585
f 3584 3583 3585
f 3418 3586 3419
f 3586 3416 3419
f 3419 3416 3822
f 3416 3757 3822
f 3822 3757 3821
f 3757 3759 3821
f 3821 3759 3820
f 3759 3761 3820
f 3820 3761 3819
f 3761 3763 3819
f 3819 3763 3818
f 3763 3765 3818
f 3818 3765 167
f 3765 169 167
f 3395 173 3765
f 173 171 3765
f 3765 171 169
f 177 175 3394
f 175 3395 3394
f 3394 3395 3823
f 3395 3764 3823
f 3823 3764 3824
f 3764 3762 3824
f 3824 3762 3825
f 3762 3760 3825
f 3825 3760 3826
f 3760 3758 3826
f 3826 3758 3410
f 3758 3413 3410
f 3410 3413 3408
f 3413 3412 3408
f 181 179 3827
f 179 3394 3827
f 3827 3394 3828
f 3394 3823 3828
f 3828 3823 3829
f 3823 3824 3829
f 3829 3824 3830
f 3824 3825 3830
f 3830 3825 3831
f 3825 3826 3831
f 3831 3826 3590
f 3826 3410 3590
f 3590 3410 3588
f 3410 3409 3588
f 3592 3593 3590
f 3593 3407 3590
f 3590 3407 3831
f 3407 3766 3831
f 3831 3766 3830
f 3766 3768 3830
f 3830 3768 3829
f 3768 3770 3829
f 3829 3770 3828
f 3770 3772 3828
f 3828 3772 3827
f 3772 3774 3827
f 3827 3774 181
f 3774 183 181
f 3393 187 3774
f 187 185 3774
f 3774 185 183
f 191 189 3832
f 189 3393 3832
f 3832 3393 3833
f 3393 3773 3833
f 3833 3773 3834
f 3773 3771 3834
f 3834 3771 3835
f 3771 3769 3835
f 3835 3769 3836
f 3769 3767 3836
f 3836 3767 3596
f 3767 3404 3596
f 3596 3404 3594
f 3404 3403 3594
f 3598 3599 3596
f 3599 3601 3596
f 3596 3601 3836
f 3601 3650 3836
f 3836 3650 3835
f 3650 3651 3835
f 3835 3651 3834
f 3651 3652 3834
f 3834 3652 3833
f 3652 3653 3833
f 3833 3653 3832
f 3653 3392 3832
f 3832 3392 191
f 3392 193 191
f 3453 3455 3401
f 3455 3781 3401
f 3401 3781 3399
f 3781 3779 3399
f 3399 3779 3636
f 3779 3777 3636
f 3636 3777 3639
f 3777 3775 3639
f 3639 3775 3649
f 3775 3445 3649
f 3649 3445 3392
f 3445 134 3392
f 3392 134 131
f 3508 3510 3511
f 3510 3645 3511
f 3511 3645 3788
f 3645 3640 3788
f 3788 3640 3787
f 3640 3642 3787
f 3787 3642 3786
f 3642 3654 3786
f 3786 3654 3785
f 3654 3465 3785
f 3785 3465 3461
f 3465 211 3461
f 3461 211 203
f 3837 3838 3839
f 3126 3840 2903
f 3840 3841 2903
f 2903 3841 2901
f 3838 3842 3843
f 3842 3844 3843
f 3843 3844 3845
f 3844 3846 3845
f 3845 3846 3847
f 3848 3849 3839
f 3849 3850 3839
f 3839 3850 3837
f 3851 3852 3848
f 3852 3853 3848
f 3848 3853 3849
f 3854 3855 3851
f 3855 3856 3851
f 3851 3856 3852
f 1950 3857 3854
f 3857 3858 3854
f 3854 3858 3855
f 3854 3859 3860
f 1950 3854 1952
f 3854 3860 1952
f 1952 3860 1953
f 3861 3862 3851
f 3862 3863 3851
f 3851 3863 3854
f 3863 3864 3854
f 3854 3864 3859
f 3861 3851 3865
f 3851 3848 3865
f 3865 3848 3866
f 3866 3848 3867
f 3848 3839 3867
f 3867 3839 3868
f 3838 3843 3839
f 3843 3869 3839
f 3839 3869 3868
f 3870 3871 3845
f 3871 3872 3845
f 3845 3872 3843
f 3872 3873 3843
f 3843 3873 3869
f 3874 2908 3875
f 2908 2910 3875
f 3874 3870 2908
f 3870 3845 2908
f 2908 3845 3126
f 3845 3847 3126
f 3126 3847 3840
f 2927 2928 3876
f 3877 3878 3879
f 3880 2910 2912
f 3881 3882 3883
f 3882 3884 3883
f 3883 3884 3885
f 3881 3886 3882
f 3886 3887 3882
f 3882 3887 2912
f 3887 3888 2912
f 2912 3888 3880
f 3879 3878 3889
f 3878 3890 3889
f 3890 3891 3889
f 3889 3891 3884
f 3891 3892 3884
f 3884 3892 3885
f 3893 1910 1911
f 1911 3894 3893
f 3894 3895 3893
f 3893 3895 3879
f 3895 3896 3879
f 3879 3896 3877
f 2927 3876 2914
f 1908 1910 3897
f 1910 3893 3897
f 3897 3893 3898
f 3893 3879 3898
f 3898 3879 3899
f 3879 3889 3899
f 3899 3889 3900
f 3889 3884 3900
f 3900 3884 3876
f 3884 3882 3876
f 3876 3882 2914
f 3882 2912 2914
f 3900 3876 3901
f 3902 2938 2943
f 3903 1896 1985
f 3904 3903 3905
f 3903 1985 3905
f 1985 1987 3905
f 3905 1987 3906
f 1987 1988 3906
f 3906 1988 3907
f 1988 1990 3907
f 1990 1992 3907
f 3907 1992 3908
f 1992 1994 3908
f 1994 1996 3908
f 3908 1996 3909
f 1996 1997 3909
f 3909 1997 3910
f 1997 1999 3910
f 1999 2001 3910
f 3910 2001 3911
f 2938 3902 3912
f 3902 3913 3912
f 3912 3913 2940
f 3913 3914 2940
f 2940 3914 2930
f 3914 3915 2930
f 2930 3915 2932
f 3915 3916 2932
f 2932 3916 2934
f 3916 3917 2934
f 2934 3917 2936
f 3917 3918 2936
f 2936 3918 2937
f 2001 2003 3911
f 2003 2005 3911
f 3911 2005 3919
f 2005 2007 3919
f 3919 2007 3920
f 2007 2008 3920
f 2008 2010 3920
f 3920 2010 3921
f 2010 2012 3921
f 2012 2014 3921
f 3921 2014 3922
f 2014 2016 3922
f 3922 2016 3923
f 2016 2018 3923
f 3923 2018 1908
f 1908 3897 3923
f 3897 3924 3923
f 3923 3924 3922
f 3924 3925 3922
f 3922 3925 3921
f 3925 3926 3921
f 3921 3926 3920
f 3926 3927 3920
f 3920 3927 3919
f 3927 3928 3919
f 3919 3928 3911
f 3928 3929 3911
f 3911 3929 3910
f 3929 3930 3910
f 3910 3930 3909
f 3930 3931 3909
f 3909 3931 3908
f 3931 3932 3908
f 3908 3932 3907
f 3932 3933 3907
f 3907 3933 3906
f 3933 3934 3906
f 3906 3934 3905
f 3934 3935 3905
f 3905 3935 3904
f 3935 3936 3904
f 3897 3898 3924
f 3898 3937 3924
f 3924 3937 3925
f 3937 3938 3925
f 3925 3938 3926
f 3938 3939 3926
f 3926 3939 3927
f 3939 3940 3927
f 3927 3940 3928
f 3940 3941 3928
f 3928 3941 3929
f 3941 3942 3929
f 3929 3942 3930
f 3942 3943 3930
f 3930 3943 3931
f 3943 3944 3931
f 3931 3944 3932
f 3944 3945 3932
f 3932 3945 3933
f 3945 3946 3933
f 3933 3946 3934
f 3946 3947 3934
f 3934 3947 3935
f 3947 3948 3935
f 3935 3948 3936
f 3948 3949 3936
f 3898 3899 3937
f 3899 3950 3937
f 3937 3950 3938
f 3950 3951 3938
f 3938 3951 3939
f 3951 3952 3939
f 3939 3952 3940
f 3952 3953 3940
f 3940 3953 3941
f 3953 3954 3941
f 3941 3954 3942
f 3954 3955 3942
f 3942 3955 3943
f 3955 3956 3943
f 3943 3956 3944
f 3956 3957 3944
f 3944 3957 3945
f 3957 3958 3945
f 3945 3958 3946
f 3958 3959 3946
f 3946 3959 3947
f 3959 3960 3947
f 3947 3960 3948
f 3960 3961 3948
f 3948 3961 3949
f 3961 3962 3949
f 3899 3900 3950
f 3900 3901 3950
f 3950 3901 3951
f 3901 3963 3951
f 3951 3963 3952
f 3963 3964 3952
f 3952 3964 3953
f 3964 3965 3953
f 3953 3965 3954
f 3965 3966 3954
f 3954 3966 3955
f 3966 3918 3955
f 3955 3918 3956
f 3918 3917 3956
f 3956 3917 3957
f 3917 3916 3957
f 3957 3916 3958
f 3916 3915 3958
f 3958 3915 3959
f 3915 3914 3959
f 3959 3914 3960
f 3914 3913 3960
f 3960 3913 3961
f 3913 3902 3961
f 3961 3902 3962
f 3902 2943 3962
f 2937 3918 2916
f 3918 3966 2916
f 2916 3966 2917
f 3966 3965 2917
f 2917 3965 2919
f 3965 3964 2919
f 2919 3964 2921
f 3964 3963 2921
f 2921 3963 2923
f 3963 3901 2923
f 2923 3901 2924
f 3901 3876 2924
f 2924 3876 2928
f 2954 2961 3967
f 2954 3967 3968
f 2947 3968 3969
f 3968 3967 3969
f 3969 3967 3970
f 3967 3971 3970
f 3970 3971 3972
f 3971 3973 3972
f 3972 3973 3974
f 3973 3975 3974
f 3974 3975 3976
f 3975 3977 3976
f 3976 3977 1897
f 3977 1898 1897
f 3962 3969 3949
f 3969 3970 3949
f 3949 3970 3936
f 3970 3972 3936
f 3936 3972 3904
f 3972 3974 3904
f 3904 3974 3903
f 3974 3976 3903
f 3903 3976 1896
f 3976 1897 1896
f 3962 2943 3969
f 2943 2945 3969
f 3969 2945 2947
f 3978 2974 3979
f 3980 3981 3982
f 2067 2065 3983
f 3984 3985 2069
f 3985 1872 2069
f 2966 2980 3986
f 2980 3987 3986
f 2967 2966 3988
f 2966 3986 3988
f 3988 3986 3989
f 3986 3987 3989
f 3989 3987 3990
f 2969 2967 3991
f 2967 3988 3991
f 3991 3988 3992
f 3988 3989 3992
f 3992 3989 3993
f 3989 3990 3993
f 3993 3990 3994
f 2971 2969 3995
f 2969 3991 3995
f 3995 3991 3996
f 3991 3992 3996
f 3996 3992 3997
f 3992 3993 3997
f 3997 3993 3998
f 3993 3994 3998
f 3998 3994 3999
f 2064 2062 4000
f 2062 3980 4000
f 4000 3980 4001
f 3980 3982 4001
f 4001 3982 4002
f 2065 2064 3983
f 2064 4000 3983
f 3983 4000 4003
f 4000 4001 4003
f 4003 4001 4004
f 4001 4002 4004
f 4004 4002 4005
f 2974 2971 3979
f 2971 3995 3979
f 3979 3995 4006
f 3995 3996 4006
f 4006 3996 4007
f 3996 3997 4007
f 4007 3997 4008
f 3997 3998 4008
f 4008 3998 3984
f 3998 3999 3984
f 3984 3999 3985
f 2062 2060 3980
f 2060 2058 3980
f 3980 2058 3981
f 2058 2056 3981
f 3981 2056 2055
f 4009 4005 4010
f 4005 4002 4010
f 4010 4002 4011
f 4002 3982 4011
f 4011 3982 4012
f 3982 3981 4012
f 4012 3981 4013
f 3981 2055 4013
f 4013 2055 2053
f 2959 3978 4009
f 3978 3979 4009
f 4009 3979 4005
f 3979 4014 4005
f 4005 4014 4004
f 4014 4007 4004
f 4004 4007 4003
f 4007 4008 4003
f 4003 4008 3983
f 4008 3984 3983
f 3983 3984 2067
f 3984 2069 2067
f 2961 2959 3967
f 2959 4009 3967
f 3967 4009 3971
f 4009 4010 3971
f 3971 4010 3973
f 4010 4011 3973
f 3973 4011 3975
f 4011 4012 3975
f 3975 4012 3977
f 4012 4013 3977
f 3977 4013 1898
f 4013 2053 1898
f 3021 3028 4015
f 3033 3047 4016
f 3028 3033 4015
f 3033 4016 4015
f 4015 4016 4017
f 4016 4018 4017
f 4017 4018 4019
f 4018 4020 4019
f 4019 4020 4021
f 4020 4022 4021
f 4021 4022 4023
f 4022 4024 4023
f 1891 4023 1885
f 4023 4024 1885
f 1885 4024 1876
f 3008 3010 4025
f 3010 3021 4025
f 3021 4015 4025
f 4015 4017 4025
f 4025 4017 4026
f 4017 4019 4026
f 4026 4019 4027
f 4019 4021 4027
f 4027 4021 4028
f 4021 4023 4028
f 4028 4023 4029
f 4023 1891 4029
f 4029 1891 1890
f 1890 4030 4029
f 4030 4031 4029
f 4029 4031 4028
f 4031 4032 4028
f 4028 4032 4027
f 4032 4033 4027
f 4027 4033 4026
f 4033 4034 4026
f 4026 4034 4025
f 4034 2993 3001
f 4034 3001 4025
f 3001 4035 4025
f 4025 4035 3008
f 3987 4034 3990
f 4034 4033 3990
f 3990 4033 3994
f 4033 4032 3994
f 3994 4032 3999
f 4032 4031 3999
f 3999 4031 3985
f 4031 4030 3985
f 3985 4030 1872
f 4030 1890 1872
f 3987 2980 2979
f 3987 2979 4034
f 2979 2982 4034
f 4034 2982 2993
f 4036 4037 4038
f 4039 3052 4040
f 2088 2071 4041
f 4042 4043 2087
f 4043 1943 2087
f 3054 3056 4044
f 3056 4045 4044
f 3052 3054 4040
f 3054 4044 4040
f 4040 4044 4046
f 4044 4045 4046
f 4046 4045 4047
f 3040 4039 4048
f 4039 4040 4048
f 4048 4040 4049
f 4040 4046 4049
f 4049 4046 4050
f 4046 4047 4050
f 4050 4047 4051
f 3038 3040 4052
f 3040 4048 4052
f 4052 4048 4053
f 4048 4049 4053
f 4053 4049 4054
f 4049 4050 4054
f 4054 4050 4055
f 4050 4051 4055
f 4055 4051 4056
f 2073 2075 4057
f 2075 4036 4057
f 4057 4036 4058
f 4036 4038 4058
f 4058 4038 4059
f 2071 2073 4041
f 2073 4057 4041
f 4041 4057 4060
f 4057 4058 4060
f 4060 4058 4061
f 4058 4059 4061
f 4061 4059 4062
f 3044 3038 4063
f 3038 4052 4063
f 4063 4052 4064
f 4052 4053 4064
f 4064 4053 4065
f 4053 4054 4065
f 4065 4054 4066
f 4054 4055 4066
f 4066 4055 4042
f 4055 4056 4042
f 4042 4056 4043
f 2075 2077 4036
f 2077 2079 4036
f 4036 2079 4037
f 2079 2081 4037
f 4037 2081 2083
f 4067 4062 4068
f 4062 4059 4068
f 4068 4059 4069
f 4059 4038 4069
f 4069 4038 4070
f 4038 4037 4070
f 4070 4037 4071
f 4037 2083 4071
f 4071 2083 2085
f 3045 3044 4067
f 3044 4063 4067
f 4067 4063 4062
f 4063 4064 4062
f 4062 4064 4061
f 4064 4065 4061
f 4061 4065 4060
f 4065 4066 4060
f 4060 4066 4041
f 4066 4042 4041
f 4041 4042 2088
f 4042 2087 2088
f 3047 3045 4016
f 3045 4067 4016
f 4016 4067 4018
f 4067 4068 4018
f 4018 4068 4020
f 4068 4069 4020
f 4020 4069 4022
f 4069 4070 4022
f 4022 4070 4024
f 4070 4071 4024
f 4024 4071 1876
f 4071 2085 1876
f 3070 3072 4072
f 1948 1944 4073
f 1944 4074 4073
f 4073 4074 4075
f 4074 4076 4075
f 4075 4076 4077
f 4076 4078 4077
f 4077 4078 4079
f 4078 4080 4079
f 4079 4080 4072
f 4080 4081 4072
f 4072 4081 3070
f 3059 4082 4081
f 4082 3066 4081
f 4081 3066 3070
f 3056 3059 4045
f 3059 4081 4045
f 4045 4081 4047
f 4081 4080 4047
f 4047 4080 4051
f 4080 4078 4051
f 4051 4078 4056
f 4078 4076 4056
f 4056 4076 4043
f 4076 4074 4043
f 4043 4074 1943
f 4074 1944 1943
f 4083 4084 4085
f 4086 3106 2906
f 3110 3112 4087
f 1980 1982 4088
f 1982 4085 4088
f 4089 4090 4085
f 4090 4091 4085
f 4085 4091 4088
f 4089 4092 4093
f 4092 4094 4093
f 4093 4094 4095
f 4096 4097 4098
f 4097 4099 4098
f 4098 4099 4100
f 4099 4101 4100
f 4100 4101 4102
f 4087 4103 4104
f 4103 4096 4104
f 3110 4087 2905
f 4087 4104 2905
f 2905 4104 2906
f 4104 4105 2906
f 2906 4105 4086
f 4096 4098 4104
f 4098 4106 4104
f 4104 4106 4107
f 4107 4108 4104
f 4108 4109 4104
f 4104 4109 4105
f 4110 4100 4094
f 4100 4102 4094
f 4094 4102 4095
f 4110 4111 4100
f 4111 4112 4100
f 4100 4112 4098
f 4112 4113 4098
f 4098 4113 4106
f 4089 4085 4092
f 4085 4084 4092
f 4092 4084 4114
f 4114 4115 4092
f 4115 4116 4092
f 4092 4116 4094
f 4116 4117 4094
f 4094 4117 4110
f 4083 4085 4118
f 4085 1982 4118
f 4118 1982 1984
f 2052 2051 4119
f 4120 3088 3089
f 4121 4122 4123
f 2033 2031 4124
f 3100 3099 4125
f 2037 2035 4126
f 2024 2022 4127
f 2028 2026 4128
f 4129 4130 2019
f 4130 1901 2019
f 3090 3092 4131
f 3092 4132 4131
f 3094 3090 4133
f 3090 4131 4133
f 4133 4131 4134
f 4131 4132 4134
f 4134 4132 4135
f 3095 3094 4136
f 3094 4133 4136
f 4136 4133 4137
f 4133 4134 4137
f 4137 4134 4138
f 4134 4135 4138
f 4138 4135 4139
f 3097 3095 4140
f 3095 4136 4140
f 4140 4136 4141
f 4136 4137 4141
f 4141 4137 4142
f 4137 4138 4142
f 4142 4138 4143
f 4138 4139 4143
f 4143 4139 4144
f 3099 3097 4125
f 3097 4140 4125
f 4125 4140 4145
f 4140 4141 4145
f 4145 4141 4146
f 4141 4142 4146
f 4146 4142 4147
f 4142 4143 4147
f 4147 4143 4129
f 4143 4144 4129
f 4129 4144 4130
f 3076 3100 4148
f 3100 4125 4148
f 4148 4125 4149
f 4125 4145 4149
f 4149 4145 4150
f 4145 4146 4150
f 4150 4146 4151
f 4146 4147 4151
f 4151 4147 4152
f 4147 4129 4152
f 4152 4129 2029
f 4129 2019 2029
f 3078 3076 4153
f 3076 4148 4153
f 4153 4148 4154
f 4148 4149 4154
f 4154 4149 4155
f 4149 4150 4155
f 4155 4150 4156
f 4150 4151 4156
f 4156 4151 4128
f 4151 4152 4128
f 4128 4152 2028
f 4152 2029 2028
f 3080 3078 4157
f 3078 4153 4157
f 4157 4153 4158
f 4153 4154 4158
f 4158 4154 4159
f 4154 4155 4159
f 4159 4155 4160
f 4155 4156 4160
f 4160 4156 4127
f 4156 4128 4127
f 4127 4128 2024
f 4128 2026 2024
f 3082 3080 4161
f 3080 4157 4161
f 4161 4157 4162
f 4157 4158 4162
f 4162 4158 4163
f 4158 4159 4163
f 4163 4159 4164
f 4159 4160 4164
f 4164 4160 4165
f 4160 4127 4165
f 4165 4127 2038
f 4127 2022 2038
f 2049 2048 4166
f 2048 4121 4166
f 4166 4121 4167
f 4121 4123 4167
f 4167 4123 4168
f 2031 2049 4124
f 2049 4166 4124
f 4124 4166 4169
f 4166 4167 4169
f 4169 4167 4170
f 4167 4168 4170
f 4170 4168 4171
f 2035 2033 4126
f 2033 4124 4126
f 4126 4124 4172
f 4124 4169 4172
f 4172 4169 4173
f 4169 4170 4173
f 4173 4170 4174
f 4170 4171 4174
f 4174 4171 4175
f 3089 3082 4175
f 3082 4161 4175
f 4175 4161 4174
f 4161 4162 4174
f 4174 4162 4173
f 4162 4163 4173
f 4173 4163 4172
f 4163 4164 4172
f 4172 4164 4126
f 4164 4165 4126
f 4126 4165 2037
f 4165 2038 2037
f 2048 2046 4121
f 2046 2044 4121
f 4121 2044 4122
f 2044 2042 4122
f 4122 2042 2040
f 3089 4175 4120
f 4175 4171 4120
f 4120 4171 4176
f 4171 4168 4176
f 4176 4168 4177
f 4168 4123 4177
f 4177 4123 4178
f 4123 4122 4178
f 4178 4122 4179
f 4122 2040 4179
f 4179 2040 2052
f 4180 3074 4181
f 2052 4119 4179
f 4119 4182 4179
f 4179 4182 4178
f 4182 4183 4178
f 4178 4183 4177
f 4183 4184 4177
f 4177 4184 4176
f 4184 4180 4176
f 4176 4180 4120
f 4180 4181 4120
f 4120 4181 3088
f 3072 3074 4072
f 3074 4180 4072
f 4072 4180 4079
f 4180 4184 4079
f 4079 4184 4077
f 4184 4183 4077
f 4077 4183 4075
f 4183 4182 4075
f 4075 4182 4073
f 4182 4119 4073
f 4073 4119 1948
f 4119 2051 1948
f 1903 1902 4185
f 1902 4186 4185
f 4187 4188 4189
f 4188 4190 4189
f 4189 4190 4186
f 4190 4191 4186
f 4186 4191 4185
f 4187 4189 4192
f 4189 4193 4192
f 4192 4193 4194
f 4194 4193 4195
f 4193 4196 4195
f 4195 4196 4197
f 4198 4199 4196
f 4199 4200 4196
f 4196 4200 4197
f 3104 3106 4201
f 3093 3103 4198
f 3103 3104 4198
f 4201 4202 3104
f 4202 4203 3104
f 3104 4203 4198
f 4203 4204 4198
f 4198 4204 4199
f 3092 3093 4132
f 3093 4198 4132
f 4132 4198 4135
f 4198 4196 4135
f 4135 4196 4139
f 4196 4193 4139
f 4139 4193 4144
f 4193 4189 4144
f 4144 4189 4130
f 4189 4186 4130
f 4130 4186 1901
f 4186 1902 1901
f 4205 4206 4207
f 4206 4208 4207
f 1983 1981 4209
f 1981 4210 4209
f 4209 4210 4211
f 4210 4212 4211
f 4211 4212 4213
f 4212 4214 4213
f 4213 4214 4215
f 4214 4216 4215
f 4215 4216 4217
f 4216 4218 4217
f 4219 4220 4218
f 4220 4221 4218
f 4218 4221 4217
f 4218 4222 4219
f 4222 4223 4219
f 4219 4223 4224
f 4225 4226 4227
f 4226 4224 4227
f 4227 4224 4228
f 4224 4223 4228
f 4225 4229 4226
f 4229 4230 4226
f 4226 4230 4205
f 4230 4231 4205
f 4205 4231 4206
f 4210 4232 4212
f 4232 4233 4212
f 4234 4218 4235
f 4218 4216 4235
f 4235 4216 4233
f 4216 4214 4233
f 4233 4214 4212
f 4228 4223 4234
f 4223 4222 4234
f 4234 4222 4218
f 4228 4236 4227
f 4236 4237 4227
f 4227 4237 4225
f 4237 4229 4225
f 4238 4230 4229
f 4239 4231 4230
f 4206 4231 4240
f 4231 4239 4240
f 4240 4239 4241
f 4239 4242 4241
f 4241 4242 4243
f 4243 4242 4244
f 4242 4245 4244
f 4244 4245 4246
f 4246 4245 4247
f 4245 4248 4247
f 4247 4248 4249
f 4249 4248 4250
f 4248 4251 4250
f 4250 4251 4252
f 4251 4253 4254
f 4252 4251 4255
f 4251 4254 4255
f 4255 4254 1957
f 4256 4257 4258
f 4230 4238 4239
f 4238 4259 4239
f 4239 4259 4242
f 4259 4260 4242
f 4242 4260 4245
f 4260 4261 4245
f 4245 4261 4248
f 4261 4256 4248
f 4248 4256 4251
f 4256 4258 4251
f 4251 4258 4253
f 4262 4263 4264
f 4229 4237 4238
f 4237 4236 4238
f 4238 4236 4259
f 4236 4265 4259
f 4259 4265 4260
f 4265 4266 4260
f 4260 4266 4261
f 4266 4262 4261
f 4261 4262 4256
f 4262 4264 4256
f 4256 4264 4257
f 4210 1981 4232
f 1981 4267 4232
f 4232 4267 4268
f 4228 4234 4236
f 4234 4235 4236
f 4236 4235 4265
f 4235 4233 4265
f 4265 4233 4266
f 4233 4232 4266
f 4266 4232 4262
f 4232 4268 4262
f 4262 4268 4263
f 4269 4270 4254
f 4270 4271 4254
f 4254 4271 1957
f 4271 4272 1957
f 1957 4272 1958
f 4254 4253 4269
f 4253 4258 4269
f 4269 4258 4273
f 4258 4257 4273
f 4273 4257 4274
f 4257 4264 4274
f 4274 4264 4275
f 4264 4263 4275
f 4275 4263 4276
f 4263 4268 4276
f 4276 4268 4277
f 4268 4267 4277
f 4277 4267 1980
f 4267 1981 1980
f 4208 4206 4278
f 4206 4240 4278
f 4278 4240 4279
f 4240 4241 4279
f 4279 4241 4280
f 4241 4243 4280
f 4280 4243 4281
f 4243 4244 4281
f 4281 4244 4282
f 4244 4246 4282
f 4282 4246 4283
f 4246 4247 4283
f 4283 4247 4284
f 4247 4249 4284
f 4284 4249 4285
f 4249 4250 4285
f 4285 4250 4286
f 4250 4252 4286
f 4286 4252 4287
f 4252 4255 4287
f 4287 4255 1956
f 4255 1957 1956
f 4288 4289 4290
f 4289 4207 4290
f 4290 4207 4208
f 4288 4291 4289
f 4291 4292 4289
f 4289 4292 4293
f 4292 4294 4293
f 4294 4295 4293
f 4293 4295 4296
f 4295 4297 4296
f 4297 4298 4296
f 4296 4298 4299
f 4298 4300 4299
f 4299 4300 4301
f 4300 4302 4301
f 4301 4302 4303
f 4302 4304 4303
f 4305 4306 4304
f 4306 4307 4304
f 4304 4307 4303
f 1949 1951 4308
f 1951 4309 4308
f 4308 4309 4305
f 4309 4310 4305
f 4305 4310 4306
f 4311 4312 4313
f 4269 4273 4314
f 4274 4275 4315
f 4276 4277 4316
f 4277 1980 4088
f 4269 4314 4270
f 1958 4272 4317
f 4277 4088 4316
f 4088 4091 4316
f 4316 4091 4318
f 4091 4090 4318
f 4090 4089 4318
f 4318 4089 4319
f 4089 4093 4319
f 4319 4093 4320
f 4093 4095 4320
f 4320 4095 4321
f 4095 4102 4321
f 4102 4101 4321
f 4321 4101 4322
f 4101 4099 4322
f 4099 4323 4322
f 4322 4323 4324
f 4323 4096 4324
f 4096 4103 4324
f 4324 4103 4325
f 4103 4087 4325
f 4275 4276 4315
f 4276 4316 4315
f 4315 4316 4326
f 4316 4318 4326
f 4326 4318 4327
f 4318 4319 4327
f 4327 4319 4328
f 4319 4320 4328
f 4328 4320 4329
f 4320 4321 4329
f 4329 4321 4330
f 4321 4322 4330
f 4330 4322 4331
f 4322 4324 4331
f 4331 4324 4332
f 4324 4325 4332
f 4332 4325 4333
f 4325 4087 4333
f 4333 4087 3112
f 4333 4334 4332
f 4334 4335 4332
f 4332 4335 4331
f 4335 4336 4331
f 4331 4336 4330
f 4336 4337 4330
f 4330 4337 4329
f 4337 4338 4329
f 4329 4338 4328
f 4338 4339 4328
f 4328 4339 4327
f 4339 4340 4327
f 4327 4340 4326
f 4340 4341 4326
f 4326 4341 4315
f 4341 4314 4315
f 4315 4314 4274
f 4314 4273 4274
f 4334 4342 4335
f 4342 4343 4335
f 4335 4343 4336
f 4343 4344 4336
f 4336 4344 4337
f 4344 4345 4337
f 4337 4345 4338
f 4345 4346 4338
f 4338 4346 4339
f 4346 4347 4339
f 4339 4347 4340
f 4347 4348 4340
f 4340 4348 4341
f 4348 4349 4341
f 4341 4349 4314
f 4349 4350 4314
f 4314 4350 4270
f 4350 4271 4270
f 4342 4311 4343
f 4311 4313 4343
f 4343 4313 4344
f 4313 4351 4344
f 4344 4351 4345
f 4351 4352 4345
f 4345 4352 4346
f 4352 4353 4346
f 4346 4353 4347
f 4353 4354 4347
f 4347 4354 4348
f 4354 4355 4348
f 4348 4355 4349
f 4355 4356 4349
f 4349 4356 4350
f 4356 4317 4350
f 4350 4317 4271
f 4317 4272 4271
f 1958 4317 1960
f 4317 4356 1960
f 1960 4356 1962
f 4356 4355 1962
f 1962 4355 1964
f 4355 4354 1964
f 1964 4354 1963
f 4354 4353 1963
f 1963 4353 1961
f 4353 4352 1961
f 1961 4352 1965
f 4352 4351 1965
f 1965 4351 1966
f 4351 4313 1966
f 1966 4313 1967
f 4313 4312 1967
f 1967 4312 1959
f 4357 4290 4208
f 4358 4288 4290
f 4294 4292 4359
f 4292 4291 4359
f 4359 4291 4288
f 4295 4360 4297
f 4360 4298 4297
f 4298 4360 4300
f 4360 4361 4300
f 4300 4361 4302
f 4361 4362 4302
f 4302 4362 4304
f 4304 4362 4305
f 4362 4363 4305
f 4305 4363 4308
f 4363 4364 4308
f 4308 4364 1949
f 4208 4278 4357
f 4278 4279 4357
f 4357 4279 4365
f 4279 4280 4365
f 4280 4281 4365
f 4365 4281 4366
f 4281 4282 4366
f 4282 4283 4366
f 4366 4283 4367
f 4283 4284 4367
f 4284 4285 4367
f 4367 4285 4368
f 4369 4370 4371
f 4294 4359 4295
f 4359 4372 4295
f 4295 4372 4360
f 4372 4373 4360
f 4360 4373 4361
f 4373 4374 4361
f 4361 4374 4362
f 4374 4369 4362
f 4362 4369 4363
f 4369 4371 4363
f 4363 4371 4364
f 4375 4376 4377
f 4288 4358 4359
f 4358 4378 4359
f 4359 4378 4372
f 4378 4379 4372
f 4372 4379 4373
f 4379 4380 4373
f 4373 4380 4374
f 4380 4375 4374
f 4374 4375 4369
f 4375 4377 4369
f 4369 4377 4370
f 4381 4382 4368
f 4382 4383 4368
f 4290 4357 4358
f 4357 4365 4358
f 4358 4365 4378
f 4365 4366 4378
f 4378 4366 4379
f 4366 4367 4379
f 4379 4367 4380
f 4367 4368 4380
f 4380 4368 4375
f 4368 4383 4375
f 4375 4383 4376
f 1956 4381 4287
f 4381 4368 4287
f 4287 4368 4286
f 4368 4285 4286
f 2902 2901 4384
f 4385 4384 4386
f 4384 4387 4386
f 4386 4387 4388
f 4387 4389 4388
f 4388 4389 4390
f 4389 4391 4390
f 4390 4391 4392
f 4391 4393 4392
f 3121 3123 4385
f 3123 3125 4385
f 4385 3125 4384
f 3125 4394 4384
f 4384 4394 2902
f 1954 4392 1955
f 4392 4393 1955
f 1955 4393 1968
f 3114 3117 4395
f 3117 3119 4395
f 1954 4396 4392
f 4396 4397 4392
f 4392 4397 4390
f 4397 4398 4390
f 4390 4398 4388
f 4398 4399 4388
f 4388 4399 4386
f 4399 4395 4386
f 4386 4395 4385
f 4395 3119 4385
f 4385 3119 3121
f 4333 4395 4334
f 4395 4399 4334
f 4334 4399 4342
f 4399 4398 4342
f 4342 4398 4311
f 4398 4397 4311
f 4311 4397 4312
f 4397 4396 4312
f 4312 4396 1959
f 4396 1954 1959
f 3112 3111 4333
f 3111 2907 4333
f 4333 2907 4395
f 2907 3108 4395
f 4395 3108 3114
f 4400 1950 1949
f 4400 1949 4401
f 1949 4364 4401
f 4364 4371 4401
f 4401 4371 4402
f 4371 4403 4402
f 4371 4370 4403
f 4370 4377 4403
f 4403 4377 4404
f 4377 4405 4404
f 4377 4376 4405
f 4376 4383 4405
f 4405 4383 4406
f 4383 4382 4406
f 4406 4382 4407
f 4382 4381 4407
f 4407 4381 4408
f 4381 1956 4408
f 4408 1956 1970
f 4407 4408 4409
f 4405 4406 4410
f 4403 4404 4411
f 4401 4402 4412
f 1950 4400 4413
f 4384 2901 3841
f 4387 4384 4414
f 4384 3841 4414
f 3841 3840 4414
f 4414 3840 4415
f 3840 3847 4415
f 4415 3847 4416
f 3847 3846 4416
f 3846 3844 4416
f 4416 3844 4417
f 3844 3842 4417
f 3842 3838 4417
f 4417 3838 4418
f 3838 3837 4418
f 3837 3850 4418
f 4418 3850 4419
f 3850 3849 4419
f 4419 3849 4420
f 3849 3853 4420
f 3853 3852 4420
f 4420 3852 4421
f 3852 3856 4421
f 4421 3856 4422
f 3856 3855 4422
f 3855 3858 4422
f 4422 3858 4413
f 3858 3857 4413
f 4413 3857 1950
f 4400 4401 4413
f 4401 4412 4413
f 4413 4412 4422
f 4412 4423 4422
f 4422 4423 4421
f 4423 4424 4421
f 4421 4424 4420
f 4424 4425 4420
f 4420 4425 4419
f 4425 4426 4419
f 4419 4426 4418
f 4426 4427 4418
f 4418 4427 4417
f 4427 4428 4417
f 4417 4428 4416
f 4428 4429 4416
f 4416 4429 4415
f 4429 4430 4415
f 4415 4430 4414
f 4430 4431 4414
f 4414 4431 4387
f 4431 4389 4387
f 4402 4403 4412
f 4403 4411 4412
f 4412 4411 4423
f 4411 4432 4423
f 4423 4432 4424
f 4432 4433 4424
f 4424 4433 4425
f 4433 4434 4425
f 4425 4434 4426
f 4434 4435 4426
f 4426 4435 4427
f 4435 4436 4427
f 4427 4436 4428
f 4436 4437 4428
f 4428 4437 4429
f 4437 4438 4429
f 4429 4438 4430
f 4438 4439 4430
f 4430 4439 4431
f 4439 4440 4431
f 4431 4440 4389
f 4440 4391 4389
f 4404 4405 4411
f 4405 4410 4411
f 4411 4410 4432
f 4410 4441 4432
f 4432 4441 4433
f 4441 4442 4433
f 4433 4442 4434
f 4442 4443 4434
f 4434 4443 4435
f 4443 4444 4435
f 4435 4444 4436
f 4444 4445 4436
f 4436 4445 4437
f 4445 4446 4437
f 4437 4446 4438
f 4446 4447 4438
f 4438 4447 4439
f 4447 4448 4439
f 4439 4448 4440
f 4448 4449 4440
f 4440 4449 4391
f 4449 4393 4391
f 4406 4407 4410
f 4407 4409 4410
f 4410 4409 4441
f 4409 4450 4441
f 4441 4450 4442
f 4450 4451 4442
f 4442 4451 4443
f 4451 4452 4443
f 4443 4452 4444
f 4452 4453 4444
f 4444 4453 4445
f 4453 4454 4445
f 4445 4454 4446
f 4454 4455 4446
f 4446 4455 4447
f 4455 4456 4447
f 4447 4456 4448
f 4456 4457 4448
f 4448 4457 4449
f 4457 4458 4449
f 4449 4458 4393
f 4458 1968 4393
f 1968 4458 1969
f 4458 4457 1969
f 1969 4457 1971
f 4457 4456 1971
f 1971 4456 1972
f 4456 4455 1972
f 1972 4455 1973
f 4455 4454 1973
f 1973 4454 1974
f 4454 4453 1974
f 1974 4453 1975
f 4453 4452 1975
f 1975 4452 1976
f 4452 4451 1976
f 1976 4451 1977
f 4451 4450 1977
f 1977 4450 1979
f 4450 4409 1979
f 1979 4409 1978
f 4409 4408 1978
f 1978 4408 1970
f 4459 4083 4460
f 4461 4115 4462
f 4187 4192 4463
f 3106 4086 4464
f 4086 4105 4464
f 3106 4465 4201
f 4465 4466 4201
f 4201 4466 4202
f 4202 4466 4203
f 4466 4467 4203
f 4203 4467 4204
f 4467 4468 4204
f 4204 4468 4199
f 4469 4108 4470
f 4108 4107 4470
f 4470 4107 4471
f 4107 4106 4471
f 4471 4106 4472
f 4106 4113 4472
f 4472 4113 4473
f 4113 4474 4473
f 4199 4468 4475
f 4468 4476 4475
f 4475 4476 4197
f 4476 4477 4197
f 4197 4477 4195
f 4478 4479 4480
f 4479 4470 4480
f 4480 4470 4481
f 4470 4471 4481
f 4481 4471 4482
f 4471 4472 4482
f 4482 4472 4483
f 4472 4473 4483
f 4483 4473 4484
f 4473 4485 4484
f 4484 4485 4486
f 3106 4478 4487
f 4478 4480 4487
f 4487 4480 4488
f 4480 4481 4488
f 4488 4481 4489
f 4481 4482 4489
f 4489 4482 4490
f 4482 4483 4490
f 4490 4483 4491
f 4483 4484 4491
f 4491 4484 4492
f 4484 4486 4492
f 4492 4486 4493
f 3106 4487 4465
f 4487 4488 4465
f 4465 4488 4466
f 4488 4489 4466
f 4466 4489 4467
f 4489 4490 4467
f 4467 4490 4468
f 4490 4491 4468
f 4468 4491 4476
f 4491 4492 4476
f 4476 4492 4477
f 4492 4493 4477
f 4477 4493 4463
f 4469 4470 4105
f 4470 4479 4105
f 4105 4479 4464
f 4479 4478 4464
f 4464 4478 3106
f 4463 4192 4477
f 4192 4194 4477
f 4477 4194 4195
f 4188 4187 4494
f 4187 4463 4494
f 4494 4463 4495
f 4463 4493 4495
f 4495 4493 4496
f 4493 4486 4496
f 4496 4486 4497
f 4486 4485 4497
f 4461 4462 4117
f 4474 4111 4473
f 4111 4110 4473
f 4473 4110 4485
f 4110 4117 4485
f 4485 4117 4497
f 4117 4462 4497
f 4497 4462 4496
f 4462 4498 4496
f 4496 4498 4495
f 4498 4499 4495
f 4495 4499 4494
f 4499 4500 4494
f 4494 4500 4188
f 4185 4501 4500
f 4501 4190 4500
f 4500 4190 4188
f 4502 4503 4504
f 4503 4505 4504
f 4504 4505 4506
f 4505 4507 4506
f 4506 4507 4460
f 4507 4508 4460
f 4460 4508 4459
f 4508 4114 4459
f 4115 4114 4462
f 4114 4508 4462
f 4462 4508 4498
f 4508 4507 4498
f 4498 4507 4499
f 4507 4505 4499
f 4499 4505 4500
f 4505 4503 4500
f 4500 4503 4185
f 4503 4502 4185
f 4185 4502 1903
f 4118 1984 4509
f 1984 4510 4509
f 4509 4510 4511
f 4510 4512 4511
f 4511 4512 4513
f 4512 4514 4513
f 4513 4514 4515
f 4514 4516 4515
f 4515 4516 1904
f 4516 1915 1904
f 4083 4118 4460
f 4118 4509 4460
f 4460 4509 4506
f 4509 4511 4506
f 4506 4511 4504
f 4511 4513 4504
f 4504 4513 4502
f 4513 4515 4502
f 4502 4515 1903
f 4515 1904 1903
f 4517 1899 1915
f 4517 1915 4518
f 1915 4516 4518
f 4518 4516 4519
f 4519 4516 4520
f 4516 4514 4520
f 4520 4514 4521
f 4514 4512 4521
f 4521 4512 4522
f 4522 4512 4523
f 4512 4510 4523
f 4523 4510 4524
f 4524 4510 4525
f 4510 1984 4525
f 4525 1984 1983
f 4526 1927 1940
f 4527 4528 4529
f 4530 4531 4532
f 4205 4530 4226
f 4530 4533 4226
f 4226 4533 4224
f 4224 4533 4219
f 4533 4534 4219
f 4219 4534 4220
f 4220 4534 4535
f 4534 4536 4535
f 4535 4536 4217
f 4217 4536 4537
f 4536 4538 4537
f 4537 4538 4213
f 4526 1940 4539
f 1940 1941 4539
f 4539 1941 4540
f 1941 1918 4540
f 4540 1918 4541
f 1918 1917 4541
f 4541 1917 4542
f 1917 1916 4542
f 4542 1916 4543
f 4527 4529 4544
f 4529 4545 4544
f 4544 4545 4546
f 4545 4547 4546
f 4546 4547 4548
f 4547 4549 4548
f 4548 4549 4550
f 4549 4551 4550
f 4550 4551 4552
f 4530 4532 4533
f 4532 4553 4533
f 4533 4553 4534
f 4553 4554 4534
f 4534 4554 4536
f 4554 4555 4536
f 4536 4555 4538
f 4555 4556 4538
f 4538 4556 4557
f 4213 4538 4558
f 4538 4557 4558
f 4558 4557 4209
f 1916 1899 4543
f 1899 4517 4543
f 4543 4517 4518
f 4518 4551 4543
f 4551 4549 4543
f 4543 4549 4542
f 4549 4547 4542
f 4542 4547 4541
f 4547 4545 4541
f 4541 4545 4540
f 4545 4529 4540
f 4540 4529 4539
f 4529 4528 4539
f 4539 4528 4526
f 4518 4519 4551
f 4519 4520 4551
f 4551 4520 4552
f 4520 4521 4552
f 4552 4521 4522
f 4522 4556 4552
f 4556 4555 4552
f 4552 4555 4550
f 4555 4554 4550
f 4550 4554 4548
f 4554 4553 4548
f 4548 4553 4546
f 4553 4532 4546
f 4546 4532 4544
f 4532 4531 4544
f 4544 4531 4527
f 1983 4209 4525
f 4209 4557 4525
f 4525 4557 4524
f 4557 4556 4524
f 4524 4556 4523
f 4556 4522 4523
f 1929 1927 4526
f 1929 4526 4559
f 4526 4528 4559
f 4559 4528 4560
f 4528 4527 4560
f 4560 4527 4561
f 4527 4531 4561
f 4561 4531 4562
f 4531 4530 4562
f 4562 4530 4563
f 4530 4205 4563
f 4563 4205 4207
f 4564 4309 4565
f 4309 1951 4565
f 1913 1912 4566
f 1912 4567 4566
f 4566 4567 4568
f 4567 4569 4568
f 4570 4571 4569
f 4571 4572 4569
f 4569 4572 4568
f 4573 4574 4570
f 4574 4575 4570
f 4570 4575 4571
f 1951 4576 4565
f 4576 4577 4565
f 4565 4577 4573
f 4577 4578 4573
f 4573 4578 4574
f 4306 4564 4579
f 4564 4565 4579
f 4579 4565 4580
f 4565 4573 4580
f 4580 4573 4581
f 4573 4570 4581
f 4581 4570 4582
f 4570 4569 4582
f 4582 4569 4583
f 4569 4567 4583
f 4583 4567 1906
f 4567 1912 1906
f 1906 1905 4583
f 1905 4584 4583
f 4583 4584 4582
f 4584 4585 4582
f 4582 4585 4581
f 4585 4586 4581
f 4581 4586 4580
f 4586 4587 4580
f 4580 4587 4579
f 4587 4588 4579
f 1905 1925 4584
f 1925 4589 4584
f 4584 4589 4585
f 4589 4590 4585
f 4585 4590 4586
f 4590 4591 4586
f 4586 4591 4587
f 4591 4592 4587
f 4587 4592 4588
f 4592 4593 4588
f 4588 4593 4299
f 4299 4594 4588
f 4594 4303 4588
f 4588 4303 4579
f 4303 4595 4579
f 4579 4595 4306
f 1925 1933 4589
f 1933 4596 4589
f 4589 4596 4590
f 4596 4597 4590
f 4590 4597 4591
f 4597 4598 4591
f 4591 4598 4592
f 4598 4599 4592
f 4592 4599 4593
f 4599 4600 4593
f 1933 1929 4596
f 1929 4559 4596
f 4596 4559 4597
f 4559 4560 4597
f 4597 4560 4598
f 4560 4561 4598
f 4598 4561 4599
f 4561 4562 4599
f 4599 4562 4600
f 4562 4563 4600
f 4600 4563 4207
f 4207 4289 4600
f 4289 4293 4600
f 4600 4293 4593
f 4293 4296 4593
f 4593 4296 4299
f 4576 1951 1953
f 4576 1953 4577
f 1953 4601 4577
f 4577 4601 4578
f 4578 4601 4574
f 4601 4602 4574
f 4574 4602 4575
f 4602 4603 4575
f 4575 4603 4571
f 4571 4603 4572
f 4603 4604 4572
f 4572 4604 4568
f 4568 4604 4566
f 4604 1914 4566
f 4566 1914 1913
f 3860 3859 4605
f 3859 4606 4605
f 4605 4606 4607
f 4606 4608 4607
f 4607 4608 4609
f 4608 4610 4609
f 4609 4610 4611
f 4610 4612 4611
f 4611 4612 1909
f 4612 1911 1909
f 1953 3860 4601
f 3860 4605 4601
f 4601 4605 4602
f 4605 4607 4602
f 4602 4607 4603
f 4607 4609 4603
f 4603 4609 4604
f 4609 4611 4604
f 4604 4611 1914
f 4611 1909 1914
f 4613 3863 4614
f 4615 3894 4616
f 2910 3880 4617
f 3880 3888 4617
f 2910 4618 3875
f 4618 4619 3875
f 3875 4619 3874
f 3887 3886 4620
f 3886 3881 4620
f 3874 4619 4621
f 4619 4622 4621
f 4621 4622 3871
f 4622 4623 3871
f 3871 4623 3872
f 4624 4625 3881
f 4625 4626 3881
f 3881 4626 4620
f 4624 3885 4625
f 3885 3892 4625
f 4625 3892 4627
f 3892 3891 4627
f 4627 3891 4628
f 3877 4629 3878
f 4629 4628 3878
f 3878 4628 3890
f 4628 3891 3890
f 4630 4631 4632
f 4631 4620 4632
f 4632 4620 4633
f 4620 4626 4633
f 4633 4626 4634
f 4626 4625 4634
f 4634 4625 4635
f 4625 4627 4635
f 4635 4627 4636
f 4627 4628 4636
f 4636 4628 4637
f 4628 4629 4637
f 4637 4629 4638
f 2910 4630 4639
f 4630 4632 4639
f 4639 4632 4640
f 4632 4633 4640
f 4640 4633 4641
f 4633 4634 4641
f 4641 4634 4642
f 4634 4635 4642
f 4642 4635 4643
f 4635 4636 4643
f 4643 4636 4644
f 4636 4637 4644
f 4644 4637 4645
f 4637 4638 4645
f 4645 4638 4646
f 2910 4639 4618
f 4639 4640 4618
f 4618 4640 4619
f 4640 4641 4619
f 4619 4641 4622
f 4641 4642 4622
f 4622 4642 4623
f 4642 4643 4623
f 4623 4643 4647
f 4643 4644 4647
f 4647 4644 4648
f 4644 4645 4648
f 4648 4645 4649
f 4645 4646 4649
f 4649 4646 4650
f 3887 4620 3888
f 4620 4631 3888
f 3888 4631 4617
f 4631 4630 4617
f 4617 4630 2910
f 4651 3865 4650
f 3865 3866 4650
f 4650 3866 4649
f 3866 3867 4649
f 4649 3867 4648
f 3867 4652 4648
f 4648 4652 4647
f 4652 3869 4647
f 4647 3869 4623
f 3869 3873 4623
f 4623 3873 3872
f 3862 4651 4653
f 4651 4650 4653
f 4653 4650 4654
f 4650 4646 4654
f 4654 4646 4655
f 4646 4638 4655
f 4655 4638 4656
f 4638 4629 4656
f 4656 4629 3896
f 4629 3877 3896
f 3863 3862 4614
f 3862 4653 4614
f 4614 4653 4657
f 4653 4654 4657
f 4657 4654 4658
f 4654 4655 4658
f 4658 4655 4616
f 4655 4656 4616
f 4616 4656 4615
f 4656 3896 4615
f 3859 4613 4606
f 4613 4614 4606
f 4606 4614 4608
f 4614 4657 4608
f 4608 4657 4610
f 4657 4658 4610
f 4610 4658 4612
f 4658 4616 4612
f 4612 4616 1911
f 4616 3894 1911
f 4659 4660 4661
f 4660 4662 4661
f 4661 4662 4663
f 4664 4665 4666
f 4665 4661 4666
f 4666 4661 4667
f 4661 4663 4667
f 4668 4669 4661
f 4669 4670 4661
f 4661 4670 4659
f 4671 4672 4668
f 4672 4673 4668
f 4668 4673 4669
f 4674 4668 4675
f 4668 4676 4675
f 4674 4677 4668
f 4677 4678 4668
f 4668 4678 4671
f 4676 4679 4675
f 4679 4680 4675
f 4675 4680 4681
f 4681 4682 4683
f 4683 4684 4681
f 4684 4685 4681
f 4681 4685 4686
f 4686 4687 4681
f 4687 4688 4681
f 4681 4688 4675
f 4689 4690 4691
f 4690 4692 4691
f 4691 4692 4693
f 4694 4695 4696
f 4695 4697 4696
f 4698 4699 4696
f 4699 4700 4696
f 4696 4700 4694
f 4697 4701 4696
f 4701 4702 4696
f 4696 4702 4703
f 4702 4704 4703
f 4703 4704 4705
f 4705 4706 4703
f 4706 4707 4703
f 4703 4707 4708
f 4709 4710 4711
f 4710 4712 4711
f 4712 4713 4711
f 4713 4703 4711
f 4711 4703 4714
f 4703 4708 4714
f 4715 4716 4717
f 4716 4718 4717
f 4717 4718 4719
f 4709 4711 4720
f 4711 4721 4720
f 4720 4721 4718
f 4721 4722 4718
f 4718 4722 4719
f 4723 4724 4725
f 4724 4726 4725
f 4725 4726 4727
f 4726 4728 4727
f 4729 4730 4731
f 4729 4731 4732
f 4733 4734 4735
f 4734 4731 4735
f 4735 4731 4736
f 4731 4730 4736
f 4737 4738 4731
f 4738 4739 4731
f 4731 4739 4732
f 4740 4741 4737
f 4741 4742 4737
f 4737 4742 4738
f 4743 4737 4744
f 4737 4745 4744
f 4743 4746 4737
f 4746 4747 4737
f 4737 4747 4740
f 4745 4748 4744
f 4748 4749 4744
f 4744 4749 4750
f 4750 4751 4752
f 4752 4753 4750
f 4753 4754 4750
f 4750 4754 4755
f 4755 4756 4750
f 4756 4757 4750
f 4750 4757 4744
f 4758 4759 4760
f 4759 4761 4760
f 4760 4761 4762
f 4763 4764 4765
f 4764 4766 4765
f 4765 4766 4767
f 4768 4769 4765
f 4769 4770 4765
f 4765 4770 4763
f 4767 4771 4765
f 4771 4772 4765
f 4765 4772 4773
f 4772 4774 4773
f 4773 4774 4775
f 4775 4776 4773
f 4776 4777 4773
f 4773 4777 4778
f 4773 4779 4780
f 4779 4781 4780
f 4778 4782 4773
f 4782 4783 4773
f 4773 4783 4779
f 4784 4785 4786
f 4785 4787 4786
f 4786 4787 4779
f 4787 4788 4779
f 4779 4788 4781
f 4784 4789 4785
f 4789 4790 4785
f 4785 4790 4791
f 4792 4793 4794
f 4792 4794 4795
f 4794 4796 4795
f 4795 4796 4797
f 4798 4799 4800
f 4801 4802 4798
f 4802 4803 4798
f 4798 4803 4799
f 4804 4805 4798
f 4805 4806 4798
f 4798 4806 4801
f 4807 4808 4809
f 4808 4798 4809
f 4809 4798 4810
f 4798 4800 4810
f 4811 4812 4804
f 4812 4813 4804
f 4804 4813 4805
f 4814 4804 4815
f 4804 4816 4815
f 4814 4817 4804
f 4817 4818 4804
f 4804 4818 4811
f 4816 4819 4815
f 4819 4820 4815
f 4815 4820 4821
f 4822 4823 4824
f 4822 4824 4821
f 4824 4825 4821
f 4821 4825 4826
f 4826 4827 4821
f 4827 4828 4821
f 4821 4828 4815
f 4829 4830 4831
f 4832 4833 4834
f 4833 4829 4834
f 4834 4829 4835
f 4829 4831 4835
f 4836 4837 4838
f 4839 4840 4838
f 4840 4841 4838
f 4838 4841 4836
f 4837 4842 4838
f 4842 4843 4838
f 4838 4843 4844
f 4843 4845 4844
f 4846 4847 4838
f 4847 4848 4838
f 4838 4848 4839
f 4845 4849 4844
f 4849 4850 4844
f 4844 4850 4851
f 4851 4852 4844
f 4852 4853 4844
f 4844 4853 4854
f 4855 4856 4857
f 4856 4844 4857
f 4857 4844 4858
f 4844 4854 4858
f 4859 4860 4861
f 4860 4862 4861
f 4861 4862 4857
f 4862 4863 4857
f 4857 4863 4855
f 4859 4864 4860
f 4864 4865 4860
f 4860 4865 4866
f 4867 4868 4869
f 4868 4870 4869
f 4869 4870 4871
f 4872 4873 4874
f 4873 4875 4874
f 4875 4876 4874
f 4874 4876 4877
f 4878 4879 4874
f 4879 4880 4874
f 4874 4880 4872
f 4877 4881 4874
f 4881 4882 4874
f 4874 4882 4883
f 4882 4884 4883
f 4883 4884 4885
f 4885 4886 4883
f 4886 4887 4883
f 4883 4887 4888
f 4889 4890 4891
f 4890 4883 4891
f 4891 4883 4892
f 4883 4888 4892
f 4893 4894 4895
f 4894 4896 4895
f 4895 4896 4891
f 4896 4897 4891
f 4891 4897 4889
f 4898 4899 4900
f 4893 4895 4900
f 4895 4901 4900
f 4900 4901 4898
f 4902 4903 4904
f 4902 4904 4905
f 4903 4906 4904
f 4906 4907 4904
f 4904 4907 4908
f 4905 4904 4909
f 4904 4910 4909
f 4909 4910 4911
f 4912 4913 4910
f 4913 4914 4910
f 4910 4914 4911
f 4915 4916 4917
f 4916 4904 4917
f 4917 4904 4918
f 4904 4908 4918
f 4919 4920 4910
f 4920 4921 4910
f 4910 4921 4912
f 4922 4923 4924
f 4923 4925 4924
f 4922 4924 4910
f 4924 4926 4910
f 4910 4926 4919
f 4927 4928 4929
f 4927 4929 4925
f 4929 4930 4925
f 4925 4930 4931
f 4931 4932 4925
f 4932 4933 4925
f 4925 4933 4924
f 4934 4935 4936
f 4934 4936 4937
f 4938 4939 4936
f 4939 4940 4936
f 4936 4940 4937
f 4941 4942 4943
f 4942 4944 4943
f 4943 4944 4945
f 4946 4947 4948
f 4947 4949 4948
f 4949 4950 4948
f 4948 4950 4951
f 4950 4952 4951
f 4951 4952 4953
f 4954 4955 4948
f 4955 4956 4948
f 4948 4956 4946
f 4953 4957 4951
f 4957 4958 4951
f 4951 4958 4959
f 4959 4960 4951
f 4960 4961 4951
f 4951 4961 4962
f 4961 4963 4962
f 4964 4965 4966
f 4965 4967 4966
f 4966 4967 4961
f 4967 4968 4961
f 4961 4968 4963
f 4964 4969 4965
f 4969 4970 4965
f 4965 4970 4971
f 4972 4973 4974
f 4972 4974 4975
f 4976 4977 4978
f 4977 4974 4978
f 4978 4974 4979
f 4974 4973 4979
f 4980 4981 4974
f 4981 4982 4974
f 4974 4982 4975
f 4983 4984 4980
f 4984 4985 4980
f 4980 4985 4981
f 4986 4980 4987
f 4980 4988 4987
f 4986 4989 4980
f 4989 4990 4980
f 4980 4990 4983
f 4988 4991 4987
f 4991 4992 4987
f 4987 4992 4993
f 4993 4994 4995
f 4995 4996 4993
f 4996 4997 4993
f 4993 4997 4998
f 4998 4999 4993
f 4999 5000 4993
f 4993 5000 4987
f 5001 5002 5003
f 5002 5004 5003
f 5003 5004 5005
f 5006 5007 5008
f 5006 5008 5009
f 5008 5010 5009
f 5009 5010 5011
f 5012 5013 5014
f 5013 5015 5014
f 5015 5016 5014
f 5014 5016 5017
f 5016 5018 5017
f 5019 5020 5014
f 5020 5021 5014
f 5014 5021 5012
f 5018 5022 5017
f 5022 5023 5017
f 5017 5023 5024
f 5023 5025 5024
f 5026 5027 5028
f 5028 5027 5029
f 5025 5023 5027
f 5023 5030 5027
f 5027 5030 5029
f 5031 5032 5033
f 5032 5034 5033
f 5033 5034 5035
f 5026 5028 5036
f 5028 5037 5036
f 5036 5037 5034
f 5037 5038 5034
f 5034 5038 5035
f 5039 5040 5041
f 5040 5042 5041
f 5041 5042 5043
f 5044 5045 5046
f 5045 5041 5046
f 5046 5041 5047
f 5041 5043 5047
f 5048 5049 5041
f 5049 5050 5041
f 5041 5050 5039
f 5051 5052 5048
f 5052 5053 5048
f 5048 5053 5049
f 5054 5048 5055
f 5048 5056 5055
f 5054 5057 5048
f 5057 5058 5048
f 5048 5058 5051
f 5056 5059 5055
f 5059 5060 5055
f 5055 5060 5061
f 5061 5062 5063
f 5063 5064 5061
f 5064 5065 5061
f 5061 5065 5066
f 5066 5067 5061
f 5067 5068 5061
f 5061 5068 5055
f 5069 5070 5071
f 5070 5072 5071
f 5071 5072 5073
f 5074 5075 5076
f 5075 5077 5076
f 5076 5077 5078
f 5077 5079 5078
f 5080 5081 5082
f 5081 5083 5082
f 5083 5084 5082
f 5082 5084 5085
f 5086 5087 5082
f 5087 5088 5082
f 5082 5088 5080
f 5089 5090 5091
f 5090 5092 5091
f 5091 5092 5093
f 5092 5094 5093
f 5084 5095 5085
f 5095 5096 5085
f 5085 5096 5091
f 5096 5097 5091
f 5091 5097 5089
f 5094 5092 5098
f 5092 5099 5098
f 5098 5099 5100
f 5101 5100 5102
f 5100 5103 5102
f 5101 5104 5100
f 5104 5105 5100
f 5100 5105 5098
f 5106 5107 5108
f 5106 5108 5109
f 5107 5110 5108
f 5110 5111 5108
f 5108 5111 5112
f 5109 5108 5113
f 5108 5114 5113
f 5113 5114 5115
f 5116 5117 5114
f 5117 5118 5114
f 5114 5118 5115
f 5119 5120 5121
f 5120 5108 5121
f 5121 5108 5122
f 5108 5112 5122
f 5123 5124 5114
f 5124 5125 5114
f 5114 5125 5116
f 5126 5127 5128
f 5127 5129 5128
f 5126 5128 5114
f 5128 5130 5114
f 5114 5130 5123
f 5131 5132 5133
f 5131 5133 5129
f 5133 5134 5129
f 5129 5134 5135
f 5135 5136 5129
f 5136 5137 5129
f 5129 5137 5128
f 5138 5139 5140
f 5138 5140 5141
f 5142 5143 5140
f 5143 5144 5140
f 5140 5144 5141
f 5145 5146 5147
f 5146 5148 5147
f 5147 5148 5149
f 5150 5151 5152
f 5153 5154 5150
f 5154 5155 5150
f 5150 5155 5151
f 5156 5157 5150
f 5157 5158 5150
f 5150 5158 5153
f 5159 5160 5161
f 5160 5150 5161
f 5161 5150 5162
f 5150 5152 5162
f 5163 5164 5156
f 5164 5165 5156
f 5156 5165 5157
f 5166 5156 5167
f 5156 5168 5167
f 5166 5169 5156
f 5169 5170 5156
f 5156 5170 5163
f 5168 5171 5167
f 5171 5172 5167
f 5167 5172 5173
f 5174 5175 5176
f 5174 5176 5173
f 5176 5177 5173
f 5173 5177 5178
f 5178 5179 5173
f 5179 5180 5173
f 5173 5180 5167
f 5181 5182 5183
f 5184 5185 5186
f 5185 5181 5186
f 5186 5181 5187
f 5181 5183 5187
f 5188 5189 5190
f 5191 5192 5193
f 5194 5195 5193
f 5195 5196 5193
f 5193 5196 5191
f 5197 5189 5198
f 5189 5193 5198
f 5198 5193 5199
f 5193 5192 5199
f 5188 5190 5200
f 5197 5201 5189
f 5201 5202 5189
f 5189 5202 5203
f 5203 5204 5189
f 5204 5205 5189
f 5189 5205 5190
f 5206 5207 5208
f 5207 5209 5208
f 5208 5209 5190
f 5209 5210 5190
f 5190 5210 5200
f 5206 5211 5207
f 5211 5212 5207
f 5207 5212 5213
f 5214 5215 5216
f 5215 5217 5216
f 5216 5217 5218
f 5182 5181 5219
f 5181 5220 5219
f 5219 5220 5221
f 5220 5222 5221
f 5220 5223 5222
f 5223 5224 5222
f 5222 5224 5225
f 5225 5226 5222
f 5226 5227 5222
f 5222 5227 5228
f 5227 5229 5228
f 5230 5231 5232
f 5231 5233 5232
f 5232 5233 5234
f 5233 5235 5234
f 5234 5235 5229
f 5235 5236 5229
f 5229 5236 5228
f 5230 5237 5238
f 5237 5239 5238
f 5238 5239 5240
f 5239 5241 5240
f 5240 5241 5242
f 5241 5243 5242
f 5242 5243 5244
f 5150 5160 5245
f 5160 5246 5245
f 5245 5246 5243
f 5246 5247 5243
f 5243 5247 5244
f 5248 5249 5250
f 5156 5150 5251
f 5150 5252 5251
f 5251 5252 5253
f 5252 5254 5253
f 5253 5254 5255
f 5254 5256 5255
f 5255 5256 5257
f 5256 5250 5257
f 5257 5250 5258
f 5250 5249 5258
f 5250 5259 5248
f 5259 5260 5248
f 5248 5260 5261
f 5261 5260 5262
f 5260 5263 5262
f 5262 5263 5264
f 5263 5265 5264
f 5264 5265 5266
f 5265 5267 5266
f 5266 5267 5268
f 5267 5269 5268
f 5268 5269 5270
f 5269 5215 5270
f 5270 5215 5214
f 5265 5263 5271
f 5272 5220 5181
f 5273 5223 5220
f 5274 5224 5223
f 5275 5225 5224
f 5227 5226 5276
f 5226 5225 5276
f 5227 5276 5229
f 5276 5277 5229
f 5229 5277 5234
f 5234 5277 5232
f 5277 5278 5232
f 5232 5278 5239
f 5278 5279 5239
f 5239 5279 5241
f 5241 5279 5243
f 5279 5280 5243
f 5243 5280 5245
f 5280 5252 5245
f 5245 5252 5150
f 5181 5281 5272
f 5281 5282 5272
f 5272 5282 5283
f 5282 5284 5283
f 5284 5285 5283
f 5283 5285 5286
f 5285 5287 5286
f 5287 5288 5286
f 5286 5288 5289
f 5220 5272 5273
f 5272 5283 5273
f 5273 5283 5290
f 5283 5286 5290
f 5290 5286 5291
f 5286 5289 5291
f 5291 5289 5292
f 5289 5293 5292
f 5292 5293 5271
f 5294 5256 5254
f 5225 5275 5276
f 5275 5295 5276
f 5276 5295 5277
f 5295 5296 5277
f 5277 5296 5278
f 5296 5297 5278
f 5278 5297 5279
f 5297 5294 5279
f 5279 5294 5280
f 5294 5254 5280
f 5280 5254 5252
f 5260 5259 5298
f 5259 5250 5298
f 5224 5274 5275
f 5274 5299 5275
f 5275 5299 5295
f 5299 5300 5295
f 5295 5300 5296
f 5300 5301 5296
f 5296 5301 5297
f 5301 5298 5297
f 5297 5298 5294
f 5298 5250 5294
f 5294 5250 5256
f 5223 5273 5274
f 5273 5290 5274
f 5274 5290 5299
f 5290 5291 5299
f 5299 5291 5300
f 5291 5292 5300
f 5300 5292 5301
f 5292 5271 5301
f 5301 5271 5298
f 5271 5263 5298
f 5298 5263 5260
f 5288 5302 5289
f 5302 5303 5289
f 5289 5303 5293
f 5303 5304 5293
f 5293 5304 5305
f 5306 5271 5267
f 5271 5293 5267
f 5267 5293 5269
f 5293 5305 5269
f 5269 5305 5215
f 5181 5185 5281
f 5185 5307 5281
f 5281 5307 5282
f 5307 5308 5282
f 5282 5308 5284
f 5308 5309 5284
f 5284 5309 5285
f 5309 5310 5285
f 5285 5310 5287
f 5310 5311 5287
f 5287 5311 5288
f 5311 5312 5288
f 5288 5312 5302
f 5312 5313 5302
f 5302 5313 5314
f 5313 5315 5314
f 5314 5315 5304
f 5315 5316 5304
f 5304 5316 5305
f 5316 5317 5305
f 5305 5317 5215
f 5317 5217 5215
f 5318 5319 5320
f 5321 5322 5323
f 5218 5217 5324
f 5217 5325 5324
f 5326 5327 5325
f 5327 5328 5325
f 5325 5328 5324
f 5329 5330 5331
f 5325 5332 5326
f 5332 5331 5326
f 5326 5331 5333
f 5331 5330 5333
f 5334 5335 5322
f 5335 5336 5322
f 5322 5336 5323
f 5337 5338 5329
f 5338 5335 5329
f 5329 5335 5339
f 5335 5334 5339
f 5321 5323 5319
f 5323 5340 5319
f 5319 5340 5320
f 5318 5320 5189
f 5320 5341 5189
f 5189 5341 5193
f 5315 5313 5342
f 5343 5344 5345
f 5344 5346 5345
f 5345 5346 5347
f 5346 5348 5347
f 5349 5350 5351
f 5350 5352 5351
f 5351 5352 5348
f 5352 5353 5348
f 5348 5353 5347
f 5354 5355 5349
f 5355 5356 5349
f 5349 5356 5350
f 5357 5358 5354
f 5359 5360 5358
f 5361 5362 5360
f 5363 5364 5362
f 5185 5364 5307
f 5364 5363 5307
f 5307 5363 5308
f 5363 5365 5308
f 5308 5365 5309
f 5342 5313 5366
f 5313 5312 5366
f 5312 5311 5366
f 5366 5311 5365
f 5311 5310 5365
f 5365 5310 5309
f 5367 5332 5325
f 5368 5342 5316
f 5342 5367 5316
f 5316 5367 5317
f 5367 5325 5317
f 5317 5325 5217
f 5369 5338 5337
f 5362 5361 5363
f 5361 5370 5363
f 5363 5370 5365
f 5370 5371 5365
f 5365 5371 5366
f 5371 5372 5366
f 5366 5372 5342
f 5372 5369 5342
f 5342 5369 5367
f 5369 5337 5367
f 5367 5337 5332
f 5373 5336 5335
f 5360 5359 5361
f 5359 5374 5361
f 5361 5374 5370
f 5374 5375 5370
f 5370 5375 5371
f 5375 5376 5371
f 5371 5376 5372
f 5376 5373 5372
f 5372 5373 5369
f 5373 5335 5369
f 5369 5335 5338
f 5377 5340 5323
f 5358 5357 5359
f 5357 5378 5359
f 5359 5378 5374
f 5378 5379 5374
f 5374 5379 5375
f 5379 5380 5375
f 5375 5380 5376
f 5380 5377 5376
f 5376 5377 5373
f 5377 5323 5373
f 5373 5323 5336
f 5343 5193 5344
f 5193 5341 5344
f 5344 5341 5320
f 5354 5349 5357
f 5349 5351 5357
f 5357 5351 5378
f 5351 5348 5378
f 5378 5348 5379
f 5348 5346 5379
f 5379 5346 5380
f 5346 5344 5380
f 5380 5344 5377
f 5344 5320 5377
f 5377 5320 5340
f 5364 5185 5184
f 5381 5382 5345
f 5345 5382 5343
f 5382 5194 5343
f 5343 5194 5193
f 5383 5384 5347
f 5384 5385 5347
f 5347 5385 5345
f 5385 5386 5345
f 5345 5386 5381
f 5352 5387 5388
f 5383 5347 5388
f 5347 5353 5388
f 5388 5353 5352
f 5387 5389 5390
f 5389 5350 5390
f 5390 5350 5391
f 5392 5355 5393
f 5355 5394 5393
f 5391 5350 5392
f 5350 5356 5392
f 5392 5356 5355
f 5364 5184 5362
f 5355 5354 5394
f 5354 5358 5394
f 5394 5358 5184
f 5358 5360 5184
f 5184 5360 5362
f 5395 5005 5004
f 5004 5396 5395
f 5396 5397 5395
f 5395 5397 5398
f 5398 5399 5395
f 5399 5400 5395
f 5395 5400 5401
f 5400 5402 5401
f 5401 5402 5403
f 5402 5404 5403
f 5403 5404 5405
f 5404 5406 5405
f 5405 5406 5407
f 5406 5408 5407
f 5407 5408 5409
f 5410 5411 5412
f 5411 5413 5412
f 5412 5413 5409
f 5414 5415 5416
f 5415 5417 5416
f 5416 5417 5410
f 5417 5418 5410
f 5410 5418 5411
f 4974 4977 5419
f 4977 5420 5419
f 5419 5420 5414
f 5420 5421 5414
f 5414 5421 5415
f 4980 4974 5422
f 4974 5423 5422
f 5422 5423 5424
f 5423 5425 5424
f 5424 5425 5426
f 5425 5427 5426
f 5428 5429 5430
f 5429 5431 5430
f 5431 5432 5430
f 5430 5432 5433
f 5432 5434 5433
f 5433 5434 5435
f 5434 5436 5435
f 5435 5436 5437
f 5436 5438 5437
f 5437 5438 5439
f 5438 5440 5439
f 5439 5440 5427
f 5440 5441 5427
f 5427 5441 5426
f 5430 5442 5428
f 5442 5443 5428
f 5428 5443 5444
f 5443 5008 5444
f 5444 5008 5007
f 5445 5433 5446
f 5435 5437 5447
f 5448 5396 5004
f 5449 5397 5396
f 5450 5398 5397
f 5451 5399 5398
f 5402 5400 5452
f 5400 5399 5452
f 5402 5452 5404
f 5452 5453 5404
f 5404 5453 5406
f 5406 5453 5408
f 5453 5454 5408
f 5408 5454 5410
f 5454 5455 5410
f 5410 5455 5416
f 5416 5455 5414
f 5455 5456 5414
f 5414 5456 5419
f 5456 5423 5419
f 5419 5423 4974
f 5004 5457 5448
f 5457 5458 5448
f 5448 5458 5459
f 5458 5460 5459
f 5460 5461 5459
f 5459 5461 5462
f 5461 5463 5462
f 5463 5464 5462
f 5462 5464 5465
f 5396 5448 5449
f 5448 5459 5449
f 5449 5459 5466
f 5459 5462 5466
f 5466 5462 5467
f 5462 5465 5467
f 5467 5465 5468
f 5465 5469 5468
f 5468 5469 5446
f 5439 5427 5470
f 5427 5425 5470
f 5399 5451 5452
f 5451 5471 5452
f 5452 5471 5453
f 5471 5472 5453
f 5453 5472 5454
f 5472 5473 5454
f 5454 5473 5455
f 5473 5470 5455
f 5455 5470 5456
f 5470 5425 5456
f 5456 5425 5423
f 5398 5450 5451
f 5450 5474 5451
f 5451 5474 5471
f 5474 5475 5471
f 5471 5475 5472
f 5475 5476 5472
f 5472 5476 5473
f 5476 5447 5473
f 5473 5447 5470
f 5447 5437 5470
f 5470 5437 5439
f 5397 5449 5450
f 5449 5466 5450
f 5450 5466 5474
f 5466 5467 5474
f 5474 5467 5475
f 5467 5468 5475
f 5475 5468 5476
f 5468 5446 5476
f 5476 5446 5447
f 5446 5433 5447
f 5447 5433 5435
f 5464 5477 5465
f 5477 5478 5465
f 5465 5478 5469
f 5478 5479 5469
f 5469 5479 5480
f 5445 5446 5442
f 5446 5469 5442
f 5442 5469 5443
f 5469 5480 5443
f 5443 5480 5008
f 5004 5002 5457
f 5002 5481 5457
f 5457 5481 5458
f 5481 5482 5458
f 5458 5482 5460
f 5482 5483 5460
f 5460 5483 5461
f 5483 5484 5461
f 5461 5484 5463
f 5484 5485 5463
f 5463 5485 5464
f 5485 5486 5464
f 5464 5486 5477
f 5486 5487 5477
f 5477 5487 5478
f 5487 5488 5478
f 5478 5488 5479
f 5488 5489 5479
f 5479 5489 5480
f 5489 5490 5480
f 5480 5490 5008
f 5490 5010 5008
f 5491 5492 5493
f 5494 5495 5496
f 5011 5010 5497
f 5010 5498 5497
f 5499 5500 5501
f 5500 5502 5501
f 5501 5502 5498
f 5502 5503 5498
f 5498 5503 5497
f 5504 5505 5499
f 5505 5506 5499
f 5499 5506 5500
f 5507 5508 5495
f 5508 5509 5495
f 5495 5509 5496
f 5499 5510 5504
f 5510 5508 5504
f 5504 5508 5511
f 5508 5507 5511
f 5494 5496 5492
f 5496 5512 5492
f 5492 5512 5493
f 5491 5493 4951
f 5493 5513 4951
f 4951 5513 4948
f 5514 5487 5515
f 5516 5517 5518
f 5517 5519 5518
f 5518 5519 5520
f 5519 5521 5520
f 5522 5523 5524
f 5523 5525 5524
f 5524 5525 5521
f 5525 5526 5521
f 5521 5526 5520
f 5527 5528 5522
f 5528 5529 5522
f 5522 5529 5523
f 5530 5531 5527
f 5532 5533 5531
f 5534 5535 5533
f 5536 5537 5535
f 5002 5537 5481
f 5537 5536 5481
f 5481 5536 5482
f 5536 5538 5482
f 5482 5538 5483
f 5515 5487 5539
f 5487 5486 5539
f 5486 5485 5539
f 5539 5485 5538
f 5485 5484 5538
f 5538 5484 5483
f 5540 5501 5498
f 5514 5515 5489
f 5515 5540 5489
f 5489 5540 5490
f 5540 5498 5490
f 5490 5498 5010
f 5541 5510 5542
f 5535 5534 5536
f 5534 5543 5536
f 5536 5543 5538
f 5543 5544 5538
f 5538 5544 5539
f 5544 5545 5539
f 5539 5545 5515
f 5545 5541 5515
f 5515 5541 5540
f 5541 5499 5540
f 5540 5499 5501
f 5546 5509 5508
f 5533 5532 5534
f 5532 5547 5534
f 5534 5547 5543
f 5547 5548 5543
f 5543 5548 5544
f 5548 5549 5544
f 5544 5549 5545
f 5549 5546 5545
f 5545 5546 5541
f 5546 5508 5541
f 5541 5508 5510
f 5550 5512 5496
f 5531 5530 5532
f 5530 5551 5532
f 5532 5551 5547
f 5551 5552 5547
f 5547 5552 5548
f 5552 5553 5548
f 5548 5553 5549
f 5553 5550 5549
f 5549 5550 5546
f 5550 5496 5546
f 5546 5496 5509
f 5516 4948 5517
f 4948 5513 5517
f 5517 5513 5493
f 5527 5522 5530
f 5522 5524 5530
f 5530 5524 5551
f 5524 5521 5551
f 5551 5521 5552
f 5521 5519 5552
f 5552 5519 5553
f 5519 5517 5553
f 5553 5517 5550
f 5517 5493 5550
f 5550 5493 5512
f 5537 5002 5001
f 5518 5554 5516
f 5554 4954 5516
f 5516 4954 4948
f 5520 5555 5518
f 5555 5556 5518
f 5518 5556 5554
f 5525 5557 5526
f 5557 5558 5526
f 5526 5558 5520
f 5558 5559 5520
f 5520 5559 5555
f 5523 5560 5561
f 5560 5562 5561
f 5561 5562 5557
f 5563 5564 5528
f 5528 5564 5529
f 5564 5565 5529
f 5529 5565 5523
f 5565 5566 5523
f 5523 5566 5560
f 5563 5528 5567
f 5528 5527 5567
f 5567 5527 5568
f 5527 5531 5568
f 5531 5533 5568
f 5568 5533 5001
f 5533 5535 5001
f 5001 5535 5537
f 5079 5077 5569
f 5077 5570 5569
f 5571 5572 5570
f 5572 5573 5570
f 5570 5573 5569
f 5574 5575 5576
f 5575 5577 5576
f 5576 5577 5578
f 5577 5579 5578
f 5578 5579 5580
f 5579 5581 5580
f 5580 5581 5582
f 5581 5583 5582
f 5582 5583 5584
f 5583 5585 5584
f 5584 5585 5586
f 5585 5587 5586
f 5586 5587 5571
f 5587 5588 5571
f 5571 5588 5572
f 5014 5017 5589
f 5017 5590 5589
f 5589 5590 5574
f 5590 5591 5574
f 5574 5591 5575
f 5019 5014 5592
f 5014 5593 5592
f 5592 5593 5594
f 5593 5595 5594
f 5594 5595 5596
f 5595 5597 5596
f 5596 5597 5598
f 5599 5600 5601
f 5600 5602 5601
f 5601 5602 5597
f 5602 5603 5597
f 5597 5603 5598
f 5604 5605 5599
f 5605 5606 5599
f 5599 5606 5600
f 5607 5608 5604
f 5608 5609 5604
f 5609 5610 5604
f 5604 5610 5605
f 5611 5612 5069
f 5612 5613 5069
f 5069 5613 5070
f 5604 5614 5607
f 5614 5615 5607
f 5607 5615 5616
f 5615 5617 5616
f 5616 5617 5069
f 5617 5618 5069
f 5069 5618 5611
f 5619 5620 5621
f 5593 5622 5595
f 5622 5623 5595
f 5595 5623 5597
f 5623 5624 5597
f 5625 5604 5626
f 5604 5599 5626
f 5626 5599 5624
f 5599 5601 5624
f 5624 5601 5597
f 5617 5615 5625
f 5615 5614 5625
f 5625 5614 5604
f 5627 5618 5617
f 5628 5611 5618
f 5629 5612 5611
f 5630 5613 5612
f 5070 5613 5631
f 5613 5630 5631
f 5631 5630 5632
f 5630 5633 5632
f 5632 5633 5634
f 5621 5620 5635
f 5620 5636 5635
f 5636 5637 5635
f 5635 5637 5633
f 5637 5638 5633
f 5633 5638 5634
f 5639 5571 5570
f 5619 5621 5640
f 5621 5639 5640
f 5640 5639 5641
f 5639 5570 5641
f 5641 5570 5077
f 5642 5584 5586
f 5612 5629 5630
f 5629 5643 5630
f 5630 5643 5633
f 5643 5644 5633
f 5633 5644 5635
f 5644 5645 5635
f 5635 5645 5621
f 5645 5642 5621
f 5621 5642 5639
f 5642 5586 5639
f 5639 5586 5571
f 5646 5580 5582
f 5611 5628 5629
f 5628 5647 5629
f 5629 5647 5643
f 5647 5648 5643
f 5643 5648 5644
f 5648 5649 5644
f 5644 5649 5645
f 5649 5646 5645
f 5645 5646 5642
f 5646 5582 5642
f 5642 5582 5584
f 5650 5576 5578
f 5618 5627 5628
f 5627 5651 5628
f 5628 5651 5647
f 5651 5652 5647
f 5647 5652 5648
f 5652 5653 5648
f 5648 5653 5649
f 5653 5650 5649
f 5649 5650 5646
f 5650 5578 5646
f 5646 5578 5580
f 5593 5014 5622
f 5014 5589 5622
f 5622 5589 5574
f 5617 5625 5627
f 5625 5626 5627
f 5627 5626 5651
f 5626 5624 5651
f 5651 5624 5652
f 5624 5623 5652
f 5652 5623 5653
f 5623 5622 5653
f 5653 5622 5650
f 5622 5574 5650
f 5650 5574 5576
f 5048 5041 5654
f 5041 5655 5654
f 5654 5655 5656
f 5655 5657 5656
f 5656 5657 5658
f 5658 5657 5659
f 5657 5660 5659
f 5659 5660 5661
f 5660 5662 5661
f 5661 5662 5663
f 5662 5664 5663
f 5663 5664 5665
f 5664 5666 5665
f 5666 5667 5665
f 5665 5667 5668
f 5667 5669 5668
f 5668 5669 5670
f 5670 5671 5672
f 5671 5673 5672
f 5672 5673 5674
f 5674 5673 5675
f 5673 5676 5675
f 5675 5676 5677
f 5676 5075 5677
f 5677 5075 5074
f 5077 5075 5641
f 5075 5678 5641
f 5641 5678 5640
f 5678 5679 5640
f 5640 5679 5619
f 5679 5680 5619
f 5619 5680 5620
f 5680 5681 5620
f 5620 5681 5636
f 5681 5682 5636
f 5636 5682 5637
f 5682 5683 5637
f 5637 5683 5638
f 5683 5684 5638
f 5638 5684 5634
f 5684 5685 5634
f 5634 5685 5632
f 5685 5686 5632
f 5632 5686 5631
f 5686 5687 5631
f 5631 5687 5070
f 5687 5072 5070
f 5671 5667 5688
f 5689 5690 5072
f 5691 5692 5690
f 5693 5694 5692
f 5695 5696 5694
f 5697 5698 5699
f 5698 5696 5699
f 5697 5699 5700
f 5699 5701 5700
f 5700 5701 5702
f 5702 5701 5703
f 5701 5704 5703
f 5703 5704 5705
f 5704 5706 5705
f 5705 5706 5707
f 5707 5706 5708
f 5706 5709 5708
f 5708 5709 5710
f 5709 5655 5710
f 5710 5655 5041
f 5072 5687 5689
f 5687 5686 5689
f 5689 5686 5711
f 5686 5685 5711
f 5685 5684 5711
f 5711 5684 5712
f 5684 5683 5712
f 5683 5682 5712
f 5712 5682 5713
f 5690 5689 5691
f 5689 5711 5691
f 5691 5711 5714
f 5711 5712 5714
f 5714 5712 5715
f 5712 5713 5715
f 5715 5713 5716
f 5713 5717 5716
f 5716 5717 5688
f 5718 5660 5657
f 5696 5695 5699
f 5695 5719 5699
f 5699 5719 5701
f 5719 5720 5701
f 5701 5720 5704
f 5720 5721 5704
f 5704 5721 5706
f 5721 5718 5706
f 5706 5718 5709
f 5718 5657 5709
f 5709 5657 5655
f 5666 5664 5722
f 5664 5662 5722
f 5694 5693 5695
f 5693 5723 5695
f 5695 5723 5719
f 5723 5724 5719
f 5719 5724 5720
f 5724 5725 5720
f 5720 5725 5721
f 5725 5722 5721
f 5721 5722 5718
f 5722 5662 5718
f 5718 5662 5660
f 5692 5691 5693
f 5691 5714 5693
f 5693 5714 5723
f 5714 5715 5723
f 5723 5715 5724
f 5715 5716 5724
f 5724 5716 5725
f 5716 5688 5725
f 5725 5688 5722
f 5688 5667 5722
f 5722 5667 5666
f 5682 5681 5713
f 5681 5680 5713
f 5713 5680 5717
f 5680 5679 5717
f 5717 5679 5678
f 5671 5688 5673
f 5688 5717 5673
f 5673 5717 5676
f 5717 5678 5676
f 5676 5678 5075
f 5726 5727 5708
f 5728 5729 5702
f 5073 5072 5730
f 5072 5690 5730
f 5730 5690 5731
f 5690 5692 5731
f 5692 5694 5731
f 5731 5694 5696
f 5732 5697 5729
f 5697 5700 5729
f 5729 5700 5702
f 5696 5698 5731
f 5698 5697 5731
f 5731 5697 5733
f 5697 5732 5733
f 5734 5703 5735
f 5703 5705 5735
f 5735 5705 5707
f 5734 5736 5703
f 5736 5737 5703
f 5703 5737 5702
f 5737 5738 5702
f 5702 5738 5728
f 5708 5727 5707
f 5727 5739 5707
f 5707 5739 5735
f 5726 5708 5045
f 5708 5710 5045
f 5045 5710 5041
f 5149 5148 5740
f 5148 5741 5740
f 5742 5743 5744
f 5743 5745 5744
f 5744 5745 5746
f 5745 5747 5746
f 5746 5747 5741
f 5747 5748 5741
f 5741 5748 5740
f 5749 5750 5751
f 5750 5752 5751
f 5751 5752 5742
f 5752 5753 5742
f 5742 5753 5743
f 5082 5085 5754
f 5085 5755 5754
f 5754 5755 5756
f 5755 5757 5756
f 5756 5757 5758
f 5757 5759 5758
f 5758 5759 5760
f 5759 5761 5760
f 5760 5761 5749
f 5761 5762 5749
f 5749 5762 5750
f 5763 5086 5082
f 5763 5082 5764
f 5082 5765 5764
f 5764 5765 5766
f 5765 5767 5766
f 5766 5767 5768
f 5767 5769 5768
f 5768 5769 5770
f 5770 5769 5771
f 5769 5772 5771
f 5771 5772 5773
f 5772 5774 5773
f 5773 5774 5775
f 5776 5777 5778
f 5777 5779 5778
f 5778 5779 5774
f 5779 5780 5774
f 5774 5780 5775
f 5781 5140 5139
f 5778 5782 5776
f 5782 5783 5776
f 5776 5783 5784
f 5783 5785 5784
f 5786 5787 5139
f 5787 5788 5139
f 5139 5788 5781
f 5785 5783 5139
f 5783 5789 5139
f 5139 5789 5786
f 5790 5791 5792
f 5765 5793 5767
f 5793 5794 5767
f 5767 5794 5769
f 5794 5795 5769
f 5796 5778 5797
f 5778 5774 5797
f 5797 5774 5795
f 5774 5772 5795
f 5795 5772 5769
f 5789 5783 5796
f 5783 5782 5796
f 5796 5782 5778
f 5798 5786 5789
f 5799 5787 5786
f 5800 5788 5787
f 5801 5781 5788
f 5140 5781 5802
f 5781 5801 5802
f 5802 5801 5803
f 5801 5804 5803
f 5803 5804 5805
f 5792 5791 5806
f 5791 5807 5806
f 5807 5808 5806
f 5806 5808 5804
f 5808 5809 5804
f 5804 5809 5805
f 5810 5746 5741
f 5790 5792 5811
f 5792 5810 5811
f 5811 5810 5812
f 5810 5741 5812
f 5812 5741 5148
f 5813 5742 5744
f 5788 5800 5801
f 5800 5814 5801
f 5801 5814 5804
f 5814 5815 5804
f 5804 5815 5806
f 5815 5816 5806
f 5806 5816 5792
f 5816 5813 5792
f 5792 5813 5810
f 5813 5744 5810
f 5810 5744 5746
f 5817 5749 5751
f 5787 5799 5800
f 5799 5818 5800
f 5800 5818 5814
f 5818 5819 5814
f 5814 5819 5815
f 5819 5820 5815
f 5815 5820 5816
f 5820 5817 5816
f 5816 5817 5813
f 5817 5751 5813
f 5813 5751 5742
f 5821 5758 5760
f 5786 5798 5799
f 5798 5822 5799
f 5799 5822 5818
f 5822 5823 5818
f 5818 5823 5819
f 5823 5824 5819
f 5819 5824 5820
f 5824 5821 5820
f 5820 5821 5817
f 5821 5760 5817
f 5817 5760 5749
f 5765 5082 5793
f 5082 5754 5793
f 5793 5754 5756
f 5789 5796 5798
f 5796 5797 5798
f 5798 5797 5822
f 5797 5795 5822
f 5822 5795 5823
f 5795 5794 5823
f 5823 5794 5824
f 5794 5793 5824
f 5824 5793 5821
f 5793 5756 5821
f 5821 5756 5758
f 5114 5108 5825
f 5108 5826 5825
f 5825 5826 5827
f 5828 5829 5830
f 5829 5831 5830
f 5830 5831 5832
f 5831 5833 5832
f 5832 5833 5834
f 5833 5827 5834
f 5834 5827 5835
f 5827 5826 5835
f 5836 5837 5828
f 5837 5838 5828
f 5828 5838 5829
f 5836 5828 5839
f 5828 5840 5839
f 5839 5840 5841
f 5840 5842 5841
f 5841 5842 5843
f 5842 5844 5843
f 5843 5844 5845
f 5844 5846 5845
f 5845 5846 5847
f 5846 5146 5847
f 5847 5146 5145
f 5148 5146 5812
f 5146 5848 5812
f 5812 5848 5811
f 5848 5849 5811
f 5811 5849 5790
f 5849 5850 5790
f 5790 5850 5791
f 5850 5851 5791
f 5791 5851 5807
f 5851 5852 5807
f 5807 5852 5808
f 5852 5853 5808
f 5808 5853 5809
f 5853 5854 5809
f 5809 5854 5805
f 5854 5855 5805
f 5805 5855 5803
f 5855 5856 5803
f 5803 5856 5802
f 5856 5857 5802
f 5802 5857 5140
f 5857 5142 5140
f 5858 5840 5859
f 5860 5861 5142
f 5862 5863 5861
f 5864 5865 5863
f 5866 5867 5865
f 5868 5869 5870
f 5869 5867 5870
f 5868 5870 5871
f 5870 5872 5871
f 5871 5872 5873
f 5873 5872 5874
f 5872 5875 5874
f 5874 5875 5876
f 5875 5877 5876
f 5876 5877 5878
f 5878 5877 5879
f 5877 5880 5879
f 5879 5880 5881
f 5880 5826 5881
f 5881 5826 5108
f 5142 5857 5860
f 5857 5856 5860
f 5860 5856 5882
f 5856 5855 5882
f 5855 5854 5882
f 5882 5854 5883
f 5854 5853 5883
f 5853 5852 5883
f 5883 5852 5884
f 5861 5860 5862
f 5860 5882 5862
f 5862 5882 5885
f 5882 5883 5885
f 5885 5883 5886
f 5883 5884 5886
f 5886 5884 5887
f 5884 5888 5887
f 5887 5888 5859
f 5889 5834 5835
f 5867 5866 5870
f 5866 5890 5870
f 5870 5890 5872
f 5890 5891 5872
f 5872 5891 5875
f 5891 5892 5875
f 5875 5892 5877
f 5892 5889 5877
f 5877 5889 5880
f 5889 5835 5880
f 5880 5835 5826
f 5828 5830 5893
f 5830 5832 5893
f 5865 5864 5866
f 5864 5894 5866
f 5866 5894 5890
f 5894 5895 5890
f 5890 5895 5891
f 5895 5896 5891
f 5891 5896 5892
f 5896 5893 5892
f 5892 5893 5889
f 5893 5832 5889
f 5889 5832 5834
f 5863 5862 5864
f 5862 5885 5864
f 5864 5885 5894
f 5885 5886 5894
f 5894 5886 5895
f 5886 5887 5895
f 5895 5887 5896
f 5887 5859 5896
f 5896 5859 5893
f 5859 5840 5893
f 5893 5840 5828
f 5852 5851 5884
f 5851 5897 5884
f 5884 5897 5888
f 5897 5849 5888
f 5888 5849 5848
f 5842 5859 5844
f 5859 5888 5844
f 5844 5888 5846
f 5888 5848 5846
f 5846 5848 5146
f 5898 5899 5879
f 5143 5142 5900
f 5142 5861 5900
f 5861 5863 5900
f 5863 5865 5900
f 5900 5865 5867
f 5901 5868 5902
f 5868 5871 5902
f 5902 5871 5873
f 5867 5869 5900
f 5869 5868 5900
f 5900 5868 5903
f 5868 5901 5903
f 5904 5905 5874
f 5905 5906 5874
f 5874 5906 5873
f 5906 5907 5873
f 5873 5907 5902
f 5874 5876 5904
f 5876 5878 5904
f 5904 5878 5908
f 5878 5909 5908
f 5879 5899 5878
f 5899 5910 5878
f 5878 5910 5909
f 5898 5879 5120
f 5879 5881 5120
f 5120 5881 5108
f 4830 4829 5911
f 4829 5912 5911
f 5912 5913 5911
f 5913 5914 5911
f 5911 5914 5915
f 5914 5916 5915
f 5915 5916 5917
f 5916 5918 5917
f 5918 5919 5917
f 5917 5919 5920
f 5919 5921 5920
f 5922 5923 5924
f 5923 5925 5924
f 5924 5925 5926
f 5925 5927 5926
f 5926 5927 5921
f 5927 5928 5921
f 5921 5928 5920
f 5922 5924 5929
f 5924 5930 5929
f 5929 5930 5931
f 5930 5932 5931
f 5931 5932 5933
f 5932 5934 5933
f 5933 5934 5935
f 4798 4808 5936
f 4808 5937 5936
f 5936 5937 5934
f 5937 5938 5934
f 5934 5938 5935
f 5939 5940 5941
f 4804 4798 5942
f 4798 5943 5942
f 5942 5943 5944
f 5943 5945 5944
f 5944 5945 5946
f 5945 5947 5946
f 5946 5947 5948
f 5947 5941 5948
f 5948 5941 5949
f 5941 5940 5949
f 5941 5950 5939
f 5950 5951 5939
f 5939 5951 5952
f 5952 5951 5953
f 5951 5954 5953
f 5953 5954 5955
f 5954 5956 5955
f 5955 5956 5957
f 5956 5958 5957
f 5957 5958 5959
f 5958 5960 5959
f 5959 5960 5961
f 5960 4868 5961
f 5961 4868 4867
f 5962 5912 4829
f 5963 5913 5912
f 5964 5914 5913
f 5965 5916 5914
f 5919 5918 5966
f 5918 5916 5966
f 5919 5966 5921
f 5966 5967 5921
f 5921 5967 5926
f 5926 5967 5924
f 5967 5968 5924
f 5924 5968 5930
f 5968 5969 5930
f 5930 5969 5932
f 5932 5969 5934
f 5969 5970 5934
f 5934 5970 5936
f 5970 5943 5936
f 5936 5943 4798
f 4829 5971 5962
f 5971 5972 5962
f 5962 5972 5973
f 5972 5974 5973
f 5974 5975 5973
f 5973 5975 5976
f 5975 5977 5976
f 5977 5978 5976
f 5976 5978 5979
f 5978 5980 5979
f 5980 5981 5979
f 5979 5981 5982
f 5983 5947 5945
f 5916 5965 5966
f 5965 5984 5966
f 5966 5984 5967
f 5984 5985 5967
f 5967 5985 5968
f 5985 5986 5968
f 5968 5986 5969
f 5986 5983 5969
f 5969 5983 5970
f 5983 5945 5970
f 5970 5945 5943
f 5987 5950 5941
f 5914 5964 5965
f 5964 5988 5965
f 5965 5988 5984
f 5988 5989 5984
f 5984 5989 5985
f 5989 5990 5985
f 5985 5990 5986
f 5990 5987 5986
f 5986 5987 5983
f 5987 5941 5983
f 5983 5941 5947
f 5991 5954 5951
f 5913 5963 5964
f 5963 5992 5964
f 5964 5992 5988
f 5992 5993 5988
f 5988 5993 5989
f 5993 5994 5989
f 5989 5994 5990
f 5994 5991 5990
f 5990 5991 5987
f 5991 5951 5987
f 5987 5951 5950
f 5960 5958 5982
f 5958 5956 5982
f 5912 5962 5963
f 5962 5973 5963
f 5963 5973 5992
f 5973 5976 5992
f 5992 5976 5993
f 5976 5979 5993
f 5993 5979 5994
f 5979 5982 5994
f 5994 5982 5991
f 5982 5956 5991
f 5991 5956 5954
f 4868 5960 5995
f 5960 5982 5995
f 5995 5982 5996
f 5982 5981 5996
f 5997 5998 5999
f 5999 5998 6000
f 5998 4846 6000
f 6000 4846 4838
f 6001 6002 6003
f 6002 6004 6003
f 6003 6004 5999
f 6004 6005 5999
f 5999 6005 5997
f 6006 6007 6008
f 6001 6003 6008
f 6003 6009 6008
f 6008 6009 6006
f 6007 6010 6011
f 6010 6012 6011
f 6011 6012 6013
f 6014 6015 6016
f 6015 6017 6016
f 6013 6012 6014
f 6012 6018 6014
f 6014 6018 6015
f 6019 4833 4832
f 6017 6015 4832
f 6015 6020 4832
f 4832 6020 6021
f 6021 6022 4832
f 6022 6023 4832
f 4832 6023 6019
f 4829 4833 5971
f 4833 6024 5971
f 5971 6024 5972
f 6024 6025 5972
f 5972 6025 5974
f 6025 6026 5974
f 5974 6026 5975
f 6026 6027 5975
f 5975 6027 5977
f 6027 6028 5977
f 5977 6028 5978
f 6028 6029 5978
f 5978 6029 5980
f 6029 6030 5980
f 5980 6030 6031
f 6030 6032 6031
f 6031 6032 5996
f 6032 6033 5996
f 5996 6033 5995
f 6033 6034 5995
f 5995 6034 4868
f 6034 4870 4868
f 6032 6030 6035
f 6000 6036 5999
f 6036 6037 5999
f 5999 6037 6003
f 6037 6038 6003
f 6039 6012 6040
f 6012 6006 6040
f 6040 6006 6038
f 6006 6009 6038
f 6038 6009 6003
f 6020 6015 6039
f 6015 6018 6039
f 6039 6018 6012
f 6041 6021 6020
f 6042 6022 6021
f 6043 6023 6022
f 6044 6019 6023
f 6044 6045 6026
f 4833 6019 6024
f 6019 6044 6024
f 6024 6044 6025
f 6044 6026 6025
f 6035 6030 6046
f 6030 6029 6046
f 6029 6028 6046
f 6046 6028 6045
f 6028 6027 6045
f 6045 6027 6026
f 6047 6048 6049
f 6050 6035 6033
f 6035 6047 6033
f 6033 6047 6034
f 6047 6049 6034
f 6034 6049 4870
f 6051 6052 6053
f 6023 6043 6044
f 6043 6054 6044
f 6044 6054 6045
f 6054 6055 6045
f 6045 6055 6046
f 6055 6056 6046
f 6046 6056 6035
f 6056 6051 6035
f 6035 6051 6047
f 6051 6053 6047
f 6047 6053 6048
f 6057 6058 6059
f 6022 6042 6043
f 6042 6060 6043
f 6043 6060 6054
f 6060 6061 6054
f 6054 6061 6055
f 6061 6062 6055
f 6055 6062 6056
f 6062 6057 6056
f 6056 6057 6051
f 6057 6059 6051
f 6051 6059 6052
f 6063 6064 6065
f 6021 6041 6042
f 6041 6066 6042
f 6042 6066 6060
f 6066 6067 6060
f 6060 6067 6061
f 6067 6068 6061
f 6061 6068 6062
f 6068 6063 6062
f 6062 6063 6057
f 6063 6065 6057
f 6057 6065 6058
f 6000 4838 6036
f 4838 6069 6036
f 6036 6069 6070
f 6020 6039 6041
f 6039 6040 6041
f 6041 6040 6066
f 6040 6038 6066
f 6066 6038 6067
f 6038 6037 6067
f 6067 6037 6068
f 6037 6036 6068
f 6068 6036 6063
f 6036 6070 6063
f 6063 6070 6064
f 6071 6072 6070
f 6073 6074 6065
f 4871 4870 6075
f 4870 6049 6075
f 6076 6077 6049
f 6077 6078 6049
f 6049 6078 6075
f 6079 6080 6053
f 6049 6048 6076
f 6048 6053 6076
f 6076 6053 6081
f 6053 6080 6081
f 6082 6059 6074
f 6059 6058 6074
f 6074 6058 6065
f 6053 6052 6079
f 6052 6059 6079
f 6079 6059 6083
f 6059 6082 6083
f 6073 6065 6072
f 6065 6064 6072
f 6072 6064 6070
f 6071 6070 4844
f 6070 6069 4844
f 4844 6069 4838
f 4762 4761 6084
f 4761 6085 6084
f 6084 6085 6086
f 6086 6087 6084
f 6087 6088 6084
f 6084 6088 6089
f 6088 6090 6089
f 6090 6091 6089
f 6089 6091 6092
f 6091 6093 6092
f 6092 6093 6094
f 6093 6095 6094
f 6094 6095 6096
f 6095 6097 6096
f 6096 6097 6098
f 6099 6100 6097
f 6100 6101 6097
f 6097 6101 6098
f 6102 6103 6104
f 6103 6105 6104
f 6104 6105 6099
f 6105 6106 6099
f 6099 6106 6100
f 4731 4734 6107
f 4734 6108 6107
f 6107 6108 6102
f 6108 6109 6102
f 6102 6109 6103
f 4737 4731 6110
f 4731 6111 6110
f 6110 6111 6112
f 6111 6113 6112
f 6112 6113 6114
f 6113 6115 6114
f 6116 6117 6118
f 6117 6119 6118
f 6119 6120 6118
f 6118 6120 6121
f 6120 6122 6121
f 6121 6122 6123
f 6122 6124 6123
f 6123 6124 6125
f 6124 6126 6125
f 6125 6126 6127
f 6126 6128 6127
f 6127 6128 6115
f 6128 6129 6115
f 6115 6129 6114
f 6130 6131 6116
f 6131 6132 6116
f 6116 6132 6133
f 6132 4794 6133
f 6133 4794 4793
f 6134 6085 4761
f 6135 6086 6085
f 6136 6087 6086
f 6137 6088 6087
f 6091 6090 6138
f 6090 6088 6138
f 6091 6138 6093
f 6138 6139 6093
f 6093 6139 6095
f 6095 6139 6097
f 6139 6140 6097
f 6097 6140 6099
f 6140 6141 6099
f 6099 6141 6104
f 6104 6141 6102
f 6141 6142 6102
f 6102 6142 6107
f 6142 6111 6107
f 6107 6111 4731
f 4761 6143 6134
f 6143 6144 6134
f 6134 6144 6145
f 6144 6146 6145
f 6146 6147 6145
f 6145 6147 6148
f 6147 6149 6148
f 6149 6150 6148
f 6148 6150 6151
f 6150 6152 6151
f 6152 6153 6151
f 6151 6153 6154
f 6155 6115 6113
f 6088 6137 6138
f 6137 6156 6138
f 6138 6156 6139
f 6156 6157 6139
f 6139 6157 6140
f 6157 6158 6140
f 6140 6158 6141
f 6158 6155 6141
f 6141 6155 6142
f 6155 6113 6142
f 6142 6113 6111
f 6159 6125 6127
f 6087 6136 6137
f 6136 6160 6137
f 6137 6160 6156
f 6160 6161 6156
f 6156 6161 6157
f 6161 6162 6157
f 6157 6162 6158
f 6162 6159 6158
f 6158 6159 6155
f 6159 6127 6155
f 6155 6127 6115
f 6163 6121 6123
f 6086 6135 6136
f 6135 6164 6136
f 6136 6164 6160
f 6164 6165 6160
f 6160 6165 6161
f 6165 6166 6161
f 6161 6166 6162
f 6166 6163 6162
f 6162 6163 6159
f 6163 6123 6159
f 6159 6123 6125
f 6132 6131 6154
f 6131 6118 6154
f 6085 6134 6135
f 6134 6145 6135
f 6135 6145 6164
f 6145 6148 6164
f 6164 6148 6165
f 6148 6151 6165
f 6165 6151 6166
f 6151 6154 6166
f 6166 6154 6163
f 6154 6118 6163
f 6163 6118 6121
f 4794 6132 6167
f 6132 6154 6167
f 6167 6154 6168
f 6154 6153 6168
f 4761 4759 6143
f 4759 6169 6143
f 6143 6169 6144
f 6169 6170 6144
f 6144 6170 6146
f 6170 6171 6146
f 6146 6171 6147
f 6171 6172 6147
f 6147 6172 6149
f 6172 6173 6149
f 6149 6173 6150
f 6173 6174 6150
f 6150 6174 6152
f 6174 6175 6152
f 6152 6175 6176
f 6175 6177 6176
f 6176 6177 6168
f 6177 6178 6168
f 6168 6178 6167
f 6178 6179 6167
f 6167 6179 4794
f 6179 4796 4794
f 6180 6181 6182
f 6183 6184 6185
f 4797 4796 6186
f 4796 6187 6186
f 6188 6189 6190
f 6189 6191 6190
f 6190 6191 6187
f 6191 6192 6187
f 6187 6192 6186
f 6193 6194 6195
f 6194 6196 6195
f 6195 6196 6189
f 6197 6198 6184
f 6198 6199 6184
f 6184 6199 6185
f 6195 6200 6193
f 6200 6198 6193
f 6193 6198 6201
f 6198 6197 6201
f 6183 6185 6181
f 6185 6202 6181
f 6181 6202 6182
f 6180 6182 4773
f 6182 6203 4773
f 4773 6203 4765
f 6204 6205 6206
f 6205 6207 6206
f 6206 6207 6208
f 6207 6209 6208
f 6210 6211 6212
f 6211 6213 6212
f 6212 6213 6209
f 6213 6214 6209
f 6209 6214 6208
f 6215 6216 6210
f 6216 6217 6210
f 6210 6217 6211
f 6218 6219 6215
f 6220 6221 6219
f 6222 6223 6221
f 6224 6225 6223
f 4759 6225 6169
f 6225 6224 6169
f 6169 6224 6170
f 6224 6226 6170
f 6170 6226 6171
f 6171 6226 6172
f 6226 6227 6172
f 6172 6227 6173
f 6173 6227 6174
f 6227 6228 6174
f 6174 6228 6175
f 6175 6228 6229
f 6228 6230 6229
f 6229 6230 6178
f 6230 6190 6187
f 6178 6230 6179
f 6230 6187 6179
f 6179 6187 4796
f 6231 6200 6195
f 6223 6222 6224
f 6222 6232 6224
f 6224 6232 6226
f 6232 6233 6226
f 6226 6233 6227
f 6233 6234 6227
f 6227 6234 6228
f 6234 6231 6228
f 6228 6231 6230
f 6231 6195 6230
f 6230 6195 6190
f 6235 6199 6198
f 6221 6220 6222
f 6220 6236 6222
f 6222 6236 6232
f 6236 6237 6232
f 6232 6237 6233
f 6237 6238 6233
f 6233 6238 6234
f 6238 6235 6234
f 6234 6235 6231
f 6235 6198 6231
f 6231 6198 6200
f 6239 6202 6185
f 6219 6218 6220
f 6218 6240 6220
f 6220 6240 6236
f 6240 6241 6236
f 6236 6241 6237
f 6241 6242 6237
f 6237 6242 6238
f 6242 6239 6238
f 6238 6239 6235
f 6239 6185 6235
f 6235 6185 6199
f 6204 4765 6205
f 4765 6203 6205
f 6205 6203 6182
f 6215 6210 6218
f 6210 6212 6218
f 6218 6212 6240
f 6212 6209 6240
f 6240 6209 6241
f 6209 6207 6241
f 6241 6207 6242
f 6207 6205 6242
f 6242 6205 6239
f 6205 6182 6239
f 6239 6182 6202
f 6206 6243 6204
f 6243 4768 6204
f 6204 4768 4765
f 6208 6244 6206
f 6244 6245 6206
f 6206 6245 6243
f 6213 6246 6214
f 6246 6247 6214
f 6214 6247 6208
f 6247 6248 6208
f 6208 6248 6244
f 6211 6249 6250
f 6249 6251 6250
f 6250 6251 6246
f 6252 6253 6216
f 6253 6254 6216
f 6216 6254 6217
f 6254 6255 6217
f 6217 6255 6211
f 6255 6256 6211
f 6211 6256 6249
f 6252 6216 6257
f 6216 6215 6257
f 6257 6215 4758
f 6215 6219 4758
f 4758 6219 6221
f 6221 6223 4758
f 6223 6225 4758
f 4758 6225 4759
f 6258 6259 6260
f 6261 6262 6263
f 4693 4692 6264
f 4692 6265 6264
f 6264 6265 6266
f 6266 6267 6264
f 6267 6268 6264
f 6264 6268 6269
f 6270 6271 6262
f 6271 6272 6262
f 6262 6272 6263
f 6268 6273 6269
f 6273 6271 6269
f 6269 6271 6274
f 6271 6270 6274
f 6275 6276 6277
f 6276 6278 6277
f 6277 6278 6279
f 6275 6280 6276
f 6280 6281 6276
f 6276 6281 6263
f 6281 6282 6263
f 6263 6282 6261
f 6260 6259 6279
f 6259 6283 6279
f 6279 6283 6277
f 6258 6260 4665
f 6260 6284 4665
f 4665 6284 4661
f 4668 4661 6285
f 4661 6286 6285
f 6285 6286 6287
f 6286 6288 6287
f 6287 6288 6289
f 6289 6288 6290
f 6288 6291 6290
f 6290 6291 6292
f 6291 6293 6292
f 6292 6293 6294
f 6293 6295 6294
f 6294 6295 6296
f 6295 6297 6296
f 6297 6298 6296
f 6296 6298 6299
f 6298 6300 6299
f 6299 6300 6301
f 6301 6302 6303
f 6302 6304 6303
f 6303 6304 6305
f 6305 6304 6306
f 6304 6307 6306
f 6306 6307 6308
f 6307 4724 6308
f 6308 4724 4723
f 6309 6265 4692
f 6310 6266 6265
f 6311 6267 6266
f 6312 6268 6267
f 6271 6273 6313
f 6273 6268 6313
f 6271 6313 6272
f 6313 6314 6272
f 6272 6314 6263
f 6263 6314 6276
f 6314 6315 6276
f 6276 6315 6278
f 6315 6316 6278
f 6278 6316 6279
f 6279 6316 6260
f 6316 6317 6260
f 6260 6317 6284
f 6317 6286 6284
f 6284 6286 4661
f 4692 6318 6309
f 6318 6319 6309
f 6309 6319 6320
f 6319 6321 6320
f 6321 6322 6320
f 6320 6322 6323
f 6265 6309 6310
f 6309 6320 6310
f 6310 6320 6324
f 6320 6323 6324
f 6324 6323 6325
f 6323 6326 6325
f 6325 6326 6327
f 6328 6326 6329
f 6326 6323 6329
f 6329 6323 6330
f 6323 6322 6330
f 6328 6331 6326
f 6331 6332 6326
f 6326 6332 6327
f 6332 6333 6327
f 6334 6291 6288
f 6268 6312 6313
f 6312 6335 6313
f 6313 6335 6314
f 6335 6336 6314
f 6314 6336 6315
f 6336 6337 6315
f 6315 6337 6316
f 6337 6334 6316
f 6316 6334 6317
f 6334 6288 6317
f 6317 6288 6286
f 6297 6295 6338
f 6295 6293 6338
f 6267 6311 6312
f 6311 6339 6312
f 6312 6339 6335
f 6339 6340 6335
f 6335 6340 6336
f 6340 6341 6336
f 6336 6341 6337
f 6341 6338 6337
f 6337 6338 6334
f 6338 6293 6334
f 6334 6293 6291
f 6266 6310 6311
f 6310 6324 6311
f 6311 6324 6339
f 6324 6325 6339
f 6339 6325 6340
f 6325 6327 6340
f 6340 6327 6341
f 6327 6333 6341
f 6341 6333 6338
f 6333 6298 6338
f 6338 6298 6297
f 6331 6342 6332
f 6342 6343 6332
f 6332 6343 4724
f 4724 6307 6332
f 6307 6304 6332
f 6332 6304 6333
f 6304 6300 6333
f 6333 6300 6298
f 4698 4696 6344
f 4696 6345 6344
f 6344 6345 6346
f 6345 6347 6346
f 6346 6347 6348
f 6347 6349 6348
f 6348 6349 6350
f 6351 6352 6353
f 6352 6354 6353
f 6353 6354 6349
f 6354 6355 6349
f 6349 6355 6350
f 6356 6357 6351
f 6357 6358 6351
f 6351 6358 6352
f 6359 6360 6356
f 6360 6361 6356
f 6361 6362 6356
f 6356 6362 6357
f 6356 6363 6359
f 6363 6364 6359
f 6359 6364 6365
f 6364 6366 6365
f 6365 6366 4689
f 6366 6367 4689
f 4689 6367 6368
f 6368 6369 4689
f 6369 6370 4689
f 4689 6370 4690
f 4692 4690 6318
f 4690 6371 6318
f 6318 6371 6319
f 6371 6372 6319
f 6319 6372 6321
f 6372 6373 6321
f 6321 6373 6322
f 6373 6374 6322
f 6322 6374 6330
f 6374 6375 6330
f 6330 6375 6329
f 6375 6376 6329
f 6329 6376 6328
f 6376 6377 6328
f 6328 6377 6378
f 6377 6379 6378
f 6378 6379 6342
f 6379 6380 6342
f 6342 6380 6343
f 6380 6381 6343
f 6343 6381 4724
f 6381 4726 4724
f 6345 6382 6347
f 6382 6383 6347
f 6347 6383 6349
f 6383 6384 6349
f 6385 6356 6386
f 6356 6351 6386
f 6386 6351 6384
f 6351 6353 6384
f 6384 6353 6349
f 6366 6364 6385
f 6364 6363 6385
f 6385 6363 6356
f 6387 6367 6366
f 6388 6368 6367
f 6389 6369 6368
f 6390 6370 6369
f 4690 6370 6371
f 6370 6390 6371
f 6371 6390 6372
f 6390 6391 6372
f 6372 6391 6373
f 6373 6391 6374
f 6391 6392 6374
f 6374 6392 6375
f 6375 6392 6376
f 6392 6393 6376
f 6376 6393 6377
f 6377 6393 6394
f 6393 6395 6394
f 6394 6395 6380
f 6395 6396 6397
f 6380 6395 6381
f 6395 6397 6381
f 6381 6397 4726
f 6398 6399 6400
f 6369 6389 6390
f 6389 6401 6390
f 6390 6401 6391
f 6401 6402 6391
f 6391 6402 6392
f 6402 6403 6392
f 6392 6403 6393
f 6403 6398 6393
f 6393 6398 6395
f 6398 6404 6395
f 6395 6404 6396
f 6405 6406 6407
f 6368 6388 6389
f 6388 6408 6389
f 6389 6408 6401
f 6408 6409 6401
f 6401 6409 6402
f 6409 6410 6402
f 6402 6410 6403
f 6410 6405 6403
f 6403 6405 6398
f 6405 6407 6398
f 6398 6407 6399
f 6411 6412 6413
f 6367 6387 6388
f 6387 6414 6388
f 6388 6414 6408
f 6414 6415 6408
f 6408 6415 6409
f 6415 6416 6409
f 6409 6416 6410
f 6416 6411 6410
f 6410 6411 6405
f 6411 6413 6405
f 6405 6413 6406
f 6345 4696 6382
f 4696 6417 6382
f 6382 6417 6418
f 6366 6385 6387
f 6385 6386 6387
f 6387 6386 6414
f 6386 6384 6414
f 6414 6384 6415
f 6384 6383 6415
f 6415 6383 6416
f 6383 6382 6416
f 6416 6382 6411
f 6382 6418 6411
f 6411 6418 6412
f 4728 4726 6419
f 4726 6397 6419
f 6396 6420 6397
f 6420 6421 6397
f 6397 6421 6419
f 6418 6422 6412
f 6422 6423 6412
f 6412 6423 6413
f 6423 6424 6413
f 6413 6424 6406
f 6424 6425 6406
f 6406 6425 6407
f 6425 6426 6407
f 6407 6426 6399
f 6426 6427 6399
f 6399 6427 6400
f 6427 6428 6400
f 6400 6428 6396
f 6428 6429 6396
f 6396 6429 6420
f 4696 4703 6417
f 4703 6430 6417
f 6417 6430 6418
f 6430 6431 6418
f 6418 6431 6422
f 6432 6433 6434
f 4939 4938 6435
f 6435 6436 4939
f 6436 6437 4939
f 4939 6437 6438
f 6437 6439 6438
f 6440 6441 6442
f 6441 6443 6442
f 6442 6443 6444
f 6439 6445 6438
f 6445 6441 6438
f 6438 6441 6446
f 6441 6440 6446
f 6447 6448 6449
f 6448 6450 6449
f 6449 6450 6444
f 6450 6451 6444
f 6444 6451 6442
f 6449 6452 6447
f 6452 6453 6447
f 6447 6453 6454
f 6453 6455 6454
f 6434 6433 6453
f 6433 6456 6453
f 6453 6456 6455
f 6432 6434 4916
f 6434 6457 4916
f 4916 6457 4904
f 4910 4904 6458
f 4904 6459 6458
f 6458 6459 6460
f 6461 6462 6463
f 6462 6464 6463
f 6463 6464 6465
f 6464 6466 6465
f 6465 6466 6467
f 6466 6460 6467
f 6467 6460 6468
f 6460 6459 6468
f 6469 6470 6461
f 6470 6471 6461
f 6461 6471 6462
f 6469 6461 6472
f 6461 6473 6472
f 6472 6473 6474
f 6473 6475 6474
f 6474 6475 6476
f 6475 6477 6476
f 6476 6477 6478
f 6477 6479 6478
f 6478 6479 6480
f 6479 4942 6480
f 6480 4942 4941
f 6481 6435 4938
f 6482 6436 6435
f 6483 6437 6436
f 6484 6439 6437
f 6441 6445 6485
f 6445 6439 6485
f 6441 6485 6443
f 6485 6486 6443
f 6443 6486 6444
f 6444 6486 6449
f 6486 6487 6449
f 6449 6487 6452
f 6487 6488 6452
f 6452 6488 6453
f 6453 6488 6434
f 6488 6489 6434
f 6434 6489 6457
f 6489 6459 6457
f 6457 6459 4904
f 4938 6490 6481
f 6490 6491 6481
f 6481 6491 6492
f 6491 6493 6492
f 6493 6494 6492
f 6492 6494 6495
f 6494 6496 6495
f 6496 6497 6495
f 6495 6497 6498
f 6497 6499 6498
f 6499 6500 6498
f 6498 6500 6501
f 6502 6467 6468
f 6439 6484 6485
f 6484 6503 6485
f 6485 6503 6486
f 6503 6504 6486
f 6486 6504 6487
f 6504 6505 6487
f 6487 6505 6488
f 6505 6502 6488
f 6488 6502 6489
f 6502 6468 6489
f 6489 6468 6459
f 6506 6463 6465
f 6437 6483 6484
f 6483 6507 6484
f 6484 6507 6503
f 6507 6508 6503
f 6503 6508 6504
f 6508 6509 6504
f 6504 6509 6505
f 6509 6506 6505
f 6505 6506 6502
f 6506 6465 6502
f 6502 6465 6467
f 6510 6473 6461
f 6436 6482 6483
f 6482 6511 6483
f 6483 6511 6507
f 6511 6512 6507
f 6507 6512 6508
f 6512 6513 6508
f 6508 6513 6509
f 6513 6510 6509
f 6509 6510 6506
f 6510 6461 6506
f 6506 6461 6463
f 6479 6477 6501
f 6477 6514 6501
f 6435 6481 6482
f 6481 6492 6482
f 6482 6492 6511
f 6492 6495 6511
f 6511 6495 6512
f 6495 6498 6512
f 6512 6498 6513
f 6498 6501 6513
f 6513 6501 6510
f 6501 6514 6510
f 6510 6514 6473
f 4942 6479 6515
f 6479 6501 6515
f 6515 6501 6516
f 6501 6500 6516
f 6517 4878 4874
f 6517 4874 6518
f 4874 6519 6518
f 6518 6519 6520
f 6519 6521 6520
f 6520 6521 6522
f 6521 6523 6522
f 6522 6523 6524
f 6524 6523 6525
f 6523 6526 6525
f 6525 6526 6527
f 6526 6528 6527
f 6527 6528 6529
f 6530 6531 6532
f 6531 6533 6532
f 6532 6533 6528
f 6533 6534 6528
f 6528 6534 6529
f 6532 6535 6530
f 6535 6536 6530
f 6530 6536 6537
f 6536 6538 6537
f 6538 6539 6537
f 6537 6539 6540
f 6539 6541 6540
f 6541 6542 6540
f 6540 6542 4935
f 6542 6543 4935
f 4935 6543 4936
f 4938 4936 6490
f 4936 6544 6490
f 6490 6544 6491
f 6544 6545 6491
f 6491 6545 6493
f 6545 6546 6493
f 6493 6546 6494
f 6546 6547 6494
f 6494 6547 6496
f 6547 6548 6496
f 6496 6548 6497
f 6548 6549 6497
f 6497 6549 6499
f 6549 6550 6499
f 6499 6550 6551
f 6550 6552 6551
f 6551 6552 6516
f 6552 6553 6516
f 6516 6553 6515
f 6553 6554 6515
f 6515 6554 4942
f 6554 4944 4942
f 6519 6555 6521
f 6555 6556 6521
f 6521 6556 6523
f 6556 6557 6523
f 6558 6532 6559
f 6532 6528 6559
f 6559 6528 6557
f 6528 6526 6557
f 6557 6526 6523
f 6538 6536 6558
f 6536 6535 6558
f 6558 6535 6532
f 6560 6539 6538
f 6561 6541 6539
f 6562 6542 6541
f 6563 6543 6542
f 4936 6543 6544
f 6543 6563 6544
f 6544 6563 6545
f 6563 6564 6545
f 6565 6547 6564
f 6547 6546 6564
f 6564 6546 6545
f 6552 6550 6566
f 6550 6549 6566
f 6566 6549 6565
f 6549 6548 6565
f 6565 6548 6547
f 6567 6568 6569
f 6552 6566 6553
f 6566 6567 6553
f 6553 6567 6554
f 6567 6569 6554
f 6554 6569 4944
f 6570 6571 6572
f 6542 6562 6563
f 6562 6573 6563
f 6563 6573 6564
f 6573 6574 6564
f 6564 6574 6565
f 6574 6575 6565
f 6565 6575 6566
f 6575 6570 6566
f 6566 6570 6567
f 6570 6576 6567
f 6567 6576 6568
f 6577 6578 6579
f 6541 6561 6562
f 6561 6580 6562
f 6562 6580 6573
f 6580 6581 6573
f 6573 6581 6574
f 6581 6582 6574
f 6574 6582 6575
f 6582 6577 6575
f 6575 6577 6570
f 6577 6579 6570
f 6570 6579 6571
f 6583 6584 6585
f 6539 6560 6561
f 6560 6586 6561
f 6561 6586 6580
f 6586 6587 6580
f 6580 6587 6581
f 6587 6588 6581
f 6581 6588 6582
f 6588 6583 6582
f 6582 6583 6577
f 6583 6585 6577
f 6577 6585 6578
f 6519 4874 6555
f 4874 6589 6555
f 6555 6589 6590
f 6538 6558 6560
f 6558 6559 6560
f 6560 6559 6586
f 6559 6557 6586
f 6586 6557 6587
f 6557 6556 6587
f 6587 6556 6588
f 6556 6555 6588
f 6588 6555 6583
f 6555 6590 6583
f 6583 6590 6584
f 4945 4944 6591
f 4944 6569 6591
f 6571 6592 6576
f 6592 6593 6576
f 6576 6593 6568
f 6593 6594 6568
f 6568 6594 6569
f 6594 6595 6569
f 6569 6595 6591
f 6578 6596 6579
f 6596 6597 6579
f 6579 6597 6571
f 6597 6598 6571
f 6571 6598 6592
f 4874 4883 6589
f 4883 6599 6589
f 6589 6599 6590
f 6599 6600 6590
f 6590 6600 6584
f 6600 6601 6584
f 6584 6601 6585
f 6601 6602 6585
f 6585 6602 6578
f 6602 6603 6578
f 6578 6603 6596
f 1526 6604 6605
f 6606 6607 6608
f 6609 6610 6611
f 6612 6613 6614
f 6615 1509 1507
f 6616 6617 6618
f 6617 6615 6618
f 6613 6619 6614
f 6619 6620 6614
f 6614 6620 6616
f 6610 6621 6611
f 6621 6622 6611
f 6611 6622 6612
f 6623 6624 6625
f 6624 6626 6625
f 6626 6627 6625
f 6625 6627 6609
f 6628 6629 6630
f 6629 6631 6630
f 6631 6632 6630
f 6630 6632 6623
f 6607 6633 6634
f 6633 6635 6634
f 6634 6635 6628
f 6636 6637 6606
f 6638 6639 6636
f 6639 6640 6636
f 6640 6641 6636
f 6636 6641 6637
f 4847 6642 6643
f 6642 6644 6643
f 6643 6644 6638
f 6615 1507 6618
f 1507 1505 6618
f 6618 1505 6645
f 1505 6646 6645
f 6645 6646 6647
f 1516 6648 6649
f 6648 6650 6649
f 6649 6650 1511
f 6650 6647 1511
f 1511 6647 1513
f 6647 6646 1513
f 1516 6651 6648
f 6651 6652 6648
f 6648 6652 6653
f 6652 1525 6653
f 1525 1524 6653
f 6653 1524 6654
f 1524 6655 6654
f 6654 6655 6605
f 6655 1521 6605
f 6605 1521 1526
f 1526 6656 6604
f 6656 6657 6604
f 6604 6657 6658
f 6657 1462 6658
f 1462 1529 6658
f 6658 1529 6659
f 1529 6660 6659
f 6659 6660 6661
f 6660 1533 6661
f 1533 1531 6661
f 6661 1531 6662
f 1531 6663 6662
f 6662 6663 6664
f 6665 6666 6667
f 6663 1535 6664
f 1535 6668 6664
f 6664 6668 6667
f 6668 1538 6667
f 6667 1538 6665
f 666 6669 1543
f 6669 6670 1543
f 1543 6670 1542
f 6670 6666 1542
f 1542 6666 1541
f 6666 6665 1541
f 6616 6618 6614
f 6618 6645 6614
f 6614 6645 6671
f 6645 6647 6671
f 6671 6647 6672
f 6647 6650 6672
f 6672 6650 6673
f 6650 6648 6673
f 6673 6648 6674
f 6648 6653 6674
f 6674 6653 6675
f 6653 6654 6675
f 6675 6654 6676
f 6654 6605 6676
f 6676 6605 6677
f 6605 6604 6677
f 6677 6604 6678
f 6604 6658 6678
f 6678 6658 6679
f 6658 6659 6679
f 6679 6659 6680
f 6659 6661 6680
f 6680 6661 6681
f 6661 6662 6681
f 6681 6662 6682
f 6662 6664 6682
f 6682 6664 6683
f 6664 6667 6683
f 6683 6667 6684
f 6667 6666 6684
f 6684 6666 6685
f 6666 6670 6685
f 6685 6670 6686
f 6670 6669 6686
f 6686 6669 6687
f 6612 6614 6611
f 6614 6671 6611
f 6611 6671 6688
f 6671 6672 6688
f 6688 6672 6689
f 6672 6673 6689
f 6689 6673 6690
f 6673 6674 6690
f 6690 6674 6691
f 6674 6675 6691
f 6691 6675 6692
f 6675 6676 6692
f 6692 6676 6693
f 6676 6677 6693
f 6693 6677 6694
f 6677 6678 6694
f 6694 6678 6695
f 6678 6679 6695
f 6695 6679 6696
f 6679 6680 6696
f 6696 6680 6697
f 6680 6681 6697
f 6697 6681 6698
f 6681 6682 6698
f 6698 6682 6699
f 6682 6683 6699
f 6699 6683 6700
f 6683 6684 6700
f 6700 6684 6701
f 6684 6685 6701
f 6701 6685 6702
f 6685 6686 6702
f 6702 6686 6703
f 6686 6687 6703
f 6703 6687 6704
f 6609 6611 6625
f 6611 6688 6625
f 6625 6688 6705
f 6688 6689 6705
f 6705 6689 6706
f 6689 6690 6706
f 6706 6690 6707
f 6690 6691 6707
f 6707 6691 6708
f 6691 6692 6708
f 6708 6692 6709
f 6692 6693 6709
f 6709 6693 6710
f 6693 6694 6710
f 6710 6694 6711
f 6694 6695 6711
f 6711 6695 6712
f 6695 6696 6712
f 6712 6696 6713
f 6696 6697 6713
f 6713 6697 6714
f 6697 6698 6714
f 6714 6698 6715
f 6698 6699 6715
f 6715 6699 6716
f 6699 6700 6716
f 6716 6700 6717
f 6700 6701 6717
f 6717 6701 6718
f 6701 6702 6718
f 6718 6702 6719
f 6702 6703 6719
f 6719 6703 6720
f 6703 6704 6720
f 6720 6704 6721
f 6623 6625 6630
f 6625 6705 6630
f 6630 6705 6722
f 6705 6706 6722
f 6722 6706 6723
f 6706 6707 6723
f 6723 6707 6724
f 6707 6708 6724
f 6724 6708 6725
f 6708 6709 6725
f 6725 6709 6726
f 6709 6710 6726
f 6726 6710 6727
f 6710 6711 6727
f 6727 6711 6728
f 6711 6712 6728
f 6728 6712 6729
f 6712 6713 6729
f 6729 6713 6730
f 6713 6714 6730
f 6730 6714 6731
f 6714 6715 6731
f 6731 6715 6732
f 6715 6716 6732
f 6732 6716 6733
f 6716 6717 6733
f 6733 6717 6734
f 6717 6718 6734
f 6734 6718 6735
f 6718 6719 6735
f 6735 6719 6736
f 6719 6720 6736
f 6736 6720 6737
f 6720 6721 6737
f 6737 6721 6738
f 6628 6630 6634
f 6630 6722 6634
f 6634 6722 6739
f 6722 6723 6739
f 6739 6723 6740
f 6723 6724 6740
f 6740 6724 6741
f 6724 6725 6741
f 6741 6725 6742
f 6725 6726 6742
f 6742 6726 6743
f 6726 6727 6743
f 6743 6727 6744
f 6727 6728 6744
f 6744 6728 6745
f 6728 6729 6745
f 6745 6729 6746
f 6729 6730 6746
f 6746 6730 6747
f 6730 6731 6747
f 6747 6731 6748
f 6731 6732 6748
f 6748 6732 6749
f 6732 6733 6749
f 6749 6733 6750
f 6733 6734 6750
f 6750 6734 6751
f 6734 6735 6751
f 6751 6735 6752
f 6735 6736 6752
f 6752 6736 6753
f 6736 6737 6753
f 6753 6737 6754
f 6737 6738 6754
f 6754 6738 6755
f 6607 6634 6608
f 6634 6739 6608
f 6608 6739 6756
f 6739 6740 6756
f 6756 6740 6757
f 6740 6741 6757
f 6757 6741 6758
f 6741 6742 6758
f 6758 6742 6759
f 6742 6743 6759
f 6759 6743 6760
f 6743 6744 6760
f 6760 6744 6761
f 6744 6745 6761
f 6761 6745 6762
f 6745 6746 6762
f 6762 6746 6763
f 6746 6747 6763
f 6763 6747 6764
f 6747 6748 6764
f 6764 6748 6765
f 6748 6749 6765
f 6765 6749 6766
f 6749 6750 6766
f 6766 6750 6767
f 6750 6751 6767
f 6767 6751 6768
f 6751 6752 6768
f 6768 6752 6769
f 6752 6753 6769
f 6769 6753 6770
f 6753 6754 6770
f 6770 6754 6771
f 6754 6755 6771
f 6771 6755 6772
f 6606 6608 6636
f 6608 6756 6636
f 6636 6756 6773
f 6756 6757 6773
f 6773 6757 6774
f 6757 6758 6774
f 6774 6758 6775
f 6758 6759 6775
f 6775 6759 6776
f 6759 6760 6776
f 6776 6760 6777
f 6760 6761 6777
f 6777 6761 6778
f 6761 6762 6778
f 6778 6762 6779
f 6762 6763 6779
f 6779 6763 6780
f 6763 6764 6780
f 6780 6764 6781
f 6764 6765 6781
f 6781 6765 6782
f 6765 6766 6782
f 6782 6766 6783
f 6766 6767 6783
f 6783 6767 6784
f 6767 6768 6784
f 6784 6768 6785
f 6768 6769 6785
f 6785 6769 6786
f 6769 6770 6786
f 6786 6770 6787
f 6770 6771 6787
f 6787 6771 6788
f 6771 6772 6788
f 6788 6772 6789
f 6638 6636 6643
f 6636 6773 6643
f 6643 6773 6790
f 6773 6774 6790
f 6790 6774 6791
f 6774 6775 6791
f 6791 6775 6792
f 6775 6776 6792
f 6792 6776 6793
f 6776 6777 6793
f 6793 6777 6794
f 6777 6778 6794
f 6794 6778 6795
f 6778 6779 6795
f 6795 6779 6796
f 6779 6780 6796
f 6796 6780 6797
f 6780 6781 6797
f 6797 6781 6798
f 6781 6782 6798
f 6798 6782 6799
f 6782 6783 6799
f 6799 6783 6800
f 6783 6784 6800
f 6800 6784 6801
f 6784 6785 6801
f 6801 6785 6802
f 6785 6786 6802
f 6802 6786 6803
f 6786 6787 6803
f 6803 6787 6804
f 6787 6788 6804
f 6804 6788 6805
f 6788 6789 6805
f 6805 6789 6806
f 4847 6643 4848
f 6643 6790 4848
f 4848 6790 4839
f 6790 6791 4839
f 4839 6791 4840
f 6791 6792 4840
f 4840 6792 4841
f 6792 6793 4841
f 4841 6793 4836
f 6793 6794 4836
f 4836 6794 4837
f 6794 6795 4837
f 4837 6795 4842
f 6795 6796 4842
f 4842 6796 4843
f 6796 6797 4843
f 4843 6797 4845
f 6797 6798 4845
f 4845 6798 4849
f 6798 6799 4849
f 4849 6799 4850
f 6799 6800 4850
f 4850 6800 4851
f 6800 6801 4851
f 4851 6801 4852
f 6801 6802 4852
f 4852 6802 4853
f 6802 6803 4853
f 4853 6803 4854
f 6803 6804 4854
f 4854 6804 4858
f 6804 6805 4858
f 4858 6805 4857
f 6805 6806 4857
f 4857 6806 4861
f 6807 6687 6669
f 6808 6704 6687
f 6809 6721 6704
f 6810 6738 6721
f 6811 6755 6738
f 6812 6772 6755
f 6813 6789 6772
f 6814 6806 6789
f 4859 4861 6806
f 666 665 6815
f 665 6816 6815
f 6815 6816 6817
f 6816 668 6817
f 668 670 6817
f 6817 670 6818
f 670 674 6818
f 6818 674 6819
f 674 6820 6819
f 6819 6820 6821
f 6820 672 6821
f 672 6822 6821
f 6821 6822 6823
f 675 6824 6825
f 6824 6826 6825
f 6822 311 6823
f 311 679 6823
f 6823 679 6826
f 679 6827 6826
f 6826 6827 6825
f 675 6828 6824
f 6828 6829 6824
f 6824 6829 6830
f 6687 6807 6808
f 6807 6831 6808
f 6808 6831 6832
f 6831 6833 6832
f 6832 6833 6834
f 6833 6835 6834
f 6834 6835 6836
f 6835 6837 6836
f 6836 6837 6838
f 6837 6839 6838
f 6838 6839 6840
f 6839 6841 6840
f 6840 6841 6842
f 6841 6843 6842
f 6842 6843 6844
f 6843 6845 6844
f 6844 6845 6846
f 6704 6808 6809
f 6808 6832 6809
f 6809 6832 6847
f 6832 6834 6847
f 6847 6834 6848
f 6834 6836 6848
f 6848 6836 6849
f 6836 6838 6849
f 6849 6838 6850
f 6838 6840 6850
f 6850 6840 6851
f 6840 6842 6851
f 6851 6842 6852
f 6842 6844 6852
f 6852 6844 6853
f 6844 6846 6853
f 6853 6846 6854
f 6721 6809 6810
f 6809 6847 6810
f 6810 6847 6855
f 6847 6848 6855
f 6855 6848 6856
f 6848 6849 6856
f 6856 6849 6857
f 6849 6850 6857
f 6857 6850 6858
f 6850 6851 6858
f 6858 6851 6859
f 6851 6852 6859
f 6859 6852 6860
f 6852 6853 6860
f 6860 6853 6861
f 6853 6854 6861
f 6861 6854 6862
f 6738 6810 6811
f 6810 6855 6811
f 6811 6855 6863
f 6855 6856 6863
f 6863 6856 6864
f 6856 6857 6864
f 6864 6857 6865
f 6857 6858 6865
f 6865 6858 6866
f 6858 6859 6866
f 6866 6859 6867
f 6859 6860 6867
f 6867 6860 6868
f 6860 6861 6868
f 6868 6861 6869
f 6861 6862 6869
f 6869 6862 6870
f 6755 6811 6812
f 6811 6863 6812
f 6812 6863 6871
f 6863 6864 6871
f 6871 6864 6872
f 6864 6865 6872
f 6872 6865 6873
f 6865 6866 6873
f 6873 6866 6874
f 6866 6867 6874
f 6874 6867 6875
f 6867 6868 6875
f 6875 6868 6876
f 6868 6869 6876
f 6876 6869 6877
f 6869 6870 6877
f 6877 6870 6878
f 6772 6812 6813
f 6812 6871 6813
f 6813 6871 6879
f 6871 6872 6879
f 6879 6872 6880
f 6872 6873 6880
f 6880 6873 6881
f 6873 6874 6881
f 6881 6874 6882
f 6874 6875 6882
f 6882 6875 6883
f 6875 6876 6883
f 6883 6876 6884
f 6876 6877 6884
f 6884 6877 6885
f 6877 6878 6885
f 6885 6878 6886
f 6829 680 6830
f 680 6887 6830
f 6830 6887 6888
f 6887 6889 6888
f 6888 6889 691
f 6888 6845 6830
f 6845 6843 6830
f 6830 6843 6824
f 6843 6841 6824
f 6824 6841 6826
f 6841 6839 6826
f 6826 6839 6823
f 6839 6837 6823
f 6823 6837 6821
f 6837 6835 6821
f 6821 6835 6819
f 6835 6833 6819
f 6819 6833 6818
f 6833 6831 6818
f 6818 6831 6817
f 6831 6807 6817
f 6817 6807 6815
f 6807 6669 6815
f 6815 6669 666
f 6888 6890 6845
f 6890 6891 6845
f 6845 6891 6846
f 6891 6892 6846
f 6846 6892 6854
f 6892 6893 6854
f 6854 6893 6862
f 6893 6894 6862
f 6862 6894 6870
f 6894 6895 6870
f 6870 6895 6878
f 6895 6896 6878
f 6878 6896 6886
f 6896 6897 6886
f 6886 6897 6898
f 6789 6813 6814
f 6813 6879 6814
f 6814 6879 6899
f 6879 6880 6899
f 6899 6880 6900
f 6880 6881 6900
f 6900 6881 6901
f 6881 6882 6901
f 6901 6882 6902
f 6882 6883 6902
f 6902 6883 6903
f 6883 6884 6903
f 6903 6884 6904
f 6884 6885 6904
f 6904 6885 6905
f 6885 6886 6905
f 6905 6886 6906
f 6886 6898 6906
f 6906 6898 6907
f 6806 6814 4859
f 6814 6899 4859
f 4859 6899 4864
f 6899 6900 4864
f 4864 6900 4865
f 6900 6901 4865
f 4865 6901 4866
f 6901 6902 4866
f 4866 6902 4860
f 6902 6903 4860
f 4860 6903 4862
f 6903 6904 4862
f 4862 6904 4863
f 6904 6905 4863
f 4863 6905 4855
f 6905 6906 4855
f 4855 6906 4856
f 6906 6907 4856
f 4856 6907 4844
f 6908 6909 6910
f 6911 147 146
f 4847 4846 6912
f 4846 6913 6912
f 6912 6913 6914
f 6913 6915 6914
f 6916 6917 6918
f 6918 6919 6916
f 6919 6920 6916
f 6916 6920 6913
f 6920 6921 6913
f 6913 6921 6915
f 6917 6916 6922
f 6916 6923 6922
f 6922 6923 6924
f 6924 6923 6925
f 6923 6926 6925
f 6925 6926 6927
f 6928 6929 6930
f 6930 6931 6928
f 6931 6932 6928
f 6928 6932 6926
f 6932 6933 6926
f 6926 6933 6927
f 6929 6928 6934
f 6928 6935 6934
f 6934 6935 6936
f 6909 6937 6910
f 6937 6938 6910
f 6910 6938 6935
f 6938 6939 6935
f 6935 6939 6936
f 6940 6941 6942
f 6941 6943 6942
f 6942 6943 6910
f 6943 6944 6910
f 6910 6944 6908
f 146 6945 6911
f 6945 6946 6911
f 6911 6946 6942
f 6946 6947 6942
f 6942 6947 6940
f 6888 691 690
f 6891 6890 6948
f 6894 6893 6949
f 6950 6951 6952
f 6953 6954 6955
f 6956 4871 6075
f 6957 6958 6959
f 6958 6957 6954
f 6960 6961 6953
f 6961 6960 6951
f 6962 6963 6950
f 6963 6962 695
f 6959 6956 6964
f 6956 6075 6964
f 6964 6075 6965
f 6075 6078 6965
f 6078 6077 6965
f 6965 6077 6966
f 6077 6076 6966
f 6076 6081 6966
f 6966 6081 6080
f 6079 6967 6080
f 6967 6968 6080
f 6080 6968 6966
f 6079 6083 6967
f 6083 6082 6967
f 6967 6082 6969
f 6082 6074 6969
f 6969 6074 6970
f 695 6962 697
f 6962 6971 697
f 697 6971 698
f 6971 6972 698
f 698 6972 699
f 6972 6973 699
f 699 6973 6974
f 6973 6975 6974
f 6974 6975 701
f 6975 6976 701
f 701 6976 702
f 6976 6977 702
f 702 6977 687
f 6074 6073 6970
f 6073 6072 6970
f 6970 6072 6978
f 6072 6071 6978
f 6978 6071 4844
f 4844 6907 6978
f 6907 6898 6978
f 6978 6898 6897
f 6959 6964 6957
f 6964 6965 6957
f 6957 6965 6979
f 6965 6966 6979
f 6979 6966 6980
f 6966 6968 6980
f 6980 6968 6981
f 6968 6967 6981
f 6981 6967 6982
f 6967 6969 6982
f 6982 6969 6983
f 6969 6970 6983
f 6983 6970 6984
f 6970 6978 6984
f 6984 6978 6985
f 6978 6897 6985
f 6985 6897 6896
f 6954 6957 6955
f 6957 6979 6955
f 6955 6979 6986
f 6979 6980 6986
f 6986 6980 6987
f 6980 6981 6987
f 6987 6981 6988
f 6981 6982 6988
f 6988 6982 6989
f 6982 6983 6989
f 6989 6983 6990
f 6983 6984 6990
f 6990 6984 6991
f 6984 6985 6991
f 6991 6985 6992
f 6985 6896 6992
f 6992 6896 6895
f 6953 6955 6960
f 6955 6986 6960
f 6960 6986 6993
f 6986 6987 6993
f 6993 6987 6994
f 6987 6988 6994
f 6994 6988 6995
f 6988 6989 6995
f 6995 6989 6996
f 6989 6990 6996
f 6996 6990 6997
f 6990 6991 6997
f 6997 6991 6998
f 6991 6992 6998
f 6998 6992 6949
f 6992 6895 6949
f 6949 6895 6894
f 6951 6960 6952
f 6960 6993 6952
f 6952 6993 6999
f 6993 6994 6999
f 6999 6994 7000
f 6994 6995 7000
f 7000 6995 7001
f 6995 6996 7001
f 7001 6996 7002
f 6996 6997 7002
f 7002 6997 7003
f 6997 6998 7003
f 7003 6998 7004
f 6998 6949 7004
f 7004 6949 7005
f 6949 6893 7005
f 7005 6893 6892
f 6950 6952 6962
f 6952 6999 6962
f 6962 6999 6971
f 6999 7000 6971
f 6971 7000 6972
f 7000 7001 6972
f 6972 7001 6973
f 7001 7002 6973
f 6973 7002 6975
f 7002 7003 6975
f 6975 7003 6976
f 7003 7004 6976
f 6976 7004 6977
f 7004 7005 6977
f 6977 7005 6948
f 7005 6892 6948
f 6948 6892 6891
f 687 6977 7006
f 6977 6948 7006
f 7006 6948 690
f 6948 6890 690
f 690 6890 6888
f 6913 4846 5998
f 6916 6913 7007
f 6923 6916 7008
f 6926 6923 7009
f 6928 6926 7010
f 6910 6935 7011
f 6942 6910 7012
f 6911 6942 7013
f 147 6911 7014
f 6913 5998 7007
f 5998 5997 7007
f 7007 5997 7015
f 5997 7016 7015
f 7015 7016 7017
f 7016 6004 7017
f 6004 6002 7017
f 7017 6002 7018
f 6002 7019 7018
f 7018 7019 7020
f 7019 6008 7020
f 6008 7021 7020
f 7020 7021 7022
f 7021 6011 7022
f 6011 7023 7022
f 7022 7023 7024
f 6910 7011 7012
f 7011 7025 7012
f 7012 7025 7026
f 7025 7027 7026
f 7026 7027 7028
f 7027 7029 7028
f 7028 7029 7030
f 7029 7031 7030
f 7030 7031 7032
f 7031 7033 7032
f 7032 7033 7034
f 7033 7035 7034
f 7034 7035 7036
f 7035 7037 7036
f 7036 7037 7038
f 6942 7012 7013
f 7012 7026 7013
f 7013 7026 7039
f 7026 7028 7039
f 7039 7028 7040
f 7028 7030 7040
f 7040 7030 7041
f 7030 7032 7041
f 7041 7032 7042
f 7032 7034 7042
f 7042 7034 7043
f 7034 7036 7043
f 7043 7036 7044
f 7036 7038 7044
f 7044 7038 7045
f 7023 6014 7024
f 6014 6016 7024
f 7024 6016 7046
f 6016 6017 7046
f 7047 7046 7048
f 7046 6017 7048
f 7048 6017 4832
f 6916 7007 7008
f 7007 7015 7008
f 7008 7015 7049
f 7015 7017 7049
f 7049 7017 7050
f 7017 7018 7050
f 7050 7018 7051
f 7018 7020 7051
f 7051 7020 7052
f 7020 7022 7052
f 7052 7022 7053
f 7022 7024 7053
f 7053 7024 7054
f 7024 7046 7054
f 7054 7046 7055
f 7046 7047 7055
f 7055 7047 7056
f 6923 7008 7009
f 7008 7049 7009
f 7009 7049 7057
f 7049 7050 7057
f 7057 7050 7058
f 7050 7051 7058
f 7058 7051 7059
f 7051 7052 7059
f 7059 7052 7060
f 7052 7053 7060
f 7060 7053 7061
f 7053 7054 7061
f 7061 7054 7062
f 7054 7055 7062
f 7062 7055 7063
f 7055 7056 7063
f 7063 7056 7064
f 6926 7009 7010
f 7009 7057 7010
f 7010 7057 7065
f 7057 7058 7065
f 7065 7058 7066
f 7058 7059 7066
f 7066 7059 7067
f 7059 7060 7067
f 7067 7060 7068
f 7060 7061 7068
f 7068 7061 7069
f 7061 7062 7069
f 7069 7062 7070
f 7062 7063 7070
f 7070 7063 7071
f 7063 7064 7071
f 7071 7064 7072
f 6928 7010 7073
f 7010 7065 7073
f 7073 7065 7074
f 7065 7066 7074
f 7074 7066 7075
f 7066 7067 7075
f 7075 7067 7076
f 7067 7068 7076
f 7076 7068 7077
f 7068 7069 7077
f 7077 7069 7078
f 7069 7070 7078
f 7078 7070 7079
f 7070 7071 7079
f 7079 7071 7080
f 7071 7072 7080
f 7080 7072 7081
f 7081 7037 7080
f 7037 7035 7080
f 7080 7035 7079
f 7035 7033 7079
f 7079 7033 7078
f 7033 7031 7078
f 7078 7031 7077
f 7031 7029 7077
f 7077 7029 7076
f 7029 7027 7076
f 7076 7027 7075
f 7027 7025 7075
f 7075 7025 7074
f 7025 7011 7074
f 7074 7011 7073
f 7011 6935 7073
f 7073 6935 6928
f 7081 7082 7037
f 7082 7083 7037
f 7037 7083 7038
f 7083 7084 7038
f 7038 7084 7045
f 7084 7085 7045
f 7045 7085 7086
f 6911 7013 7014
f 7013 7039 7014
f 7014 7039 7087
f 7039 7040 7087
f 7087 7040 7088
f 7040 7041 7088
f 7088 7041 7089
f 7041 7042 7089
f 7089 7042 7090
f 7042 7043 7090
f 7090 7043 7091
f 7043 7044 7091
f 7091 7044 7092
f 7044 7045 7092
f 7092 7045 7093
f 7045 7086 7093
f 7093 7086 7094
f 147 7014 148
f 7014 7087 148
f 148 7087 149
f 7087 7088 149
f 149 7088 151
f 7088 7089 151
f 151 7089 152
f 7089 7090 152
f 152 7090 153
f 7090 7091 153
f 153 7091 155
f 7091 7092 155
f 155 7092 156
f 7092 7093 156
f 156 7093 157
f 7093 7094 157
f 157 7094 158
f 309 308 7095
f 695 694 6963
f 694 7096 6963
f 6963 7096 6950
f 6950 7096 6951
f 7096 7097 6951
f 6951 7097 6961
f 7097 7098 6961
f 6961 7098 6953
f 6953 7098 6954
f 7098 7099 6954
f 6954 7099 6958
f 6958 7099 6959
f 7099 7100 6959
f 6959 7100 6956
f 7100 4869 6956
f 6956 4869 4871
f 4867 4869 7101
f 4869 7100 7101
f 7101 7100 7102
f 7100 7099 7102
f 7102 7099 7103
f 7099 7098 7103
f 7103 7098 7104
f 7098 7097 7104
f 7104 7097 7095
f 7097 7096 7095
f 7095 7096 309
f 7096 694 309
f 7105 4834 4835
f 7106 7107 7108
f 7109 7110 7111
f 7112 161 159
f 7111 7110 7113
f 7108 7107 7114
f 158 7094 159
f 7094 7109 159
f 159 7109 7112
f 7109 7111 7112
f 7094 7086 7109
f 7086 7085 7109
f 7109 7085 7110
f 7085 7084 7110
f 7110 7084 7083
f 7083 7082 7110
f 7082 7106 7110
f 7110 7106 7113
f 7106 7108 7113
f 7064 7107 7072
f 7107 7106 7072
f 7072 7106 7081
f 7106 7082 7081
f 7064 7056 7107
f 7056 7105 7107
f 7107 7105 7114
f 7105 4835 7114
f 4832 4834 7048
f 4834 7105 7048
f 7048 7105 7047
f 7105 7056 7047
f 5959 5961 7115
f 7116 5957 7117
f 7118 4804 5942
f 7119 7120 7121
f 7122 7119 7123
f 7124 7122 7125
f 7120 7118 7126
f 7118 5942 7126
f 7126 5942 7127
f 5942 5944 7127
f 5944 5946 7127
f 5946 5948 7127
f 7127 5948 7128
f 5948 5949 7128
f 7128 5949 5940
f 5939 7129 5940
f 7129 7130 5940
f 5940 7130 7128
f 5939 5952 7129
f 5952 5953 7129
f 7129 5953 7131
f 7120 7126 7121
f 7126 7127 7121
f 7121 7127 7132
f 7127 7128 7132
f 7132 7128 7133
f 7128 7130 7133
f 7133 7130 7134
f 7130 7129 7134
f 7134 7129 7135
f 7129 7131 7135
f 7135 7131 7136
f 7119 7121 7123
f 7121 7132 7123
f 7123 7132 7137
f 7132 7133 7137
f 7137 7133 7138
f 7133 7134 7138
f 7138 7134 7139
f 7134 7135 7139
f 7139 7135 7140
f 7135 7136 7140
f 7140 7136 7141
f 7122 7123 7125
f 7123 7137 7125
f 7125 7137 7142
f 7137 7138 7142
f 7142 7138 7143
f 7138 7139 7143
f 7143 7139 7144
f 7139 7140 7144
f 7144 7140 7145
f 7140 7141 7145
f 7145 7141 7146
f 7124 7125 7147
f 7125 7142 7147
f 7147 7142 7148
f 7142 7143 7148
f 7148 7143 7149
f 7143 7144 7149
f 7149 7144 7150
f 7144 7145 7150
f 7150 7145 7151
f 7145 7146 7151
f 7151 7146 7152
f 7153 715 7152
f 715 714 7152
f 7152 714 7151
f 714 709 7151
f 7151 709 7150
f 709 708 7150
f 7150 708 7149
f 708 710 7149
f 7149 710 7148
f 710 711 7148
f 7148 711 7147
f 711 713 7147
f 7147 713 7124
f 706 7153 7154
f 7153 7152 7154
f 7154 7152 7155
f 7152 7146 7155
f 7155 7146 7156
f 7146 7141 7156
f 7156 7141 7157
f 7141 7136 7157
f 7157 7136 7117
f 7136 7131 7117
f 7117 7131 7116
f 7131 5953 7116
f 707 706 7158
f 706 7154 7158
f 7158 7154 7159
f 7154 7155 7159
f 7159 7155 7160
f 7155 7156 7160
f 7160 7156 7161
f 7156 7157 7161
f 7161 7157 7115
f 7157 7117 7115
f 7115 7117 5959
f 7117 5957 5959
f 308 707 7095
f 707 7158 7095
f 7095 7158 7104
f 7158 7159 7104
f 7104 7159 7103
f 7159 7160 7103
f 7103 7160 7102
f 7160 7161 7102
f 7102 7161 7101
f 7161 7115 7101
f 7101 7115 4867
f 7115 5961 4867
f 4831 4830 7162
f 4830 7163 7162
f 7162 7163 7164
f 7163 7165 7164
f 7164 7165 7166
f 7165 7167 7166
f 7166 7167 7168
f 7167 7169 7168
f 7168 7169 7170
f 7169 7171 7170
f 7170 7171 3506
f 7171 3503 3506
f 4835 4831 7114
f 4831 7162 7114
f 7114 7162 7108
f 7162 7164 7108
f 7108 7164 7113
f 7164 7166 7113
f 7113 7166 7111
f 7166 7168 7111
f 7111 7168 7112
f 7168 7170 7112
f 7112 7170 161
f 7170 3506 161
f 7172 7173 7174
f 7173 4815 7174
f 7175 7176 7172
f 7177 7178 7176
f 7179 7180 7181
f 7180 7178 7181
f 7182 7183 7179
f 713 760 7124
f 760 7184 7124
f 7124 7184 7185
f 7184 7186 7185
f 7185 7186 305
f 305 716 7185
f 716 7187 7185
f 7185 7187 7188
f 7187 719 7188
f 719 7189 7188
f 7188 7189 7190
f 7189 304 7190
f 304 721 7190
f 7190 721 7191
f 721 300 7191
f 300 299 7191
f 7191 299 7192
f 299 7193 7192
f 7193 296 7192
f 7192 296 7194
f 296 7195 7194
f 7194 7195 727
f 727 729 7194
f 729 730 7194
f 7194 730 7196
f 730 7197 7196
f 7196 7197 7198
f 740 7183 741
f 7183 7182 741
f 741 7182 7199
f 7182 7200 7199
f 7199 7200 732
f 7200 7201 732
f 732 7201 734
f 7201 7198 734
f 734 7198 735
f 7198 7197 735
f 7179 7181 7182
f 7181 7202 7182
f 7182 7202 7200
f 7202 7203 7200
f 7200 7203 7201
f 7203 7204 7201
f 7201 7204 7198
f 7204 7205 7198
f 7198 7205 7196
f 7205 7206 7196
f 7196 7206 7194
f 7206 7207 7194
f 7194 7207 7192
f 7207 7208 7192
f 7192 7208 7191
f 7208 7209 7191
f 7191 7209 7190
f 7209 7210 7190
f 7190 7210 7188
f 7210 7211 7188
f 7188 7211 7185
f 7211 7122 7185
f 7185 7122 7124
f 7178 7177 7181
f 7177 7212 7181
f 7181 7212 7202
f 7212 7213 7202
f 7202 7213 7203
f 7213 7214 7203
f 7203 7214 7204
f 7214 7215 7204
f 7204 7215 7205
f 7215 7216 7205
f 7205 7216 7206
f 7216 7217 7206
f 7206 7217 7207
f 7217 7218 7207
f 7207 7218 7208
f 7218 7219 7208
f 7208 7219 7209
f 7219 7220 7209
f 7209 7220 7210
f 7220 7221 7210
f 7210 7221 7211
f 7221 7119 7211
f 7211 7119 7122
f 7176 7175 7177
f 7175 7222 7177
f 7177 7222 7212
f 7222 7223 7212
f 7212 7223 7213
f 7223 7224 7213
f 7213 7224 7214
f 7224 7225 7214
f 7214 7225 7215
f 7225 7226 7215
f 7215 7226 7216
f 7226 7227 7216
f 7216 7227 7217
f 7227 7228 7217
f 7217 7228 7218
f 7228 7229 7218
f 7218 7229 7219
f 7229 7230 7219
f 7219 7230 7220
f 7230 7231 7220
f 7220 7231 7221
f 7231 7120 7221
f 7221 7120 7119
f 7172 7174 7175
f 7174 7232 7175
f 7175 7232 7222
f 7232 7233 7222
f 7222 7233 7223
f 7233 7234 7223
f 7223 7234 7224
f 7234 7235 7224
f 7224 7235 7225
f 7235 7236 7225
f 7225 7236 7226
f 7236 7237 7226
f 7226 7237 7227
f 7237 7238 7227
f 7227 7238 7228
f 7238 7239 7228
f 7228 7239 7229
f 7239 7240 7229
f 7229 7240 7230
f 7240 7241 7230
f 7230 7241 7231
f 7241 7118 7231
f 7231 7118 7120
f 4815 4828 7174
f 4828 4827 7174
f 7174 4827 7232
f 4827 4826 7232
f 7232 4826 7233
f 4826 4825 7233
f 7233 4825 7234
f 4825 4824 7234
f 7234 4824 7235
f 4824 4823 7235
f 7235 4823 7236
f 4823 4822 7236
f 7236 4822 7237
f 4822 4821 7237
f 7237 4821 7238
f 4821 4820 7238
f 7238 4820 7239
f 4820 4819 7239
f 7239 4819 7240
f 4819 4816 7240
f 7240 4816 7241
f 4816 4804 7241
f 7241 4804 7118
f 3504 3503 7242
f 3503 7171 7242
f 7242 7171 7243
f 7171 7169 7243
f 7243 7169 7244
f 7169 7167 7244
f 7244 7167 7245
f 7167 7165 7245
f 7245 7165 7246
f 7165 7163 7246
f 7246 7163 5911
f 7163 4830 5911
f 108 3504 7247
f 3504 7242 7247
f 7247 7242 7248
f 7242 7243 7248
f 7248 7243 7249
f 7243 7244 7249
f 7249 7244 7250
f 7244 7245 7250
f 7250 7245 7251
f 7245 7246 7251
f 7251 7246 5915
f 7246 5911 5915
f 7173 7172 7252
f 7253 7254 7255
f 7256 4807 4809
f 7257 7258 7259
f 7258 7256 7259
f 7254 7260 7255
f 7260 7261 7255
f 7255 7261 7262
f 7263 7264 7265
f 7264 7266 7265
f 7265 7266 7253
f 7267 7268 7269
f 7268 7263 7269
f 1784 7270 1781
f 7270 7271 1781
f 7272 1781 7269
f 1781 7271 7269
f 7269 7271 7267
f 7273 7274 7272
f 7274 1780 7272
f 7272 1780 1781
f 7275 1776 7276
f 1776 7277 7276
f 7276 7277 7273
f 7277 1773 7273
f 7273 1773 7274
f 7278 7279 7275
f 7279 1777 7275
f 7275 1777 1776
f 7280 1767 7281
f 1767 7282 7281
f 7281 7282 7278
f 7282 1770 7278
f 7278 1770 7279
f 7283 7284 7280
f 7284 1762 7280
f 7280 1762 1767
f 7285 7286 7283
f 7286 1765 7283
f 7283 1765 7284
f 7287 1757 7288
f 1757 1761 7288
f 7288 1761 7285
f 1761 1760 7285
f 7285 1760 7286
f 7289 7290 7287
f 7290 1758 7287
f 7287 1758 1757
f 7253 7255 7265
f 7255 7291 7265
f 7265 7291 7292
f 7291 7293 7292
f 7292 7293 7294
f 7293 7295 7294
f 7294 7295 7296
f 7295 7297 7296
f 7296 7297 7298
f 7297 7299 7298
f 7298 7299 7300
f 7299 7301 7300
f 7300 7301 7302
f 7301 7303 7302
f 7302 7303 7304
f 7303 7305 7304
f 7304 7305 7306
f 7305 7307 7306
f 7306 7307 7308
f 7307 7309 7308
f 7308 7309 7310
f 7309 7311 7310
f 7310 7311 7312
f 7311 7313 7312
f 7312 7313 7314
f 7313 7315 7314
f 7314 7315 7316
f 7315 7317 7316
f 7316 7317 7318
f 7263 7265 7269
f 7265 7292 7269
f 7269 7292 7272
f 7292 7294 7272
f 7272 7294 7273
f 7294 7296 7273
f 7273 7296 7276
f 7296 7298 7276
f 7276 7298 7275
f 7298 7300 7275
f 7275 7300 7278
f 7300 7302 7278
f 7278 7302 7281
f 7302 7304 7281
f 7281 7304 7280
f 7304 7306 7280
f 7280 7306 7283
f 7306 7308 7283
f 7283 7308 7285
f 7308 7310 7285
f 7285 7310 7288
f 7310 7312 7288
f 7288 7312 7287
f 7312 7314 7287
f 7287 7314 7289
f 7314 7316 7289
f 7289 7316 7319
f 7316 7318 7319
f 7319 7318 7320
f 1753 1752 7320
f 1752 1750 7320
f 7320 1750 7319
f 1750 7321 7319
f 7319 7321 7289
f 7321 1747 7289
f 7289 1747 7290
f 7256 4809 7259
f 4809 4810 7259
f 7259 4810 7322
f 4810 4800 7322
f 7322 4800 7323
f 4800 4799 7323
f 7323 4799 7324
f 4799 4803 7324
f 7324 4803 7325
f 4803 4802 7325
f 7325 4802 7326
f 4802 4801 7326
f 7326 4801 7327
f 4801 4806 7327
f 7327 4806 7328
f 4806 4805 7328
f 7328 4805 7329
f 4805 4813 7329
f 7329 4813 7330
f 4813 4812 7330
f 7330 4812 7331
f 4812 4811 7331
f 7331 4811 7332
f 4811 4818 7332
f 7332 4818 7333
f 4818 4817 7333
f 7333 4817 7334
f 4817 4814 7334
f 7334 4814 7252
f 4814 4815 7252
f 7252 4815 7173
f 7172 7317 7252
f 7317 7315 7252
f 7252 7315 7334
f 7315 7313 7334
f 7334 7313 7333
f 7313 7311 7333
f 7333 7311 7332
f 7311 7309 7332
f 7332 7309 7331
f 7309 7307 7331
f 7331 7307 7330
f 7307 7305 7330
f 7330 7305 7329
f 7305 7303 7329
f 7329 7303 7328
f 7303 7301 7328
f 7328 7301 7327
f 7301 7299 7327
f 7327 7299 7326
f 7299 7297 7326
f 7326 7297 7325
f 7297 7295 7325
f 7325 7295 7324
f 7295 7293 7324
f 7324 7293 7323
f 7293 7291 7323
f 7323 7291 7322
f 7291 7255 7322
f 7322 7255 7259
f 7255 7262 7259
f 7259 7262 7257
f 7172 7176 7317
f 7176 7178 7317
f 7317 7178 7318
f 7178 7180 7318
f 7318 7180 7320
f 7180 7179 7320
f 7320 7179 1753
f 7179 7183 1753
f 1753 7183 740
f 5915 7335 7251
f 7335 7336 7251
f 7251 7336 7250
f 7248 7249 7337
f 7247 7248 7338
f 108 7247 7339
f 7335 5920 7336
f 5920 5928 7336
f 7336 5928 7340
f 5928 7341 7340
f 7340 7341 7342
f 7341 5925 7342
f 5925 5923 7342
f 7342 5923 7343
f 5923 7344 7343
f 7343 7344 7345
f 7344 5929 7345
f 5929 5931 7345
f 7345 5931 7346
f 7250 7336 7347
f 7336 7340 7347
f 7347 7340 7348
f 7340 7342 7348
f 7348 7342 7349
f 7342 7343 7349
f 7349 7343 7350
f 7343 7345 7350
f 7350 7345 7351
f 7345 7346 7351
f 7351 7346 7352
f 7346 7353 7352
f 7352 7353 7354
f 7353 7355 7354
f 7354 7355 7356
f 7248 7337 7338
f 7337 7357 7338
f 7338 7357 7358
f 7357 7359 7358
f 7358 7359 7360
f 7359 7361 7360
f 7360 7361 7362
f 7361 7363 7362
f 7362 7363 7364
f 7363 7365 7364
f 7364 7365 7366
f 7365 7367 7366
f 7366 7367 7368
f 7367 7369 7368
f 7368 7369 7370
f 5931 5933 7346
f 5933 5935 7346
f 7346 5935 7353
f 5935 5938 7353
f 7353 5938 7355
f 5938 5937 7355
f 7355 5937 4808
f 4808 7371 7355
f 7371 7372 7355
f 7355 7372 7356
f 7372 7373 7356
f 7356 7373 7374
f 7374 7369 7356
f 7369 7367 7356
f 7356 7367 7354
f 7367 7365 7354
f 7354 7365 7352
f 7365 7363 7352
f 7352 7363 7351
f 7363 7361 7351
f 7351 7361 7350
f 7361 7359 7350
f 7350 7359 7349
f 7359 7357 7349
f 7349 7357 7348
f 7357 7337 7348
f 7348 7337 7347
f 7337 7249 7347
f 7347 7249 7250
f 7374 7375 7369
f 7375 7376 7369
f 7369 7376 7370
f 7376 7377 7370
f 7370 7377 7378
f 7247 7338 7339
f 7338 7358 7339
f 7339 7358 7379
f 7358 7360 7379
f 7379 7360 7380
f 7360 7362 7380
f 7380 7362 7381
f 7362 7364 7381
f 7381 7364 7382
f 7364 7366 7382
f 7382 7366 7383
f 7366 7368 7383
f 7383 7368 7384
f 7368 7370 7384
f 7384 7370 7385
f 7370 7378 7385
f 7385 7378 7386
f 108 7339 107
f 7339 7379 107
f 107 7379 105
f 7379 7380 105
f 105 7380 109
f 7380 7381 109
f 109 7381 110
f 7381 7382 110
f 110 7382 111
f 7382 7383 111
f 111 7383 102
f 7383 7384 102
f 102 7384 103
f 7384 7385 103
f 103 7385 112
f 7385 7386 112
f 112 7386 113
f 115 113 7387
f 113 7386 7387
f 7376 7388 7377
f 7388 7389 7377
f 7377 7389 7378
f 7389 7390 7378
f 7378 7390 7386
f 7390 7391 7386
f 7386 7391 7387
f 7374 7392 7375
f 7392 7393 7375
f 7375 7393 7376
f 7393 7394 7376
f 7376 7394 7388
f 7395 7396 7373
f 7396 7397 7373
f 7397 7398 7373
f 7373 7398 7374
f 7398 7399 7374
f 7374 7399 7392
f 7373 7372 7395
f 7372 7371 7395
f 7395 7371 7400
f 7371 4808 7400
f 7400 4808 4807
f 7401 1787 1789
f 7402 7403 7404
f 7403 7405 7404
f 7406 7407 7402
f 7408 7409 7406
f 7409 7410 7406
f 7406 7410 7407
f 7411 7412 7413
f 7412 7414 7413
f 7413 7414 7408
f 7415 7416 7411
f 7417 7418 7415
f 7418 7419 7415
f 7419 7420 7415
f 7415 7420 7416
f 7421 7422 7423
f 7422 7424 7423
f 7424 7425 7423
f 7423 7425 7417
f 7426 7427 7428
f 7427 7429 7428
f 7428 7429 7421
f 4769 7430 7431
f 7430 7432 7431
f 7431 7432 7426
f 7405 7401 7404
f 7401 1789 7404
f 7404 1789 7433
f 1789 7434 7433
f 7435 7436 7437
f 1790 1791 7433
f 1791 1786 7433
f 7433 1786 7438
f 1786 7439 7438
f 7438 7439 7437
f 7439 1792 7437
f 7437 1792 7435
f 7440 7441 7442
f 7435 1796 7436
f 1796 1795 7436
f 7436 1795 7443
f 1795 1794 7443
f 7443 1794 7444
f 1794 7445 7444
f 7444 7445 7442
f 7445 1799 7442
f 7442 1799 7440
f 7440 1797 7441
f 1797 1801 7441
f 7441 1801 7446
f 1801 7447 7446
f 7446 7447 7448
f 1809 7449 7450
f 7447 1803 7448
f 1803 7451 7448
f 7448 7451 7450
f 7451 1805 7450
f 7450 1805 1809
f 744 7452 7453
f 7452 7454 7453
f 7453 7454 1807
f 7454 7449 1807
f 1807 7449 1808
f 7449 1809 1808
f 7402 7404 7406
f 7404 7433 7406
f 7406 7433 7455
f 7433 7438 7455
f 7455 7438 7456
f 7438 7437 7456
f 7456 7437 7457
f 7437 7436 7457
f 7457 7436 7458
f 7436 7443 7458
f 7458 7443 7459
f 7443 7444 7459
f 7459 7444 7460
f 7444 7442 7460
f 7460 7442 7461
f 7442 7441 7461
f 7461 7441 7462
f 7441 7446 7462
f 7462 7446 7463
f 7446 7448 7463
f 7463 7448 7464
f 7448 7450 7464
f 7464 7450 7465
f 7450 7449 7465
f 7465 7449 7466
f 7449 7454 7466
f 7466 7454 7467
f 7454 7452 7467
f 7467 7452 7468
f 7408 7406 7413
f 7406 7455 7413
f 7413 7455 7469
f 7455 7456 7469
f 7469 7456 7470
f 7456 7457 7470
f 7470 7457 7471
f 7457 7458 7471
f 7471 7458 7472
f 7458 7459 7472
f 7472 7459 7473
f 7459 7460 7473
f 7473 7460 7474
f 7460 7461 7474
f 7474 7461 7475
f 7461 7462 7475
f 7475 7462 7476
f 7462 7463 7476
f 7476 7463 7477
f 7463 7464 7477
f 7477 7464 7478
f 7464 7465 7478
f 7478 7465 7479
f 7465 7466 7479
f 7479 7466 7480
f 7466 7467 7480
f 7480 7467 7481
f 7467 7468 7481
f 7481 7468 7482
f 7411 7413 7415
f 7413 7469 7415
f 7415 7469 7483
f 7469 7470 7483
f 7483 7470 7484
f 7470 7471 7484
f 7484 7471 7485
f 7471 7472 7485
f 7485 7472 7486
f 7472 7473 7486
f 7486 7473 7487
f 7473 7474 7487
f 7487 7474 7488
f 7474 7475 7488
f 7488 7475 7489
f 7475 7476 7489
f 7489 7476 7490
f 7476 7477 7490
f 7490 7477 7491
f 7477 7478 7491
f 7491 7478 7492
f 7478 7479 7492
f 7492 7479 7493
f 7479 7480 7493
f 7493 7480 7494
f 7480 7481 7494
f 7494 7481 7495
f 7481 7482 7495
f 7495 7482 7496
f 7417 7415 7423
f 7415 7483 7423
f 7423 7483 7497
f 7483 7484 7497
f 7497 7484 7498
f 7484 7485 7498
f 7498 7485 7499
f 7485 7486 7499
f 7499 7486 7500
f 7486 7487 7500
f 7500 7487 7501
f 7487 7488 7501
f 7501 7488 7502
f 7488 7489 7502
f 7502 7489 7503
f 7489 7490 7503
f 7503 7490 7504
f 7490 7491 7504
f 7504 7491 7505
f 7491 7492 7505
f 7505 7492 7506
f 7492 7493 7506
f 7506 7493 7507
f 7493 7494 7507
f 7507 7494 7508
f 7494 7495 7508
f 7508 7495 7509
f 7495 7496 7509
f 7509 7496 7510
f 7421 7423 7428
f 7423 7497 7428
f 7428 7497 7511
f 7497 7498 7511
f 7511 7498 7512
f 7498 7499 7512
f 7512 7499 7513
f 7499 7500 7513
f 7513 7500 7514
f 7500 7501 7514
f 7514 7501 7515
f 7501 7502 7515
f 7515 7502 7516
f 7502 7503 7516
f 7516 7503 7517
f 7503 7504 7517
f 7517 7504 7518
f 7504 7505 7518
f 7518 7505 7519
f 7505 7506 7519
f 7519 7506 7520
f 7506 7507 7520
f 7520 7507 7521
f 7507 7508 7521
f 7521 7508 7522
f 7508 7509 7522
f 7522 7509 7523
f 7509 7510 7523
f 7523 7510 7524
f 7426 7428 7431
f 7428 7511 7431
f 7431 7511 7525
f 7511 7512 7525
f 7525 7512 7526
f 7512 7513 7526
f 7526 7513 7527
f 7513 7514 7527
f 7527 7514 7528
f 7514 7515 7528
f 7528 7515 7529
f 7515 7516 7529
f 7529 7516 7530
f 7516 7517 7530
f 7530 7517 7531
f 7517 7518 7531
f 7531 7518 7532
f 7518 7519 7532
f 7532 7519 7533
f 7519 7520 7533
f 7533 7520 7534
f 7520 7521 7534
f 7534 7521 7535
f 7521 7522 7535
f 7535 7522 7536
f 7522 7523 7536
f 7536 7523 7537
f 7523 7524 7537
f 7537 7524 7538
f 4769 7431 4770
f 7431 7525 4770
f 4770 7525 4763
f 7525 7526 4763
f 4763 7526 4764
f 7526 7527 4764
f 4764 7527 4766
f 7527 7528 4766
f 4766 7528 4767
f 7528 7529 4767
f 4767 7529 4771
f 7529 7530 4771
f 4771 7530 4772
f 7530 7531 4772
f 4772 7531 4774
f 7531 7532 4774
f 4774 7532 4775
f 7532 7533 4775
f 4775 7533 4776
f 7533 7534 4776
f 4776 7534 4777
f 7534 7535 4777
f 4777 7535 4778
f 7535 7536 4778
f 4778 7536 4782
f 7536 7537 4782
f 4782 7537 4783
f 7537 7538 4783
f 4783 7538 4779
f 778 777 7539
f 7540 7468 7452
f 7541 7482 7468
f 7542 7496 7482
f 7543 7510 7496
f 7544 7524 7510
f 7545 7538 7524
f 4786 4779 7538
f 737 7546 739
f 7546 7547 739
f 739 7547 744
f 751 7548 7549
f 7548 7550 7549
f 737 736 7546
f 736 745 7546
f 7546 745 7551
f 745 746 7551
f 7551 746 7552
f 746 7553 7552
f 7552 7553 7550
f 7553 748 7550
f 7550 748 7549
f 751 7554 7548
f 7554 7555 7548
f 7548 7555 7556
f 759 7557 753
f 7557 7558 753
f 753 7558 754
f 7558 7556 754
f 754 7556 755
f 7556 7555 755
f 759 758 7557
f 758 7559 7557
f 7557 7559 7560
f 7559 767 7560
f 7560 767 766
f 7468 7540 7541
f 7540 7561 7541
f 7541 7561 7562
f 7561 7563 7562
f 7562 7563 7564
f 7563 7565 7564
f 7564 7565 7566
f 7565 7567 7566
f 7566 7567 7568
f 7567 7569 7568
f 7568 7569 7570
f 7569 7571 7570
f 7570 7571 7572
f 7571 7573 7572
f 7572 7573 7574
f 7573 7575 7574
f 7574 7575 7576
f 7575 7577 7576
f 7576 7577 7578
f 7482 7541 7542
f 7541 7562 7542
f 7542 7562 7579
f 7562 7564 7579
f 7579 7564 7580
f 7564 7566 7580
f 7580 7566 7581
f 7566 7568 7581
f 7581 7568 7582
f 7568 7570 7582
f 7582 7570 7583
f 7570 7572 7583
f 7583 7572 7584
f 7572 7574 7584
f 7584 7574 7585
f 7574 7576 7585
f 7585 7576 7586
f 7576 7578 7586
f 7586 7578 7587
f 7496 7542 7543
f 7542 7579 7543
f 7543 7579 7588
f 7579 7580 7588
f 7588 7580 7589
f 7580 7581 7589
f 7589 7581 7590
f 7581 7582 7590
f 7590 7582 7591
f 7582 7583 7591
f 7591 7583 7592
f 7583 7584 7592
f 7592 7584 7593
f 7584 7585 7593
f 7593 7585 7594
f 7585 7586 7594
f 7594 7586 7595
f 7586 7587 7595
f 7595 7587 7596
f 7510 7543 7544
f 7543 7588 7544
f 7544 7588 7597
f 7588 7589 7597
f 7597 7589 7598
f 7589 7590 7598
f 7598 7590 7599
f 7590 7591 7599
f 7599 7591 7600
f 7591 7592 7600
f 7600 7592 7601
f 7592 7593 7601
f 7601 7593 7602
f 7593 7594 7602
f 7602 7594 7603
f 7594 7595 7603
f 7603 7595 7604
f 7595 7596 7604
f 7604 7596 7605
f 766 7606 7560
f 7606 7607 7560
f 7560 7607 7539
f 7607 7608 7539
f 7539 7608 778
f 7539 7577 7560
f 7577 7575 7560
f 7560 7575 7557
f 7575 7573 7557
f 7557 7573 7558
f 7573 7571 7558
f 7558 7571 7556
f 7571 7569 7556
f 7556 7569 7548
f 7569 7567 7548
f 7548 7567 7550
f 7567 7565 7550
f 7550 7565 7552
f 7565 7563 7552
f 7552 7563 7551
f 7563 7561 7551
f 7551 7561 7546
f 7561 7540 7546
f 7546 7540 7547
f 7540 7452 7547
f 7547 7452 744
f 7539 7609 7577
f 7609 7610 7577
f 7577 7610 7578
f 7610 7611 7578
f 7578 7611 7587
f 7611 7612 7587
f 7587 7612 7596
f 7612 7613 7596
f 7596 7613 7605
f 7613 7614 7605
f 7605 7614 7615
f 7524 7544 7545
f 7544 7597 7545
f 7545 7597 7616
f 7597 7598 7616
f 7616 7598 7617
f 7598 7599 7617
f 7617 7599 7618
f 7599 7600 7618
f 7618 7600 7619
f 7600 7601 7619
f 7619 7601 7620
f 7601 7602 7620
f 7620 7602 7621
f 7602 7603 7621
f 7621 7603 7622
f 7603 7604 7622
f 7622 7604 7623
f 7604 7605 7623
f 7623 7605 7624
f 7605 7615 7624
f 7624 7615 7625
f 7538 7545 4786
f 7545 7616 4786
f 4786 7616 4784
f 7616 7617 4784
f 4784 7617 4789
f 7617 7618 4789
f 4789 7618 4790
f 7618 7619 4790
f 4790 7619 4791
f 7619 7620 4791
f 4791 7620 4785
f 7620 7621 4785
f 4785 7621 4787
f 7621 7622 4787
f 4787 7622 4788
f 7622 7623 4788
f 4788 7623 4781
f 7623 7624 4781
f 4781 7624 4780
f 7624 7625 4780
f 4780 7625 4773
f 119 118 7626
f 7627 7628 7629
f 4769 4768 7630
f 4768 7627 7630
f 7630 7627 7631
f 7627 7629 7631
f 7628 7627 7632
f 7627 7633 7632
f 7632 7633 7634
f 7635 7636 7637
f 7636 7638 7637
f 7637 7638 7633
f 7638 7639 7633
f 7633 7639 7634
f 7640 7641 7642
f 7641 7643 7642
f 7642 7643 7637
f 7643 7644 7637
f 7637 7644 7635
f 7640 7642 7645
f 7642 7646 7645
f 7645 7646 7647
f 7648 7649 7650
f 7649 7651 7650
f 7650 7651 7646
f 7651 7652 7646
f 7646 7652 7647
f 119 7626 7653
f 7626 7654 7653
f 7653 7654 7655
f 7655 7656 7653
f 7656 7657 7653
f 7653 7657 7650
f 7657 7658 7650
f 7650 7658 7648
f 7539 777 776
f 7612 7611 7659
f 7660 7661 7662
f 7663 7664 7665
f 7666 4797 6186
f 7667 7668 7669
f 7668 7667 7664
f 7670 7671 7663
f 7671 7670 7661
f 7672 7673 7660
f 7673 7672 769
f 7669 7666 7674
f 7666 6186 7674
f 7674 6186 7675
f 6186 6192 7675
f 6192 6191 7675
f 6191 6189 7675
f 7675 6189 7676
f 6189 6196 7676
f 7676 6196 6194
f 6193 7677 6194
f 7677 7678 6194
f 6194 7678 7676
f 6193 6201 7677
f 6201 6197 7677
f 7677 6197 7679
f 6197 6184 7679
f 7679 6184 7680
f 6180 7681 6181
f 7681 7680 6181
f 6181 7680 6183
f 7680 6184 6183
f 6180 4773 7681
f 4773 7625 7681
f 7681 7625 7615
f 7669 7674 7667
f 7674 7675 7667
f 7667 7675 7682
f 7675 7676 7682
f 7682 7676 7683
f 7676 7678 7683
f 7683 7678 7684
f 7678 7677 7684
f 7684 7677 7685
f 7677 7679 7685
f 7685 7679 7686
f 7679 7680 7686
f 7686 7680 7687
f 7680 7681 7687
f 7687 7681 7688
f 7681 7615 7688
f 7688 7615 7614
f 7664 7667 7665
f 7667 7682 7665
f 7665 7682 7689
f 7682 7683 7689
f 7689 7683 7690
f 7683 7684 7690
f 7690 7684 7691
f 7684 7685 7691
f 7691 7685 7692
f 7685 7686 7692
f 7692 7686 7693
f 7686 7687 7693
f 7693 7687 7694
f 7687 7688 7694
f 7694 7688 7695
f 7688 7614 7695
f 7695 7614 7613
f 7663 7665 7670
f 7665 7689 7670
f 7670 7689 7696
f 7689 7690 7696
f 7696 7690 7697
f 7690 7691 7697
f 7697 7691 7698
f 7691 7692 7698
f 7698 7692 7699
f 7692 7693 7699
f 7699 7693 7700
f 7693 7694 7700
f 7700 7694 7701
f 7694 7695 7701
f 7701 7695 7659
f 7695 7613 7659
f 7659 7613 7612
f 7661 7670 7662
f 7670 7696 7662
f 7662 7696 7702
f 7696 7697 7702
f 7702 7697 7703
f 7697 7698 7703
f 7703 7698 7704
f 7698 7699 7704
f 7704 7699 7705
f 7699 7700 7705
f 7705 7700 7706
f 7700 7701 7706
f 7706 7701 7707
f 7701 7659 7707
f 7707 7659 7708
f 7659 7611 7708
f 7708 7611 7610
f 7660 7662 7672
f 7662 7702 7672
f 7672 7702 7709
f 7702 7703 7709
f 7709 7703 7710
f 7703 7704 7710
f 7710 7704 7711
f 7704 7705 7711
f 7711 7705 7712
f 7705 7706 7712
f 7712 7706 7713
f 7706 7707 7713
f 7713 7707 7714
f 7707 7708 7714
f 7714 7708 7715
f 7708 7610 7715
f 7715 7610 7609
f 769 7672 992
f 7672 7709 992
f 992 7709 772
f 7709 7710 772
f 772 7710 771
f 7710 7711 771
f 771 7711 770
f 7711 7712 770
f 770 7712 773
f 7712 7713 773
f 773 7713 774
f 7713 7714 774
f 774 7714 775
f 7714 7715 775
f 775 7715 776
f 7715 7609 776
f 776 7609 7539
f 7716 7717 7718
f 7627 4768 6243
f 7637 7633 7719
f 7642 7637 7720
f 7646 7642 7721
f 7650 7646 7722
f 7653 7650 7723
f 119 7653 7724
f 7633 7627 7725
f 7627 6243 7725
f 7725 6243 7726
f 6243 6245 7726
f 6245 6244 7726
f 6244 6248 7726
f 7726 6248 7727
f 6248 6247 7727
f 7727 6247 7728
f 6247 6246 7728
f 7728 6246 7729
f 6246 7730 7729
f 6254 7731 7732
f 7731 7733 7732
f 7732 7733 6256
f 7733 7729 6256
f 6256 7729 6249
f 7729 7730 6249
f 6254 6253 7731
f 6253 7734 7731
f 7731 7734 7735
f 7633 7725 7719
f 7725 7726 7719
f 7719 7726 7736
f 7726 7727 7736
f 7736 7727 7737
f 7727 7728 7737
f 7737 7728 7738
f 7728 7729 7738
f 7738 7729 7739
f 7729 7733 7739
f 7739 7733 7740
f 7733 7731 7740
f 7740 7731 7741
f 7731 7735 7741
f 7741 7735 7742
f 7637 7719 7720
f 7719 7736 7720
f 7720 7736 7743
f 7736 7737 7743
f 7743 7737 7744
f 7737 7738 7744
f 7744 7738 7745
f 7738 7739 7745
f 7745 7739 7746
f 7739 7740 7746
f 7746 7740 7747
f 7740 7741 7747
f 7747 7741 7748
f 7741 7742 7748
f 7748 7742 7749
f 7642 7720 7721
f 7720 7743 7721
f 7721 7743 7750
f 7743 7744 7750
f 7750 7744 7751
f 7744 7745 7751
f 7751 7745 7752
f 7745 7746 7752
f 7752 7746 7753
f 7746 7747 7753
f 7753 7747 7754
f 7747 7748 7754
f 7754 7748 7755
f 7748 7749 7755
f 7755 7749 7756
f 7646 7721 7722
f 7721 7750 7722
f 7722 7750 7757
f 7750 7751 7757
f 7757 7751 7758
f 7751 7752 7758
f 7758 7752 7759
f 7752 7753 7759
f 7759 7753 7760
f 7753 7754 7760
f 7760 7754 7761
f 7754 7755 7761
f 7761 7755 7762
f 7755 7756 7762
f 7762 7756 7763
f 7650 7722 7723
f 7722 7757 7723
f 7723 7757 7764
f 7757 7758 7764
f 7764 7758 7765
f 7758 7759 7765
f 7765 7759 7766
f 7759 7760 7766
f 7766 7760 7767
f 7760 7761 7767
f 7767 7761 7768
f 7761 7762 7768
f 7768 7762 7769
f 7762 7763 7769
f 7769 7763 7770
f 7653 7723 7724
f 7723 7764 7724
f 7724 7764 7771
f 7764 7765 7771
f 7771 7765 7772
f 7765 7766 7772
f 7772 7766 7773
f 7766 7767 7773
f 7773 7767 7774
f 7767 7768 7774
f 7774 7768 7775
f 7768 7769 7775
f 7775 7769 7718
f 7769 7770 7718
f 7718 7770 7716
f 119 7724 120
f 7724 7771 120
f 120 7771 121
f 7771 7772 121
f 121 7772 123
f 7772 7773 123
f 123 7773 124
f 7773 7774 124
f 124 7774 125
f 7774 7775 125
f 125 7775 126
f 7775 7718 126
f 126 7718 127
f 7718 7717 127
f 127 7717 128
f 782 781 7776
f 769 768 7673
f 768 7777 7673
f 7673 7777 7660
f 7660 7777 7661
f 7777 7778 7661
f 7661 7778 7671
f 7778 7779 7671
f 7671 7779 7663
f 7663 7779 7664
f 7779 7780 7664
f 7664 7780 7668
f 7668 7780 7669
f 7780 7781 7669
f 7669 7781 7666
f 7781 4795 7666
f 7666 4795 4797
f 4792 4795 7782
f 4795 7781 7782
f 7782 7781 7783
f 7781 7780 7783
f 7783 7780 7784
f 7780 7779 7784
f 7784 7779 7785
f 7779 7778 7785
f 7785 7778 7776
f 7778 7777 7776
f 7776 7777 782
f 7777 768 782
f 4793 4792 7786
f 4792 7782 7786
f 7786 7782 7787
f 7782 7788 7787
f 7787 7788 7789
f 7788 7784 7789
f 7789 7784 7790
f 7784 7785 7790
f 7790 7785 7791
f 7785 7776 7791
f 7791 7776 780
f 7776 781 780
f 6257 7792 6252
f 7792 7734 6252
f 6252 7734 6253
f 7793 7749 7794
f 7749 7742 7794
f 7794 7742 7792
f 7742 7735 7792
f 7792 7735 7734
f 7795 3502 128
f 128 7717 7795
f 7717 7716 7795
f 7795 7716 7796
f 7716 7770 7796
f 7796 7770 7797
f 7770 7763 7797
f 7797 7763 7793
f 7763 7756 7793
f 7793 7756 7749
f 3438 3502 7798
f 3502 7795 7798
f 7798 7795 7799
f 7795 7796 7799
f 7799 7796 7800
f 7796 7797 7800
f 7800 7797 7801
f 7797 7793 7801
f 7801 7793 7802
f 7793 7803 7802
f 7802 7803 7804
f 7803 7792 7804
f 7804 7792 4758
f 7792 6257 4758
f 6116 6133 7805
f 7806 4737 6110
f 7807 7808 7809
f 7810 7807 7811
f 7812 7810 7813
f 7808 7806 7814
f 7806 6110 7814
f 7814 6110 7815
f 6110 6112 7815
f 7816 787 7817
f 787 789 7817
f 7817 789 7812
f 6112 6114 7815
f 6114 6129 7815
f 7815 6129 7818
f 6129 6128 7818
f 7818 6128 7819
f 6128 6126 7819
f 7819 6126 7820
f 6126 6124 7820
f 6124 6122 7820
f 6122 6120 7820
f 7820 6120 7821
f 7808 7814 7809
f 7814 7815 7809
f 7809 7815 7822
f 7815 7818 7822
f 7822 7818 7823
f 7818 7819 7823
f 7823 7819 7824
f 7819 7820 7824
f 7824 7820 7825
f 7820 7821 7825
f 7825 7821 7826
f 7821 7827 7826
f 7826 7827 7828
f 7807 7809 7811
f 7809 7822 7811
f 7811 7822 7829
f 7822 7823 7829
f 7829 7823 7830
f 7823 7824 7830
f 7830 7824 7831
f 7824 7825 7831
f 7831 7825 7832
f 7825 7826 7832
f 7832 7826 7833
f 7826 7828 7833
f 7833 7828 7834
f 7810 7811 7813
f 7811 7829 7813
f 7813 7829 7835
f 7829 7830 7835
f 7835 7830 7836
f 7830 7831 7836
f 7836 7831 7837
f 7831 7832 7837
f 7837 7832 7838
f 7832 7833 7838
f 7838 7833 7839
f 7833 7834 7839
f 7839 7834 7840
f 7812 7813 7817
f 7813 7835 7817
f 7817 7835 7816
f 7835 7836 7816
f 7816 7836 7841
f 7836 7837 7841
f 7841 7837 7842
f 7837 7838 7842
f 7842 7838 7843
f 7838 7839 7843
f 7843 7839 7844
f 7839 7840 7844
f 7844 7840 7845
f 7845 786 7844
f 786 785 7844
f 7844 785 7843
f 785 784 7843
f 7843 784 7842
f 784 783 7842
f 7842 783 7841
f 783 7846 7841
f 7841 7846 7816
f 7846 291 7816
f 7816 291 787
f 6116 7805 6117
f 779 7847 7845
f 7847 294 7845
f 7845 294 786
f 7791 7848 7790
f 7848 7849 7790
f 7790 7849 7789
f 7849 7850 7789
f 7789 7850 7787
f 7850 7851 7787
f 7787 7851 7786
f 7851 7805 7786
f 7786 7805 4793
f 7805 6133 4793
f 6120 6119 7821
f 6119 6117 7821
f 7821 6117 7827
f 6117 7805 7827
f 7827 7805 7828
f 7805 7851 7828
f 7828 7851 7834
f 7851 7850 7834
f 7834 7850 7840
f 7850 7849 7840
f 7840 7849 7845
f 7849 7848 7845
f 7845 7848 779
f 7848 7791 779
f 779 7791 780
f 3439 3438 7798
f 4760 4762 7852
f 4762 7853 7852
f 7852 7853 7854
f 7853 7855 7854
f 7854 7855 7856
f 7855 7857 7856
f 7856 7857 7858
f 7857 7859 7858
f 7858 7859 7860
f 7859 7861 7860
f 7860 7861 7862
f 7861 7863 7862
f 7862 7863 3497
f 7863 3498 3497
f 4758 4760 7804
f 4760 7852 7804
f 7804 7852 7802
f 7852 7854 7802
f 7802 7854 7801
f 7854 7856 7801
f 7801 7856 7800
f 7856 7858 7800
f 7800 7858 7799
f 7858 7860 7799
f 7799 7860 7798
f 7860 7862 7798
f 7798 7862 3439
f 7862 3497 3439
f 7864 7865 4744
f 7866 7867 7865
f 7868 7869 7867
f 7870 7871 7869
f 7872 7873 7871
f 789 790 7812
f 790 289 7812
f 7812 289 7874
f 289 791 7874
f 7874 791 793
f 793 794 7874
f 794 991 7874
f 7874 991 7875
f 991 795 7875
f 795 797 7875
f 7875 797 7876
f 797 799 7876
f 7876 799 7877
f 799 804 7877
f 804 7878 7877
f 7877 7878 7879
f 7878 801 7879
f 801 809 7879
f 7879 809 7880
f 809 808 7880
f 808 806 7880
f 7880 806 7881
f 806 805 7881
f 805 810 7881
f 7881 810 7882
f 810 812 7882
f 7882 812 7883
f 812 814 7883
f 7883 814 7884
f 820 7873 818
f 7873 7872 818
f 818 7872 817
f 7872 7884 817
f 817 7884 815
f 7884 814 815
f 7871 7870 7872
f 7870 7885 7872
f 7872 7885 7884
f 7885 7886 7884
f 7884 7886 7883
f 7886 7887 7883
f 7883 7887 7882
f 7887 7888 7882
f 7882 7888 7881
f 7888 7889 7881
f 7881 7889 7880
f 7889 7890 7880
f 7880 7890 7879
f 7890 7891 7879
f 7879 7891 7877
f 7891 7892 7877
f 7877 7892 7876
f 7892 7893 7876
f 7876 7893 7875
f 7893 7894 7875
f 7875 7894 7874
f 7894 7810 7874
f 7874 7810 7812
f 7869 7868 7870
f 7868 7895 7870
f 7870 7895 7885
f 7895 7896 7885
f 7885 7896 7886
f 7896 7897 7886
f 7886 7897 7887
f 7897 7898 7887
f 7887 7898 7888
f 7898 7899 7888
f 7888 7899 7889
f 7899 7900 7889
f 7889 7900 7890
f 7900 7901 7890
f 7890 7901 7891
f 7901 7902 7891
f 7891 7902 7892
f 7902 7903 7892
f 7892 7903 7893
f 7903 7904 7893
f 7893 7904 7894
f 7904 7807 7894
f 7894 7807 7810
f 7867 7866 7868
f 7866 7905 7868
f 7868 7905 7895
f 7905 7906 7895
f 7895 7906 7896
f 7906 7907 7896
f 7896 7907 7897
f 7907 7908 7897
f 7897 7908 7898
f 7908 7909 7898
f 7898 7909 7899
f 7909 7910 7899
f 7899 7910 7900
f 7910 7911 7900
f 7900 7911 7901
f 7911 7912 7901
f 7901 7912 7902
f 7912 7913 7902
f 7902 7913 7903
f 7913 7914 7903
f 7903 7914 7904
f 7914 7808 7904
f 7904 7808 7807
f 7865 7864 7866
f 7864 7915 7866
f 7866 7915 7905
f 7915 7916 7905
f 7905 7916 7906
f 7916 7917 7906
f 7906 7917 7907
f 7917 7918 7907
f 7907 7918 7908
f 7918 7919 7908
f 7908 7919 7909
f 7919 7920 7909
f 7909 7920 7910
f 7920 7921 7910
f 7910 7921 7911
f 7921 7922 7911
f 7911 7922 7912
f 7922 7923 7912
f 7912 7923 7913
f 7923 7924 7913
f 7913 7924 7914
f 7924 7806 7914
f 7914 7806 7808
f 4744 4757 7864
f 4757 4756 7864
f 7864 4756 7915
f 4756 4755 7915
f 7915 4755 7916
f 4755 4754 7916
f 7916 4754 7917
f 4754 4753 7917
f 7917 4753 7918
f 4753 4752 7918
f 7918 4752 7919
f 4752 4751 7919
f 7919 4751 7920
f 4751 4750 7920
f 7920 4750 7921
f 4750 4749 7921
f 7921 4749 7922
f 4749 4748 7922
f 7922 4748 7923
f 4748 4745 7923
f 7923 4745 7924
f 4745 4737 7924
f 7924 4737 7806
f 6089 6092 7925
f 3500 3498 7926
f 3498 7863 7926
f 7926 7863 7927
f 7863 7861 7927
f 7927 7861 7928
f 7861 7859 7928
f 7928 7859 7929
f 7859 7857 7929
f 7929 7857 7930
f 7857 7855 7930
f 7930 7855 7931
f 7855 7853 7931
f 7931 7853 6084
f 7853 4762 6084
f 6089 7925 6084
f 6084 7925 7931
f 7925 7932 7931
f 7931 7932 7930
f 7932 7933 7930
f 7930 7933 7929
f 7933 7934 7929
f 7934 7935 7929
f 7929 7935 7928
f 7935 7936 7928
f 7928 7936 7927
f 7936 7937 7927
f 7927 7937 7926
f 16 3500 7938
f 3500 7926 7938
f 7938 7926 7939
f 7926 7937 7939
f 1815 1814 7940
f 1821 1822 7941
f 1812 1811 7942
f 1825 1826 7943
f 7944 1829 7945
f 7946 7947 7948
f 7949 7950 7951
f 7952 4733 4735
f 7950 7953 7951
f 7953 7954 7951
f 7951 7954 7952
f 7955 7956 7957
f 7956 7949 7957
f 7947 7958 7948
f 7958 7959 7948
f 7948 7959 7955
f 7960 7961 7962
f 7961 7963 7962
f 7962 7963 7946
f 7964 7965 7966
f 7965 7960 7966
f 1838 1844 7966
f 1844 7967 7966
f 7967 7968 7966
f 7968 7969 7966
f 7966 7969 7964
f 1838 7966 7970
f 7966 7971 7970
f 7970 7971 1841
f 1841 7971 7972
f 7971 7973 7972
f 7972 7973 1836
f 1836 7973 7974
f 7973 7975 7974
f 7974 7975 1833
f 7975 7976 1833
f 1833 7976 1834
f 7952 4735 7951
f 4735 4736 7951
f 7951 4736 7977
f 4736 4730 7977
f 7977 4730 7978
f 4730 4729 7978
f 7978 4729 7979
f 4729 4732 7979
f 7979 4732 7980
f 4732 4739 7980
f 7980 4739 7981
f 7949 7951 7957
f 7951 7977 7957
f 7957 7977 7982
f 7977 7978 7982
f 7982 7978 7983
f 7978 7979 7983
f 7983 7979 7984
f 7979 7980 7984
f 7984 7980 7985
f 7980 7981 7985
f 7985 7981 7986
f 7955 7957 7948
f 7957 7982 7948
f 7948 7982 7987
f 7982 7983 7987
f 7987 7983 7988
f 7983 7984 7988
f 7988 7984 7989
f 7984 7985 7989
f 7989 7985 7990
f 7985 7986 7990
f 7990 7986 7991
f 7946 7948 7962
f 7948 7987 7962
f 7962 7987 7992
f 7987 7988 7992
f 7992 7988 7993
f 7988 7989 7993
f 7993 7989 7994
f 7989 7990 7994
f 7994 7990 7995
f 7990 7991 7995
f 7995 7991 7996
f 7960 7962 7966
f 7962 7992 7966
f 7966 7992 7971
f 7992 7993 7971
f 7971 7993 7973
f 7993 7994 7973
f 7973 7994 7975
f 7994 7995 7975
f 7975 7995 7976
f 7995 7996 7976
f 7976 7996 7945
f 7945 1829 7976
f 1829 7997 7976
f 7976 7997 1834
f 4739 4738 7981
f 4738 7998 7981
f 7981 7998 7986
f 7998 7999 7986
f 7986 7999 7991
f 7999 8000 7991
f 7991 8000 7996
f 8000 8001 7996
f 7996 8001 7945
f 8001 7943 7945
f 7945 7943 7944
f 7943 1826 7944
f 1823 1825 8002
f 1825 7943 8002
f 8002 7943 8003
f 7943 8001 8003
f 8003 8001 8004
f 8001 8000 8004
f 8004 8000 8005
f 8000 7999 8005
f 8005 7999 8006
f 7999 7998 8006
f 8006 7998 4742
f 7998 4738 4742
f 1811 1823 7942
f 1823 8002 7942
f 7942 8002 8007
f 8002 8003 8007
f 8007 8003 8008
f 8003 8004 8008
f 8008 8004 8009
f 8004 8005 8009
f 8009 8005 8010
f 8005 8006 8010
f 8010 8006 4741
f 8006 4742 4741
f 4741 4740 8010
f 4740 8011 8010
f 8010 8011 8009
f 8011 8012 8009
f 8009 8012 8008
f 8012 8013 8008
f 8008 8013 8007
f 8013 8014 8007
f 8007 8014 7942
f 8014 7941 7942
f 7942 7941 1812
f 7941 1822 1812
f 1819 1821 8015
f 1821 7941 8015
f 8015 7941 8016
f 7941 8014 8016
f 8016 8014 8017
f 8014 8013 8017
f 8017 8013 8018
f 8013 8012 8018
f 8018 8012 8019
f 8012 8011 8019
f 8019 8011 4747
f 8011 4740 4747
f 1817 1819 8020
f 1819 8015 8020
f 8020 8015 8021
f 8015 8016 8021
f 8021 8016 8022
f 8016 8017 8022
f 8022 8017 8023
f 8017 8018 8023
f 8023 8018 8024
f 8018 8019 8024
f 8024 8019 4746
f 8019 4747 4746
f 1814 1817 7940
f 1817 8020 7940
f 7940 8020 8025
f 8020 8021 8025
f 8025 8021 8026
f 8021 8022 8026
f 8026 8022 8027
f 8022 8023 8027
f 8027 8023 8028
f 8023 8024 8028
f 8028 8024 4743
f 8024 4746 4743
f 4743 4744 8028
f 4744 7865 8028
f 8028 7865 8027
f 7865 7867 8027
f 8027 7867 8026
f 7867 7869 8026
f 8026 7869 8025
f 7869 7871 8025
f 8025 7871 7940
f 7871 7873 7940
f 7940 7873 1815
f 7873 820 1815
f 4734 8029 8030
f 7938 7939 8031
f 7934 7933 8032
f 7933 7932 8033
f 7932 7925 8033
f 8033 7925 6092
f 7936 7935 8034
f 7935 7934 8034
f 8035 7937 7936
f 7937 8035 7939
f 17 16 7938
f 6092 6094 8033
f 6094 6096 8033
f 8033 6096 6098
f 6101 8036 6098
f 8036 8037 6098
f 6098 8037 8033
f 6101 6100 8036
f 6100 6106 8036
f 8036 6106 8038
f 6106 6105 8038
f 8038 6105 8039
f 6105 6103 8039
f 6103 6109 8039
f 8039 6109 8030
f 6109 6108 8030
f 8030 6108 4734
f 7933 8033 8032
f 8033 8037 8032
f 8032 8037 8040
f 8037 8036 8040
f 8040 8036 8041
f 8036 8038 8041
f 8041 8038 8042
f 8038 8039 8042
f 8042 8039 8043
f 8039 8030 8043
f 8043 8030 8044
f 8030 8029 8044
f 8044 8029 8045
f 7934 8032 8034
f 8032 8040 8034
f 8034 8040 8046
f 8040 8041 8046
f 8046 8041 8047
f 8041 8042 8047
f 8047 8042 8048
f 8042 8043 8048
f 8048 8043 8049
f 8043 8044 8049
f 8049 8044 8050
f 8044 8045 8050
f 8050 8045 8051
f 7936 8034 8035
f 8034 8046 8035
f 8035 8046 8052
f 8046 8047 8052
f 8052 8047 8053
f 8047 8048 8053
f 8053 8048 8054
f 8048 8049 8054
f 8054 8049 8055
f 8049 8050 8055
f 8055 8050 8056
f 8050 8051 8056
f 8056 8051 8057
f 7939 8035 8031
f 8035 8052 8031
f 8031 8052 8058
f 8052 8053 8058
f 8058 8053 8059
f 8053 8054 8059
f 8059 8054 8060
f 8054 8055 8060
f 8060 8055 8061
f 8055 8056 8061
f 8061 8056 8062
f 8056 8057 8062
f 8062 8057 8063
f 7938 8031 17
f 8031 8058 17
f 17 8058 20
f 8058 8059 20
f 20 8059 19
f 8059 8060 19
f 19 8060 18
f 8060 8061 18
f 18 8061 21
f 8061 8062 21
f 21 8062 22
f 8062 8063 22
f 22 8063 23
f 8064 8065 8057
f 25 23 8066
f 23 8063 8066
f 8066 8063 8067
f 8068 8069 8063
f 8069 8070 8063
f 8063 8070 8067
f 8057 8065 8063
f 8065 8071 8063
f 8063 8071 8068
f 8045 8072 8051
f 8072 8073 8051
f 8051 8073 8057
f 8073 8074 8057
f 8057 8074 8064
f 8075 8076 8045
f 8076 8077 8045
f 8045 8077 8072
f 4734 4733 8029
f 4733 8078 8029
f 8078 8079 8029
f 8079 8080 8029
f 8029 8080 8045
f 8080 8081 8045
f 8045 8081 8075
f 8082 8083 8084
f 8085 1846 1845
f 8085 1845 8086
f 8087 8088 8089
f 8088 8090 8089
f 8089 8090 8086
f 8091 8092 8087
f 8093 8094 8091
f 8094 8095 8091
f 8091 8095 8092
f 8083 8096 8093
f 8097 8098 8083
f 8098 8099 8083
f 8083 8099 8096
f 8100 8101 8102
f 4699 8103 8100
f 8103 8104 8100
f 8104 8105 8100
f 8100 8105 8101
f 8086 1845 8089
f 1845 8106 8089
f 8089 8106 8107
f 8108 8109 8110
f 8106 1849 8107
f 1849 8111 8107
f 8107 8111 8110
f 8111 1847 8110
f 8110 1847 8108
f 8108 1852 8109
f 1852 1853 8109
f 8109 1853 8112
f 1853 8113 8112
f 8112 8113 8114
f 8113 1856 8114
f 1856 8115 8114
f 8114 8115 8116
f 8115 1854 8116
f 8116 1854 8117
f 1854 1858 8117
f 1862 8118 8119
f 1858 1859 8117
f 1859 1860 8117
f 8117 1860 8120
f 1860 1864 8120
f 8120 1864 8119
f 1864 1863 8119
f 8119 1863 1862
f 1075 8121 1810
f 8121 8122 1810
f 1810 8122 1866
f 8122 8123 1866
f 1866 8123 1865
f 8123 8118 1865
f 1865 8118 1861
f 8118 1862 1861
f 8087 8089 8091
f 8089 8107 8091
f 8091 8107 8124
f 8107 8110 8124
f 8124 8110 8125
f 8110 8109 8125
f 8125 8109 8126
f 8109 8112 8126
f 8126 8112 8127
f 8112 8114 8127
f 8127 8114 8128
f 8114 8116 8128
f 8128 8116 8129
f 8116 8117 8129
f 8129 8117 8130
f 8117 8120 8130
f 8130 8120 8131
f 8120 8119 8131
f 8131 8119 8132
f 8119 8118 8132
f 8132 8118 8133
f 8118 8123 8133
f 8133 8123 8134
f 8123 8122 8134
f 8134 8122 8135
f 8122 8121 8135
f 8135 8121 8136
f 8093 8091 8083
f 8091 8124 8083
f 8083 8124 8084
f 8124 8125 8084
f 8084 8125 8137
f 8125 8126 8137
f 8137 8126 8138
f 8126 8127 8138
f 8138 8127 8139
f 8127 8128 8139
f 8139 8128 8140
f 8128 8129 8140
f 8140 8129 8141
f 8129 8130 8141
f 8141 8130 8142
f 8130 8131 8142
f 8142 8131 8143
f 8131 8132 8143
f 8143 8132 8144
f 8132 8133 8144
f 8144 8133 8145
f 8133 8134 8145
f 8145 8134 8146
f 8134 8135 8146
f 8146 8135 8147
f 8135 8136 8147
f 8147 8136 8148
f 8082 8084 8149
f 8084 8137 8149
f 8149 8137 8150
f 8137 8138 8150
f 8150 8138 8151
f 8138 8139 8151
f 8151 8139 8152
f 8139 8140 8152
f 8152 8140 8153
f 8140 8141 8153
f 8153 8141 8154
f 8141 8142 8154
f 8154 8142 8155
f 8142 8143 8155
f 8155 8143 8156
f 8143 8144 8156
f 8156 8144 8157
f 8144 8145 8157
f 8157 8145 8158
f 8145 8146 8158
f 8158 8146 8159
f 8146 8147 8159
f 8159 8147 8160
f 8147 8148 8160
f 8160 8148 8161
f 8097 8083 8102
f 8083 8082 8102
f 8102 8082 8100
f 8082 8149 8100
f 8100 8149 8162
f 8149 8150 8162
f 8162 8150 8163
f 8150 8151 8163
f 8163 8151 8164
f 8151 8152 8164
f 8164 8152 8165
f 8152 8153 8165
f 8165 8153 8166
f 8153 8154 8166
f 8166 8154 8167
f 8154 8155 8167
f 8167 8155 8168
f 8155 8156 8168
f 8168 8156 8169
f 8156 8157 8169
f 8169 8157 8170
f 8157 8158 8170
f 8170 8158 8171
f 8158 8159 8171
f 8171 8159 8172
f 8159 8160 8172
f 8172 8160 8173
f 8160 8161 8173
f 8173 8161 8174
f 4699 8100 4700
f 8100 8162 4700
f 4700 8162 4694
f 8162 8163 4694
f 4694 8163 4695
f 8163 8164 4695
f 4695 8164 4697
f 8164 8165 4697
f 4697 8165 4701
f 8165 8166 4701
f 4701 8166 4702
f 8166 8167 4702
f 4702 8167 4704
f 8167 8168 4704
f 4704 8168 4705
f 8168 8169 4705
f 4705 8169 4706
f 8169 8170 4706
f 4706 8170 4707
f 8170 8171 4707
f 4707 8171 4708
f 8171 8172 4708
f 4708 8172 4714
f 8172 8173 4714
f 4714 8173 4711
f 8173 8174 4711
f 4711 8174 4721
f 8175 8121 1075
f 8176 8136 8121
f 8177 8148 8136
f 8178 8161 8148
f 8179 8174 8161
f 4722 4721 8174
f 1075 821 8175
f 821 823 8175
f 8175 823 8180
f 823 825 8180
f 825 826 8180
f 8180 826 8181
f 826 828 8181
f 8181 828 8182
f 828 829 8182
f 829 831 8182
f 8182 831 8183
f 831 832 8183
f 832 8184 8183
f 8183 8184 8185
f 840 8186 8187
f 8184 835 8185
f 835 837 8185
f 8185 837 8187
f 837 838 8187
f 8187 838 840
f 845 8188 846
f 8188 8189 846
f 846 8189 842
f 8189 8186 842
f 842 8186 843
f 8186 840 843
f 848 8190 850
f 8190 8188 850
f 850 8188 851
f 8188 845 851
f 848 855 8190
f 855 856 8190
f 8190 856 8191
f 856 857 8191
f 8121 8175 8176
f 8175 8180 8176
f 8176 8180 8192
f 8180 8181 8192
f 8192 8181 8193
f 8181 8182 8193
f 8193 8182 8194
f 8182 8183 8194
f 8194 8183 8195
f 8183 8185 8195
f 8195 8185 8196
f 8185 8187 8196
f 8196 8187 8197
f 8187 8186 8197
f 8197 8186 8198
f 8186 8189 8198
f 8198 8189 8199
f 8189 8188 8199
f 8199 8188 8200
f 8188 8190 8200
f 8200 8190 8201
f 8190 8191 8201
f 8201 8191 8202
f 8136 8176 8177
f 8176 8192 8177
f 8177 8192 8203
f 8192 8193 8203
f 8203 8193 8204
f 8193 8194 8204
f 8204 8194 8205
f 8194 8195 8205
f 8205 8195 8206
f 8195 8196 8206
f 8206 8196 8207
f 8196 8197 8207
f 8207 8197 8208
f 8197 8198 8208
f 8208 8198 8209
f 8198 8199 8209
f 8209 8199 8210
f 8199 8200 8210
f 8210 8200 8211
f 8200 8201 8211
f 8211 8201 8212
f 8201 8202 8212
f 8212 8202 8213
f 8148 8177 8178
f 8177 8203 8178
f 8178 8203 8214
f 8203 8204 8214
f 8214 8204 8215
f 8204 8205 8215
f 8215 8205 8216
f 8205 8206 8216
f 8216 8206 8217
f 8206 8207 8217
f 8217 8207 8218
f 8207 8208 8218
f 8218 8208 8219
f 8208 8209 8219
f 8219 8209 8220
f 8209 8210 8220
f 8220 8210 8221
f 8210 8211 8221
f 8221 8211 8222
f 8211 8212 8222
f 8222 8212 8223
f 8212 8213 8223
f 8223 8213 8224
f 8161 8178 8179
f 8178 8214 8179
f 8179 8214 8225
f 8214 8215 8225
f 8225 8215 8226
f 8215 8216 8226
f 8226 8216 8227
f 8216 8217 8227
f 8227 8217 8228
f 8217 8218 8228
f 8228 8218 8229
f 8218 8219 8229
f 8229 8219 8230
f 8219 8220 8230
f 8230 8220 8231
f 8220 8221 8231
f 8231 8221 8232
f 8221 8222 8232
f 8232 8222 8233
f 8222 8223 8233
f 8233 8223 8234
f 8223 8224 8234
f 8234 8224 8235
f 8174 8179 4722
f 8179 8225 4722
f 4722 8225 4719
f 8225 8226 4719
f 4719 8226 4717
f 8226 8227 4717
f 4717 8227 4715
f 8227 8228 4715
f 4715 8228 4716
f 8228 8229 4716
f 4716 8229 4718
f 8229 8230 4718
f 4718 8230 4720
f 8230 8231 4720
f 4720 8231 4709
f 8231 8232 4709
f 4709 8232 4710
f 8232 8233 4710
f 4710 8233 4712
f 8233 8234 4712
f 4712 8234 4713
f 8234 8235 4713
f 4713 8235 4703
f 8236 8237 8238
f 4699 4698 8239
f 4698 8240 8239
f 8239 8240 8241
f 8240 8242 8241
f 8242 8240 8243
f 8240 8244 8243
f 8243 8244 8245
f 8246 8247 8244
f 8247 8248 8244
f 8244 8248 8245
f 8249 8250 8251
f 8250 8252 8251
f 8251 8252 8246
f 8252 8253 8246
f 8246 8253 8247
f 8237 8254 8238
f 8254 8255 8238
f 8238 8255 8251
f 8255 8256 8251
f 8251 8256 8249
f 8236 8238 8257
f 8238 3 8257
f 8257 3 2
f 6431 6430 8258
f 8259 4728 6419
f 8260 8261 8262
f 8263 8260 8264
f 8265 8263 8266
f 869 8265 8267
f 8261 8259 8268
f 8259 6419 8268
f 8268 6419 8269
f 6419 6421 8269
f 6421 6420 8269
f 6420 6429 8269
f 8269 6429 8270
f 6429 6428 8270
f 8270 6428 8271
f 6428 6427 8271
f 8271 6427 8272
f 6427 6426 8272
f 6426 6425 8272
f 6425 6424 8272
f 8272 6424 8273
f 8261 8268 8262
f 8268 8269 8262
f 8262 8269 8274
f 8269 8270 8274
f 8274 8270 8275
f 8270 8271 8275
f 8275 8271 8276
f 8271 8272 8276
f 8276 8272 8277
f 8272 8273 8277
f 8277 8273 8278
f 8260 8262 8264
f 8262 8274 8264
f 8264 8274 8279
f 8274 8275 8279
f 8279 8275 8280
f 8275 8276 8280
f 8280 8276 8281
f 8276 8277 8281
f 8281 8277 8282
f 8277 8278 8282
f 8282 8278 8283
f 8263 8264 8266
f 8264 8279 8266
f 8266 8279 8284
f 8279 8280 8284
f 8284 8280 8285
f 8280 8281 8285
f 8285 8281 8286
f 8281 8282 8286
f 8286 8282 8287
f 8282 8283 8287
f 8287 8283 8288
f 8265 8266 8267
f 8266 8284 8267
f 8267 8284 8289
f 8284 8285 8289
f 8289 8285 8290
f 8285 8286 8290
f 8290 8286 8291
f 8286 8287 8291
f 8291 8287 8292
f 8287 8288 8292
f 8292 8288 8293
f 8294 861 8293
f 861 860 8293
f 8293 860 8292
f 860 859 8292
f 8292 859 8291
f 859 858 8291
f 8291 858 8290
f 858 865 8290
f 8290 865 8289
f 865 8295 8289
f 8289 8295 8267
f 8295 862 8267
f 8267 862 869
f 852 8294 8296
f 8294 8293 8296
f 8296 8293 8297
f 8293 8288 8297
f 8297 8288 8298
f 8288 8283 8298
f 8298 8283 8299
f 8283 8278 8299
f 8299 8278 8300
f 8278 8273 8300
f 6431 8258 6422
f 853 852 8301
f 852 8296 8301
f 8301 8296 8302
f 8296 8297 8302
f 8302 8297 8303
f 8297 8298 8303
f 8303 8298 8304
f 8298 8299 8304
f 8304 8299 8258
f 8299 8300 8258
f 8258 8300 6422
f 8300 8273 6422
f 6422 8273 6423
f 8273 6424 6423
f 857 853 8191
f 853 8301 8191
f 8191 8301 8202
f 8301 8302 8202
f 8202 8302 8213
f 8302 8303 8213
f 8213 8303 8224
f 8303 8304 8224
f 8224 8304 8235
f 8304 8258 8235
f 8235 8258 4703
f 8258 6430 4703
f 8240 4698 6344
f 8244 8240 8305
f 8246 8244 8306
f 8251 8246 8307
f 8238 8251 8308
f 3 8238 8309
f 8240 6344 8305
f 6344 6346 8305
f 8305 6346 8310
f 6346 6348 8310
f 8310 6348 8311
f 6348 6350 8311
f 6350 6355 8311
f 8311 6355 6354
f 6352 8312 6354
f 8312 8313 6354
f 6354 8313 8311
f 8244 8305 8306
f 8305 8310 8306
f 8306 8310 8314
f 8310 8311 8314
f 8314 8311 8315
f 8311 8313 8315
f 8315 8313 8316
f 8313 8312 8316
f 8316 8312 8317
f 8312 8318 8317
f 8317 8318 8319
f 8318 8320 8319
f 8319 8320 8321
f 8246 8306 8307
f 8306 8314 8307
f 8307 8314 8322
f 8314 8315 8322
f 8322 8315 8323
f 8315 8316 8323
f 8323 8316 8324
f 8316 8317 8324
f 8324 8317 8325
f 8317 8319 8325
f 8325 8319 8326
f 8319 8321 8326
f 8326 8321 8327
f 8251 8307 8308
f 8307 8322 8308
f 8308 8322 8328
f 8322 8323 8328
f 8328 8323 8329
f 8323 8324 8329
f 8329 8324 8330
f 8324 8325 8330
f 8330 8325 8331
f 8325 8326 8331
f 8331 8326 8332
f 8326 8327 8332
f 8332 8327 8333
f 8238 8308 8309
f 8308 8328 8309
f 8309 8328 8334
f 8328 8329 8334
f 8334 8329 8335
f 8329 8330 8335
f 8335 8330 8336
f 8330 8331 8336
f 8336 8331 8337
f 8331 8332 8337
f 8337 8332 8338
f 8332 8333 8338
f 8338 8333 8339
f 6352 6358 8312
f 6358 6357 8312
f 8312 6357 8318
f 6357 6362 8318
f 8318 6362 8340
f 6362 6361 8340
f 8340 6361 6360
f 6360 8341 8340
f 8341 8342 8340
f 8340 8342 8321
f 8342 8343 8321
f 8321 8343 8327
f 8343 8344 8327
f 8327 8344 8333
f 8344 8345 8333
f 8333 8345 8339
f 8345 8346 8339
f 8339 8346 8347
f 3 8309 4
f 8309 8334 4
f 4 8334 7
f 8334 8335 7
f 7 8335 8
f 8335 8336 8
f 8 8336 10
f 8336 8337 10
f 10 8337 11
f 8337 8338 11
f 11 8338 12
f 8338 8339 12
f 12 8339 13
f 8339 8347 13
f 13 8347 14
f 867 866 8348
f 869 867 8265
f 867 8348 8265
f 8265 8348 8263
f 8348 8349 8263
f 8263 8349 8260
f 8349 8350 8260
f 8260 8350 8261
f 8350 8351 8261
f 8261 8351 8259
f 8351 8352 8259
f 8259 8352 4728
f 866 883 8348
f 883 8353 8348
f 8348 8353 8349
f 8353 8354 8349
f 8349 8354 8350
f 8354 8355 8350
f 8350 8355 8351
f 8355 8356 8351
f 8351 8356 8352
f 8356 8357 8352
f 883 882 8358
f 883 8358 8353
f 8358 8359 8353
f 8353 8359 8354
f 8359 8360 8354
f 8354 8360 8355
f 8360 8361 8355
f 8355 8361 8356
f 8361 8362 8356
f 8356 8362 8357
f 8362 8363 8357
f 8357 8363 8364
f 4728 8352 4727
f 8352 8357 4727
f 4727 8357 4725
f 8357 8364 4725
f 4725 8364 4723
f 8365 3495 14
f 6359 6365 8366
f 6360 6359 8341
f 6359 8366 8341
f 8341 8366 8342
f 8342 8366 8343
f 8366 8367 8343
f 8343 8367 8344
f 8367 8368 8344
f 8368 8369 8344
f 8344 8369 8345
f 8369 8370 8345
f 8345 8370 8346
f 8370 8365 8346
f 8346 8365 8347
f 8365 14 8347
f 3496 3495 8371
f 3495 8365 8371
f 8371 8365 8372
f 8365 8370 8372
f 8372 8370 8373
f 8370 8369 8373
f 8373 8369 8374
f 8369 8368 8374
f 8374 8368 8375
f 8368 8367 8375
f 8375 8367 8376
f 8367 8366 8376
f 8376 8366 4689
f 8366 6365 4689
f 6305 8377 8378
f 8379 8380 8381
f 8382 8383 8384
f 8385 4668 6285
f 8386 8387 8388
f 8383 8386 8389
f 8390 8391 8382
f 8391 8390 8392
f 8380 8392 8393
f 874 873 8379
f 8387 8385 8388
f 8385 6285 8388
f 8388 6285 8394
f 6285 6287 8394
f 6287 6289 8394
f 6289 6290 8394
f 8394 6290 8395
f 6290 6292 8395
f 8395 6292 8396
f 6292 6294 8396
f 8396 6294 8397
f 6294 6296 8397
f 6296 6299 8397
f 6299 6301 8397
f 8397 6301 8378
f 6301 6303 8378
f 8378 6303 6305
f 8377 6305 8398
f 6305 6306 8398
f 8398 6306 6308
f 8392 8390 8393
f 8390 8399 8393
f 8393 8399 8400
f 8399 8401 8400
f 8400 8401 8402
f 8401 8403 8402
f 8402 8403 8404
f 8403 8405 8404
f 8404 8405 8406
f 8405 8407 8406
f 8406 8407 8408
f 8407 8409 8408
f 8408 8409 8410
f 8409 8411 8410
f 8410 8411 8412
f 8380 8393 8381
f 8393 8400 8381
f 8381 8400 8413
f 8400 8402 8413
f 8413 8402 8414
f 8402 8404 8414
f 8414 8404 8415
f 8404 8406 8415
f 8415 8406 8416
f 8406 8408 8416
f 8416 8408 8417
f 8408 8410 8417
f 8417 8410 8418
f 8410 8412 8418
f 8418 8412 8419
f 6308 4723 8398
f 4723 8364 8398
f 8398 8364 8363
f 8386 8388 8389
f 8388 8394 8389
f 8389 8394 8420
f 8394 8395 8420
f 8420 8395 8421
f 8395 8396 8421
f 8421 8396 8422
f 8396 8397 8422
f 8422 8397 8423
f 8397 8378 8423
f 8423 8378 8424
f 8378 8377 8424
f 8424 8377 8425
f 8377 8398 8425
f 8425 8398 8426
f 8398 8363 8426
f 8426 8363 8362
f 8383 8389 8384
f 8389 8420 8384
f 8384 8420 8427
f 8420 8421 8427
f 8427 8421 8428
f 8421 8422 8428
f 8428 8422 8429
f 8422 8423 8429
f 8429 8423 8430
f 8423 8424 8430
f 8430 8424 8431
f 8424 8425 8431
f 8431 8425 8432
f 8425 8426 8432
f 8432 8426 8433
f 8426 8362 8433
f 8433 8362 8361
f 8382 8384 8390
f 8384 8427 8390
f 8390 8427 8399
f 8427 8428 8399
f 8399 8428 8401
f 8428 8429 8401
f 8401 8429 8403
f 8429 8430 8403
f 8403 8430 8405
f 8430 8431 8405
f 8405 8431 8407
f 8431 8432 8407
f 8407 8432 8409
f 8432 8433 8409
f 8409 8433 8411
f 8433 8361 8411
f 8411 8361 8412
f 8361 8360 8412
f 8412 8360 8419
f 8360 8359 8419
f 8419 8359 8358
f 8379 8381 874
f 8381 8413 874
f 874 8413 875
f 8413 8414 875
f 875 8414 876
f 8414 8415 876
f 876 8415 877
f 8415 8416 877
f 877 8416 878
f 8416 8417 878
f 878 8417 879
f 8417 8418 879
f 879 8418 880
f 8418 8419 880
f 880 8419 881
f 8419 8358 881
f 881 8358 882
f 3442 3441 8434
f 4691 4693 8435
f 4693 8436 8435
f 8435 8436 8437
f 8436 8438 8437
f 8437 8438 8439
f 8438 8440 8439
f 8439 8440 8441
f 8440 8442 8441
f 8441 8442 8443
f 8442 8444 8443
f 8443 8444 8434
f 8444 8445 8434
f 8434 8445 3442
f 8445 3491 3442
f 4689 4691 8376
f 4691 8435 8376
f 8376 8435 8375
f 8435 8437 8375
f 8375 8437 8374
f 8437 8439 8374
f 8374 8439 8373
f 8439 8441 8373
f 8373 8441 8372
f 8441 8443 8372
f 8372 8443 8371
f 8443 8434 8371
f 8371 8434 3496
f 8434 3441 3496
f 8446 8447 4675
f 8448 8449 8447
f 8450 8451 8449
f 8452 8453 8451
f 8454 8455 8453
f 8456 8457 8455
f 8458 8459 8457
f 8379 873 871
f 871 8460 8379
f 8460 886 8379
f 8379 886 8461
f 886 8462 8461
f 8461 8462 889
f 8463 8392 8380
f 8464 8385 8387
f 889 8465 8461
f 8465 8466 8461
f 8461 8466 8467
f 8466 893 8467
f 893 895 8467
f 8467 895 8468
f 895 897 8468
f 897 900 8468
f 8468 900 8469
f 8470 8471 8472
f 8471 8469 8472
f 8472 8469 899
f 8469 900 899
f 8470 904 8471
f 904 8473 8471
f 8471 8473 8474
f 8473 908 8474
f 8474 908 907
f 8475 8476 907
f 8476 8477 907
f 907 8477 8474
f 920 8459 912
f 8459 8458 912
f 912 8458 913
f 8458 8478 913
f 913 8478 915
f 8478 8479 915
f 915 8479 916
f 8479 8476 916
f 916 8476 910
f 8476 8475 910
f 8457 8456 8458
f 8456 8480 8458
f 8458 8480 8478
f 8480 8481 8478
f 8478 8481 8479
f 8481 8482 8479
f 8479 8482 8476
f 8482 8483 8476
f 8476 8483 8477
f 8483 8484 8477
f 8477 8484 8474
f 8484 8485 8474
f 8474 8485 8471
f 8485 8486 8471
f 8471 8486 8469
f 8486 8487 8469
f 8469 8487 8468
f 8487 8488 8468
f 8468 8488 8467
f 8488 8463 8467
f 8467 8463 8461
f 8463 8380 8461
f 8461 8380 8379
f 8455 8454 8456
f 8454 8489 8456
f 8456 8489 8480
f 8489 8490 8480
f 8480 8490 8481
f 8490 8491 8481
f 8481 8491 8482
f 8491 8492 8482
f 8482 8492 8483
f 8492 8493 8483
f 8483 8493 8484
f 8493 8494 8484
f 8484 8494 8485
f 8494 8495 8485
f 8485 8495 8486
f 8495 8496 8486
f 8486 8496 8487
f 8496 8497 8487
f 8487 8497 8488
f 8497 8498 8488
f 8488 8498 8463
f 8498 8391 8463
f 8463 8391 8392
f 8453 8452 8454
f 8452 8499 8454
f 8454 8499 8489
f 8499 8500 8489
f 8489 8500 8490
f 8500 8501 8490
f 8490 8501 8491
f 8501 8502 8491
f 8491 8502 8492
f 8502 8503 8492
f 8492 8503 8493
f 8503 8504 8493
f 8493 8504 8494
f 8504 8505 8494
f 8494 8505 8495
f 8505 8506 8495
f 8495 8506 8496
f 8506 8507 8496
f 8496 8507 8497
f 8507 8508 8497
f 8497 8508 8498
f 8508 8382 8498
f 8498 8382 8391
f 8451 8450 8452
f 8450 8509 8452
f 8452 8509 8499
f 8509 8510 8499
f 8499 8510 8500
f 8510 8511 8500
f 8500 8511 8501
f 8511 8512 8501
f 8501 8512 8502
f 8512 8513 8502
f 8502 8513 8503
f 8513 8514 8503
f 8503 8514 8504
f 8514 8515 8504
f 8504 8515 8505
f 8515 8516 8505
f 8505 8516 8506
f 8516 8517 8506
f 8506 8517 8507
f 8517 8518 8507
f 8507 8518 8508
f 8518 8383 8508
f 8508 8383 8382
f 8449 8448 8450
f 8448 8519 8450
f 8450 8519 8509
f 8519 8520 8509
f 8509 8520 8510
f 8520 8521 8510
f 8510 8521 8511
f 8521 8522 8511
f 8511 8522 8512
f 8522 8523 8512
f 8512 8523 8513
f 8523 8524 8513
f 8513 8524 8514
f 8524 8525 8514
f 8514 8525 8515
f 8525 8526 8515
f 8515 8526 8516
f 8526 8527 8516
f 8516 8527 8517
f 8527 8528 8517
f 8517 8528 8518
f 8528 8386 8518
f 8518 8386 8383
f 8447 8446 8448
f 8446 8529 8448
f 8448 8529 8519
f 8529 8530 8519
f 8519 8530 8520
f 8530 8531 8520
f 8520 8531 8521
f 8531 8532 8521
f 8521 8532 8522
f 8532 8533 8522
f 8522 8533 8523
f 8533 8534 8523
f 8523 8534 8524
f 8534 8535 8524
f 8524 8535 8525
f 8535 8536 8525
f 8525 8536 8526
f 8536 8537 8526
f 8526 8537 8527
f 8537 8464 8527
f 8527 8464 8528
f 8464 8387 8528
f 8528 8387 8386
f 4675 4688 8446
f 4688 4687 8446
f 8446 4687 8529
f 4687 4686 8529
f 8529 4686 8530
f 4686 4685 8530
f 8530 4685 8531
f 4685 4684 8531
f 8531 4684 8532
f 4684 4683 8532
f 8532 4683 8533
f 4683 4682 8533
f 8533 4682 8534
f 4682 4681 8534
f 8534 4681 8535
f 4681 4680 8535
f 8535 4680 8536
f 4680 4679 8536
f 8536 4679 8537
f 4679 4676 8537
f 8537 4676 8464
f 4676 4668 8464
f 8464 4668 8385
f 3492 3491 8538
f 3491 8445 8538
f 8538 8445 8539
f 8445 8444 8539
f 8539 8444 8540
f 8444 8442 8540
f 8540 8442 8541
f 8442 8440 8541
f 8541 8440 8542
f 8440 8438 8542
f 8542 8438 8543
f 8438 8436 8543
f 8543 8436 6264
f 8436 4693 6264
f 6269 6274 8544
f 6269 8544 6264
f 6264 8544 8543
f 8544 8545 8543
f 8543 8545 8542
f 8545 8546 8542
f 8542 8546 8541
f 8546 8547 8541
f 8547 8548 8541
f 8541 8548 8540
f 8548 8549 8540
f 8540 8549 8539
f 8549 8550 8539
f 8539 8550 8538
f 41 3492 8551
f 3492 8538 8551
f 8551 8538 8552
f 8538 8550 8552
f 8553 1696 8554
f 1699 1698 8555
f 8556 1701 8557
f 8558 4664 4666
f 8559 8560 8561
f 8560 8562 8561
f 8561 8562 8558
f 8563 8564 8565
f 8564 8559 8565
f 8566 8567 8568
f 8567 8569 8568
f 8568 8569 8563
f 8566 8570 8571
f 8570 8572 8571
f 8573 8574 8570
f 8574 8575 8570
f 8570 8575 8572
f 8576 8577 8578
f 8577 8573 8578
f 8579 8580 8581
f 8580 8582 8581
f 8581 8582 8576
f 8583 8584 8579
f 8585 8586 8583
f 8586 8587 8583
f 8583 8587 8584
f 1720 8585 1721
f 8585 8583 1721
f 1721 8583 1719
f 8583 8588 1719
f 1719 8588 1713
f 8588 8589 1713
f 1713 8589 1714
f 1714 8589 8590
f 8589 8591 8590
f 8590 8591 1717
f 1717 8591 8592
f 8591 8593 8592
f 8592 8593 1690
f 8593 8594 1690
f 1690 8594 1691
f 8594 8595 1691
f 1691 8595 1708
f 1708 8595 8596
f 8595 8597 8596
f 8596 8597 1710
f 1710 8597 8598
f 8597 8599 8598
f 8598 8599 1704
f 8599 8600 1704
f 1704 8600 1706
f 8558 4666 8561
f 4666 4667 8561
f 8561 4667 8601
f 4667 4663 8601
f 8601 4663 8602
f 4663 4662 8602
f 8602 4662 8603
f 4662 4660 8603
f 8603 4660 8604
f 4660 4659 8604
f 8604 4659 8605
f 4659 4670 8605
f 8605 4670 8606
f 4670 4669 8606
f 8606 4669 8607
f 4669 4673 8607
f 8607 4673 8608
f 4673 4672 8608
f 8608 4672 8609
f 4672 4671 8609
f 8609 4671 8610
f 8559 8561 8565
f 8561 8601 8565
f 8565 8601 8611
f 8601 8612 8611
f 8611 8612 8613
f 8612 8603 8613
f 8613 8603 8614
f 8603 8604 8614
f 8614 8604 8615
f 8604 8605 8615
f 8615 8605 8616
f 8605 8606 8616
f 8616 8606 8617
f 8606 8607 8617
f 8617 8607 8618
f 8607 8608 8618
f 8618 8608 8619
f 8608 8609 8619
f 8619 8609 8620
f 8609 8610 8620
f 8620 8610 8621
f 8563 8565 8568
f 8565 8611 8568
f 8568 8611 8622
f 8611 8613 8622
f 8622 8613 8623
f 8613 8614 8623
f 8623 8614 8624
f 8614 8615 8624
f 8624 8615 8625
f 8615 8616 8625
f 8625 8616 8626
f 8616 8617 8626
f 8626 8617 8627
f 8617 8618 8627
f 8627 8618 8628
f 8618 8619 8628
f 8628 8619 8629
f 8619 8620 8629
f 8629 8620 8630
f 8620 8621 8630
f 8630 8621 8631
f 8566 8568 8570
f 8568 8622 8570
f 8570 8622 8632
f 8622 8623 8632
f 8632 8623 8633
f 8623 8624 8633
f 8633 8624 8634
f 8624 8625 8634
f 8634 8625 8635
f 8625 8626 8635
f 8635 8626 8636
f 8626 8627 8636
f 8636 8627 8637
f 8627 8628 8637
f 8637 8628 8638
f 8628 8629 8638
f 8638 8629 8639
f 8629 8630 8639
f 8639 8630 8640
f 8630 8631 8640
f 8640 8631 8641
f 8573 8570 8578
f 8570 8632 8578
f 8578 8632 8642
f 8632 8633 8642
f 8642 8633 8643
f 8633 8634 8643
f 8643 8634 8644
f 8634 8635 8644
f 8644 8635 8645
f 8635 8636 8645
f 8645 8636 8646
f 8636 8637 8646
f 8646 8637 8647
f 8637 8638 8647
f 8647 8638 8648
f 8638 8639 8648
f 8648 8639 8649
f 8639 8640 8649
f 8649 8640 8650
f 8640 8641 8650
f 8650 8641 8651
f 8576 8578 8581
f 8578 8642 8581
f 8581 8642 8652
f 8642 8643 8652
f 8652 8643 8653
f 8643 8644 8653
f 8653 8644 8654
f 8644 8645 8654
f 8654 8645 8655
f 8645 8646 8655
f 8655 8646 8656
f 8646 8647 8656
f 8656 8647 8657
f 8647 8648 8657
f 8657 8648 8658
f 8648 8649 8658
f 8658 8649 8659
f 8649 8650 8659
f 8659 8650 8660
f 8650 8651 8660
f 8660 8651 8661
f 8579 8581 8583
f 8581 8652 8583
f 8583 8652 8588
f 8652 8653 8588
f 8588 8653 8589
f 8653 8654 8589
f 8589 8654 8591
f 8654 8655 8591
f 8591 8655 8593
f 8655 8656 8593
f 8593 8656 8594
f 8656 8657 8594
f 8594 8657 8595
f 8657 8658 8595
f 8595 8658 8597
f 8658 8659 8597
f 8597 8659 8599
f 8659 8660 8599
f 8599 8660 8600
f 8660 8661 8600
f 8600 8661 8557
f 8557 1701 8600
f 1701 8662 8600
f 8600 8662 1706
f 4671 4678 8610
f 4678 8663 8610
f 8610 8663 8621
f 8663 8664 8621
f 8621 8664 8631
f 8664 8665 8631
f 8631 8665 8641
f 8665 8666 8641
f 8641 8666 8651
f 8666 8667 8651
f 8651 8667 8661
f 8667 8668 8661
f 8661 8668 8557
f 8668 8555 8557
f 8557 8555 8556
f 8555 1698 8556
f 1695 1699 8669
f 1699 8555 8669
f 8669 8555 8670
f 8555 8668 8670
f 8670 8668 8671
f 8668 8667 8671
f 8671 8667 8672
f 8667 8666 8672
f 8672 8666 8673
f 8666 8665 8673
f 8673 8665 8674
f 8665 8664 8674
f 8674 8664 8675
f 8664 8663 8675
f 8675 8663 4677
f 8663 4678 4677
f 1696 1695 8554
f 1695 8669 8554
f 8554 8669 8676
f 8669 8670 8676
f 8676 8670 8677
f 8670 8671 8677
f 8677 8671 8678
f 8671 8672 8678
f 8678 8672 8679
f 8672 8673 8679
f 8679 8673 8680
f 8673 8674 8680
f 8680 8674 8681
f 8674 8675 8681
f 8681 8675 4674
f 8675 4677 4674
f 4674 4675 8681
f 4675 8447 8681
f 8681 8447 8680
f 8447 8449 8680
f 8680 8449 8679
f 8449 8451 8679
f 8679 8451 8678
f 8451 8453 8678
f 8678 8453 8677
f 8453 8455 8677
f 8677 8455 8676
f 8455 8457 8676
f 8676 8457 8554
f 8457 8459 8554
f 8554 8459 8553
f 8459 920 8553
f 6259 6258 8682
f 8683 6280 8684
f 8685 6261 8686
f 8687 42 41
f 41 8551 8687
f 8551 8552 8687
f 8687 8552 8688
f 8552 8550 8688
f 8688 8550 8689
f 8550 8549 8689
f 8689 8549 8690
f 8549 8548 8690
f 8690 8548 8691
f 8548 8547 8691
f 8691 8547 8692
f 8547 8546 8692
f 8692 8546 8693
f 8546 8545 8693
f 8693 8545 8544
f 8685 8686 6270
f 44 42 8694
f 42 8687 8694
f 8694 8687 8695
f 8687 8688 8695
f 8695 8688 8696
f 8688 8689 8696
f 8696 8689 8697
f 8689 8690 8697
f 8697 8690 8698
f 8690 8691 8698
f 8698 8691 8699
f 8691 8692 8699
f 8699 8692 8686
f 8692 8693 8686
f 8686 8693 6270
f 8693 8544 6270
f 6270 8544 6274
f 45 44 8700
f 44 8694 8700
f 8700 8694 8701
f 8694 8695 8701
f 8701 8695 8702
f 8695 8696 8702
f 8702 8696 8703
f 8696 8697 8703
f 8703 8697 8704
f 8697 8698 8704
f 8704 8698 8705
f 8698 8699 8705
f 8705 8699 8706
f 8699 8686 8706
f 8706 8686 6282
f 8686 6261 6282
f 46 45 8707
f 45 8700 8707
f 8707 8700 8708
f 8700 8701 8708
f 8708 8701 8709
f 8701 8702 8709
f 8709 8702 8710
f 8702 8703 8710
f 8710 8703 8711
f 8703 8704 8711
f 8711 8704 8712
f 8704 8705 8712
f 8712 8705 8684
f 8705 8706 8684
f 8684 8706 8683
f 8706 6282 8683
f 47 46 8713
f 46 8707 8713
f 8713 8707 8714
f 8707 8708 8714
f 8714 8708 8715
f 8708 8709 8715
f 8715 8709 8716
f 8709 8710 8716
f 8716 8710 8717
f 8710 8711 8717
f 8717 8711 8718
f 8711 8712 8718
f 8718 8712 8719
f 8712 8684 8719
f 8719 8684 6275
f 8684 6280 6275
f 48 47 8720
f 47 8713 8720
f 8720 8713 8721
f 8713 8714 8721
f 8721 8714 8722
f 8714 8715 8722
f 8722 8715 8723
f 8715 8716 8723
f 8723 8716 8724
f 8716 8717 8724
f 8724 8717 8725
f 8717 8718 8725
f 8725 8718 8726
f 8718 8719 8726
f 8726 8719 8727
f 8719 6275 8727
f 6259 8682 6283
f 49 48 8728
f 48 8720 8728
f 8728 8720 8729
f 8720 8721 8729
f 8729 8721 8730
f 8721 8722 8730
f 8730 8722 8731
f 8722 8723 8731
f 8731 8723 8732
f 8723 8724 8732
f 8732 8724 8733
f 8724 8725 8733
f 8733 8725 8682
f 8725 8726 8682
f 8682 8726 6283
f 8726 8727 6283
f 50 49 8734
f 49 8728 8734
f 8734 8728 8735
f 8728 8729 8735
f 8735 8729 8736
f 8729 8730 8736
f 8736 8730 8737
f 8730 8731 8737
f 8737 8731 8738
f 8731 8732 8738
f 8738 8732 8739
f 8732 8733 8739
f 8739 8733 8740
f 8733 8682 8740
f 8740 8682 4665
f 8682 6258 4665
f 8734 8741 50
f 8741 8742 50
f 50 8742 51
f 8743 8744 8734
f 8744 8745 8734
f 8734 8745 8741
f 8743 8734 8746
f 8734 8735 8746
f 8746 8735 8747
f 8736 8748 8735
f 8748 8749 8735
f 8735 8749 8747
f 8750 8751 8737
f 8751 8752 8737
f 8737 8752 8736
f 8752 8753 8736
f 8736 8753 8748
f 8754 8755 8738
f 8755 8756 8738
f 8738 8756 8737
f 8756 8757 8737
f 8737 8757 8750
f 8754 8738 8758
f 8738 8739 8758
f 8758 8739 8759
f 8759 8739 8760
f 8739 8740 8760
f 8760 8740 8761
f 4665 4664 8740
f 4664 8762 8740
f 8762 8763 8740
f 8763 8764 8740
f 8740 8764 8761
f 8765 8766 8767
f 8768 8769 8770
f 8771 1728 1724
f 8771 1724 8769
f 8772 8773 8774
f 8773 8775 8774
f 8774 8775 8776
f 8777 8778 8779
f 8778 8780 8779
f 8779 8780 8772
f 8781 8782 8777
f 4879 8783 8781
f 8783 8784 8781
f 8784 8785 8781
f 8781 8785 8782
f 8786 8787 8788
f 8769 1724 8770
f 1724 1725 8770
f 8770 1725 8789
f 1725 8790 8789
f 8789 8790 8788
f 8790 1729 8788
f 8788 1729 8786
f 8791 8792 8793
f 8786 1732 8787
f 1732 1731 8787
f 8787 1731 8794
f 1731 8795 8794
f 8794 8795 8793
f 8795 1734 8793
f 8793 1734 8791
f 8791 1736 8792
f 1736 1735 8792
f 8792 1735 8796
f 1735 8797 8796
f 8796 8797 8798
f 8797 1687 8798
f 1687 8799 8798
f 8798 8799 8800
f 8799 1739 8800
f 8800 1739 8801
f 1739 1740 8801
f 8802 8803 8804
f 1740 1743 8801
f 1743 1742 8801
f 8801 1742 8805
f 1742 8806 8805
f 8805 8806 8804
f 8806 1744 8804
f 8804 1744 8802
f 8772 8774 8779
f 8774 8807 8779
f 8779 8807 8808
f 8807 8809 8808
f 8808 8809 8810
f 8809 8811 8810
f 8810 8811 8812
f 8811 8813 8812
f 8812 8813 8814
f 8813 8815 8814
f 8814 8815 8816
f 8815 8817 8816
f 8816 8817 8818
f 8817 8819 8818
f 8818 8819 8820
f 8819 8821 8820
f 8820 8821 8822
f 8821 8823 8822
f 8822 8823 8824
f 8823 8825 8824
f 8824 8825 8826
f 8825 8827 8826
f 8826 8827 8828
f 8827 8829 8828
f 8828 8829 8830
f 8829 8831 8830
f 8830 8831 8832
f 8831 8833 8832
f 8832 8833 8834
f 8777 8779 8781
f 8779 8808 8781
f 8781 8808 8835
f 8808 8810 8835
f 8835 8810 8836
f 8810 8812 8836
f 8836 8812 8837
f 8812 8814 8837
f 8837 8814 8838
f 8814 8816 8838
f 8838 8816 8839
f 8816 8818 8839
f 8839 8818 8840
f 8818 8820 8840
f 8840 8820 8841
f 8820 8822 8841
f 8841 8822 8842
f 8822 8824 8842
f 8842 8824 8843
f 8824 8826 8843
f 8843 8826 8844
f 8826 8828 8844
f 8844 8828 8845
f 8828 8830 8845
f 8845 8830 8846
f 8830 8832 8846
f 8846 8832 8847
f 8832 8834 8847
f 8847 8834 8848
f 918 8765 1746
f 8765 8767 1746
f 1746 8767 1745
f 8767 8803 1745
f 1745 8803 1684
f 8803 8802 1684
f 8766 8833 8767
f 8833 8831 8767
f 8767 8831 8803
f 8831 8829 8803
f 8803 8829 8804
f 8829 8827 8804
f 8804 8827 8805
f 8827 8825 8805
f 8805 8825 8801
f 8825 8823 8801
f 8801 8823 8800
f 8823 8821 8800
f 8800 8821 8798
f 8821 8819 8798
f 8798 8819 8796
f 8819 8817 8796
f 8796 8817 8792
f 8817 8815 8792
f 8792 8815 8793
f 8815 8813 8793
f 8793 8813 8794
f 8813 8811 8794
f 8794 8811 8787
f 8811 8809 8787
f 8787 8809 8788
f 8809 8807 8788
f 8788 8807 8789
f 8807 8774 8789
f 8789 8774 8770
f 8774 8776 8770
f 8770 8776 8768
f 8766 8849 8833
f 8849 8850 8833
f 8833 8850 8834
f 8850 8851 8834
f 8834 8851 8848
f 8851 8852 8848
f 8848 8852 8853
f 4879 8781 4880
f 8781 8835 4880
f 4880 8835 4872
f 8835 8836 4872
f 4872 8836 4873
f 8836 8837 4873
f 4873 8837 4875
f 8837 8838 4875
f 4875 8838 4876
f 8838 8839 4876
f 4876 8839 4877
f 8839 8840 4877
f 4877 8840 4881
f 8840 8841 4881
f 4881 8841 4882
f 8841 8842 4882
f 4882 8842 4884
f 8842 8843 4884
f 4884 8843 4885
f 8843 8844 4885
f 4885 8844 4886
f 8844 8845 4886
f 4886 8845 4887
f 8845 8846 4887
f 4887 8846 4888
f 8846 8847 4888
f 4888 8847 4892
f 8847 8848 4892
f 4892 8848 4891
f 8848 8853 4891
f 4891 8853 4895
f 8766 8765 8854
f 8765 918 8854
f 8855 8849 8766
f 8856 8850 8849
f 8852 8851 8857
f 8851 8850 8857
f 8858 8853 8852
f 4901 4895 8853
f 918 917 8854
f 917 8859 8854
f 8854 8859 8860
f 8859 923 8860
f 923 8861 8860
f 8860 8861 8862
f 8861 925 8862
f 8862 925 8863
f 925 8864 8863
f 8864 927 8863
f 8863 927 8865
f 927 8866 8865
f 8865 8866 283
f 283 282 8865
f 282 928 8865
f 8865 928 8867
f 928 8868 8867
f 8867 8868 8869
f 933 8870 8871
f 8870 8869 8871
f 8871 8869 931
f 8869 8868 931
f 933 934 8870
f 934 8872 8870
f 8870 8872 8873
f 8872 936 8873
f 936 8874 8873
f 8874 8875 8873
f 8873 8875 8876
f 8875 287 8876
f 287 286 8876
f 286 885 8876
f 8876 885 8877
f 885 940 8877
f 8877 940 939
f 8766 8854 8855
f 8854 8860 8855
f 8855 8860 8878
f 8860 8862 8878
f 8878 8862 8879
f 8862 8863 8879
f 8879 8863 8880
f 8863 8865 8880
f 8880 8865 8881
f 8865 8867 8881
f 8881 8867 8882
f 8867 8869 8882
f 8882 8869 8883
f 8869 8870 8883
f 8883 8870 8884
f 8870 8873 8884
f 8884 8873 8885
f 8873 8876 8885
f 8885 8876 8886
f 8876 8877 8886
f 8886 8877 8887
f 8849 8855 8856
f 8855 8878 8856
f 8856 8878 8888
f 8878 8879 8888
f 8888 8879 8889
f 8879 8880 8889
f 8889 8880 8890
f 8880 8881 8890
f 8890 8881 8891
f 8881 8882 8891
f 8891 8882 8892
f 8882 8883 8892
f 8892 8883 8893
f 8883 8884 8893
f 8893 8884 8894
f 8884 8885 8894
f 8894 8885 8895
f 8885 8886 8895
f 8895 8886 8896
f 8886 8887 8896
f 8896 8887 8897
f 8850 8856 8857
f 8856 8888 8857
f 8857 8888 8898
f 8888 8889 8898
f 8898 8889 8899
f 8889 8890 8899
f 8899 8890 8900
f 8890 8891 8900
f 8900 8891 8901
f 8891 8892 8901
f 8901 8892 8902
f 8892 8893 8902
f 8902 8893 8903
f 8893 8894 8903
f 8903 8894 8904
f 8894 8895 8904
f 8904 8895 8905
f 8895 8896 8905
f 8905 8896 8906
f 8896 8897 8906
f 8906 8897 8907
f 8852 8857 8858
f 8857 8898 8858
f 8858 8898 8908
f 8898 8899 8908
f 8908 8899 8909
f 8899 8900 8909
f 8909 8900 8910
f 8900 8901 8910
f 8910 8901 8911
f 8901 8902 8911
f 8911 8902 8912
f 8902 8903 8912
f 8912 8903 8913
f 8903 8904 8913
f 8913 8904 8914
f 8904 8905 8914
f 8914 8905 8915
f 8905 8906 8915
f 8915 8906 8916
f 8906 8907 8916
f 8916 8907 8917
f 8853 8858 4901
f 8858 8908 4901
f 4901 8908 4898
f 8908 8909 4898
f 4898 8909 4899
f 8909 8910 4899
f 4899 8910 4900
f 8910 8911 4900
f 4900 8911 4893
f 8911 8912 4893
f 4893 8912 4894
f 8912 8913 4894
f 4894 8913 4896
f 8913 8914 4896
f 4896 8914 4897
f 8914 8915 4897
f 4897 8915 4889
f 8915 8916 4889
f 4889 8916 4890
f 8916 8917 4890
f 4890 8917 4883
f 4879 4878 8918
f 4878 8919 8918
f 8920 8921 8922
f 8921 8923 8922
f 8922 8923 8919
f 8923 8924 8919
f 8919 8924 8918
f 8925 8926 8927
f 8926 8928 8927
f 8927 8928 8920
f 8928 8929 8920
f 8920 8929 8921
f 8930 8931 8932
f 8931 8933 8932
f 8932 8933 8934
f 8933 8935 8934
f 8934 8935 8925
f 8935 8936 8925
f 8925 8936 8926
f 32 31 8937
f 31 8938 8937
f 8937 8938 8930
f 8938 8939 8930
f 8930 8939 8931
f 4883 8917 8940
f 8941 4945 6591
f 8942 8941 8943
f 8944 8942 8945
f 8946 8944 8947
f 8948 8946 8949
f 948 8948 8950
f 948 8950 949
f 8950 8951 949
f 949 8951 951
f 8941 6591 8943
f 6591 6595 8943
f 8943 6595 8952
f 6595 6594 8952
f 8952 6594 8953
f 6594 6593 8953
f 6593 6592 8953
f 8953 6592 6598
f 6597 8954 6598
f 8954 8955 6598
f 6598 8955 8953
f 6597 6596 8954
f 6596 6603 8954
f 8954 6603 8956
f 6603 6602 8956
f 8956 6602 8957
f 6602 6601 8957
f 6601 6600 8957
f 8957 6600 8940
f 6600 6599 8940
f 8940 6599 4883
f 8942 8943 8945
f 8943 8952 8945
f 8945 8952 8958
f 8952 8953 8958
f 8958 8953 8959
f 8953 8955 8959
f 8959 8955 8960
f 8955 8954 8960
f 8960 8954 8961
f 8954 8956 8961
f 8961 8956 8962
f 8956 8957 8962
f 8962 8957 8963
f 8957 8940 8963
f 8963 8940 8964
f 8940 8917 8964
f 8964 8917 8907
f 8944 8945 8947
f 8945 8958 8947
f 8947 8958 8965
f 8958 8959 8965
f 8965 8959 8966
f 8959 8960 8966
f 8966 8960 8967
f 8960 8961 8967
f 8967 8961 8968
f 8961 8962 8968
f 8968 8962 8969
f 8962 8963 8969
f 8969 8963 8970
f 8963 8964 8970
f 8970 8964 8971
f 8964 8907 8971
f 8971 8907 8897
f 8946 8947 8949
f 8947 8965 8949
f 8949 8965 8972
f 8965 8966 8972
f 8972 8966 8973
f 8966 8967 8973
f 8973 8967 8974
f 8967 8968 8974
f 8974 8968 8975
f 8968 8969 8975
f 8975 8969 8976
f 8969 8970 8976
f 8976 8970 8977
f 8970 8971 8977
f 8977 8971 8978
f 8971 8897 8978
f 8978 8897 8887
f 8948 8949 8950
f 8949 8972 8950
f 8950 8972 8951
f 8972 8973 8951
f 8951 8973 8979
f 8973 8974 8979
f 8979 8974 8980
f 8974 8975 8980
f 8980 8975 8981
f 8975 8976 8981
f 8981 8976 8982
f 8976 8977 8982
f 8982 8977 8983
f 8977 8978 8983
f 8983 8978 8984
f 8978 8887 8984
f 8984 8887 8877
f 951 8951 8985
f 8951 8979 8985
f 8985 8979 944
f 8979 8980 944
f 944 8980 943
f 8980 8981 943
f 943 8981 941
f 8981 8982 941
f 941 8982 945
f 8982 8983 945
f 945 8983 946
f 8983 8984 946
f 946 8984 947
f 8984 8877 947
f 947 8877 939
f 8922 8919 8986
f 8927 8920 8987
f 8920 8922 8987
f 8934 8925 8988
f 8925 8927 8988
f 8930 8932 8989
f 8932 8934 8989
f 8990 8937 8930
f 8937 8990 32
f 8991 8992 6522
f 8992 8993 6522
f 6522 8993 8994
f 8993 8995 8994
f 8994 8995 6518
f 8995 8986 6518
f 6518 8986 6517
f 8986 8919 6517
f 6517 8919 4878
f 8991 6525 8992
f 6525 6527 8992
f 8992 6527 8996
f 6527 6529 8996
f 6529 6534 8996
f 8996 6534 8997
f 6534 8998 8997
f 6534 8999 8998
f 8999 6531 8998
f 8998 6531 9000
f 6531 9001 9000
f 9000 9001 6537
f 8922 8986 8987
f 8986 8995 8987
f 8987 8995 9002
f 8995 8993 9002
f 9002 8993 9003
f 8993 8992 9003
f 9003 8992 9004
f 8992 8996 9004
f 9004 8996 9005
f 8996 8997 9005
f 9005 8997 9006
f 8997 8998 9006
f 9006 8998 9007
f 8998 9000 9007
f 9007 9000 9008
f 8927 8987 8988
f 8987 9002 8988
f 8988 9002 9009
f 9002 9003 9009
f 9009 9003 9010
f 9003 9004 9010
f 9010 9004 9011
f 9004 9005 9011
f 9011 9005 9012
f 9005 9006 9012
f 9012 9006 9013
f 9006 9007 9013
f 9013 9007 9014
f 9007 9008 9014
f 9014 9008 9015
f 8934 8988 8989
f 8988 9009 8989
f 8989 9009 9016
f 9009 9010 9016
f 9016 9010 9017
f 9010 9011 9017
f 9017 9011 9018
f 9011 9012 9018
f 9018 9012 9019
f 9012 9013 9019
f 9019 9013 9020
f 9013 9014 9020
f 9020 9014 9021
f 9014 9015 9021
f 9021 9015 9022
f 8930 8989 8990
f 8989 9016 8990
f 8990 9016 9023
f 9016 9017 9023
f 9023 9017 9024
f 9017 9018 9024
f 9024 9018 9025
f 9018 9019 9025
f 9025 9019 9026
f 9019 9020 9026
f 9026 9020 9027
f 9020 9021 9027
f 9027 9021 9028
f 9021 9022 9028
f 9028 9022 9029
f 32 8990 35
f 8990 9023 35
f 35 9023 33
f 9023 9024 33
f 33 9024 38
f 9024 9025 38
f 38 9025 39
f 9025 9026 39
f 39 9026 40
f 9026 9027 40
f 40 9027 29
f 9027 9028 29
f 29 9028 26
f 9028 9029 26
f 26 9029 27
f 280 279 9030
f 4943 4945 9031
f 4945 8941 9031
f 9031 8941 9032
f 8941 8942 9032
f 9032 8942 9033
f 8942 8944 9033
f 9033 8944 9034
f 8944 8946 9034
f 9034 8946 9030
f 8946 8948 9030
f 9030 8948 280
f 8948 948 280
f 279 960 9035
f 279 9035 9030
f 9035 9036 9030
f 9030 9036 9034
f 9036 9037 9034
f 9034 9037 9033
f 9037 9038 9033
f 9033 9038 9032
f 9038 9039 9032
f 9032 9039 9031
f 4941 4943 9040
f 4943 9031 9040
f 9040 9031 9041
f 9031 9039 9041
f 3487 27 9042
f 27 9029 9042
f 9042 9029 9043
f 9029 9022 9043
f 9043 9022 9044
f 9022 9015 9044
f 9044 9015 9045
f 9015 9008 9045
f 9045 9008 9046
f 9008 9000 9046
f 9046 9000 6540
f 9000 6537 6540
f 3488 3487 9047
f 3487 9042 9047
f 9047 9042 9048
f 9042 9043 9048
f 9048 9043 9049
f 9043 9044 9049
f 9049 9044 9050
f 9044 9045 9050
f 9050 9045 9051
f 9045 9046 9051
f 9051 9046 4935
f 9046 6540 4935
f 9041 9039 9052
f 4941 9040 9053
f 9054 9055 9056
f 9055 9057 9058
f 9057 9059 9060
f 9059 9061 9062
f 9063 4910 6458
f 9064 9065 9063
f 9065 9064 9066
f 9064 9067 9066
f 9066 9067 9068
f 9067 9069 9068
f 9068 9069 9070
f 9069 9071 9070
f 9070 9071 9072
f 9072 9071 9073
f 9071 9074 9073
f 9073 9074 9075
f 9074 9076 9075
f 9075 9076 9077
f 9076 961 9077
f 9077 961 1068
f 6458 6460 9078
f 9063 6458 9064
f 6458 9078 9064
f 9064 9078 9067
f 9078 9079 9067
f 9067 9079 9069
f 9079 9080 9069
f 9069 9080 9071
f 9080 9081 9071
f 9071 9081 9074
f 9081 9082 9074
f 9074 9082 9076
f 9082 9083 9076
f 9076 9083 961
f 953 9084 9083
f 9084 276 9083
f 9083 276 961
f 6466 6464 9085
f 6464 6462 9085
f 9085 6462 6471
f 9061 9085 9086
f 9085 6471 9086
f 9086 6471 9087
f 6471 6470 9087
f 6470 6469 9087
f 6469 6472 9087
f 9087 6472 9088
f 6472 6474 9088
f 9088 6474 9089
f 9055 9058 9056
f 9058 9090 9056
f 9056 9090 9091
f 9090 9092 9091
f 9091 9092 9093
f 9092 9094 9093
f 9093 9094 9095
f 9094 9096 9095
f 9095 9096 9097
f 9054 9056 9098
f 9056 9091 9098
f 9098 9091 9099
f 9091 9093 9099
f 9099 9093 9100
f 9093 9095 9100
f 9100 9095 9101
f 9095 9097 9101
f 9101 9097 9102
f 6474 6476 9089
f 6476 6478 9089
f 9089 6478 9053
f 6478 6480 9053
f 9053 6480 4941
f 9061 9086 9062
f 9086 9087 9062
f 9062 9087 9103
f 9087 9088 9103
f 9103 9088 9104
f 9088 9089 9104
f 9104 9089 9105
f 9089 9053 9105
f 9105 9053 9052
f 9053 9040 9052
f 9052 9040 9041
f 9059 9062 9060
f 9062 9103 9060
f 9060 9103 9106
f 9103 9104 9106
f 9106 9104 9107
f 9104 9105 9107
f 9107 9105 9108
f 9105 9052 9108
f 9108 9052 9109
f 9052 9039 9109
f 9109 9039 9038
f 9057 9060 9058
f 9060 9106 9058
f 9058 9106 9090
f 9106 9107 9090
f 9090 9107 9092
f 9107 9108 9092
f 9092 9108 9094
f 9108 9109 9094
f 9094 9109 9096
f 9109 9038 9096
f 9096 9038 9097
f 9038 9037 9097
f 9097 9037 9102
f 9037 9036 9102
f 9102 9036 9035
f 6460 6466 9078
f 6466 9085 9078
f 9078 9085 9079
f 9085 9061 9079
f 9079 9061 9080
f 9061 9059 9080
f 9080 9059 9081
f 9059 9057 9081
f 9081 9057 9082
f 9057 9055 9082
f 9082 9055 9083
f 9055 9054 9083
f 9083 9054 953
f 9054 9098 953
f 953 9098 955
f 9098 9099 955
f 955 9099 956
f 9099 9100 956
f 956 9100 957
f 9100 9101 957
f 957 9101 958
f 9101 9102 958
f 958 9102 959
f 9102 9035 959
f 959 9035 960
f 3489 3488 9110
f 3488 9047 9110
f 9110 9047 9111
f 9047 9048 9111
f 9111 9048 9112
f 9048 9049 9112
f 9112 9049 9113
f 9049 9050 9113
f 9113 9050 9114
f 9050 9051 9114
f 9114 9051 4934
f 9051 4935 4934
f 1101 3489 9115
f 3489 9110 9115
f 9115 9110 9116
f 9110 9111 9116
f 9116 9111 9117
f 9111 9112 9117
f 9117 9112 9118
f 9112 9113 9118
f 9118 9113 9119
f 9113 9114 9119
f 9119 9114 4937
f 9114 4934 4937
f 9120 9121 4924
f 9122 9123 9121
f 9124 9125 9123
f 9126 9127 9125
f 9128 9129 9127
f 9130 9131 9129
f 9132 9133 9131
f 9134 9135 9133
f 9136 9137 9135
f 985 9137 986
f 9137 9136 986
f 986 9136 9138
f 9139 9140 9141
f 9140 9077 9141
f 9141 9077 1068
f 9139 962 9140
f 962 9142 9140
f 9140 9142 9143
f 9142 966 9143
f 966 9144 9143
f 9144 9145 9143
f 9143 9145 9146
f 9145 273 9146
f 273 9147 9146
f 9146 9147 9148
f 9147 972 9148
f 972 9149 9148
f 9148 9149 9150
f 9149 975 9150
f 9150 975 9151
f 975 9152 9151
f 9152 978 9151
f 978 982 9151
f 9151 982 9153
f 982 981 9153
f 9153 981 9154
f 981 9155 9154
f 9154 9155 9138
f 9155 987 9138
f 9138 987 986
f 9135 9134 9136
f 9134 9156 9136
f 9136 9156 9138
f 9156 9157 9138
f 9138 9157 9154
f 9157 9158 9154
f 9154 9158 9153
f 9158 9159 9153
f 9153 9159 9151
f 9159 9160 9151
f 9151 9160 9150
f 9160 9161 9150
f 9150 9161 9148
f 9161 9162 9148
f 9148 9162 9146
f 9162 9163 9146
f 9146 9163 9143
f 9163 9164 9143
f 9143 9164 9140
f 9164 9075 9140
f 9140 9075 9077
f 9133 9132 9134
f 9132 9165 9134
f 9134 9165 9156
f 9165 9166 9156
f 9156 9166 9157
f 9166 9167 9157
f 9157 9167 9158
f 9167 9168 9158
f 9158 9168 9159
f 9168 9169 9159
f 9159 9169 9160
f 9169 9170 9160
f 9160 9170 9161
f 9170 9171 9161
f 9161 9171 9162
f 9171 9172 9162
f 9162 9172 9163
f 9172 9173 9163
f 9163 9173 9164
f 9173 9073 9164
f 9164 9073 9075
f 9131 9130 9132
f 9130 9174 9132
f 9132 9174 9165
f 9174 9175 9165
f 9165 9175 9166
f 9175 9176 9166
f 9166 9176 9167
f 9176 9177 9167
f 9167 9177 9168
f 9177 9178 9168
f 9168 9178 9169
f 9178 9179 9169
f 9169 9179 9170
f 9179 9180 9170
f 9170 9180 9171
f 9180 9181 9171
f 9171 9181 9172
f 9181 9182 9172
f 9172 9182 9173
f 9182 9072 9173
f 9173 9072 9073
f 9129 9128 9130
f 9128 9183 9130
f 9130 9183 9174
f 9183 9184 9174
f 9174 9184 9175
f 9184 9185 9175
f 9175 9185 9176
f 9185 9186 9176
f 9176 9186 9177
f 9186 9187 9177
f 9177 9187 9178
f 9187 9188 9178
f 9178 9188 9179
f 9188 9189 9179
f 9179 9189 9180
f 9189 9190 9180
f 9180 9190 9181
f 9190 9191 9181
f 9181 9191 9182
f 9191 9070 9182
f 9182 9070 9072
f 9127 9126 9128
f 9126 9192 9128
f 9128 9192 9183
f 9192 9193 9183
f 9183 9193 9184
f 9193 9194 9184
f 9184 9194 9185
f 9194 9195 9185
f 9185 9195 9186
f 9195 9196 9186
f 9186 9196 9187
f 9196 9197 9187
f 9187 9197 9188
f 9197 9198 9188
f 9188 9198 9189
f 9198 9199 9189
f 9189 9199 9190
f 9199 9200 9190
f 9190 9200 9191
f 9200 9068 9191
f 9191 9068 9070
f 9125 9124 9126
f 9124 9201 9126
f 9126 9201 9192
f 9201 9202 9192
f 9192 9202 9193
f 9202 9203 9193
f 9193 9203 9194
f 9203 9204 9194
f 9194 9204 9195
f 9204 9205 9195
f 9195 9205 9196
f 9205 9206 9196
f 9196 9206 9197
f 9206 9207 9197
f 9197 9207 9198
f 9207 9208 9198
f 9198 9208 9199
f 9208 9209 9199
f 9199 9209 9200
f 9209 9066 9200
f 9200 9066 9068
f 9123 9122 9124
f 9122 9210 9124
f 9124 9210 9201
f 9210 9211 9201
f 9201 9211 9202
f 9211 9212 9202
f 9202 9212 9203
f 9212 9213 9203
f 9203 9213 9204
f 9213 9214 9204
f 9204 9214 9205
f 9214 9215 9205
f 9205 9215 9206
f 9215 9216 9206
f 9206 9216 9207
f 9216 9217 9207
f 9207 9217 9208
f 9217 9218 9208
f 9208 9218 9209
f 9218 9065 9209
f 9209 9065 9066
f 9121 9120 9122
f 9120 9219 9122
f 9122 9219 9210
f 9219 9220 9210
f 9210 9220 9211
f 9220 9221 9211
f 9211 9221 9212
f 9221 9222 9212
f 9212 9222 9213
f 9222 9223 9213
f 9213 9223 9214
f 9223 9224 9214
f 9214 9224 9215
f 9224 9225 9215
f 9215 9225 9216
f 9225 9226 9216
f 9216 9226 9217
f 9226 9227 9217
f 9217 9227 9218
f 9227 9228 9218
f 9218 9228 9065
f 4924 4933 9120
f 4933 4932 9120
f 9120 4932 9219
f 4932 4931 9219
f 9219 4931 9220
f 4931 4930 9220
f 9220 4930 9221
f 4930 4929 9221
f 9221 4929 9222
f 4929 4928 9222
f 9222 4928 9223
f 4928 4927 9223
f 9223 4927 9224
f 4927 4925 9224
f 9224 4925 9225
f 4925 4923 9225
f 9225 4923 9226
f 4923 4922 9226
f 9226 4922 9227
f 4922 4910 9227
f 9227 4910 9228
f 1104 1102 9229
f 1102 9230 9229
f 9229 9230 9231
f 9231 9230 9232
f 9230 9233 9232
f 9232 9233 9234
f 9233 9235 9234
f 9234 9235 9236
f 9236 9235 9237
f 9235 9238 9237
f 9237 9238 9239
f 9238 9240 9239
f 9239 9240 9241
f 9240 4940 9241
f 9241 4940 4939
f 4937 4940 9119
f 4940 9240 9119
f 9119 9240 9118
f 9240 9238 9118
f 9118 9238 9117
f 9238 9235 9117
f 9117 9235 9116
f 9235 9233 9116
f 9116 9233 9115
f 9233 9230 9115
f 9115 9230 1101
f 9230 1102 1101
f 1267 1266 9242
f 9243 1269 9244
f 9245 1274 9246
f 9247 1271 9248
f 9249 1279 9250
f 9251 1296 9252
f 9253 9254 9255
f 9256 9257 9258
f 9259 4915 4917
f 9260 9261 9262
f 9261 9259 9262
f 9257 9263 9258
f 9263 9264 9258
f 9258 9264 9260
f 9265 9266 9267
f 9266 9268 9267
f 9267 9268 9256
f 9269 9270 9271
f 9270 9272 9271
f 9271 9272 9265
f 9273 9274 9275
f 9274 9276 9275
f 9275 9276 9269
f 9254 9277 9255
f 9277 9278 9255
f 9255 9278 9273
f 9279 9280 9281
f 9280 9282 9281
f 9281 9282 9253
f 9283 9284 9285
f 9284 9286 9285
f 9286 9287 9285
f 9285 9287 9279
f 9288 9289 9290
f 9289 9291 9290
f 9290 9291 9283
f 1303 1302 9288
f 9288 9290 1303
f 9290 9292 1303
f 1303 9292 1304
f 1304 9292 9293
f 9292 9294 9293
f 9293 9294 1298
f 9294 9295 1298
f 1298 9295 1293
f 9252 1296 9295
f 1296 9296 9295
f 9295 9296 1293
f 9251 9252 9297
f 9252 9298 9297
f 9297 9298 1291
f 9298 9299 1291
f 1291 9299 1292
f 1292 9299 9300
f 9299 9301 9300
f 9300 9301 1287
f 9301 9302 1287
f 1287 9302 1288
f 9259 4917 9262
f 4917 4918 9262
f 9262 4918 9303
f 4918 4908 9303
f 9303 4908 9304
f 4908 4907 9304
f 9304 4907 9305
f 4907 4906 9305
f 9305 4906 9306
f 4906 4903 9306
f 9306 4903 9307
f 4903 4902 9307
f 9307 4902 9308
f 4902 4905 9308
f 9308 4905 9309
f 4905 4909 9309
f 9309 4909 9310
f 4909 4911 9310
f 9310 4911 9311
f 9260 9262 9258
f 9262 9303 9258
f 9258 9303 9312
f 9303 9304 9312
f 9312 9304 9313
f 9304 9305 9313
f 9313 9305 9314
f 9305 9306 9314
f 9314 9306 9315
f 9306 9307 9315
f 9315 9307 9316
f 9307 9308 9316
f 9316 9308 9317
f 9308 9309 9317
f 9317 9309 9318
f 9309 9310 9318
f 9318 9310 9319
f 9310 9311 9319
f 9319 9311 9320
f 9256 9258 9267
f 9258 9312 9267
f 9267 9312 9321
f 9312 9313 9321
f 9321 9313 9322
f 9313 9314 9322
f 9322 9314 9323
f 9314 9315 9323
f 9323 9315 9324
f 9315 9316 9324
f 9324 9316 9325
f 9316 9317 9325
f 9325 9317 9326
f 9317 9318 9326
f 9326 9318 9327
f 9318 9319 9327
f 9327 9319 9328
f 9319 9320 9328
f 9328 9320 9329
f 9265 9267 9271
f 9267 9321 9271
f 9271 9321 9330
f 9321 9322 9330
f 9330 9322 9331
f 9322 9323 9331
f 9331 9323 9332
f 9323 9324 9332
f 9332 9324 9333
f 9324 9325 9333
f 9333 9325 9334
f 9325 9326 9334
f 9334 9326 9335
f 9326 9327 9335
f 9335 9327 9336
f 9327 9328 9336
f 9336 9328 9337
f 9328 9329 9337
f 9337 9329 9338
f 9269 9271 9275
f 9271 9330 9275
f 9275 9330 9339
f 9330 9331 9339
f 9339 9331 9340
f 9331 9332 9340
f 9340 9332 9341
f 9332 9333 9341
f 9341 9333 9342
f 9333 9334 9342
f 9342 9334 9343
f 9334 9335 9343
f 9343 9335 9344
f 9335 9336 9344
f 9344 9336 9345
f 9336 9337 9345
f 9345 9337 9346
f 9337 9338 9346
f 9346 9338 9347
f 9273 9275 9255
f 9275 9339 9255
f 9255 9339 9348
f 9339 9340 9348
f 9348 9340 9349
f 9340 9341 9349
f 9349 9341 9350
f 9341 9342 9350
f 9350 9342 9351
f 9342 9343 9351
f 9351 9343 9352
f 9343 9344 9352
f 9352 9344 9353
f 9344 9345 9353
f 9353 9345 9354
f 9345 9346 9354
f 9354 9346 9355
f 9346 9347 9355
f 9355 9347 9356
f 9253 9255 9281
f 9255 9348 9281
f 9281 9348 9357
f 9348 9349 9357
f 9357 9349 9358
f 9349 9350 9358
f 9358 9350 9359
f 9350 9351 9359
f 9359 9351 9360
f 9351 9352 9360
f 9360 9352 9361
f 9352 9353 9361
f 9361 9353 9362
f 9353 9354 9362
f 9362 9354 9363
f 9354 9355 9363
f 9363 9355 9364
f 9355 9356 9364
f 9364 9356 9365
f 9279 9281 9285
f 9281 9357 9285
f 9285 9357 9366
f 9357 9358 9366
f 9366 9358 9367
f 9358 9359 9367
f 9367 9359 9368
f 9359 9360 9368
f 9368 9360 9369
f 9360 9361 9369
f 9369 9361 9370
f 9361 9362 9370
f 9370 9362 9371
f 9362 9363 9371
f 9371 9363 9372
f 9363 9364 9372
f 9372 9364 9373
f 9364 9365 9373
f 9373 9365 9374
f 9283 9285 9290
f 9285 9366 9290
f 9290 9366 9292
f 9366 9367 9292
f 9292 9367 9294
f 9367 9368 9294
f 9294 9368 9295
f 9368 9369 9295
f 9295 9369 9252
f 9369 9370 9252
f 9252 9370 9298
f 9370 9371 9298
f 9298 9371 9299
f 9371 9372 9299
f 9299 9372 9301
f 9372 9373 9301
f 9301 9373 9302
f 9373 9374 9302
f 9302 9374 9375
f 9375 1278 9376
f 9375 9376 9302
f 9376 9377 9302
f 9302 9377 1288
f 1279 1278 9250
f 1278 9375 9250
f 9250 9375 9378
f 9375 9374 9378
f 9378 9374 9379
f 9374 9365 9379
f 9379 9365 9380
f 9365 9356 9380
f 9380 9356 9381
f 9356 9347 9381
f 9381 9347 9382
f 9347 9338 9382
f 9382 9338 9383
f 9338 9329 9383
f 9383 9329 9384
f 9329 9320 9384
f 9384 9320 9385
f 9320 9311 9385
f 9385 9311 4914
f 9311 4911 4914
f 4914 4913 9385
f 4913 9386 9385
f 9385 9386 9384
f 9386 9387 9384
f 9384 9387 9383
f 9387 9388 9383
f 9383 9388 9382
f 9388 9389 9382
f 9382 9389 9381
f 9389 9390 9381
f 9381 9390 9380
f 9390 9391 9380
f 9380 9391 9379
f 9391 9392 9379
f 9379 9392 9378
f 9392 9393 9378
f 9378 9393 9250
f 9393 9394 9250
f 9250 9394 9249
f 9394 1281 9249
f 1271 1281 9248
f 1281 9394 9248
f 9248 9394 9395
f 9394 9393 9395
f 9395 9393 9396
f 9393 9392 9396
f 9396 9392 9397
f 9392 9391 9397
f 9397 9391 9398
f 9391 9390 9398
f 9398 9390 9399
f 9390 9389 9399
f 9399 9389 9400
f 9389 9388 9400
f 9400 9388 9401
f 9388 9387 9401
f 9401 9387 9402
f 9387 9386 9402
f 9402 9386 4912
f 9386 4913 4912
f 4912 4921 9402
f 4921 9403 9402
f 9402 9403 9401
f 9403 9404 9401
f 9401 9404 9400
f 9404 9405 9400
f 9400 9405 9399
f 9405 9406 9399
f 9399 9406 9398
f 9406 9407 9398
f 9398 9407 9397
f 9407 9408 9397
f 9397 9408 9396
f 9408 9409 9396
f 9396 9409 9395
f 9409 9410 9395
f 9395 9410 9248
f 9410 9246 9248
f 9248 9246 9247
f 9246 1274 9247
f 1269 9245 9244
f 9245 9246 9244
f 9244 9246 9411
f 9246 9410 9411
f 9411 9410 9412
f 9410 9409 9412
f 9412 9409 9413
f 9409 9408 9413
f 9413 9408 9414
f 9408 9407 9414
f 9414 9407 9415
f 9407 9406 9415
f 9415 9406 9416
f 9406 9405 9416
f 9416 9405 9417
f 9405 9404 9417
f 9417 9404 9418
f 9404 9403 9418
f 9418 9403 4920
f 9403 4921 4920
f 1264 9243 9419
f 9243 9244 9419
f 9419 9244 9420
f 9244 9411 9420
f 9420 9411 9421
f 9411 9412 9421
f 9421 9412 9422
f 9412 9413 9422
f 9422 9413 9423
f 9413 9414 9423
f 9423 9414 9424
f 9414 9415 9424
f 9424 9415 9425
f 9415 9416 9425
f 9425 9416 9426
f 9416 9417 9426
f 9426 9417 9427
f 9417 9418 9427
f 9427 9418 4919
f 9418 4920 4919
f 1266 1264 9242
f 1264 9419 9242
f 9242 9419 9428
f 9419 9420 9428
f 9428 9420 9429
f 9420 9421 9429
f 9429 9421 9430
f 9421 9422 9430
f 9430 9422 9431
f 9422 9423 9431
f 9431 9423 9432
f 9423 9424 9432
f 9432 9424 9433
f 9424 9425 9433
f 9433 9425 9434
f 9425 9426 9434
f 9434 9426 9435
f 9426 9427 9435
f 9435 9427 4926
f 9427 4919 4926
f 4926 4924 9435
f 4924 9121 9435
f 9435 9121 9434
f 9121 9123 9434
f 9434 9123 9433
f 9123 9125 9433
f 9433 9125 9432
f 9125 9127 9432
f 9432 9127 9431
f 9127 9129 9431
f 9431 9129 9430
f 9129 9131 9430
f 9430 9131 9429
f 9131 9133 9429
f 9429 9133 9428
f 9133 9135 9428
f 9428 9135 9242
f 9135 9137 9242
f 9242 9137 1267
f 9137 985 1267
f 6433 6432 9436
f 9437 6454 9438
f 9439 6448 9440
f 9241 4939 9441
f 4939 6438 9441
f 9441 6438 6446
f 9241 9441 9239
f 9441 9442 9239
f 9239 9442 9237
f 1106 1104 9443
f 1104 9229 9443
f 9443 9229 9444
f 9229 9231 9444
f 9444 9231 9445
f 9231 9232 9445
f 9445 9232 9446
f 9232 9234 9446
f 9446 9234 9447
f 9234 9236 9447
f 9447 9236 9448
f 9236 9237 9448
f 9448 9237 9449
f 9237 9442 9449
f 1107 1106 9450
f 1106 9443 9450
f 9450 9443 9451
f 9443 9444 9451
f 9451 9444 9452
f 9444 9445 9452
f 9452 9445 9453
f 9445 9446 9453
f 9453 9446 9454
f 9446 9447 9454
f 9454 9447 9455
f 9447 9448 9455
f 9455 9448 9456
f 9448 9449 9456
f 9456 9449 9457
f 9449 9442 9457
f 9457 9442 9458
f 9442 9441 9458
f 9458 9441 6440
f 9441 6446 6440
f 1108 1107 9459
f 1107 9450 9459
f 9459 9450 9460
f 9450 9451 9460
f 9460 9451 9461
f 9451 9452 9461
f 9461 9452 9462
f 9452 9453 9462
f 9462 9453 9463
f 9453 9454 9463
f 9463 9454 9464
f 9454 9455 9464
f 9464 9455 9465
f 9455 9456 9465
f 9465 9456 9466
f 9456 9457 9466
f 9466 9457 9467
f 9457 9458 9467
f 9467 9458 9468
f 9458 6440 9468
f 9439 9440 6451
f 1109 1108 9469
f 1108 9459 9469
f 9469 9459 9470
f 9459 9460 9470
f 9470 9460 9471
f 9460 9461 9471
f 9471 9461 9472
f 9461 9462 9472
f 9472 9462 9473
f 9462 9463 9473
f 9473 9463 9474
f 9463 9464 9474
f 9474 9464 9475
f 9464 9465 9475
f 9475 9465 9476
f 9465 9466 9476
f 9476 9466 9440
f 9466 9467 9440
f 9440 9467 6451
f 9467 9468 6451
f 1111 1109 9477
f 1109 9469 9477
f 9477 9469 9478
f 9469 9470 9478
f 9478 9470 9479
f 9470 9471 9479
f 9479 9471 9480
f 9471 9472 9480
f 9480 9472 9481
f 9472 9473 9481
f 9481 9473 9482
f 9473 9474 9482
f 9482 9474 9483
f 9474 9475 9483
f 9483 9475 9484
f 9475 9476 9484
f 9484 9476 9438
f 9476 9440 9438
f 9438 9440 9437
f 9440 6448 9437
f 1112 1111 9485
f 1111 9477 9485
f 9485 9477 9486
f 9477 9478 9486
f 9486 9478 9487
f 9478 9479 9487
f 9487 9479 9488
f 9479 9480 9488
f 9488 9480 9489
f 9480 9481 9489
f 9489 9481 9490
f 9481 9482 9490
f 9490 9482 9491
f 9482 9483 9491
f 9491 9483 9492
f 9483 9484 9492
f 9492 9484 9493
f 9484 9438 9493
f 9493 9438 6455
f 9438 6454 6455
f 1113 1112 9494
f 1112 9485 9494
f 9494 9485 9495
f 9485 9486 9495
f 9495 9486 9496
f 9486 9487 9496
f 9496 9487 9497
f 9487 9488 9497
f 9497 9488 9498
f 9488 9489 9498
f 9498 9489 9499
f 9489 9490 9499
f 9499 9490 9500
f 9490 9491 9500
f 9500 9491 9501
f 9491 9492 9501
f 9501 9492 9502
f 9492 9493 9502
f 9502 9493 6456
f 9493 6455 6456
f 1114 1113 9503
f 1113 9494 9503
f 9503 9494 9504
f 9494 9495 9504
f 9504 9495 9505
f 9495 9496 9505
f 9505 9496 9506
f 9496 9497 9506
f 9506 9497 9507
f 9497 9498 9507
f 9507 9498 9508
f 9498 9499 9508
f 9508 9499 9509
f 9499 9500 9509
f 9509 9500 9510
f 9500 9501 9510
f 9510 9501 9436
f 9501 9502 9436
f 9436 9502 6433
f 9502 6456 6433
f 1116 1114 9511
f 1114 9503 9511
f 9511 9503 9512
f 9503 9504 9512
f 9512 9504 9513
f 9504 9505 9513
f 9513 9505 9514
f 9505 9506 9514
f 9514 9506 9515
f 9506 9507 9515
f 9515 9507 9516
f 9507 9508 9516
f 9516 9508 9517
f 9508 9509 9517
f 9517 9509 9518
f 9509 9510 9518
f 9518 9510 9519
f 9510 9436 9519
f 9519 9436 4916
f 9436 6432 4916
f 9520 9521 9513
f 9522 9523 9512
f 1117 1116 9524
f 1116 9511 9524
f 9524 9511 9525
f 9523 9526 9512
f 9526 9527 9512
f 9512 9527 9511
f 9527 9528 9511
f 9511 9528 9525
f 9513 9521 9512
f 9521 9529 9512
f 9512 9529 9522
f 9530 9531 9514
f 9531 9532 9514
f 9514 9532 9513
f 9532 9533 9513
f 9513 9533 9520
f 9530 9514 9534
f 9514 9515 9534
f 9534 9515 9535
f 9536 9537 9516
f 9537 9538 9516
f 9516 9538 9515
f 9538 9539 9515
f 9515 9539 9535
f 9536 9516 9540
f 9516 9517 9540
f 9540 9517 9541
f 9542 9543 9518
f 9543 9544 9518
f 9518 9544 9517
f 9544 9545 9517
f 9517 9545 9541
f 9546 9547 9519
f 9547 9548 9519
f 9519 9548 9518
f 9548 9549 9518
f 9518 9549 9542
f 9546 9519 9550
f 9519 4916 9550
f 9550 4916 4915
f 9551 9552 9553
f 9554 9555 9556
f 9557 5159 5161
f 1198 9558 1199
f 9558 9559 1199
f 9560 9561 9562
f 9561 9557 9562
f 9563 9564 9565
f 9564 9566 9565
f 9555 9567 9556
f 9567 9568 9556
f 9556 9568 9563
f 9569 9570 9571
f 9570 9554 9571
f 9572 1199 9571
f 1199 9559 9571
f 9571 9559 9569
f 9573 9574 9572
f 9574 1200 9572
f 9572 1200 1199
f 9575 1191 9576
f 1191 9577 9576
f 9576 9577 9573
f 9577 1194 9573
f 9573 1194 9574
f 9578 9579 9575
f 9579 1192 9575
f 9575 1192 1191
f 9580 1184 9581
f 1184 9582 9581
f 9581 9582 9578
f 9582 1187 9578
f 9578 1187 9579
f 9583 9584 9580
f 9584 1179 9580
f 9580 1179 1184
f 9585 9586 9583
f 9586 1182 9583
f 9583 1182 9584
f 9587 1174 9588
f 1174 1178 9588
f 9588 1178 9585
f 1178 1177 9585
f 9585 1177 9586
f 9589 9590 9587
f 9590 1175 9587
f 9587 1175 1174
f 9563 9565 9556
f 9565 9591 9556
f 9556 9591 9592
f 9591 9593 9592
f 9592 9593 9594
f 9593 9595 9594
f 9594 9595 9596
f 9595 9597 9596
f 9596 9597 9598
f 9597 9599 9598
f 9598 9599 9600
f 9599 9601 9600
f 9600 9601 9602
f 9601 9603 9602
f 9602 9603 9604
f 9603 9605 9604
f 9604 9605 9606
f 9605 9607 9606
f 9606 9607 9608
f 9607 9609 9608
f 9608 9609 9610
f 9609 9611 9610
f 9610 9611 9612
f 9611 9613 9612
f 9612 9613 9614
f 9613 9615 9614
f 9614 9615 9616
f 9615 9617 9616
f 9616 9617 9618
f 9554 9556 9571
f 9556 9592 9571
f 9571 9592 9572
f 9592 9594 9572
f 9572 9594 9573
f 9594 9596 9573
f 9573 9596 9576
f 9596 9598 9576
f 9576 9598 9575
f 9598 9600 9575
f 9575 9600 9578
f 9600 9602 9578
f 9578 9602 9581
f 9602 9604 9581
f 9581 9604 9580
f 9604 9606 9580
f 9580 9606 9583
f 9606 9608 9583
f 9583 9608 9585
f 9608 9610 9585
f 9585 9610 9588
f 9610 9612 9588
f 9588 9612 9587
f 9612 9614 9587
f 9587 9614 9589
f 9614 9616 9589
f 9589 9616 9619
f 9616 9618 9619
f 9619 9618 9620
f 9557 5161 9562
f 5161 5162 9562
f 9562 5162 9621
f 5162 5152 9621
f 9621 5152 9622
f 5152 5151 9622
f 9622 5151 9623
f 5151 5155 9623
f 9623 5155 9624
f 5155 5154 9624
f 9624 5154 9625
f 5154 5153 9625
f 9625 5153 9626
f 5153 5158 9626
f 9626 5158 9627
f 5158 5157 9627
f 9627 5157 9628
f 5157 5165 9628
f 9628 5165 9629
f 5165 5164 9629
f 9629 5164 9630
f 5164 5163 9630
f 9630 5163 9631
f 5163 5170 9631
f 9631 5170 9632
f 5170 5169 9632
f 9632 5169 9633
f 5169 5166 9633
f 9633 5166 9553
f 5166 5167 9553
f 9553 5167 9551
f 9552 9617 9553
f 9617 9615 9553
f 9553 9615 9633
f 9615 9613 9633
f 9633 9613 9632
f 9613 9611 9632
f 9632 9611 9631
f 9611 9609 9631
f 9631 9609 9630
f 9609 9607 9630
f 9630 9607 9629
f 9607 9605 9629
f 9629 9605 9628
f 9605 9603 9628
f 9628 9603 9627
f 9603 9601 9627
f 9627 9601 9626
f 9601 9599 9626
f 9626 9599 9625
f 9599 9597 9625
f 9625 9597 9624
f 9597 9595 9624
f 9624 9595 9623
f 9595 9593 9623
f 9623 9593 9622
f 9593 9591 9622
f 9622 9591 9621
f 9591 9565 9621
f 9621 9565 9562
f 9565 9566 9562
f 9562 9566 9560
f 1169 1168 9620
f 1168 1166 9620
f 9620 1166 9619
f 1166 9634 9619
f 9619 9634 9589
f 9634 1170 9589
f 9589 1170 9590
f 9552 9635 9617
f 9635 9636 9617
f 9617 9636 9618
f 9636 9637 9618
f 9618 9637 9620
f 9637 9638 9620
f 9620 9638 1169
f 9638 9639 1169
f 1169 9639 432
f 9552 9551 9640
f 9551 5167 9640
f 9641 9635 9552
f 9642 9636 9635
f 9638 9637 9643
f 9637 9636 9643
f 9644 9639 9638
f 9645 401 9646
f 9645 9646 9647
f 9646 9648 9647
f 9647 9648 9649
f 447 9650 9651
f 9650 9647 9651
f 9651 9647 405
f 9647 9649 405
f 447 412 9650
f 412 9652 9650
f 9650 9652 9653
f 9652 417 9653
f 9653 417 9654
f 417 416 9654
f 416 414 9654
f 414 9655 9654
f 9654 9655 9656
f 9655 9657 9656
f 9657 418 9656
f 9656 418 9658
f 418 9659 9658
f 9659 422 9658
f 422 425 9658
f 9658 425 9660
f 425 9661 9660
f 9660 9661 9662
f 432 9639 341
f 9639 9644 341
f 341 9644 9663
f 9644 9664 9663
f 9663 9664 426
f 9664 9665 426
f 426 9665 428
f 9665 9662 428
f 428 9662 429
f 9662 9661 429
f 9638 9643 9644
f 9643 9666 9644
f 9644 9666 9664
f 9666 9667 9664
f 9664 9667 9665
f 9667 9668 9665
f 9665 9668 9662
f 9668 9669 9662
f 9662 9669 9660
f 9669 9670 9660
f 9660 9670 9658
f 9670 9671 9658
f 9658 9671 9656
f 9671 9672 9656
f 9656 9672 9654
f 9672 9673 9654
f 9654 9673 9653
f 9673 9674 9653
f 9653 9674 9650
f 9674 9675 9650
f 9650 9675 9647
f 9675 9676 9647
f 9647 9676 9645
f 9636 9642 9643
f 9642 9677 9643
f 9643 9677 9666
f 9677 9678 9666
f 9666 9678 9667
f 9678 9679 9667
f 9667 9679 9668
f 9679 9680 9668
f 9668 9680 9669
f 9680 9681 9669
f 9669 9681 9670
f 9681 9682 9670
f 9670 9682 9671
f 9682 9683 9671
f 9671 9683 9672
f 9683 9684 9672
f 9672 9684 9673
f 9684 9685 9673
f 9673 9685 9674
f 9685 9686 9674
f 9674 9686 9675
f 9686 9687 9675
f 9675 9687 9676
f 9635 9641 9642
f 9641 9688 9642
f 9642 9688 9677
f 9688 9689 9677
f 9677 9689 9678
f 9689 9690 9678
f 9678 9690 9679
f 9690 9691 9679
f 9679 9691 9680
f 9691 9692 9680
f 9680 9692 9681
f 9692 9693 9681
f 9681 9693 9682
f 9693 9694 9682
f 9682 9694 9683
f 9694 9695 9683
f 9683 9695 9684
f 9695 9696 9684
f 9684 9696 9685
f 9696 9697 9685
f 9685 9697 9686
f 9697 9698 9686
f 9686 9698 9687
f 9552 9640 9641
f 9640 9699 9641
f 9641 9699 9688
f 9699 9700 9688
f 9688 9700 9689
f 9700 9701 9689
f 9689 9701 9690
f 9701 9702 9690
f 9690 9702 9691
f 9702 9703 9691
f 9691 9703 9692
f 9703 9704 9692
f 9692 9704 9693
f 9704 9705 9693
f 9693 9705 9694
f 9705 9706 9694
f 9694 9706 9695
f 9706 9707 9695
f 9695 9707 9696
f 9707 9708 9696
f 9696 9708 9697
f 9708 9709 9697
f 9697 9709 9698
f 5167 5180 9640
f 5180 5179 9640
f 9640 5179 9699
f 5179 5178 9699
f 9699 5178 9700
f 5178 5177 9700
f 9700 5177 9701
f 5177 5176 9701
f 9701 5176 9702
f 5176 5175 9702
f 9702 5175 9703
f 5175 5174 9703
f 9703 5174 9704
f 5174 5173 9704
f 9704 5173 9705
f 5173 5172 9705
f 9705 5172 9706
f 5172 5171 9706
f 9706 5171 9707
f 5171 5168 9707
f 9707 5168 9708
f 5168 5156 9708
f 9708 5156 9709
f 65 64 9710
f 64 9711 9710
f 9712 9713 9714
f 9713 9715 9714
f 9714 9715 9716
f 9715 9717 9716
f 9716 9717 9711
f 9717 9718 9711
f 9711 9718 9710
f 9719 9720 9721
f 9720 9722 9721
f 9722 9723 9721
f 9721 9723 9724
f 9723 9725 9724
f 9724 9725 9726
f 9725 9727 9726
f 9726 9727 9712
f 9727 9728 9712
f 9712 9728 9713
f 9721 9729 9719
f 9729 9730 9719
f 9719 9730 9731
f 9730 5160 9731
f 9731 5160 5159
f 5214 9732 9733
f 9734 9735 9736
f 9735 9737 9738
f 9737 9739 9740
f 5253 5255 9741
f 9709 5156 5251
f 402 401 9742
f 401 9645 9742
f 9742 9645 9743
f 9645 9676 9743
f 9743 9676 9744
f 9676 9687 9744
f 9744 9687 9745
f 9687 9698 9745
f 9745 9698 9746
f 9698 9709 9746
f 5253 9741 5251
f 9709 5251 9746
f 5251 9741 9746
f 9746 9741 9745
f 9741 9747 9745
f 9745 9747 9744
f 9747 9748 9744
f 9744 9748 9743
f 9748 9749 9743
f 9743 9749 9742
f 9749 9750 9742
f 9742 9750 402
f 390 9751 9750
f 9751 344 9750
f 9750 344 402
f 5257 5258 9752
f 5258 5249 9752
f 9739 9752 9753
f 9752 5249 9753
f 9753 5249 9754
f 5249 5248 9754
f 5248 5261 9754
f 5261 5262 9754
f 9754 5262 9755
f 5262 9756 9755
f 9755 9756 9757
f 9756 5266 9757
f 5266 5268 9757
f 9757 5268 9733
f 5268 5270 9733
f 9733 5270 5214
f 9739 9753 9740
f 9753 9754 9740
f 9740 9754 9758
f 9754 9755 9758
f 9758 9755 9759
f 9755 9757 9759
f 9759 9757 9760
f 9757 9733 9760
f 9760 9733 9761
f 9733 9732 9761
f 9761 9732 9762
f 9737 9740 9738
f 9740 9758 9738
f 9738 9758 9763
f 9758 9759 9763
f 9763 9759 9764
f 9759 9760 9764
f 9764 9760 9765
f 9760 9761 9765
f 9765 9761 9766
f 9761 9762 9766
f 9766 9762 9767
f 9735 9738 9736
f 9738 9763 9736
f 9736 9763 9768
f 9763 9764 9768
f 9768 9764 9769
f 9764 9765 9769
f 9769 9765 9770
f 9765 9766 9770
f 9770 9766 9771
f 9766 9767 9771
f 9771 9767 9772
f 9734 9736 9773
f 9736 9768 9773
f 9773 9768 9774
f 9768 9769 9774
f 9774 9769 9775
f 9769 9770 9775
f 9775 9770 9776
f 9770 9771 9776
f 9776 9771 9777
f 9771 9772 9777
f 9777 9772 9778
f 5255 5257 9741
f 5257 9752 9741
f 9741 9752 9747
f 9752 9739 9747
f 9747 9739 9748
f 9739 9737 9748
f 9748 9737 9749
f 9737 9735 9749
f 9749 9735 9750
f 9735 9734 9750
f 9750 9734 390
f 9734 9773 390
f 390 9773 391
f 9773 9774 391
f 391 9774 393
f 9774 9775 393
f 393 9775 394
f 9775 9776 394
f 394 9776 395
f 9776 9777 395
f 395 9777 396
f 9777 9778 396
f 396 9778 397
f 5221 9779 9780
f 9779 9781 9780
f 9780 9781 9782
f 9783 9784 9785
f 9786 9783 9787
f 53 9786 9788
f 9779 5228 9781
f 5228 5236 9781
f 9781 5236 9789
f 5236 9790 9789
f 9789 9790 9791
f 9790 5233 9791
f 5233 5231 9791
f 9791 5231 9792
f 5231 9793 9792
f 9792 9793 9794
f 9793 5238 9794
f 5238 5240 9794
f 9794 5240 9795
f 9782 9781 9796
f 9781 9789 9796
f 9796 9789 9797
f 9789 9791 9797
f 9797 9791 9798
f 9791 9792 9798
f 9798 9792 9799
f 9792 9794 9799
f 9799 9794 9800
f 9794 9795 9800
f 9800 9795 9801
f 9795 9802 9801
f 9801 9802 9803
f 9802 9804 9803
f 9803 9804 9805
f 9783 9785 9787
f 9785 9806 9787
f 9787 9806 9807
f 9806 9808 9807
f 9807 9808 9809
f 9808 9810 9809
f 9809 9810 9811
f 9810 9812 9811
f 9811 9812 9813
f 9812 9814 9813
f 9813 9814 9815
f 9814 9816 9815
f 9815 9816 9817
f 9816 9818 9817
f 9817 9818 9819
f 5240 5242 9795
f 5242 5244 9795
f 9795 5244 9802
f 5244 5247 9802
f 9802 5247 9804
f 5247 5246 9804
f 9804 5246 5160
f 5160 9730 9804
f 9730 9729 9804
f 9804 9729 9805
f 9729 9721 9805
f 9805 9721 9724
f 9724 9818 9805
f 9818 9816 9805
f 9805 9816 9803
f 9816 9814 9803
f 9803 9814 9801
f 9814 9812 9801
f 9801 9812 9800
f 9812 9810 9800
f 9800 9810 9799
f 9810 9808 9799
f 9799 9808 9798
f 9808 9806 9798
f 9798 9806 9797
f 9806 9785 9797
f 9797 9785 9796
f 9785 9784 9796
f 9796 9784 9782
f 9724 9726 9818
f 9726 9712 9818
f 9818 9712 9819
f 9712 9714 9819
f 9819 9714 9716
f 9786 9787 9788
f 9787 9807 9788
f 9788 9807 9820
f 9807 9809 9820
f 9820 9809 9821
f 9809 9811 9821
f 9821 9811 9822
f 9811 9813 9822
f 9822 9813 9823
f 9813 9815 9823
f 9823 9815 9824
f 9815 9817 9824
f 9824 9817 9825
f 9817 9819 9825
f 9825 9819 9826
f 9819 9716 9826
f 9826 9716 9711
f 53 9788 54
f 9788 9820 54
f 54 9820 55
f 9820 9821 55
f 55 9821 56
f 9821 9822 56
f 56 9822 57
f 9822 9823 57
f 57 9823 58
f 9823 9824 58
f 58 9824 59
f 9824 9825 59
f 59 9825 61
f 9825 9826 61
f 61 9826 62
f 9826 9711 62
f 62 9711 64
f 378 397 9778
f 380 379 9827
f 379 9828 9827
f 9827 9828 9829
f 9829 9828 9830
f 9828 9831 9830
f 9830 9831 9832
f 9831 9833 9832
f 9832 9833 9834
f 9833 9835 9834
f 9834 9835 9836
f 9835 9837 9836
f 9836 9837 9838
f 9837 5216 9838
f 9838 5216 5218
f 5214 5216 9732
f 5216 9837 9732
f 9732 9837 9762
f 9837 9835 9762
f 9762 9835 9767
f 9835 9833 9767
f 9767 9833 9772
f 9833 9831 9772
f 9772 9831 9778
f 9831 9828 9778
f 9778 9828 378
f 9828 379 378
f 3481 3483 9839
f 3483 9840 9839
f 9839 9840 9841
f 9840 9842 9841
f 9841 9842 9843
f 9842 9844 9843
f 9843 9844 9845
f 9844 9846 9845
f 9845 9846 9847
f 9846 9848 9847
f 9847 9848 5219
f 9848 5182 5219
f 53 3481 9786
f 3481 9839 9786
f 9786 9839 9783
f 9839 9841 9783
f 9783 9841 9784
f 9841 9843 9784
f 9784 9843 9782
f 9843 9845 9782
f 9782 9845 9780
f 9845 9847 9780
f 9780 9847 5221
f 9847 5219 5221
f 9849 9850 9851
f 9829 9830 9852
f 9838 5218 5324
f 9830 9832 9853
f 9854 9827 9829
f 9827 9854 380
f 9838 5324 9855
f 5324 9856 9855
f 9855 9856 9850
f 5324 5328 9856
f 5328 5327 9856
f 9856 5327 9857
f 5327 5326 9857
f 5326 5333 9857
f 9857 5333 5330
f 5329 9858 5330
f 9858 9859 5330
f 5330 9859 9857
f 5329 5339 9858
f 5339 5334 9858
f 9858 5334 9860
f 5334 5322 9860
f 9860 5322 9861
f 5318 9862 5319
f 9862 9861 5319
f 5319 9861 5321
f 9861 5322 5321
f 9830 9853 9852
f 9853 9863 9852
f 9852 9863 9864
f 9863 9865 9864
f 9864 9865 9866
f 9865 9867 9866
f 9866 9867 9868
f 9867 9869 9868
f 9868 9869 9870
f 9869 9871 9870
f 9870 9871 9872
f 9871 9873 9872
f 9872 9873 9874
f 9873 9875 9874
f 9874 9875 9876
f 9829 9852 9854
f 9852 9864 9854
f 9854 9864 9877
f 9864 9866 9877
f 9877 9866 9878
f 9866 9868 9878
f 9878 9868 9879
f 9868 9870 9879
f 9879 9870 9880
f 9870 9872 9880
f 9880 9872 9881
f 9872 9874 9881
f 9881 9874 9882
f 9874 9876 9882
f 9882 9876 9883
f 5318 5189 9862
f 5189 9884 9862
f 9862 9884 9885
f 9850 9856 9851
f 9856 9857 9851
f 9851 9857 9886
f 9857 9859 9886
f 9886 9859 9887
f 9859 9858 9887
f 9887 9858 9888
f 9858 9860 9888
f 9888 9860 9889
f 9860 9861 9889
f 9889 9861 9890
f 9861 9862 9890
f 9890 9862 9891
f 9862 9885 9891
f 9891 9885 9892
f 9849 9851 9893
f 9851 9886 9893
f 9893 9886 9894
f 9886 9887 9894
f 9894 9887 9895
f 9887 9888 9895
f 9895 9888 9896
f 9888 9889 9896
f 9896 9889 9897
f 9889 9890 9897
f 9897 9890 9898
f 9890 9891 9898
f 9898 9891 9899
f 9891 9892 9899
f 9899 9892 9900
f 9900 9875 9899
f 9875 9873 9899
f 9899 9873 9898
f 9873 9871 9898
f 9898 9871 9897
f 9871 9869 9897
f 9897 9869 9896
f 9869 9867 9896
f 9896 9867 9895
f 9867 9865 9895
f 9895 9865 9894
f 9865 9863 9894
f 9894 9863 9893
f 9863 9853 9893
f 9893 9853 9849
f 9853 9832 9849
f 9849 9832 9850
f 9832 9834 9850
f 9850 9834 9855
f 9834 9836 9855
f 9855 9836 9838
f 9900 9901 9875
f 9901 9902 9875
f 9875 9902 9876
f 9902 9903 9876
f 9876 9903 9883
f 9903 9904 9883
f 9883 9904 9905
f 380 9854 381
f 9854 9877 381
f 381 9877 383
f 9877 9878 383
f 383 9878 384
f 9878 9879 384
f 384 9879 385
f 9879 9880 385
f 385 9880 386
f 9880 9881 386
f 386 9881 387
f 9881 9882 387
f 387 9882 388
f 9882 9883 388
f 388 9883 389
f 9883 9905 389
f 389 9905 372
f 3484 3485 9906
f 5183 5182 9907
f 5182 9848 9907
f 9907 9848 9908
f 9848 9846 9908
f 9908 9846 9909
f 9846 9844 9909
f 9909 9844 9910
f 9844 9842 9910
f 9910 9842 9906
f 9842 9840 9906
f 9906 9840 3484
f 9840 3483 3484
f 5187 5183 9911
f 5183 9907 9911
f 9911 9907 9912
f 9907 9908 9912
f 9912 9908 9913
f 9908 9909 9913
f 9913 9909 9914
f 9909 9910 9914
f 9914 9910 9915
f 9910 9906 9915
f 9915 9906 1134
f 9906 3485 1134
f 9916 372 9905
f 9917 369 9918
f 9919 9920 9921
f 9922 9923 9924
f 9925 9923 9926
f 9923 9922 9926
f 9926 9922 9927
f 9919 9921 9928
f 9921 9929 9928
f 9928 9929 9930
f 9929 5206 9930
f 9930 5206 5208
f 1055 349 9931
f 349 9932 9931
f 9931 9932 9933
f 9934 9927 9935
f 9927 9922 9935
f 9935 9922 9936
f 9922 9924 9936
f 9936 9924 9937
f 5211 5206 9938
f 5206 9929 9938
f 9938 9929 9939
f 9929 9921 9939
f 9939 9921 9940
f 9921 9920 9940
f 9940 9920 9941
f 9942 9934 9943
f 9934 9935 9943
f 9943 9935 9944
f 9935 9936 9944
f 9944 9936 9945
f 9936 9937 9945
f 9945 9937 9946
f 5212 5211 9947
f 5211 9938 9947
f 9947 9938 9948
f 9938 9939 9948
f 9948 9939 9949
f 9939 9940 9949
f 9949 9940 9950
f 9940 9941 9950
f 9950 9941 9951
f 9952 9942 9953
f 9942 9943 9953
f 9953 9943 9954
f 9943 9944 9954
f 9954 9944 9955
f 9944 9945 9955
f 9955 9945 9956
f 9945 9946 9956
f 9956 9946 9957
f 5213 5212 9958
f 5212 9947 9958
f 9958 9947 9959
f 9947 9948 9959
f 9959 9948 9960
f 9948 9949 9960
f 9960 9949 9961
f 9949 9950 9961
f 9961 9950 9962
f 9950 9951 9962
f 9962 9951 9963
f 9932 350 9933
f 350 352 9933
f 9933 352 9964
f 352 358 9964
f 9964 358 9965
f 358 9966 9965
f 9965 9966 9967
f 9968 9952 9967
f 9952 9953 9967
f 9967 9953 9965
f 9953 9954 9965
f 9965 9954 9964
f 9954 9955 9964
f 9964 9955 9933
f 9955 9956 9933
f 9933 9956 9931
f 9956 9957 9931
f 9931 9957 1055
f 5207 5213 9969
f 5213 9958 9969
f 9969 9958 9970
f 9958 9959 9970
f 9970 9959 9971
f 9959 9960 9971
f 9971 9960 9972
f 9960 9961 9972
f 9972 9961 9973
f 9961 9962 9973
f 9973 9962 9974
f 9962 9963 9974
f 9974 9963 9975
f 5209 5207 9976
f 5207 9969 9976
f 9976 9969 9977
f 9969 9970 9977
f 9977 9970 9978
f 9970 9971 9978
f 9978 9971 9979
f 9971 9972 9979
f 9979 9972 9980
f 9972 9973 9980
f 9980 9973 9981
f 9973 9974 9981
f 9981 9974 9982
f 9974 9975 9982
f 9982 9975 9983
f 9966 356 9967
f 356 9984 9967
f 9967 9984 9968
f 9984 361 9968
f 9968 361 360
f 5210 5209 9985
f 5209 9976 9985
f 9985 9976 9986
f 9976 9977 9986
f 9986 9977 9987
f 9977 9978 9987
f 9987 9978 9988
f 9978 9979 9988
f 9988 9979 9989
f 9979 9980 9989
f 9989 9980 9990
f 9980 9981 9990
f 9990 9981 9991
f 9981 9982 9991
f 9991 9982 9992
f 9982 9983 9992
f 9992 9983 9993
f 9919 9925 9920
f 9925 9926 9920
f 9920 9926 9941
f 9926 9927 9941
f 9941 9927 9951
f 9927 9934 9951
f 9951 9934 9963
f 9934 9942 9963
f 9963 9942 9975
f 9942 9952 9975
f 9975 9952 9983
f 9952 9968 9983
f 9983 9968 9993
f 9968 360 9993
f 9993 360 9994
f 5200 5210 9995
f 5210 9985 9995
f 9995 9985 9996
f 9985 9986 9996
f 9996 9986 9997
f 9986 9987 9997
f 9997 9987 9998
f 9987 9988 9998
f 9998 9988 9999
f 9988 9989 9999
f 9999 9989 10000
f 9989 9990 10000
f 10000 9990 10001
f 9990 9991 10001
f 10001 9991 10002
f 9991 9992 10002
f 10002 9992 9918
f 9992 9993 9918
f 9918 9993 9917
f 9993 9994 9917
f 5188 5200 10003
f 5200 9995 10003
f 10003 9995 10004
f 9995 9996 10004
f 10004 9996 10005
f 9996 9997 10005
f 10005 9997 10006
f 9997 9998 10006
f 10006 9998 10007
f 9998 9999 10007
f 10007 9999 10008
f 9999 10000 10008
f 10008 10000 10009
f 10000 10001 10009
f 10009 10001 10010
f 10001 10002 10010
f 10010 10002 10011
f 10002 9918 10011
f 9916 9905 10012
f 369 10013 9918
f 10013 10014 9918
f 9918 10014 10011
f 10014 365 10011
f 10011 365 10015
f 5189 5188 10016
f 5188 10003 10016
f 10016 10003 9885
f 10003 10004 9885
f 9885 10004 9892
f 10004 10005 9892
f 9892 10005 9900
f 10005 10006 9900
f 9900 10006 9901
f 10006 10007 9901
f 9901 10007 9902
f 10007 10008 9902
f 9902 10008 9903
f 10008 10009 9903
f 9903 10009 9904
f 10009 10010 9904
f 9904 10010 9905
f 10010 10011 9905
f 9905 10011 10012
f 10011 10015 10012
f 5186 5187 10017
f 5187 9911 10017
f 10017 9911 10018
f 9911 9912 10018
f 10018 9912 10019
f 9912 9913 10019
f 10019 9913 10020
f 9913 9914 10020
f 10020 9914 10021
f 9914 9915 10021
f 10021 9915 1133
f 9915 1134 1133
f 1133 1131 10022
f 1133 10022 10021
f 10022 10023 10021
f 10021 10023 10020
f 10023 10024 10020
f 10020 10024 10019
f 10024 10025 10019
f 10025 10026 10019
f 10019 10026 10018
f 10026 10027 10018
f 10018 10027 10017
f 5184 5186 10028
f 5186 10017 10028
f 10028 10017 10029
f 10017 10027 10029
f 1244 10030 10031
f 1226 10032 10033
f 10032 10034 10033
f 10033 10034 10035
f 10036 10037 10038
f 10037 10039 10038
f 10038 10039 10040
f 10041 10042 10043
f 10042 10044 10043
f 10045 10046 10047
f 10046 10048 10047
f 10047 10048 10049
f 10050 10051 10052
f 10051 10053 10052
f 10052 10053 10054
f 10055 10056 10057
f 10056 10058 10057
f 10059 10060 10061
f 10062 10063 10059
f 10063 10064 10059
f 10059 10064 10060
f 10065 10066 10067
f 10066 10068 10067
f 10069 9930 5208
f 10070 9928 9930
f 10071 9919 9928
f 10072 9925 9919
f 10073 9923 9925
f 10074 9924 9923
f 10075 9937 9924
f 10076 9946 9937
f 10077 9957 9946
f 10078 10079 10080
f 10032 1230 10034
f 1230 10081 10034
f 10034 10081 10080
f 10081 1234 10080
f 10080 1234 10078
f 10078 1237 10082
f 1237 10083 10082
f 10082 10083 10084
f 10083 1239 10084
f 1239 10085 10084
f 10084 10085 10031
f 10085 1245 10031
f 10031 1245 1244
f 1251 10086 10087
f 10086 10030 10087
f 10087 10030 10088
f 10030 1244 10088
f 1251 10089 10086
f 10089 10090 10086
f 10086 10090 10091
f 10092 10093 10094
f 10090 1246 10091
f 1246 1253 10091
f 10091 1253 10095
f 1253 10096 10095
f 10095 10096 10094
f 10096 1256 10094
f 10094 1256 10092
f 10092 1259 10093
f 1259 1261 10093
f 10093 1261 10077
f 1261 1262 10077
f 10077 1262 9957
f 1262 1055 9957
f 9946 10076 10077
f 10076 10097 10077
f 10077 10097 10093
f 10097 10098 10093
f 10093 10098 10094
f 10098 10099 10094
f 10094 10099 10095
f 10099 10100 10095
f 10095 10100 10091
f 10100 10101 10091
f 10091 10101 10086
f 10101 10102 10086
f 10086 10102 10030
f 10102 10103 10030
f 10030 10103 10031
f 10103 10104 10031
f 10031 10104 10084
f 10104 10105 10084
f 10084 10105 10082
f 10105 10106 10082
f 10082 10106 10080
f 10106 10038 10080
f 10080 10038 10034
f 10038 10040 10034
f 10034 10040 10035
f 9937 10075 10076
f 10075 10107 10076
f 10076 10107 10097
f 10107 10108 10097
f 10097 10108 10098
f 10108 10109 10098
f 10098 10109 10099
f 10109 10110 10099
f 10099 10110 10100
f 10110 10111 10100
f 10100 10111 10101
f 10111 10112 10101
f 10101 10112 10102
f 10112 10113 10102
f 10102 10113 10103
f 10113 10114 10103
f 10103 10114 10104
f 10114 10115 10104
f 10104 10115 10105
f 10115 10116 10105
f 10105 10116 10106
f 10116 10042 10106
f 10106 10042 10038
f 10042 10041 10038
f 10038 10041 10036
f 9924 10074 10075
f 10074 10117 10075
f 10075 10117 10107
f 10117 10118 10107
f 10107 10118 10108
f 10118 10119 10108
f 10108 10119 10109
f 10119 10120 10109
f 10109 10120 10110
f 10120 10121 10110
f 10110 10121 10111
f 10121 10122 10111
f 10111 10122 10112
f 10122 10123 10112
f 10112 10123 10113
f 10123 10124 10113
f 10113 10124 10114
f 10124 10125 10114
f 10114 10125 10115
f 10125 10126 10115
f 10115 10126 10116
f 10126 10047 10116
f 10116 10047 10042
f 10047 10049 10042
f 10042 10049 10044
f 9923 10073 10074
f 10073 10127 10074
f 10074 10127 10117
f 10127 10128 10117
f 10117 10128 10118
f 10128 10129 10118
f 10118 10129 10119
f 10129 10130 10119
f 10119 10130 10120
f 10130 10131 10120
f 10120 10131 10121
f 10131 10132 10121
f 10121 10132 10122
f 10132 10133 10122
f 10122 10133 10123
f 10133 10134 10123
f 10123 10134 10124
f 10134 10135 10124
f 10124 10135 10125
f 10135 10136 10125
f 10125 10136 10126
f 10136 10052 10126
f 10126 10052 10047
f 10052 10054 10047
f 10047 10054 10045
f 9925 10072 10073
f 10072 10137 10073
f 10073 10137 10127
f 10137 10138 10127
f 10127 10138 10128
f 10138 10139 10128
f 10128 10139 10129
f 10139 10140 10129
f 10129 10140 10130
f 10140 10141 10130
f 10130 10141 10131
f 10141 10142 10131
f 10131 10142 10132
f 10142 10143 10132
f 10132 10143 10133
f 10143 10144 10133
f 10133 10144 10134
f 10144 10145 10134
f 10134 10145 10135
f 10145 10146 10135
f 10135 10146 10136
f 10146 10056 10136
f 10136 10056 10052
f 10056 10055 10052
f 10052 10055 10050
f 9919 10071 10072
f 10071 10147 10072
f 10072 10147 10137
f 10147 10148 10137
f 10137 10148 10138
f 10148 10149 10138
f 10138 10149 10139
f 10149 10150 10139
f 10139 10150 10140
f 10150 10151 10140
f 10140 10151 10141
f 10151 10152 10141
f 10141 10152 10142
f 10152 10153 10142
f 10142 10153 10143
f 10153 10154 10143
f 10143 10154 10144
f 10154 10155 10144
f 10144 10155 10145
f 10155 10156 10145
f 10145 10156 10146
f 10156 10157 10146
f 10146 10157 10056
f 10157 10158 10056
f 10056 10158 10058
f 9928 10070 10071
f 10070 10159 10071
f 10071 10159 10147
f 10159 10160 10147
f 10147 10160 10148
f 10160 10161 10148
f 10148 10161 10149
f 10161 10162 10149
f 10149 10162 10150
f 10162 10163 10150
f 10150 10163 10151
f 10163 10164 10151
f 10151 10164 10152
f 10164 10165 10152
f 10152 10165 10153
f 10165 10166 10153
f 10153 10166 10154
f 10166 10167 10154
f 10154 10167 10155
f 10167 10168 10155
f 10155 10168 10156
f 10168 10059 10156
f 10156 10059 10157
f 10059 10061 10157
f 10157 10061 10158
f 9930 10069 10070
f 10069 10169 10070
f 10070 10169 10159
f 10169 10170 10159
f 10159 10170 10160
f 10170 10171 10160
f 10160 10171 10161
f 10171 10172 10161
f 10161 10172 10162
f 10172 10173 10162
f 10162 10173 10163
f 10173 10174 10163
f 10163 10174 10164
f 10174 10175 10164
f 10164 10175 10165
f 10175 10176 10165
f 10165 10176 10166
f 10176 10177 10166
f 10166 10177 10167
f 10177 10178 10167
f 10167 10178 10168
f 10178 10066 10168
f 10168 10066 10059
f 10066 10065 10059
f 10059 10065 10062
f 5208 5190 10069
f 5190 5205 10069
f 10069 5205 10169
f 5205 5204 10169
f 10169 5204 10170
f 5204 5203 10170
f 10170 5203 10171
f 5203 5202 10171
f 10171 5202 10172
f 5202 5201 10172
f 10172 5201 10173
f 5201 5197 10173
f 10173 5197 10174
f 5197 5198 10174
f 10174 5198 10175
f 5198 5199 10175
f 10175 5199 10176
f 5199 5192 10176
f 10176 5192 10177
f 5192 5191 10177
f 10177 5191 10178
f 5191 5196 10178
f 10178 5196 10066
f 5196 5195 10066
f 10066 5195 10068
f 10179 5194 5382
f 10180 10179 10181
f 10182 10180 10183
f 10184 10182 10185
f 10186 10184 10187
f 10188 10186 10189
f 10190 10191 10192
f 10193 10190 10194
f 1120 10193 10195
f 10179 5382 10181
f 5382 5381 10181
f 10181 5381 10196
f 5381 10197 10196
f 10196 10197 10198
f 10197 5385 10198
f 5385 5384 10198
f 10198 5384 10199
f 5384 10200 10199
f 10199 10200 10201
f 10200 5388 10201
f 5388 10202 10201
f 10201 10202 10203
f 10202 5390 10203
f 5390 10204 10203
f 10203 10204 10205
f 10190 10192 10194
f 10192 10206 10194
f 10194 10206 10207
f 10206 10208 10207
f 10207 10208 10209
f 10208 10210 10209
f 10209 10210 10211
f 10210 10212 10211
f 10211 10212 10213
f 10212 10214 10213
f 10213 10214 10215
f 10214 10216 10215
f 10215 10216 10217
f 10216 10218 10217
f 10217 10218 10219
f 10193 10194 10195
f 10194 10207 10195
f 10195 10207 10220
f 10207 10209 10220
f 10220 10209 10221
f 10209 10211 10221
f 10221 10211 10222
f 10211 10213 10222
f 10222 10213 10223
f 10213 10215 10223
f 10223 10215 10224
f 10215 10217 10224
f 10224 10217 10225
f 10217 10219 10225
f 10225 10219 10226
f 1120 10195 1118
f 10195 10220 1118
f 1118 10220 1125
f 10220 10221 1125
f 1125 10221 1124
f 10221 10222 1124
f 1124 10222 1122
f 10222 10223 1122
f 1122 10223 1126
f 10223 10224 1126
f 1126 10224 1128
f 10224 10225 1128
f 1128 10225 1129
f 10225 10226 1129
f 1129 10226 1130
f 5184 10028 5394
f 10028 10227 5394
f 5394 10227 5393
f 10227 10205 5393
f 5393 10205 5392
f 10205 10204 5392
f 10180 10181 10183
f 10181 10196 10183
f 10183 10196 10228
f 10196 10198 10228
f 10228 10198 10229
f 10198 10199 10229
f 10229 10199 10230
f 10199 10201 10230
f 10230 10201 10231
f 10201 10203 10231
f 10231 10203 10232
f 10203 10205 10232
f 10232 10205 10233
f 10205 10227 10233
f 10233 10227 10234
f 10227 10028 10234
f 10234 10028 10029
f 10182 10183 10185
f 10183 10228 10185
f 10185 10228 10235
f 10228 10229 10235
f 10235 10229 10236
f 10229 10230 10236
f 10236 10230 10237
f 10230 10231 10237
f 10237 10231 10238
f 10231 10232 10238
f 10238 10232 10239
f 10232 10233 10239
f 10239 10233 10240
f 10233 10234 10240
f 10240 10234 10241
f 10234 10029 10241
f 10241 10029 10027
f 10184 10185 10187
f 10185 10235 10187
f 10187 10235 10242
f 10235 10236 10242
f 10242 10236 10243
f 10236 10237 10243
f 10243 10237 10244
f 10237 10238 10244
f 10244 10238 10245
f 10238 10239 10245
f 10245 10239 10246
f 10239 10240 10246
f 10246 10240 10247
f 10240 10241 10247
f 10247 10241 10248
f 10241 10027 10248
f 10248 10027 10026
f 10186 10187 10189
f 10187 10242 10189
f 10189 10242 10249
f 10242 10243 10249
f 10249 10243 10250
f 10243 10244 10250
f 10250 10244 10251
f 10244 10245 10251
f 10251 10245 10252
f 10245 10246 10252
f 10252 10246 10253
f 10246 10247 10253
f 10253 10247 10254
f 10247 10248 10254
f 10254 10248 10255
f 10248 10026 10255
f 10255 10026 10025
f 10188 10189 10256
f 10189 10249 10256
f 10256 10249 10257
f 10249 10250 10257
f 10257 10250 10258
f 10250 10251 10258
f 10258 10251 10259
f 10251 10252 10259
f 10259 10252 10260
f 10252 10253 10260
f 10260 10253 10261
f 10253 10254 10261
f 10261 10254 10262
f 10254 10255 10262
f 10262 10255 10263
f 10255 10025 10263
f 10263 10025 10024
f 1131 1130 10022
f 1130 10226 10022
f 10022 10226 10023
f 10226 10219 10023
f 10023 10219 10024
f 10219 10218 10024
f 10024 10218 10263
f 10218 10216 10263
f 10263 10216 10262
f 10216 10214 10262
f 10262 10214 10261
f 10214 10212 10261
f 10261 10212 10260
f 10212 10210 10260
f 10260 10210 10259
f 10210 10208 10259
f 10259 10208 10258
f 10208 10206 10258
f 10258 10206 10257
f 10206 10192 10257
f 10257 10192 10256
f 10192 10191 10256
f 10256 10191 10188
f 10193 1120 1121
f 5195 5194 10264
f 5194 10179 10264
f 10264 10179 10265
f 10179 10266 10265
f 10180 10267 10268
f 10268 10269 10180
f 10269 10270 10180
f 10180 10270 10179
f 10270 10271 10179
f 10179 10271 10266
f 10267 10180 10272
f 10180 10182 10272
f 10272 10182 10273
f 10273 10182 10274
f 10182 10184 10274
f 10274 10184 10275
f 10276 10277 10186
f 10277 10278 10186
f 10186 10278 10184
f 10278 10279 10184
f 10184 10279 10275
f 10280 10281 10188
f 10281 10282 10188
f 10188 10282 10186
f 10282 10283 10186
f 10186 10283 10276
f 10280 10188 10284
f 10188 10191 10284
f 10284 10191 10285
f 10190 10286 10191
f 10286 10287 10191
f 10191 10287 10285
f 10288 10289 10190
f 10289 10290 10190
f 10190 10290 10286
f 1121 10291 10193
f 10291 10292 10193
f 10193 10292 10190
f 10292 10293 10190
f 10190 10293 10288
f 1634 1633 10294
f 1640 1639 10295
f 1638 1646 10296
f 1642 1641 10297
f 10298 1649 10299
f 10300 10301 10302
f 10303 10304 10305
f 10306 4976 4978
f 10307 1658 1662
f 1662 10308 10307
f 10308 10309 10307
f 10307 10309 10310
f 10304 10311 10305
f 10311 10312 10305
f 10305 10312 10306
f 10313 10314 10315
f 10314 10303 10315
f 10301 10316 10302
f 10316 10317 10302
f 10302 10317 10313
f 10318 10319 10320
f 10319 10321 10320
f 10320 10321 10300
f 10310 10322 10307
f 10322 10323 10307
f 10307 10323 10318
f 1658 10307 10324
f 10307 10325 10324
f 10324 10325 1660
f 1660 10325 10326
f 10325 10327 10326
f 10326 10327 1656
f 1656 10327 10328
f 10327 10329 10328
f 10328 10329 1653
f 10329 10330 1653
f 1653 10330 1654
f 10306 4978 10305
f 4978 4979 10305
f 10305 4979 10331
f 4979 4973 10331
f 10331 4973 10332
f 4973 4972 10332
f 10332 4972 10333
f 4972 4975 10333
f 10333 4975 10334
f 4975 4982 10334
f 10334 4982 10335
f 10303 10305 10315
f 10305 10331 10315
f 10315 10331 10336
f 10331 10332 10336
f 10336 10332 10337
f 10332 10333 10337
f 10337 10333 10338
f 10333 10334 10338
f 10338 10334 10339
f 10334 10335 10339
f 10339 10335 10340
f 10313 10315 10302
f 10315 10336 10302
f 10302 10336 10341
f 10336 10337 10341
f 10341 10337 10342
f 10337 10338 10342
f 10342 10338 10343
f 10338 10339 10343
f 10343 10339 10344
f 10339 10340 10344
f 10344 10340 10345
f 10300 10302 10320
f 10302 10341 10320
f 10320 10341 10346
f 10341 10342 10346
f 10346 10342 10347
f 10342 10343 10347
f 10347 10343 10348
f 10343 10344 10348
f 10348 10344 10349
f 10344 10345 10349
f 10349 10345 10350
f 10318 10320 10307
f 10320 10346 10307
f 10307 10346 10325
f 10346 10347 10325
f 10325 10347 10327
f 10347 10348 10327
f 10327 10348 10329
f 10348 10349 10329
f 10329 10349 10330
f 10349 10350 10330
f 10330 10350 10299
f 10299 1649 10330
f 1649 10351 10330
f 10330 10351 1654
f 4982 4981 10335
f 4981 10352 10335
f 10335 10352 10340
f 10352 10353 10340
f 10340 10353 10345
f 10353 10354 10345
f 10345 10354 10350
f 10354 10355 10350
f 10350 10355 10299
f 10355 10297 10299
f 10299 10297 10298
f 10297 1641 10298
f 1644 1642 10356
f 1642 10297 10356
f 10356 10297 10357
f 10297 10355 10357
f 10357 10355 10358
f 10355 10354 10358
f 10358 10354 10359
f 10354 10353 10359
f 10359 10353 10360
f 10353 10352 10360
f 10360 10352 4985
f 10352 4981 4985
f 1646 1644 10296
f 1644 10356 10296
f 10296 10356 10361
f 10356 10357 10361
f 10361 10357 10362
f 10357 10358 10362
f 10362 10358 10363
f 10358 10359 10363
f 10363 10359 10364
f 10359 10360 10364
f 10364 10360 4984
f 10360 4985 4984
f 4984 4983 10364
f 4983 10365 10364
f 10364 10365 10363
f 10365 10366 10363
f 10363 10366 10362
f 10366 10367 10362
f 10362 10367 10361
f 10367 10368 10361
f 10361 10368 10296
f 10368 10295 10296
f 10296 10295 1638
f 10295 1639 1638
f 1637 1640 10369
f 1640 10295 10369
f 10369 10295 10370
f 10295 10368 10370
f 10370 10368 10371
f 10368 10367 10371
f 10371 10367 10372
f 10367 10366 10372
f 10372 10366 10373
f 10366 10365 10373
f 10373 10365 4990
f 10365 4983 4990
f 1632 1637 10374
f 1637 10369 10374
f 10374 10369 10375
f 10369 10370 10375
f 10375 10370 10376
f 10370 10371 10376
f 10376 10371 10377
f 10371 10372 10377
f 10377 10372 10378
f 10372 10373 10378
f 10378 10373 4989
f 10373 4990 4989
f 1633 1632 10294
f 1632 10374 10294
f 10294 10374 10379
f 10374 10375 10379
f 10379 10375 10380
f 10375 10376 10380
f 10380 10376 10381
f 10376 10377 10381
f 10381 10377 10382
f 10377 10378 10382
f 10382 10378 4986
f 10378 4989 4986
f 4986 4987 10382
f 4987 10383 10382
f 10382 10383 10381
f 10383 10384 10381
f 10381 10384 10380
f 10384 10385 10380
f 10380 10385 10379
f 10385 10386 10379
f 10379 10386 10294
f 10386 10387 10294
f 10294 10387 1634
f 10387 516 1634
f 10388 10383 4987
f 10389 10384 10383
f 10390 10385 10384
f 10391 10386 10385
f 10392 10387 10386
f 336 489 10393
f 336 10393 483
f 10393 10394 483
f 483 10394 484
f 489 488 10393
f 488 486 10393
f 10393 486 10395
f 486 496 10395
f 496 495 10395
f 495 493 10395
f 10395 493 10396
f 493 491 10396
f 10396 491 10397
f 491 490 10397
f 490 10398 10397
f 10397 10398 10399
f 10398 500 10399
f 500 498 10399
f 10399 498 10400
f 498 497 10400
f 497 504 10400
f 10400 504 10401
f 504 503 10401
f 503 506 10401
f 10401 506 10402
f 506 508 10402
f 10402 508 10403
f 508 510 10403
f 10403 510 10404
f 516 10387 514
f 10387 10392 514
f 514 10392 513
f 10392 10404 513
f 513 10404 511
f 10404 510 511
f 10386 10391 10392
f 10391 10405 10392
f 10392 10405 10404
f 10405 10406 10404
f 10404 10406 10403
f 10406 10407 10403
f 10403 10407 10402
f 10407 10408 10402
f 10402 10408 10401
f 10408 10409 10401
f 10401 10409 10400
f 10409 10410 10400
f 10400 10410 10399
f 10410 10411 10399
f 10399 10411 10397
f 10411 10412 10397
f 10397 10412 10396
f 10412 10413 10396
f 10396 10413 10395
f 10413 10414 10395
f 10395 10414 10393
f 10414 10415 10393
f 10393 10415 10394
f 10385 10390 10391
f 10390 10416 10391
f 10391 10416 10405
f 10416 10417 10405
f 10405 10417 10406
f 10417 10418 10406
f 10406 10418 10407
f 10418 10419 10407
f 10407 10419 10408
f 10419 10420 10408
f 10408 10420 10409
f 10420 10421 10409
f 10409 10421 10410
f 10421 10422 10410
f 10410 10422 10411
f 10422 10423 10411
f 10411 10423 10412
f 10423 10424 10412
f 10412 10424 10413
f 10424 10425 10413
f 10413 10425 10414
f 10425 10426 10414
f 10414 10426 10415
f 10384 10389 10390
f 10389 10427 10390
f 10390 10427 10416
f 10427 10428 10416
f 10416 10428 10417
f 10428 10429 10417
f 10417 10429 10418
f 10429 10430 10418
f 10418 10430 10419
f 10430 10431 10419
f 10419 10431 10420
f 10431 10432 10420
f 10420 10432 10421
f 10432 10433 10421
f 10421 10433 10422
f 10433 10434 10422
f 10422 10434 10423
f 10434 10435 10423
f 10423 10435 10424
f 10435 10436 10424
f 10424 10436 10425
f 10436 10437 10425
f 10425 10437 10426
f 10383 10388 10389
f 10388 10438 10389
f 10389 10438 10427
f 10438 10439 10427
f 10427 10439 10428
f 10439 10440 10428
f 10428 10440 10429
f 10440 10441 10429
f 10429 10441 10430
f 10441 10442 10430
f 10430 10442 10431
f 10442 10443 10431
f 10431 10443 10432
f 10443 10444 10432
f 10432 10444 10433
f 10444 10445 10433
f 10433 10445 10434
f 10445 10446 10434
f 10434 10446 10435
f 10446 10447 10435
f 10435 10447 10436
f 10447 10448 10436
f 10436 10448 10437
f 4987 5000 10388
f 5000 4999 10388
f 10388 4999 10438
f 4999 4998 10438
f 10438 4998 10439
f 4998 4997 10439
f 10439 4997 10440
f 4997 4996 10440
f 10440 4996 10441
f 4996 4995 10441
f 10441 4995 10442
f 4995 4994 10442
f 10442 4994 10443
f 4994 4993 10443
f 10443 4993 10444
f 4993 4992 10444
f 10444 4992 10445
f 4992 4991 10445
f 10445 4991 10446
f 4991 4988 10446
f 10446 4988 10447
f 4988 4980 10447
f 10447 4980 10448
f 10449 10450 10451
f 101 99 10452
f 99 10453 10452
f 10452 10453 10454
f 10455 10456 10453
f 10456 10457 10453
f 10453 10457 10454
f 10451 10450 10453
f 10450 10458 10453
f 10453 10458 10455
f 10459 10460 10461
f 10460 10462 10461
f 10461 10462 10451
f 10462 10463 10451
f 10451 10463 10449
f 10464 10465 10459
f 10465 10466 10459
f 10459 10466 10460
f 4977 4976 10467
f 4976 10468 10467
f 10468 10469 10467
f 10469 10470 10467
f 10467 10470 10459
f 10470 10471 10459
f 10459 10471 10464
f 10472 470 10473
f 5428 5444 10474
f 5436 5434 10475
f 5424 5426 10476
f 10448 10477 10437
f 10477 10478 10437
f 10437 10478 10426
f 10478 10479 10426
f 10426 10479 10415
f 10479 10480 10415
f 10415 10480 10394
f 10480 10481 10394
f 10394 10481 484
f 5424 10476 5422
f 481 10482 10481
f 10482 478 10481
f 10481 478 484
f 5426 5441 10476
f 5441 10483 10476
f 10476 10483 10484
f 10483 10485 10484
f 10484 10485 10486
f 10485 10487 10486
f 10486 10487 10488
f 10487 10489 10488
f 10488 10489 10490
f 10489 10491 10490
f 10492 474 10491
f 474 481 10491
f 10491 481 10490
f 481 10481 10490
f 10490 10481 10488
f 10481 10480 10488
f 10488 10480 10486
f 10480 10479 10486
f 10486 10479 10484
f 10479 10478 10484
f 10484 10478 10476
f 10478 10477 10476
f 10476 10477 5422
f 10477 10448 5422
f 5422 10448 4980
f 476 10492 10493
f 10492 10491 10493
f 10493 10491 10494
f 10491 10489 10494
f 10494 10489 10495
f 10489 10487 10495
f 10495 10487 10496
f 10487 10485 10496
f 10496 10485 10497
f 10485 10483 10497
f 10497 10483 5440
f 10483 5441 5440
f 5436 10475 5438
f 477 476 10498
f 476 10493 10498
f 10498 10493 10499
f 10493 10494 10499
f 10499 10494 10500
f 10494 10495 10500
f 10500 10495 10501
f 10495 10496 10501
f 10501 10496 10475
f 10496 10497 10475
f 10475 10497 5438
f 10497 5440 5438
f 473 477 10502
f 477 10498 10502
f 10502 10498 10503
f 10498 10499 10503
f 10503 10499 10504
f 10499 10500 10504
f 10504 10500 10505
f 10500 10501 10505
f 10505 10501 10506
f 10501 10475 10506
f 10506 10475 5432
f 10475 5434 5432
f 469 473 10507
f 473 10502 10507
f 10507 10502 10508
f 10502 10503 10508
f 10508 10503 10509
f 10503 10504 10509
f 10509 10504 10510
f 10504 10505 10510
f 10510 10505 10511
f 10505 10506 10511
f 5428 10474 5429
f 470 469 10473
f 469 10507 10473
f 10473 10507 10512
f 10507 10508 10512
f 10512 10508 10513
f 10508 10509 10513
f 10513 10509 10514
f 10509 10510 10514
f 10514 10510 10474
f 10510 10511 10474
f 10474 10511 5429
f 10511 10506 5429
f 5429 10506 5431
f 10506 5432 5431
f 472 10472 10515
f 10472 10473 10515
f 10515 10473 10516
f 10473 10512 10516
f 10516 10512 10517
f 10512 10513 10517
f 10517 10513 10518
f 10513 10514 10518
f 10518 10514 10519
f 10514 10474 10519
f 10519 10474 5007
f 10474 5444 5007
f 4977 10467 10520
f 10521 10522 10523
f 10524 5403 5405
f 10525 10526 10524
f 10526 10525 10527
f 10528 10527 10529
f 10530 10528 10531
f 10522 10530 10532
f 95 94 10521
f 10524 5405 10525
f 5405 5407 10525
f 10525 5407 5409
f 5413 10533 5409
f 10533 10534 5409
f 5409 10534 10525
f 5413 5411 10533
f 5411 5418 10533
f 10533 5418 10535
f 5418 5417 10535
f 10535 5417 10536
f 5417 5415 10536
f 5415 5421 10536
f 10536 5421 10520
f 5421 5420 10520
f 10520 5420 4977
f 10527 10525 10529
f 10525 10534 10529
f 10529 10534 10537
f 10534 10533 10537
f 10537 10533 10538
f 10533 10535 10538
f 10538 10535 10539
f 10535 10536 10539
f 10539 10536 10540
f 10536 10520 10540
f 10540 10520 10541
f 10520 10467 10541
f 10541 10467 10459
f 10528 10529 10531
f 10529 10537 10531
f 10531 10537 10542
f 10537 10538 10542
f 10542 10538 10543
f 10538 10539 10543
f 10543 10539 10544
f 10539 10540 10544
f 10544 10540 10545
f 10540 10541 10545
f 10545 10541 10546
f 10541 10459 10546
f 10546 10459 10461
f 10530 10531 10532
f 10531 10542 10532
f 10532 10542 10547
f 10542 10543 10547
f 10547 10543 10548
f 10543 10544 10548
f 10548 10544 10549
f 10544 10545 10549
f 10549 10545 10550
f 10545 10546 10550
f 10550 10546 10551
f 10546 10461 10551
f 10551 10461 10451
f 10522 10532 10523
f 10532 10547 10523
f 10523 10547 10552
f 10547 10548 10552
f 10552 10548 10553
f 10548 10549 10553
f 10553 10549 10554
f 10549 10550 10554
f 10554 10550 10555
f 10550 10551 10555
f 10555 10551 10556
f 10551 10451 10556
f 10556 10451 10453
f 10521 10523 95
f 10523 10552 95
f 95 10552 96
f 10552 10553 96
f 96 10553 92
f 10553 10554 92
f 92 10554 93
f 10554 10555 93
f 93 10555 97
f 10555 10556 97
f 97 10556 98
f 10556 10453 98
f 98 10453 99
f 460 468 10557
f 459 460 10558
f 460 10557 10558
f 10558 10557 10559
f 10559 10557 10560
f 10557 10561 10560
f 10560 10561 10562
f 10561 10563 10562
f 10562 10563 10564
f 10563 10565 10564
f 10564 10565 10566
f 10565 10567 10566
f 10566 10567 10568
f 10567 5009 10568
f 10568 5009 5011
f 5006 5009 10569
f 5009 10567 10569
f 10569 10567 10570
f 10567 10565 10570
f 10570 10565 10571
f 10565 10563 10571
f 10571 10563 10572
f 10563 10561 10572
f 10572 10561 10573
f 10561 10557 10573
f 10573 10557 467
f 10557 468 467
f 5007 5006 10519
f 5006 10569 10519
f 10519 10569 10518
f 10569 10570 10518
f 10518 10570 10517
f 10570 10571 10517
f 10517 10571 10516
f 10571 10572 10516
f 10516 10572 10515
f 10572 10573 10515
f 10515 10573 472
f 10573 467 472
f 5401 5403 10524
f 10574 10575 10576
f 5005 5395 10577
f 5395 10578 10577
f 10577 10578 10579
f 10576 10575 10580
f 3475 3474 10581
f 3474 10582 10581
f 10581 10582 10583
f 10582 10584 10583
f 10583 10584 10585
f 10584 10580 10585
f 10576 10579 10574
f 10579 10578 10574
f 10574 10578 10524
f 10578 5395 10524
f 10524 5395 5401
f 10528 10575 10527
f 10575 10574 10527
f 10527 10574 10526
f 10574 10524 10526
f 10580 10575 10585
f 10575 10528 10585
f 10585 10528 10583
f 10528 10530 10583
f 10583 10530 10581
f 94 3475 10521
f 3475 10581 10521
f 10521 10581 10522
f 10581 10530 10522
f 5495 5494 10586
f 5504 5511 10587
f 5503 5502 10588
f 10589 457 459
f 10566 10568 10590
f 10566 10590 10564
f 10590 10591 10564
f 10564 10591 10562
f 10591 10592 10562
f 10592 10593 10562
f 10562 10593 10560
f 10593 10594 10560
f 10560 10594 10559
f 10594 10589 10559
f 10559 10589 10558
f 10589 459 10558
f 5503 10588 5497
f 456 457 10595
f 457 10589 10595
f 10595 10589 10596
f 10589 10594 10596
f 10596 10594 10597
f 10594 10593 10597
f 10597 10593 10598
f 10593 10592 10598
f 10598 10592 10599
f 10592 10591 10599
f 10599 10591 10588
f 10591 10590 10588
f 10588 10590 5497
f 10590 10568 5497
f 5497 10568 5011
f 461 456 10600
f 456 10595 10600
f 10600 10595 10601
f 10595 10596 10601
f 10601 10596 10602
f 10596 10597 10602
f 10602 10597 10603
f 10597 10598 10603
f 10603 10598 10604
f 10598 10599 10604
f 10604 10599 10605
f 10599 10588 10605
f 10605 10588 5500
f 10588 5502 5500
f 462 461 10606
f 461 10600 10606
f 10606 10600 10607
f 10600 10601 10607
f 10607 10601 10608
f 10601 10602 10608
f 10608 10602 10609
f 10602 10603 10609
f 10609 10603 10610
f 10603 10604 10610
f 10610 10604 10611
f 10604 10605 10611
f 5504 10587 5505
f 463 462 10612
f 462 10606 10612
f 10612 10606 10613
f 10606 10607 10613
f 10613 10607 10614
f 10607 10608 10614
f 10614 10608 10615
f 10608 10609 10615
f 10615 10609 10616
f 10609 10610 10616
f 10616 10610 10587
f 10610 10611 10587
f 10587 10611 5505
f 10611 10605 5505
f 5505 10605 5506
f 10605 5500 5506
f 464 463 10617
f 463 10612 10617
f 10617 10612 10618
f 10612 10613 10618
f 10618 10613 10619
f 10613 10614 10619
f 10619 10614 10620
f 10614 10615 10620
f 10620 10615 10621
f 10615 10616 10621
f 10621 10616 10622
f 10616 10587 10622
f 10622 10587 5507
f 10587 5511 5507
f 5507 5495 10622
f 5495 10586 10622
f 10622 10586 10621
f 10586 10623 10621
f 10621 10623 10620
f 10623 10624 10620
f 10620 10624 10619
f 10624 10625 10619
f 10619 10625 10618
f 10625 10626 10618
f 10618 10626 10617
f 10626 10627 10617
f 10617 10627 464
f 455 10628 10627
f 10628 465 10627
f 10627 465 464
f 5492 5491 10629
f 5491 4951 10629
f 4951 10630 10629
f 10630 10631 10629
f 10629 10631 10632
f 10631 10633 10632
f 10632 10633 10634
f 10633 10635 10634
f 10634 10635 10636
f 10635 10637 10636
f 10637 10638 10636
f 10636 10638 10639
f 10638 10640 10639
f 10639 10640 10641
f 10640 10642 10641
f 10641 10642 10643
f 5494 5492 10586
f 5492 10629 10586
f 10586 10629 10623
f 10629 10632 10623
f 10623 10632 10624
f 10632 10634 10624
f 10624 10634 10625
f 10634 10636 10625
f 10625 10636 10626
f 10636 10639 10626
f 10626 10639 10627
f 10639 10641 10627
f 10627 10641 455
f 10641 10643 455
f 455 10643 454
f 3473 3480 10644
f 5003 5005 10645
f 5005 10577 10645
f 10645 10577 10646
f 10577 10579 10646
f 10646 10579 10647
f 10579 10576 10647
f 10647 10576 10648
f 10576 10580 10648
f 10648 10580 10649
f 10580 10584 10649
f 10649 10584 10644
f 10584 10582 10644
f 10644 10582 3473
f 10582 3474 3473
f 5001 5003 10650
f 5003 10645 10650
f 10650 10645 10651
f 10645 10646 10651
f 10651 10646 10652
f 10646 10647 10652
f 10652 10647 10653
f 10647 10648 10653
f 10653 10648 10654
f 10648 10649 10654
f 10654 10649 10655
f 10649 10644 10655
f 10655 10644 3479
f 10644 3480 3479
f 442 10656 10657
f 10658 10659 10660
f 10661 10662 10659
f 10663 10664 10662
f 10665 10666 10664
f 10667 10668 10666
f 10669 10670 10668
f 4966 4961 10670
f 10660 339 10671
f 339 338 10671
f 10671 338 10672
f 338 430 10672
f 10673 10674 10675
f 430 433 10672
f 433 437 10672
f 10672 437 10676
f 437 436 10676
f 10676 436 10677
f 436 10678 10677
f 10677 10678 10675
f 10678 434 10675
f 10675 434 10673
f 10673 439 10674
f 439 10679 10674
f 10674 10679 10657
f 10679 443 10657
f 10657 443 442
f 442 441 10656
f 441 446 10656
f 10656 446 10680
f 446 448 10680
f 448 10681 10680
f 10680 10681 10682
f 10681 10683 10682
f 10660 10671 10658
f 10671 10672 10658
f 10658 10672 10684
f 10672 10676 10684
f 10684 10676 10685
f 10676 10677 10685
f 10685 10677 10686
f 10677 10675 10686
f 10686 10675 10687
f 10675 10674 10687
f 10687 10674 10688
f 10674 10657 10688
f 10688 10657 10689
f 10657 10656 10689
f 10689 10656 10690
f 10656 10680 10690
f 10690 10680 10691
f 10680 10682 10691
f 10691 10682 10692
f 10659 10658 10661
f 10658 10684 10661
f 10661 10684 10693
f 10684 10685 10693
f 10693 10685 10694
f 10685 10686 10694
f 10694 10686 10695
f 10686 10687 10695
f 10695 10687 10696
f 10687 10688 10696
f 10696 10688 10697
f 10688 10689 10697
f 10697 10689 10698
f 10689 10690 10698
f 10698 10690 10699
f 10690 10691 10699
f 10699 10691 10700
f 10691 10692 10700
f 10700 10692 10701
f 10662 10661 10663
f 10661 10693 10663
f 10663 10693 10702
f 10693 10694 10702
f 10702 10694 10703
f 10694 10695 10703
f 10703 10695 10704
f 10695 10696 10704
f 10704 10696 10705
f 10696 10697 10705
f 10705 10697 10706
f 10697 10698 10706
f 10706 10698 10707
f 10698 10699 10707
f 10707 10699 10708
f 10699 10700 10708
f 10708 10700 10709
f 10700 10701 10709
f 10709 10701 10710
f 10664 10663 10665
f 10663 10702 10665
f 10665 10702 10711
f 10702 10703 10711
f 10711 10703 10712
f 10703 10704 10712
f 10712 10704 10713
f 10704 10705 10713
f 10713 10705 10714
f 10705 10706 10714
f 10714 10706 10715
f 10706 10707 10715
f 10715 10707 10716
f 10707 10708 10716
f 10716 10708 10717
f 10708 10709 10717
f 10717 10709 10718
f 10709 10710 10718
f 10718 10710 10719
f 10666 10665 10667
f 10665 10711 10667
f 10667 10711 10720
f 10711 10712 10720
f 10720 10712 10721
f 10712 10713 10721
f 10721 10713 10722
f 10713 10714 10722
f 10722 10714 10723
f 10714 10715 10723
f 10723 10715 10724
f 10715 10716 10724
f 10724 10716 10725
f 10716 10717 10725
f 10725 10717 10726
f 10717 10718 10726
f 10726 10718 10727
f 10718 10719 10727
f 10727 10719 10728
f 10683 453 10682
f 453 452 10682
f 10682 452 10729
f 10729 450 10643
f 450 10730 10643
f 10643 10730 454
f 10729 10643 10682
f 10643 10642 10682
f 10682 10642 10692
f 10642 10640 10692
f 10692 10640 10701
f 10640 10638 10701
f 10701 10638 10710
f 10638 10637 10710
f 10710 10637 10719
f 10637 10635 10719
f 10719 10635 10728
f 10635 10633 10728
f 10728 10633 10631
f 10668 10667 10669
f 10667 10720 10669
f 10669 10720 10731
f 10720 10721 10731
f 10731 10721 10732
f 10721 10722 10732
f 10732 10722 10733
f 10722 10723 10733
f 10733 10723 10734
f 10723 10724 10734
f 10734 10724 10735
f 10724 10725 10735
f 10735 10725 10736
f 10725 10726 10736
f 10736 10726 10737
f 10726 10727 10737
f 10737 10727 10738
f 10727 10728 10738
f 10738 10728 10739
f 10728 10631 10739
f 10739 10631 10630
f 10670 10669 4966
f 10669 10731 4966
f 4966 10731 4964
f 10731 10732 4964
f 4964 10732 4969
f 10732 10733 4969
f 4969 10733 4970
f 10733 10734 4970
f 4970 10734 4971
f 10734 10735 4971
f 4971 10735 4965
f 10735 10736 4965
f 4965 10736 4967
f 10736 10737 4967
f 4967 10737 4968
f 10737 10738 4968
f 4968 10738 4963
f 10738 10739 4963
f 4963 10739 4962
f 10739 10630 4962
f 4962 10630 4951
f 5568 10740 5567
f 10740 10741 5567
f 5567 10741 5563
f 10742 10743 10744
f 10743 10745 10744
f 10744 10745 10746
f 10745 10747 10746
f 10746 10747 10740
f 10747 10748 10740
f 10740 10748 10741
f 10749 3478 78
f 78 10750 10749
f 10750 10751 10749
f 10749 10751 10752
f 10751 10753 10752
f 10752 10753 10742
f 10753 10754 10742
f 10742 10754 10743
f 3479 3478 10655
f 3478 10749 10655
f 10655 10749 10654
f 10749 10752 10654
f 10654 10752 10653
f 10752 10742 10653
f 10653 10742 10652
f 10742 10744 10652
f 10652 10744 10651
f 10744 10755 10651
f 10651 10755 10650
f 10755 10740 10650
f 10650 10740 5001
f 10740 5568 5001
f 10756 10757 10758
f 10757 10759 10758
f 10758 10759 1204
f 10760 10761 10756
f 10761 10757 10756
f 10756 10757 10757
f 10762 10763 10764
f 10765 10766 10762
f 10766 10767 10762
f 10762 10767 10763
f 10768 10769 10770
f 10769 10771 10770
f 10772 10773 10774
f 10773 10775 10774
f 10774 10775 10776
f 10777 10778 10779
f 10778 10780 10779
f 10781 10782 10783
f 10782 10784 10783
f 10785 10670 4961
f 10786 10668 10670
f 10787 10666 10668
f 10788 10664 10666
f 10789 10662 10664
f 10790 10659 10662
f 10659 10791 10660
f 10791 10792 10660
f 10660 10792 339
f 10758 1207 10756
f 1207 1206 10756
f 10756 1206 10793
f 1206 10794 10793
f 10793 10794 10795
f 10794 1208 10795
f 1208 10796 10795
f 10795 10796 10797
f 10796 1210 10797
f 1210 10798 10797
f 10797 10798 10799
f 10800 10801 10802
f 10798 1212 10799
f 1212 10803 10799
f 10799 10803 10802
f 10803 1214 10802
f 10802 1214 10800
f 10804 10805 10806
f 10805 10807 10806
f 10806 10807 1217
f 10807 10801 1217
f 1217 10801 1218
f 10801 10800 1218
f 10804 1221 10805
f 1221 1220 10805
f 10805 1220 10808
f 1220 10809 10808
f 10808 10809 10791
f 10809 1223 10791
f 10791 1223 10792
f 10659 10790 10791
f 10790 10810 10791
f 10791 10810 10808
f 10810 10811 10808
f 10808 10811 10805
f 10811 10812 10805
f 10805 10812 10807
f 10812 10813 10807
f 10807 10813 10801
f 10813 10814 10801
f 10801 10814 10802
f 10814 10815 10802
f 10802 10815 10799
f 10815 10816 10799
f 10799 10816 10797
f 10816 10817 10797
f 10797 10817 10795
f 10817 10818 10795
f 10795 10818 10793
f 10818 10819 10793
f 10793 10819 10756
f 10819 10820 10756
f 10756 10820 10760
f 10662 10789 10790
f 10789 10821 10790
f 10790 10821 10810
f 10821 10822 10810
f 10810 10822 10811
f 10822 10823 10811
f 10811 10823 10812
f 10823 10824 10812
f 10812 10824 10813
f 10824 10825 10813
f 10813 10825 10814
f 10825 10826 10814
f 10814 10826 10815
f 10826 10827 10815
f 10815 10827 10816
f 10827 10828 10816
f 10816 10828 10817
f 10828 10829 10817
f 10817 10829 10818
f 10829 10762 10818
f 10818 10762 10819
f 10762 10764 10819
f 10819 10764 10820
f 10664 10788 10789
f 10788 10830 10789
f 10789 10830 10821
f 10830 10831 10821
f 10821 10831 10822
f 10831 10832 10822
f 10822 10832 10823
f 10832 10833 10823
f 10823 10833 10824
f 10833 10834 10824
f 10824 10834 10825
f 10834 10835 10825
f 10825 10835 10826
f 10835 10836 10826
f 10826 10836 10827
f 10836 10837 10827
f 10827 10837 10828
f 10837 10838 10828
f 10828 10838 10829
f 10838 10769 10829
f 10829 10769 10762
f 10769 10768 10762
f 10762 10768 10765
f 10666 10787 10788
f 10787 10839 10788
f 10788 10839 10830
f 10839 10840 10830
f 10830 10840 10831
f 10840 10841 10831
f 10831 10841 10832
f 10841 10842 10832
f 10832 10842 10833
f 10842 10843 10833
f 10833 10843 10834
f 10843 10844 10834
f 10834 10844 10835
f 10844 10845 10835
f 10835 10845 10836
f 10845 10846 10836
f 10836 10846 10837
f 10846 10847 10837
f 10837 10847 10838
f 10847 10774 10838
f 10838 10774 10769
f 10774 10776 10769
f 10769 10776 10771
f 10668 10786 10787
f 10786 10848 10787
f 10787 10848 10839
f 10848 10849 10839
f 10839 10849 10840
f 10849 10850 10840
f 10840 10850 10841
f 10850 10851 10841
f 10841 10851 10842
f 10851 10852 10842
f 10842 10852 10843
f 10852 10853 10843
f 10843 10853 10844
f 10853 10854 10844
f 10844 10854 10845
f 10854 10855 10845
f 10845 10855 10846
f 10855 10856 10846
f 10846 10856 10847
f 10856 10778 10847
f 10847 10778 10774
f 10778 10777 10774
f 10774 10777 10772
f 10670 10785 10786
f 10785 10857 10786
f 10786 10857 10848
f 10857 10858 10848
f 10848 10858 10849
f 10858 10859 10849
f 10849 10859 10850
f 10859 10860 10850
f 10850 10860 10851
f 10860 10861 10851
f 10851 10861 10852
f 10861 10862 10852
f 10852 10862 10853
f 10862 10863 10853
f 10853 10863 10854
f 10863 10864 10854
f 10854 10864 10855
f 10864 10865 10855
f 10855 10865 10856
f 10865 10782 10856
f 10856 10782 10778
f 10782 10781 10778
f 10778 10781 10780
f 4961 4960 10785
f 4960 4959 10785
f 10785 4959 10857
f 4959 4958 10857
f 10857 4958 10858
f 4958 4957 10858
f 10858 4957 10859
f 4957 4953 10859
f 10859 4953 10860
f 4953 4952 10860
f 10860 4952 10861
f 4952 4950 10861
f 10861 4950 10862
f 4950 4949 10862
f 10862 4949 10863
f 4949 4947 10863
f 10863 4947 10864
f 4947 4946 10864
f 10864 4946 10865
f 4946 4956 10865
f 10865 4956 10782
f 4956 4955 10782
f 10782 4955 10784
f 10751 10750 10866
f 10867 4954 5554
f 10868 10869 10870
f 10871 10868 10872
f 10873 10871 10874
f 10875 10873 10876
f 10877 10875 10878
f 70 10877 10879
f 10869 10867 10880
f 10867 5554 10880
f 10880 5554 10881
f 5554 5556 10881
f 5556 5555 10881
f 5555 5559 10881
f 10881 5559 10882
f 5559 5558 10882
f 10882 5558 10883
f 5558 5557 10883
f 10883 5557 10884
f 5557 10885 10884
f 5564 10886 10887
f 10886 10888 10887
f 10887 10888 5566
f 10888 10884 5566
f 5566 10884 5560
f 10884 10885 5560
f 5564 5563 10886
f 5563 10741 10886
f 10886 10741 10748
f 10869 10880 10870
f 10880 10881 10870
f 10870 10881 10889
f 10881 10882 10889
f 10889 10882 10890
f 10882 10883 10890
f 10890 10883 10891
f 10883 10884 10891
f 10891 10884 10892
f 10884 10888 10892
f 10892 10888 10893
f 10888 10886 10893
f 10893 10886 10894
f 10886 10748 10894
f 10894 10748 10747
f 10868 10870 10872
f 10870 10889 10872
f 10872 10889 10895
f 10889 10890 10895
f 10895 10890 10896
f 10890 10891 10896
f 10896 10891 10897
f 10891 10892 10897
f 10897 10892 10898
f 10892 10893 10898
f 10898 10893 10899
f 10893 10894 10899
f 10899 10894 10900
f 10894 10747 10900
f 10900 10747 10745
f 10871 10872 10874
f 10872 10895 10874
f 10874 10895 10901
f 10895 10896 10901
f 10901 10896 10902
f 10896 10897 10902
f 10902 10897 10903
f 10897 10898 10903
f 10903 10898 10904
f 10898 10899 10904
f 10904 10899 10905
f 10899 10900 10905
f 10905 10900 10906
f 10900 10745 10906
f 10906 10745 10743
f 10873 10874 10876
f 10874 10901 10876
f 10876 10901 10907
f 10901 10902 10907
f 10907 10902 10908
f 10902 10903 10908
f 10908 10903 10909
f 10903 10904 10909
f 10909 10904 10910
f 10904 10905 10910
f 10910 10905 10911
f 10905 10906 10911
f 10911 10906 10912
f 10906 10743 10912
f 10912 10743 10754
f 10875 10876 10878
f 10876 10907 10878
f 10878 10907 10913
f 10907 10908 10913
f 10913 10908 10914
f 10908 10909 10914
f 10914 10909 10915
f 10909 10910 10915
f 10915 10910 10916
f 10910 10911 10916
f 10916 10911 10917
f 10911 10912 10917
f 10917 10912 10918
f 10912 10754 10918
f 10918 10754 10753
f 10877 10878 10879
f 10878 10913 10879
f 10879 10913 10919
f 10913 10914 10919
f 10919 10914 10920
f 10914 10915 10920
f 10920 10915 10921
f 10915 10916 10921
f 10921 10916 10922
f 10916 10917 10922
f 10922 10917 10923
f 10917 10918 10923
f 10923 10918 10866
f 10918 10753 10866
f 10866 10753 10751
f 70 10879 68
f 10879 10919 68
f 68 10919 69
f 10919 10920 69
f 69 10920 72
f 10920 10921 72
f 72 10921 73
f 10921 10922 73
f 73 10922 74
f 10922 10923 74
f 74 10923 75
f 10923 10866 75
f 75 10866 76
f 10866 10750 76
f 76 10750 78
f 70 71 10924
f 10867 10925 10926
f 4955 4954 10927
f 4954 10867 10927
f 10927 10867 10928
f 10867 10926 10928
f 10925 10867 10929
f 10867 10869 10929
f 10929 10869 10930
f 10868 10931 10932
f 10932 10933 10868
f 10933 10934 10868
f 10868 10934 10869
f 10934 10935 10869
f 10869 10935 10930
f 10931 10868 10936
f 10868 10871 10936
f 10936 10871 10937
f 10873 10938 10871
f 10938 10939 10871
f 10871 10939 10937
f 10940 10941 10875
f 10941 10942 10875
f 10875 10942 10873
f 10942 10943 10873
f 10873 10943 10938
f 70 10924 10877
f 10924 10944 10877
f 10877 10944 10945
f 10945 10945 10877
f 10945 10946 10877
f 10877 10946 10875
f 10946 10947 10875
f 10875 10947 10940
f 10948 1405 10949
f 1407 1409 10950
f 10951 1412 10952
f 10953 5044 5046
f 10954 10955 10956
f 10955 10957 10956
f 10956 10957 10953
f 10958 10959 10960
f 10959 10954 10960
f 10961 10962 10963
f 10962 10964 10963
f 10963 10964 10958
f 10961 10965 10966
f 10965 10967 10966
f 10968 10969 10965
f 10969 10970 10965
f 10965 10970 10967
f 10971 10972 10973
f 10972 10974 10973
f 10973 10974 10968
f 10975 10976 10977
f 10976 10978 10977
f 10977 10978 10971
f 10979 10980 10975
f 10981 10982 10979
f 10982 10983 10979
f 10979 10983 10980
f 1429 10981 1430
f 10981 10979 1430
f 1430 10979 1428
f 10979 10984 1428
f 1428 10984 1426
f 10984 10985 1426
f 1426 10985 1398
f 1398 10985 10986
f 10985 10987 10986
f 10986 10987 1425
f 1425 10987 10988
f 10987 10989 10988
f 10988 10989 1422
f 10989 10990 1422
f 1422 10990 1420
f 10990 10991 1420
f 1420 10991 1400
f 1400 10991 10992
f 10991 10993 10992
f 10992 10993 1418
f 1418 10993 10994
f 10993 10995 10994
f 10994 10995 1417
f 10995 10996 1417
f 1417 10996 1415
f 10953 5046 10956
f 5046 5047 10956
f 10956 5047 10997
f 5047 5043 10997
f 10997 5043 10998
f 5043 5042 10998
f 10998 5042 10999
f 5042 5040 10999
f 10999 5040 11000
f 5040 5039 11000
f 11000 5039 11001
f 5039 5050 11001
f 11001 5050 11002
f 5050 5049 11002
f 11002 5049 11003
f 5049 5053 11003
f 11003 5053 11004
f 5053 5052 11004
f 11004 5052 11005
f 5052 5051 11005
f 11005 5051 11006
f 10954 10956 10960
f 10956 10997 10960
f 10960 10997 11007
f 10997 10998 11007
f 11007 10998 11008
f 10998 10999 11008
f 11008 10999 11009
f 10999 11000 11009
f 11009 11000 11010
f 11000 11001 11010
f 11010 11001 11011
f 11001 11002 11011
f 11011 11002 11012
f 11002 11003 11012
f 11012 11003 11013
f 11003 11004 11013
f 11013 11004 11014
f 11004 11005 11014
f 11014 11005 11015
f 11005 11006 11015
f 11015 11006 11016
f 10958 10960 10963
f 10960 11007 10963
f 10963 11007 11017
f 11007 11008 11017
f 11017 11008 11018
f 11008 11009 11018
f 11018 11009 11019
f 11009 11010 11019
f 11019 11010 11020
f 11010 11011 11020
f 11020 11011 11021
f 11011 11012 11021
f 11021 11012 11022
f 11012 11013 11022
f 11022 11013 11023
f 11013 11014 11023
f 11023 11014 11024
f 11014 11015 11024
f 11024 11015 11025
f 11015 11016 11025
f 11025 11016 11026
f 10961 10963 10965
f 10963 11017 10965
f 10965 11017 11027
f 11017 11018 11027
f 11027 11018 11028
f 11018 11019 11028
f 11028 11019 11029
f 11019 11020 11029
f 11029 11020 11030
f 11020 11021 11030
f 11030 11021 11031
f 11021 11022 11031
f 11031 11022 11032
f 11022 11023 11032
f 11032 11023 11033
f 11023 11024 11033
f 11033 11024 11034
f 11024 11025 11034
f 11034 11025 11035
f 11025 11026 11035
f 11035 11026 11036
f 10968 10965 10973
f 10965 11027 10973
f 10973 11027 11037
f 11027 11028 11037
f 11037 11028 11038
f 11028 11029 11038
f 11038 11029 11039
f 11029 11030 11039
f 11039 11030 11040
f 11030 11031 11040
f 11040 11031 11041
f 11031 11032 11041
f 11041 11032 11042
f 11032 11033 11042
f 11042 11033 11043
f 11033 11034 11043
f 11043 11034 11044
f 11034 11035 11044
f 11044 11035 11045
f 11035 11036 11045
f 11045 11036 11046
f 10971 10973 10977
f 10973 11037 10977
f 10977 11037 11047
f 11037 11038 11047
f 11047 11038 11048
f 11038 11039 11048
f 11048 11039 11049
f 11039 11040 11049
f 11049 11040 11050
f 11040 11041 11050
f 11050 11041 11051
f 11041 11042 11051
f 11051 11042 11052
f 11042 11043 11052
f 11052 11043 11053
f 11043 11044 11053
f 11053 11044 11054
f 11044 11045 11054
f 11054 11045 11055
f 11045 11046 11055
f 11055 11046 11056
f 10975 10977 10979
f 10977 11047 10979
f 10979 11047 10984
f 11047 11048 10984
f 10984 11048 10985
f 11048 11049 10985
f 10985 11049 10987
f 11049 11050 10987
f 10987 11050 10989
f 11050 11051 10989
f 10989 11051 10990
f 11051 11052 10990
f 10990 11052 10991
f 11052 11053 10991
f 10991 11053 10993
f 11053 11054 10993
f 10993 11054 10995
f 11054 11055 10995
f 10995 11055 10996
f 11055 11056 10996
f 10996 11056 10952
f 10952 1412 10996
f 1412 11057 10996
f 10996 11057 1415
f 5051 5058 11006
f 5058 11058 11006
f 11006 11058 11016
f 11058 11059 11016
f 11016 11059 11026
f 11059 11060 11026
f 11026 11060 11036
f 11060 11061 11036
f 11036 11061 11046
f 11061 11062 11046
f 11046 11062 11056
f 11062 11063 11056
f 11056 11063 10952
f 11063 10950 10952
f 10952 10950 10951
f 10950 1409 10951
f 1404 1407 11064
f 1407 10950 11064
f 11064 10950 11065
f 10950 11063 11065
f 11065 11063 11066
f 11063 11062 11066
f 11066 11062 11067
f 11062 11061 11067
f 11067 11061 11068
f 11061 11060 11068
f 11068 11060 11069
f 11060 11059 11069
f 11069 11059 11070
f 11059 11058 11070
f 11070 11058 5057
f 11058 5058 5057
f 1405 1404 10949
f 1404 11064 10949
f 10949 11064 11071
f 11064 11065 11071
f 11071 11065 11072
f 11065 11066 11072
f 11072 11066 11073
f 11066 11067 11073
f 11073 11067 11074
f 11067 11068 11074
f 11074 11068 11075
f 11068 11069 11075
f 11075 11069 11076
f 11069 11070 11076
f 11076 11070 5054
f 11070 5057 5054
f 5054 5055 11076
f 5055 11077 11076
f 11076 11077 11075
f 11077 11078 11075
f 11075 11078 11074
f 11078 11079 11074
f 11074 11079 11073
f 11079 11080 11073
f 11073 11080 11072
f 11080 11081 11072
f 11072 11081 11071
f 11081 11082 11071
f 11071 11082 10949
f 11082 11083 10949
f 10949 11083 10948
f 11083 603 10948
f 11084 11085 11086
f 11087 11088 11089
f 11090 11077 5055
f 11091 11078 11077
f 11092 11079 11078
f 11093 11080 11079
f 11094 11081 11080
f 11095 11082 11081
f 11096 11083 11082
f 11088 564 11097
f 11097 11098 11088
f 11098 573 11088
f 11088 573 11089
f 573 575 11089
f 575 574 11089
f 574 11099 11089
f 11089 11099 11100
f 11099 11101 11100
f 11101 620 11100
f 620 581 11100
f 11100 581 11102
f 581 580 11102
f 580 579 11102
f 11102 579 11103
f 579 619 11103
f 619 11104 11103
f 11103 11104 11105
f 11104 584 11105
f 584 11106 11105
f 11105 11106 11107
f 11106 590 11107
f 11107 590 588
f 11108 11109 588
f 11109 11110 588
f 588 11110 11107
f 603 11083 594
f 11083 11096 594
f 594 11096 595
f 11096 11111 595
f 595 11111 597
f 11111 11112 597
f 597 11112 598
f 11112 11109 598
f 598 11109 592
f 11109 11108 592
f 11082 11095 11096
f 11095 11113 11096
f 11096 11113 11111
f 11113 11114 11111
f 11111 11114 11112
f 11114 11115 11112
f 11112 11115 11109
f 11115 11116 11109
f 11109 11116 11110
f 11116 11117 11110
f 11110 11117 11107
f 11117 11118 11107
f 11107 11118 11105
f 11118 11119 11105
f 11105 11119 11103
f 11119 11120 11103
f 11103 11120 11102
f 11120 11121 11102
f 11102 11121 11100
f 11121 11122 11100
f 11100 11122 11089
f 11122 11123 11089
f 11089 11123 11087
f 11081 11094 11095
f 11094 11124 11095
f 11095 11124 11113
f 11124 11125 11113
f 11113 11125 11114
f 11125 11126 11114
f 11114 11126 11115
f 11126 11127 11115
f 11115 11127 11116
f 11127 11128 11116
f 11116 11128 11117
f 11128 11129 11117
f 11117 11129 11118
f 11129 11130 11118
f 11118 11130 11119
f 11130 11131 11119
f 11119 11131 11120
f 11131 11132 11120
f 11120 11132 11121
f 11132 11133 11121
f 11121 11133 11122
f 11133 11134 11122
f 11122 11134 11123
f 11080 11093 11094
f 11093 11135 11094
f 11094 11135 11124
f 11135 11136 11124
f 11124 11136 11125
f 11136 11137 11125
f 11125 11137 11126
f 11137 11138 11126
f 11126 11138 11127
f 11138 11139 11127
f 11127 11139 11128
f 11139 11140 11128
f 11128 11140 11129
f 11140 11141 11129
f 11129 11141 11130
f 11141 11142 11130
f 11130 11142 11131
f 11142 11143 11131
f 11131 11143 11132
f 11143 11144 11132
f 11132 11144 11133
f 11144 11145 11133
f 11133 11145 11134
f 11079 11092 11093
f 11092 11146 11093
f 11093 11146 11135
f 11146 11147 11135
f 11135 11147 11136
f 11147 11148 11136
f 11136 11148 11137
f 11148 11149 11137
f 11137 11149 11138
f 11149 11150 11138
f 11138 11150 11139
f 11150 11151 11139
f 11139 11151 11140
f 11151 11152 11140
f 11140 11152 11141
f 11152 11153 11141
f 11141 11153 11142
f 11153 11154 11142
f 11142 11154 11143
f 11154 11155 11143
f 11143 11155 11144
f 11155 11156 11144
f 11144 11156 11145
f 11078 11091 11092
f 11091 11157 11092
f 11092 11157 11146
f 11157 11158 11146
f 11146 11158 11147
f 11158 11159 11147
f 11147 11159 11148
f 11159 11160 11148
f 11148 11160 11149
f 11160 11161 11149
f 11149 11161 11150
f 11161 11162 11150
f 11150 11162 11151
f 11162 11163 11151
f 11151 11163 11152
f 11163 11164 11152
f 11152 11164 11153
f 11164 11165 11153
f 11153 11165 11154
f 11165 11086 11154
f 11154 11086 11155
f 11086 11085 11155
f 11155 11085 11156
f 11077 11090 11091
f 11090 11166 11091
f 11091 11166 11157
f 11166 11167 11157
f 11157 11167 11158
f 11167 11168 11158
f 11158 11168 11159
f 11168 11169 11159
f 11159 11169 11160
f 11169 11170 11160
f 11160 11170 11161
f 11170 11171 11161
f 11161 11171 11162
f 11171 11172 11162
f 11162 11172 11163
f 11172 11173 11163
f 11163 11173 11164
f 11173 11174 11164
f 11164 11174 11165
f 11174 11175 11165
f 11165 11175 11086
f 11175 11176 11086
f 11086 11176 11084
f 5055 5068 11090
f 5068 5067 11090
f 11090 5067 11166
f 5067 5066 11166
f 11166 5066 11167
f 5066 5065 11167
f 11167 5065 11168
f 5065 5064 11168
f 11168 5064 11169
f 5064 5063 11169
f 11169 5063 11170
f 5063 5062 11170
f 11170 5062 11171
f 5062 5061 11171
f 11171 5061 11172
f 5061 5060 11172
f 11172 5060 11173
f 5060 5059 11173
f 11173 5059 11174
f 5059 5056 11174
f 11174 5056 11175
f 5056 5048 11175
f 11175 5048 11176
f 11177 11178 11179
f 11178 11180 11179
f 11179 11180 218
f 11180 11181 218
f 218 11181 219
f 11182 11183 11184
f 11183 11185 11184
f 11184 11185 11179
f 11185 11186 11179
f 11179 11186 11177
f 11182 11184 11187
f 11184 11188 11187
f 11187 11188 11189
f 11190 11191 11192
f 11191 11193 11192
f 11192 11193 11188
f 11193 11194 11188
f 11188 11194 11189
f 11195 11196 11197
f 11196 11198 11197
f 11197 11198 11192
f 11198 11199 11192
f 11192 11199 11190
f 11195 11197 11200
f 11197 11201 11200
f 11200 11201 11202
f 11202 11201 11203
f 11201 11204 11203
f 11203 11204 11205
f 5045 5044 11204
f 5044 11206 11204
f 11206 11207 11204
f 11207 11208 11204
f 11204 11208 11205
f 5674 11209 11210
f 11145 11156 11211
f 11176 5048 5654
f 11085 11084 11212
f 11213 11134 11145
f 11134 11213 11123
f 11087 11123 11214
f 565 564 11215
f 564 11088 11215
f 11215 11088 11087
f 11084 11176 11212
f 11176 5654 11212
f 11212 5654 11216
f 5654 5656 11216
f 5656 5658 11216
f 5658 5659 11216
f 11216 5659 11217
f 5659 5661 11217
f 11217 5661 11218
f 5661 5663 11218
f 11218 5663 11219
f 5663 5665 11219
f 5665 5668 11219
f 5668 5670 11219
f 11219 5670 11210
f 5670 5672 11210
f 11210 5672 5674
f 11209 5674 11220
f 5674 5675 11220
f 11220 5675 5677
f 11145 11211 11213
f 11211 11221 11213
f 11213 11221 11222
f 11221 11223 11222
f 11222 11223 11224
f 11223 11225 11224
f 11224 11225 11226
f 11225 11227 11226
f 11226 11227 11228
f 11227 11229 11228
f 11228 11229 11230
f 11229 11231 11230
f 11230 11231 11232
f 11231 11233 11232
f 11232 11233 11234
f 11123 11213 11214
f 11213 11222 11214
f 11214 11222 11235
f 11222 11224 11235
f 11235 11224 11236
f 11224 11226 11236
f 11236 11226 11237
f 11226 11228 11237
f 11237 11228 11238
f 11228 11230 11238
f 11238 11230 11239
f 11230 11232 11239
f 11239 11232 11240
f 11232 11234 11240
f 11240 11234 11241
f 5677 5074 11220
f 5074 11242 11220
f 11220 11242 11243
f 11085 11212 11244
f 11212 11216 11244
f 11244 11216 11245
f 11216 11217 11245
f 11245 11217 11246
f 11217 11218 11246
f 11246 11218 11247
f 11218 11219 11247
f 11247 11219 11248
f 11219 11210 11248
f 11248 11210 11249
f 11210 11209 11249
f 11249 11209 11250
f 11209 11220 11250
f 11250 11220 11251
f 11220 11243 11251
f 11251 11243 11252
f 11252 11233 11251
f 11233 11231 11251
f 11251 11231 11250
f 11231 11229 11250
f 11250 11229 11249
f 11229 11227 11249
f 11249 11227 11248
f 11227 11225 11248
f 11248 11225 11247
f 11225 11223 11247
f 11247 11223 11246
f 11223 11221 11246
f 11246 11221 11245
f 11221 11211 11245
f 11245 11211 11244
f 11211 11156 11244
f 11244 11156 11085
f 11252 11253 11233
f 11253 11254 11233
f 11233 11254 11234
f 11254 11255 11234
f 11234 11255 11241
f 11255 11256 11241
f 11241 11256 11257
f 11087 11214 11215
f 11214 11235 11215
f 11215 11235 11258
f 11235 11236 11258
f 11258 11236 11259
f 11236 11237 11259
f 11259 11237 11260
f 11237 11238 11260
f 11260 11238 11261
f 11238 11239 11261
f 11261 11239 11262
f 11239 11240 11262
f 11262 11240 11263
f 11240 11241 11263
f 11263 11241 11264
f 11241 11257 11264
f 11264 11257 11265
f 565 11215 11266
f 11215 11258 11266
f 11266 11258 568
f 11258 11259 568
f 568 11259 555
f 11259 11260 555
f 555 11260 556
f 11260 11261 556
f 556 11261 558
f 11261 11262 558
f 558 11262 559
f 11262 11263 559
f 559 11263 560
f 11263 11264 560
f 560 11264 561
f 11264 11265 561
f 561 11265 563
f 5727 5726 11267
f 11268 5736 11269
f 11270 5728 11271
f 11272 210 212
f 11273 11274 11275
f 11274 11276 11275
f 212 11277 11272
f 11277 11278 11272
f 11272 11278 11279
f 11278 11280 11279
f 11279 11280 11281
f 11280 11282 11281
f 11281 11282 11283
f 11282 11284 11283
f 11283 11284 11285
f 11284 11286 11285
f 11285 11286 11276
f 11286 11287 11276
f 11276 11287 11275
f 11270 11271 5732
f 209 210 11288
f 210 11272 11288
f 11288 11272 11289
f 11272 11279 11289
f 11289 11279 11290
f 11279 11281 11290
f 11290 11281 11291
f 11281 11283 11291
f 11291 11283 11292
f 11283 11285 11292
f 11292 11285 11293
f 11285 11276 11293
f 11293 11276 11271
f 11276 11274 11271
f 11271 11274 5732
f 11274 11273 5732
f 5732 11273 5733
f 213 209 11294
f 209 11288 11294
f 11294 11288 11295
f 11288 11289 11295
f 11295 11289 11296
f 11289 11290 11296
f 11296 11290 11297
f 11290 11291 11297
f 11297 11291 11298
f 11291 11292 11298
f 11298 11292 11299
f 11292 11293 11299
f 11299 11293 11300
f 11293 11271 11300
f 11300 11271 5738
f 11271 5728 5738
f 214 213 11301
f 213 11294 11301
f 11301 11294 11302
f 11294 11295 11302
f 11302 11295 11303
f 11295 11296 11303
f 11303 11296 11304
f 11296 11297 11304
f 11304 11297 11305
f 11297 11298 11305
f 11305 11298 11306
f 11298 11299 11306
f 11306 11299 11269
f 11299 11300 11269
f 11269 11300 11268
f 11300 5738 11268
f 215 214 11307
f 214 11301 11307
f 11307 11301 11308
f 11301 11302 11308
f 11308 11302 11309
f 11302 11303 11309
f 11309 11303 11310
f 11303 11304 11310
f 11310 11304 11311
f 11304 11305 11311
f 11311 11305 11312
f 11305 11306 11312
f 11312 11306 11313
f 11306 11269 11313
f 11313 11269 5734
f 11269 5736 5734
f 216 215 11314
f 215 11307 11314
f 11314 11307 11315
f 11307 11308 11315
f 11315 11308 11316
f 11308 11309 11316
f 11316 11309 11317
f 11309 11310 11317
f 11317 11310 11318
f 11310 11311 11318
f 11318 11311 11319
f 11311 11312 11319
f 11319 11312 11320
f 11312 11313 11320
f 11320 11313 11321
f 11313 5734 11321
f 5727 11267 5739
f 217 216 11322
f 216 11314 11322
f 11322 11314 11323
f 11314 11315 11323
f 11323 11315 11324
f 11315 11316 11324
f 11324 11316 11325
f 11316 11317 11325
f 11325 11317 11326
f 11317 11318 11326
f 11326 11318 11327
f 11318 11319 11327
f 11327 11319 11267
f 11319 11320 11267
f 11267 11320 5739
f 11320 11321 5739
f 218 217 11179
f 217 11322 11179
f 11179 11322 11184
f 11322 11323 11184
f 11184 11323 11188
f 11323 11324 11188
f 11188 11324 11192
f 11324 11325 11192
f 11192 11325 11197
f 11325 11326 11197
f 11197 11326 11201
f 11326 11327 11201
f 11201 11327 11204
f 11327 11267 11204
f 11204 11267 5045
f 11267 5726 5045
f 11265 11257 11328
f 11329 11330 11331
f 11332 11333 11334
f 11335 11336 11337
f 11335 11330 11338
f 11330 11329 11338
f 11338 11329 11339
f 11334 11333 5079
f 11340 11333 11341
f 11333 11332 11341
f 11341 11332 11342
f 563 11265 551
f 11265 11328 551
f 551 11328 552
f 11328 11337 552
f 552 11337 554
f 11337 11336 554
f 554 11336 546
f 11335 11337 11330
f 11337 11328 11330
f 11330 11328 11331
f 11328 11257 11331
f 11331 11257 11256
f 11256 11255 11331
f 11255 11342 11331
f 11331 11342 11329
f 11342 11332 11329
f 11329 11332 11339
f 11332 11334 11339
f 11255 11254 11342
f 11254 11253 11342
f 11342 11253 11341
f 11253 11252 11341
f 11341 11252 11340
f 11252 11243 11340
f 11340 11243 11242
f 5079 11333 5078
f 11333 11340 5078
f 5078 11340 5076
f 11340 11242 5076
f 5076 11242 5074
f 3468 3464 11343
f 3464 11344 11343
f 11343 11344 11345
f 11344 11346 11345
f 11345 11346 11347
f 11346 11348 11347
f 11347 11348 11349
f 11348 11350 11349
f 11349 11350 11351
f 11350 11352 11351
f 11351 11352 11353
f 11352 11354 11353
f 11353 11354 5730
f 11354 5073 5730
f 5731 5733 11273
f 5731 11273 5730
f 5730 11273 11353
f 11273 11275 11353
f 11353 11275 11351
f 11275 11287 11351
f 11351 11287 11349
f 11287 11286 11349
f 11349 11286 11347
f 11286 11284 11347
f 11284 11282 11347
f 11347 11282 11345
f 11282 11280 11345
f 11345 11280 11343
f 11280 11278 11343
f 11343 11278 3468
f 11278 11277 3468
f 3468 11277 212
f 5591 5590 11355
f 5583 5581 11356
f 5573 5572 11357
f 11358 546 11336
f 11358 11336 549
f 5573 11357 5569
f 11359 11360 11361
f 11360 11362 11361
f 11361 11362 11363
f 11362 11364 11363
f 11363 11364 11365
f 11364 11366 11365
f 11365 11366 11357
f 11366 11367 11357
f 11357 11367 5569
f 5572 5588 11357
f 5588 11368 11357
f 11357 11368 11365
f 11368 11369 11365
f 11365 11369 11363
f 11369 11370 11363
f 11363 11370 11361
f 11370 11371 11361
f 11361 11371 11359
f 11371 11372 11359
f 5079 5569 11334
f 5569 11367 11334
f 11334 11367 11339
f 11367 11366 11339
f 11339 11366 11338
f 11366 11364 11338
f 11338 11364 11335
f 11364 11362 11335
f 11335 11362 11336
f 11362 11360 11336
f 11336 11360 549
f 11360 11359 549
f 549 11359 550
f 11359 11372 550
f 544 11373 11372
f 11373 542 11372
f 11372 542 550
f 5583 11356 5585
f 5587 5585 11374
f 5585 11356 11374
f 11374 11356 11375
f 11356 11376 11375
f 11375 11376 11377
f 11376 11378 11377
f 11377 11378 11379
f 11378 11380 11379
f 11379 11380 11381
f 11380 11382 11381
f 5588 5587 11368
f 5587 11374 11368
f 11368 11374 11369
f 11374 11375 11369
f 11369 11375 11370
f 11375 11377 11370
f 11370 11377 11371
f 11377 11379 11371
f 11371 11379 11372
f 11379 11381 11372
f 11372 11381 544
f 11381 11382 544
f 537 11383 11382
f 11383 545 11382
f 11382 545 544
f 11384 11385 11386
f 11385 11387 11386
f 11386 11387 11388
f 11387 11389 11388
f 11388 11389 11390
f 11389 11391 11390
f 11390 11391 11392
f 11391 11393 11392
f 5581 5579 11356
f 5579 11384 11356
f 11356 11384 11376
f 11384 11386 11376
f 11376 11386 11378
f 11386 11388 11378
f 11378 11388 11380
f 11388 11390 11380
f 11380 11390 11382
f 11390 11392 11382
f 11382 11392 537
f 11392 11393 537
f 537 11393 538
f 11393 11394 538
f 5591 11355 5575
f 540 11394 11395
f 11394 11393 11395
f 11395 11393 11396
f 11393 11391 11396
f 11396 11391 11397
f 11391 11389 11397
f 11397 11389 11398
f 11389 11387 11398
f 11398 11387 11355
f 11387 11385 11355
f 11355 11385 5575
f 11385 11384 5575
f 5575 11384 5577
f 11384 5579 5577
f 541 540 11399
f 540 11395 11399
f 11399 11395 11400
f 11395 11396 11400
f 11400 11396 11401
f 11396 11397 11401
f 11401 11397 11402
f 11397 11398 11402
f 11402 11398 11403
f 11398 11355 11403
f 11403 11355 5017
f 11355 5590 5017
f 3471 3470 11404
f 5071 5073 11405
f 5073 11354 11405
f 11405 11354 11406
f 11354 11352 11406
f 11406 11352 11407
f 11352 11350 11407
f 11407 11350 11408
f 11350 11348 11408
f 11408 11348 11409
f 11348 11346 11409
f 11409 11346 11410
f 11346 11344 11410
f 11410 11344 3466
f 11344 3464 3466
f 5069 5071 11411
f 5071 11405 11411
f 11411 11405 11412
f 11405 11406 11412
f 11412 11406 11413
f 11406 11407 11413
f 11413 11407 11414
f 11407 11408 11414
f 11414 11408 11415
f 11408 11409 11415
f 11415 11409 11404
f 11409 11410 11404
f 11404 11410 3471
f 11410 3466 3471
f 533 11416 11417
f 11418 11419 517
f 11420 11421 11419
f 11422 11423 11421
f 11424 11425 11423
f 11426 11427 11425
f 5038 5037 11427
f 517 518 11418
f 518 519 11418
f 11418 519 11428
f 519 520 11428
f 520 521 11428
f 11428 521 11429
f 521 522 11429
f 11429 522 11430
f 522 523 11430
f 523 524 11430
f 11430 524 11431
f 524 525 11431
f 525 11432 11431
f 11431 11432 11433
f 11432 528 11433
f 528 527 11433
f 11433 527 11434
f 527 526 11434
f 526 530 11434
f 11434 530 11417
f 530 534 11417
f 11417 534 533
f 535 11435 531
f 11435 11416 531
f 531 11416 532
f 11416 533 532
f 535 334 11435
f 334 333 11435
f 11435 333 11436
f 541 11399 994
f 11399 11436 994
f 994 11436 995
f 11436 333 995
f 11419 11418 11420
f 11418 11428 11420
f 11420 11428 11437
f 11428 11429 11437
f 11437 11429 11438
f 11429 11430 11438
f 11438 11430 11439
f 11430 11431 11439
f 11439 11431 11440
f 11431 11433 11440
f 11440 11433 11441
f 11433 11434 11441
f 11441 11434 11442
f 11434 11417 11442
f 11442 11417 11443
f 11417 11416 11443
f 11443 11416 11444
f 11416 11435 11444
f 11444 11435 11445
f 11435 11436 11445
f 11445 11436 11446
f 11436 11399 11446
f 11446 11399 11400
f 11421 11420 11422
f 11420 11437 11422
f 11422 11437 11447
f 11437 11438 11447
f 11447 11438 11448
f 11438 11439 11448
f 11448 11439 11449
f 11439 11440 11449
f 11449 11440 11450
f 11440 11441 11450
f 11450 11441 11451
f 11441 11442 11451
f 11451 11442 11452
f 11442 11443 11452
f 11452 11443 11453
f 11443 11444 11453
f 11453 11444 11454
f 11444 11445 11454
f 11454 11445 11455
f 11445 11446 11455
f 11455 11446 11456
f 11446 11400 11456
f 11456 11400 11401
f 11423 11422 11424
f 11422 11447 11424
f 11424 11447 11457
f 11447 11448 11457
f 11457 11448 11458
f 11448 11449 11458
f 11458 11449 11459
f 11449 11450 11459
f 11459 11450 11460
f 11450 11451 11460
f 11460 11451 11461
f 11451 11452 11461
f 11461 11452 11462
f 11452 11453 11462
f 11462 11453 11463
f 11453 11454 11463
f 11463 11454 11464
f 11454 11455 11464
f 11464 11455 11465
f 11455 11456 11465
f 11465 11456 11466
f 11456 11401 11466
f 11466 11401 11402
f 11425 11424 11426
f 11424 11457 11426
f 11426 11457 11467
f 11457 11458 11467
f 11467 11458 11468
f 11458 11459 11468
f 11468 11459 11469
f 11459 11460 11469
f 11469 11460 11470
f 11460 11461 11470
f 11470 11461 11471
f 11461 11462 11471
f 11471 11462 11472
f 11462 11463 11472
f 11472 11463 11473
f 11463 11464 11473
f 11473 11464 11474
f 11464 11465 11474
f 11474 11465 11475
f 11465 11466 11475
f 11475 11466 11476
f 11466 11402 11476
f 11476 11402 11403
f 11427 11426 5038
f 11426 11467 5038
f 5038 11467 5035
f 11467 11468 5035
f 5035 11468 5033
f 11468 11469 5033
f 5033 11469 5031
f 11469 11470 5031
f 5031 11470 5032
f 11470 11471 5032
f 5032 11471 5034
f 11471 11472 5034
f 5034 11472 5036
f 11472 11473 5036
f 5036 11473 5026
f 11473 11474 5026
f 5026 11474 5027
f 11474 11475 5027
f 5027 11475 5025
f 11475 11476 5025
f 5025 11476 5024
f 11476 11403 5024
f 5024 11403 5017
f 11477 3469 91
f 5607 5616 11478
f 5608 5607 11479
f 5607 11478 11479
f 11479 11478 11480
f 11478 11481 11480
f 11482 11483 11484
f 11483 11485 11484
f 11484 11485 11481
f 11485 11486 11481
f 11481 11486 11480
f 91 11487 11477
f 11487 11488 11477
f 11477 11488 11489
f 11488 11490 11489
f 11489 11490 11482
f 11490 11491 11482
f 11482 11491 11483
f 3470 3469 11404
f 3469 11477 11404
f 11404 11477 11415
f 11477 11489 11415
f 11415 11489 11414
f 11489 11482 11414
f 11414 11482 11413
f 11482 11484 11413
f 11413 11484 11412
f 11484 11481 11412
f 11412 11481 11411
f 11481 11478 11411
f 11411 11478 5069
f 11478 5616 5069
f 11492 11493 11494
f 11495 1664 11496
f 11497 11498 11499
f 11498 11500 11499
f 11499 11500 11496
f 11500 11501 11496
f 11496 11501 11495
f 11502 11503 11497
f 11504 11505 11502
f 11505 11506 11502
f 11502 11506 11503
f 11493 11507 11504
f 11508 11509 11493
f 11509 11510 11493
f 11493 11510 11507
f 11511 11512 11513
f 5020 11514 11511
f 11514 11515 11511
f 11515 11516 11511
f 11511 11516 11512
f 11517 11518 11519
f 11496 1628 11499
f 1628 1665 11499
f 11499 1665 11520
f 1665 1666 11520
f 11520 1666 11519
f 1666 1669 11519
f 11519 1669 11517
f 11517 1667 11518
f 1667 11521 11518
f 11518 11521 11522
f 11521 1672 11522
f 1672 11523 11522
f 11522 11523 11524
f 11523 1670 11524
f 1670 1674 11524
f 11524 1674 11525
f 1674 1675 11525
f 11525 1675 11526
f 1675 11527 11526
f 11526 11527 11528
f 11527 1677 11528
f 1677 1679 11528
f 11528 1679 11529
f 517 11419 11530
f 11419 11531 11530
f 1679 1683 11529
f 1683 11532 11529
f 11529 11532 11531
f 11532 1681 11531
f 11531 1681 11530
f 11497 11499 11502
f 11499 11520 11502
f 11502 11520 11533
f 11520 11519 11533
f 11533 11519 11534
f 11519 11518 11534
f 11534 11518 11535
f 11518 11522 11535
f 11535 11522 11536
f 11522 11524 11536
f 11536 11524 11537
f 11524 11525 11537
f 11537 11525 11538
f 11525 11526 11538
f 11538 11526 11539
f 11526 11528 11539
f 11539 11528 11540
f 11528 11529 11540
f 11540 11529 11541
f 11529 11531 11541
f 11541 11531 11542
f 11531 11419 11542
f 11542 11419 11421
f 11504 11502 11493
f 11502 11533 11493
f 11493 11533 11494
f 11533 11534 11494
f 11494 11534 11543
f 11534 11535 11543
f 11543 11535 11544
f 11535 11536 11544
f 11544 11536 11545
f 11536 11537 11545
f 11545 11537 11546
f 11537 11538 11546
f 11546 11538 11547
f 11538 11539 11547
f 11547 11539 11548
f 11539 11540 11548
f 11548 11540 11549
f 11540 11541 11549
f 11549 11541 11550
f 11541 11542 11550
f 11550 11542 11551
f 11542 11421 11551
f 11551 11421 11423
f 11492 11494 11552
f 11494 11543 11552
f 11552 11543 11553
f 11543 11544 11553
f 11553 11544 11554
f 11544 11545 11554
f 11554 11545 11555
f 11545 11546 11555
f 11555 11546 11556
f 11546 11547 11556
f 11556 11547 11557
f 11547 11548 11557
f 11557 11548 11558
f 11548 11549 11558
f 11558 11549 11559
f 11549 11550 11559
f 11559 11550 11560
f 11550 11551 11560
f 11560 11551 11561
f 11551 11423 11561
f 11561 11423 11425
f 11508 11493 11513
f 11493 11492 11513
f 11513 11492 11511
f 11492 11552 11511
f 11511 11552 11562
f 11552 11553 11562
f 11562 11553 11563
f 11553 11554 11563
f 11563 11554 11564
f 11554 11555 11564
f 11564 11555 11565
f 11555 11556 11565
f 11565 11556 11566
f 11556 11557 11566
f 11566 11557 11567
f 11557 11558 11567
f 11567 11558 11568
f 11558 11559 11568
f 11568 11559 11569
f 11559 11560 11569
f 11569 11560 11570
f 11560 11561 11570
f 11570 11561 11571
f 11561 11425 11571
f 11571 11425 11427
f 5020 11511 5021
f 11511 11562 5021
f 5021 11562 5012
f 11562 11563 5012
f 5012 11563 5013
f 11563 11564 5013
f 5013 11564 5015
f 11564 11565 5015
f 5015 11565 5016
f 11565 11566 5016
f 5016 11566 5018
f 11566 11567 5018
f 5018 11567 5022
f 11567 11568 5022
f 5022 11568 5023
f 11568 11569 5023
f 5023 11569 5030
f 11569 11570 5030
f 5030 11570 5029
f 11570 11571 5029
f 5029 11571 5028
f 11571 11427 5028
f 5028 11427 5037
f 11572 5019 5592
f 11573 11572 11574
f 11575 11576 11577
f 11578 11575 11579
f 84 11578 11580
f 11572 5592 11574
f 5592 5594 11574
f 11574 5594 11581
f 5594 5596 11581
f 11581 5596 11582
f 5596 5598 11582
f 5598 5603 11582
f 11582 5603 5602
f 5600 11583 5602
f 11583 11584 5602
f 5602 11584 11582
f 5609 11585 5610
f 11585 11586 5610
f 5610 11586 5605
f 11586 11583 5605
f 5605 11583 5606
f 11583 5600 5606
f 11575 11577 11579
f 11577 11587 11579
f 11579 11587 11588
f 11587 11589 11588
f 11588 11589 11590
f 11589 11591 11590
f 11590 11591 11592
f 11591 11593 11592
f 11592 11593 11594
f 11593 11595 11594
f 11594 11595 11596
f 11595 11597 11596
f 11596 11597 11598
f 11578 11579 11580
f 11579 11588 11580
f 11580 11588 11599
f 11588 11590 11599
f 11599 11590 11600
f 11590 11592 11600
f 11600 11592 11601
f 11592 11594 11601
f 11601 11594 11602
f 11594 11596 11602
f 11602 11596 11603
f 11596 11598 11603
f 11603 11598 11604
f 5609 5608 11479
f 5609 11479 11585
f 11479 11480 11585
f 11585 11480 11486
f 11485 11597 11605
f 11597 11595 11605
f 11605 11595 11606
f 11595 11593 11606
f 11606 11593 11607
f 11593 11591 11607
f 11607 11591 11608
f 11591 11589 11608
f 11608 11589 11609
f 11589 11587 11609
f 11609 11587 11610
f 11587 11577 11610
f 11610 11577 11611
f 11577 11576 11611
f 11611 11576 11573
f 11573 11574 11611
f 11574 11581 11611
f 11611 11581 11610
f 11581 11582 11610
f 11610 11582 11609
f 11582 11584 11609
f 11609 11584 11608
f 11584 11583 11608
f 11608 11583 11607
f 11583 11586 11607
f 11607 11586 11606
f 11586 11585 11606
f 11606 11585 11605
f 11585 11486 11605
f 11605 11486 11485
f 11485 11483 11597
f 11483 11491 11597
f 11597 11491 11598
f 11491 11490 11598
f 11598 11490 11604
f 11490 11488 11604
f 11604 11488 11487
f 84 11580 79
f 11580 11599 79
f 79 11599 80
f 11599 11600 80
f 80 11600 86
f 11600 11601 86
f 86 11601 87
f 11601 11602 87
f 87 11602 88
f 11602 11603 88
f 88 11603 89
f 11603 11604 89
f 89 11604 90
f 11604 11487 90
f 90 11487 91
f 11612 11613 11578
f 5020 5019 11614
f 5019 11572 11614
f 11614 11572 11615
f 11572 11616 11615
f 11616 11572 11617
f 11572 11573 11617
f 11617 11573 11618
f 11576 11619 11573
f 11619 11620 11573
f 11573 11620 11618
f 11621 11622 11575
f 11622 11623 11575
f 11575 11623 11576
f 11623 11624 11576
f 11576 11624 11619
f 11613 11625 11578
f 11625 11626 11578
f 11578 11626 11575
f 11626 11627 11575
f 11575 11627 11621
f 11612 11578 11628
f 11578 84 11628
f 11628 84 83
f 1465 1469 11629
f 11630 1471 11631
f 11632 1476 11633
f 11634 1473 11635
f 11636 1481 11637
f 11638 1494 11639
f 11640 1499 11641
f 5119 5121 11642
f 5121 11643 11642
f 11644 11645 11646
f 11646 11647 11644
f 11647 11648 11644
f 11644 11648 11643
f 11648 11649 11643
f 11643 11649 11642
f 11645 11644 11650
f 11644 11651 11650
f 11650 11651 11652
f 11653 11654 11655
f 11654 11656 11655
f 11655 11656 11651
f 11656 11657 11651
f 11651 11657 11652
f 11653 11655 11658
f 11655 11659 11658
f 11658 11659 11660
f 11661 11662 11663
f 11663 11664 11661
f 11664 11665 11661
f 11661 11665 11659
f 11665 11666 11659
f 11659 11666 11660
f 11662 11661 11667
f 11661 11668 11667
f 11667 11668 11669
f 11670 11671 11672
f 11671 11673 11672
f 11672 11673 11668
f 11673 11674 11668
f 11668 11674 11669
f 11675 11676 11677
f 11676 11678 11677
f 11677 11678 11672
f 11678 11679 11672
f 11672 11679 11670
f 11675 11677 11680
f 11677 1625 11680
f 11680 1625 1627
f 1499 1625 11641
f 1625 11677 11641
f 11641 11677 11681
f 11677 11672 11681
f 11681 11672 11682
f 11672 11668 11682
f 11682 11668 11683
f 11668 11661 11683
f 11683 11661 11684
f 11661 11659 11684
f 11684 11659 11685
f 11659 11655 11685
f 11685 11655 11686
f 11655 11651 11686
f 11686 11651 11687
f 11651 11644 11687
f 11687 11644 11688
f 11644 11643 11688
f 11688 11643 5122
f 11643 5121 5122
f 1502 11640 11689
f 11640 11641 11689
f 11689 11641 11690
f 11641 11691 11690
f 11690 11691 11692
f 11691 11682 11692
f 11692 11682 11693
f 11682 11683 11693
f 11693 11683 11694
f 11683 11684 11694
f 11694 11684 11695
f 11684 11685 11695
f 11695 11685 11696
f 11685 11686 11696
f 11696 11686 11697
f 11686 11687 11697
f 11697 11687 11698
f 11687 11688 11698
f 11698 11688 5112
f 11688 5122 5112
f 1503 1502 11699
f 1502 11689 11699
f 11699 11689 11700
f 11689 11690 11700
f 11700 11690 11701
f 11690 11692 11701
f 11701 11692 11702
f 11692 11693 11702
f 11702 11693 11703
f 11693 11694 11703
f 11703 11694 11704
f 11694 11695 11704
f 11704 11695 11705
f 11695 11696 11705
f 11705 11696 11706
f 11696 11697 11706
f 11706 11697 11707
f 11697 11698 11707
f 11707 11698 5111
f 11698 5112 5111
f 5111 5110 11707
f 5110 11708 11707
f 11707 11708 11706
f 11708 11709 11706
f 11706 11709 11705
f 11709 11710 11705
f 11705 11710 11704
f 11710 11711 11704
f 11704 11711 11703
f 11711 11712 11703
f 11703 11712 11702
f 11712 11713 11702
f 11702 11713 11701
f 11713 11714 11701
f 11701 11714 11700
f 11714 11715 11700
f 11700 11715 11699
f 11715 11716 11699
f 11717 11718 11716
f 11718 1497 11716
f 11716 1497 11699
f 1497 11719 11699
f 11699 11719 1503
f 1493 11717 11720
f 11717 11716 11720
f 11720 11716 11721
f 11716 11715 11721
f 11721 11715 11722
f 11715 11714 11722
f 11722 11714 11723
f 11714 11713 11723
f 11723 11713 11724
f 11713 11712 11724
f 11724 11712 11725
f 11712 11711 11725
f 11725 11711 11726
f 11711 11710 11726
f 11726 11710 11727
f 11710 11709 11727
f 11727 11709 11728
f 11709 11708 11728
f 11728 11708 5107
f 11708 5110 5107
f 1494 1493 11639
f 1493 11720 11639
f 11639 11720 11729
f 11720 11721 11729
f 11729 11721 11730
f 11721 11722 11730
f 11730 11722 11731
f 11722 11723 11731
f 11731 11723 11732
f 11723 11724 11732
f 11732 11724 11733
f 11724 11725 11733
f 11733 11725 11734
f 11725 11726 11734
f 11734 11726 11735
f 11726 11727 11735
f 11735 11727 11736
f 11727 11728 11736
f 11736 11728 5106
f 11728 5107 5106
f 1489 11638 11737
f 11638 11639 11737
f 11737 11639 11738
f 11639 11729 11738
f 11738 11729 11739
f 11729 11730 11739
f 11739 11730 11740
f 11730 11731 11740
f 11740 11731 11741
f 11731 11732 11741
f 11741 11732 11742
f 11732 11733 11742
f 11742 11733 11743
f 11733 11734 11743
f 11743 11734 11744
f 11734 11735 11744
f 11744 11735 11745
f 11735 11736 11745
f 11745 11736 5109
f 11736 5106 5109
f 5109 5113 11745
f 5113 11746 11745
f 11745 11746 11744
f 11746 11747 11744
f 11744 11747 11743
f 11747 11748 11743
f 11743 11748 11742
f 11748 11749 11742
f 11742 11749 11741
f 11749 11750 11741
f 11741 11750 11740
f 11750 11751 11740
f 11740 11751 11739
f 11751 11752 11739
f 11739 11752 11738
f 11752 11753 11738
f 11738 11753 11737
f 11753 11754 11737
f 11737 11754 1489
f 11755 11756 11754
f 11756 1490 11754
f 11754 1490 1489
f 5113 5115 11746
f 5115 11757 11746
f 11746 11757 11747
f 11757 11758 11747
f 11747 11758 11748
f 11758 11759 11748
f 11748 11759 11749
f 11759 11760 11749
f 11749 11760 11750
f 11760 11761 11750
f 11750 11761 11751
f 11761 11762 11751
f 11751 11762 11752
f 11762 11763 11752
f 11752 11763 11753
f 11763 11764 11753
f 11753 11764 11754
f 11764 11765 11754
f 11754 11765 11755
f 11765 1480 11755
f 1481 1480 11637
f 1480 11765 11637
f 11637 11765 11766
f 11765 11764 11766
f 11766 11764 11767
f 11764 11763 11767
f 11767 11763 11768
f 11763 11762 11768
f 11768 11762 11769
f 11762 11761 11769
f 11769 11761 11770
f 11761 11760 11770
f 11770 11760 11771
f 11760 11759 11771
f 11771 11759 11772
f 11759 11758 11772
f 11772 11758 11773
f 11758 11757 11773
f 11773 11757 5118
f 11757 5115 5118
f 5118 5117 11773
f 5117 11774 11773
f 11773 11774 11772
f 11774 11775 11772
f 11772 11775 11771
f 11775 11776 11771
f 11771 11776 11770
f 11776 11777 11770
f 11770 11777 11778
f 11777 11779 11778
f 11778 11779 11768
f 11779 11780 11768
f 11768 11780 11767
f 11780 11781 11767
f 11767 11781 11766
f 11781 11782 11766
f 11766 11782 11637
f 11782 11783 11637
f 11637 11783 11636
f 11783 1483 11636
f 1473 1483 11635
f 1483 11783 11635
f 11635 11783 11784
f 11783 11782 11784
f 11784 11782 11785
f 11782 11781 11785
f 11785 11781 11786
f 11781 11780 11786
f 11786 11780 11787
f 11780 11779 11787
f 11787 11779 11788
f 11779 11777 11788
f 11788 11777 11789
f 11777 11776 11789
f 11789 11776 11790
f 11776 11775 11790
f 11790 11775 11791
f 11775 11774 11791
f 11791 11774 5116
f 11774 5117 5116
f 5116 5125 11791
f 5125 11792 11791
f 11791 11792 11790
f 11792 11793 11790
f 11790 11793 11789
f 11793 11794 11789
f 11789 11794 11788
f 11794 11795 11788
f 11788 11795 11787
f 11795 11796 11787
f 11787 11796 11786
f 11796 11797 11786
f 11786 11797 11785
f 11797 11798 11785
f 11785 11798 11784
f 11798 11799 11784
f 11784 11799 11635
f 11799 11633 11635
f 11635 11633 11634
f 11633 1476 11634
f 1471 11632 11631
f 11632 11633 11631
f 11631 11633 11800
f 11633 11799 11800
f 11800 11799 11801
f 11799 11798 11801
f 11801 11798 11802
f 11798 11797 11802
f 11802 11797 11803
f 11797 11796 11803
f 11803 11796 11804
f 11796 11795 11804
f 11804 11795 11805
f 11795 11794 11805
f 11805 11794 11806
f 11794 11793 11806
f 11806 11793 11807
f 11793 11792 11807
f 11807 11792 5124
f 11792 5125 5124
f 1468 11630 11808
f 11630 11631 11808
f 11808 11631 11809
f 11631 11800 11809
f 11809 11800 11810
f 11800 11801 11810
f 11810 11801 11811
f 11801 11802 11811
f 11811 11802 11812
f 11802 11803 11812
f 11812 11803 11813
f 11803 11804 11813
f 11813 11804 11814
f 11804 11805 11814
f 11814 11805 11815
f 11805 11806 11815
f 11815 11806 11816
f 11806 11807 11816
f 11816 11807 5123
f 11807 5124 5123
f 1469 1468 11629
f 1468 11808 11629
f 11629 11808 11817
f 11808 11809 11817
f 11817 11809 11818
f 11809 11810 11818
f 11818 11810 11819
f 11810 11811 11819
f 11819 11811 11820
f 11811 11812 11820
f 11820 11812 11821
f 11812 11813 11821
f 11821 11813 11822
f 11813 11814 11822
f 11822 11814 11823
f 11814 11815 11823
f 11823 11815 11824
f 11815 11816 11824
f 11824 11816 5130
f 11816 5123 5130
f 5130 5128 11824
f 5128 11825 11824
f 11824 11825 11823
f 11825 11826 11823
f 11823 11826 11822
f 11826 11827 11822
f 11822 11827 11821
f 11827 11828 11821
f 11821 11828 11820
f 11828 11829 11820
f 11820 11829 11819
f 11829 11830 11819
f 11819 11830 11818
f 11830 11831 11818
f 11818 11831 11817
f 11831 11832 11817
f 11817 11832 11629
f 11832 11833 11629
f 11629 11833 1465
f 11833 663 1465
f 11834 11835 11836
f 11837 11825 5128
f 11838 11826 11825
f 11839 11827 11826
f 11840 11828 11827
f 11841 11829 11828
f 11842 11830 11829
f 11843 11831 11830
f 11844 11832 11831
f 11845 11833 11832
f 663 11833 664
f 11833 11845 664
f 664 11845 11846
f 636 11847 11848
f 11847 11849 11848
f 11848 11849 11850
f 11851 11852 11853
f 650 11854 649
f 11854 11850 649
f 649 11850 648
f 11850 11849 648
f 1087 11855 11856
f 11855 11854 11856
f 11856 11854 11857
f 11854 650 11857
f 1087 11858 11855
f 11858 11859 11855
f 11855 11859 11860
f 11859 653 11860
f 653 11861 11860
f 11860 11861 11862
f 11861 657 11862
f 11862 657 11863
f 657 11864 11863
f 11864 661 11863
f 661 11865 11863
f 11863 11865 11866
f 11865 658 11866
f 11866 658 11867
f 658 11868 11867
f 11867 11868 11846
f 11868 317 11846
f 11846 317 664
f 11832 11844 11845
f 11844 11869 11845
f 11845 11869 11846
f 11869 11870 11846
f 11846 11870 11867
f 11870 11871 11867
f 11867 11871 11866
f 11871 11872 11866
f 11866 11872 11863
f 11872 11873 11863
f 11863 11873 11862
f 11873 11874 11862
f 11862 11874 11860
f 11874 11875 11860
f 11860 11875 11855
f 11875 11876 11855
f 11855 11876 11854
f 11876 11851 11854
f 11854 11851 11850
f 11851 11853 11850
f 11850 11853 11848
f 11831 11843 11844
f 11843 11877 11844
f 11844 11877 11869
f 11877 11878 11869
f 11869 11878 11870
f 11878 11879 11870
f 11870 11879 11871
f 11879 11880 11871
f 11871 11880 11872
f 11880 11881 11872
f 11872 11881 11873
f 11881 11882 11873
f 11873 11882 11874
f 11882 11883 11874
f 11874 11883 11875
f 11883 11884 11875
f 11875 11884 11876
f 11884 11885 11876
f 11876 11885 11851
f 11885 11886 11851
f 11851 11886 11852
f 11830 11842 11843
f 11842 11887 11843
f 11843 11887 11877
f 11887 11888 11877
f 11877 11888 11878
f 11888 11889 11878
f 11878 11889 11879
f 11889 11890 11879
f 11879 11890 11880
f 11890 11891 11880
f 11880 11891 11881
f 11891 11892 11881
f 11881 11892 11882
f 11892 11893 11882
f 11882 11893 11883
f 11893 11894 11883
f 11883 11894 11884
f 11894 11895 11884
f 11884 11895 11885
f 11895 11896 11885
f 11885 11896 11886
f 11829 11841 11842
f 11841 11897 11842
f 11842 11897 11887
f 11897 11898 11887
f 11887 11898 11888
f 11898 11899 11888
f 11888 11899 11889
f 11899 11900 11889
f 11889 11900 11890
f 11900 11901 11890
f 11890 11901 11891
f 11901 11902 11891
f 11891 11902 11892
f 11902 11903 11892
f 11892 11903 11893
f 11903 11904 11893
f 11893 11904 11894
f 11904 11905 11894
f 11894 11905 11895
f 11905 11906 11895
f 11895 11906 11896
f 11828 11840 11841
f 11840 11907 11841
f 11841 11907 11897
f 11907 11908 11897
f 11897 11908 11898
f 11908 11909 11898
f 11898 11909 11899
f 11909 11910 11899
f 11899 11910 11900
f 11910 11911 11900
f 11900 11911 11901
f 11911 11912 11901
f 11901 11912 11902
f 11912 11913 11902
f 11902 11913 11903
f 11913 11914 11903
f 11903 11914 11904
f 11914 11915 11904
f 11904 11915 11905
f 11915 11916 11905
f 11905 11916 11906
f 11827 11839 11840
f 11839 11917 11840
f 11840 11917 11907
f 11917 11918 11907
f 11907 11918 11908
f 11918 11919 11908
f 11908 11919 11909
f 11919 11920 11909
f 11909 11920 11910
f 11920 11921 11910
f 11910 11921 11911
f 11921 11922 11911
f 11911 11922 11912
f 11922 11923 11912
f 11912 11923 11913
f 11923 11924 11913
f 11913 11924 11914
f 11924 11925 11914
f 11914 11925 11915
f 11925 11926 11915
f 11915 11926 11916
f 11826 11838 11839
f 11838 11927 11839
f 11839 11927 11917
f 11927 11928 11917
f 11917 11928 11918
f 11928 11929 11918
f 11918 11929 11919
f 11929 11930 11919
f 11919 11930 11920
f 11930 11931 11920
f 11920 11931 11921
f 11931 11932 11921
f 11921 11932 11922
f 11932 11933 11922
f 11922 11933 11923
f 11933 11934 11923
f 11923 11934 11924
f 11934 11836 11924
f 11924 11836 11925
f 11836 11835 11925
f 11925 11835 11926
f 11825 11837 11838
f 11837 11935 11838
f 11838 11935 11927
f 11935 11936 11927
f 11927 11936 11928
f 11936 11937 11928
f 11928 11937 11929
f 11937 11938 11929
f 11929 11938 11930
f 11938 11939 11930
f 11930 11939 11931
f 11939 11940 11931
f 11931 11940 11932
f 11940 11941 11932
f 11932 11941 11933
f 11941 11942 11933
f 11933 11942 11934
f 11942 11943 11934
f 11934 11943 11836
f 11943 11944 11836
f 11836 11944 11834
f 5128 5137 11837
f 5137 5136 11837
f 11837 5136 11935
f 5136 5135 11935
f 11935 5135 11936
f 5135 5134 11936
f 11936 5134 11937
f 5134 5133 11937
f 11937 5133 11938
f 5133 5132 11938
f 11938 5132 11939
f 5132 5131 11939
f 11939 5131 11940
f 5131 5129 11940
f 11940 5129 11941
f 5129 5127 11941
f 11941 5127 11942
f 5127 5126 11942
f 11942 5126 11943
f 5126 5114 11943
f 11943 5114 11944
f 11945 11946 11947
f 11948 11949 11950
f 144 143 11951
f 143 11952 11951
f 11951 11952 11953
f 11949 11954 11950
f 11954 11955 11950
f 11950 11955 11952
f 11955 11956 11952
f 11952 11956 11953
f 11947 11946 11950
f 11946 11957 11950
f 11950 11957 11948
f 11958 11959 11960
f 11959 11961 11960
f 11960 11961 11947
f 11961 11962 11947
f 11947 11962 11945
f 11958 11960 11963
f 11960 11964 11963
f 11963 11964 11965
f 11966 11967 11968
f 11967 11969 11968
f 11968 11969 11964
f 11969 11970 11964
f 11964 11970 11965
f 11966 11968 11971
f 11968 11972 11971
f 11971 11972 11973
f 11974 11975 11976
f 11975 11977 11976
f 11976 11977 11972
f 11977 11978 11972
f 11972 11978 11973
f 11979 11980 11981
f 11980 11982 11981
f 11981 11982 11976
f 11982 11983 11976
f 11976 11983 11974
f 11979 11981 11984
f 11981 5120 11984
f 11984 5120 5119
f 11852 11886 11985
f 11906 11916 11986
f 11835 11834 11987
f 11944 5114 5825
f 11835 11987 11926
f 11988 11896 11906
f 11896 11988 11886
f 11848 11853 11989
f 11853 11852 11989
f 637 636 11848
f 11834 11944 11987
f 11944 5825 11987
f 11987 5825 11990
f 5825 5827 11990
f 5827 5833 11990
f 11990 5833 11991
f 5833 5831 11991
f 5831 5829 11991
f 11991 5829 5838
f 5837 11992 5838
f 11992 11993 5838
f 5838 11993 11991
f 5837 5836 11992
f 5836 5839 11992
f 11992 5839 11994
f 5839 5841 11994
f 11994 5841 11995
f 5847 11996 5845
f 11996 11995 5845
f 5845 11995 5843
f 11995 5841 5843
f 11906 11986 11988
f 11986 11997 11988
f 11988 11997 11998
f 11997 11999 11998
f 11998 11999 12000
f 11999 12001 12000
f 12000 12001 12002
f 12001 12003 12002
f 12002 12003 12004
f 12003 12005 12004
f 12004 12005 12006
f 12005 12007 12006
f 12006 12007 12008
f 12007 12009 12008
f 12008 12009 12010
f 11886 11988 11985
f 11988 11998 11985
f 11985 11998 12011
f 11998 12000 12011
f 12011 12000 12012
f 12000 12002 12012
f 12012 12002 12013
f 12002 12004 12013
f 12013 12004 12014
f 12004 12006 12014
f 12014 12006 12015
f 12006 12008 12015
f 12015 12008 12016
f 12008 12010 12016
f 12016 12010 12017
f 5847 5145 11996
f 5145 12018 11996
f 11996 12018 12019
f 11926 11987 12020
f 11987 11990 12020
f 12020 11990 12021
f 11990 11991 12021
f 12021 11991 12022
f 11991 11993 12022
f 12022 11993 12023
f 11993 11992 12023
f 12023 11992 12024
f 11992 11994 12024
f 12024 11994 12025
f 11994 11995 12025
f 12025 11995 12026
f 11995 11996 12026
f 12026 11996 12027
f 11996 12019 12027
f 12027 12019 12028
f 12028 12009 12027
f 12009 12007 12027
f 12027 12007 12026
f 12007 12005 12026
f 12026 12005 12025
f 12005 12003 12025
f 12025 12003 12024
f 12003 12001 12024
f 12024 12001 12023
f 12001 11999 12023
f 12023 11999 12022
f 11999 11997 12022
f 12022 11997 12021
f 11997 11986 12021
f 12021 11986 12020
f 11986 11916 12020
f 12020 11916 11926
f 12028 12029 12009
f 12029 12030 12009
f 12009 12030 12010
f 12030 12031 12010
f 12010 12031 12017
f 12031 12032 12017
f 12017 12032 12033
f 11852 11985 11989
f 11985 12011 11989
f 11989 12011 12034
f 12011 12012 12034
f 12034 12012 12035
f 12012 12013 12035
f 12035 12013 12036
f 12013 12014 12036
f 12036 12014 12037
f 12014 12015 12037
f 12037 12015 12038
f 12015 12016 12038
f 12038 12016 12039
f 12016 12017 12039
f 12039 12017 12040
f 12017 12033 12040
f 12040 12033 12041
f 11848 11989 637
f 11989 12034 637
f 637 12034 639
f 12034 12035 639
f 639 12035 640
f 12035 12036 640
f 640 12036 641
f 12036 12037 641
f 641 12037 642
f 12037 12038 642
f 642 12038 643
f 12038 12039 643
f 643 12039 644
f 12039 12040 644
f 644 12040 645
f 12040 12041 645
f 645 12041 646
f 5899 5898 12042
f 12043 5908 12044
f 12045 136 135
f 5900 5903 12046
f 5900 12046 5143
f 12047 12048 12046
f 12048 12049 12046
f 12046 12049 5143
f 12050 12051 12052
f 12051 12053 12052
f 12052 12053 12047
f 12053 12054 12047
f 12047 12054 12048
f 135 12055 12045
f 12055 12056 12045
f 12045 12056 12057
f 12056 12058 12057
f 12057 12058 12059
f 12058 12060 12059
f 12059 12060 12061
f 12060 12062 12061
f 12061 12062 12063
f 12062 12064 12063
f 12063 12064 12050
f 12064 12065 12050
f 12050 12065 12051
f 129 136 12066
f 136 12045 12066
f 12066 12045 12067
f 12045 12057 12067
f 12067 12057 12068
f 12057 12059 12068
f 12068 12059 12069
f 12059 12061 12069
f 12069 12061 12070
f 12061 12063 12070
f 12070 12063 12071
f 12063 12050 12071
f 12071 12050 12072
f 12050 12052 12072
f 12072 12052 12073
f 12052 12047 12073
f 12073 12047 12074
f 12047 12046 12074
f 12074 12046 5901
f 12046 5903 5901
f 130 129 12075
f 129 12066 12075
f 12075 12066 12076
f 12066 12067 12076
f 12076 12067 12077
f 12067 12068 12077
f 12077 12068 12078
f 12068 12069 12078
f 12078 12069 12079
f 12069 12070 12079
f 12079 12070 12080
f 12070 12071 12080
f 12080 12071 12081
f 12071 12072 12081
f 12081 12072 12082
f 12072 12073 12082
f 12082 12073 12083
f 12073 12074 12083
f 12083 12074 12084
f 12074 5901 12084
f 5907 12085 12086
f 137 130 12087
f 130 12075 12087
f 12087 12075 12088
f 12075 12076 12088
f 12088 12076 12089
f 12076 12077 12089
f 12089 12077 12090
f 12077 12078 12090
f 12090 12078 12091
f 12078 12079 12091
f 12091 12079 12092
f 12079 12080 12092
f 12092 12080 12093
f 12080 12081 12093
f 12093 12081 12094
f 12081 12082 12094
f 12094 12082 12086
f 12082 12083 12086
f 12086 12083 5907
f 12083 12084 5907
f 12043 12044 5905
f 138 137 12095
f 137 12087 12095
f 12095 12087 12096
f 12087 12088 12096
f 12096 12088 12097
f 12088 12089 12097
f 12097 12089 12098
f 12089 12090 12098
f 12098 12090 12099
f 12090 12091 12099
f 12099 12091 12100
f 12091 12092 12100
f 12100 12092 12101
f 12092 12093 12101
f 12101 12093 12102
f 12093 12094 12102
f 12102 12094 12044
f 12094 12086 12044
f 12044 12086 5905
f 12086 12085 5905
f 139 138 12103
f 138 12095 12103
f 12103 12095 12104
f 12095 12096 12104
f 12104 12096 12105
f 12096 12097 12105
f 12105 12097 12106
f 12097 12098 12106
f 12106 12098 12107
f 12098 12099 12107
f 12107 12099 12108
f 12099 12100 12108
f 12108 12100 12109
f 12100 12101 12109
f 12109 12101 12110
f 12101 12102 12110
f 12110 12102 12111
f 12102 12044 12111
f 12111 12044 5909
f 12044 5908 5909
f 140 139 12112
f 139 12103 12112
f 12112 12103 12113
f 12103 12104 12113
f 12113 12104 12114
f 12104 12105 12114
f 12114 12105 12115
f 12105 12106 12115
f 12115 12106 12116
f 12106 12107 12116
f 12116 12107 12117
f 12107 12108 12117
f 12117 12108 12118
f 12108 12109 12118
f 12118 12109 12119
f 12109 12110 12119
f 12119 12110 12120
f 12110 12111 12120
f 12120 12111 5910
f 12111 5909 5910
f 141 140 12121
f 140 12112 12121
f 12121 12112 12122
f 12112 12113 12122
f 12122 12113 12123
f 12113 12114 12123
f 12123 12114 12124
f 12114 12115 12124
f 12124 12115 12125
f 12115 12116 12125
f 12125 12116 12126
f 12116 12117 12126
f 12126 12117 12127
f 12117 12118 12127
f 12127 12118 12128
f 12118 12119 12128
f 12128 12119 12042
f 12119 12120 12042
f 12042 12120 5899
f 12120 5910 5899
f 143 141 11952
f 141 12121 11952
f 11952 12121 11950
f 12121 12122 11950
f 11950 12122 11947
f 12122 12123 11947
f 11947 12123 11960
f 12123 12124 11960
f 11960 12124 11964
f 12124 12125 11964
f 11964 12125 11968
f 12125 12126 11968
f 11968 12126 11972
f 12126 12127 11972
f 11972 12127 11976
f 12127 12128 11976
f 11976 12128 11981
f 12128 12042 11981
f 11981 12042 5120
f 12042 5898 5120
f 632 647 12129
f 630 632 12130
f 632 12129 12130
f 12130 12129 12131
f 12129 12132 12131
f 12131 12132 12133
f 5147 5149 12134
f 5149 12135 12134
f 12134 12135 12136
f 12135 12137 12136
f 12136 12137 12138
f 12032 12132 12033
f 12132 12129 12033
f 12033 12129 12041
f 12129 647 12041
f 12041 647 646
f 12032 12031 12132
f 12031 12138 12132
f 12132 12138 12133
f 12138 12137 12133
f 12031 12030 12138
f 12030 12029 12138
f 12138 12029 12136
f 12029 12028 12136
f 12136 12028 12134
f 5145 5147 12018
f 5147 12134 12018
f 12018 12134 12019
f 12134 12028 12019
f 135 133 12055
f 133 12139 12055
f 12140 12058 12139
f 12058 12056 12139
f 12139 12056 12055
f 12141 12062 12140
f 12062 12060 12140
f 12140 12060 12058
f 12142 12065 12141
f 12065 12064 12141
f 12141 12064 12062
f 12054 12053 12142
f 12053 12051 12142
f 12142 12051 12065
f 12054 12142 12048
f 12142 12143 12048
f 12048 12143 12049
f 12143 5144 12049
f 12049 5144 5143
f 5141 5144 12144
f 5144 12143 12144
f 12144 12143 12145
f 12143 12142 12145
f 12145 12142 12146
f 12142 12141 12146
f 12146 12141 12147
f 12141 12140 12147
f 12147 12140 12148
f 12140 12139 12148
f 12148 12139 132
f 12139 133 132
f 5757 5755 12149
f 12135 5149 5740
f 12137 12135 12150
f 12133 12137 12151
f 12131 12133 12152
f 12130 12131 12153
f 12135 5740 12150
f 5740 5748 12150
f 12150 5748 12154
f 5748 5747 12154
f 12154 5747 12155
f 5747 5745 12155
f 5745 5743 12155
f 12155 5743 5753
f 5752 12156 5753
f 12156 12157 5753
f 5753 12157 12155
f 5759 12158 5761
f 12158 12159 5761
f 5761 12159 5762
f 12159 12156 5762
f 5762 12156 5750
f 12156 5752 5750
f 12137 12150 12151
f 12150 12154 12151
f 12151 12154 12160
f 12154 12155 12160
f 12160 12155 12161
f 12155 12157 12161
f 12161 12157 12162
f 12157 12156 12162
f 12162 12156 12163
f 12156 12159 12163
f 12163 12159 12164
f 12159 12158 12164
f 12164 12158 12165
f 12133 12151 12152
f 12151 12160 12152
f 12152 12160 12166
f 12160 12161 12166
f 12166 12161 12167
f 12161 12162 12167
f 12167 12162 12168
f 12162 12163 12168
f 12168 12163 12169
f 12163 12164 12169
f 12169 12164 12170
f 12164 12165 12170
f 12170 12165 12171
f 12131 12152 12153
f 12152 12166 12153
f 12153 12166 12172
f 12166 12167 12172
f 12172 12167 12173
f 12167 12168 12173
f 12173 12168 12174
f 12168 12169 12174
f 12174 12169 12175
f 12169 12170 12175
f 12175 12170 12176
f 12170 12171 12176
f 12176 12171 12177
f 12130 12153 12178
f 12153 12172 12178
f 12178 12172 12179
f 12172 12173 12179
f 12179 12173 12180
f 12173 12174 12180
f 12180 12174 12181
f 12174 12175 12181
f 12181 12175 12182
f 12175 12176 12182
f 12182 12176 12183
f 12176 12177 12183
f 12183 12177 12184
f 12184 635 12183
f 635 634 12183
f 12183 634 12182
f 634 633 12182
f 12182 633 12181
f 633 627 12181
f 12181 627 12180
f 627 626 12180
f 12180 626 12179
f 626 629 12179
f 12179 629 12178
f 629 630 12178
f 12178 630 12130
f 624 623 12184
f 623 622 12184
f 12184 622 635
f 12185 12186 12187
f 12186 12188 12187
f 12187 12188 12189
f 12188 12190 12189
f 12189 12190 12191
f 12190 12192 12191
f 12191 12192 12193
f 12192 12149 12193
f 12193 12149 5085
f 12149 5755 5085
f 5759 5757 12158
f 5757 12149 12158
f 12158 12149 12165
f 12149 12192 12165
f 12165 12192 12171
f 12192 12190 12171
f 12171 12190 12177
f 12190 12188 12177
f 12177 12188 12184
f 12188 12186 12184
f 12184 12186 624
f 12186 12185 624
f 624 12185 625
f 3463 3462 12194
f 3463 12194 3459
f 12148 12195 12147
f 12195 12196 12147
f 12147 12196 12146
f 12196 12197 12146
f 12146 12197 12145
f 12197 12198 12145
f 12145 12198 12144
f 12198 12199 12144
f 12144 12199 5141
f 12199 5138 5141
f 5139 5138 12200
f 5138 12199 12200
f 12200 12199 12201
f 12199 12198 12201
f 12201 12198 12202
f 12198 12197 12202
f 12202 12197 12203
f 12197 12196 12203
f 12203 12196 12194
f 12196 12195 12194
f 12194 12195 3459
f 12195 12148 3459
f 3459 12148 132
f 12204 12205 12206
f 12205 602 12206
f 12207 12208 12204
f 12209 12210 12208
f 12211 12212 12213
f 12212 12210 12213
f 12214 12215 12211
f 5099 5092 12215
f 602 601 12206
f 601 600 12206
f 12206 600 12216
f 600 12217 12216
f 12216 12217 12218
f 12217 606 12218
f 606 12219 12218
f 12218 12219 12220
f 12219 608 12220
f 12220 608 12221
f 608 12222 12221
f 617 12223 12224
f 12223 12225 12224
f 12224 12225 612
f 12225 12226 612
f 612 12226 611
f 12226 12221 611
f 611 12221 610
f 12221 12222 610
f 576 12227 12228
f 12227 12229 12228
f 617 12230 12223
f 12230 12231 12223
f 12223 12231 12229
f 12231 613 12229
f 12229 613 12228
f 576 621 12227
f 621 12232 12227
f 12227 12232 12233
f 12232 328 12233
f 12233 328 332
f 332 572 12233
f 572 570 12233
f 12233 570 12185
f 570 625 12185
f 12204 12206 12207
f 12206 12216 12207
f 12207 12216 12234
f 12216 12218 12234
f 12234 12218 12235
f 12218 12220 12235
f 12235 12220 12236
f 12220 12221 12236
f 12236 12221 12237
f 12221 12226 12237
f 12237 12226 12238
f 12226 12225 12238
f 12238 12225 12239
f 12225 12223 12239
f 12239 12223 12240
f 12223 12229 12240
f 12240 12229 12241
f 12229 12227 12241
f 12241 12227 12242
f 12227 12233 12242
f 12242 12233 12243
f 12233 12185 12243
f 12243 12185 12187
f 12208 12207 12209
f 12207 12234 12209
f 12209 12234 12244
f 12234 12235 12244
f 12244 12235 12245
f 12235 12236 12245
f 12245 12236 12246
f 12236 12237 12246
f 12246 12237 12247
f 12237 12238 12247
f 12247 12238 12248
f 12238 12239 12248
f 12248 12239 12249
f 12239 12240 12249
f 12249 12240 12250
f 12240 12241 12250
f 12250 12241 12251
f 12241 12242 12251
f 12251 12242 12252
f 12242 12243 12252
f 12252 12243 12253
f 12243 12187 12253
f 12253 12187 12189
f 12210 12209 12213
f 12209 12244 12213
f 12213 12244 12254
f 12244 12245 12254
f 12254 12245 12255
f 12245 12246 12255
f 12255 12246 12256
f 12246 12247 12256
f 12256 12247 12257
f 12247 12248 12257
f 12257 12248 12258
f 12248 12249 12258
f 12258 12249 12259
f 12249 12250 12259
f 12259 12250 12260
f 12250 12251 12260
f 12260 12251 12261
f 12251 12252 12261
f 12261 12252 12262
f 12252 12253 12262
f 12262 12253 12263
f 12253 12189 12263
f 12263 12189 12191
f 12211 12213 12214
f 12213 12254 12214
f 12214 12254 12264
f 12254 12255 12264
f 12264 12255 12265
f 12255 12256 12265
f 12265 12256 12266
f 12256 12257 12266
f 12266 12257 12267
f 12257 12258 12267
f 12267 12258 12268
f 12258 12259 12268
f 12268 12259 12269
f 12259 12260 12269
f 12269 12260 12270
f 12260 12261 12270
f 12270 12261 12271
f 12261 12262 12271
f 12271 12262 12272
f 12262 12263 12272
f 12272 12263 12273
f 12263 12191 12273
f 12273 12191 12193
f 12215 12214 5099
f 12214 12264 5099
f 5099 12264 5100
f 12264 12265 5100
f 5100 12265 5103
f 12265 12266 5103
f 5103 12266 5102
f 12266 12267 5102
f 5102 12267 5101
f 12267 12268 5101
f 5101 12268 5104
f 12268 12269 5104
f 5104 12269 5105
f 12269 12270 5105
f 5105 12270 5098
f 12270 12271 5098
f 5098 12271 5094
f 12271 12272 5094
f 5094 12272 5093
f 12272 12273 5093
f 5093 12273 5091
f 12273 12193 5091
f 5091 12193 5085
f 3460 195 12274
f 195 12275 12274
f 12274 12275 12276
f 12275 12277 12276
f 12276 12277 12278
f 12277 12279 12278
f 12278 12279 12280
f 12279 12281 12280
f 12280 12281 12282
f 12281 12283 12282
f 12282 12283 5785
f 12283 5784 5785
f 3462 3460 12194
f 3460 12274 12194
f 12194 12274 12203
f 12274 12276 12203
f 12203 12276 12202
f 12276 12278 12202
f 12202 12278 12201
f 12278 12280 12201
f 12201 12280 12200
f 12280 12282 12200
f 12200 12282 5139
f 12282 5785 5139
f 12284 12285 12286
f 12287 1436 1434
f 12287 1434 12285
f 12284 12286 12288
f 12289 12290 12291
f 12290 12292 12291
f 12291 12292 12288
f 12293 12294 12295
f 12294 12296 12295
f 12295 12296 12289
f 12297 12298 12293
f 5087 12299 12297
f 12299 12300 12297
f 12300 12301 12297
f 12297 12301 12298
f 12302 12303 12304
f 12285 1434 12286
f 1434 12305 12286
f 12286 12305 12304
f 12305 1437 12304
f 12304 1437 12302
f 12302 1395 12303
f 1395 1438 12303
f 12303 1438 12306
f 1438 12307 12306
f 12306 12307 12308
f 12309 12310 12311
f 12310 12308 12311
f 12311 12308 1440
f 12308 12307 1440
f 12309 1443 12310
f 1443 12312 12310
f 12310 12312 12313
f 12314 12315 12316
f 12312 1446 12313
f 1446 12317 12313
f 12313 12317 12316
f 12317 1444 12316
f 12316 1444 12314
f 12288 12286 12291
f 12286 12304 12291
f 12291 12304 12318
f 12304 12303 12318
f 12318 12303 12319
f 12303 12306 12319
f 12319 12306 12320
f 12306 12308 12320
f 12320 12308 12321
f 12308 12310 12321
f 12321 12310 12322
f 12310 12313 12322
f 12322 12313 12323
f 12313 12316 12323
f 12323 12316 12324
f 12316 12315 12324
f 12324 12315 12325
f 12315 12326 12325
f 12325 12326 12327
f 12314 1452 12315
f 1452 12328 12315
f 12315 12328 12326
f 12328 1450 12326
f 12326 1450 1449
f 1449 602 12205
f 1449 12205 12326
f 12205 12204 12326
f 12326 12204 12327
f 12204 12208 12327
f 12327 12208 12210
f 12289 12291 12295
f 12291 12318 12295
f 12295 12318 12329
f 12318 12319 12329
f 12329 12319 12330
f 12319 12320 12330
f 12330 12320 12331
f 12320 12321 12331
f 12331 12321 12332
f 12321 12322 12332
f 12332 12322 12333
f 12322 12323 12333
f 12333 12323 12334
f 12323 12324 12334
f 12334 12324 12335
f 12324 12325 12335
f 12335 12325 12336
f 12325 12327 12336
f 12336 12327 12337
f 12327 12210 12337
f 12337 12210 12212
f 12293 12295 12297
f 12295 12329 12297
f 12297 12329 12338
f 12329 12330 12338
f 12338 12330 12339
f 12330 12331 12339
f 12339 12331 12340
f 12331 12332 12340
f 12340 12332 12341
f 12332 12333 12341
f 12341 12333 12342
f 12333 12334 12342
f 12342 12334 12343
f 12334 12335 12343
f 12343 12335 12344
f 12335 12336 12344
f 12344 12336 12345
f 12336 12337 12345
f 12345 12337 12346
f 12337 12212 12346
f 12346 12212 12211
f 12215 5092 5090
f 5087 12297 5088
f 12297 12338 5088
f 5088 12338 5080
f 12338 12339 5080
f 5080 12339 5081
f 12339 12340 5081
f 5081 12340 5083
f 12340 12341 5083
f 5083 12341 5084
f 12341 12342 5084
f 5084 12342 5095
f 12342 12343 5095
f 5095 12343 5096
f 12343 12344 5096
f 5096 12344 5097
f 12344 12345 5097
f 5097 12345 5089
f 12345 12346 5089
f 5089 12346 5090
f 12346 12211 5090
f 5090 12211 12215
f 12347 12348 12349
f 12350 12351 12352
f 12351 12347 12352
f 12353 12354 12355
f 12354 12350 12355
f 12356 12357 12358
f 12357 12353 12358
f 12359 12360 12356
f 12360 12359 198
f 12361 12362 5768
f 12362 12363 5768
f 5768 12363 12364
f 12363 12365 12364
f 12364 12365 5764
f 12365 12349 5764
f 5764 12349 5763
f 12349 12348 5763
f 5763 12348 5086
f 12361 5771 12362
f 5771 5773 12362
f 12362 5773 12366
f 5773 5775 12366
f 5775 5780 12366
f 12366 5780 12367
f 5780 12368 12367
f 5780 12369 12368
f 12369 5777 12368
f 12368 5777 12283
f 5777 12370 12283
f 12283 12370 5784
f 12347 12349 12352
f 12349 12365 12352
f 12352 12365 12371
f 12365 12363 12371
f 12371 12363 12372
f 12363 12362 12372
f 12372 12362 12373
f 12362 12366 12373
f 12373 12366 12374
f 12366 12367 12374
f 12374 12367 12375
f 12367 12368 12375
f 12375 12368 12376
f 12368 12283 12376
f 12376 12283 12281
f 12350 12352 12355
f 12352 12371 12355
f 12355 12371 12377
f 12371 12372 12377
f 12377 12372 12378
f 12372 12373 12378
f 12378 12373 12379
f 12373 12374 12379
f 12379 12374 12380
f 12374 12375 12380
f 12380 12375 12381
f 12375 12376 12381
f 12381 12376 12382
f 12376 12281 12382
f 12382 12281 12279
f 12353 12355 12358
f 12355 12377 12358
f 12358 12377 12383
f 12377 12378 12383
f 12383 12378 12384
f 12378 12379 12384
f 12384 12379 12385
f 12379 12380 12385
f 12385 12380 12386
f 12380 12381 12386
f 12386 12381 12387
f 12381 12382 12387
f 12387 12382 12388
f 12382 12279 12388
f 12388 12279 12277
f 12356 12358 12359
f 12358 12383 12359
f 12359 12383 12389
f 12383 12384 12389
f 12389 12384 12390
f 12384 12385 12390
f 12390 12385 12391
f 12385 12386 12391
f 12391 12386 12392
f 12386 12387 12392
f 12392 12387 12393
f 12387 12388 12393
f 12393 12388 12394
f 12388 12277 12394
f 12394 12277 12275
f 198 12359 202
f 12359 12389 202
f 202 12389 204
f 12389 12390 204
f 204 12390 205
f 12390 12391 205
f 205 12391 206
f 12391 12392 206
f 206 12392 207
f 12392 12393 207
f 207 12393 208
f 12393 12394 208
f 208 12394 194
f 12394 12275 194
f 194 12275 195
f 5087 5086 12395
f 5086 12348 12395
f 12351 12396 12347
f 12396 12397 12347
f 12347 12397 12348
f 12397 12398 12348
f 12348 12398 12395
f 12354 12399 12350
f 12399 12400 12350
f 12350 12400 12351
f 12400 12401 12351
f 12351 12401 12396
f 12356 12402 12357
f 12402 12403 12357
f 12357 12403 12353
f 12403 12404 12353
f 12353 12404 12354
f 12404 12405 12354
f 12354 12405 12399
f 198 197 12360
f 197 12406 12360
f 12360 12406 12356
f 12406 12407 12356
f 12356 12407 12402
f 1947 2050 2763
f 2763 2050 2762
f 2050 2039 2762
f 2762 2039 2760
f 2039 2041 2760
f 2760 2041 2759
f 2041 2043 2759
f 2759 2043 2757
f 2043 2045 2757
f 2757 2045 2756
f 2045 2047 2756
f 2756 2047 2754
f 2047 2030 2754
f 2754 2030 2753
f 2030 2032 2753
f 2753 2032 2751
f 2032 2034 2751
f 2751 2034 2750
f 2034 2036 2750
f 2750 2036 12408
f 2036 2021 12408
f 12408 2021 2747
f 2021 2023 2747
f 2747 2023 2745
f 2023 2025 2745
f 2745 2025 12409
f 2025 2027 12409
f 12409 2027 2742
f 2027 2020 2742
f 2020 1900 2742
f 2742 1900 2169
f 2169 1900 2170
f 1900 1937 2170
f 12410 12411 2566
f 12411 12412 2566
f 2566 12412 2568
f 12412 12413 2568
f 2568 12413 2569
f 12413 12414 2569
f 2569 12414 2571
f 12414 12415 2571
f 2571 12415 2572
f 12415 12416 2572
f 2572 12416 2105
f 2566 2565 12410
f 2565 2563 12410
f 12410 2563 12417
f 2563 2562 12417
f 12417 2562 12418
f 2562 2560 12418
f 12418 2560 12419
f 2560 2559 12419
f 12419 2559 12420
f 2559 2557 12420
f 12420 2557 12421
f 2557 2170 12421
f 12421 2170 1937
f 2105 12416 2106
f 12416 12422 2106
f 12416 12415 12422
f 12415 12414 12422
f 12422 12414 12423
f 12414 12413 12423
f 12413 12412 12423
f 12423 12412 12424
f 12412 12411 12424
f 12411 12410 12424
f 12424 12410 12425
f 12410 12417 12425
f 12417 12418 12425
f 12425 12418 12426
f 12418 12419 12426
f 12419 12420 12426
f 12426 12420 12427
f 12420 12421 12427
f 12421 1937 12427
f 12427 1937 1936
f 12428 12429 12430
f 12429 1936 12430
f 12430 1936 1935
f 12430 12431 12428
f 12431 12432 12428
f 12428 12432 12433
f 12432 12434 12433
f 12434 12435 12433
f 12435 12436 12433
f 12433 12436 12437
f 12436 12438 12437
f 12438 12439 12437
f 12437 12439 12440
f 12439 12441 12440
f 12441 12442 12440
f 12440 12442 12443
f 12442 12444 12443
f 12444 2113 12443
f 12443 2113 2112
f 12430 1935 1934
f 12432 12431 12445
f 12431 12430 12445
f 12430 1934 12445
f 1934 1932 12445
f 12445 1932 12446
f 1932 1931 12446
f 12446 1931 12447
f 1931 1939 12447
f 12447 1939 12448
f 1939 1938 12448
f 12448 1938 12449
f 1938 1926 12449
f 12449 1926 12450
f 1926 1928 12450
f 12450 1928 12451
f 1928 1930 12451
f 12451 1930 12452
f 1930 1924 12452
f 12452 1924 12453
f 1924 1923 12453
f 12453 1923 12454
f 1923 1922 12454
f 12454 1922 12455
f 1922 1921 12455
f 12455 1921 12456
f 12435 12434 12457
f 12434 12432 12457
f 12432 12445 12457
f 12445 12446 12457
f 12457 12446 12458
f 12446 12447 12458
f 12458 12447 12459
f 12447 12448 12459
f 12459 12448 12460
f 12448 12449 12460
f 12460 12449 12461
f 12449 12450 12461
f 12461 12450 12462
f 12450 12451 12462
f 12462 12451 12463
f 12451 12452 12463
f 12463 12452 12464
f 12452 12453 12464
f 12464 12453 12465
f 12453 12454 12465
f 12465 12454 12466
f 12454 12455 12466
f 12466 12455 12467
f 12455 12456 12467
f 12467 12456 12468
f 12438 12436 12469
f 12436 12435 12469
f 12435 12457 12469
f 12457 12458 12469
f 12469 12458 12470
f 12458 12459 12470
f 12470 12459 12471
f 12459 12460 12471
f 12471 12460 12472
f 12460 12461 12472
f 12472 12461 12473
f 12461 12462 12473
f 12473 12462 12474
f 12462 12463 12474
f 12474 12463 12475
f 12463 12464 12475
f 12475 12464 12476
f 12464 12465 12476
f 12476 12465 12477
f 12465 12466 12477
f 12477 12466 12478
f 12466 12467 12478
f 12478 12467 12479
f 12467 12468 12479
f 12479 12468 12480
f 12441 12439 12481
f 12439 12438 12481
f 12438 12469 12481
f 12469 12470 12481
f 12481 12470 12482
f 12470 12471 12482
f 12482 12471 12483
f 12471 12472 12483
f 12483 12472 12484
f 12472 12473 12484
f 12484 12473 12485
f 12473 12474 12485
f 12485 12474 12486
f 12474 12475 12486
f 12486 12475 12487
f 12475 12476 12487
f 12487 12476 12488
f 12476 12477 12488
f 12488 12477 12489
f 12477 12478 12489
f 12489 12478 12490
f 12478 12479 12490
f 12490 12479 12491
f 12479 12480 12491
f 12491 12480 12492
f 12444 12442 12493
f 12442 12441 12493
f 12441 12481 12493
f 12481 12482 12493
f 12493 12482 12494
f 12482 12483 12494
f 12494 12483 12495
f 12483 12484 12495
f 12495 12484 12496
f 12484 12485 12496
f 12496 12485 12497
f 12485 12486 12497
f 12497 12486 12498
f 12486 12487 12498
f 12498 12487 12499
f 12487 12488 12499
f 12499 12488 12500
f 12488 12489 12500
f 12500 12489 12501
f 12489 12490 12501
f 12501 12490 12502
f 12490 12491 12502
f 12502 12491 12503
f 12491 12492 12503
f 12503 12492 12504
f 2148 2113 12444
f 12444 12493 2148
f 12493 12494 2148
f 2148 12494 2145
f 12494 12495 2145
f 2145 12495 2142
f 12495 12496 2142
f 2142 12496 2139
f 12496 12497 2139
f 2139 12497 2136
f 12497 12498 2136
f 2136 12498 2133
f 12498 12499 2133
f 2133 12499 2130
f 12499 12500 2130
f 2130 12500 2127
f 12500 12501 2127
f 2127 12501 2124
f 12501 12502 2124
f 2124 12502 2121
f 12502 12503 2121
f 2121 12503 2118
f 12503 12504 2118
f 2118 12504 2110
f 2111 2110 12505
f 2110 12504 12505
f 12505 12504 12506
f 12506 12504 12507
f 12504 12492 12507
f 12507 12492 12508
f 12508 12492 12509
f 12492 12480 12509
f 12509 12480 12510
f 12480 12468 12510
f 12510 12468 12511
f 12468 12456 12511
f 12511 12456 12512
f 12456 1921 12512
f 12512 1921 1920
f 1919 12513 1920
f 12513 12514 1920
f 12513 12515 12514
f 12515 12516 12514
f 12514 12516 12517
f 12516 12518 12517
f 12518 12519 12517
f 12517 12519 12520
f 12519 12521 12520
f 12520 12521 12522
f 12521 12523 12522
f 12522 12523 12524
f 12523 12525 12524
f 12524 12525 12526
f 12525 12527 12526
f 12526 12527 12528
f 12527 12529 12528
f 12528 12529 12530
f 12529 12531 12530
f 12530 12531 2101
f 12531 2099 2101
f 2177 2687 1919
f 2687 12513 1919
f 12513 2687 12515
f 2687 2688 12515
f 12515 2688 12516
f 2688 2690 12516
f 12516 2690 12518
f 2690 2692 12518
f 12518 2692 12519
f 2692 2693 12519
f 12519 2693 12521
f 2693 2695 12521
f 12521 2695 12523
f 2695 2696 12523
f 12523 2696 12525
f 2696 2698 12525
f 12525 2698 12527
f 2698 2699 12527
f 12527 2699 12529
f 2699 12532 12529
f 12529 12532 12531
f 12532 2702 12531
f 12531 2702 2099
f 2177 1919 2178
f 1919 1907 2178
f 2634 1986 1895
f 2178 1907 2017
f 1986 2634 1989
f 2634 2633 1989
f 1989 2633 1991
f 2633 2631 1991
f 1991 2631 1993
f 2631 2630 1993
f 1993 2630 1995
f 2630 2628 1995
f 1995 2628 1998
f 2628 2627 1998
f 1998 2627 2000
f 2627 2625 2000
f 2000 2625 2002
f 2625 2624 2002
f 2002 2624 2004
f 2624 2622 2004
f 2004 2622 2006
f 2622 2621 2006
f 2006 2621 2009
f 2621 2618 2009
f 2009 2618 2011
f 2618 2617 2011
f 2011 2617 2013
f 2617 2615 2013
f 2013 2615 2015
f 2615 12533 2015
f 2015 12533 2017
f 12533 2612 2017
f 2017 2612 2178

