# https://github.com/mikedh/trimesh

o FR3_Version2_Link0_1-mesh
v -0.02671532 0.07571289 0.03950740
v -0.02675960 0.07570572 0.03934079
v -0.02678933 0.07569815 0.03937720
v -0.02676348 0.07570080 0.03951622
v -0.02693077 0.07567800 0.04032529
v -0.02682987 0.07569435 0.04017860
v -0.02696809 0.07566767 0.04029299
v -0.02687226 0.07568319 0.04015367
v -0.02698705 0.07565644 0.04027578
v -0.02692950 0.07565239 0.04011859
v -0.02697780 0.07560620 0.04008713
v -0.02703659 0.07561819 0.04022962
v -0.02701819 0.07563803 0.04024752
v -0.02701422 0.07554738 0.04006123
v -0.02707565 0.07556389 0.04018998
v -0.02706008 0.07559286 0.04020676
v -0.02703655 0.07547953 0.04004244
v -0.02710161 0.07549720 0.04015953
v -0.02709123 0.07553492 0.04017319
v -0.02710966 0.07534513 0.04013246
v -0.02711449 0.07539524 0.04013518
v -0.02704345 0.07540676 0.04003190
v -0.02711269 0.07542266 0.04014035
v -0.02710974 0.07546769 0.04014884
v -0.02697641 0.07536670 0.03988099
v -0.02702219 0.07535929 0.03998974
v -0.02703905 0.07535656 0.04002980
v -0.02694921 0.07537110 0.03972158
v -0.02696794 0.07536808 0.03983133
v -0.02698044 0.07541697 0.03988219
v -0.02695410 0.07542118 0.03962382
v -0.02695022 0.07537094 0.03962883
v -0.02694984 0.07537101 0.03966419
v -0.02695306 0.07542139 0.03972181
v -0.02691623 0.07556325 0.03972507
v -0.02693157 0.07554542 0.03957365
v -0.02694344 0.07549462 0.03972298
v -0.02694912 0.07548246 0.03960628
v -0.02695442 0.07542535 0.03962340
v -0.02687311 0.07562314 0.03972796
v -0.02691310 0.07558014 0.03954529
v -0.02692344 0.07556073 0.03956116
v -0.02679584 0.07569435 0.03938558
v -0.02685010 0.07566272 0.03945544
v -0.02682883 0.07566870 0.03952865
v -0.02688961 0.07561938 0.03951018
v -0.02688439 0.07562133 0.03953979
v -0.02689591 0.07561248 0.03951891
v -0.02681667 0.07567067 0.03973146
v -0.02675034 0.07570293 0.03973537
v -0.02670149 0.07571514 0.03973815
v -0.02697163 0.07549005 0.03988820
v -0.02694591 0.07555844 0.03989893
v -0.02690481 0.07561802 0.03991373
v -0.02685083 0.07566513 0.03993168
v -0.02678726 0.07569696 0.03995172
v -0.02674036 0.07570884 0.03996595
v -0.02721391 0.07532824 0.04025832
v -0.02721889 0.07539505 0.04026315
v -0.02721779 0.07540591 0.04026552
v -0.02721225 0.07546036 0.04027741
v -0.02720628 0.07548053 0.04028506
v -0.02719432 0.07552089 0.04030039
v -0.02718016 0.07554724 0.04031565
v -0.02716599 0.07557360 0.04033092
v -0.02714112 0.07560177 0.04035531
v -0.02712869 0.07561586 0.04036748
v -0.02709168 0.07564058 0.04040147
v -0.02708429 0.07564553 0.04040824
v -0.02703501 0.07566112 0.04045115
v -0.02707429 0.07564714 0.04050383
v -0.02706113 0.07564801 0.04051163
v -0.02708506 0.07564540 0.04049311
v -0.02709315 0.07564408 0.04048019
v -0.02709811 0.07564328 0.04046575
v -0.02709971 0.07564302 0.04045053
v -0.02709784 0.07564332 0.04043536
v -0.02715918 0.07552658 0.04063623
v -0.02710861 0.07556018 0.04064381
v -0.02710088 0.07558213 0.04061964
v -0.02725533 0.07538916 0.04031908
v -0.02711100 0.07534491 0.04072361
v -0.02717507 0.07540214 0.04068194
v -0.02716896 0.07533551 0.04068788
v -0.02722228 0.07539450 0.04063499
v -0.02721738 0.07532767 0.04063972
v -0.02725769 0.07538877 0.04057838
v -0.02725370 0.07532180 0.04058165
v -0.02727945 0.07538524 0.04051510
v -0.02727603 0.07531817 0.04051674
v -0.02728643 0.07538411 0.04044845
v -0.02728318 0.07531701 0.04044839
v -0.02727824 0.07538544 0.04038195
v -0.02727478 0.07531837 0.04038018
v -0.02725128 0.07532219 0.04031569
v -0.02724592 0.07545491 0.04032910
v -0.02726710 0.07545147 0.04038720
v -0.02727466 0.07545025 0.04044866
v -0.02726822 0.07545131 0.04051025
v -0.02724811 0.07545456 0.04056873
v -0.02721538 0.07545987 0.04062104
v -0.02717176 0.07546692 0.04066444
v -0.02722354 0.07551616 0.04034524
v -0.02711802 0.07541122 0.04071565
v -0.02711919 0.07542224 0.04071433
v -0.02711861 0.07547472 0.04069487
v -0.02711837 0.07549565 0.04068711
v -0.02724191 0.07551319 0.04039566
v -0.02724848 0.07551211 0.04044899
v -0.02724289 0.07551303 0.04050243
v -0.02722543 0.07551585 0.04055318
v -0.02719703 0.07552045 0.04059858
v -0.02718930 0.07556984 0.04036669
v -0.02720395 0.07556746 0.04040690
v -0.02720918 0.07556660 0.04044943
v -0.02720472 0.07556733 0.04049205
v -0.02719080 0.07556958 0.04053252
v -0.02716816 0.07557325 0.04056872
v -0.02713797 0.07557814 0.04059875
v -0.02709056 0.07561140 0.04058738
v -0.02714491 0.07561322 0.04039237
v -0.02709261 0.07564418 0.04042101
v -0.02715511 0.07561158 0.04042036
v -0.02715875 0.07561097 0.04044995
v -0.02715565 0.07561148 0.04047961
v -0.02714596 0.07561306 0.04050777
v -0.02713020 0.07561560 0.04053297
v -0.02710919 0.07561901 0.04055386
v -0.02706546 0.07564583 0.04052167
v -0.02590288 0.06723371 0.04025832
v -0.02594025 0.06722766 0.04031569
v -0.02596376 0.06722386 0.04038018
v -0.02597215 0.06722249 0.04044839
v -0.02596500 0.06722367 0.04051674
v -0.02594268 0.06722728 0.04058165
v -0.02590635 0.06723315 0.04063972
v -0.02585794 0.06724099 0.04068788
v -0.02579997 0.06725038 0.04072361
v -0.02804374 0.07519384 0.03912139
v -0.02794635 0.07520961 0.03905702
v -0.02795625 0.07525891 0.03905323
v -0.02764546 0.07549549 0.03886726
v -0.02767572 0.07549315 0.03886803
v -0.02766984 0.07545983 0.03890274
v -0.02831723 0.07545344 0.03891463
v -0.02828483 0.07545440 0.03895326
v -0.02810359 0.07548375 0.03883349
v -0.02812639 0.07548436 0.03878852
v -0.02790005 0.07551673 0.03875904
v -0.02791207 0.07551908 0.03871012
v -0.02768507 0.07555153 0.03873388
v -0.02768571 0.07555572 0.03868363
v -0.02762966 0.07551857 0.03884428
v -0.02768173 0.07553055 0.03880462
v -0.02758018 0.07555920 0.03877833
v -0.02755237 0.07556964 0.03874363
v -0.02767638 0.07545025 0.03891226
v -0.02786030 0.07546325 0.03888964
v -0.02768070 0.07543872 0.03891954
v -0.02771086 0.07532325 0.03897702
v -0.02770030 0.07538631 0.03895259
v -0.02782147 0.07535241 0.03897736
v -0.02784016 0.07541362 0.03894048
v -0.02789916 0.07521724 0.03903976
v -0.02779637 0.07523391 0.03900217
v -0.02780536 0.07528334 0.03899804
v -0.02773983 0.07524305 0.03899261
v -0.02771049 0.07529853 0.03898130
v -0.02771007 0.07526970 0.03898629
v -0.02770730 0.07524833 0.03898711
v -0.02816729 0.07517382 0.03923344
v -0.02807990 0.07518798 0.03914528
v -0.02817854 0.07522290 0.03923071
v -0.02809061 0.07523714 0.03914202
v -0.02818474 0.07523816 0.03922761
v -0.02811533 0.07530481 0.03912569
v -0.02824686 0.07535013 0.03919118
v -0.02824469 0.07534809 0.03919270
v -0.02814938 0.07536354 0.03909656
v -0.02821118 0.07529802 0.03921374
v -0.02820591 0.07529013 0.03921706
v -0.02829038 0.07539122 0.03916065
v -0.02819070 0.07540974 0.03905641
v -0.02829254 0.07539325 0.03915913
v -0.02823678 0.07544065 0.03900766
v -0.02834655 0.07542289 0.03911837
v -0.02833921 0.07541886 0.03912391
v -0.02844212 0.07543322 0.03904060
v -0.02840344 0.07543518 0.03907290
v -0.02839054 0.07543239 0.03908321
v -0.02797691 0.07532722 0.03903422
v -0.02800373 0.07538713 0.03900031
v -0.02803507 0.07543496 0.03895356
v -0.02788068 0.07549833 0.03882791
v -0.02806904 0.07546783 0.03889681
v -0.02751629 0.07558316 0.03869860
v -0.02827178 0.07515689 0.03935957
v -0.02828814 0.07522187 0.03935474
v -0.02831505 0.07528174 0.03934048
v -0.02835118 0.07533351 0.03931750
v -0.02839469 0.07537459 0.03928697
v -0.02844342 0.07540290 0.03925041
v -0.02849492 0.07541704 0.03920965
v -0.02854660 0.07541629 0.03916674
v -0.02850588 0.07541526 0.03922016
v -0.02851892 0.07541317 0.03922787
v -0.02853335 0.07541082 0.03923237
v -0.02854841 0.07540838 0.03923342
v -0.02856331 0.07540596 0.03923098
v -0.02857727 0.07540371 0.03922517
v -0.02874604 0.07515874 0.03933197
v -0.02874546 0.07514763 0.03933279
v -0.02870280 0.07515471 0.03938381
v -0.02874192 0.07508075 0.03933779
v -0.02869711 0.07508802 0.03938939
v -0.02864188 0.07509695 0.03942930
v -0.02864896 0.07516343 0.03942272
v -0.02857913 0.07510711 0.03945544
v -0.02858779 0.07517334 0.03944820
v -0.02851216 0.07511795 0.03946643
v -0.02852250 0.07518391 0.03945891
v -0.02844448 0.07512893 0.03946168
v -0.02845651 0.07519461 0.03945428
v -0.02837965 0.07513942 0.03944145
v -0.02839330 0.07520485 0.03943457
v -0.02832105 0.07514891 0.03940681
v -0.02833618 0.07521409 0.03940079
v -0.02869826 0.07521968 0.03936734
v -0.02873331 0.07523410 0.03931488
v -0.02864850 0.07522774 0.03940330
v -0.02859197 0.07523690 0.03942685
v -0.02853163 0.07524666 0.03943674
v -0.02847066 0.07525654 0.03943247
v -0.02841224 0.07526601 0.03941425
v -0.02835945 0.07527455 0.03938304
v -0.02868371 0.07527967 0.03934082
v -0.02871689 0.07527273 0.03929934
v -0.02864053 0.07528666 0.03937202
v -0.02859148 0.07529461 0.03939245
v -0.02853912 0.07530308 0.03940104
v -0.02848620 0.07531166 0.03939733
v -0.02843551 0.07531987 0.03938152
v -0.02838970 0.07532728 0.03935443
v -0.02866182 0.07535691 0.03925226
v -0.02870458 0.07530169 0.03928769
v -0.02865988 0.07533165 0.03930556
v -0.02864053 0.07528666 0.03937202
v -0.02862545 0.07533722 0.03933045
v -0.02858633 0.07534356 0.03934674
v -0.02854457 0.07535031 0.03935359
v -0.02850237 0.07535715 0.03935063
v -0.02846195 0.07536370 0.03933802
v -0.02842542 0.07536962 0.03931642
v -0.02860793 0.07539601 0.03921101
v -0.02864645 0.07536808 0.03924050
v -0.02862796 0.07537302 0.03926334
v -0.02860400 0.07537690 0.03928066
v -0.02857678 0.07538131 0.03929200
v -0.02854772 0.07538601 0.03929677
v -0.02851836 0.07539077 0.03929471
v -0.02849022 0.07539534 0.03928593
v -0.02846480 0.07539946 0.03927090
v -0.02859920 0.07539889 0.03920471
v -0.02858956 0.07540171 0.03921628
v -0.02743089 0.06698623 0.03933779
v -0.02738608 0.06699350 0.03938939
v -0.02733085 0.06700244 0.03942930
v -0.02726811 0.06701261 0.03945544
v -0.02720114 0.06702344 0.03946643
v -0.02713346 0.06703440 0.03946168
v -0.02706862 0.06704490 0.03944145
v -0.02701003 0.06705439 0.03940681
v -0.02696075 0.06706237 0.03935957
v -0.02500687 0.07467266 0.03645621
v -0.02492967 0.07498909 0.03618432
v -0.02515432 0.07464878 0.03640911
v -0.02515087 0.07495324 0.03611367
v -0.02530879 0.07462376 0.03640228
v -0.02538257 0.07491572 0.03610342
v -0.02545975 0.07459932 0.03643618
v -0.02560900 0.07487905 0.03615428
v -0.02559689 0.07457711 0.03650851
v -0.02581472 0.07484574 0.03626276
v -0.02571089 0.07455864 0.03661433
v -0.02598571 0.07481803 0.03642149
v -0.02579396 0.07454518 0.03674642
v -0.02611032 0.07479786 0.03661964
v -0.02584046 0.07453765 0.03689581
v -0.02618006 0.07478656 0.03684371
v -0.02584720 0.07453656 0.03705229
v -0.02619018 0.07478492 0.03707844
v -0.02581374 0.07454198 0.03720521
v -0.02613998 0.07479304 0.03730782
v -0.02574234 0.07455355 0.03734415
v -0.02603289 0.07481039 0.03751622
v -0.02563789 0.07457046 0.03745962
v -0.02587621 0.07483577 0.03768944
v -0.02550748 0.07459159 0.03754378
v -0.02568060 0.07486745 0.03781568
v -0.02536002 0.07461547 0.03759088
v -0.02545941 0.07490329 0.03788632
v -0.02520555 0.07464048 0.03759772
v -0.02522771 0.07494081 0.03789657
v -0.02505460 0.07466494 0.03756381
v -0.02500128 0.07497747 0.03784572
v -0.02491746 0.07468714 0.03749149
v -0.02479556 0.07501079 0.03773723
v -0.02480346 0.07470560 0.03738567
v -0.02462457 0.07503849 0.03757851
v -0.02472039 0.07471907 0.03725357
v -0.02449995 0.07505867 0.03738035
v -0.02467389 0.07472660 0.03710419
v -0.02443021 0.07506997 0.03715628
v -0.02466715 0.07472770 0.03694770
v -0.02442010 0.07507161 0.03692156
v -0.02470061 0.07472226 0.03679479
v -0.02447029 0.07506348 0.03669218
v -0.02477201 0.07471070 0.03665585
v -0.02457739 0.07504613 0.03648378
v -0.02487646 0.07469378 0.03654037
v -0.02473407 0.07502076 0.03631056
v -0.02540269 0.07562159 0.03401104
v -0.02532550 0.07593801 0.03373915
v -0.02553786 0.07559970 0.03396787
v -0.02553440 0.07590416 0.03367242
v -0.02567946 0.07557676 0.03396160
v -0.02575324 0.07586872 0.03366275
v -0.02581783 0.07555436 0.03399268
v -0.02596708 0.07583409 0.03371077
v -0.02594355 0.07553398 0.03405898
v -0.02616138 0.07580262 0.03381324
v -0.02604805 0.07551706 0.03415598
v -0.02632287 0.07577646 0.03396314
v -0.02612420 0.07550473 0.03427707
v -0.02644056 0.07575740 0.03415029
v -0.02616682 0.07549782 0.03441401
v -0.02650642 0.07574672 0.03436191
v -0.02617300 0.07549682 0.03455745
v -0.02651598 0.07574518 0.03458359
v -0.02614232 0.07550180 0.03469762
v -0.02646857 0.07575286 0.03480023
v -0.02607688 0.07551239 0.03482498
v -0.02636743 0.07576924 0.03499705
v -0.02598113 0.07552790 0.03493083
v -0.02621945 0.07579322 0.03516065
v -0.02586159 0.07554726 0.03500798
v -0.02603471 0.07582313 0.03527987
v -0.02572642 0.07556916 0.03505115
v -0.02582581 0.07585698 0.03534660
v -0.02558482 0.07559209 0.03505742
v -0.02560698 0.07589241 0.03535628
v -0.02544645 0.07561451 0.03502634
v -0.02539313 0.07592704 0.03530825
v -0.02532073 0.07563485 0.03496004
v -0.02519884 0.07595851 0.03520579
v -0.02521624 0.07565178 0.03486305
v -0.02503734 0.07598468 0.03505588
v -0.02514009 0.07566411 0.03474195
v -0.02491965 0.07600373 0.03486874
v -0.02509747 0.07567102 0.03460502
v -0.02485379 0.07601439 0.03465711
v -0.02509128 0.07567202 0.03446158
v -0.02484423 0.07601596 0.03443543
v -0.02512196 0.07566706 0.03432140
v -0.02489164 0.07600827 0.03421879
v -0.02518740 0.07565645 0.03419404
v -0.02499278 0.07599189 0.03402197
v -0.02528316 0.07564094 0.03408819
v -0.02514076 0.07596792 0.03385837
v -0.02764605 0.07525824 0.03671942
v -0.02756886 0.07557466 0.03644753
v -0.02778123 0.07523635 0.03667625
v -0.02777777 0.07554081 0.03638080
v -0.02792283 0.07521341 0.03666998
v -0.02799660 0.07550537 0.03637112
v -0.02806120 0.07519101 0.03670106
v -0.02821045 0.07547074 0.03641915
v -0.02818692 0.07517064 0.03676736
v -0.02840474 0.07543927 0.03652161
v -0.02829141 0.07515371 0.03686436
v -0.02856623 0.07541311 0.03667152
v -0.02836756 0.07514138 0.03698545
v -0.02868392 0.07539405 0.03685866
v -0.02841018 0.07513447 0.03712238
v -0.02874979 0.07538338 0.03707029
v -0.02841636 0.07513348 0.03726583
v -0.02875934 0.07538183 0.03729197
v -0.02838569 0.07513845 0.03740600
v -0.02871193 0.07538951 0.03750860
v -0.02832024 0.07514905 0.03753336
v -0.02861079 0.07540590 0.03770543
v -0.02822449 0.07516455 0.03763922
v -0.02846281 0.07542987 0.03786903
v -0.02810495 0.07518393 0.03771636
v -0.02827807 0.07545978 0.03798825
v -0.02796978 0.07520581 0.03775954
v -0.02806917 0.07549363 0.03805498
v -0.02782818 0.07522874 0.03776580
v -0.02785034 0.07552906 0.03806465
v -0.02768981 0.07525116 0.03773472
v -0.02763649 0.07556369 0.03801663
v -0.02756410 0.07527151 0.03766842
v -0.02744220 0.07559517 0.03791417
v -0.02745960 0.07528844 0.03757142
v -0.02728071 0.07562133 0.03776426
v -0.02738345 0.07530078 0.03745033
v -0.02716302 0.07564038 0.03757711
v -0.02734083 0.07530768 0.03731339
v -0.02709715 0.07565105 0.03736549
v -0.02733465 0.07530867 0.03716995
v -0.02708760 0.07565261 0.03714381
v -0.02736532 0.07530371 0.03702978
v -0.02713501 0.07564492 0.03692717
v -0.02743077 0.07529310 0.03690242
v -0.02723615 0.07562854 0.03673035
v -0.02752652 0.07527761 0.03679656
v -0.02738413 0.07560457 0.03656675
v -0.02497252 0.07569126 0.03899201
v -0.02489533 0.07600767 0.03872012
v -0.02510769 0.07566938 0.03894884
v -0.02510423 0.07597383 0.03865340
v -0.02524929 0.07564643 0.03894258
v -0.02532306 0.07593840 0.03864372
v -0.02538766 0.07562403 0.03897365
v -0.02553691 0.07590375 0.03869175
v -0.02551338 0.07560366 0.03903995
v -0.02573120 0.07587230 0.03879421
v -0.02561787 0.07558673 0.03913695
v -0.02589270 0.07584613 0.03894412
v -0.02569403 0.07557441 0.03925805
v -0.02601039 0.07582708 0.03913126
v -0.02573665 0.07556749 0.03939498
v -0.02607625 0.07581640 0.03934288
v -0.02574283 0.07556649 0.03953842
v -0.02608581 0.07581485 0.03956457
v -0.02571215 0.07557148 0.03967860
v -0.02603840 0.07582254 0.03978120
v -0.02564671 0.07558207 0.03980595
v -0.02593726 0.07583892 0.03997803
v -0.02555096 0.07559758 0.03991181
v -0.02578927 0.07586288 0.04014162
v -0.02543142 0.07561693 0.03998896
v -0.02560454 0.07589280 0.04026085
v -0.02529625 0.07563884 0.04003213
v -0.02539564 0.07592663 0.04032757
v -0.02515465 0.07566176 0.04003839
v -0.02517680 0.07596209 0.04033725
v -0.02501628 0.07568418 0.04000732
v -0.02496295 0.07599672 0.04028923
v -0.02489056 0.07570453 0.03994102
v -0.02476866 0.07602819 0.04018677
v -0.02478606 0.07572145 0.03984402
v -0.02460717 0.07605434 0.04003686
v -0.02470991 0.07573379 0.03972293
v -0.02448948 0.07607341 0.03984971
v -0.02466729 0.07574070 0.03958599
v -0.02442362 0.07608407 0.03963809
v -0.02466111 0.07574170 0.03944255
v -0.02441406 0.07608561 0.03941640
v -0.02469178 0.07573674 0.03930237
v -0.02446147 0.07607795 0.03919977
v -0.02475723 0.07572612 0.03917502
v -0.02456261 0.07606157 0.03900295
v -0.02485298 0.07571062 0.03906916
v -0.02471059 0.07603759 0.03883935
v -0.02272916 0.07605461 0.03628364
v -0.02265196 0.07637102 0.03601175
v -0.02286433 0.07603271 0.03624047
v -0.02286087 0.07633718 0.03594502
v -0.02300592 0.07600978 0.03623420
v -0.02307970 0.07630175 0.03593534
v -0.02314430 0.07598736 0.03626528
v -0.02329355 0.07626710 0.03598337
v -0.02327001 0.07596701 0.03633157
v -0.02348784 0.07623563 0.03608583
v -0.02337451 0.07595008 0.03642858
v -0.02364933 0.07620948 0.03623574
v -0.02345066 0.07593776 0.03654967
v -0.02376702 0.07619043 0.03642288
v -0.02349328 0.07593084 0.03668660
v -0.02383289 0.07617974 0.03663451
v -0.02349946 0.07592984 0.03683004
v -0.02384244 0.07617820 0.03685619
v -0.02346879 0.07593481 0.03697022
v -0.02379503 0.07618589 0.03707283
v -0.02340334 0.07594542 0.03709757
v -0.02369389 0.07620227 0.03726965
v -0.02330759 0.07596093 0.03720343
v -0.02354591 0.07622623 0.03743325
v -0.02318806 0.07598028 0.03728058
v -0.02336117 0.07625615 0.03755247
v -0.02305288 0.07600217 0.03732375
v -0.02315227 0.07628998 0.03761919
v -0.02291129 0.07602510 0.03733002
v -0.02293344 0.07632544 0.03762888
v -0.02277291 0.07604751 0.03729894
v -0.02271959 0.07636007 0.03758085
v -0.02264720 0.07606787 0.03723264
v -0.02252530 0.07639154 0.03747839
v -0.02254270 0.07608480 0.03713564
v -0.02236381 0.07641769 0.03732848
v -0.02246655 0.07609713 0.03701455
v -0.02224612 0.07643676 0.03714134
v -0.02242393 0.07610405 0.03687762
v -0.02218025 0.07644741 0.03692971
v -0.02241775 0.07610505 0.03673418
v -0.02217070 0.07644896 0.03670803
v -0.02244842 0.07610007 0.03659400
v -0.02221811 0.07644130 0.03649139
v -0.02251387 0.07608947 0.03646664
v -0.02231925 0.07642490 0.03629457
v -0.02260962 0.07607396 0.03636079
v -0.02246723 0.07640094 0.03613097
v -0.02442114 0.07608448 0.03854004
v -0.02426126 0.07509733 0.03854004
v -0.02454380 0.07505157 0.03835770
v -0.02470368 0.07603872 0.03835770
v -0.02486329 0.07499984 0.03825564
v -0.02502317 0.07598696 0.03825564
v -0.02519797 0.07494561 0.03824084
v -0.02535786 0.07593275 0.03824084
v -0.02552504 0.07489264 0.03831430
v -0.02568492 0.07587979 0.03831430
v -0.02582219 0.07484452 0.03847100
v -0.02598207 0.07583165 0.03847100
v -0.02606918 0.07480452 0.03870027
v -0.02622906 0.07579165 0.03870027
v -0.02362674 0.07520011 0.03777400
v -0.02378662 0.07618724 0.03777400
v -0.02398468 0.07615516 0.03756308
v -0.02382481 0.07516803 0.03756308
v -0.02413146 0.07613140 0.03731281
v -0.02397158 0.07514425 0.03731281
v -0.02421957 0.07611711 0.03703572
v -0.02405970 0.07512999 0.03703572
v -0.02424462 0.07611306 0.03674573
v -0.02408474 0.07512593 0.03674573
v -0.02420534 0.07611943 0.03645735
v -0.02404546 0.07513228 0.03645735
v -0.02410369 0.07613588 0.03618506
v -0.02394381 0.07514875 0.03618506
v -0.02394479 0.07616162 0.03594251
v -0.02378491 0.07517450 0.03594251
v -0.02650890 0.07574633 0.03545996
v -0.02634902 0.07475920 0.03545996
v -0.02610959 0.07479798 0.03562093
v -0.02626947 0.07578511 0.03562093
v -0.02584080 0.07484150 0.03572390
v -0.02600069 0.07582865 0.03572390
v -0.02555614 0.07488761 0.03576370
v -0.02571602 0.07587475 0.03576370
v -0.02526987 0.07493397 0.03573833
v -0.02542975 0.07592112 0.03573833
v -0.02499635 0.07497828 0.03564906
v -0.02515623 0.07596541 0.03564906
v -0.02474930 0.07501829 0.03550037
v -0.02490918 0.07600544 0.03550037
v -0.02454110 0.07505201 0.03529972
v -0.02470098 0.07603915 0.03529972
v -0.02698354 0.07465642 0.03622600
v -0.02714342 0.07564357 0.03622600
v -0.02694536 0.07567564 0.03643692
v -0.02678547 0.07468850 0.03643692
v -0.02679858 0.07569941 0.03668719
v -0.02663870 0.07471228 0.03668719
v -0.02671046 0.07571368 0.03696427
v -0.02655058 0.07472655 0.03696427
v -0.02668542 0.07571775 0.03725427
v -0.02652554 0.07473060 0.03725427
v -0.02672470 0.07571138 0.03754265
v -0.02656482 0.07472425 0.03754265
v -0.02682634 0.07569491 0.03781494
v -0.02666646 0.07470778 0.03781494
v -0.02698525 0.07566917 0.03805749
v -0.02682537 0.07468204 0.03805749
v -0.02611922 0.07550553 0.04103565
v -0.02610350 0.07550808 0.04104060
v -0.02611420 0.07558500 0.04103052
v -0.02506424 0.07567640 0.04108245
v -0.02504935 0.07567881 0.04108304
v -0.02506268 0.07575531 0.04107286
v -0.02403319 0.07584340 0.04085103
v -0.02402019 0.07584550 0.04084806
v -0.02403609 0.07592158 0.04083847
v -0.02309635 0.07599514 0.04035715
v -0.02308595 0.07599681 0.04035163
v -0.02310417 0.07607252 0.04034326
v -0.02231757 0.07612127 0.03963444
v -0.02231009 0.07612247 0.03962746
v -0.02233025 0.07619786 0.03962091
v -0.02174994 0.07621321 0.03873213
v -0.02174533 0.07621395 0.03872476
v -0.02176690 0.07628911 0.03872046
v -0.02143216 0.07626467 0.03771168
v -0.02143006 0.07626501 0.03770488
v -0.02145241 0.07634005 0.03770312
v -0.02138591 0.07627217 0.03664263
v -0.02138568 0.07627221 0.03663710
v -0.02140815 0.07634723 0.03663801
v -0.02161437 0.07623516 0.03559783
v -0.02161522 0.07623503 0.03559398
v -0.02163711 0.07631013 0.03559749
v -0.02210200 0.07615618 0.03464848
v -0.02210308 0.07615602 0.03464640
v -0.02212375 0.07623131 0.03465227
v -0.02370664 0.07589628 0.03328424
v -0.02471187 0.07573347 0.03296271
v -0.02472605 0.07580983 0.03297278
v -0.02471427 0.07573308 0.03296260
v -0.02576581 0.07556277 0.03291525
v -0.02577735 0.07563956 0.03292543
v -0.02576968 0.07556215 0.03291612
v -0.02679605 0.07539592 0.03314533
v -0.02680502 0.07547311 0.03315494
v -0.02680097 0.07539511 0.03314791
v -0.02773259 0.07524422 0.03363731
v -0.02773923 0.07532180 0.03364570
v -0.02773784 0.07524337 0.03364217
v -0.02851180 0.07511802 0.03435778
v -0.02851649 0.07519593 0.03436436
v -0.02851648 0.07511727 0.03436519
v -0.02908073 0.07502587 0.03525777
v -0.02908401 0.07510400 0.03526211
v -0.02908385 0.07502537 0.03526768
v -0.02940074 0.07497404 0.03627614
v -0.02940322 0.07505230 0.03627795
v -0.02940129 0.07497396 0.03628812
v -0.02945007 0.07496605 0.03734370
v -0.02945243 0.07504433 0.03734284
v -0.02611992 0.07576863 0.04089277
v -0.02611260 0.07580017 0.04082147
v -0.02899468 0.07534372 0.03828634
v -0.02906517 0.07532196 0.03831263
v -0.02610123 0.07581237 0.04074494
v -0.02912758 0.07528147 0.03833712
v -0.02612270 0.07571988 0.04095401
v -0.02612075 0.07565725 0.04100099
v -0.02917767 0.07522506 0.03835815
v -0.02921202 0.07515657 0.03837429
v -0.02305438 0.07630584 0.03408858
v -0.02239353 0.07641288 0.03481861
v -0.02300349 0.07630372 0.03402909
v -0.02232913 0.07641295 0.03477404
v -0.02295280 0.07628157 0.03397365
v -0.02226586 0.07639283 0.03473250
v -0.02290576 0.07624089 0.03392605
v -0.02220802 0.07635390 0.03469684
v -0.02286558 0.07618447 0.03388952
v -0.02215954 0.07629882 0.03466947
v -0.02283500 0.07611612 0.03386656
v -0.02944721 0.07496653 0.03735696
v -0.02922537 0.07500244 0.03838790
v -0.02922829 0.07508063 0.03838444
v -0.02921851 0.07500357 0.03840138
v -0.02943451 0.07512053 0.03734033
v -0.02939755 0.07518946 0.03733633
v -0.02934406 0.07524643 0.03733112
v -0.02927768 0.07528752 0.03732506
v -0.02920293 0.07530999 0.03731855
v -0.02938567 0.07512844 0.03628324
v -0.02934928 0.07519728 0.03629166
v -0.02929653 0.07525412 0.03630263
v -0.02923102 0.07529509 0.03631540
v -0.02915721 0.07531739 0.03632911
v -0.02906880 0.07517977 0.03527485
v -0.02903613 0.07524800 0.03529511
v -0.02898823 0.07530405 0.03532151
v -0.02892837 0.07534410 0.03535226
v -0.02886062 0.07536544 0.03538525
v -0.02850544 0.07527101 0.03438368
v -0.02847939 0.07533818 0.03441440
v -0.02844011 0.07539283 0.03445444
v -0.02839029 0.07543126 0.03450107
v -0.02833332 0.07545083 0.03455111
v -0.02773387 0.07539598 0.03367028
v -0.02771688 0.07546167 0.03370938
v -0.02768941 0.07551442 0.03376034
v -0.02765334 0.07555062 0.03381968
v -0.02761112 0.07556781 0.03388336
v -0.02680651 0.07554618 0.03318312
v -0.02680041 0.07561010 0.03322794
v -0.02678713 0.07566056 0.03328635
v -0.02676759 0.07569407 0.03335437
v -0.02674311 0.07570839 0.03342737
v -0.02578637 0.07571141 0.03295529
v -0.02579225 0.07577340 0.03300279
v -0.02579459 0.07582132 0.03306469
v -0.02579322 0.07585189 0.03313677
v -0.02578825 0.07586306 0.03321413
v -0.02474277 0.07588044 0.03300229
v -0.02476090 0.07594043 0.03304924
v -0.02477921 0.07598577 0.03311042
v -0.02479645 0.07601333 0.03318167
v -0.02481144 0.07602127 0.03325812
v -0.02370585 0.07589643 0.03328450
v -0.02372253 0.07597237 0.03329376
v -0.02374661 0.07604177 0.03332092
v -0.02377644 0.07609987 0.03336412
v -0.02381000 0.07614274 0.03342043
v -0.02384499 0.07616743 0.03348600
v -0.02387903 0.07617228 0.03355636
v -0.02281610 0.07604052 0.03385873
v -0.02281560 0.07604061 0.03385929
v -0.02167647 0.07637706 0.03560776
v -0.02173061 0.07643122 0.03562411
v -0.02179585 0.07646895 0.03564542
v -0.02186773 0.07648768 0.03567023
v -0.02194137 0.07648611 0.03569686
v -0.02144918 0.07641388 0.03664066
v -0.02150600 0.07646762 0.03664488
v -0.02157471 0.07650479 0.03665038
v -0.02165065 0.07652285 0.03665678
v -0.02172863 0.07652056 0.03666365
v -0.02149312 0.07640676 0.03769797
v -0.02154942 0.07646057 0.03768977
v -0.02161746 0.07649785 0.03767909
v -0.02169261 0.07651604 0.03766665
v -0.02176975 0.07651390 0.03765330
v -0.02180531 0.07635620 0.03870785
v -0.02185794 0.07641060 0.03868780
v -0.02192120 0.07644865 0.03866166
v -0.02199079 0.07646775 0.03863122
v -0.02206196 0.07646657 0.03859856
v -0.02236453 0.07626561 0.03960170
v -0.02241059 0.07632110 0.03957115
v -0.02246529 0.07636055 0.03953133
v -0.02252492 0.07638124 0.03948496
v -0.02258539 0.07638180 0.03943520
v -0.02313278 0.07614119 0.04031877
v -0.02316982 0.07619812 0.04027979
v -0.02321277 0.07623948 0.04022900
v -0.02325870 0.07626239 0.04016986
v -0.02330448 0.07626533 0.04010638
v -0.02405787 0.07599135 0.04081034
v -0.02408405 0.07605005 0.04076559
v -0.02411284 0.07609369 0.04070728
v -0.02414228 0.07611927 0.04063937
v -0.02417037 0.07612510 0.04056650
v -0.02507694 0.07582631 0.04104302
v -0.02509115 0.07588694 0.04099554
v -0.02510434 0.07593310 0.04093367
v -0.02511562 0.07596164 0.04086161
v -0.02512422 0.07597059 0.04078428
v -0.02563789 0.07457046 0.03745962
v -0.02432686 0.06647596 0.03745962
v -0.02574234 0.07455355 0.03734415
v -0.02443132 0.06645903 0.03734415
v -0.02581374 0.07454198 0.03720521
v -0.02450271 0.06644746 0.03720521
v -0.02584720 0.07453656 0.03705229
v -0.02453618 0.06644204 0.03705229
v -0.02584046 0.07453765 0.03689581
v -0.02452943 0.06644313 0.03689581
v -0.02579396 0.07454518 0.03674642
v -0.02448294 0.06645066 0.03674642
v -0.02571089 0.07455864 0.03661433
v -0.02439986 0.06646412 0.03661433
v -0.02559689 0.07457711 0.03650851
v -0.02428587 0.06648259 0.03650851
v -0.02545975 0.07459932 0.03643618
v -0.02414872 0.06650479 0.03643618
v -0.02530879 0.07462376 0.03640228
v -0.02399777 0.06652925 0.03640228
v -0.02515432 0.07464878 0.03640911
v -0.02384330 0.06655426 0.03640911
v -0.02500687 0.07467266 0.03645621
v -0.02369584 0.06657814 0.03645621
v -0.02487646 0.07469378 0.03654037
v -0.02356544 0.06659928 0.03654037
v -0.02477201 0.07471070 0.03665585
v -0.02346098 0.06661619 0.03665585
v -0.02470061 0.07472226 0.03679479
v -0.02338959 0.06662775 0.03679479
v -0.02466715 0.07472770 0.03694770
v -0.02335612 0.06663317 0.03694770
v -0.02467389 0.07472660 0.03710419
v -0.02336286 0.06663208 0.03710419
v -0.02472039 0.07471907 0.03725357
v -0.02340936 0.06662455 0.03725357
v -0.02480346 0.07470560 0.03738567
v -0.02349243 0.06661109 0.03738567
v -0.02491746 0.07468714 0.03749149
v -0.02360643 0.06659263 0.03749149
v -0.02505460 0.07466494 0.03756381
v -0.02374358 0.06657041 0.03756381
v -0.02520555 0.07464048 0.03759772
v -0.02389453 0.06654596 0.03759772
v -0.02536002 0.07461547 0.03759088
v -0.02404900 0.06652095 0.03759088
v -0.02550748 0.07459159 0.03754378
v -0.02419646 0.06649707 0.03754378
v -0.02450271 0.06644746 0.03720521
v -0.02443132 0.06645903 0.03734415
v -0.02394615 0.06653762 0.03700000
v -0.02432686 0.06647596 0.03745962
v -0.02419646 0.06649707 0.03754378
v -0.02448294 0.06645066 0.03674642
v -0.02452943 0.06644313 0.03689581
v -0.02453618 0.06644204 0.03705229
v -0.02414872 0.06650479 0.03643618
v -0.02428587 0.06648259 0.03650851
v -0.02439986 0.06646412 0.03661433
v -0.02369584 0.06657814 0.03645621
v -0.02384330 0.06655426 0.03640911
v -0.02399777 0.06652925 0.03640228
v -0.02338959 0.06662775 0.03679479
v -0.02346098 0.06661619 0.03665585
v -0.02356544 0.06659928 0.03654037
v -0.02340936 0.06662455 0.03725357
v -0.02336286 0.06663208 0.03710419
v -0.02335612 0.06663317 0.03694770
v -0.02374358 0.06657041 0.03756381
v -0.02360643 0.06659263 0.03749149
v -0.02349243 0.06661109 0.03738567
v -0.02404900 0.06652095 0.03759088
v -0.02389453 0.06654596 0.03759772
v -0.02274380 0.06369325 0.03887765
v -0.02442255 0.07405819 0.03887765
v -0.02291767 0.06366508 0.03876544
v -0.02459642 0.07403003 0.03876544
v -0.02311429 0.06363324 0.03870264
v -0.02479304 0.07399817 0.03870264
v -0.02332024 0.06359988 0.03869353
v -0.02499900 0.07396482 0.03869353
v -0.02352152 0.06356728 0.03873873
v -0.02520027 0.07393222 0.03873873
v -0.02370438 0.06353767 0.03883516
v -0.02538313 0.07390261 0.03883516
v -0.02385637 0.06351305 0.03897626
v -0.02553512 0.07387799 0.03897626
v -0.02396714 0.06349510 0.03915239
v -0.02564589 0.07386004 0.03915239
v -0.02402913 0.06348506 0.03935157
v -0.02570788 0.07385000 0.03935157
v -0.02403812 0.06348361 0.03956021
v -0.02571688 0.07384854 0.03956021
v -0.02399350 0.06349084 0.03976410
v -0.02567225 0.07385577 0.03976410
v -0.02389831 0.06350625 0.03994934
v -0.02557706 0.07387120 0.03994934
v -0.02375903 0.06352881 0.04010332
v -0.02543779 0.07389374 0.04010332
v -0.02358516 0.06355698 0.04021553
v -0.02526391 0.07392192 0.04021553
v -0.02338855 0.06358882 0.04027833
v -0.02506730 0.07395375 0.04027833
v -0.02318259 0.06362218 0.04028744
v -0.02486134 0.07398711 0.04028744
v -0.02298132 0.06365477 0.04024224
v -0.02466007 0.07401971 0.04024224
v -0.02279846 0.06368439 0.04014580
v -0.02447721 0.07404934 0.04014580
v -0.02264647 0.06370901 0.04000471
v -0.02432522 0.07407396 0.04000471
v -0.02253570 0.06372695 0.03982858
v -0.02421445 0.07409188 0.03982858
v -0.02247371 0.06373699 0.03962940
v -0.02415246 0.07410193 0.03962940
v -0.02246471 0.06373845 0.03942076
v -0.02414347 0.07410338 0.03942076
v -0.02250934 0.06373122 0.03921687
v -0.02418809 0.07409616 0.03921687
v -0.02260453 0.06371580 0.03903162
v -0.02428328 0.07408075 0.03903162
v -0.02458119 0.07403250 0.03906916
v -0.02485298 0.07571062 0.03906916
v -0.02470072 0.07401313 0.03899201
v -0.02497252 0.07569126 0.03899201
v -0.02483589 0.07399124 0.03894884
v -0.02510769 0.07566938 0.03894884
v -0.02497749 0.07396830 0.03894258
v -0.02524929 0.07564643 0.03894258
v -0.02511586 0.07394590 0.03897365
v -0.02538766 0.07562403 0.03897365
v -0.02524158 0.07392553 0.03903995
v -0.02551338 0.07560366 0.03903995
v -0.02534608 0.07390860 0.03913695
v -0.02561787 0.07558673 0.03913695
v -0.02542223 0.07389627 0.03925805
v -0.02569403 0.07557441 0.03925805
v -0.02546485 0.07388936 0.03939498
v -0.02573665 0.07556749 0.03939498
v -0.02547103 0.07388836 0.03953842
v -0.02574283 0.07556649 0.03953842
v -0.02544035 0.07389334 0.03967860
v -0.02571215 0.07557148 0.03967860
v -0.02537491 0.07390393 0.03980595
v -0.02564671 0.07558207 0.03980595
v -0.02527916 0.07391944 0.03991181
v -0.02555096 0.07559758 0.03991181
v -0.02515962 0.07393880 0.03998896
v -0.02543142 0.07561693 0.03998896
v -0.02502445 0.07396070 0.04003213
v -0.02529625 0.07563884 0.04003213
v -0.02488285 0.07398363 0.04003839
v -0.02515465 0.07566176 0.04003839
v -0.02474448 0.07400605 0.04000732
v -0.02501628 0.07568418 0.04000732
v -0.02461876 0.07402640 0.03994102
v -0.02489056 0.07570453 0.03994102
v -0.02451427 0.07404332 0.03984402
v -0.02478606 0.07572145 0.03984402
v -0.02443811 0.07405566 0.03972293
v -0.02470991 0.07573379 0.03972293
v -0.02439550 0.07406256 0.03958599
v -0.02466729 0.07574070 0.03958599
v -0.02438931 0.07406356 0.03944255
v -0.02466111 0.07574170 0.03944255
v -0.02441999 0.07405860 0.03930237
v -0.02469178 0.07573674 0.03930237
v -0.02448543 0.07404799 0.03917502
v -0.02475723 0.07572612 0.03917502
v -0.02541734 0.06326023 0.03660505
v -0.02709609 0.07362516 0.03660505
v -0.02559121 0.06323206 0.03649284
v -0.02726996 0.07359700 0.03649284
v -0.02578782 0.06320022 0.03643004
v -0.02746658 0.07356517 0.03643004
v -0.02599378 0.06316686 0.03642093
v -0.02767254 0.07353180 0.03642093
v -0.02619505 0.06313427 0.03646614
v -0.02787380 0.07349920 0.03646614
v -0.02637791 0.06310464 0.03656257
v -0.02805666 0.07346959 0.03656257
v -0.02652991 0.06308003 0.03670366
v -0.02820866 0.07344497 0.03670366
v -0.02664068 0.06306209 0.03687979
v -0.02831943 0.07342704 0.03687979
v -0.02670267 0.06305205 0.03707897
v -0.02838142 0.07341698 0.03707897
v -0.02671166 0.06305059 0.03728762
v -0.02839041 0.07341553 0.03728762
v -0.02666704 0.06305782 0.03749150
v -0.02834579 0.07342276 0.03749150
v -0.02657185 0.06307324 0.03767675
v -0.02825060 0.07343817 0.03767675
v -0.02643257 0.06309579 0.03783073
v -0.02811132 0.07346073 0.03783073
v -0.02625870 0.06312395 0.03794293
v -0.02793745 0.07348890 0.03794293
v -0.02606209 0.06315580 0.03800574
v -0.02774084 0.07352073 0.03800574
v -0.02585613 0.06318915 0.03801484
v -0.02753488 0.07355410 0.03801484
v -0.02565486 0.06322176 0.03796965
v -0.02733361 0.07358670 0.03796965
v -0.02547200 0.06325138 0.03787321
v -0.02715075 0.07361631 0.03787321
v -0.02532000 0.06327599 0.03773212
v -0.02699876 0.07364093 0.03773212
v -0.02520923 0.06329393 0.03755598
v -0.02688799 0.07365886 0.03755598
v -0.02514724 0.06330397 0.03735681
v -0.02682600 0.07366891 0.03735681
v -0.02513825 0.06330543 0.03714817
v -0.02681700 0.07367036 0.03714817
v -0.02518287 0.06329820 0.03694427
v -0.02686162 0.07366314 0.03694427
v -0.02527806 0.06328278 0.03675902
v -0.02695682 0.07364772 0.03675902
v -0.02725472 0.07359948 0.03679656
v -0.02752652 0.07527761 0.03679656
v -0.02737426 0.07358010 0.03671942
v -0.02764605 0.07525824 0.03671942
v -0.02750943 0.07355822 0.03667625
v -0.02778123 0.07523635 0.03667625
v -0.02765103 0.07353528 0.03666998
v -0.02792283 0.07521341 0.03666998
v -0.02778940 0.07351287 0.03670106
v -0.02806120 0.07519101 0.03670106
v -0.02791512 0.07349251 0.03676736
v -0.02818692 0.07517064 0.03676736
v -0.02801961 0.07347558 0.03686436
v -0.02829141 0.07515371 0.03686436
v -0.02809576 0.07346325 0.03698545
v -0.02836756 0.07514138 0.03698545
v -0.02813838 0.07345634 0.03712238
v -0.02841018 0.07513447 0.03712238
v -0.02814456 0.07345534 0.03726583
v -0.02841636 0.07513348 0.03726583
v -0.02811389 0.07346032 0.03740600
v -0.02838569 0.07513845 0.03740600
v -0.02804845 0.07347091 0.03753336
v -0.02832024 0.07514905 0.03753336
v -0.02795269 0.07348642 0.03763922
v -0.02822449 0.07516455 0.03763922
v -0.02783316 0.07350579 0.03771636
v -0.02810495 0.07518393 0.03771636
v -0.02769799 0.07352768 0.03775954
v -0.02796978 0.07520581 0.03775954
v -0.02755639 0.07355062 0.03776580
v -0.02782818 0.07522874 0.03776580
v -0.02741802 0.07357302 0.03773472
v -0.02768981 0.07525116 0.03773472
v -0.02729230 0.07359339 0.03766842
v -0.02756410 0.07527151 0.03766842
v -0.02718780 0.07361032 0.03757142
v -0.02745960 0.07528844 0.03757142
v -0.02711165 0.07362265 0.03745033
v -0.02738345 0.07530078 0.03745033
v -0.02706903 0.07362954 0.03731339
v -0.02734083 0.07530768 0.03731339
v -0.02706285 0.07363054 0.03716995
v -0.02733465 0.07530867 0.03716995
v -0.02709353 0.07362558 0.03702978
v -0.02736532 0.07530371 0.03702978
v -0.02715897 0.07361497 0.03690242
v -0.02743077 0.07529310 0.03690242
v -0.02317398 0.06362357 0.03389668
v -0.02485273 0.07398851 0.03389668
v -0.02334785 0.06359541 0.03378447
v -0.02502660 0.07396035 0.03378447
v -0.02354446 0.06356356 0.03372167
v -0.02522321 0.07392850 0.03372167
v -0.02375042 0.06353020 0.03371256
v -0.02542917 0.07389515 0.03371256
v -0.02395169 0.06349761 0.03375776
v -0.02563044 0.07386254 0.03375776
v -0.02413455 0.06346799 0.03385419
v -0.02581330 0.07383294 0.03385419
v -0.02428654 0.06344338 0.03399528
v -0.02596530 0.07380831 0.03399528
v -0.02439731 0.06342544 0.03417142
v -0.02607606 0.07379037 0.03417142
v -0.02445930 0.06341539 0.03437059
v -0.02613805 0.07378033 0.03437059
v -0.02446830 0.06341394 0.03457923
v -0.02614705 0.07377887 0.03457923
v -0.02442367 0.06342117 0.03478313
v -0.02610243 0.07378611 0.03478313
v -0.02432848 0.06343658 0.03496837
v -0.02600724 0.07380152 0.03496837
v -0.02418921 0.06345914 0.03512235
v -0.02586796 0.07382408 0.03512235
v -0.02401534 0.06348730 0.03523456
v -0.02569409 0.07385225 0.03523456
v -0.02381872 0.06351914 0.03529736
v -0.02549748 0.07388408 0.03529736
v -0.02361277 0.06355250 0.03530647
v -0.02529152 0.07391745 0.03530647
v -0.02341149 0.06358510 0.03526126
v -0.02509025 0.07395003 0.03526126
v -0.02322863 0.06361472 0.03516483
v -0.02490739 0.07397966 0.03516483
v -0.02307664 0.06363933 0.03502375
v -0.02475539 0.07400428 0.03502375
v -0.02296587 0.06365727 0.03484761
v -0.02464463 0.07402221 0.03484761
v -0.02290388 0.06366732 0.03464843
v -0.02458263 0.07403225 0.03464843
v -0.02289489 0.06366877 0.03443979
v -0.02457364 0.07403371 0.03443979
v -0.02293951 0.06366154 0.03423590
v -0.02461826 0.07402649 0.03423590
v -0.02303470 0.06364613 0.03405065
v -0.02471345 0.07401107 0.03405065
v -0.02501136 0.07396281 0.03408819
v -0.02528316 0.07564094 0.03408819
v -0.02513089 0.07394345 0.03401104
v -0.02540269 0.07562159 0.03401104
v -0.02526606 0.07392157 0.03396787
v -0.02553786 0.07559970 0.03396787
v -0.02540766 0.07389862 0.03396160
v -0.02567946 0.07557676 0.03396160
v -0.02554603 0.07387622 0.03399268
v -0.02581783 0.07555436 0.03399268
v -0.02567175 0.07385585 0.03405898
v -0.02594355 0.07553398 0.03405898
v -0.02577625 0.07383893 0.03415598
v -0.02604805 0.07551706 0.03415598
v -0.02585240 0.07382659 0.03427707
v -0.02612420 0.07550473 0.03427707
v -0.02589502 0.07381969 0.03441401
v -0.02616682 0.07549782 0.03441401
v -0.02590120 0.07381868 0.03455745
v -0.02617300 0.07549682 0.03455745
v -0.02587053 0.07382367 0.03469762
v -0.02614232 0.07550180 0.03469762
v -0.02580508 0.07383426 0.03482498
v -0.02607688 0.07551239 0.03482498
v -0.02570933 0.07384977 0.03493083
v -0.02598113 0.07552790 0.03493083
v -0.02558979 0.07386914 0.03500798
v -0.02586159 0.07554726 0.03500798
v -0.02545462 0.07389103 0.03505115
v -0.02572642 0.07556916 0.03505115
v -0.02531302 0.07391397 0.03505742
v -0.02558482 0.07559209 0.03505742
v -0.02517465 0.07393637 0.03502634
v -0.02544645 0.07561451 0.03502634
v -0.02504893 0.07395672 0.03496004
v -0.02532073 0.07563485 0.03496004
v -0.02494444 0.07397365 0.03486305
v -0.02521624 0.07565178 0.03486305
v -0.02486829 0.07398598 0.03474195
v -0.02514009 0.07566411 0.03474195
v -0.02482567 0.07399289 0.03460502
v -0.02509747 0.07567102 0.03460502
v -0.02481949 0.07399388 0.03446158
v -0.02509128 0.07567202 0.03446158
v -0.02485016 0.07398893 0.03432140
v -0.02512196 0.07566706 0.03432140
v -0.02491561 0.07397832 0.03419404
v -0.02518740 0.07565645 0.03419404
v -0.02050044 0.06405659 0.03616928
v -0.02217919 0.07442152 0.03616928
v -0.02067431 0.06402843 0.03605707
v -0.02235306 0.07439338 0.03605707
v -0.02087092 0.06399658 0.03599427
v -0.02254968 0.07436152 0.03599427
v -0.02107688 0.06396323 0.03598515
v -0.02275564 0.07432817 0.03598515
v -0.02127815 0.06393063 0.03603036
v -0.02295690 0.07429557 0.03603036
v -0.02146101 0.06390102 0.03612679
v -0.02313977 0.07426596 0.03612679
v -0.02161301 0.06387639 0.03626788
v -0.02329176 0.07424134 0.03626788
v -0.02172377 0.06385845 0.03644401
v -0.02340253 0.07422338 0.03644401
v -0.02178577 0.06384841 0.03664319
v -0.02346452 0.07421334 0.03664319
v -0.02179476 0.06384695 0.03685183
v -0.02347351 0.07421189 0.03685183
v -0.02175014 0.06385418 0.03705573
v -0.02342889 0.07421912 0.03705573
v -0.02165495 0.06386960 0.03724097
v -0.02333370 0.07423453 0.03724097
v -0.02151567 0.06389215 0.03739494
v -0.02319442 0.07425709 0.03739494
v -0.02134180 0.06392032 0.03750716
v -0.02302055 0.07428525 0.03750716
v -0.02114519 0.06395216 0.03756995
v -0.02282394 0.07431710 0.03756995
v -0.02093923 0.06398552 0.03757907
v -0.02261798 0.07435046 0.03757907
v -0.02073796 0.06401812 0.03753386
v -0.02241671 0.07438305 0.03753386
v -0.02055510 0.06404774 0.03743743
v -0.02223385 0.07441267 0.03743743
v -0.02040310 0.06407236 0.03729634
v -0.02208185 0.07443729 0.03729634
v -0.02029233 0.06409030 0.03712020
v -0.02197109 0.07445523 0.03712020
v -0.02023034 0.06410034 0.03692103
v -0.02190910 0.07446527 0.03692103
v -0.02022135 0.06410179 0.03671239
v -0.02190010 0.07446672 0.03671239
v -0.02026597 0.06409457 0.03650849
v -0.02194472 0.07445951 0.03650849
v -0.02036116 0.06407915 0.03632325
v -0.02203992 0.07444408 0.03632325
v -0.02233782 0.07439583 0.03636079
v -0.02260962 0.07607396 0.03636079
v -0.02245736 0.07437648 0.03628364
v -0.02272916 0.07605461 0.03628364
v -0.02259253 0.07435459 0.03624047
v -0.02286433 0.07603271 0.03624047
v -0.02273413 0.07433165 0.03623420
v -0.02300592 0.07600978 0.03623420
v -0.02287250 0.07430923 0.03626528
v -0.02314430 0.07598736 0.03626528
v -0.02299822 0.07428888 0.03633157
v -0.02327001 0.07596701 0.03633157
v -0.02310271 0.07427195 0.03642858
v -0.02337451 0.07595008 0.03642858
v -0.02317886 0.07425962 0.03654967
v -0.02345066 0.07593776 0.03654967
v -0.02322148 0.07425271 0.03668660
v -0.02349328 0.07593084 0.03668660
v -0.02322767 0.07425170 0.03683004
v -0.02349946 0.07592984 0.03683004
v -0.02319699 0.07425669 0.03697022
v -0.02346879 0.07593481 0.03697022
v -0.02313155 0.07426728 0.03709757
v -0.02340334 0.07594542 0.03709757
v -0.02303579 0.07428279 0.03720343
v -0.02330759 0.07596093 0.03720343
v -0.02291626 0.07430215 0.03728058
v -0.02318806 0.07598028 0.03728058
v -0.02278109 0.07432405 0.03732375
v -0.02305288 0.07600217 0.03732375
v -0.02263949 0.07434697 0.03733002
v -0.02291129 0.07602510 0.03733002
v -0.02250111 0.07436938 0.03729894
v -0.02277291 0.07604751 0.03729894
v -0.02237540 0.07438974 0.03723264
v -0.02264720 0.07606787 0.03723264
v -0.02227090 0.07440667 0.03713564
v -0.02254270 0.07608480 0.03713564
v -0.02219475 0.07441900 0.03701455
v -0.02246655 0.07609713 0.03701455
v -0.02215213 0.07442591 0.03687762
v -0.02242393 0.07610405 0.03687762
v -0.02214595 0.07442691 0.03673418
v -0.02241775 0.07610505 0.03673418
v -0.02217663 0.07442195 0.03659400
v -0.02244842 0.07610007 0.03659400
v -0.02224207 0.07441134 0.03646664
v -0.02251387 0.07608947 0.03646664
v -0.02826906 0.07444822 0.03513327
v -0.02763455 0.07455098 0.03436722
v -0.02842894 0.07543535 0.03513327
v -0.02779442 0.07553812 0.03436722
v -0.02779442 0.07553812 0.03436722
v -0.02763455 0.07455098 0.03436722
v -0.02826906 0.07444822 0.03513327
v -0.02842894 0.07543535 0.03513327
v -0.02234121 0.07540831 0.03886674
v -0.02297573 0.07530555 0.03963278
v -0.02250110 0.07639545 0.03886674
v -0.02313561 0.07629268 0.03963278
v -0.02313561 0.07629268 0.03963278
v -0.02297573 0.07530555 0.03963278
v -0.02234121 0.07540831 0.03886674
v -0.02250110 0.07639545 0.03886674
v -0.02286611 0.07633633 0.03464023
v -0.02270623 0.07534919 0.03464023
v -0.02378491 0.07517450 0.03594251
v -0.02270623 0.07534919 0.03464023
v -0.02346242 0.07522673 0.03399745
v -0.02603289 0.07481039 0.03751622
v -0.02613998 0.07479304 0.03730782
v -0.02656482 0.07472425 0.03754265
v -0.02555614 0.07488761 0.03576370
v -0.02584080 0.07484150 0.03572390
v -0.02560900 0.07487905 0.03615428
v -0.02397158 0.07514425 0.03731281
v -0.02405970 0.07512999 0.03703572
v -0.02454380 0.07505157 0.03835770
v -0.02759538 0.07455732 0.03898711
v -0.02746178 0.07457898 0.03898671
v -0.02682537 0.07468204 0.03805749
v -0.02729919 0.07460530 0.03902265
v -0.02714981 0.07462950 0.03909696
v -0.02297573 0.07530555 0.03963278
v -0.02234121 0.07540831 0.03886674
v -0.02426126 0.07509733 0.03854004
v -0.02362674 0.07520011 0.03777400
v -0.02382481 0.07516803 0.03756308
v -0.02666646 0.07470778 0.03781494
v -0.02587621 0.07483577 0.03768944
v -0.02598571 0.07481803 0.03642149
v -0.02698354 0.07465642 0.03622600
v -0.02611032 0.07479786 0.03661964
v -0.02678547 0.07468850 0.03643692
v -0.02618006 0.07478656 0.03684371
v -0.02663870 0.07471228 0.03668719
v -0.02619018 0.07478492 0.03707844
v -0.02655058 0.07472655 0.03696427
v -0.02652554 0.07473060 0.03725427
v -0.02581472 0.07484574 0.03626276
v -0.02826906 0.07444822 0.03513327
v -0.02763455 0.07455098 0.03436722
v -0.02634902 0.07475920 0.03545996
v -0.02610959 0.07479798 0.03562093
v -0.02408474 0.07512593 0.03674573
v -0.02404546 0.07513228 0.03645735
v -0.02394381 0.07514875 0.03618506
v -0.02526987 0.07493397 0.03573833
v -0.02538257 0.07491572 0.03610342
v -0.02499635 0.07497828 0.03564906
v -0.02515087 0.07495324 0.03611367
v -0.02474930 0.07501829 0.03550037
v -0.02492967 0.07498909 0.03618432
v -0.02454110 0.07505201 0.03529972
v -0.02473407 0.07502076 0.03631056
v -0.02457739 0.07504613 0.03648378
v -0.02447029 0.07506348 0.03669218
v -0.02606918 0.07480452 0.03870027
v -0.02582219 0.07484452 0.03847100
v -0.02449995 0.07505867 0.03738035
v -0.02443021 0.07506997 0.03715628
v -0.02442010 0.07507161 0.03692156
v -0.02462457 0.07503849 0.03757851
v -0.02479556 0.07501079 0.03773723
v -0.02486329 0.07499984 0.03825564
v -0.02500128 0.07497747 0.03784572
v -0.02519797 0.07494561 0.03824084
v -0.02522771 0.07494081 0.03789657
v -0.02552504 0.07489264 0.03831430
v -0.02545941 0.07490329 0.03788632
v -0.02568060 0.07486745 0.03781568
v -0.02702232 0.07465014 0.03920532
v -0.02692414 0.07466604 0.03934145
v -0.02686097 0.07467627 0.03949742
v -0.02683831 0.07467994 0.03962883
v -0.02346242 0.07522673 0.03399745
v -0.02362230 0.07621386 0.03399745
v -0.02346242 0.07522673 0.03399745
v -0.02270623 0.07534919 0.03464023
v -0.02362230 0.07621386 0.03399745
v -0.02286611 0.07633633 0.03464023
v -0.02581648 0.06724771 0.04071586
v -0.02579997 0.06725038 0.04072361
v -0.02585794 0.06724099 0.04068788
v -0.02670756 0.06710338 0.04014078
v -0.02590635 0.06723315 0.04063972
v -0.02594268 0.06722728 0.04058165
v -0.02596500 0.06722367 0.04051674
v -0.02597215 0.06722249 0.04044839
v -0.02596376 0.06722386 0.04038018
v -0.02594025 0.06722766 0.04031569
v -0.02713346 0.06703440 0.03946168
v -0.02720114 0.06702344 0.03946643
v -0.02743089 0.06698623 0.03933779
v -0.02742135 0.06698778 0.03935166
v -0.02738608 0.06699350 0.03938939
v -0.02733085 0.06700244 0.03942930
v -0.02726811 0.06701261 0.03945544
v -0.02579863 0.06725061 0.04013246
v -0.02696075 0.06706237 0.03935957
v -0.02590288 0.06723371 0.04025832
v -0.02701003 0.06705439 0.03940681
v -0.02706862 0.06704490 0.03944145
v -0.02595070 0.06722596 0.03909696
v -0.02610008 0.06720179 0.03902265
v -0.02626267 0.06717544 0.03898671
v -0.02642903 0.06714849 0.03899124
v -0.02658949 0.06712252 0.03903596
v -0.02673471 0.06709899 0.03911829
v -0.02685627 0.06707930 0.03923344
v -0.02570781 0.06726532 0.03999119
v -0.02565299 0.06727420 0.03983201
v -0.02563738 0.06727672 0.03966417
v -0.02566187 0.06727275 0.03949742
v -0.02572503 0.06726252 0.03934145
v -0.02582321 0.06724662 0.03920532
v -0.02685627 0.06707930 0.03923344
v -0.02579863 0.06725061 0.04013246
v -0.02759538 0.07455732 0.03898711
v -0.02642903 0.06714849 0.03899124
v -0.02746178 0.07457898 0.03898671
v -0.02626267 0.06717544 0.03898671
v -0.02729919 0.07460530 0.03902265
v -0.02610008 0.06720179 0.03902265
v -0.02714981 0.07462950 0.03909696
v -0.02595070 0.06722596 0.03909696
v -0.02702232 0.07465014 0.03920532
v -0.02582321 0.06724662 0.03920532
v -0.02692414 0.07466604 0.03934145
v -0.02572503 0.06726252 0.03934145
v -0.02686097 0.07467627 0.03949742
v -0.02566187 0.06727275 0.03949742
v -0.02683831 0.07467994 0.03962883
v -0.02563738 0.06727672 0.03966417
v -0.02570781 0.06726532 0.03999119
v -0.02565299 0.06727420 0.03983201
v -0.02658949 0.06712252 0.03903596
v -0.02673471 0.06709899 0.03911829
v -0.02472889 0.06691735 0.04103771
v -0.02573653 0.06675415 0.04071586
v -0.02581648 0.06724771 0.04071586
v -0.02670756 0.06710338 0.04014078
v -0.02662762 0.06660982 0.04014078
v -0.02742135 0.06698778 0.03935166
v -0.02734141 0.06649420 0.03935166
v -0.02782927 0.06641519 0.03840228
v -0.02367335 0.06708831 0.04108440
v -0.02264185 0.06725537 0.04085274
v -0.02170468 0.06740715 0.04035852
v -0.02092571 0.06753334 0.03963543
v -0.02035803 0.06762527 0.03873273
v -0.02004032 0.06767672 0.03771196
v -0.01999423 0.06768419 0.03664266
v -0.02022291 0.06764715 0.03559772
v -0.02071077 0.06756813 0.03464834
v -0.02142456 0.06745253 0.03385922
v -0.02231564 0.06730822 0.03328414
v -0.02332329 0.06714500 0.03296229
v -0.02437883 0.06697404 0.03291560
v -0.02541033 0.06680697 0.03314726
v -0.02634750 0.06665519 0.03364147
v -0.02712647 0.06652903 0.03436457
v -0.02769415 0.06643708 0.03526726
v -0.02801186 0.06638562 0.03628804
v -0.02805795 0.06637815 0.03735734
v -0.02675960 0.07570572 0.03934079
v -0.02678933 0.07569815 0.03937720
v -0.02683831 0.07467994 0.03962883
v -0.02695022 0.07537094 0.03962883
v -0.02695410 0.07542118 0.03962382
v -0.02695442 0.07542535 0.03962340
v -0.02694912 0.07548246 0.03960628
v -0.02693157 0.07554542 0.03957365
v -0.02692344 0.07556073 0.03956116
v -0.02691310 0.07558014 0.03954529
v -0.02689591 0.07561248 0.03951891
v -0.02688961 0.07561938 0.03951018
v -0.02685010 0.07566272 0.03945544
v -0.02679584 0.07569435 0.03938558
v -0.02755237 0.07556964 0.03874363
v -0.02751629 0.07558316 0.03869860
v -0.02758018 0.07555920 0.03877833
v -0.02762966 0.07551857 0.03884428
v -0.02764546 0.07549549 0.03886726
v -0.02766984 0.07545983 0.03890274
v -0.02767638 0.07545025 0.03891226
v -0.02768070 0.07543872 0.03891954
v -0.02770030 0.07538631 0.03895259
v -0.02771086 0.07532325 0.03897702
v -0.02771049 0.07529853 0.03898130
v -0.02771007 0.07526970 0.03898629
v -0.02770730 0.07524833 0.03898711
v -0.02759538 0.07455732 0.03898711
v -0.02293344 0.07632544 0.03762888
v -0.02315227 0.07628998 0.03761919
v -0.02250110 0.07639545 0.03886674
v -0.02441406 0.07608561 0.03941640
v -0.02442362 0.07608407 0.03963809
v -0.02313561 0.07629268 0.03963278
v -0.02875934 0.07538183 0.03729197
v -0.02874979 0.07538338 0.03707029
v -0.02799660 0.07550537 0.03637112
v -0.02777777 0.07554081 0.03638080
v -0.02842894 0.07543535 0.03513327
v -0.02286611 0.07633633 0.03464023
v -0.02362230 0.07621386 0.03399745
v -0.02517680 0.07596209 0.04033725
v -0.02539564 0.07592663 0.04032757
v -0.02714342 0.07564357 0.03622600
v -0.02779442 0.07553812 0.03436722
v -0.02307970 0.07630175 0.03593534
v -0.02286087 0.07633718 0.03594502
v -0.02378662 0.07618724 0.03777400
v -0.02622906 0.07579165 0.03870027
v -0.02607625 0.07581640 0.03934288
v -0.02868392 0.07539405 0.03685866
v -0.02856623 0.07541311 0.03667152
v -0.02840474 0.07543927 0.03652161
v -0.02821045 0.07547074 0.03641915
v -0.02756886 0.07557466 0.03644753
v -0.02738413 0.07560457 0.03656675
v -0.02694536 0.07567564 0.03643692
v -0.02723615 0.07562854 0.03673035
v -0.02679858 0.07569941 0.03668719
v -0.02713501 0.07564492 0.03692717
v -0.02671046 0.07571368 0.03696427
v -0.02708760 0.07565261 0.03714381
v -0.02668542 0.07571775 0.03725427
v -0.02709715 0.07565105 0.03736549
v -0.02672470 0.07571138 0.03754265
v -0.02682634 0.07569491 0.03781494
v -0.02716302 0.07564038 0.03757711
v -0.02698525 0.07566917 0.03805749
v -0.02827807 0.07545978 0.03798825
v -0.02846281 0.07542987 0.03786903
v -0.02861079 0.07540590 0.03770543
v -0.02871193 0.07538951 0.03750860
v -0.02575324 0.07586872 0.03366275
v -0.02553440 0.07590416 0.03367242
v -0.02484423 0.07601596 0.03443543
v -0.02485379 0.07601439 0.03465711
v -0.02394479 0.07616162 0.03594251
v -0.02383289 0.07617974 0.03663451
v -0.02376702 0.07619043 0.03642288
v -0.02336117 0.07625615 0.03755247
v -0.02354591 0.07622623 0.03743325
v -0.02398468 0.07615516 0.03756308
v -0.02369389 0.07620227 0.03726965
v -0.02413146 0.07613140 0.03731281
v -0.02379503 0.07618589 0.03707283
v -0.02421957 0.07611711 0.03703572
v -0.02384244 0.07617820 0.03685619
v -0.02424462 0.07611306 0.03674573
v -0.02420534 0.07611943 0.03645735
v -0.02448948 0.07607341 0.03984971
v -0.02608581 0.07581485 0.03956457
v -0.02603840 0.07582254 0.03978120
v -0.02806917 0.07549363 0.03805498
v -0.02470098 0.07603915 0.03529972
v -0.02646857 0.07575286 0.03480023
v -0.02636743 0.07576924 0.03499705
v -0.02650890 0.07574633 0.03545996
v -0.02621945 0.07579322 0.03516065
v -0.02265196 0.07637102 0.03601175
v -0.02460717 0.07605434 0.04003686
v -0.02476866 0.07602819 0.04018677
v -0.02496295 0.07599672 0.04028923
v -0.02728071 0.07562133 0.03776426
v -0.02744220 0.07559517 0.03791417
v -0.02763649 0.07556369 0.03801663
v -0.02785034 0.07552906 0.03806465
v -0.02582581 0.07585698 0.03534660
v -0.02571602 0.07587475 0.03576370
v -0.02560698 0.07589241 0.03535628
v -0.02542975 0.07592112 0.03573833
v -0.02539313 0.07592704 0.03530825
v -0.02515623 0.07596541 0.03564906
v -0.02519884 0.07595851 0.03520579
v -0.02490918 0.07600544 0.03550037
v -0.02503734 0.07598468 0.03505588
v -0.02491965 0.07600373 0.03486874
v -0.02603471 0.07582313 0.03527987
v -0.02626947 0.07578511 0.03562093
v -0.02600069 0.07582865 0.03572390
v -0.02364933 0.07620948 0.03623574
v -0.02348784 0.07623563 0.03608583
v -0.02329355 0.07626710 0.03598337
v -0.02221811 0.07644130 0.03649139
v -0.02231925 0.07642490 0.03629457
v -0.02246723 0.07640094 0.03613097
v -0.02217070 0.07644896 0.03670803
v -0.02218025 0.07644741 0.03692971
v -0.02410369 0.07613588 0.03618506
v -0.02593726 0.07583892 0.03997803
v -0.02560454 0.07589280 0.04026085
v -0.02578927 0.07586288 0.04014162
v -0.02532550 0.07593801 0.03373915
v -0.02514076 0.07596792 0.03385837
v -0.02499278 0.07599189 0.03402197
v -0.02489164 0.07600827 0.03421879
v -0.02224612 0.07643676 0.03714134
v -0.02236381 0.07641769 0.03732848
v -0.02252530 0.07639154 0.03747839
v -0.02271959 0.07636007 0.03758085
v -0.02442114 0.07608448 0.03854004
v -0.02456261 0.07606157 0.03900295
v -0.02446147 0.07607795 0.03919977
v -0.02651598 0.07574518 0.03458359
v -0.02650642 0.07574672 0.03436191
v -0.02644056 0.07575740 0.03415029
v -0.02632287 0.07577646 0.03396314
v -0.02616138 0.07580262 0.03381324
v -0.02596708 0.07583409 0.03371077
v -0.02601039 0.07582708 0.03913126
v -0.02589270 0.07584613 0.03894412
v -0.02598207 0.07583165 0.03847100
v -0.02573120 0.07587230 0.03879421
v -0.02568492 0.07587979 0.03831430
v -0.02553691 0.07590375 0.03869175
v -0.02535786 0.07593275 0.03824084
v -0.02532306 0.07593840 0.03864372
v -0.02502317 0.07598696 0.03825564
v -0.02510423 0.07597383 0.03865340
v -0.02470368 0.07603872 0.03835770
v -0.02489533 0.07600767 0.03872012
v -0.02471059 0.07603759 0.03883935
v -0.02250934 0.06373122 0.03921687
v -0.02260453 0.06371580 0.03903162
v -0.02325142 0.06361103 0.03949048
v -0.02274380 0.06369325 0.03887765
v -0.02291767 0.06366508 0.03876544
v -0.02253570 0.06372695 0.03982858
v -0.02247371 0.06373699 0.03962940
v -0.02246471 0.06373845 0.03942076
v -0.02298132 0.06365477 0.04024224
v -0.02279846 0.06368439 0.04014580
v -0.02264647 0.06370901 0.04000471
v -0.02358516 0.06355698 0.04021553
v -0.02338855 0.06358882 0.04027833
v -0.02318259 0.06362218 0.04028744
v -0.02399350 0.06349084 0.03976410
v -0.02389831 0.06350625 0.03994934
v -0.02375903 0.06352881 0.04010332
v -0.02396714 0.06349510 0.03915239
v -0.02402913 0.06348506 0.03935157
v -0.02403812 0.06348361 0.03956021
v -0.02352152 0.06356728 0.03873873
v -0.02370438 0.06353767 0.03883516
v -0.02385637 0.06351305 0.03897626
v -0.02311429 0.06363324 0.03870264
v -0.02332024 0.06359988 0.03869353
v -0.02518287 0.06329820 0.03694427
v -0.02527806 0.06328278 0.03675902
v -0.02592496 0.06317801 0.03721789
v -0.02541734 0.06326023 0.03660505
v -0.02559121 0.06323206 0.03649284
v -0.02520923 0.06329393 0.03755598
v -0.02514724 0.06330397 0.03735681
v -0.02513825 0.06330543 0.03714817
v -0.02565486 0.06322176 0.03796965
v -0.02547200 0.06325138 0.03787321
v -0.02532000 0.06327599 0.03773212
v -0.02625870 0.06312395 0.03794293
v -0.02606209 0.06315580 0.03800574
v -0.02585613 0.06318915 0.03801484
v -0.02666704 0.06305782 0.03749150
v -0.02657185 0.06307324 0.03767675
v -0.02643257 0.06309579 0.03783073
v -0.02664068 0.06306209 0.03687979
v -0.02670267 0.06305205 0.03707897
v -0.02671166 0.06305059 0.03728762
v -0.02619505 0.06313427 0.03646614
v -0.02637791 0.06310464 0.03656257
v -0.02652991 0.06308003 0.03670366
v -0.02578782 0.06320022 0.03643004
v -0.02599378 0.06316686 0.03642093
v -0.02293951 0.06366154 0.03423590
v -0.02303470 0.06364613 0.03405065
v -0.02368159 0.06354135 0.03450951
v -0.02317398 0.06362357 0.03389668
v -0.02334785 0.06359541 0.03378447
v -0.02296587 0.06365727 0.03484761
v -0.02290388 0.06366732 0.03464843
v -0.02289489 0.06366877 0.03443979
v -0.02341149 0.06358510 0.03526126
v -0.02322863 0.06361472 0.03516483
v -0.02307664 0.06363933 0.03502375
v -0.02401534 0.06348730 0.03523456
v -0.02381872 0.06351914 0.03529736
v -0.02361277 0.06355250 0.03530647
v -0.02442367 0.06342117 0.03478313
v -0.02432848 0.06343658 0.03496837
v -0.02418921 0.06345914 0.03512235
v -0.02439731 0.06342544 0.03417142
v -0.02445930 0.06341539 0.03437059
v -0.02446830 0.06341394 0.03457923
v -0.02395169 0.06349761 0.03375776
v -0.02413455 0.06346799 0.03385419
v -0.02428654 0.06344338 0.03399528
v -0.02354446 0.06356356 0.03372167
v -0.02375042 0.06353020 0.03371256
v -0.02026597 0.06409457 0.03650849
v -0.02036116 0.06407915 0.03632325
v -0.02100806 0.06397437 0.03678211
v -0.02050044 0.06405659 0.03616928
v -0.02067431 0.06402843 0.03605707
v -0.02029233 0.06409030 0.03712020
v -0.02023034 0.06410034 0.03692103
v -0.02022135 0.06410179 0.03671239
v -0.02073796 0.06401812 0.03753386
v -0.02055510 0.06404774 0.03743743
v -0.02040310 0.06407236 0.03729634
v -0.02134180 0.06392032 0.03750716
v -0.02114519 0.06395216 0.03756995
v -0.02093923 0.06398552 0.03757907
v -0.02175014 0.06385418 0.03705573
v -0.02165495 0.06386960 0.03724097
v -0.02151567 0.06389215 0.03739494
v -0.02172377 0.06385845 0.03644401
v -0.02178577 0.06384841 0.03664319
v -0.02179476 0.06384695 0.03685183
v -0.02127815 0.06393063 0.03603036
v -0.02146101 0.06390102 0.03612679
v -0.02161301 0.06387639 0.03626788
v -0.02087092 0.06399658 0.03599427
v -0.02107688 0.06396323 0.03598515
v -0.02455088 -0.07605310 0.03668373
v -0.02455290 -0.07605278 0.03666606
v -0.02447788 -0.07607528 0.03666606
v -0.02454495 -0.07605407 0.03670048
v -0.02453542 -0.07605561 0.03671542
v -0.02452277 -0.07605765 0.03672777
v -0.02450769 -0.07606010 0.03673688
v -0.02449095 -0.07606282 0.03674227
v -0.02447344 -0.07606565 0.03674365
v -0.02445608 -0.07606845 0.03674097
v -0.02443249 -0.07604193 0.03681077
v -0.02446603 -0.07603650 0.03681596
v -0.02440873 -0.07599747 0.03687071
v -0.02445616 -0.07598980 0.03687805
v -0.02438641 -0.07593814 0.03691671
v -0.02444450 -0.07592873 0.03692569
v -0.02436706 -0.07586798 0.03694562
v -0.02443185 -0.07585749 0.03695564
v -0.02435199 -0.07579177 0.03695549
v -0.02441907 -0.07578090 0.03696586
v -0.02448671 -0.07576995 0.03696049
v -0.02449719 -0.07584690 0.03695046
v -0.02455138 -0.07575946 0.03693967
v -0.02455965 -0.07583678 0.03693034
v -0.02460967 -0.07575003 0.03690447
v -0.02461596 -0.07582766 0.03689635
v -0.02465852 -0.07574211 0.03685677
v -0.02466315 -0.07582003 0.03685027
v -0.02469537 -0.07573616 0.03679905
v -0.02469874 -0.07581427 0.03679452
v -0.02471829 -0.07573243 0.03673434
v -0.02472087 -0.07581067 0.03673202
v -0.02472606 -0.07573117 0.03666606
v -0.02472838 -0.07580947 0.03666606
v -0.02450309 -0.07591925 0.03692105
v -0.02455909 -0.07591018 0.03690301
v -0.02460957 -0.07590200 0.03687253
v -0.02465188 -0.07589515 0.03683122
v -0.02468379 -0.07588998 0.03678123
v -0.02470363 -0.07588676 0.03672520
v -0.02471037 -0.07588568 0.03666606
v -0.02450399 -0.07598204 0.03687425
v -0.02454972 -0.07597464 0.03685953
v -0.02459094 -0.07596795 0.03683464
v -0.02462548 -0.07596236 0.03680091
v -0.02465154 -0.07595814 0.03676010
v -0.02466774 -0.07595552 0.03671434
v -0.02467324 -0.07595462 0.03666606
v -0.02449985 -0.07603100 0.03681328
v -0.02453219 -0.07602578 0.03680286
v -0.02456133 -0.07602105 0.03678527
v -0.02458576 -0.07601709 0.03676141
v -0.02460418 -0.07601410 0.03673255
v -0.02461564 -0.07601226 0.03670020
v -0.02461953 -0.07601162 0.03666606
v -0.02447788 -0.07607528 0.03650000
v -0.02455290 -0.07605278 0.03650000
v -0.02461953 -0.07601162 0.03650000
v -0.02467324 -0.07595462 0.03650000
v -0.02471037 -0.07588568 0.03650000
v -0.02472838 -0.07580947 0.03650000
v -0.02472606 -0.07573117 0.03650000
v -0.02743987 -0.07529164 0.03654872
v -0.02745499 -0.07528920 0.03654230
v -0.02746232 -0.07536666 0.03653347
v -0.02827773 -0.07515593 0.03589760
v -0.02828940 -0.07515404 0.03588845
v -0.02829466 -0.07523185 0.03588125
v -0.02892073 -0.07505179 0.03504895
v -0.02892868 -0.07505050 0.03503838
v -0.02893234 -0.07512857 0.03503330
v -0.02932503 -0.07498630 0.03406058
v -0.02932939 -0.07498561 0.03404983
v -0.02933205 -0.07506383 0.03404721
v -0.02946304 -0.07496395 0.03299983
v -0.02946430 -0.07496374 0.03298995
v -0.02946663 -0.07504203 0.03298997
v -0.02932535 -0.07498626 0.03193899
v -0.02932426 -0.07498643 0.03193075
v -0.02932693 -0.07506466 0.03193342
v -0.02892129 -0.07505170 0.03095034
v -0.02891877 -0.07505210 0.03094420
v -0.02892246 -0.07513018 0.03094932
v -0.02827839 -0.07515583 0.03010126
v -0.02827539 -0.07515631 0.03009731
v -0.02828068 -0.07523411 0.03010455
v -0.02744042 -0.07529155 0.02944964
v -0.02743782 -0.07529197 0.02944762
v -0.02744520 -0.07536943 0.02945648
v -0.02646448 -0.07544961 0.02903991
v -0.02646297 -0.07544986 0.02903927
v -0.02647277 -0.07552694 0.02904915
v -0.02436963 -0.07578891 0.02903991
v -0.02339629 -0.07594655 0.02944762
v -0.02341374 -0.07602238 0.02945648
v -0.02339369 -0.07594697 0.02944964
v -0.02255872 -0.07608221 0.03009731
v -0.02257826 -0.07615770 0.03010455
v -0.02255572 -0.07608271 0.03010126
v -0.02191534 -0.07618641 0.03094420
v -0.02193648 -0.07626165 0.03094932
v -0.02191282 -0.07618682 0.03095034
v -0.02150985 -0.07625209 0.03193075
v -0.02153201 -0.07632717 0.03193342
v -0.02150876 -0.07625226 0.03193899
v -0.02136981 -0.07627478 0.03298995
v -0.02139231 -0.07634978 0.03298997
v -0.02137107 -0.07627456 0.03299983
v -0.02150472 -0.07625293 0.03404983
v -0.02152689 -0.07632798 0.03404721
v -0.02150908 -0.07625222 0.03406058
v -0.02190543 -0.07618801 0.03503838
v -0.02192660 -0.07626326 0.03503330
v -0.02191338 -0.07618673 0.03504895
v -0.02254471 -0.07608448 0.03588845
v -0.02256428 -0.07615996 0.03588125
v -0.02255638 -0.07608258 0.03589760
v -0.02337912 -0.07594934 0.03654230
v -0.02339661 -0.07602517 0.03653347
v -0.02339425 -0.07594688 0.03654872
v -0.02725420 -0.07562561 0.03632542
v -0.02645216 -0.07575553 0.03666606
v -0.02647069 -0.07574216 0.03674097
v -0.02874573 -0.07538404 0.03482500
v -0.02871970 -0.07538826 0.03488923
v -0.02878456 -0.07536740 0.03492783
v -0.02886891 -0.07536409 0.03148000
v -0.02908633 -0.07532888 0.03200899
v -0.02915869 -0.07530680 0.03198874
v -0.02739265 -0.07560319 0.02975000
v -0.02811421 -0.07548632 0.03030970
v -0.02816670 -0.07546746 0.03025473
v -0.02725420 -0.07562561 0.02967248
v -0.02733792 -0.07561206 0.02970755
v -0.02737456 -0.07559576 0.02964028
v -0.02475922 -0.07602971 0.02929398
v -0.02546502 -0.07591540 0.02920000
v -0.02546338 -0.07590532 0.02912236
v -0.02263194 -0.07637426 0.03055176
v -0.02281583 -0.07634447 0.03030970
v -0.02276007 -0.07634315 0.03025473
v -0.02206113 -0.07646672 0.03148000
v -0.02221953 -0.07644105 0.03109462
v -0.02215158 -0.07644171 0.03105569
v -0.02171574 -0.07652266 0.03300500
v -0.02171391 -0.07652295 0.03299068
v -0.02163563 -0.07652526 0.03299049
v -0.02188418 -0.07649536 0.03408458
v -0.02183896 -0.07650270 0.03397301
v -0.02176323 -0.07650460 0.03399289
v -0.02263194 -0.07637426 0.03544985
v -0.02221034 -0.07644255 0.03488923
v -0.02214221 -0.07644323 0.03492783
v -0.02337476 -0.07625396 0.03612525
v -0.02280284 -0.07634658 0.03567710
v -0.02274681 -0.07634529 0.03573181
v -0.02218431 -0.07644677 0.03482500
v -0.02177429 -0.07651316 0.03346500
v -0.02176808 -0.07650383 0.03198874
v -0.02184371 -0.07650193 0.03200899
v -0.02188418 -0.07649536 0.03191052
v -0.02359211 -0.07621875 0.02970755
v -0.02355221 -0.07621485 0.02964028
v -0.02353739 -0.07622761 0.02975000
v -0.02337476 -0.07625396 0.02987615
v -0.02643440 -0.07575840 0.02932908
v -0.02929114 -0.07528535 0.03299049
v -0.02921613 -0.07530786 0.03299068
v -0.02921430 -0.07530815 0.03300500
v -0.02909108 -0.07532811 0.03397301
v -0.02342308 -0.07609417 0.03650757
v -0.02345671 -0.07615166 0.03646638
v -0.02349522 -0.07619372 0.03641270
v -0.02353597 -0.07621749 0.03635019
v -0.02357620 -0.07622132 0.03628310
v -0.02259685 -0.07622799 0.03586014
v -0.02264018 -0.07628392 0.03582655
v -0.02269133 -0.07632392 0.03578278
v -0.02196384 -0.07633052 0.03501840
v -0.02201460 -0.07638523 0.03499470
v -0.02207544 -0.07642369 0.03496381
v -0.02156706 -0.07639479 0.03403953
v -0.02162248 -0.07644874 0.03402733
v -0.02168939 -0.07648620 0.03401142
v -0.02143347 -0.07641642 0.03299005
v -0.02149046 -0.07647013 0.03299016
v -0.02155942 -0.07650725 0.03299032
v -0.02157214 -0.07639396 0.03194124
v -0.02162750 -0.07644793 0.03195367
v -0.02169434 -0.07648540 0.03196987
v -0.02197365 -0.07632892 0.03096435
v -0.02202430 -0.07638366 0.03098826
v -0.02208499 -0.07642213 0.03101941
v -0.02261072 -0.07622574 0.03012577
v -0.02265390 -0.07628170 0.03015952
v -0.02270483 -0.07632174 0.03020351
v -0.02344008 -0.07609141 0.02948245
v -0.02347352 -0.07614894 0.02952375
v -0.02351176 -0.07619104 0.02957759
v -0.02437114 -0.07578866 0.02903927
v -0.02438617 -0.07586489 0.02904915
v -0.02440538 -0.07593507 0.02907810
v -0.02442748 -0.07599443 0.02912415
v -0.02445095 -0.07603894 0.02918418
v -0.02447420 -0.07606552 0.02925407
v -0.02449564 -0.07607241 0.02932908
v -0.02545859 -0.07587574 0.02905000
v -0.02545097 -0.07582866 0.02898787
v -0.02544104 -0.07576733 0.02894019
v -0.02542947 -0.07569590 0.02891022
v -0.02541705 -0.07561927 0.02890000
v -0.02617082 -0.07580108 0.02929398
v -0.02645257 -0.07574511 0.02925407
v -0.02646624 -0.07571252 0.02918418
v -0.02647447 -0.07566289 0.02912415
v -0.02647669 -0.07559959 0.02907810
v -0.02744199 -0.07544324 0.02948245
v -0.02742843 -0.07550838 0.02952375
v -0.02740543 -0.07556041 0.02957759
v -0.02827135 -0.07530893 0.03012577
v -0.02824805 -0.07537564 0.03015952
v -0.02821235 -0.07542971 0.03020351
v -0.02890843 -0.07520573 0.03096435
v -0.02887764 -0.07527366 0.03098826
v -0.02883220 -0.07532933 0.03101941
v -0.02877519 -0.07536892 0.03105569
v -0.02871051 -0.07538974 0.03109462
v -0.02930994 -0.07514070 0.03194124
v -0.02927444 -0.07520940 0.03195367
v -0.02922285 -0.07526606 0.03196987
v -0.02944861 -0.07511824 0.03299005
v -0.02941148 -0.07518721 0.03299016
v -0.02935777 -0.07524419 0.03299032
v -0.02931502 -0.07513988 0.03403953
v -0.02927946 -0.07520858 0.03402733
v -0.02922779 -0.07526525 0.03401142
v -0.02916354 -0.07530603 0.03399289
v -0.02915575 -0.07531763 0.03346500
v -0.02891824 -0.07520414 0.03501840
v -0.02888734 -0.07527209 0.03499470
v -0.02884174 -0.07532777 0.03496381
v -0.02828523 -0.07530667 0.03586014
v -0.02826176 -0.07537342 0.03582655
v -0.02822586 -0.07542753 0.03578278
v -0.02817996 -0.07546532 0.03573181
v -0.02812720 -0.07548423 0.03567710
v -0.02745899 -0.07544049 0.03650757
v -0.02744523 -0.07550566 0.03646638
v -0.02742197 -0.07555774 0.03641270
v -0.02739080 -0.07559314 0.03635019
v -0.02735384 -0.07560949 0.03628310
v -0.02648212 -0.07544677 0.03695549
v -0.02649188 -0.07552385 0.03694562
v -0.02649566 -0.07559652 0.03691671
v -0.02649321 -0.07565985 0.03687071
v -0.02648469 -0.07570954 0.03681077
v -0.02451152 -0.07606984 0.03624118
v -0.02458392 -0.07604776 0.03626128
v -0.02467488 -0.07603302 0.03603882
v -0.02464812 -0.07600699 0.03628000
v -0.02473194 -0.07599341 0.03607500
v -0.02469974 -0.07595034 0.03629608
v -0.02477744 -0.07593776 0.03610606
v -0.02473526 -0.07588164 0.03630842
v -0.02480826 -0.07586982 0.03612990
v -0.02593094 -0.07553602 0.03603840
v -0.02601548 -0.07552233 0.03615000
v -0.02603663 -0.07559758 0.03614489
v -0.02474780 -0.07572766 0.03633270
v -0.02474961 -0.07572737 0.03631883
v -0.02475227 -0.07580558 0.03631618
v -0.02480805 -0.07571789 0.03617589
v -0.02482231 -0.07579425 0.03614489
v -0.02481863 -0.07571618 0.03615000
v -0.02490317 -0.07570250 0.03603840
v -0.02493373 -0.07577620 0.03599779
v -0.02492845 -0.07569839 0.03600502
v -0.02507893 -0.07575268 0.03588493
v -0.02502759 -0.07568235 0.03592796
v -0.02507156 -0.07567521 0.03589378
v -0.02524801 -0.07572529 0.03581398
v -0.02517417 -0.07565860 0.03585073
v -0.02523821 -0.07564822 0.03582385
v -0.02542947 -0.07569590 0.03578977
v -0.02533453 -0.07563263 0.03581101
v -0.02541705 -0.07561927 0.03580000
v -0.02549958 -0.07560589 0.03581101
v -0.02561092 -0.07566652 0.03581398
v -0.02559590 -0.07559031 0.03582385
v -0.02565994 -0.07557992 0.03585073
v -0.02578001 -0.07563913 0.03588493
v -0.02590566 -0.07554013 0.03600502
v -0.02592521 -0.07561561 0.03599779
v -0.02580652 -0.07555619 0.03592796
v -0.02576255 -0.07556330 0.03589378
v -0.02610805 -0.07550734 0.03650000
v -0.02612735 -0.07557167 0.03650000
v -0.02608631 -0.07551086 0.03633270
v -0.02610667 -0.07558622 0.03631618
v -0.02608451 -0.07551115 0.03631883
v -0.02602606 -0.07552063 0.03617589
v -0.02492438 -0.07585102 0.03597660
v -0.02507570 -0.07582650 0.03585897
v -0.02525193 -0.07579795 0.03578503
v -0.02544104 -0.07576733 0.03575981
v -0.02563015 -0.07573671 0.03578503
v -0.02580637 -0.07570816 0.03585897
v -0.02595770 -0.07568365 0.03597660
v -0.02613056 -0.07558236 0.03650000
v -0.02615997 -0.07562999 0.03650000
v -0.02614681 -0.07565303 0.03630842
v -0.02490103 -0.07591774 0.03594289
v -0.02506211 -0.07589165 0.03581769
v -0.02524968 -0.07586126 0.03573898
v -0.02545097 -0.07582866 0.03571213
v -0.02565226 -0.07579605 0.03573898
v -0.02583984 -0.07576568 0.03581769
v -0.02600091 -0.07573960 0.03594289
v -0.02617171 -0.07564899 0.03650000
v -0.02620429 -0.07567968 0.03650000
v -0.02620220 -0.07570698 0.03629608
v -0.02486528 -0.07597181 0.03589896
v -0.02503906 -0.07594368 0.03576388
v -0.02524143 -0.07591090 0.03567896
v -0.02545859 -0.07587574 0.03565000
v -0.02567576 -0.07584056 0.03567896
v -0.02587813 -0.07580777 0.03576388
v -0.02605190 -0.07577964 0.03589896
v -0.02622871 -0.07570269 0.03650000
v -0.02625824 -0.07571860 0.03650000
v -0.02626907 -0.07574446 0.03628000
v -0.02481957 -0.07600959 0.03584780
v -0.02500814 -0.07597905 0.03570122
v -0.02522773 -0.07594347 0.03560907
v -0.02546338 -0.07590532 0.03557765
v -0.02569904 -0.07586715 0.03560907
v -0.02591863 -0.07583158 0.03570122
v -0.02610720 -0.07580104 0.03584780
v -0.02607382 -0.07566484 0.03612990
v -0.02612451 -0.07571957 0.03610606
v -0.02618524 -0.07575804 0.03607500
v -0.02625189 -0.07577761 0.03603882
v -0.02634285 -0.07576287 0.03626128
v -0.02617082 -0.07580108 0.03580318
v -0.02616303 -0.07580234 0.03579290
v -0.02595859 -0.07583545 0.03563397
v -0.02572051 -0.07587403 0.03553407
v -0.02546502 -0.07591540 0.03550000
v -0.02520953 -0.07595678 0.03553407
v -0.02497145 -0.07599533 0.03563397
v -0.02476701 -0.07602845 0.03579290
v -0.02475922 -0.07602971 0.03580318
v -0.02461013 -0.07605387 0.03600000
v -0.02631991 -0.07577694 0.03600000
v -0.02629766 -0.07573983 0.03650000
v -0.02631940 -0.07574496 0.03650000
v -0.02637388 -0.07575785 0.03650000
v -0.02638502 -0.07575751 0.03650000
v -0.02640280 -0.07576352 0.03620273
v -0.02641852 -0.07576097 0.03624118
v -0.02645216 -0.07575553 0.03650000
v -0.02639135 -0.07575502 0.03671542
v -0.02640400 -0.07575296 0.03672777
v -0.02636174 -0.07554491 0.03695046
v -0.02634740 -0.07546857 0.03696049
v -0.02641505 -0.07545762 0.03696586
v -0.02629928 -0.07555503 0.03693034
v -0.02628273 -0.07547905 0.03693967
v -0.02619579 -0.07557180 0.03685027
v -0.02617559 -0.07549640 0.03685677
v -0.02622444 -0.07548849 0.03690447
v -0.02610805 -0.07550734 0.03666606
v -0.02611582 -0.07550608 0.03673434
v -0.02612735 -0.07557167 0.03666606
v -0.02613806 -0.07558113 0.03673202
v -0.02613056 -0.07558236 0.03666606
v -0.02613874 -0.07550238 0.03679905
v -0.02616020 -0.07557756 0.03679452
v -0.02619828 -0.07564468 0.03678123
v -0.02615997 -0.07562999 0.03666606
v -0.02617844 -0.07564789 0.03672520
v -0.02617171 -0.07564899 0.03666606
v -0.02623420 -0.07570182 0.03671434
v -0.02642709 -0.07553434 0.03695564
v -0.02643757 -0.07560592 0.03692569
v -0.02637899 -0.07561541 0.03692105
v -0.02639795 -0.07567528 0.03687425
v -0.02635222 -0.07568270 0.03685953
v -0.02631940 -0.07574496 0.03666606
v -0.02629766 -0.07573983 0.03666606
v -0.02630155 -0.07573919 0.03670020
v -0.02625040 -0.07569918 0.03676010
v -0.02623020 -0.07563951 0.03683122
v -0.02624298 -0.07556414 0.03689635
v -0.02625824 -0.07571860 0.03666606
v -0.02622871 -0.07570269 0.03666606
v -0.02620429 -0.07567968 0.03666606
v -0.02638500 -0.07572568 0.03680286
v -0.02635585 -0.07573040 0.03678527
v -0.02627250 -0.07563266 0.03687253
v -0.02627646 -0.07569497 0.03680091
v -0.02631300 -0.07573735 0.03673255
v -0.02637589 -0.07575751 0.03668373
v -0.02641909 -0.07575051 0.03673688
v -0.02641733 -0.07572045 0.03681328
v -0.02643582 -0.07574781 0.03674227
v -0.02644578 -0.07566755 0.03687805
v -0.02645116 -0.07571496 0.03681596
v -0.02645333 -0.07574498 0.03674365
v -0.02638502 -0.07575751 0.03666606
v -0.02637388 -0.07575785 0.03666606
v -0.02632299 -0.07562448 0.03690301
v -0.02631101 -0.07568937 0.03683464
v -0.02633143 -0.07573436 0.03676141
v -0.02638182 -0.07575656 0.03670048
v -0.02622871 -0.07570269 0.03650000
v -0.02409487 -0.07583342 0.03585807
v -0.02421948 -0.07611713 0.03614785
v -0.02417820 -0.07581990 0.03582311
v -0.02437423 -0.07609208 0.03608292
v -0.02424975 -0.07580832 0.03576749
v -0.02450712 -0.07607054 0.03597962
v -0.02430466 -0.07579943 0.03569500
v -0.02460909 -0.07605403 0.03584500
v -0.02433917 -0.07579383 0.03561059
v -0.02467319 -0.07604364 0.03568823
v -0.02435095 -0.07579193 0.03552000
v -0.02469505 -0.07604011 0.03552000
v -0.02433917 -0.07579383 0.03542941
v -0.02467319 -0.07604364 0.03535177
v -0.02430466 -0.07579943 0.03534500
v -0.02460909 -0.07605403 0.03519500
v -0.02424975 -0.07580832 0.03527251
v -0.02450712 -0.07607054 0.03506038
v -0.02417820 -0.07581990 0.03521689
v -0.02437423 -0.07609208 0.03495708
v -0.02409487 -0.07583342 0.03518192
v -0.02421948 -0.07611713 0.03489215
v -0.02400545 -0.07584790 0.03517000
v -0.02405341 -0.07614403 0.03487000
v -0.02391603 -0.07586238 0.03518192
v -0.02388735 -0.07617092 0.03489215
v -0.02383270 -0.07587587 0.03521689
v -0.02373260 -0.07619600 0.03495708
v -0.02376115 -0.07588746 0.03527251
v -0.02359971 -0.07621751 0.03506038
v -0.02370624 -0.07589635 0.03534500
v -0.02349774 -0.07623404 0.03519500
v -0.02367173 -0.07590194 0.03542941
v -0.02343364 -0.07624441 0.03535177
v -0.02365995 -0.07590384 0.03552000
v -0.02341178 -0.07624795 0.03552000
v -0.02367173 -0.07590194 0.03561059
v -0.02343364 -0.07624441 0.03568823
v -0.02370624 -0.07589635 0.03569500
v -0.02349774 -0.07623404 0.03584500
v -0.02376115 -0.07588746 0.03576749
v -0.02359971 -0.07621751 0.03597962
v -0.02383270 -0.07587587 0.03582311
v -0.02373260 -0.07619600 0.03608292
v -0.02391603 -0.07586238 0.03585807
v -0.02388735 -0.07617092 0.03614785
v -0.02400545 -0.07584790 0.03587000
v -0.02405341 -0.07614403 0.03617000
v -0.02269198 -0.07606063 0.03379193
v -0.02263194 -0.07637426 0.03351531
v -0.02260865 -0.07607412 0.03382689
v -0.02250855 -0.07639424 0.03356708
v -0.02253710 -0.07608571 0.03388251
v -0.02237566 -0.07641578 0.03367038
v -0.02248219 -0.07609460 0.03395500
v -0.02227369 -0.07643229 0.03380500
v -0.02244768 -0.07610019 0.03403941
v -0.02220959 -0.07644266 0.03396177
v -0.02243590 -0.07610210 0.03413000
v -0.02218773 -0.07644620 0.03413000
v -0.02244768 -0.07610019 0.03422059
v -0.02220959 -0.07644266 0.03429823
v -0.02248219 -0.07609460 0.03430500
v -0.02227369 -0.07643229 0.03445500
v -0.02253710 -0.07608571 0.03437749
v -0.02237566 -0.07641578 0.03458962
v -0.02260865 -0.07607412 0.03443311
v -0.02308061 -0.07599768 0.03395500
v -0.02337476 -0.07625396 0.03379143
v -0.02302571 -0.07600657 0.03388251
v -0.02328307 -0.07626879 0.03367038
v -0.02295415 -0.07601816 0.03382689
v -0.02315019 -0.07629032 0.03356708
v -0.02287082 -0.07603167 0.03379193
v -0.02299543 -0.07631540 0.03350215
v -0.02278140 -0.07604615 0.03378000
v -0.02282937 -0.07634228 0.03348000
v -0.02266330 -0.07636917 0.03350215
v -0.02302571 -0.07600657 0.03437749
v -0.02337476 -0.07625396 0.03446857
v -0.02308061 -0.07599768 0.03430500
v -0.02338504 -0.07625228 0.03445500
v -0.02311513 -0.07599209 0.03422059
v -0.02344914 -0.07624190 0.03429823
v -0.02312690 -0.07599018 0.03413000
v -0.02347100 -0.07623836 0.03413000
v -0.02311513 -0.07599209 0.03403941
v -0.02344914 -0.07624190 0.03396177
v -0.02338504 -0.07625228 0.03380500
v -0.02250855 -0.07639424 0.03469292
v -0.02263194 -0.07637426 0.03474469
v -0.02269198 -0.07606063 0.03446807
v -0.02266330 -0.07636917 0.03475785
v -0.02278140 -0.07604615 0.03448000
v -0.02282937 -0.07634228 0.03478000
v -0.02287082 -0.07603167 0.03446807
v -0.02299543 -0.07631540 0.03475785
v -0.02295415 -0.07601816 0.03443311
v -0.02315019 -0.07629032 0.03469292
v -0.02328307 -0.07626879 0.03458962
v -0.02264814 -0.07606774 0.03191000
v -0.02263194 -0.07637426 0.03161856
v -0.02255872 -0.07608221 0.03192193
v -0.02253004 -0.07639077 0.03163215
v -0.02247539 -0.07609571 0.03195689
v -0.02237528 -0.07641584 0.03169708
v -0.02240384 -0.07610730 0.03201251
v -0.02224240 -0.07643735 0.03180038
v -0.02234893 -0.07611618 0.03208500
v -0.02214043 -0.07645388 0.03193500
v -0.02231441 -0.07612178 0.03216941
v -0.02207633 -0.07646424 0.03209177
v -0.02230264 -0.07612368 0.03226000
v -0.02205447 -0.07646778 0.03226000
v -0.02231441 -0.07612178 0.03235058
v -0.02207633 -0.07646424 0.03242823
v -0.02234893 -0.07611618 0.03243500
v -0.02214043 -0.07645388 0.03258500
v -0.02240384 -0.07610730 0.03250749
v -0.02224240 -0.07643735 0.03271962
v -0.02247539 -0.07609571 0.03256311
v -0.02237528 -0.07641584 0.03282292
v -0.02255872 -0.07608221 0.03259807
v -0.02253004 -0.07639077 0.03288785
v -0.02263194 -0.07637426 0.03290144
v -0.02264814 -0.07606774 0.03261000
v -0.02269610 -0.07636386 0.03291000
v -0.02273756 -0.07605324 0.03259807
v -0.02286217 -0.07633697 0.03288785
v -0.02282089 -0.07603975 0.03256311
v -0.02301692 -0.07631192 0.03282292
v -0.02289244 -0.07602816 0.03250749
v -0.02314981 -0.07629039 0.03271962
v -0.02294735 -0.07601926 0.03243500
v -0.02325178 -0.07627388 0.03258500
v -0.02298186 -0.07601368 0.03235058
v -0.02331588 -0.07626348 0.03242823
v -0.02299364 -0.07601178 0.03226000
v -0.02333774 -0.07625994 0.03226000
v -0.02298186 -0.07601368 0.03216941
v -0.02331588 -0.07626348 0.03209177
v -0.02294735 -0.07601926 0.03208500
v -0.02325178 -0.07627388 0.03193500
v -0.02289244 -0.07602816 0.03201251
v -0.02314981 -0.07629039 0.03180038
v -0.02282089 -0.07603975 0.03195689
v -0.02301692 -0.07631192 0.03169708
v -0.02273756 -0.07605324 0.03192193
v -0.02286217 -0.07633697 0.03163215
v -0.02269610 -0.07636386 0.03161000
v -0.02464709 -0.07574396 0.03214689
v -0.02475922 -0.07602971 0.03185188
v -0.02456376 -0.07575747 0.03211192
v -0.02468837 -0.07604119 0.03182215
v -0.02447434 -0.07577195 0.03210000
v -0.02452231 -0.07606810 0.03180000
v -0.02438492 -0.07578643 0.03211192
v -0.02435624 -0.07609498 0.03182215
v -0.02430159 -0.07579992 0.03214689
v -0.02420149 -0.07612004 0.03188709
v -0.02423004 -0.07581153 0.03220251
v -0.02406860 -0.07614157 0.03199038
v -0.02417513 -0.07582042 0.03227500
v -0.02396663 -0.07615808 0.03212500
v -0.02414062 -0.07582599 0.03235941
v -0.02390253 -0.07616848 0.03228177
v -0.02412884 -0.07582791 0.03245000
v -0.02388067 -0.07617202 0.03245000
v -0.02414062 -0.07582599 0.03254058
v -0.02390253 -0.07616848 0.03261823
v -0.02417513 -0.07582042 0.03262500
v -0.02396663 -0.07615808 0.03277500
v -0.02423004 -0.07581153 0.03269749
v -0.02464709 -0.07574396 0.03275311
v -0.02485331 -0.07601448 0.03300500
v -0.02471864 -0.07573239 0.03269749
v -0.02497601 -0.07599460 0.03290962
v -0.02477355 -0.07572348 0.03262500
v -0.02507798 -0.07597809 0.03277500
v -0.02480806 -0.07571789 0.03254058
v -0.02514208 -0.07596770 0.03261823
v -0.02481984 -0.07571598 0.03245000
v -0.02516394 -0.07596416 0.03245000
v -0.02480806 -0.07571789 0.03235941
v -0.02514208 -0.07596770 0.03228177
v -0.02477355 -0.07572348 0.03227500
v -0.02507798 -0.07597809 0.03212500
v -0.02471864 -0.07573239 0.03220251
v -0.02497601 -0.07599460 0.03199038
v -0.02484312 -0.07601612 0.03188709
v -0.02456376 -0.07575747 0.03278807
v -0.02475922 -0.07602971 0.03304812
v -0.02484312 -0.07601612 0.03301292
v -0.02406860 -0.07614157 0.03290962
v -0.02419130 -0.07612170 0.03300500
v -0.02430159 -0.07579992 0.03275311
v -0.02420149 -0.07612004 0.03301292
v -0.02438492 -0.07578643 0.03278807
v -0.02435624 -0.07609498 0.03307785
v -0.02447434 -0.07577195 0.03280000
v -0.02452231 -0.07606810 0.03310000
v -0.02468837 -0.07604119 0.03307785
v -0.02349707 -0.07593023 0.03039689
v -0.02337476 -0.07625396 0.03015435
v -0.02342552 -0.07594182 0.03045251
v -0.02326408 -0.07627188 0.03024038
v -0.02337062 -0.07595071 0.03052500
v -0.02316211 -0.07628839 0.03037500
v -0.02333610 -0.07595629 0.03060941
v -0.02309801 -0.07629877 0.03053177
v -0.02332433 -0.07595820 0.03070000
v -0.02307615 -0.07630231 0.03070000
v -0.02333610 -0.07595629 0.03079059
v -0.02309801 -0.07629877 0.03086823
v -0.02337062 -0.07595071 0.03087500
v -0.02316211 -0.07628839 0.03102500
v -0.02342552 -0.07594182 0.03094749
v -0.02326408 -0.07627188 0.03115962
v -0.02337476 -0.07625396 0.03124565
v -0.02349707 -0.07593023 0.03100311
v -0.02339697 -0.07625035 0.03126292
v -0.02358040 -0.07591674 0.03103808
v -0.02355172 -0.07622528 0.03132785
v -0.02366983 -0.07590226 0.03105000
v -0.02371779 -0.07619839 0.03135000
v -0.02375925 -0.07588778 0.03103808
v -0.02388386 -0.07617150 0.03132785
v -0.02384257 -0.07587426 0.03100311
v -0.02403861 -0.07614643 0.03126292
v -0.02391413 -0.07586268 0.03094749
v -0.02417149 -0.07612490 0.03115962
v -0.02396903 -0.07585379 0.03087500
v -0.02427346 -0.07610839 0.03102500
v -0.02400355 -0.07584819 0.03079059
v -0.02433757 -0.07609800 0.03086823
v -0.02401532 -0.07584629 0.03070000
v -0.02435943 -0.07609447 0.03070000
v -0.02400355 -0.07584819 0.03060941
v -0.02433757 -0.07609800 0.03053177
v -0.02396903 -0.07585379 0.03052500
v -0.02427346 -0.07610839 0.03037500
v -0.02391413 -0.07586268 0.03045251
v -0.02417149 -0.07612490 0.03024038
v -0.02384257 -0.07587426 0.03039689
v -0.02403861 -0.07614643 0.03013708
v -0.02375925 -0.07588778 0.03036193
v -0.02388386 -0.07617150 0.03007215
v -0.02366983 -0.07590226 0.03035000
v -0.02371779 -0.07619839 0.03005000
v -0.02358040 -0.07591674 0.03036193
v -0.02355172 -0.07622528 0.03007215
v -0.02339697 -0.07625035 0.03013708
v -0.02541705 -0.07561927 0.03375000
v -0.02550648 -0.07560479 0.03376192
v -0.02557749 -0.07589718 0.03346500
v -0.02546502 -0.07591540 0.03345000
v -0.02535255 -0.07593362 0.03346500
v -0.02532763 -0.07563375 0.03376192
v -0.02529895 -0.07594229 0.03347214
v -0.02524431 -0.07564724 0.03379689
v -0.02514420 -0.07596737 0.03353708
v -0.02517275 -0.07565882 0.03385251
v -0.02501131 -0.07598890 0.03364038
v -0.02511784 -0.07566772 0.03392500
v -0.02490934 -0.07600541 0.03377500
v -0.02508333 -0.07567331 0.03400941
v -0.02484524 -0.07601578 0.03393177
v -0.02507156 -0.07567521 0.03410000
v -0.02482338 -0.07601932 0.03410000
v -0.02508333 -0.07567331 0.03419058
v -0.02484524 -0.07601578 0.03426823
v -0.02511784 -0.07566772 0.03427500
v -0.02490934 -0.07600541 0.03442500
v -0.02517275 -0.07565882 0.03434748
v -0.02501131 -0.07598890 0.03455962
v -0.02524431 -0.07564724 0.03440311
v -0.02514420 -0.07596737 0.03466292
v -0.02532763 -0.07563375 0.03443807
v -0.02529895 -0.07594229 0.03472785
v -0.02541705 -0.07561927 0.03445000
v -0.02546502 -0.07591540 0.03475000
v -0.02550648 -0.07560479 0.03443807
v -0.02563109 -0.07588850 0.03472785
v -0.02558980 -0.07559127 0.03440311
v -0.02578584 -0.07586345 0.03466292
v -0.02566136 -0.07557969 0.03434748
v -0.02591873 -0.07584191 0.03455962
v -0.02571627 -0.07557080 0.03427500
v -0.02602070 -0.07582540 0.03442500
v -0.02575078 -0.07556520 0.03419058
v -0.02608479 -0.07581502 0.03426823
v -0.02576255 -0.07556330 0.03410000
v -0.02610666 -0.07581148 0.03410000
v -0.02575078 -0.07556520 0.03400941
v -0.02608479 -0.07581502 0.03393177
v -0.02571627 -0.07557080 0.03392500
v -0.02602070 -0.07582540 0.03377500
v -0.02566136 -0.07557969 0.03385251
v -0.02591873 -0.07584191 0.03364038
v -0.02558980 -0.07559127 0.03379689
v -0.02578584 -0.07586345 0.03353708
v -0.02563109 -0.07588850 0.03347214
v -0.02571627 -0.07557080 0.02992500
v -0.02600176 -0.07582846 0.02975000
v -0.02566136 -0.07557969 0.02985251
v -0.02591873 -0.07584191 0.02964038
v -0.02558980 -0.07559127 0.02979689
v -0.02578584 -0.07586345 0.02953708
v -0.02550648 -0.07560479 0.02976193
v -0.02563109 -0.07588850 0.02947215
v -0.02541705 -0.07561927 0.02975000
v -0.02546502 -0.07591540 0.02945000
v -0.02532763 -0.07563375 0.02976193
v -0.02529895 -0.07594229 0.02947215
v -0.02524431 -0.07564724 0.02979689
v -0.02514420 -0.07596737 0.02953708
v -0.02517275 -0.07565882 0.02985251
v -0.02501131 -0.07598890 0.02964038
v -0.02492828 -0.07600233 0.02975000
v -0.02511784 -0.07566772 0.02992500
v -0.02490934 -0.07600541 0.02977500
v -0.02508333 -0.07567331 0.03000941
v -0.02484524 -0.07601578 0.02993177
v -0.02507156 -0.07567521 0.03010000
v -0.02482338 -0.07601932 0.03010000
v -0.02508333 -0.07567331 0.03019059
v -0.02484524 -0.07601578 0.03026823
v -0.02511784 -0.07566772 0.03027500
v -0.02490934 -0.07600541 0.03042500
v -0.02517275 -0.07565882 0.03034749
v -0.02501131 -0.07598890 0.03055962
v -0.02524431 -0.07564724 0.03040311
v -0.02514420 -0.07596737 0.03066292
v -0.02532763 -0.07563375 0.03043807
v -0.02529895 -0.07594229 0.03072785
v -0.02541705 -0.07561927 0.03045000
v -0.02546502 -0.07591540 0.03075000
v -0.02550648 -0.07560479 0.03043807
v -0.02563109 -0.07588850 0.03072785
v -0.02558980 -0.07559127 0.03040311
v -0.02578584 -0.07586345 0.03066292
v -0.02566136 -0.07557969 0.03034749
v -0.02591873 -0.07584191 0.03055962
v -0.02571627 -0.07557080 0.03027500
v -0.02602070 -0.07582540 0.03042500
v -0.02575078 -0.07556520 0.03019059
v -0.02608479 -0.07581502 0.03026823
v -0.02576255 -0.07556330 0.03010000
v -0.02610666 -0.07581148 0.03010000
v -0.02575078 -0.07556520 0.03000941
v -0.02608479 -0.07581502 0.02993177
v -0.02602070 -0.07582540 0.02977500
v -0.02658436 -0.07543019 0.03527251
v -0.02640280 -0.07576352 0.03508694
v -0.02652945 -0.07543909 0.03534500
v -0.02632095 -0.07577678 0.03519500
v -0.02649494 -0.07544468 0.03542941
v -0.02625685 -0.07578715 0.03535177
v -0.02648316 -0.07544659 0.03552000
v -0.02623499 -0.07579069 0.03552000
v -0.02649494 -0.07544468 0.03561059
v -0.02625685 -0.07578715 0.03568823
v -0.02652945 -0.07543909 0.03569500
v -0.02707296 -0.07535106 0.03527251
v -0.02725420 -0.07562561 0.03500120
v -0.02700141 -0.07536265 0.03521689
v -0.02719744 -0.07563481 0.03495708
v -0.02691808 -0.07537614 0.03518192
v -0.02704269 -0.07565989 0.03489215
v -0.02682866 -0.07539064 0.03517000
v -0.02687662 -0.07568677 0.03487000
v -0.02673924 -0.07540512 0.03518192
v -0.02671055 -0.07571366 0.03489215
v -0.02665591 -0.07541861 0.03521689
v -0.02655581 -0.07573873 0.03495708
v -0.02642292 -0.07576027 0.03506038
v -0.02700141 -0.07536265 0.03582311
v -0.02725420 -0.07562561 0.03603879
v -0.02707296 -0.07535106 0.03576749
v -0.02733033 -0.07561328 0.03597962
v -0.02712787 -0.07534217 0.03569500
v -0.02743230 -0.07559677 0.03584500
v -0.02716238 -0.07533658 0.03561059
v -0.02749640 -0.07558639 0.03568823
v -0.02717416 -0.07533467 0.03552000
v -0.02751826 -0.07558284 0.03552000
v -0.02716238 -0.07533658 0.03542941
v -0.02749640 -0.07558639 0.03535177
v -0.02712787 -0.07534217 0.03534500
v -0.02743230 -0.07559677 0.03519500
v -0.02733033 -0.07561328 0.03506038
v -0.02632095 -0.07577678 0.03584500
v -0.02640280 -0.07576352 0.03595306
v -0.02658436 -0.07543019 0.03576749
v -0.02642292 -0.07576027 0.03597962
v -0.02665591 -0.07541861 0.03582311
v -0.02655581 -0.07573873 0.03608292
v -0.02673924 -0.07540512 0.03585807
v -0.02671055 -0.07571366 0.03614785
v -0.02682866 -0.07539064 0.03587000
v -0.02687662 -0.07568677 0.03617000
v -0.02691808 -0.07537614 0.03585807
v -0.02704269 -0.07565989 0.03614785
v -0.02719744 -0.07563481 0.03608292
v -0.02814213 -0.07517789 0.03446807
v -0.02826674 -0.07546162 0.03475785
v -0.02822546 -0.07516439 0.03443311
v -0.02842149 -0.07543657 0.03469292
v -0.02829701 -0.07515281 0.03437749
v -0.02855438 -0.07541504 0.03458962
v -0.02835192 -0.07514392 0.03430500
v -0.02865635 -0.07539853 0.03445500
v -0.02838643 -0.07513832 0.03422059
v -0.02872045 -0.07538813 0.03429823
v -0.02839821 -0.07513642 0.03413000
v -0.02874231 -0.07538459 0.03413000
v -0.02838643 -0.07513832 0.03403941
v -0.02872045 -0.07538813 0.03396177
v -0.02835192 -0.07514392 0.03395500
v -0.02865635 -0.07539853 0.03380500
v -0.02829701 -0.07515281 0.03388251
v -0.02855438 -0.07541504 0.03367038
v -0.02822546 -0.07516439 0.03382689
v -0.02842149 -0.07543657 0.03356708
v -0.02814213 -0.07517789 0.03379193
v -0.02826674 -0.07546162 0.03350215
v -0.02805271 -0.07519237 0.03378000
v -0.02810067 -0.07548852 0.03348000
v -0.02796329 -0.07520687 0.03379193
v -0.02793461 -0.07551541 0.03350215
v -0.02787996 -0.07522036 0.03382689
v -0.02777985 -0.07554049 0.03356708
v -0.02780841 -0.07523194 0.03388251
v -0.02764697 -0.07556200 0.03367038
v -0.02775350 -0.07524084 0.03395500
v -0.02754500 -0.07557853 0.03380500
v -0.02771898 -0.07524643 0.03403941
v -0.02748090 -0.07558890 0.03396177
v -0.02770721 -0.07524833 0.03413000
v -0.02745903 -0.07559244 0.03413000
v -0.02771898 -0.07524643 0.03422059
v -0.02748090 -0.07558890 0.03429823
v -0.02775350 -0.07524084 0.03430500
v -0.02754500 -0.07557853 0.03445500
v -0.02780841 -0.07523194 0.03437749
v -0.02764697 -0.07556200 0.03458962
v -0.02787996 -0.07522036 0.03443311
v -0.02777985 -0.07554049 0.03469292
v -0.02796329 -0.07520687 0.03446807
v -0.02793461 -0.07551541 0.03475785
v -0.02805271 -0.07519237 0.03448000
v -0.02810067 -0.07548852 0.03478000
v -0.02827539 -0.07515631 0.03259807
v -0.02840000 -0.07544004 0.03288785
v -0.02835872 -0.07514281 0.03256311
v -0.02855476 -0.07541497 0.03282292
v -0.02843028 -0.07513124 0.03250749
v -0.02868764 -0.07539345 0.03271962
v -0.02848518 -0.07512233 0.03243500
v -0.02878961 -0.07537693 0.03258500
v -0.02851970 -0.07511674 0.03235058
v -0.02885371 -0.07536655 0.03242823
v -0.02853147 -0.07511483 0.03226000
v -0.02887557 -0.07536300 0.03226000
v -0.02851970 -0.07511674 0.03216941
v -0.02885371 -0.07536655 0.03209177
v -0.02848518 -0.07512233 0.03208500
v -0.02878961 -0.07537693 0.03193500
v -0.02843028 -0.07513124 0.03201251
v -0.02868764 -0.07539345 0.03180038
v -0.02835872 -0.07514281 0.03195689
v -0.02855476 -0.07541497 0.03169708
v -0.02827539 -0.07515631 0.03192193
v -0.02840000 -0.07544004 0.03163215
v -0.02818597 -0.07517080 0.03191000
v -0.02823394 -0.07546695 0.03161000
v -0.02809655 -0.07518528 0.03192193
v -0.02806787 -0.07549383 0.03163215
v -0.02801322 -0.07519877 0.03195689
v -0.02791312 -0.07551889 0.03169708
v -0.02794167 -0.07521036 0.03201251
v -0.02778023 -0.07554042 0.03180038
v -0.02788676 -0.07521926 0.03208500
v -0.02767826 -0.07555693 0.03193500
v -0.02785225 -0.07522484 0.03216941
v -0.02761416 -0.07556733 0.03209177
v -0.02784048 -0.07522676 0.03226000
v -0.02759230 -0.07557087 0.03226000
v -0.02785225 -0.07522484 0.03235058
v -0.02761416 -0.07556733 0.03242823
v -0.02788676 -0.07521926 0.03243500
v -0.02767826 -0.07555693 0.03258500
v -0.02794167 -0.07521036 0.03250749
v -0.02778023 -0.07554042 0.03271962
v -0.02801322 -0.07519877 0.03256311
v -0.02791312 -0.07551889 0.03282292
v -0.02809655 -0.07518528 0.03259807
v -0.02806787 -0.07549383 0.03288785
v -0.02818597 -0.07517080 0.03261000
v -0.02823394 -0.07546695 0.03291000
v -0.02617082 -0.07580108 0.03304812
v -0.02627035 -0.07548105 0.03278807
v -0.02618702 -0.07549456 0.03275311
v -0.02611547 -0.07550615 0.03269749
v -0.02607673 -0.07581633 0.03300500
v -0.02608692 -0.07581469 0.03301292
v -0.02627035 -0.07548105 0.03211192
v -0.02617082 -0.07580108 0.03185188
v -0.02618702 -0.07549456 0.03214689
v -0.02608692 -0.07581469 0.03188709
v -0.02611547 -0.07550615 0.03220251
v -0.02595403 -0.07583620 0.03199038
v -0.02606056 -0.07551503 0.03227500
v -0.02585206 -0.07585271 0.03212500
v -0.02602605 -0.07552063 0.03235941
v -0.02578796 -0.07586309 0.03228177
v -0.02601427 -0.07552253 0.03245000
v -0.02576609 -0.07586663 0.03245000
v -0.02602605 -0.07552063 0.03254058
v -0.02578796 -0.07586309 0.03261823
v -0.02606056 -0.07551503 0.03262500
v -0.02585206 -0.07585271 0.03277500
v -0.02595403 -0.07583620 0.03290962
v -0.02635977 -0.07546657 0.03210000
v -0.02640280 -0.07576352 0.03180066
v -0.02624167 -0.07578962 0.03182215
v -0.02653252 -0.07543859 0.03275311
v -0.02673874 -0.07570910 0.03300500
v -0.02660407 -0.07542701 0.03269749
v -0.02686144 -0.07568924 0.03290962
v -0.02665898 -0.07541812 0.03262500
v -0.02696341 -0.07567271 0.03277500
v -0.02669350 -0.07541252 0.03254058
v -0.02702751 -0.07566233 0.03261823
v -0.02670527 -0.07541063 0.03245000
v -0.02704937 -0.07565879 0.03245000
v -0.02669350 -0.07541252 0.03235941
v -0.02702751 -0.07566233 0.03228177
v -0.02665898 -0.07541812 0.03227500
v -0.02696341 -0.07567271 0.03212500
v -0.02660407 -0.07542701 0.03220251
v -0.02686144 -0.07568924 0.03199038
v -0.02653252 -0.07543859 0.03214689
v -0.02672855 -0.07571077 0.03188709
v -0.02644919 -0.07545208 0.03211192
v -0.02657380 -0.07573582 0.03182215
v -0.02640773 -0.07576271 0.03180000
v -0.02624167 -0.07578962 0.03307785
v -0.02640280 -0.07576352 0.03309934
v -0.02635977 -0.07546657 0.03280000
v -0.02640773 -0.07576271 0.03310000
v -0.02644919 -0.07545208 0.03278807
v -0.02657380 -0.07573582 0.03307785
v -0.02672855 -0.07571077 0.03301292
v -0.02725371 -0.07532178 0.03036193
v -0.02725420 -0.07562561 0.03005560
v -0.02716429 -0.07533628 0.03035000
v -0.02721225 -0.07563241 0.03005000
v -0.02707486 -0.07535076 0.03036193
v -0.02704618 -0.07565931 0.03007215
v -0.02699154 -0.07536425 0.03039689
v -0.02689143 -0.07568438 0.03013708
v -0.02691998 -0.07537584 0.03045251
v -0.02675854 -0.07570591 0.03024038
v -0.02686508 -0.07538473 0.03052500
v -0.02665658 -0.07572242 0.03037500
v -0.02683056 -0.07539032 0.03060941
v -0.02659247 -0.07573279 0.03053177
v -0.02681879 -0.07539223 0.03070000
v -0.02657061 -0.07573633 0.03070000
v -0.02683056 -0.07539032 0.03079059
v -0.02659247 -0.07573279 0.03086823
v -0.02686508 -0.07538473 0.03087500
v -0.02665658 -0.07572242 0.03102500
v -0.02691998 -0.07537584 0.03094749
v -0.02675854 -0.07570591 0.03115962
v -0.02699154 -0.07536425 0.03100311
v -0.02689143 -0.07568438 0.03126292
v -0.02707486 -0.07535076 0.03103808
v -0.02704618 -0.07565931 0.03132785
v -0.02716429 -0.07533628 0.03105000
v -0.02721225 -0.07563241 0.03135000
v -0.02725420 -0.07562561 0.03134441
v -0.02725371 -0.07532178 0.03103808
v -0.02737832 -0.07560553 0.03132785
v -0.02733703 -0.07530829 0.03100311
v -0.02753307 -0.07558046 0.03126292
v -0.02740859 -0.07529670 0.03094749
v -0.02766596 -0.07555893 0.03115962
v -0.02746350 -0.07528781 0.03087500
v -0.02776793 -0.07554242 0.03102500
v -0.02749801 -0.07528222 0.03079059
v -0.02783203 -0.07553203 0.03086823
v -0.02750978 -0.07528032 0.03070000
v -0.02785389 -0.07552848 0.03070000
v -0.02749801 -0.07528222 0.03060941
v -0.02783203 -0.07553203 0.03053177
v -0.02746350 -0.07528781 0.03052500
v -0.02776793 -0.07554242 0.03037500
v -0.02740859 -0.07529670 0.03045251
v -0.02766596 -0.07555893 0.03024038
v -0.02733703 -0.07530829 0.03039689
v -0.02753307 -0.07558046 0.03013708
v -0.02737832 -0.07560553 0.03007215
v -0.02308893 -0.06799338 0.03695549
v -0.02315600 -0.06798252 0.03696586
v -0.02322365 -0.06797156 0.03696049
v -0.02328832 -0.06796109 0.03693967
v -0.02334661 -0.06795166 0.03690447
v -0.02339546 -0.06794374 0.03685677
v -0.02343231 -0.06793777 0.03679905
v -0.02345522 -0.06793405 0.03673434
v -0.02346300 -0.06793280 0.03666606
v -0.02484499 -0.06770896 0.03666606
v -0.02485276 -0.06770771 0.03673434
v -0.02487568 -0.06770401 0.03679905
v -0.02491253 -0.06769802 0.03685677
v -0.02496138 -0.06769011 0.03690447
v -0.02501967 -0.06768067 0.03693967
v -0.02508434 -0.06767020 0.03696049
v -0.02515198 -0.06765924 0.03696586
v -0.02521906 -0.06764838 0.03695549
v -0.02484499 -0.06770896 0.03650000
v -0.02482491 -0.06771221 0.03633248
v -0.02476584 -0.06772179 0.03617469
v -0.02467121 -0.06773711 0.03603581
v -0.02454652 -0.06775730 0.03592391
v -0.02439902 -0.06778120 0.03584549
v -0.02423728 -0.06780739 0.03580510
v -0.02407070 -0.06783438 0.03580510
v -0.02390896 -0.06786058 0.03584549
v -0.02376146 -0.06788446 0.03592391
v -0.02363678 -0.06790465 0.03603581
v -0.02354215 -0.06791999 0.03617469
v -0.02348308 -0.06792955 0.03633248
v -0.02346300 -0.06793280 0.03650000
v -0.02308893 -0.06799338 0.03695549
v -0.02310649 -0.06799054 0.03696030
v -0.02315600 -0.06798252 0.03696586
v -0.02415399 -0.06782088 0.03710000
v -0.02520150 -0.06765123 0.03696030
v -0.02521906 -0.06764838 0.03695549
v -0.02515198 -0.06765924 0.03696586
v -0.02345522 -0.06793405 0.03673434
v -0.02343231 -0.06793777 0.03679905
v -0.02485276 -0.06770771 0.03673434
v -0.02334661 -0.06795166 0.03690447
v -0.02328832 -0.06796109 0.03693967
v -0.02322365 -0.06797156 0.03696049
v -0.02508434 -0.06767020 0.03696049
v -0.02501967 -0.06768067 0.03693967
v -0.02496138 -0.06769011 0.03690447
v -0.02491253 -0.06769802 0.03685677
v -0.02487568 -0.06770401 0.03679905
v -0.02339546 -0.06794374 0.03685677
v -0.02346300 -0.06793280 0.03666606
v -0.02484499 -0.06770896 0.03666606
v -0.02346300 -0.06793280 0.03650000
v -0.02484499 -0.06770896 0.03650000
v -0.02482491 -0.06771221 0.03633248
v -0.02454652 -0.06775730 0.03592391
v -0.02439902 -0.06778120 0.03584549
v -0.02423728 -0.06780739 0.03580510
v -0.02348308 -0.06792955 0.03633248
v -0.02376146 -0.06788446 0.03592391
v -0.02390896 -0.06786058 0.03584549
v -0.02407070 -0.06783438 0.03580510
v -0.02363678 -0.06790465 0.03603581
v -0.02354215 -0.06791999 0.03617469
v -0.02476584 -0.06772179 0.03617469
v -0.02467121 -0.06773711 0.03603581
v -0.02200246 -0.06735894 0.03655070
v -0.02297858 -0.06720083 0.03696030
v -0.02310649 -0.06799054 0.03696030
v -0.02402609 -0.06703118 0.03710000
v -0.02415399 -0.06782088 0.03710000
v -0.02507360 -0.06686151 0.03696030
v -0.02520150 -0.06765123 0.03696030
v -0.02604972 -0.06670343 0.03655070
v -0.02297858 -0.06720083 0.02903970
v -0.02402609 -0.06703118 0.02890000
v -0.02200246 -0.06735894 0.02944930
v -0.02116424 -0.06749469 0.03010086
v -0.02052106 -0.06759886 0.03095000
v -0.02011674 -0.06766436 0.03193884
v -0.01997883 -0.06768669 0.03300000
v -0.02011674 -0.06766436 0.03406116
v -0.02052106 -0.06759886 0.03505000
v -0.02116424 -0.06749469 0.03589913
v -0.02688793 -0.06656765 0.03589913
v -0.02753112 -0.06646348 0.03505000
v -0.02793544 -0.06639801 0.03406116
v -0.02807335 -0.06637567 0.03300000
v -0.02793544 -0.06639801 0.03193884
v -0.02753112 -0.06646348 0.03095000
v -0.02688793 -0.06656765 0.03010086
v -0.02604972 -0.06670343 0.02944930
v -0.02507360 -0.06686151 0.02903970
v -0.02754109 -0.07203354 0.03448000
v -0.02805271 -0.07519237 0.03448000
v -0.02763051 -0.07201906 0.03446807
v -0.02814213 -0.07517789 0.03446807
v -0.02771384 -0.07200557 0.03443311
v -0.02822546 -0.07516439 0.03443311
v -0.02778539 -0.07199398 0.03437749
v -0.02829701 -0.07515281 0.03437749
v -0.02784030 -0.07198508 0.03430500
v -0.02835192 -0.07514392 0.03430500
v -0.02787482 -0.07197950 0.03422059
v -0.02838643 -0.07513832 0.03422059
v -0.02788659 -0.07197758 0.03413000
v -0.02839821 -0.07513642 0.03413000
v -0.02787482 -0.07197950 0.03403941
v -0.02838643 -0.07513832 0.03403941
v -0.02784030 -0.07198508 0.03395500
v -0.02835192 -0.07514392 0.03395500
v -0.02778539 -0.07199398 0.03388251
v -0.02829701 -0.07515281 0.03388251
v -0.02771384 -0.07200557 0.03382689
v -0.02822546 -0.07516439 0.03382689
v -0.02763051 -0.07201906 0.03379193
v -0.02814213 -0.07517789 0.03379193
v -0.02754109 -0.07203354 0.03378000
v -0.02805271 -0.07519237 0.03378000
v -0.02745167 -0.07204802 0.03379193
v -0.02796329 -0.07520687 0.03379193
v -0.02736834 -0.07206153 0.03382689
v -0.02787996 -0.07522036 0.03382689
v -0.02729679 -0.07207312 0.03388251
v -0.02780841 -0.07523194 0.03388251
v -0.02724188 -0.07208200 0.03395500
v -0.02775350 -0.07524084 0.03395500
v -0.02720736 -0.07208760 0.03403941
v -0.02771898 -0.07524643 0.03403941
v -0.02719559 -0.07208950 0.03413000
v -0.02770721 -0.07524833 0.03413000
v -0.02720736 -0.07208760 0.03422059
v -0.02771898 -0.07524643 0.03422059
v -0.02724188 -0.07208200 0.03430500
v -0.02775350 -0.07524084 0.03430500
v -0.02729679 -0.07207312 0.03437749
v -0.02780841 -0.07523194 0.03437749
v -0.02736834 -0.07206153 0.03443311
v -0.02787996 -0.07522036 0.03443311
v -0.02745167 -0.07204802 0.03446807
v -0.02796329 -0.07520687 0.03446807
v -0.02584815 -0.07230774 0.03280000
v -0.02635977 -0.07546657 0.03280000
v -0.02593757 -0.07229325 0.03278807
v -0.02644919 -0.07545208 0.03278807
v -0.02602090 -0.07227977 0.03275311
v -0.02653252 -0.07543859 0.03275311
v -0.02609245 -0.07226818 0.03269749
v -0.02660407 -0.07542701 0.03269749
v -0.02614736 -0.07225927 0.03262500
v -0.02665898 -0.07541812 0.03262500
v -0.02618188 -0.07225370 0.03254058
v -0.02669350 -0.07541252 0.03254058
v -0.02619365 -0.07225178 0.03245000
v -0.02670527 -0.07541063 0.03245000
v -0.02618188 -0.07225370 0.03235941
v -0.02669350 -0.07541252 0.03235941
v -0.02614736 -0.07225927 0.03227500
v -0.02665898 -0.07541812 0.03227500
v -0.02609245 -0.07226818 0.03220251
v -0.02660407 -0.07542701 0.03220251
v -0.02602090 -0.07227977 0.03214689
v -0.02653252 -0.07543859 0.03214689
v -0.02593757 -0.07229325 0.03211192
v -0.02644919 -0.07545208 0.03211192
v -0.02584815 -0.07230774 0.03210000
v -0.02635977 -0.07546657 0.03210000
v -0.02575873 -0.07232222 0.03211192
v -0.02627035 -0.07548105 0.03211192
v -0.02567540 -0.07233572 0.03214689
v -0.02618702 -0.07549456 0.03214689
v -0.02560385 -0.07234730 0.03220251
v -0.02611547 -0.07550615 0.03220251
v -0.02554894 -0.07235620 0.03227500
v -0.02606056 -0.07551503 0.03227500
v -0.02551442 -0.07236180 0.03235941
v -0.02602605 -0.07552063 0.03235941
v -0.02550265 -0.07236370 0.03245000
v -0.02601427 -0.07552253 0.03245000
v -0.02551442 -0.07236180 0.03254058
v -0.02602605 -0.07552063 0.03254058
v -0.02554894 -0.07235620 0.03262500
v -0.02606056 -0.07551503 0.03262500
v -0.02560385 -0.07234730 0.03269749
v -0.02611547 -0.07550615 0.03269749
v -0.02567540 -0.07233572 0.03275311
v -0.02618702 -0.07549456 0.03275311
v -0.02575873 -0.07232222 0.03278807
v -0.02627035 -0.07548105 0.03278807
v -0.02767435 -0.07201197 0.03261000
v -0.02818597 -0.07517080 0.03261000
v -0.02776377 -0.07199749 0.03259807
v -0.02827539 -0.07515631 0.03259807
v -0.02784710 -0.07198397 0.03256311
v -0.02835872 -0.07514281 0.03256311
v -0.02791866 -0.07197239 0.03250749
v -0.02843028 -0.07513124 0.03250749
v -0.02797356 -0.07196350 0.03243500
v -0.02848518 -0.07512233 0.03243500
v -0.02800808 -0.07195790 0.03235058
v -0.02851970 -0.07511674 0.03235058
v -0.02801985 -0.07195600 0.03226000
v -0.02853147 -0.07511483 0.03226000
v -0.02800808 -0.07195790 0.03216941
v -0.02851970 -0.07511674 0.03216941
v -0.02797356 -0.07196350 0.03208500
v -0.02848518 -0.07512233 0.03208500
v -0.02791866 -0.07197239 0.03201251
v -0.02843028 -0.07513124 0.03201251
v -0.02784710 -0.07198397 0.03195689
v -0.02835872 -0.07514281 0.03195689
v -0.02776377 -0.07199749 0.03192193
v -0.02827539 -0.07515631 0.03192193
v -0.02767435 -0.07201197 0.03191000
v -0.02818597 -0.07517080 0.03191000
v -0.02758493 -0.07202643 0.03192193
v -0.02809655 -0.07518528 0.03192193
v -0.02750160 -0.07203994 0.03195689
v -0.02801322 -0.07519877 0.03195689
v -0.02743005 -0.07205152 0.03201251
v -0.02794167 -0.07521036 0.03201251
v -0.02737514 -0.07206042 0.03208500
v -0.02788676 -0.07521926 0.03208500
v -0.02734063 -0.07206601 0.03216941
v -0.02785225 -0.07522484 0.03216941
v -0.02732885 -0.07206791 0.03226000
v -0.02784048 -0.07522676 0.03226000
v -0.02734063 -0.07206601 0.03235058
v -0.02785225 -0.07522484 0.03235058
v -0.02737514 -0.07206042 0.03243500
v -0.02788676 -0.07521926 0.03243500
v -0.02743005 -0.07205152 0.03250749
v -0.02794167 -0.07521036 0.03250749
v -0.02750160 -0.07203994 0.03256311
v -0.02801322 -0.07519877 0.03256311
v -0.02758493 -0.07202643 0.03259807
v -0.02809655 -0.07518528 0.03259807
v -0.02665267 -0.07217743 0.03105000
v -0.02716429 -0.07533628 0.03105000
v -0.02674209 -0.07216295 0.03103808
v -0.02725371 -0.07532178 0.03103808
v -0.02682542 -0.07214946 0.03100311
v -0.02733703 -0.07530829 0.03100311
v -0.02689697 -0.07213787 0.03094749
v -0.02740859 -0.07529670 0.03094749
v -0.02695188 -0.07212897 0.03087500
v -0.02746350 -0.07528781 0.03087500
v -0.02698639 -0.07212339 0.03079059
v -0.02749801 -0.07528222 0.03079059
v -0.02699816 -0.07212147 0.03070000
v -0.02750978 -0.07528032 0.03070000
v -0.02698639 -0.07212339 0.03060941
v -0.02749801 -0.07528222 0.03060941
v -0.02695188 -0.07212897 0.03052500
v -0.02746350 -0.07528781 0.03052500
v -0.02689697 -0.07213787 0.03045251
v -0.02740859 -0.07529670 0.03045251
v -0.02682542 -0.07214946 0.03039689
v -0.02733703 -0.07530829 0.03039689
v -0.02674209 -0.07216295 0.03036193
v -0.02725371 -0.07532178 0.03036193
v -0.02665267 -0.07217743 0.03035000
v -0.02716429 -0.07533628 0.03035000
v -0.02656324 -0.07219191 0.03036193
v -0.02707486 -0.07535076 0.03036193
v -0.02647992 -0.07220541 0.03039689
v -0.02699154 -0.07536425 0.03039689
v -0.02640836 -0.07221701 0.03045251
v -0.02691998 -0.07537584 0.03045251
v -0.02635346 -0.07222589 0.03052500
v -0.02686508 -0.07538473 0.03052500
v -0.02631894 -0.07223149 0.03060941
v -0.02683056 -0.07539032 0.03060941
v -0.02630717 -0.07223339 0.03070000
v -0.02681879 -0.07539223 0.03070000
v -0.02631894 -0.07223149 0.03079059
v -0.02683056 -0.07539032 0.03079059
v -0.02635346 -0.07222589 0.03087500
v -0.02686508 -0.07538473 0.03087500
v -0.02640836 -0.07221701 0.03094749
v -0.02691998 -0.07537584 0.03094749
v -0.02647992 -0.07220541 0.03100311
v -0.02699154 -0.07536425 0.03100311
v -0.02656324 -0.07219191 0.03103808
v -0.02707486 -0.07535076 0.03103808
v -0.02490543 -0.07246042 0.03445000
v -0.02541705 -0.07561927 0.03445000
v -0.02499486 -0.07244594 0.03443807
v -0.02550648 -0.07560479 0.03443807
v -0.02507818 -0.07243245 0.03440311
v -0.02558980 -0.07559127 0.03440311
v -0.02514974 -0.07242086 0.03434748
v -0.02566136 -0.07557969 0.03434748
v -0.02520464 -0.07241196 0.03427500
v -0.02571627 -0.07557080 0.03427500
v -0.02523916 -0.07240638 0.03419058
v -0.02575078 -0.07556520 0.03419058
v -0.02525093 -0.07240446 0.03410000
v -0.02576255 -0.07556330 0.03410000
v -0.02523916 -0.07240638 0.03400941
v -0.02575078 -0.07556520 0.03400941
v -0.02520464 -0.07241196 0.03392500
v -0.02571627 -0.07557080 0.03392500
v -0.02514974 -0.07242086 0.03385251
v -0.02566136 -0.07557969 0.03385251
v -0.02507818 -0.07243245 0.03379689
v -0.02558980 -0.07559127 0.03379689
v -0.02499486 -0.07244594 0.03376192
v -0.02550648 -0.07560479 0.03376192
v -0.02490543 -0.07246042 0.03375000
v -0.02541705 -0.07561927 0.03375000
v -0.02481601 -0.07247491 0.03376192
v -0.02532763 -0.07563375 0.03376192
v -0.02473269 -0.07248841 0.03379689
v -0.02524431 -0.07564724 0.03379689
v -0.02466113 -0.07250000 0.03385251
v -0.02517275 -0.07565882 0.03385251
v -0.02460622 -0.07250888 0.03392500
v -0.02511784 -0.07566772 0.03392500
v -0.02457171 -0.07251448 0.03400941
v -0.02508333 -0.07567331 0.03400941
v -0.02455994 -0.07251638 0.03410000
v -0.02507156 -0.07567521 0.03410000
v -0.02457171 -0.07251448 0.03419058
v -0.02508333 -0.07567331 0.03419058
v -0.02460622 -0.07250888 0.03427500
v -0.02511784 -0.07566772 0.03427500
v -0.02466113 -0.07250000 0.03434748
v -0.02517275 -0.07565882 0.03434748
v -0.02473269 -0.07248841 0.03440311
v -0.02524431 -0.07564724 0.03440311
v -0.02481601 -0.07247491 0.03443807
v -0.02532763 -0.07563375 0.03443807
v -0.02490543 -0.07246042 0.03045000
v -0.02541705 -0.07561927 0.03045000
v -0.02499486 -0.07244594 0.03043807
v -0.02550648 -0.07560479 0.03043807
v -0.02507818 -0.07243245 0.03040311
v -0.02558980 -0.07559127 0.03040311
v -0.02514974 -0.07242086 0.03034749
v -0.02566136 -0.07557969 0.03034749
v -0.02520464 -0.07241196 0.03027500
v -0.02571627 -0.07557080 0.03027500
v -0.02523916 -0.07240638 0.03019059
v -0.02575078 -0.07556520 0.03019059
v -0.02525093 -0.07240446 0.03010000
v -0.02576255 -0.07556330 0.03010000
v -0.02523916 -0.07240638 0.03000941
v -0.02575078 -0.07556520 0.03000941
v -0.02520464 -0.07241196 0.02992500
v -0.02571627 -0.07557080 0.02992500
v -0.02514974 -0.07242086 0.02985251
v -0.02566136 -0.07557969 0.02985251
v -0.02507818 -0.07243245 0.02979689
v -0.02558980 -0.07559127 0.02979689
v -0.02499486 -0.07244594 0.02976193
v -0.02550648 -0.07560479 0.02976193
v -0.02490543 -0.07246042 0.02975000
v -0.02541705 -0.07561927 0.02975000
v -0.02481601 -0.07247491 0.02976193
v -0.02532763 -0.07563375 0.02976193
v -0.02473269 -0.07248841 0.02979689
v -0.02524431 -0.07564724 0.02979689
v -0.02466113 -0.07250000 0.02985251
v -0.02517275 -0.07565882 0.02985251
v -0.02460622 -0.07250888 0.02992500
v -0.02511784 -0.07566772 0.02992500
v -0.02457171 -0.07251448 0.03000941
v -0.02508333 -0.07567331 0.03000941
v -0.02455994 -0.07251638 0.03010000
v -0.02507156 -0.07567521 0.03010000
v -0.02457171 -0.07251448 0.03019059
v -0.02508333 -0.07567331 0.03019059
v -0.02460622 -0.07250888 0.03027500
v -0.02511784 -0.07566772 0.03027500
v -0.02466113 -0.07250000 0.03034749
v -0.02517275 -0.07565882 0.03034749
v -0.02473269 -0.07248841 0.03040311
v -0.02524431 -0.07564724 0.03040311
v -0.02481601 -0.07247491 0.03043807
v -0.02532763 -0.07563375 0.03043807
v -0.02396272 -0.07261312 0.03280000
v -0.02447434 -0.07577195 0.03280000
v -0.02405214 -0.07259862 0.03278807
v -0.02456376 -0.07575747 0.03278807
v -0.02413547 -0.07258513 0.03275311
v -0.02464709 -0.07574396 0.03275311
v -0.02420702 -0.07257354 0.03269749
v -0.02471864 -0.07573239 0.03269749
v -0.02426193 -0.07256465 0.03262500
v -0.02477355 -0.07572348 0.03262500
v -0.02429644 -0.07255905 0.03254058
v -0.02480806 -0.07571789 0.03254058
v -0.02430822 -0.07255716 0.03245000
v -0.02481984 -0.07571598 0.03245000
v -0.02429644 -0.07255905 0.03235941
v -0.02480806 -0.07571789 0.03235941
v -0.02426193 -0.07256465 0.03227500
v -0.02477355 -0.07572348 0.03227500
v -0.02420702 -0.07257354 0.03220251
v -0.02471864 -0.07573239 0.03220251
v -0.02413547 -0.07258513 0.03214689
v -0.02464709 -0.07574396 0.03214689
v -0.02405214 -0.07259862 0.03211192
v -0.02456376 -0.07575747 0.03211192
v -0.02396272 -0.07261312 0.03210000
v -0.02447434 -0.07577195 0.03210000
v -0.02387330 -0.07262759 0.03211192
v -0.02438492 -0.07578643 0.03211192
v -0.02378997 -0.07264109 0.03214689
v -0.02430159 -0.07579992 0.03214689
v -0.02371842 -0.07265268 0.03220251
v -0.02423004 -0.07581153 0.03220251
v -0.02366351 -0.07266156 0.03227500
v -0.02417513 -0.07582042 0.03227500
v -0.02362899 -0.07266716 0.03235941
v -0.02414062 -0.07582599 0.03235941
v -0.02361722 -0.07266907 0.03245000
v -0.02412884 -0.07582791 0.03245000
v -0.02362899 -0.07266716 0.03254058
v -0.02414062 -0.07582599 0.03254058
v -0.02366351 -0.07266156 0.03262500
v -0.02417513 -0.07582042 0.03262500
v -0.02371842 -0.07265268 0.03269749
v -0.02423004 -0.07581153 0.03269749
v -0.02378997 -0.07264109 0.03275311
v -0.02430159 -0.07579992 0.03275311
v -0.02387330 -0.07262759 0.03278807
v -0.02438492 -0.07578643 0.03278807
v -0.02349383 -0.07268905 0.03587000
v -0.02400545 -0.07584790 0.03587000
v -0.02358325 -0.07267457 0.03585807
v -0.02409487 -0.07583342 0.03585807
v -0.02366658 -0.07266108 0.03582311
v -0.02417820 -0.07581990 0.03582311
v -0.02373813 -0.07264949 0.03576749
v -0.02424975 -0.07580832 0.03576749
v -0.02379304 -0.07264059 0.03569500
v -0.02430466 -0.07579943 0.03569500
v -0.02382756 -0.07263501 0.03561059
v -0.02433917 -0.07579383 0.03561059
v -0.02383933 -0.07263309 0.03552000
v -0.02435095 -0.07579193 0.03552000
v -0.02382756 -0.07263501 0.03542941
v -0.02433917 -0.07579383 0.03542941
v -0.02379304 -0.07264059 0.03534500
v -0.02430466 -0.07579943 0.03534500
v -0.02373813 -0.07264949 0.03527251
v -0.02424975 -0.07580832 0.03527251
v -0.02366658 -0.07266108 0.03521689
v -0.02417820 -0.07581990 0.03521689
v -0.02358325 -0.07267457 0.03518192
v -0.02409487 -0.07583342 0.03518192
v -0.02349383 -0.07268905 0.03517000
v -0.02400545 -0.07584790 0.03517000
v -0.02340441 -0.07270353 0.03518192
v -0.02391603 -0.07586238 0.03518192
v -0.02332108 -0.07271704 0.03521689
v -0.02383270 -0.07587587 0.03521689
v -0.02324953 -0.07272863 0.03527251
v -0.02376115 -0.07588746 0.03527251
v -0.02319462 -0.07273751 0.03534500
v -0.02370624 -0.07589635 0.03534500
v -0.02316011 -0.07274311 0.03542941
v -0.02367173 -0.07590194 0.03542941
v -0.02314833 -0.07274501 0.03552000
v -0.02365995 -0.07590384 0.03552000
v -0.02316011 -0.07274311 0.03561059
v -0.02367173 -0.07590194 0.03561059
v -0.02319462 -0.07273751 0.03569500
v -0.02370624 -0.07589635 0.03569500
v -0.02324953 -0.07272863 0.03576749
v -0.02376115 -0.07588746 0.03576749
v -0.02332108 -0.07271704 0.03582311
v -0.02383270 -0.07587587 0.03582311
v -0.02340441 -0.07270353 0.03585807
v -0.02391603 -0.07586238 0.03585807
v -0.02315820 -0.07274341 0.03105000
v -0.02366983 -0.07590226 0.03105000
v -0.02324763 -0.07272893 0.03103808
v -0.02375925 -0.07588778 0.03103808
v -0.02333095 -0.07271543 0.03100311
v -0.02384257 -0.07587426 0.03100311
v -0.02340251 -0.07270385 0.03094749
v -0.02391413 -0.07586268 0.03094749
v -0.02345741 -0.07269495 0.03087500
v -0.02396903 -0.07585379 0.03087500
v -0.02349193 -0.07268937 0.03079059
v -0.02400355 -0.07584819 0.03079059
v -0.02350370 -0.07268745 0.03070000
v -0.02401532 -0.07584629 0.03070000
v -0.02349193 -0.07268937 0.03060941
v -0.02400355 -0.07584819 0.03060941
v -0.02345741 -0.07269495 0.03052500
v -0.02396903 -0.07585379 0.03052500
v -0.02340251 -0.07270385 0.03045251
v -0.02391413 -0.07586268 0.03045251
v -0.02333095 -0.07271543 0.03039689
v -0.02384257 -0.07587426 0.03039689
v -0.02324763 -0.07272893 0.03036193
v -0.02375925 -0.07588778 0.03036193
v -0.02315820 -0.07274341 0.03035000
v -0.02366983 -0.07590226 0.03035000
v -0.02306878 -0.07275789 0.03036193
v -0.02358040 -0.07591674 0.03036193
v -0.02298546 -0.07277140 0.03039689
v -0.02349707 -0.07593023 0.03039689
v -0.02291390 -0.07278299 0.03045251
v -0.02342552 -0.07594182 0.03045251
v -0.02285899 -0.07279187 0.03052500
v -0.02337062 -0.07595071 0.03052500
v -0.02282448 -0.07279747 0.03060941
v -0.02333610 -0.07595629 0.03060941
v -0.02281271 -0.07279937 0.03070000
v -0.02332433 -0.07595820 0.03070000
v -0.02282448 -0.07279747 0.03079059
v -0.02333610 -0.07595629 0.03079059
v -0.02285899 -0.07279187 0.03087500
v -0.02337062 -0.07595071 0.03087500
v -0.02291390 -0.07278299 0.03094749
v -0.02342552 -0.07594182 0.03094749
v -0.02298546 -0.07277140 0.03100311
v -0.02349707 -0.07593023 0.03100311
v -0.02306878 -0.07275789 0.03103808
v -0.02358040 -0.07591674 0.03103808
v -0.02631704 -0.07223179 0.03587000
v -0.02682866 -0.07539064 0.03587000
v -0.02640646 -0.07221731 0.03585807
v -0.02691808 -0.07537614 0.03585807
v -0.02648979 -0.07220382 0.03582311
v -0.02700141 -0.07536265 0.03582311
v -0.02656134 -0.07219223 0.03576749
v -0.02707296 -0.07535106 0.03576749
v -0.02661625 -0.07218333 0.03569500
v -0.02712787 -0.07534217 0.03569500
v -0.02665077 -0.07217775 0.03561059
v -0.02716238 -0.07533658 0.03561059
v -0.02666254 -0.07217583 0.03552000
v -0.02717416 -0.07533467 0.03552000
v -0.02665077 -0.07217775 0.03542941
v -0.02716238 -0.07533658 0.03542941
v -0.02661625 -0.07218333 0.03534500
v -0.02712787 -0.07534217 0.03534500
v -0.02656134 -0.07219223 0.03527251
v -0.02707296 -0.07535106 0.03527251
v -0.02648979 -0.07220382 0.03521689
v -0.02700141 -0.07536265 0.03521689
v -0.02640646 -0.07221731 0.03518192
v -0.02691808 -0.07537614 0.03518192
v -0.02631704 -0.07223179 0.03517000
v -0.02682866 -0.07539064 0.03517000
v -0.02622762 -0.07224627 0.03518192
v -0.02673924 -0.07540512 0.03518192
v -0.02614429 -0.07225978 0.03521689
v -0.02665591 -0.07541861 0.03521689
v -0.02607274 -0.07227137 0.03527251
v -0.02658436 -0.07543019 0.03527251
v -0.02601783 -0.07228025 0.03534500
v -0.02652945 -0.07543909 0.03534500
v -0.02598332 -0.07228585 0.03542941
v -0.02649494 -0.07544468 0.03542941
v -0.02597154 -0.07228775 0.03552000
v -0.02648316 -0.07544659 0.03552000
v -0.02598332 -0.07228585 0.03561059
v -0.02649494 -0.07544468 0.03561059
v -0.02601783 -0.07228025 0.03569500
v -0.02652945 -0.07543909 0.03569500
v -0.02607274 -0.07227137 0.03576749
v -0.02658436 -0.07543019 0.03576749
v -0.02614429 -0.07225978 0.03582311
v -0.02665591 -0.07541861 0.03582311
v -0.02622762 -0.07224627 0.03585807
v -0.02673924 -0.07540512 0.03585807
v -0.02213652 -0.07290889 0.03261000
v -0.02264814 -0.07606774 0.03261000
v -0.02222594 -0.07289441 0.03259807
v -0.02273756 -0.07605324 0.03259807
v -0.02230927 -0.07288092 0.03256311
v -0.02282089 -0.07603975 0.03256311
v -0.02238082 -0.07286933 0.03250749
v -0.02289244 -0.07602816 0.03250749
v -0.02243573 -0.07286043 0.03243500
v -0.02294735 -0.07601926 0.03243500
v -0.02247024 -0.07285485 0.03235058
v -0.02298186 -0.07601368 0.03235058
v -0.02248202 -0.07285293 0.03226000
v -0.02299364 -0.07601178 0.03226000
v -0.02247024 -0.07285485 0.03216941
v -0.02298186 -0.07601368 0.03216941
v -0.02243573 -0.07286043 0.03208500
v -0.02294735 -0.07601926 0.03208500
v -0.02238082 -0.07286933 0.03201251
v -0.02289244 -0.07602816 0.03201251
v -0.02230927 -0.07288092 0.03195689
v -0.02282089 -0.07603975 0.03195689
v -0.02222594 -0.07289441 0.03192193
v -0.02273756 -0.07605324 0.03192193
v -0.02213652 -0.07290889 0.03191000
v -0.02264814 -0.07606774 0.03191000
v -0.02204710 -0.07292337 0.03192193
v -0.02255872 -0.07608221 0.03192193
v -0.02196377 -0.07293686 0.03195689
v -0.02247539 -0.07609571 0.03195689
v -0.02189221 -0.07294847 0.03201251
v -0.02240384 -0.07610730 0.03201251
v -0.02183731 -0.07295736 0.03208500
v -0.02234893 -0.07611618 0.03208500
v -0.02180279 -0.07296294 0.03216941
v -0.02231441 -0.07612178 0.03216941
v -0.02179102 -0.07296485 0.03226000
v -0.02230264 -0.07612368 0.03226000
v -0.02180279 -0.07296294 0.03235058
v -0.02231441 -0.07612178 0.03235058
v -0.02183731 -0.07295736 0.03243500
v -0.02234893 -0.07611618 0.03243500
v -0.02189221 -0.07294847 0.03250749
v -0.02240384 -0.07610730 0.03250749
v -0.02196377 -0.07293686 0.03256311
v -0.02247539 -0.07609571 0.03256311
v -0.02204710 -0.07292337 0.03259807
v -0.02255872 -0.07608221 0.03259807
v -0.02226978 -0.07288730 0.03448000
v -0.02278140 -0.07604615 0.03448000
v -0.02235920 -0.07287282 0.03446807
v -0.02287082 -0.07603167 0.03446807
v -0.02244253 -0.07285933 0.03443311
v -0.02295415 -0.07601816 0.03443311
v -0.02251408 -0.07284774 0.03437749
v -0.02302571 -0.07600657 0.03437749
v -0.02256899 -0.07283886 0.03430500
v -0.02308061 -0.07599768 0.03430500
v -0.02260351 -0.07283326 0.03422059
v -0.02311513 -0.07599209 0.03422059
v -0.02261528 -0.07283134 0.03413000
v -0.02312690 -0.07599018 0.03413000
v -0.02260351 -0.07283326 0.03403941
v -0.02311513 -0.07599209 0.03403941
v -0.02256899 -0.07283886 0.03395500
v -0.02308061 -0.07599768 0.03395500
v -0.02251408 -0.07284774 0.03388251
v -0.02302571 -0.07600657 0.03388251
v -0.02244253 -0.07285933 0.03382689
v -0.02295415 -0.07601816 0.03382689
v -0.02235920 -0.07287282 0.03379193
v -0.02287082 -0.07603167 0.03379193
v -0.02226978 -0.07288730 0.03378000
v -0.02278140 -0.07604615 0.03378000
v -0.02218036 -0.07290179 0.03379193
v -0.02269198 -0.07606063 0.03379193
v -0.02209703 -0.07291529 0.03382689
v -0.02260865 -0.07607412 0.03382689
v -0.02202548 -0.07292688 0.03388251
v -0.02253710 -0.07608571 0.03388251
v -0.02197057 -0.07293576 0.03395500
v -0.02248219 -0.07609460 0.03395500
v -0.02193606 -0.07294136 0.03403941
v -0.02244768 -0.07610019 0.03403941
v -0.02192428 -0.07294326 0.03413000
v -0.02243590 -0.07610210 0.03413000
v -0.02193606 -0.07294136 0.03422059
v -0.02244768 -0.07610019 0.03422059
v -0.02197057 -0.07293576 0.03430500
v -0.02248219 -0.07609460 0.03430500
v -0.02202548 -0.07292688 0.03437749
v -0.02253710 -0.07608571 0.03437749
v -0.02209703 -0.07291529 0.03443311
v -0.02260865 -0.07607412 0.03443311
v -0.02218036 -0.07290179 0.03446807
v -0.02269198 -0.07606063 0.03446807
v -0.02197057 -0.07293576 0.03395500
v -0.02193606 -0.07294136 0.03403941
v -0.02226978 -0.07288730 0.03413000
v -0.02192428 -0.07294326 0.03413000
v -0.02193606 -0.07294136 0.03422059
v -0.02218036 -0.07290179 0.03379193
v -0.02209703 -0.07291529 0.03382689
v -0.02202548 -0.07292688 0.03388251
v -0.02244253 -0.07285933 0.03382689
v -0.02235920 -0.07287282 0.03379193
v -0.02226978 -0.07288730 0.03378000
v -0.02260351 -0.07283326 0.03403941
v -0.02256899 -0.07283886 0.03395500
v -0.02251408 -0.07284774 0.03388251
v -0.02256899 -0.07283886 0.03430500
v -0.02260351 -0.07283326 0.03422059
v -0.02261528 -0.07283134 0.03413000
v -0.02235920 -0.07287282 0.03446807
v -0.02244253 -0.07285933 0.03443311
v -0.02251408 -0.07284774 0.03437749
v -0.02209703 -0.07291529 0.03443311
v -0.02218036 -0.07290179 0.03446807
v -0.02226978 -0.07288730 0.03448000
v -0.02197057 -0.07293576 0.03430500
v -0.02202548 -0.07292688 0.03437749
v -0.02183731 -0.07295736 0.03208500
v -0.02180279 -0.07296294 0.03216941
v -0.02213652 -0.07290889 0.03226000
v -0.02179102 -0.07296485 0.03226000
v -0.02180279 -0.07296294 0.03235058
v -0.02204710 -0.07292337 0.03192193
v -0.02196377 -0.07293686 0.03195689
v -0.02189221 -0.07294847 0.03201251
v -0.02230927 -0.07288092 0.03195689
v -0.02222594 -0.07289441 0.03192193
v -0.02213652 -0.07290889 0.03191000
v -0.02247024 -0.07285485 0.03216941
v -0.02243573 -0.07286043 0.03208500
v -0.02238082 -0.07286933 0.03201251
v -0.02243573 -0.07286043 0.03243500
v -0.02247024 -0.07285485 0.03235058
v -0.02248202 -0.07285293 0.03226000
v -0.02222594 -0.07289441 0.03259807
v -0.02230927 -0.07288092 0.03256311
v -0.02238082 -0.07286933 0.03250749
v -0.02196377 -0.07293686 0.03256311
v -0.02204710 -0.07292337 0.03259807
v -0.02213652 -0.07290889 0.03261000
v -0.02183731 -0.07295736 0.03243500
v -0.02189221 -0.07294847 0.03250749
v -0.02601783 -0.07228025 0.03534500
v -0.02598332 -0.07228585 0.03542941
v -0.02631704 -0.07223179 0.03552000
v -0.02597154 -0.07228775 0.03552000
v -0.02598332 -0.07228585 0.03561059
v -0.02622762 -0.07224627 0.03518192
v -0.02614429 -0.07225978 0.03521689
v -0.02607274 -0.07227137 0.03527251
v -0.02648979 -0.07220382 0.03521689
v -0.02640646 -0.07221731 0.03518192
v -0.02631704 -0.07223179 0.03517000
v -0.02665077 -0.07217775 0.03542941
v -0.02661625 -0.07218333 0.03534500
v -0.02656134 -0.07219223 0.03527251
v -0.02661625 -0.07218333 0.03569500
v -0.02665077 -0.07217775 0.03561059
v -0.02666254 -0.07217583 0.03552000
v -0.02640646 -0.07221731 0.03585807
v -0.02648979 -0.07220382 0.03582311
v -0.02656134 -0.07219223 0.03576749
v -0.02614429 -0.07225978 0.03582311
v -0.02622762 -0.07224627 0.03585807
v -0.02631704 -0.07223179 0.03587000
v -0.02601783 -0.07228025 0.03569500
v -0.02607274 -0.07227137 0.03576749
v -0.02285899 -0.07279187 0.03052500
v -0.02282448 -0.07279747 0.03060941
v -0.02315820 -0.07274341 0.03070000
v -0.02281271 -0.07279937 0.03070000
v -0.02282448 -0.07279747 0.03079059
v -0.02306878 -0.07275789 0.03036193
v -0.02298546 -0.07277140 0.03039689
v -0.02291390 -0.07278299 0.03045251
v -0.02333095 -0.07271543 0.03039689
v -0.02324763 -0.07272893 0.03036193
v -0.02315820 -0.07274341 0.03035000
v -0.02349193 -0.07268937 0.03060941
v -0.02345741 -0.07269495 0.03052500
v -0.02340251 -0.07270385 0.03045251
v -0.02345741 -0.07269495 0.03087500
v -0.02349193 -0.07268937 0.03079059
v -0.02350370 -0.07268745 0.03070000
v -0.02324763 -0.07272893 0.03103808
v -0.02333095 -0.07271543 0.03100311
v -0.02340251 -0.07270385 0.03094749
v -0.02298546 -0.07277140 0.03100311
v -0.02306878 -0.07275789 0.03103808
v -0.02315820 -0.07274341 0.03105000
v -0.02285899 -0.07279187 0.03087500
v -0.02291390 -0.07278299 0.03094749
v -0.02319462 -0.07273751 0.03534500
v -0.02316011 -0.07274311 0.03542941
v -0.02349383 -0.07268905 0.03552000
v -0.02314833 -0.07274501 0.03552000
v -0.02316011 -0.07274311 0.03561059
v -0.02340441 -0.07270353 0.03518192
v -0.02332108 -0.07271704 0.03521689
v -0.02324953 -0.07272863 0.03527251
v -0.02366658 -0.07266108 0.03521689
v -0.02358325 -0.07267457 0.03518192
v -0.02349383 -0.07268905 0.03517000
v -0.02382756 -0.07263501 0.03542941
v -0.02379304 -0.07264059 0.03534500
v -0.02373813 -0.07264949 0.03527251
v -0.02379304 -0.07264059 0.03569500
v -0.02382756 -0.07263501 0.03561059
v -0.02383933 -0.07263309 0.03552000
v -0.02358325 -0.07267457 0.03585807
v -0.02366658 -0.07266108 0.03582311
v -0.02373813 -0.07264949 0.03576749
v -0.02332108 -0.07271704 0.03582311
v -0.02340441 -0.07270353 0.03585807
v -0.02349383 -0.07268905 0.03587000
v -0.02319462 -0.07273751 0.03569500
v -0.02324953 -0.07272863 0.03576749
v -0.02366351 -0.07266156 0.03227500
v -0.02362899 -0.07266716 0.03235941
v -0.02396272 -0.07261312 0.03245000
v -0.02361722 -0.07266907 0.03245000
v -0.02362899 -0.07266716 0.03254058
v -0.02387330 -0.07262759 0.03211192
v -0.02378997 -0.07264109 0.03214689
v -0.02371842 -0.07265268 0.03220251
v -0.02413547 -0.07258513 0.03214689
v -0.02405214 -0.07259862 0.03211192
v -0.02396272 -0.07261312 0.03210000
v -0.02429644 -0.07255905 0.03235941
v -0.02426193 -0.07256465 0.03227500
v -0.02420702 -0.07257354 0.03220251
v -0.02426193 -0.07256465 0.03262500
v -0.02429644 -0.07255905 0.03254058
v -0.02430822 -0.07255716 0.03245000
v -0.02405214 -0.07259862 0.03278807
v -0.02413547 -0.07258513 0.03275311
v -0.02420702 -0.07257354 0.03269749
v -0.02378997 -0.07264109 0.03275311
v -0.02387330 -0.07262759 0.03278807
v -0.02396272 -0.07261312 0.03280000
v -0.02366351 -0.07266156 0.03262500
v -0.02371842 -0.07265268 0.03269749
v -0.02460622 -0.07250888 0.02992500
v -0.02457171 -0.07251448 0.03000941
v -0.02490543 -0.07246042 0.03010000
v -0.02455994 -0.07251638 0.03010000
v -0.02457171 -0.07251448 0.03019059
v -0.02481601 -0.07247491 0.02976193
v -0.02473269 -0.07248841 0.02979689
v -0.02466113 -0.07250000 0.02985251
v -0.02507818 -0.07243245 0.02979689
v -0.02499486 -0.07244594 0.02976193
v -0.02490543 -0.07246042 0.02975000
v -0.02523916 -0.07240638 0.03000941
v -0.02520464 -0.07241196 0.02992500
v -0.02514974 -0.07242086 0.02985251
v -0.02520464 -0.07241196 0.03027500
v -0.02523916 -0.07240638 0.03019059
v -0.02525093 -0.07240446 0.03010000
v -0.02499486 -0.07244594 0.03043807
v -0.02507818 -0.07243245 0.03040311
v -0.02514974 -0.07242086 0.03034749
v -0.02473269 -0.07248841 0.03040311
v -0.02481601 -0.07247491 0.03043807
v -0.02490543 -0.07246042 0.03045000
v -0.02460622 -0.07250888 0.03027500
v -0.02466113 -0.07250000 0.03034749
v -0.02460622 -0.07250888 0.03392500
v -0.02457171 -0.07251448 0.03400941
v -0.02490543 -0.07246042 0.03410000
v -0.02455994 -0.07251638 0.03410000
v -0.02457171 -0.07251448 0.03419058
v -0.02481601 -0.07247491 0.03376192
v -0.02473269 -0.07248841 0.03379689
v -0.02466113 -0.07250000 0.03385251
v -0.02507818 -0.07243245 0.03379689
v -0.02499486 -0.07244594 0.03376192
v -0.02490543 -0.07246042 0.03375000
v -0.02523916 -0.07240638 0.03400941
v -0.02520464 -0.07241196 0.03392500
v -0.02514974 -0.07242086 0.03385251
v -0.02520464 -0.07241196 0.03427500
v -0.02523916 -0.07240638 0.03419058
v -0.02525093 -0.07240446 0.03410000
v -0.02499486 -0.07244594 0.03443807
v -0.02507818 -0.07243245 0.03440311
v -0.02514974 -0.07242086 0.03434748
v -0.02473269 -0.07248841 0.03440311
v -0.02481601 -0.07247491 0.03443807
v -0.02490543 -0.07246042 0.03445000
v -0.02460622 -0.07250888 0.03427500
v -0.02466113 -0.07250000 0.03434748
v -0.02635346 -0.07222589 0.03052500
v -0.02631894 -0.07223149 0.03060941
v -0.02665267 -0.07217743 0.03070000
v -0.02630717 -0.07223339 0.03070000
v -0.02631894 -0.07223149 0.03079059
v -0.02656324 -0.07219191 0.03036193
v -0.02647992 -0.07220541 0.03039689
v -0.02640836 -0.07221701 0.03045251
v -0.02682542 -0.07214946 0.03039689
v -0.02674209 -0.07216295 0.03036193
v -0.02665267 -0.07217743 0.03035000
v -0.02698639 -0.07212339 0.03060941
v -0.02695188 -0.07212897 0.03052500
v -0.02689697 -0.07213787 0.03045251
v -0.02695188 -0.07212897 0.03087500
v -0.02698639 -0.07212339 0.03079059
v -0.02699816 -0.07212147 0.03070000
v -0.02674209 -0.07216295 0.03103808
v -0.02682542 -0.07214946 0.03100311
v -0.02689697 -0.07213787 0.03094749
v -0.02647992 -0.07220541 0.03100311
v -0.02656324 -0.07219191 0.03103808
v -0.02665267 -0.07217743 0.03105000
v -0.02635346 -0.07222589 0.03087500
v -0.02640836 -0.07221701 0.03094749
v -0.02737514 -0.07206042 0.03208500
v -0.02734063 -0.07206601 0.03216941
v -0.02767435 -0.07201197 0.03226000
v -0.02732885 -0.07206791 0.03226000
v -0.02734063 -0.07206601 0.03235058
v -0.02758493 -0.07202643 0.03192193
v -0.02750160 -0.07203994 0.03195689
v -0.02743005 -0.07205152 0.03201251
v -0.02784710 -0.07198397 0.03195689
v -0.02776377 -0.07199749 0.03192193
v -0.02767435 -0.07201197 0.03191000
v -0.02800808 -0.07195790 0.03216941
v -0.02797356 -0.07196350 0.03208500
v -0.02791866 -0.07197239 0.03201251
v -0.02797356 -0.07196350 0.03243500
v -0.02800808 -0.07195790 0.03235058
v -0.02801985 -0.07195600 0.03226000
v -0.02776377 -0.07199749 0.03259807
v -0.02784710 -0.07198397 0.03256311
v -0.02791866 -0.07197239 0.03250749
v -0.02750160 -0.07203994 0.03256311
v -0.02758493 -0.07202643 0.03259807
v -0.02767435 -0.07201197 0.03261000
v -0.02737514 -0.07206042 0.03243500
v -0.02743005 -0.07205152 0.03250749
v -0.02554894 -0.07235620 0.03227500
v -0.02551442 -0.07236180 0.03235941
v -0.02584815 -0.07230774 0.03245000
v -0.02550265 -0.07236370 0.03245000
v -0.02551442 -0.07236180 0.03254058
v -0.02575873 -0.07232222 0.03211192
v -0.02567540 -0.07233572 0.03214689
v -0.02560385 -0.07234730 0.03220251
v -0.02602090 -0.07227977 0.03214689
v -0.02593757 -0.07229325 0.03211192
v -0.02584815 -0.07230774 0.03210000
v -0.02618188 -0.07225370 0.03235941
v -0.02614736 -0.07225927 0.03227500
v -0.02609245 -0.07226818 0.03220251
v -0.02614736 -0.07225927 0.03262500
v -0.02618188 -0.07225370 0.03254058
v -0.02619365 -0.07225178 0.03245000
v -0.02593757 -0.07229325 0.03278807
v -0.02602090 -0.07227977 0.03275311
v -0.02609245 -0.07226818 0.03269749
v -0.02567540 -0.07233572 0.03275311
v -0.02575873 -0.07232222 0.03278807
v -0.02584815 -0.07230774 0.03280000
v -0.02554894 -0.07235620 0.03262500
v -0.02560385 -0.07234730 0.03269749
v -0.02724188 -0.07208200 0.03395500
v -0.02720736 -0.07208760 0.03403941
v -0.02754109 -0.07203354 0.03413000
v -0.02719559 -0.07208950 0.03413000
v -0.02720736 -0.07208760 0.03422059
v -0.02745167 -0.07204802 0.03379193
v -0.02736834 -0.07206153 0.03382689
v -0.02729679 -0.07207312 0.03388251
v -0.02771384 -0.07200557 0.03382689
v -0.02763051 -0.07201906 0.03379193
v -0.02754109 -0.07203354 0.03378000
v -0.02787482 -0.07197950 0.03403941
v -0.02784030 -0.07198508 0.03395500
v -0.02778539 -0.07199398 0.03388251
v -0.02784030 -0.07198508 0.03430500
v -0.02787482 -0.07197950 0.03422059
v -0.02788659 -0.07197758 0.03413000
v -0.02763051 -0.07201906 0.03446807
v -0.02771384 -0.07200557 0.03443311
v -0.02778539 -0.07199398 0.03437749
v -0.02736834 -0.07206153 0.03443311
v -0.02745167 -0.07204802 0.03446807
v -0.02754109 -0.07203354 0.03448000
v -0.02724188 -0.07208200 0.03430500
v -0.02729679 -0.07207312 0.03437749
v -0.02353739 -0.07622761 0.02975000
v -0.02475922 -0.07602971 0.02975000
v -0.02171574 -0.07652266 0.03300500
v -0.02188418 -0.07649536 0.03300500
v -0.02640773 -0.07576271 0.03310000
v -0.02640280 -0.07576352 0.03309934
v -0.02640280 -0.07576352 0.03346500
v -0.02490934 -0.07600541 0.02977500
v -0.02492828 -0.07600233 0.02975000
v -0.02529895 -0.07594229 0.03347214
v -0.02535255 -0.07593362 0.03346500
v -0.02475922 -0.07602971 0.03346500
v -0.02299543 -0.07631540 0.03350215
v -0.02337476 -0.07625396 0.03346500
v -0.02282937 -0.07634228 0.03348000
v -0.02263194 -0.07637426 0.03346500
v -0.02266330 -0.07636917 0.03350215
v -0.02315019 -0.07629032 0.03356708
v -0.02328307 -0.07626879 0.03367038
v -0.02337476 -0.07625396 0.03379143
v -0.02263194 -0.07637426 0.03482500
v -0.02263194 -0.07637426 0.03474469
v -0.02218431 -0.07644677 0.03482500
v -0.02250855 -0.07639424 0.03469292
v -0.02237566 -0.07641578 0.03458962
v -0.02227369 -0.07643229 0.03445500
v -0.02188418 -0.07649536 0.03408458
v -0.02220959 -0.07644266 0.03429823
v -0.02218773 -0.07644620 0.03413000
v -0.02220959 -0.07644266 0.03396177
v -0.02227369 -0.07643229 0.03380500
v -0.02188418 -0.07649536 0.03346500
v -0.02237566 -0.07641578 0.03367038
v -0.02250855 -0.07639424 0.03356708
v -0.02263194 -0.07637426 0.03351531
v -0.02328307 -0.07626879 0.03458962
v -0.02315019 -0.07629032 0.03469292
v -0.02337476 -0.07625396 0.03482500
v -0.02299543 -0.07631540 0.03475785
v -0.02282937 -0.07634228 0.03478000
v -0.02266330 -0.07636917 0.03475785
v -0.02338504 -0.07625228 0.03380500
v -0.02344914 -0.07624190 0.03396177
v -0.02347100 -0.07623836 0.03413000
v -0.02475922 -0.07602971 0.03482500
v -0.02344914 -0.07624190 0.03429823
v -0.02338504 -0.07625228 0.03445500
v -0.02337476 -0.07625396 0.03446857
v -0.02325178 -0.07627388 0.03193500
v -0.02337476 -0.07625396 0.03148000
v -0.02314981 -0.07629039 0.03180038
v -0.02301692 -0.07631192 0.03169708
v -0.02331588 -0.07626348 0.03209177
v -0.02333774 -0.07625994 0.03226000
v -0.02337476 -0.07625396 0.03300500
v -0.02263194 -0.07637426 0.03148000
v -0.02269610 -0.07636386 0.03161000
v -0.02286217 -0.07633697 0.03163215
v -0.02331588 -0.07626348 0.03242823
v -0.02325178 -0.07627388 0.03258500
v -0.02314981 -0.07629039 0.03271962
v -0.02269610 -0.07636386 0.03291000
v -0.02263194 -0.07637426 0.03300500
v -0.02286217 -0.07633697 0.03288785
v -0.02301692 -0.07631192 0.03282292
v -0.02207633 -0.07646424 0.03242823
v -0.02214043 -0.07645388 0.03258500
v -0.02224240 -0.07643735 0.03271962
v -0.02263194 -0.07637426 0.03290144
v -0.02253004 -0.07639077 0.03288785
v -0.02237528 -0.07641584 0.03282292
v -0.02205447 -0.07646778 0.03226000
v -0.02188418 -0.07649536 0.03191052
v -0.02224240 -0.07643735 0.03180038
v -0.02206113 -0.07646672 0.03148000
v -0.02214043 -0.07645388 0.03193500
v -0.02207633 -0.07646424 0.03209177
v -0.02237528 -0.07641584 0.03169708
v -0.02253004 -0.07639077 0.03163215
v -0.02263194 -0.07637426 0.03161856
v -0.02396663 -0.07615808 0.03212500
v -0.02406860 -0.07614157 0.03199038
v -0.02420149 -0.07612004 0.03188709
v -0.02435624 -0.07609498 0.03182215
v -0.02452231 -0.07606810 0.03180000
v -0.02475922 -0.07602971 0.03148000
v -0.02420149 -0.07612004 0.03301292
v -0.02419130 -0.07612170 0.03300500
v -0.02406860 -0.07614157 0.03290962
v -0.02396663 -0.07615808 0.03277500
v -0.02390253 -0.07616848 0.03261823
v -0.02388067 -0.07617202 0.03245000
v -0.02390253 -0.07616848 0.03228177
v -0.02468837 -0.07604119 0.03307785
v -0.02452231 -0.07606810 0.03310000
v -0.02435624 -0.07609498 0.03307785
v -0.02546502 -0.07591540 0.03345000
v -0.02546502 -0.07591540 0.03300500
v -0.02485331 -0.07601448 0.03300500
v -0.02484312 -0.07601612 0.03301292
v -0.02475922 -0.07602971 0.03304812
v -0.02514208 -0.07596770 0.03261823
v -0.02507798 -0.07597809 0.03277500
v -0.02497601 -0.07599460 0.03290962
v -0.02468837 -0.07604119 0.03182215
v -0.02475922 -0.07602971 0.03185188
v -0.02546502 -0.07591540 0.03148000
v -0.02484312 -0.07601612 0.03188709
v -0.02497601 -0.07599460 0.03199038
v -0.02507798 -0.07597809 0.03212500
v -0.02514208 -0.07596770 0.03228177
v -0.02516394 -0.07596416 0.03245000
v -0.02337476 -0.07625396 0.02987615
v -0.02339697 -0.07625035 0.03013708
v -0.02403861 -0.07614643 0.03013708
v -0.02417149 -0.07612490 0.03024038
v -0.02371779 -0.07619839 0.03135000
v -0.02355172 -0.07622528 0.03132785
v -0.02403861 -0.07614643 0.03126292
v -0.02388386 -0.07617150 0.03132785
v -0.02355172 -0.07622528 0.03007215
v -0.02371779 -0.07619839 0.03005000
v -0.02388386 -0.07617150 0.03007215
v -0.02427346 -0.07610839 0.03037500
v -0.02433757 -0.07609800 0.03053177
v -0.02435943 -0.07609447 0.03070000
v -0.02433757 -0.07609800 0.03086823
v -0.02427346 -0.07610839 0.03102500
v -0.02417149 -0.07612490 0.03115962
v -0.02339697 -0.07625035 0.03126292
v -0.02337476 -0.07625396 0.03124565
v -0.02326408 -0.07627188 0.03115962
v -0.02316211 -0.07628839 0.03102500
v -0.02309801 -0.07629877 0.03086823
v -0.02263194 -0.07637426 0.03055176
v -0.02326408 -0.07627188 0.03024038
v -0.02337476 -0.07625396 0.03015435
v -0.02307615 -0.07630231 0.03070000
v -0.02309801 -0.07629877 0.03053177
v -0.02316211 -0.07628839 0.03037500
v -0.02529895 -0.07594229 0.03472785
v -0.02546502 -0.07591540 0.03482500
v -0.02514420 -0.07596737 0.03466292
v -0.02501131 -0.07598890 0.03455962
v -0.02490934 -0.07600541 0.03442500
v -0.02484524 -0.07601578 0.03426823
v -0.02482338 -0.07601932 0.03410000
v -0.02484524 -0.07601578 0.03393177
v -0.02490934 -0.07600541 0.03377500
v -0.02501131 -0.07598890 0.03364038
v -0.02514420 -0.07596737 0.03353708
v -0.02617082 -0.07580108 0.03482500
v -0.02563109 -0.07588850 0.03472785
v -0.02546502 -0.07591540 0.03475000
v -0.02578584 -0.07586345 0.03353708
v -0.02617082 -0.07580108 0.03346500
v -0.02563109 -0.07588850 0.03347214
v -0.02557749 -0.07589718 0.03346500
v -0.02610666 -0.07581148 0.03410000
v -0.02608479 -0.07581502 0.03426823
v -0.02602070 -0.07582540 0.03442500
v -0.02591873 -0.07584191 0.03364038
v -0.02602070 -0.07582540 0.03377500
v -0.02608479 -0.07581502 0.03393177
v -0.02591873 -0.07584191 0.03455962
v -0.02578584 -0.07586345 0.03466292
v -0.02607673 -0.07581633 0.03300500
v -0.02501131 -0.07598890 0.02964038
v -0.02475922 -0.07602971 0.02929398
v -0.02514420 -0.07596737 0.02953708
v -0.02529895 -0.07594229 0.02947215
v -0.02514420 -0.07596737 0.03066292
v -0.02501131 -0.07598890 0.03055962
v -0.02490934 -0.07600541 0.03042500
v -0.02484524 -0.07601578 0.03026823
v -0.02482338 -0.07601932 0.03010000
v -0.02484524 -0.07601578 0.02993177
v -0.02591873 -0.07584191 0.02964038
v -0.02600176 -0.07582846 0.02975000
v -0.02617082 -0.07580108 0.02975000
v -0.02602070 -0.07582540 0.02977500
v -0.02617082 -0.07580108 0.03148000
v -0.02602070 -0.07582540 0.03042500
v -0.02591873 -0.07584191 0.03055962
v -0.02578584 -0.07586345 0.03066292
v -0.02563109 -0.07588850 0.03072785
v -0.02546502 -0.07591540 0.03075000
v -0.02529895 -0.07594229 0.03072785
v -0.02608479 -0.07581502 0.02993177
v -0.02610666 -0.07581148 0.03010000
v -0.02608479 -0.07581502 0.03026823
v -0.02546502 -0.07591540 0.02945000
v -0.02563109 -0.07588850 0.02947215
v -0.02617082 -0.07580108 0.02929398
v -0.02578584 -0.07586345 0.02953708
v -0.02640280 -0.07576352 0.03482500
v -0.02642292 -0.07576027 0.03506038
v -0.02655581 -0.07573873 0.03495708
v -0.02671055 -0.07571366 0.03489215
v -0.02687662 -0.07568677 0.03487000
v -0.02725420 -0.07562561 0.03482500
v -0.02704269 -0.07565989 0.03489215
v -0.02640280 -0.07576352 0.03620273
v -0.02640280 -0.07576352 0.03595306
v -0.02623499 -0.07579069 0.03552000
v -0.02625685 -0.07578715 0.03535177
v -0.02632095 -0.07577678 0.03519500
v -0.02640280 -0.07576352 0.03508694
v -0.02632095 -0.07577678 0.03584500
v -0.02625685 -0.07578715 0.03568823
v -0.02704269 -0.07565989 0.03614785
v -0.02687662 -0.07568677 0.03617000
v -0.02725420 -0.07562561 0.03632542
v -0.02719744 -0.07563481 0.03608292
v -0.02671055 -0.07571366 0.03614785
v -0.02655581 -0.07573873 0.03608292
v -0.02642292 -0.07576027 0.03597962
v -0.02719744 -0.07563481 0.03495708
v -0.02725420 -0.07562561 0.03500120
v -0.02874573 -0.07538404 0.03482500
v -0.02733033 -0.07561328 0.03506038
v -0.02743230 -0.07559677 0.03519500
v -0.02749640 -0.07558639 0.03535177
v -0.02751826 -0.07558284 0.03552000
v -0.02749640 -0.07558639 0.03568823
v -0.02743230 -0.07559677 0.03584500
v -0.02733033 -0.07561328 0.03597962
v -0.02725420 -0.07562561 0.03603879
v -0.02696341 -0.07567271 0.03212500
v -0.02702751 -0.07566233 0.03228177
v -0.02725420 -0.07562561 0.03148000
v -0.02704937 -0.07565879 0.03245000
v -0.02725420 -0.07562561 0.03300500
v -0.02702751 -0.07566233 0.03261823
v -0.02696341 -0.07567271 0.03277500
v -0.02657380 -0.07573582 0.03182215
v -0.02640280 -0.07576352 0.03148000
v -0.02640773 -0.07576271 0.03180000
v -0.02640280 -0.07576352 0.03180066
v -0.02672855 -0.07571077 0.03188709
v -0.02686144 -0.07568924 0.03199038
v -0.02595403 -0.07583620 0.03290962
v -0.02585206 -0.07585271 0.03277500
v -0.02578796 -0.07586309 0.03261823
v -0.02576609 -0.07586663 0.03245000
v -0.02578796 -0.07586309 0.03228177
v -0.02585206 -0.07585271 0.03212500
v -0.02595403 -0.07583620 0.03199038
v -0.02608692 -0.07581469 0.03188709
v -0.02617082 -0.07580108 0.03185188
v -0.02624167 -0.07578962 0.03182215
v -0.02624167 -0.07578962 0.03307785
v -0.02617082 -0.07580108 0.03304812
v -0.02608692 -0.07581469 0.03301292
v -0.02686144 -0.07568924 0.03290962
v -0.02673874 -0.07570910 0.03300500
v -0.02725420 -0.07562561 0.03346500
v -0.02672855 -0.07571077 0.03301292
v -0.02657380 -0.07573582 0.03307785
v -0.02665658 -0.07572242 0.03037500
v -0.02675854 -0.07570591 0.03024038
v -0.02640280 -0.07576352 0.02975000
v -0.02689143 -0.07568438 0.03013708
v -0.02704618 -0.07565931 0.03007215
v -0.02725420 -0.07562561 0.02975000
v -0.02721225 -0.07563241 0.03005000
v -0.02725420 -0.07562561 0.03005560
v -0.02721225 -0.07563241 0.03135000
v -0.02704618 -0.07565931 0.03132785
v -0.02689143 -0.07568438 0.03126292
v -0.02675854 -0.07570591 0.03115962
v -0.02665658 -0.07572242 0.03102500
v -0.02659247 -0.07573279 0.03086823
v -0.02657061 -0.07573633 0.03070000
v -0.02659247 -0.07573279 0.03053177
v -0.02753307 -0.07558046 0.03126292
v -0.02737832 -0.07560553 0.03132785
v -0.02725420 -0.07562561 0.03134441
v -0.02766596 -0.07555893 0.03024038
v -0.02753307 -0.07558046 0.03013708
v -0.02739265 -0.07560319 0.02975000
v -0.02737832 -0.07560553 0.03007215
v -0.02776793 -0.07554242 0.03037500
v -0.02783203 -0.07553203 0.03053177
v -0.02785389 -0.07552848 0.03070000
v -0.02783203 -0.07553203 0.03086823
v -0.02886891 -0.07536409 0.03148000
v -0.02776793 -0.07554242 0.03102500
v -0.02766596 -0.07555893 0.03115962
v -0.02373260 -0.07619600 0.03608292
v -0.02337476 -0.07625396 0.03612525
v -0.02359971 -0.07621751 0.03597962
v -0.02349774 -0.07623404 0.03584500
v -0.02343364 -0.07624441 0.03535177
v -0.02341178 -0.07624795 0.03552000
v -0.02343364 -0.07624441 0.03568823
v -0.02349774 -0.07623404 0.03519500
v -0.02359971 -0.07621751 0.03506038
v -0.02373260 -0.07619600 0.03495708
v -0.02388735 -0.07617092 0.03489215
v -0.02405341 -0.07614403 0.03487000
v -0.02421948 -0.07611713 0.03489215
v -0.02437423 -0.07609208 0.03495708
v -0.02450712 -0.07607054 0.03506038
v -0.02460909 -0.07605403 0.03519500
v -0.02467319 -0.07604364 0.03535177
v -0.02469505 -0.07604011 0.03552000
v -0.02467319 -0.07604364 0.03568823
v -0.02460909 -0.07605403 0.03584500
v -0.02450712 -0.07607054 0.03597962
v -0.02437423 -0.07609208 0.03608292
v -0.02421948 -0.07611713 0.03614785
v -0.02405341 -0.07614403 0.03617000
v -0.02388735 -0.07617092 0.03614785
v -0.02263194 -0.07637426 0.03544985
v -0.02177429 -0.07651316 0.03346500
v -0.02725420 -0.07562561 0.02967248
v -0.02759230 -0.07557087 0.03226000
v -0.02761416 -0.07556733 0.03209177
v -0.02767826 -0.07555693 0.03193500
v -0.02823394 -0.07546695 0.03161000
v -0.02840000 -0.07544004 0.03163215
v -0.02778023 -0.07554042 0.03180038
v -0.02791312 -0.07551889 0.03169708
v -0.02806787 -0.07549383 0.03163215
v -0.02823394 -0.07546695 0.03291000
v -0.02806787 -0.07549383 0.03288785
v -0.02791312 -0.07551889 0.03282292
v -0.02778023 -0.07554042 0.03271962
v -0.02767826 -0.07555693 0.03258500
v -0.02761416 -0.07556733 0.03242823
v -0.02855476 -0.07541497 0.03169708
v -0.02868764 -0.07539345 0.03180038
v -0.02878961 -0.07537693 0.03193500
v -0.02885371 -0.07536655 0.03209177
v -0.02887557 -0.07536300 0.03226000
v -0.02868764 -0.07539345 0.03271962
v -0.02921430 -0.07530815 0.03300500
v -0.02878961 -0.07537693 0.03258500
v -0.02885371 -0.07536655 0.03242823
v -0.02855476 -0.07541497 0.03282292
v -0.02840000 -0.07544004 0.03288785
v -0.02826674 -0.07546162 0.03350215
v -0.02842149 -0.07543657 0.03356708
v -0.02915575 -0.07531763 0.03346500
v -0.02777985 -0.07554049 0.03469292
v -0.02764697 -0.07556200 0.03458962
v -0.02754500 -0.07557853 0.03445500
v -0.02748090 -0.07558890 0.03429823
v -0.02872045 -0.07538813 0.03396177
v -0.02865635 -0.07539853 0.03380500
v -0.02855438 -0.07541504 0.03367038
v -0.02855438 -0.07541504 0.03458962
v -0.02842149 -0.07543657 0.03469292
v -0.02745903 -0.07559244 0.03413000
v -0.02748090 -0.07558890 0.03396177
v -0.02754500 -0.07557853 0.03380500
v -0.02764697 -0.07556200 0.03367038
v -0.02777985 -0.07554049 0.03356708
v -0.02793461 -0.07551541 0.03350215
v -0.02810067 -0.07548852 0.03348000
v -0.02874231 -0.07538459 0.03413000
v -0.02872045 -0.07538813 0.03429823
v -0.02865635 -0.07539853 0.03445500
v -0.02826674 -0.07546162 0.03475785
v -0.02810067 -0.07548852 0.03478000
v -0.02793461 -0.07551541 0.03475785
v -0.06548793 -0.06659661 0.04228750
v -0.06554464 -0.06658744 0.04214882
v -0.06499637 -0.06667623 0.04200000
v -0.06556398 -0.06658430 0.04200000
v -0.06554464 -0.06658744 0.04185118
v -0.06514328 -0.06665245 0.04255541
v -0.06528017 -0.06663026 0.04249797
v -0.06539773 -0.06661122 0.04240658
v -0.06471257 -0.06672219 0.04249797
v -0.06484948 -0.06670002 0.04255541
v -0.06499637 -0.06667623 0.04257500
v -0.06444812 -0.06676503 0.04214882
v -0.06450481 -0.06675584 0.04228750
v -0.06459502 -0.06674123 0.04240658
v -0.06450481 -0.06675584 0.04171250
v -0.06444812 -0.06676503 0.04185118
v -0.06442878 -0.06676816 0.04200000
v -0.06484948 -0.06670002 0.04144459
v -0.06471257 -0.06672219 0.04150204
v -0.06459502 -0.06674123 0.04159341
v -0.06528017 -0.06663026 0.04150204
v -0.06514328 -0.06665245 0.04144459
v -0.06499637 -0.06667623 0.04142500
v -0.06548793 -0.06659661 0.04171250
v -0.06539773 -0.06661122 0.04159341
v -0.07136139 -0.06564532 0.04913750
v -0.07141809 -0.06563614 0.04899882
v -0.07086985 -0.06572493 0.04885000
v -0.07143743 -0.06563301 0.04885000
v -0.07141809 -0.06563614 0.04870118
v -0.07101674 -0.06570114 0.04940541
v -0.07115364 -0.06567897 0.04934796
v -0.07127119 -0.06565993 0.04925658
v -0.07058603 -0.06577092 0.04934796
v -0.07072293 -0.06574874 0.04940541
v -0.07086985 -0.06572493 0.04942500
v -0.07032157 -0.06581375 0.04899882
v -0.07037828 -0.06580455 0.04913750
v -0.07046849 -0.06578994 0.04925658
v -0.07037828 -0.06580455 0.04856250
v -0.07032157 -0.06581375 0.04870118
v -0.07030223 -0.06581687 0.04885000
v -0.07072293 -0.06574874 0.04829459
v -0.07058603 -0.06577092 0.04835203
v -0.07046849 -0.06578994 0.04844341
v -0.07115364 -0.06567897 0.04835203
v -0.07101674 -0.06570114 0.04829459
v -0.07086985 -0.06572493 0.04827500
v -0.07136139 -0.06564532 0.04856250
v -0.07127119 -0.06565993 0.04844341
v -0.05961447 -0.06754792 0.04913750
v -0.05967117 -0.06753873 0.04899882
v -0.05912291 -0.06762752 0.04885000
v -0.05969051 -0.06753559 0.04885000
v -0.05967117 -0.06753873 0.04870118
v -0.05926982 -0.06760372 0.04940541
v -0.05940671 -0.06758156 0.04934796
v -0.05952426 -0.06756253 0.04925658
v -0.05883911 -0.06767350 0.04934796
v -0.05897600 -0.06765132 0.04940541
v -0.05912291 -0.06762752 0.04942500
v -0.05857464 -0.06771632 0.04899882
v -0.05863135 -0.06770714 0.04913750
v -0.05872155 -0.06769253 0.04925658
v -0.05863135 -0.06770714 0.04856250
v -0.05857464 -0.06771632 0.04870118
v -0.05855530 -0.06771946 0.04885000
v -0.05897600 -0.06765132 0.04829459
v -0.05883911 -0.06767350 0.04835203
v -0.05872155 -0.06769253 0.04844341
v -0.05940671 -0.06758156 0.04835203
v -0.05926982 -0.06760372 0.04829459
v -0.05912291 -0.06762752 0.04827500
v -0.05961447 -0.06754792 0.04856250
v -0.05952426 -0.06756253 0.04844341
v -0.06817295 -0.06616175 0.04953750
v -0.06822966 -0.06615255 0.04939882
v -0.06768138 -0.06624135 0.04925000
v -0.06824900 -0.06614942 0.04925000
v -0.06822966 -0.06615255 0.04910118
v -0.06782830 -0.06621756 0.04980540
v -0.06796518 -0.06619538 0.04974797
v -0.06808274 -0.06617634 0.04965658
v -0.06739759 -0.06628733 0.04974797
v -0.06753448 -0.06626516 0.04980540
v -0.06768138 -0.06624135 0.04982500
v -0.06713312 -0.06633015 0.04939882
v -0.06718982 -0.06632096 0.04953750
v -0.06728002 -0.06630635 0.04965658
v -0.06718982 -0.06632096 0.04896250
v -0.06713312 -0.06633015 0.04910118
v -0.06711378 -0.06633329 0.04925000
v -0.06753448 -0.06626516 0.04869459
v -0.06739759 -0.06628733 0.04875204
v -0.06728002 -0.06630635 0.04884341
v -0.06796518 -0.06619538 0.04875204
v -0.06782830 -0.06621756 0.04869459
v -0.06768138 -0.06624135 0.04867500
v -0.06817295 -0.06616175 0.04896250
v -0.06808274 -0.06617634 0.04884341
v -0.06280292 -0.06703149 0.04953750
v -0.06285962 -0.06702230 0.04939882
v -0.06231136 -0.06711111 0.04925000
v -0.06287897 -0.06701918 0.04925000
v -0.06285962 -0.06702230 0.04910118
v -0.06245827 -0.06708731 0.04980540
v -0.06259516 -0.06706514 0.04974797
v -0.06271271 -0.06704610 0.04965658
v -0.06202756 -0.06715707 0.04974797
v -0.06216445 -0.06713491 0.04980540
v -0.06231136 -0.06711111 0.04982500
v -0.06176309 -0.06719990 0.04939882
v -0.06181980 -0.06719072 0.04953750
v -0.06191000 -0.06717611 0.04965658
v -0.06181980 -0.06719072 0.04896250
v -0.06176309 -0.06719990 0.04910118
v -0.06174375 -0.06720304 0.04925000
v -0.06216445 -0.06713491 0.04869459
v -0.06202756 -0.06715707 0.04875204
v -0.06191000 -0.06717611 0.04884341
v -0.06259516 -0.06706514 0.04875204
v -0.06245827 -0.06708731 0.04869459
v -0.06231136 -0.06711111 0.04867500
v -0.06280292 -0.06703149 0.04896250
v -0.06271271 -0.06704610 0.04884341
v -0.06994979 -0.06587395 0.05223750
v -0.07000650 -0.06586476 0.05209882
v -0.06945822 -0.06595356 0.05195000
v -0.07002584 -0.06586164 0.05195000
v -0.07000650 -0.06586476 0.05180118
v -0.06960514 -0.06592977 0.05250541
v -0.06974205 -0.06590760 0.05244796
v -0.06985958 -0.06588856 0.05235659
v -0.06917443 -0.06599953 0.05244796
v -0.06931132 -0.06597737 0.05250541
v -0.06945822 -0.06595356 0.05252500
v -0.06890998 -0.06604238 0.05209882
v -0.06896667 -0.06603318 0.05223750
v -0.06905687 -0.06601857 0.05235659
v -0.06896667 -0.06603318 0.05166250
v -0.06890998 -0.06604238 0.05180118
v -0.06889064 -0.06604550 0.05195000
v -0.06931132 -0.06597737 0.05139459
v -0.06917443 -0.06599953 0.05145204
v -0.06905687 -0.06601857 0.05154341
v -0.06974205 -0.06590760 0.05145204
v -0.06960514 -0.06592977 0.05139459
v -0.06945822 -0.06595356 0.05137500
v -0.06994979 -0.06587395 0.05166250
v -0.06985958 -0.06588856 0.05154341
v -0.06102607 -0.06731929 0.05223750
v -0.06108277 -0.06731009 0.05209882
v -0.06053451 -0.06739889 0.05195000
v -0.06110212 -0.06730696 0.05195000
v -0.06108277 -0.06731009 0.05180118
v -0.06068142 -0.06737509 0.05250541
v -0.06081831 -0.06735292 0.05244796
v -0.06093587 -0.06733390 0.05235659
v -0.06025071 -0.06744487 0.05244796
v -0.06038761 -0.06742269 0.05250541
v -0.06053451 -0.06739889 0.05252500
v -0.05998625 -0.06748770 0.05209882
v -0.06004295 -0.06747851 0.05223750
v -0.06013316 -0.06746390 0.05235659
v -0.06004295 -0.06747851 0.05166250
v -0.05998625 -0.06748770 0.05180118
v -0.05996691 -0.06749083 0.05195000
v -0.06038761 -0.06742269 0.05139459
v -0.06025071 -0.06744487 0.05145204
v -0.06013316 -0.06746390 0.05154341
v -0.06081831 -0.06735292 0.05145204
v -0.06068142 -0.06737509 0.05139459
v -0.06053451 -0.06739889 0.05137500
v -0.06102607 -0.06731929 0.05166250
v -0.06093587 -0.06733390 0.05154341
v -0.06716606 -0.06632482 0.05403750
v -0.06722277 -0.06631563 0.05389882
v -0.06667450 -0.06640443 0.05375000
v -0.06724211 -0.06631250 0.05375000
v -0.06722277 -0.06631563 0.05360118
v -0.06682141 -0.06638064 0.05430541
v -0.06695830 -0.06635846 0.05424796
v -0.06707586 -0.06633943 0.05415658
v -0.06639070 -0.06645040 0.05424796
v -0.06652761 -0.06642823 0.05430541
v -0.06667450 -0.06640443 0.05432500
v -0.06612625 -0.06649324 0.05389882
v -0.06618294 -0.06648404 0.05403750
v -0.06627315 -0.06646943 0.05415658
v -0.06618294 -0.06648404 0.05346250
v -0.06612625 -0.06649324 0.05360118
v -0.06610691 -0.06649636 0.05375000
v -0.06652761 -0.06642823 0.05319459
v -0.06639070 -0.06645040 0.05325203
v -0.06627315 -0.06646943 0.05334341
v -0.06695830 -0.06635846 0.05325203
v -0.06682141 -0.06638064 0.05319459
v -0.06667450 -0.06640443 0.05317500
v -0.06716606 -0.06632482 0.05346250
v -0.06707586 -0.06633943 0.05334341
v -0.06380979 -0.06686841 0.05403750
v -0.06386650 -0.06685923 0.05389882
v -0.06331824 -0.06694803 0.05375000
v -0.06388584 -0.06685611 0.05375000
v -0.06386650 -0.06685923 0.05360118
v -0.06346515 -0.06692424 0.05430541
v -0.06360204 -0.06690206 0.05424796
v -0.06371959 -0.06688302 0.05415658
v -0.06303444 -0.06699399 0.05424796
v -0.06317133 -0.06697182 0.05430541
v -0.06331824 -0.06694803 0.05432500
v -0.06276998 -0.06703682 0.05389882
v -0.06282668 -0.06702764 0.05403750
v -0.06291688 -0.06701303 0.05415658
v -0.06282668 -0.06702764 0.05346250
v -0.06276998 -0.06703682 0.05360118
v -0.06275064 -0.06703997 0.05375000
v -0.06317133 -0.06697182 0.05319459
v -0.06303444 -0.06699399 0.05325203
v -0.06291688 -0.06701303 0.05334341
v -0.06360204 -0.06690206 0.05325203
v -0.06346515 -0.06692424 0.05319459
v -0.06331824 -0.06694803 0.05317500
v -0.06380979 -0.06686841 0.05346250
v -0.06371959 -0.06688302 0.05334341
v -0.06770900 -0.06623688 0.04628750
v -0.06776570 -0.06622770 0.04614882
v -0.06721743 -0.06631649 0.04600000
v -0.06778505 -0.06622457 0.04600000
v -0.06776570 -0.06622770 0.04585118
v -0.06736434 -0.06629270 0.04655541
v -0.06750123 -0.06627053 0.04649796
v -0.06761879 -0.06625149 0.04640658
v -0.06693364 -0.06636246 0.04649796
v -0.06707052 -0.06634029 0.04655541
v -0.06721743 -0.06631649 0.04657500
v -0.06666917 -0.06640529 0.04614882
v -0.06672587 -0.06639611 0.04628750
v -0.06681607 -0.06638150 0.04640658
v -0.06672587 -0.06639611 0.04571250
v -0.06666917 -0.06640529 0.04585118
v -0.06664984 -0.06640844 0.04600000
v -0.06707052 -0.06634029 0.04544459
v -0.06693364 -0.06636246 0.04550204
v -0.06681607 -0.06638150 0.04559341
v -0.06750123 -0.06627053 0.04550204
v -0.06736434 -0.06629270 0.04544459
v -0.06721743 -0.06631649 0.04542500
v -0.06770900 -0.06623688 0.04571250
v -0.06761879 -0.06625149 0.04559341
v -0.06326687 -0.06695636 0.04628750
v -0.06332358 -0.06694716 0.04614882
v -0.06277531 -0.06703596 0.04600000
v -0.06334291 -0.06694403 0.04600000
v -0.06332358 -0.06694716 0.04585118
v -0.06292222 -0.06701217 0.04655541
v -0.06305911 -0.06699000 0.04649796
v -0.06317667 -0.06697097 0.04640658
v -0.06249151 -0.06708194 0.04649796
v -0.06262841 -0.06705976 0.04655541
v -0.06277531 -0.06703596 0.04657500
v -0.06222705 -0.06712477 0.04614882
v -0.06228375 -0.06711558 0.04628750
v -0.06237396 -0.06710097 0.04640658
v -0.06228375 -0.06711558 0.04571250
v -0.06222705 -0.06712477 0.04585118
v -0.06220771 -0.06712789 0.04600000
v -0.06262841 -0.06705976 0.04544459
v -0.06249151 -0.06708194 0.04550204
v -0.06237396 -0.06710097 0.04559341
v -0.06305911 -0.06699000 0.04550204
v -0.06292222 -0.06701217 0.04544459
v -0.06277531 -0.06703596 0.04542500
v -0.06326687 -0.06695636 0.04571250
v -0.06317667 -0.06697097 0.04559341
v -0.07086782 -0.06572526 0.04578750
v -0.07092453 -0.06571608 0.04564882
v -0.07037626 -0.06580488 0.04550000
v -0.07094387 -0.06571295 0.04550000
v -0.07092453 -0.06571608 0.04535118
v -0.07052317 -0.06578109 0.04605540
v -0.07066008 -0.06575891 0.04599797
v -0.07077762 -0.06573987 0.04590658
v -0.07009246 -0.06585084 0.04599797
v -0.07022937 -0.06582867 0.04605540
v -0.07037626 -0.06580488 0.04607500
v -0.06982801 -0.06589367 0.04564882
v -0.06988472 -0.06588449 0.04578750
v -0.06997491 -0.06586988 0.04590658
v -0.06988472 -0.06588449 0.04521250
v -0.06982801 -0.06589367 0.04535118
v -0.06980867 -0.06589682 0.04550000
v -0.07022937 -0.06582867 0.04494459
v -0.07009246 -0.06585084 0.04500204
v -0.06997491 -0.06586988 0.04509341
v -0.07066008 -0.06575891 0.04500204
v -0.07052317 -0.06578109 0.04494459
v -0.07037626 -0.06580488 0.04492500
v -0.07086782 -0.06572526 0.04521250
v -0.07077762 -0.06573987 0.04509341
v -0.06010803 -0.06746798 0.04578750
v -0.06016474 -0.06745878 0.04564882
v -0.05961648 -0.06754760 0.04550000
v -0.06018408 -0.06745565 0.04550000
v -0.06016474 -0.06745878 0.04535118
v -0.05976338 -0.06752379 0.04605540
v -0.05990028 -0.06750161 0.04599797
v -0.06001783 -0.06748259 0.04590658
v -0.05933267 -0.06759355 0.04599797
v -0.05946957 -0.06757138 0.04605540
v -0.05961648 -0.06754760 0.04607500
v -0.05906821 -0.06763639 0.04564882
v -0.05912492 -0.06762719 0.04578750
v -0.05921512 -0.06761258 0.04590658
v -0.05912492 -0.06762719 0.04521250
v -0.05906821 -0.06763639 0.04535118
v -0.05904887 -0.06763951 0.04550000
v -0.05946957 -0.06757138 0.04494459
v -0.05933267 -0.06759355 0.04500204
v -0.05921512 -0.06761258 0.04509341
v -0.05990028 -0.06750161 0.04500204
v -0.05976338 -0.06752379 0.04494459
v -0.05961648 -0.06754760 0.04492500
v -0.06010803 -0.06746798 0.04521250
v -0.06001783 -0.06748259 0.04509341
v -0.06869612 -0.06607701 0.04323750
v -0.06875283 -0.06606782 0.04309882
v -0.06820457 -0.06615661 0.04295000
v -0.06877217 -0.06606469 0.04295000
v -0.06875283 -0.06606782 0.04280118
v -0.06835147 -0.06613282 0.04350541
v -0.06848838 -0.06611065 0.04344796
v -0.06860592 -0.06609162 0.04335659
v -0.06792076 -0.06620259 0.04344796
v -0.06805767 -0.06618042 0.04350541
v -0.06820457 -0.06615661 0.04352500
v -0.06765631 -0.06624543 0.04309882
v -0.06771302 -0.06623623 0.04323750
v -0.06780321 -0.06622162 0.04335659
v -0.06771302 -0.06623623 0.04266250
v -0.06765631 -0.06624543 0.04280118
v -0.06763697 -0.06624855 0.04295000
v -0.06805767 -0.06618042 0.04239459
v -0.06792076 -0.06620259 0.04245203
v -0.06780321 -0.06622162 0.04254341
v -0.06848838 -0.06611065 0.04245203
v -0.06835147 -0.06613282 0.04239459
v -0.06820457 -0.06615661 0.04237500
v -0.06869612 -0.06607701 0.04266250
v -0.06860592 -0.06609162 0.04254341
v -0.06227973 -0.06711623 0.04323750
v -0.06233644 -0.06710704 0.04309882
v -0.06178818 -0.06719584 0.04295000
v -0.06235578 -0.06710392 0.04295000
v -0.06233644 -0.06710704 0.04280118
v -0.06193508 -0.06717205 0.04350541
v -0.06207198 -0.06714988 0.04344796
v -0.06218953 -0.06713084 0.04335659
v -0.06150437 -0.06724182 0.04344796
v -0.06164127 -0.06721963 0.04350541
v -0.06178818 -0.06719584 0.04352500
v -0.06123991 -0.06728464 0.04309882
v -0.06129662 -0.06727546 0.04323750
v -0.06138682 -0.06726085 0.04335659
v -0.06129662 -0.06727546 0.04266250
v -0.06123991 -0.06728464 0.04280118
v -0.06122057 -0.06728778 0.04295000
v -0.06164127 -0.06721963 0.04239459
v -0.06150437 -0.06724182 0.04245203
v -0.06138682 -0.06726085 0.04254341
v -0.06207198 -0.06714988 0.04245203
v -0.06193508 -0.06717205 0.04239459
v -0.06178818 -0.06719584 0.04237500
v -0.06227973 -0.06711623 0.04266250
v -0.06218953 -0.06713084 0.04254341
v -0.06548793 -0.06659661 0.04828750
v -0.06554464 -0.06658744 0.04814882
v -0.06499637 -0.06667623 0.04800000
v -0.06556398 -0.06658430 0.04800000
v -0.06554464 -0.06658744 0.04785118
v -0.06514328 -0.06665245 0.04855541
v -0.06528017 -0.06663026 0.04849796
v -0.06539773 -0.06661122 0.04840658
v -0.06471257 -0.06672219 0.04849796
v -0.06484948 -0.06670002 0.04855541
v -0.06499637 -0.06667623 0.04857500
v -0.06444812 -0.06676503 0.04814882
v -0.06450481 -0.06675584 0.04828750
v -0.06459502 -0.06674123 0.04840658
v -0.06450481 -0.06675584 0.04771250
v -0.06444812 -0.06676503 0.04785118
v -0.06442878 -0.06676816 0.04800000
v -0.06484948 -0.06670002 0.04744459
v -0.06471257 -0.06672219 0.04750204
v -0.06459502 -0.06674123 0.04759341
v -0.06528017 -0.06663026 0.04750204
v -0.06514328 -0.06665245 0.04744459
v -0.06499637 -0.06667623 0.04742500
v -0.06548793 -0.06659661 0.04771250
v -0.06539773 -0.06661122 0.04759341
v -0.06548793 -0.06659661 0.05128750
v -0.06554464 -0.06658744 0.05114882
v -0.06499637 -0.06667623 0.05100000
v -0.06556398 -0.06658430 0.05100000
v -0.06554464 -0.06658744 0.05085118
v -0.06514328 -0.06665245 0.05155540
v -0.06528017 -0.06663026 0.05149797
v -0.06539773 -0.06661122 0.05140658
v -0.06471257 -0.06672219 0.05149797
v -0.06484948 -0.06670002 0.05155540
v -0.06499637 -0.06667623 0.05157500
v -0.06444812 -0.06676503 0.05114882
v -0.06450481 -0.06675584 0.05128750
v -0.06459502 -0.06674123 0.05140658
v -0.06450481 -0.06675584 0.05071250
v -0.06444812 -0.06676503 0.05085118
v -0.06442878 -0.06676816 0.05100000
v -0.06484948 -0.06670002 0.05044459
v -0.06471257 -0.06672219 0.05050204
v -0.06459502 -0.06674123 0.05059341
v -0.06528017 -0.06663026 0.05050204
v -0.06514328 -0.06665245 0.05044459
v -0.06499637 -0.06667623 0.05042500
v -0.06548793 -0.06659661 0.05071250
v -0.06539773 -0.06661122 0.05059341
v -0.06444812 -0.06676503 0.04185118
v -0.06469757 -0.06834549 0.04190000
v -0.06442878 -0.06676816 0.04200000
v -0.06468458 -0.06834758 0.04200000
v -0.06444812 -0.06676503 0.04214882
v -0.06470392 -0.06834446 0.04214882
v -0.06450481 -0.06675584 0.04228750
v -0.06476062 -0.06833526 0.04228750
v -0.06459502 -0.06674123 0.04240658
v -0.06485083 -0.06832065 0.04240658
v -0.06471257 -0.06672219 0.04249797
v -0.06496839 -0.06830162 0.04249797
v -0.06484948 -0.06670002 0.04255541
v -0.06510528 -0.06827945 0.04255541
v -0.06499637 -0.06667623 0.04257500
v -0.06525219 -0.06825564 0.04257500
v -0.06514328 -0.06665245 0.04255541
v -0.06539910 -0.06823185 0.04255541
v -0.06528017 -0.06663026 0.04249797
v -0.06553599 -0.06820968 0.04249797
v -0.06539773 -0.06661122 0.04240658
v -0.06565354 -0.06819065 0.04240658
v -0.06548793 -0.06659661 0.04228750
v -0.06574374 -0.06817604 0.04228750
v -0.06554464 -0.06658744 0.04214882
v -0.06580046 -0.06816685 0.04214882
v -0.06556398 -0.06658430 0.04200000
v -0.06581980 -0.06816371 0.04200000
v -0.06580680 -0.06816582 0.04190000
v -0.06554464 -0.06658744 0.04185118
v -0.06580046 -0.06816685 0.04185118
v -0.06548793 -0.06659661 0.04171250
v -0.06574374 -0.06817604 0.04171250
v -0.06539773 -0.06661122 0.04159341
v -0.06565354 -0.06819065 0.04159341
v -0.06528017 -0.06663026 0.04150204
v -0.06553599 -0.06820968 0.04150204
v -0.06514328 -0.06665245 0.04144459
v -0.06539910 -0.06823185 0.04144459
v -0.06499637 -0.06667623 0.04142500
v -0.06525219 -0.06825564 0.04142500
v -0.06484948 -0.06670002 0.04144459
v -0.06510528 -0.06827945 0.04144459
v -0.06471257 -0.06672219 0.04150204
v -0.06496839 -0.06830162 0.04150204
v -0.06459502 -0.06674123 0.04159341
v -0.06485083 -0.06832065 0.04159341
v -0.06450481 -0.06675584 0.04171250
v -0.06476062 -0.06833526 0.04171250
v -0.06470392 -0.06834446 0.04185118
v -0.07141809 -0.06563614 0.04870118
v -0.07164276 -0.06722060 0.04862500
v -0.07136139 -0.06564532 0.04856250
v -0.07161721 -0.06722473 0.04856250
v -0.07127119 -0.06565993 0.04844341
v -0.07152700 -0.06723934 0.04844341
v -0.07115364 -0.06567897 0.04835203
v -0.07140944 -0.06725840 0.04835203
v -0.07101674 -0.06570114 0.04829459
v -0.07127256 -0.06728057 0.04829459
v -0.07086985 -0.06572493 0.04827500
v -0.07112564 -0.06730436 0.04827500
v -0.07072293 -0.06574874 0.04829459
v -0.07097873 -0.06732815 0.04829459
v -0.07058603 -0.06577092 0.04835203
v -0.07084185 -0.06735031 0.04835203
v -0.07046849 -0.06578994 0.04844341
v -0.07072429 -0.06736937 0.04844341
v -0.07037828 -0.06580455 0.04856250
v -0.07063408 -0.06738398 0.04856250
v -0.07060853 -0.06738810 0.04862500
v -0.07032157 -0.06581375 0.04870118
v -0.07057738 -0.06739315 0.04870118
v -0.07030223 -0.06581687 0.04885000
v -0.07055804 -0.06739630 0.04885000
v -0.07032157 -0.06581375 0.04899882
v -0.07057738 -0.06739315 0.04899882
v -0.07037828 -0.06580455 0.04913750
v -0.07063408 -0.06738398 0.04913750
v -0.07046849 -0.06578994 0.04925658
v -0.07072429 -0.06736937 0.04925658
v -0.07058603 -0.06577092 0.04934796
v -0.07084185 -0.06735031 0.04934796
v -0.07072293 -0.06574874 0.04940541
v -0.07097873 -0.06732815 0.04940541
v -0.07086985 -0.06572493 0.04942500
v -0.07112564 -0.06730436 0.04942500
v -0.07101674 -0.06570114 0.04940541
v -0.07127256 -0.06728057 0.04940541
v -0.07115364 -0.06567897 0.04934796
v -0.07140944 -0.06725840 0.04934796
v -0.07127119 -0.06565993 0.04925658
v -0.07152700 -0.06723934 0.04925658
v -0.07136139 -0.06564532 0.04913750
v -0.07161721 -0.06722473 0.04913750
v -0.07141809 -0.06563614 0.04899882
v -0.07167392 -0.06721556 0.04899882
v -0.07143743 -0.06563301 0.04885000
v -0.07169326 -0.06721242 0.04885000
v -0.07167392 -0.06721556 0.04870118
v -0.05863135 -0.06770714 0.04856250
v -0.05886161 -0.06929069 0.04862500
v -0.05857464 -0.06771632 0.04870118
v -0.05883045 -0.06929573 0.04870118
v -0.05855530 -0.06771946 0.04885000
v -0.05881111 -0.06929888 0.04885000
v -0.05857464 -0.06771632 0.04899882
v -0.05883045 -0.06929573 0.04899882
v -0.05863135 -0.06770714 0.04913750
v -0.05888716 -0.06928656 0.04913750
v -0.05872155 -0.06769253 0.04925658
v -0.05883911 -0.06767350 0.04835203
v -0.05905790 -0.06925891 0.04838081
v -0.05872155 -0.06769253 0.04844341
v -0.05897736 -0.06927195 0.04844341
v -0.05888716 -0.06928656 0.04856250
v -0.05967117 -0.06753873 0.04870118
v -0.05989583 -0.06912320 0.04862500
v -0.05961447 -0.06754792 0.04856250
v -0.05987028 -0.06912732 0.04856250
v -0.05952426 -0.06756253 0.04844341
v -0.05978007 -0.06914193 0.04844341
v -0.05940671 -0.06758156 0.04835203
v -0.05966252 -0.06916098 0.04835203
v -0.05926982 -0.06760372 0.04829459
v -0.05952563 -0.06918315 0.04829459
v -0.05912291 -0.06762752 0.04827500
v -0.05937872 -0.06920694 0.04827500
v -0.05897600 -0.06765132 0.04829459
v -0.05923181 -0.06923073 0.04829459
v -0.05909492 -0.06925290 0.04835203
v -0.05897736 -0.06927195 0.04925658
v -0.05905790 -0.06925891 0.04931919
v -0.05883911 -0.06767350 0.04934796
v -0.05909492 -0.06925290 0.04934796
v -0.05897600 -0.06765132 0.04940541
v -0.05923181 -0.06923073 0.04940541
v -0.05912291 -0.06762752 0.04942500
v -0.05937872 -0.06920694 0.04942500
v -0.05926982 -0.06760372 0.04940541
v -0.05952563 -0.06918315 0.04940541
v -0.05940671 -0.06758156 0.04934796
v -0.05966252 -0.06916098 0.04934796
v -0.05952426 -0.06756253 0.04925658
v -0.05978007 -0.06914193 0.04925658
v -0.05961447 -0.06754792 0.04913750
v -0.05987028 -0.06912732 0.04913750
v -0.05967117 -0.06753873 0.04899882
v -0.05992698 -0.06911814 0.04899882
v -0.05969051 -0.06753559 0.04885000
v -0.05994632 -0.06911502 0.04885000
v -0.05992698 -0.06911814 0.04870118
v -0.06753448 -0.06626516 0.04869459
v -0.06769535 -0.06785994 0.04873443
v -0.06739759 -0.06628733 0.04875204
v -0.06765339 -0.06786674 0.04875204
v -0.06728002 -0.06630635 0.04884341
v -0.06753585 -0.06788578 0.04884341
v -0.06718982 -0.06632096 0.04896250
v -0.06744564 -0.06790039 0.04896250
v -0.06713312 -0.06633015 0.04910118
v -0.06738893 -0.06790957 0.04910118
v -0.06711378 -0.06633329 0.04925000
v -0.06736959 -0.06791270 0.04925000
v -0.06713312 -0.06633015 0.04939882
v -0.06738893 -0.06790957 0.04939882
v -0.06718982 -0.06632096 0.04953750
v -0.06744564 -0.06790039 0.04953750
v -0.06728002 -0.06630635 0.04965658
v -0.06753585 -0.06788578 0.04965658
v -0.06739759 -0.06628733 0.04974797
v -0.06765339 -0.06786674 0.04974797
v -0.06769535 -0.06785994 0.04976557
v -0.06753448 -0.06626516 0.04980540
v -0.06779029 -0.06784456 0.04980540
v -0.06768138 -0.06624135 0.04982500
v -0.06793719 -0.06782077 0.04982500
v -0.06782830 -0.06621756 0.04980540
v -0.06808410 -0.06779699 0.04980540
v -0.06796518 -0.06619538 0.04974797
v -0.06822100 -0.06777481 0.04974797
v -0.06808274 -0.06617634 0.04965658
v -0.06833857 -0.06775576 0.04965658
v -0.06817295 -0.06616175 0.04953750
v -0.06842875 -0.06774116 0.04953750
v -0.06822966 -0.06615255 0.04939882
v -0.06848545 -0.06773197 0.04939882
v -0.06824900 -0.06614942 0.04925000
v -0.06850480 -0.06772885 0.04925000
v -0.06822966 -0.06615255 0.04910118
v -0.06848545 -0.06773197 0.04910118
v -0.06817295 -0.06616175 0.04896250
v -0.06842875 -0.06774116 0.04896250
v -0.06808274 -0.06617634 0.04884341
v -0.06833857 -0.06775576 0.04884341
v -0.06796518 -0.06619538 0.04875204
v -0.06822100 -0.06777481 0.04875204
v -0.06782830 -0.06621756 0.04869459
v -0.06808410 -0.06779699 0.04869459
v -0.06768138 -0.06624135 0.04867500
v -0.06793719 -0.06782077 0.04867500
v -0.06779029 -0.06784456 0.04869459
v -0.06191000 -0.06717611 0.04965658
v -0.06223154 -0.06874488 0.04970768
v -0.06202756 -0.06715707 0.04974797
v -0.06228337 -0.06873649 0.04974797
v -0.06216445 -0.06713491 0.04980540
v -0.06242026 -0.06871431 0.04980540
v -0.06231136 -0.06711111 0.04982500
v -0.06256716 -0.06869052 0.04982500
v -0.06245827 -0.06708731 0.04980540
v -0.06202756 -0.06715707 0.04875204
v -0.06223154 -0.06874488 0.04879232
v -0.06191000 -0.06717611 0.04884341
v -0.06216581 -0.06875553 0.04884341
v -0.06181980 -0.06719072 0.04896250
v -0.06207561 -0.06877014 0.04896250
v -0.06176309 -0.06719990 0.04910118
v -0.06201891 -0.06877932 0.04910118
v -0.06174375 -0.06720304 0.04925000
v -0.06199956 -0.06878247 0.04925000
v -0.06176309 -0.06719990 0.04939882
v -0.06201891 -0.06877932 0.04939882
v -0.06181980 -0.06719072 0.04953750
v -0.06207561 -0.06877014 0.04953750
v -0.06216581 -0.06875553 0.04965658
v -0.06259516 -0.06706514 0.04875204
v -0.06280902 -0.06865136 0.04873443
v -0.06245827 -0.06708731 0.04869459
v -0.06271408 -0.06866674 0.04869459
v -0.06231136 -0.06711111 0.04867500
v -0.06256716 -0.06869052 0.04867500
v -0.06216445 -0.06713491 0.04869459
v -0.06242026 -0.06871431 0.04869459
v -0.06228337 -0.06873649 0.04875204
v -0.06271408 -0.06866674 0.04980540
v -0.06280902 -0.06865136 0.04976557
v -0.06259516 -0.06706514 0.04974797
v -0.06285097 -0.06864457 0.04974797
v -0.06271271 -0.06704610 0.04965658
v -0.06296852 -0.06862552 0.04965658
v -0.06280292 -0.06703149 0.04953750
v -0.06305873 -0.06861091 0.04953750
v -0.06285962 -0.06702230 0.04939882
v -0.06311543 -0.06860173 0.04939882
v -0.06287897 -0.06701918 0.04925000
v -0.06313477 -0.06859859 0.04925000
v -0.06285962 -0.06702230 0.04910118
v -0.06311543 -0.06860173 0.04910118
v -0.06280292 -0.06703149 0.04896250
v -0.06305873 -0.06861091 0.04896250
v -0.06271271 -0.06704610 0.04884341
v -0.06296852 -0.06862552 0.04884341
v -0.06285097 -0.06864457 0.04875204
v -0.06945822 -0.06595356 0.05137500
v -0.06960546 -0.06755057 0.05138948
v -0.06931132 -0.06597737 0.05139459
v -0.06956713 -0.06755678 0.05139459
v -0.06917443 -0.06599953 0.05145204
v -0.06943023 -0.06757895 0.05145204
v -0.06905687 -0.06601857 0.05154341
v -0.06931269 -0.06759800 0.05154341
v -0.06896667 -0.06603318 0.05166250
v -0.06922248 -0.06761261 0.05166250
v -0.06890998 -0.06604238 0.05180118
v -0.06916577 -0.06762178 0.05180118
v -0.06889064 -0.06604550 0.05195000
v -0.06914643 -0.06762491 0.05195000
v -0.06890998 -0.06604238 0.05209882
v -0.06916577 -0.06762178 0.05209882
v -0.06896667 -0.06603318 0.05223750
v -0.06922248 -0.06761261 0.05223750
v -0.06905687 -0.06601857 0.05235659
v -0.06931269 -0.06759800 0.05235659
v -0.06917443 -0.06599953 0.05244796
v -0.06943023 -0.06757895 0.05244796
v -0.06931132 -0.06597737 0.05250541
v -0.06956713 -0.06755678 0.05250541
v -0.06960546 -0.06755057 0.05251052
v -0.06945822 -0.06595356 0.05252500
v -0.06971405 -0.06753299 0.05252500
v -0.06960514 -0.06592977 0.05250541
v -0.06986094 -0.06750920 0.05250541
v -0.06974205 -0.06590760 0.05244796
v -0.06999784 -0.06748703 0.05244796
v -0.06985958 -0.06588856 0.05235659
v -0.07011541 -0.06746798 0.05235659
v -0.06994979 -0.06587395 0.05223750
v -0.07020559 -0.06745337 0.05223750
v -0.07000650 -0.06586476 0.05209882
v -0.07026230 -0.06744419 0.05209882
v -0.07002584 -0.06586164 0.05195000
v -0.07028164 -0.06744105 0.05195000
v -0.07000650 -0.06586476 0.05180118
v -0.07026230 -0.06744419 0.05180118
v -0.06994979 -0.06587395 0.05166250
v -0.07020559 -0.06745337 0.05166250
v -0.06985958 -0.06588856 0.05154341
v -0.07011541 -0.06746798 0.05154341
v -0.06974205 -0.06590760 0.05145204
v -0.06999784 -0.06748703 0.05145204
v -0.06960514 -0.06592977 0.05139459
v -0.06986094 -0.06750920 0.05139459
v -0.06971405 -0.06753299 0.05137500
v -0.06135792 -0.06888639 0.05195000
v -0.06110212 -0.06730696 0.05195000
v -0.06133859 -0.06888951 0.05209882
v -0.06108277 -0.06731009 0.05209882
v -0.06128188 -0.06889869 0.05223750
v -0.06102607 -0.06731929 0.05223750
v -0.06119168 -0.06891330 0.05235659
v -0.06093587 -0.06733390 0.05235659
v -0.06107413 -0.06893235 0.05244796
v -0.06081831 -0.06735292 0.05244796
v -0.06093723 -0.06895452 0.05250541
v -0.06068142 -0.06737509 0.05250541
v -0.06079032 -0.06897831 0.05252500
v -0.06053451 -0.06739889 0.05252500
v -0.06064342 -0.06900210 0.05250541
v -0.06038761 -0.06742269 0.05250541
v -0.06050652 -0.06902427 0.05244796
v -0.06025071 -0.06744487 0.05244796
v -0.06038896 -0.06904332 0.05235659
v -0.06013316 -0.06746390 0.05235659
v -0.06029877 -0.06905793 0.05223750
v -0.06004295 -0.06747851 0.05223750
v -0.06024206 -0.06906711 0.05209882
v -0.05998625 -0.06748770 0.05209882
v -0.06022272 -0.06907025 0.05195000
v -0.05996691 -0.06749083 0.05195000
v -0.06024206 -0.06906711 0.05180118
v -0.05998625 -0.06748770 0.05180118
v -0.06029877 -0.06905793 0.05166250
v -0.06004295 -0.06747851 0.05166250
v -0.06038896 -0.06904332 0.05154341
v -0.06013316 -0.06746390 0.05154341
v -0.06050652 -0.06902427 0.05145204
v -0.06025071 -0.06744487 0.05145204
v -0.06064342 -0.06900210 0.05139459
v -0.06038761 -0.06742269 0.05139459
v -0.06079032 -0.06897831 0.05137500
v -0.06053451 -0.06739889 0.05137500
v -0.06093723 -0.06895452 0.05139459
v -0.06068142 -0.06737509 0.05139459
v -0.06107413 -0.06893235 0.05145204
v -0.06081831 -0.06735292 0.05145204
v -0.06119168 -0.06891330 0.05154341
v -0.06093587 -0.06733390 0.05154341
v -0.06128188 -0.06889869 0.05166250
v -0.06102607 -0.06731929 0.05166250
v -0.06133859 -0.06888951 0.05180118
v -0.06108277 -0.06731009 0.05180118
v -0.06695830 -0.06635846 0.05325203
v -0.06713761 -0.06795027 0.05321993
v -0.06682141 -0.06638064 0.05319459
v -0.06707722 -0.06796006 0.05319459
v -0.06667450 -0.06640443 0.05317500
v -0.06693032 -0.06798384 0.05317500
v -0.06652761 -0.06642823 0.05319459
v -0.06678341 -0.06800764 0.05319459
v -0.06639070 -0.06645040 0.05325203
v -0.06664651 -0.06802983 0.05325203
v -0.06627315 -0.06646943 0.05334341
v -0.06652896 -0.06804885 0.05334341
v -0.06618294 -0.06648404 0.05346250
v -0.06643875 -0.06806346 0.05346250
v -0.06612625 -0.06649324 0.05360118
v -0.06638205 -0.06807265 0.05360118
v -0.06610691 -0.06649636 0.05375000
v -0.06636271 -0.06807579 0.05375000
v -0.06612625 -0.06649324 0.05389882
v -0.06638205 -0.06807265 0.05389882
v -0.06618294 -0.06648404 0.05403750
v -0.06643875 -0.06806346 0.05403750
v -0.06627315 -0.06646943 0.05415658
v -0.06652896 -0.06804885 0.05415658
v -0.06639070 -0.06645040 0.05424796
v -0.06664651 -0.06802983 0.05424796
v -0.06652761 -0.06642823 0.05430541
v -0.06678341 -0.06800764 0.05430541
v -0.06667450 -0.06640443 0.05432500
v -0.06693032 -0.06798384 0.05432500
v -0.06682141 -0.06638064 0.05430541
v -0.06707722 -0.06796006 0.05430541
v -0.06713761 -0.06795027 0.05428006
v -0.06695830 -0.06635846 0.05424796
v -0.06721412 -0.06793788 0.05424796
v -0.06707586 -0.06633943 0.05415658
v -0.06733168 -0.06791884 0.05415658
v -0.06716606 -0.06632482 0.05403750
v -0.06742187 -0.06790425 0.05403750
v -0.06722277 -0.06631563 0.05389882
v -0.06747858 -0.06789505 0.05389882
v -0.06724211 -0.06631250 0.05375000
v -0.06749792 -0.06789193 0.05375000
v -0.06722277 -0.06631563 0.05360118
v -0.06747858 -0.06789505 0.05360118
v -0.06716606 -0.06632482 0.05346250
v -0.06742187 -0.06790425 0.05346250
v -0.06707586 -0.06633943 0.05334341
v -0.06733168 -0.06791884 0.05334341
v -0.06721412 -0.06793788 0.05325203
v -0.06414167 -0.06843551 0.05375000
v -0.06388584 -0.06685611 0.05375000
v -0.06412233 -0.06843866 0.05389882
v -0.06386650 -0.06685923 0.05389882
v -0.06406562 -0.06844783 0.05403750
v -0.06380979 -0.06686841 0.05403750
v -0.06397540 -0.06846244 0.05415658
v -0.06371959 -0.06688302 0.05415658
v -0.06385785 -0.06848149 0.05424796
v -0.06360204 -0.06690206 0.05424796
v -0.06372095 -0.06850365 0.05430541
v -0.06346515 -0.06692424 0.05430541
v -0.06357405 -0.06852745 0.05432500
v -0.06331824 -0.06694803 0.05432500
v -0.06342714 -0.06855123 0.05430541
v -0.06317133 -0.06697182 0.05430541
v -0.06329024 -0.06857341 0.05424796
v -0.06303444 -0.06699399 0.05424796
v -0.06317269 -0.06859246 0.05415658
v -0.06291688 -0.06701303 0.05415658
v -0.06308248 -0.06860707 0.05403750
v -0.06282668 -0.06702764 0.05403750
v -0.06302579 -0.06861624 0.05389882
v -0.06276998 -0.06703682 0.05389882
v -0.06300645 -0.06861937 0.05375000
v -0.06275064 -0.06703997 0.05375000
v -0.06302579 -0.06861624 0.05360118
v -0.06276998 -0.06703682 0.05360118
v -0.06308248 -0.06860707 0.05346250
v -0.06282668 -0.06702764 0.05346250
v -0.06317269 -0.06859246 0.05334341
v -0.06291688 -0.06701303 0.05334341
v -0.06329024 -0.06857341 0.05325203
v -0.06303444 -0.06699399 0.05325203
v -0.06342714 -0.06855123 0.05319459
v -0.06317133 -0.06697182 0.05319459
v -0.06357405 -0.06852745 0.05317500
v -0.06331824 -0.06694803 0.05317500
v -0.06372095 -0.06850365 0.05319459
v -0.06346515 -0.06692424 0.05319459
v -0.06385785 -0.06848149 0.05325203
v -0.06360204 -0.06690206 0.05325203
v -0.06397540 -0.06846244 0.05334341
v -0.06371959 -0.06688302 0.05334341
v -0.06406562 -0.06844783 0.05346250
v -0.06380979 -0.06686841 0.05346250
v -0.06412233 -0.06843866 0.05360118
v -0.06386650 -0.06685923 0.05360118
v -0.06736434 -0.06629270 0.04655541
v -0.06769535 -0.06785994 0.04652385
v -0.06750123 -0.06627053 0.04649796
v -0.06775705 -0.06784996 0.04649796
v -0.06761879 -0.06625149 0.04640658
v -0.06681607 -0.06638150 0.04640658
v -0.06713761 -0.06795027 0.04645768
v -0.06693364 -0.06636246 0.04649796
v -0.06718943 -0.06794187 0.04649796
v -0.06707052 -0.06634029 0.04655541
v -0.06732634 -0.06791970 0.04655541
v -0.06721743 -0.06631649 0.04657500
v -0.06747325 -0.06789592 0.04657500
v -0.06762014 -0.06787213 0.04655541
v -0.06672587 -0.06639611 0.04628750
v -0.06701010 -0.06797094 0.04632500
v -0.06707188 -0.06796093 0.04640658
v -0.06693364 -0.06636246 0.04550204
v -0.06713761 -0.06795027 0.04554232
v -0.06681607 -0.06638150 0.04559341
v -0.06707188 -0.06796093 0.04559341
v -0.06672587 -0.06639611 0.04571250
v -0.06698169 -0.06797554 0.04571250
v -0.06666917 -0.06640529 0.04585118
v -0.06692498 -0.06798471 0.04585118
v -0.06664984 -0.06640844 0.04600000
v -0.06690564 -0.06798785 0.04600000
v -0.06666917 -0.06640529 0.04614882
v -0.06692498 -0.06798471 0.04614882
v -0.06698169 -0.06797554 0.04628750
v -0.06750123 -0.06627053 0.04550204
v -0.06769535 -0.06785994 0.04547615
v -0.06736434 -0.06629270 0.04544459
v -0.06762014 -0.06787213 0.04544459
v -0.06721743 -0.06631649 0.04542500
v -0.06747325 -0.06789592 0.04542500
v -0.06707052 -0.06634029 0.04544459
v -0.06732634 -0.06791970 0.04544459
v -0.06718943 -0.06794187 0.04550204
v -0.06787461 -0.06783091 0.04640658
v -0.06793640 -0.06782090 0.04632500
v -0.06770900 -0.06623688 0.04628750
v -0.06796479 -0.06781630 0.04628750
v -0.06776570 -0.06622770 0.04614882
v -0.06802150 -0.06780712 0.04614882
v -0.06778505 -0.06622457 0.04600000
v -0.06804084 -0.06780398 0.04600000
v -0.06776570 -0.06622770 0.04585118
v -0.06802150 -0.06780712 0.04585118
v -0.06770900 -0.06623688 0.04571250
v -0.06796479 -0.06781630 0.04571250
v -0.06761879 -0.06625149 0.04559341
v -0.06787461 -0.06783091 0.04559341
v -0.06775705 -0.06784996 0.04550204
v -0.06249151 -0.06708194 0.04649796
v -0.06280902 -0.06865136 0.04652385
v -0.06262841 -0.06705976 0.04655541
v -0.06288422 -0.06863917 0.04655541
v -0.06277531 -0.06703596 0.04657500
v -0.06303112 -0.06861538 0.04657500
v -0.06292222 -0.06701217 0.04655541
v -0.06317803 -0.06859159 0.04655541
v -0.06305911 -0.06699000 0.04649796
v -0.06331492 -0.06856942 0.04649796
v -0.06317667 -0.06697097 0.04640658
v -0.06228375 -0.06711558 0.04628750
v -0.06256797 -0.06869039 0.04632500
v -0.06237396 -0.06710097 0.04640658
v -0.06262977 -0.06868039 0.04640658
v -0.06274732 -0.06866134 0.04649796
v -0.06262841 -0.06705976 0.04544459
v -0.06280902 -0.06865136 0.04547615
v -0.06249151 -0.06708194 0.04550204
v -0.06274732 -0.06866134 0.04550204
v -0.06237396 -0.06710097 0.04559341
v -0.06262977 -0.06868039 0.04559341
v -0.06228375 -0.06711558 0.04571250
v -0.06253956 -0.06869500 0.04571250
v -0.06222705 -0.06712477 0.04585118
v -0.06248286 -0.06870417 0.04585118
v -0.06220771 -0.06712789 0.04600000
v -0.06246352 -0.06870732 0.04600000
v -0.06222705 -0.06712477 0.04614882
v -0.06248286 -0.06870417 0.04614882
v -0.06253956 -0.06869500 0.04628750
v -0.06343247 -0.06855037 0.04640658
v -0.06349428 -0.06854037 0.04632500
v -0.06326687 -0.06695636 0.04628750
v -0.06352268 -0.06853576 0.04628750
v -0.06332358 -0.06694716 0.04614882
v -0.06357939 -0.06852658 0.04614882
v -0.06334291 -0.06694403 0.04600000
v -0.06359873 -0.06852346 0.04600000
v -0.06332358 -0.06694716 0.04585118
v -0.06357939 -0.06852658 0.04585118
v -0.06326687 -0.06695636 0.04571250
v -0.06352268 -0.06853576 0.04571250
v -0.06317667 -0.06697097 0.04559341
v -0.06343247 -0.06855037 0.04559341
v -0.06305911 -0.06699000 0.04550204
v -0.06331492 -0.06856942 0.04550204
v -0.06292222 -0.06701217 0.04544459
v -0.06317803 -0.06859159 0.04544459
v -0.06277531 -0.06703596 0.04542500
v -0.06303112 -0.06861538 0.04542500
v -0.06288422 -0.06863917 0.04544459
v -0.07086782 -0.06572526 0.04521250
v -0.07109523 -0.06730928 0.04517500
v -0.07077762 -0.06573987 0.04509341
v -0.07103344 -0.06731929 0.04509341
v -0.07066008 -0.06575891 0.04500204
v -0.07091588 -0.06733834 0.04500204
v -0.07052317 -0.06578109 0.04494459
v -0.07077900 -0.06736050 0.04494459
v -0.07037626 -0.06580488 0.04492500
v -0.07063208 -0.06738430 0.04492500
v -0.07022937 -0.06582867 0.04494459
v -0.07048517 -0.06740808 0.04494459
v -0.07009246 -0.06585084 0.04500204
v -0.07034827 -0.06743026 0.04500204
v -0.06997491 -0.06586988 0.04509341
v -0.07023072 -0.06744931 0.04509341
v -0.07016893 -0.06745932 0.04517500
v -0.06988472 -0.06588449 0.04521250
v -0.07014051 -0.06746392 0.04521250
v -0.06982801 -0.06589367 0.04535118
v -0.07008381 -0.06747309 0.04535118
v -0.06980867 -0.06589682 0.04550000
v -0.07006447 -0.06747622 0.04550000
v -0.06982801 -0.06589367 0.04564882
v -0.07008381 -0.06747309 0.04564882
v -0.06988472 -0.06588449 0.04578750
v -0.07014051 -0.06746392 0.04578750
v -0.06997491 -0.06586988 0.04590658
v -0.07023072 -0.06744931 0.04590658
v -0.07009246 -0.06585084 0.04599797
v -0.07034827 -0.06743026 0.04599797
v -0.07022937 -0.06582867 0.04605540
v -0.07048517 -0.06740808 0.04605540
v -0.07037626 -0.06580488 0.04607500
v -0.07063208 -0.06738430 0.04607500
v -0.07052317 -0.06578109 0.04605540
v -0.07077900 -0.06736050 0.04605540
v -0.07066008 -0.06575891 0.04599797
v -0.07091588 -0.06733834 0.04599797
v -0.07077762 -0.06573987 0.04590658
v -0.07103344 -0.06731929 0.04590658
v -0.07086782 -0.06572526 0.04578750
v -0.07112363 -0.06730468 0.04578750
v -0.07092453 -0.06571608 0.04564882
v -0.07118035 -0.06729550 0.04564882
v -0.07094387 -0.06571295 0.04550000
v -0.07119968 -0.06729238 0.04550000
v -0.07092453 -0.06571608 0.04535118
v -0.07118035 -0.06729550 0.04535118
v -0.07112363 -0.06730468 0.04521250
v -0.05921512 -0.06761258 0.04509341
v -0.05940913 -0.06920201 0.04517500
v -0.05912492 -0.06762719 0.04521250
v -0.05938073 -0.06920661 0.04521250
v -0.05906821 -0.06763639 0.04535118
v -0.05932403 -0.06921580 0.04535118
v -0.05904887 -0.06763951 0.04550000
v -0.05930468 -0.06921894 0.04550000
v -0.05906821 -0.06763639 0.04564882
v -0.05932403 -0.06921580 0.04564882
v -0.05912492 -0.06762719 0.04578750
v -0.05938073 -0.06920661 0.04578750
v -0.05921512 -0.06761258 0.04590658
v -0.05947093 -0.06919200 0.04590658
v -0.05933267 -0.06759355 0.04599797
v -0.05958848 -0.06917298 0.04599797
v -0.05946957 -0.06757138 0.04605540
v -0.05972538 -0.06915079 0.04605540
v -0.05961648 -0.06754760 0.04607500
v -0.05987229 -0.06912699 0.04607500
v -0.05976338 -0.06752379 0.04605540
v -0.05990028 -0.06750161 0.04500204
v -0.06008452 -0.06909262 0.04497201
v -0.05976338 -0.06752379 0.04494459
v -0.06001919 -0.06910321 0.04494459
v -0.05961648 -0.06754760 0.04492500
v -0.05987229 -0.06912699 0.04492500
v -0.05946957 -0.06757138 0.04494459
v -0.05972538 -0.06915079 0.04494459
v -0.05933267 -0.06759355 0.04500204
v -0.05958848 -0.06917298 0.04500204
v -0.05947093 -0.06919200 0.04509341
v -0.06010803 -0.06746798 0.04521250
v -0.06033544 -0.06905198 0.04517500
v -0.06001783 -0.06748259 0.04509341
v -0.06027364 -0.06906200 0.04509341
v -0.06015609 -0.06908104 0.04500204
v -0.06001919 -0.06910321 0.04605540
v -0.06008452 -0.06909262 0.04602799
v -0.05990028 -0.06750161 0.04599797
v -0.06015609 -0.06908104 0.04599797
v -0.06001783 -0.06748259 0.04590658
v -0.06027364 -0.06906200 0.04590658
v -0.06010803 -0.06746798 0.04578750
v -0.06036385 -0.06904740 0.04578750
v -0.06016474 -0.06745878 0.04564882
v -0.06042055 -0.06903820 0.04564882
v -0.06018408 -0.06745565 0.04550000
v -0.06043989 -0.06903508 0.04550000
v -0.06016474 -0.06745878 0.04535118
v -0.06042055 -0.06903820 0.04535118
v -0.06036385 -0.06904740 0.04521250
v -0.06902798 -0.06764410 0.04295000
v -0.06877217 -0.06606469 0.04295000
v -0.06900864 -0.06764724 0.04309882
v -0.06875283 -0.06606782 0.04309882
v -0.06895195 -0.06765641 0.04323750
v -0.06869612 -0.06607701 0.04323750
v -0.06886174 -0.06767102 0.04335659
v -0.06860592 -0.06609162 0.04335659
v -0.06874418 -0.06769007 0.04344796
v -0.06848838 -0.06611065 0.04344796
v -0.06860728 -0.06771225 0.04350541
v -0.06835147 -0.06613282 0.04350541
v -0.06846038 -0.06773603 0.04352500
v -0.06820457 -0.06615661 0.04352500
v -0.06831346 -0.06775983 0.04350541
v -0.06805767 -0.06618042 0.04350541
v -0.06817659 -0.06778199 0.04344796
v -0.06792076 -0.06620259 0.04344796
v -0.06805902 -0.06780104 0.04335659
v -0.06780321 -0.06622162 0.04335659
v -0.06796882 -0.06781565 0.04323750
v -0.06771302 -0.06623623 0.04323750
v -0.06791211 -0.06782483 0.04309882
v -0.06765631 -0.06624543 0.04309882
v -0.06789277 -0.06782798 0.04295000
v -0.06763697 -0.06624855 0.04295000
v -0.06791211 -0.06782483 0.04280118
v -0.06765631 -0.06624543 0.04280118
v -0.06796882 -0.06781565 0.04266250
v -0.06771302 -0.06623623 0.04266250
v -0.06805902 -0.06780104 0.04254341
v -0.06780321 -0.06622162 0.04254341
v -0.06817659 -0.06778199 0.04245203
v -0.06792076 -0.06620259 0.04245203
v -0.06831346 -0.06775983 0.04239459
v -0.06805767 -0.06618042 0.04239459
v -0.06846038 -0.06773603 0.04237500
v -0.06820457 -0.06615661 0.04237500
v -0.06860728 -0.06771225 0.04239459
v -0.06835147 -0.06613282 0.04239459
v -0.06874418 -0.06769007 0.04245203
v -0.06848838 -0.06611065 0.04245203
v -0.06886174 -0.06767102 0.04254341
v -0.06860592 -0.06609162 0.04254341
v -0.06895195 -0.06765641 0.04266250
v -0.06869612 -0.06607701 0.04266250
v -0.06900864 -0.06764724 0.04280118
v -0.06875283 -0.06606782 0.04280118
v -0.06207198 -0.06714988 0.04245203
v -0.06223154 -0.06874488 0.04241165
v -0.06193508 -0.06717205 0.04239459
v -0.06219089 -0.06875148 0.04239459
v -0.06178818 -0.06719584 0.04237500
v -0.06204399 -0.06877526 0.04237500
v -0.06164127 -0.06721963 0.04239459
v -0.06189708 -0.06879905 0.04239459
v -0.06150437 -0.06724182 0.04245203
v -0.06176018 -0.06882122 0.04245203
v -0.06138682 -0.06726085 0.04254341
v -0.06164263 -0.06884027 0.04254341
v -0.06129662 -0.06727546 0.04266250
v -0.06155243 -0.06885488 0.04266250
v -0.06123991 -0.06728464 0.04280118
v -0.06149572 -0.06886406 0.04280118
v -0.06122057 -0.06728778 0.04295000
v -0.06147638 -0.06886721 0.04295000
v -0.06123991 -0.06728464 0.04309882
v -0.06149572 -0.06886406 0.04309882
v -0.06129662 -0.06727546 0.04323750
v -0.06155243 -0.06885488 0.04323750
v -0.06138682 -0.06726085 0.04335659
v -0.06164263 -0.06884027 0.04335659
v -0.06150437 -0.06724182 0.04344796
v -0.06176018 -0.06882122 0.04344796
v -0.06164127 -0.06721963 0.04350541
v -0.06189708 -0.06879905 0.04350541
v -0.06178818 -0.06719584 0.04352500
v -0.06204399 -0.06877526 0.04352500
v -0.06193508 -0.06717205 0.04350541
v -0.06219089 -0.06875148 0.04350541
v -0.06223154 -0.06874488 0.04348835
v -0.06207198 -0.06714988 0.04344796
v -0.06232778 -0.06872929 0.04344796
v -0.06218953 -0.06713084 0.04335659
v -0.06244534 -0.06871025 0.04335659
v -0.06227973 -0.06711623 0.04323750
v -0.06253554 -0.06869564 0.04323750
v -0.06233644 -0.06710704 0.04309882
v -0.06259225 -0.06868647 0.04309882
v -0.06235578 -0.06710392 0.04295000
v -0.06261159 -0.06868333 0.04295000
v -0.06233644 -0.06710704 0.04280118
v -0.06259225 -0.06868647 0.04280118
v -0.06227973 -0.06711623 0.04266250
v -0.06253554 -0.06869564 0.04266250
v -0.06218953 -0.06713084 0.04254341
v -0.06244534 -0.06871025 0.04254341
v -0.06232778 -0.06872929 0.04245203
v -0.06554464 -0.06658744 0.04785118
v -0.06579996 -0.06816693 0.04785000
v -0.06548793 -0.06659661 0.04771250
v -0.06574374 -0.06817604 0.04771250
v -0.06539773 -0.06661122 0.04759341
v -0.06565354 -0.06819065 0.04759341
v -0.06528017 -0.06663026 0.04750204
v -0.06553599 -0.06820968 0.04750204
v -0.06514328 -0.06665245 0.04744459
v -0.06539910 -0.06823185 0.04744459
v -0.06499637 -0.06667623 0.04742500
v -0.06525219 -0.06825564 0.04742500
v -0.06484948 -0.06670002 0.04744459
v -0.06510528 -0.06827945 0.04744459
v -0.06471257 -0.06672219 0.04750204
v -0.06496839 -0.06830162 0.04750204
v -0.06459502 -0.06674123 0.04759341
v -0.06485083 -0.06832065 0.04759341
v -0.06450481 -0.06675584 0.04771250
v -0.06476062 -0.06833526 0.04771250
v -0.06470440 -0.06834436 0.04785000
v -0.06444812 -0.06676503 0.04785118
v -0.06470392 -0.06834446 0.04785118
v -0.06442878 -0.06676816 0.04800000
v -0.06468458 -0.06834758 0.04800000
v -0.06444812 -0.06676503 0.04814882
v -0.06470392 -0.06834446 0.04814882
v -0.06450481 -0.06675584 0.04828750
v -0.06476062 -0.06833526 0.04828750
v -0.06459502 -0.06674123 0.04840658
v -0.06485083 -0.06832065 0.04840658
v -0.06471257 -0.06672219 0.04849796
v -0.06496839 -0.06830162 0.04849796
v -0.06484948 -0.06670002 0.04855541
v -0.06510528 -0.06827945 0.04855541
v -0.06499637 -0.06667623 0.04857500
v -0.06525219 -0.06825564 0.04857500
v -0.06514328 -0.06665245 0.04855541
v -0.06539910 -0.06823185 0.04855541
v -0.06528017 -0.06663026 0.04849796
v -0.06553599 -0.06820968 0.04849796
v -0.06539773 -0.06661122 0.04840658
v -0.06565354 -0.06819065 0.04840658
v -0.06548793 -0.06659661 0.04828750
v -0.06574374 -0.06817604 0.04828750
v -0.06554464 -0.06658744 0.04814882
v -0.06580046 -0.06816685 0.04814882
v -0.06556398 -0.06658430 0.04800000
v -0.06581980 -0.06816371 0.04800000
v -0.06580046 -0.06816685 0.04785118
v -0.06444812 -0.06676503 0.05085118
v -0.06469757 -0.06834549 0.05090000
v -0.06442878 -0.06676816 0.05100000
v -0.06468458 -0.06834758 0.05100000
v -0.06444812 -0.06676503 0.05114882
v -0.06470392 -0.06834446 0.05114882
v -0.06450481 -0.06675584 0.05128750
v -0.06476062 -0.06833526 0.05128750
v -0.06459502 -0.06674123 0.05140658
v -0.06485083 -0.06832065 0.05140658
v -0.06471257 -0.06672219 0.05149797
v -0.06496839 -0.06830162 0.05149797
v -0.06484948 -0.06670002 0.05155540
v -0.06510528 -0.06827945 0.05155540
v -0.06499637 -0.06667623 0.05157500
v -0.06525219 -0.06825564 0.05157500
v -0.06514328 -0.06665245 0.05155540
v -0.06539910 -0.06823185 0.05155540
v -0.06528017 -0.06663026 0.05149797
v -0.06553599 -0.06820968 0.05149797
v -0.06539773 -0.06661122 0.05140658
v -0.06565354 -0.06819065 0.05140658
v -0.06548793 -0.06659661 0.05128750
v -0.06574374 -0.06817604 0.05128750
v -0.06554464 -0.06658744 0.05114882
v -0.06580046 -0.06816685 0.05114882
v -0.06556398 -0.06658430 0.05100000
v -0.06581980 -0.06816371 0.05100000
v -0.06580680 -0.06816582 0.05090000
v -0.06554464 -0.06658744 0.05085118
v -0.06580046 -0.06816685 0.05085118
v -0.06548793 -0.06659661 0.05071250
v -0.06574374 -0.06817604 0.05071250
v -0.06539773 -0.06661122 0.05059341
v -0.06565354 -0.06819065 0.05059341
v -0.06528017 -0.06663026 0.05050204
v -0.06553599 -0.06820968 0.05050204
v -0.06514328 -0.06665245 0.05044459
v -0.06539910 -0.06823185 0.05044459
v -0.06499637 -0.06667623 0.05042500
v -0.06525219 -0.06825564 0.05042500
v -0.06484948 -0.06670002 0.05044459
v -0.06510528 -0.06827945 0.05044459
v -0.06471257 -0.06672219 0.05050204
v -0.06496839 -0.06830162 0.05050204
v -0.06459502 -0.06674123 0.05059341
v -0.06485083 -0.06832065 0.05059341
v -0.06450481 -0.06675584 0.05071250
v -0.06476062 -0.06833526 0.05071250
v -0.06470392 -0.06834446 0.05085118
v -0.06024206 -0.06906711 0.05209882
v -0.06022272 -0.06907025 0.05195000
v -0.06008452 -0.06909262 0.05285000
v -0.06908721 -0.06763451 0.05012500
v -0.06769535 -0.06785994 0.05012500
v -0.06769535 -0.06785994 0.05090000
v -0.06960546 -0.06755057 0.04862500
v -0.06908721 -0.06763451 0.04862500
v -0.06280902 -0.06865136 0.04422500
v -0.06223154 -0.06874488 0.04422500
v -0.06223154 -0.06874488 0.04517500
v -0.06441312 -0.06839155 0.04190000
v -0.06280902 -0.06865136 0.04190000
v -0.06789277 -0.06782798 0.04295000
v -0.06769535 -0.06785994 0.04190000
v -0.06769535 -0.06785994 0.04422500
v -0.06219089 -0.06875148 0.04239459
v -0.06223154 -0.06874488 0.04241165
v -0.06223154 -0.06874488 0.04190000
v -0.06718943 -0.06794187 0.04649796
v -0.06713761 -0.06795027 0.04645768
v -0.06713761 -0.06795027 0.04785000
v -0.06779029 -0.06784456 0.04980540
v -0.06769535 -0.06785994 0.04976557
v -0.07228770 -0.06711615 0.05428116
v -0.07324385 -0.06696128 0.05285000
v -0.06960546 -0.06755057 0.05285000
v -0.06580046 -0.06816685 0.04185118
v -0.06580680 -0.06816582 0.04190000
v -0.06609125 -0.06811975 0.04190000
v -0.05897736 -0.06927195 0.04844341
v -0.05905790 -0.06925891 0.04838081
v -0.05905790 -0.06925891 0.04785000
v -0.06603916 -0.06812818 0.05746649
v -0.06609125 -0.06811975 0.05745516
v -0.06609125 -0.06811975 0.05285000
v -0.06471749 -0.06834225 0.05798872
v -0.06487645 -0.06831650 0.05810364
v -0.06599900 -0.06813469 0.05766009
v -0.06505839 -0.06828704 0.05817554
v -0.06591314 -0.06814859 0.05783779
v -0.06578688 -0.06816906 0.05798872
v -0.06441312 -0.06839155 0.05285000
v -0.06441312 -0.06839155 0.05745516
v -0.06446521 -0.06838311 0.05746649
v -0.06450538 -0.06837661 0.05766009
v -0.06459122 -0.06836270 0.05783779
v -0.06562793 -0.06819480 0.05810364
v -0.06525219 -0.06825564 0.05820000
v -0.06544598 -0.06822426 0.05817554
v -0.06280902 -0.06865136 0.05285000
v -0.06300645 -0.06861937 0.05375000
v -0.06302579 -0.06861624 0.05360118
v -0.06308248 -0.06860707 0.05346250
v -0.06317269 -0.06859246 0.05334341
v -0.06329024 -0.06857341 0.05325203
v -0.06406562 -0.06844783 0.05403750
v -0.06397540 -0.06846244 0.05415658
v -0.06385785 -0.06848149 0.05424796
v -0.06329024 -0.06857341 0.05424796
v -0.06317269 -0.06859246 0.05415658
v -0.06280902 -0.06865136 0.05710640
v -0.06372095 -0.06850365 0.05319459
v -0.06357405 -0.06852745 0.05317500
v -0.06342714 -0.06855123 0.05319459
v -0.06385785 -0.06848149 0.05325203
v -0.06397540 -0.06846244 0.05334341
v -0.06406562 -0.06844783 0.05346250
v -0.06412233 -0.06843866 0.05360118
v -0.06414167 -0.06843551 0.05375000
v -0.06412233 -0.06843866 0.05389882
v -0.06308248 -0.06860707 0.05403750
v -0.06302579 -0.06861624 0.05389882
v -0.06372095 -0.06850365 0.05430541
v -0.06357405 -0.06852745 0.05432500
v -0.06342714 -0.06855123 0.05430541
v -0.06223154 -0.06874488 0.05285000
v -0.06213528 -0.06876047 0.05695991
v -0.06141716 -0.06887678 0.05285000
v -0.06141716 -0.06887678 0.05659383
v -0.06000661 -0.06910524 0.05587478
v -0.05726051 -0.06955002 0.05285000
v -0.05821666 -0.06939515 0.05428116
v -0.05905790 -0.06925891 0.05285000
v -0.05905790 -0.06925891 0.05503013
v -0.05688101 -0.06961148 0.05228197
v -0.05905790 -0.06925891 0.05090000
v -0.05639815 -0.06968969 0.05090000
v -0.05905790 -0.06925891 0.05012500
v -0.05612738 -0.06973355 0.05012500
v -0.05888716 -0.06928656 0.04913750
v -0.05608589 -0.06974026 0.05000627
v -0.05883045 -0.06929573 0.04899882
v -0.05596918 -0.06975917 0.04862500
v -0.05881111 -0.06929888 0.04885000
v -0.05883045 -0.06929573 0.04870118
v -0.05886161 -0.06929069 0.04862500
v -0.05590369 -0.06976977 0.04785000
v -0.05888716 -0.06928656 0.04856250
v -0.05905790 -0.06925891 0.04422500
v -0.05628443 -0.06970810 0.04522155
v -0.05905790 -0.06925891 0.04517500
v -0.05609811 -0.06973828 0.04632500
v -0.05905790 -0.06925891 0.04632500
v -0.05588266 -0.06977318 0.04760103
v -0.05815866 -0.06940454 0.04190000
v -0.05726525 -0.06954924 0.04302148
v -0.05672871 -0.06963615 0.04422500
v -0.05876181 -0.06930687 0.04114288
v -0.05905790 -0.06925891 0.04190000
v -0.05905790 -0.06925891 0.04092095
v -0.06008452 -0.06909262 0.04190000
v -0.06008452 -0.06909262 0.04015148
v -0.06067746 -0.06899659 0.03970705
v -0.06141716 -0.06887678 0.04190000
v -0.06141716 -0.06887678 0.03940585
v -0.06223154 -0.06874488 0.03907423
v -0.06288851 -0.06863848 0.03880671
v -0.06441312 -0.06839155 0.03860888
v -0.06553599 -0.06820968 0.04150204
v -0.06565354 -0.06819065 0.04159341
v -0.06609125 -0.06811975 0.03860888
v -0.06574374 -0.06817604 0.04171250
v -0.06470392 -0.06834446 0.04185118
v -0.06476062 -0.06833526 0.04171250
v -0.06485083 -0.06832065 0.04159341
v -0.06496839 -0.06830162 0.04150204
v -0.06510528 -0.06827945 0.04144459
v -0.06525219 -0.06825564 0.03850000
v -0.06525219 -0.06825564 0.04142500
v -0.06539910 -0.06823185 0.04144459
v -0.06713761 -0.06795027 0.03874466
v -0.06761586 -0.06787282 0.03880671
v -0.06908721 -0.06763451 0.04190000
v -0.06908721 -0.06763451 0.03940585
v -0.06960546 -0.06755057 0.04190000
v -0.07234571 -0.06710675 0.04190000
v -0.07174256 -0.06720443 0.04114288
v -0.06982692 -0.06751471 0.03970705
v -0.06960546 -0.06755057 0.03961688
v -0.07034827 -0.06743026 0.04500204
v -0.07048517 -0.06740808 0.04494459
v -0.06960546 -0.06755057 0.04422500
v -0.07063208 -0.06738430 0.04492500
v -0.07109523 -0.06730928 0.04517500
v -0.07419918 -0.06680655 0.04517500
v -0.07103344 -0.06731929 0.04509341
v -0.07377566 -0.06687516 0.04422500
v -0.07091588 -0.06733834 0.04500204
v -0.07077900 -0.06736050 0.04494459
v -0.07323912 -0.06696205 0.04302148
v -0.07112363 -0.06730468 0.04521250
v -0.07118035 -0.06729550 0.04535118
v -0.07421994 -0.06680320 0.04522155
v -0.07119968 -0.06729238 0.04550000
v -0.07440625 -0.06677301 0.04632500
v -0.07118035 -0.06729550 0.04564882
v -0.07112363 -0.06730468 0.04578750
v -0.07023072 -0.06744931 0.04590658
v -0.07014051 -0.06746392 0.04578750
v -0.06960546 -0.06755057 0.04632500
v -0.07008381 -0.06747309 0.04564882
v -0.06960546 -0.06755057 0.04517500
v -0.07006447 -0.06747622 0.04550000
v -0.07008381 -0.06747309 0.04535118
v -0.07014051 -0.06746392 0.04521250
v -0.07016893 -0.06745932 0.04517500
v -0.07023072 -0.06744931 0.04509341
v -0.07103344 -0.06731929 0.04590658
v -0.07091588 -0.06733834 0.04599797
v -0.07077900 -0.06736050 0.04605540
v -0.07063208 -0.06738430 0.04607500
v -0.07048517 -0.06740808 0.04605540
v -0.07034827 -0.06743026 0.04599797
v -0.07063408 -0.06738398 0.04856250
v -0.07072429 -0.06736937 0.04844341
v -0.06960546 -0.06755057 0.04785000
v -0.07060853 -0.06738810 0.04862500
v -0.07127256 -0.06728057 0.04829459
v -0.07140944 -0.06725840 0.04835203
v -0.07460067 -0.06674153 0.04785000
v -0.07084185 -0.06735031 0.04835203
v -0.07097873 -0.06732815 0.04829459
v -0.07112564 -0.06730436 0.04827500
v -0.07164276 -0.06722060 0.04862500
v -0.07453518 -0.06675213 0.04862500
v -0.07161721 -0.06722473 0.04856250
v -0.07152700 -0.06723934 0.04844341
v -0.07462170 -0.06673812 0.04760103
v -0.07167392 -0.06721556 0.04870118
v -0.07169326 -0.06721242 0.04885000
v -0.07441848 -0.06677103 0.05000627
v -0.07167392 -0.06721556 0.04899882
v -0.07437699 -0.06677775 0.05012500
v -0.07161721 -0.06722473 0.04913750
v -0.07055804 -0.06739630 0.04885000
v -0.07057738 -0.06739315 0.04870118
v -0.07152700 -0.06723934 0.04925658
v -0.07140944 -0.06725840 0.04934796
v -0.07127256 -0.06728057 0.04940541
v -0.07057738 -0.06739315 0.04899882
v -0.06960546 -0.06755057 0.05012500
v -0.07063408 -0.06738398 0.04913750
v -0.07072429 -0.06736937 0.04925658
v -0.07112564 -0.06730436 0.04942500
v -0.07097873 -0.06732815 0.04940541
v -0.07084185 -0.06735031 0.04934796
v -0.06960546 -0.06755057 0.05090000
v -0.07410620 -0.06682161 0.05090000
v -0.06999784 -0.06748703 0.05145204
v -0.07011541 -0.06746798 0.05154341
v -0.06986094 -0.06750920 0.05139459
v -0.06971405 -0.06753299 0.05137500
v -0.07020559 -0.06745337 0.05166250
v -0.07026230 -0.06744419 0.05180118
v -0.07362336 -0.06689981 0.05228197
v -0.07028164 -0.06744105 0.05195000
v -0.07026230 -0.06744419 0.05209882
v -0.07020559 -0.06745337 0.05223750
v -0.07011541 -0.06746798 0.05235659
v -0.06999784 -0.06748703 0.05244796
v -0.06986094 -0.06750920 0.05250541
v -0.06971405 -0.06753299 0.05252500
v -0.06836908 -0.06775082 0.05695991
v -0.06908721 -0.06763451 0.05659383
v -0.06908721 -0.06763451 0.05285000
v -0.06960546 -0.06755057 0.05632965
v -0.07049775 -0.06740605 0.05587478
v -0.06713761 -0.06795027 0.05321993
v -0.06721412 -0.06793788 0.05325203
v -0.06769535 -0.06785994 0.05285000
v -0.06733168 -0.06791884 0.05334341
v -0.06742187 -0.06790425 0.05346250
v -0.06713761 -0.06795027 0.05428006
v -0.06713761 -0.06795027 0.05722766
v -0.06721412 -0.06793788 0.05424796
v -0.06769535 -0.06785994 0.05710640
v -0.06733168 -0.06791884 0.05415658
v -0.06742187 -0.06790425 0.05403750
v -0.06747858 -0.06789505 0.05360118
v -0.06749792 -0.06789193 0.05375000
v -0.06747858 -0.06789505 0.05389882
v -0.06664651 -0.06802983 0.05424796
v -0.06652896 -0.06804885 0.05415658
v -0.06643875 -0.06806346 0.05403750
v -0.06643875 -0.06806346 0.05346250
v -0.06652896 -0.06804885 0.05334341
v -0.06664651 -0.06802983 0.05325203
v -0.06678341 -0.06800764 0.05319459
v -0.06693032 -0.06798384 0.05317500
v -0.06713761 -0.06795027 0.05285000
v -0.06707722 -0.06796006 0.05319459
v -0.06707722 -0.06796006 0.05430541
v -0.06693032 -0.06798384 0.05432500
v -0.06678341 -0.06800764 0.05430541
v -0.06638205 -0.06807265 0.05389882
v -0.06636271 -0.06807579 0.05375000
v -0.06638205 -0.06807265 0.05360118
v -0.06470392 -0.06834446 0.04214882
v -0.06468458 -0.06834758 0.04200000
v -0.06469757 -0.06834549 0.04190000
v -0.06553599 -0.06820968 0.04249797
v -0.06539910 -0.06823185 0.04255541
v -0.06609125 -0.06811975 0.04422500
v -0.06565354 -0.06819065 0.04240658
v -0.06581980 -0.06816371 0.04200000
v -0.06580046 -0.06816685 0.04214882
v -0.06574374 -0.06817604 0.04228750
v -0.06441312 -0.06839155 0.04422500
v -0.06525219 -0.06825564 0.04257500
v -0.06510528 -0.06827945 0.04255541
v -0.06496839 -0.06830162 0.04249797
v -0.06485083 -0.06832065 0.04240658
v -0.06476062 -0.06833526 0.04228750
v -0.06008452 -0.06909262 0.04862500
v -0.05989583 -0.06912320 0.04862500
v -0.05992698 -0.06911814 0.04870118
v -0.05966252 -0.06916098 0.04934796
v -0.05952563 -0.06918315 0.04940541
v -0.06008452 -0.06909262 0.05012500
v -0.05937872 -0.06920694 0.04942500
v -0.05923181 -0.06923073 0.04940541
v -0.05978007 -0.06914193 0.04925658
v -0.05909492 -0.06925290 0.04934796
v -0.05905790 -0.06925891 0.04931919
v -0.05897736 -0.06927195 0.04925658
v -0.05994632 -0.06911502 0.04885000
v -0.05992698 -0.06911814 0.04899882
v -0.05987028 -0.06912732 0.04913750
v -0.05987028 -0.06912732 0.04856250
v -0.06008452 -0.06909262 0.04785000
v -0.05978007 -0.06914193 0.04844341
v -0.05909492 -0.06925290 0.04835203
v -0.05923181 -0.06923073 0.04829459
v -0.05937872 -0.06920694 0.04827500
v -0.05952563 -0.06918315 0.04829459
v -0.05966252 -0.06916098 0.04835203
v -0.06842875 -0.06774116 0.04953750
v -0.06833857 -0.06775576 0.04965658
v -0.06808410 -0.06779699 0.04869459
v -0.06822100 -0.06777481 0.04875204
v -0.06833857 -0.06775576 0.04884341
v -0.06842875 -0.06774116 0.04896250
v -0.06793719 -0.06782077 0.04867500
v -0.06769535 -0.06785994 0.04862500
v -0.06779029 -0.06784456 0.04869459
v -0.06848545 -0.06773197 0.04910118
v -0.06850480 -0.06772885 0.04925000
v -0.06848545 -0.06773197 0.04939882
v -0.06822100 -0.06777481 0.04974797
v -0.06808410 -0.06779699 0.04980540
v -0.06793719 -0.06782077 0.04982500
v -0.06765339 -0.06786674 0.04974797
v -0.06753585 -0.06788578 0.04965658
v -0.06713761 -0.06795027 0.05012500
v -0.06744564 -0.06790039 0.04953750
v -0.06744564 -0.06790039 0.04896250
v -0.06753585 -0.06788578 0.04884341
v -0.06713761 -0.06795027 0.04862500
v -0.06765339 -0.06786674 0.04875204
v -0.06769535 -0.06785994 0.04873443
v -0.06738893 -0.06790957 0.04939882
v -0.06736959 -0.06791270 0.04925000
v -0.06738893 -0.06790957 0.04910118
v -0.06280902 -0.06865136 0.04862500
v -0.06280902 -0.06865136 0.04873443
v -0.06285097 -0.06864457 0.04875204
v -0.06305873 -0.06861091 0.04896250
v -0.06311543 -0.06860173 0.04910118
v -0.06441312 -0.06839155 0.04862500
v -0.06313477 -0.06859859 0.04925000
v -0.06441312 -0.06839155 0.05012500
v -0.06311543 -0.06860173 0.04939882
v -0.06305873 -0.06861091 0.04953750
v -0.06296852 -0.06862552 0.04965658
v -0.06280902 -0.06865136 0.05012500
v -0.06285097 -0.06864457 0.04974797
v -0.06280902 -0.06865136 0.04976557
v -0.06296852 -0.06862552 0.04884341
v -0.06216581 -0.06875553 0.04884341
v -0.06223154 -0.06874488 0.04879232
v -0.06223154 -0.06874488 0.04862500
v -0.06228337 -0.06873649 0.04875204
v -0.06242026 -0.06871431 0.04869459
v -0.06256716 -0.06869052 0.04867500
v -0.06271408 -0.06866674 0.04869459
v -0.06199956 -0.06878247 0.04925000
v -0.06201891 -0.06877932 0.04910118
v -0.06141716 -0.06887678 0.04862500
v -0.06207561 -0.06877014 0.04896250
v -0.06201891 -0.06877932 0.04939882
v -0.06141716 -0.06887678 0.05012500
v -0.06207561 -0.06877014 0.04953750
v -0.06271408 -0.06866674 0.04980540
v -0.06256716 -0.06869052 0.04982500
v -0.06223154 -0.06874488 0.05012500
v -0.06242026 -0.06871431 0.04980540
v -0.06228337 -0.06873649 0.04974797
v -0.06223154 -0.06874488 0.04970768
v -0.06216581 -0.06875553 0.04965658
v -0.06943023 -0.06757895 0.05145204
v -0.06956713 -0.06755678 0.05139459
v -0.06960546 -0.06755057 0.05138948
v -0.06931269 -0.06759800 0.05154341
v -0.06908721 -0.06763451 0.05090000
v -0.06922248 -0.06761261 0.05166250
v -0.06916577 -0.06762178 0.05180118
v -0.06960546 -0.06755057 0.05251052
v -0.06956713 -0.06755678 0.05250541
v -0.06943023 -0.06757895 0.05244796
v -0.06931269 -0.06759800 0.05235659
v -0.06922248 -0.06761261 0.05223750
v -0.06916577 -0.06762178 0.05209882
v -0.06914643 -0.06762491 0.05195000
v -0.06775705 -0.06784996 0.04550204
v -0.06787461 -0.06783091 0.04559341
v -0.06908721 -0.06763451 0.04517500
v -0.06769535 -0.06785994 0.04517500
v -0.06769535 -0.06785994 0.04547615
v -0.06796479 -0.06781630 0.04571250
v -0.06802150 -0.06780712 0.04585118
v -0.06908721 -0.06763451 0.04632500
v -0.06804084 -0.06780398 0.04600000
v -0.06802150 -0.06780712 0.04614882
v -0.06732634 -0.06791970 0.04544459
v -0.06747325 -0.06789592 0.04542500
v -0.06762014 -0.06787213 0.04544459
v -0.06713761 -0.06795027 0.04554232
v -0.06718943 -0.06794187 0.04550204
v -0.06713761 -0.06795027 0.04517500
v -0.06707188 -0.06796093 0.04640658
v -0.06701010 -0.06797094 0.04632500
v -0.06609125 -0.06811975 0.04632500
v -0.06698169 -0.06797554 0.04628750
v -0.06609125 -0.06811975 0.04517500
v -0.06698169 -0.06797554 0.04571250
v -0.06707188 -0.06796093 0.04559341
v -0.06692498 -0.06798471 0.04614882
v -0.06690564 -0.06798785 0.04600000
v -0.06692498 -0.06798471 0.04585118
v -0.06762014 -0.06787213 0.04655541
v -0.06747325 -0.06789592 0.04657500
v -0.06769535 -0.06785994 0.04785000
v -0.06732634 -0.06791970 0.04655541
v -0.06908721 -0.06763451 0.04785000
v -0.06775705 -0.06784996 0.04649796
v -0.06769535 -0.06785994 0.04652385
v -0.06796479 -0.06781630 0.04628750
v -0.06793640 -0.06782090 0.04632500
v -0.06787461 -0.06783091 0.04640658
v -0.06343247 -0.06855037 0.04559341
v -0.06441312 -0.06839155 0.04517500
v -0.06331492 -0.06856942 0.04550204
v -0.06317803 -0.06859159 0.04544459
v -0.06274732 -0.06866134 0.04550204
v -0.06280902 -0.06865136 0.04547615
v -0.06280902 -0.06865136 0.04517500
v -0.06288422 -0.06863917 0.04544459
v -0.06303112 -0.06861538 0.04542500
v -0.06352268 -0.06853576 0.04571250
v -0.06357939 -0.06852658 0.04585118
v -0.06441312 -0.06839155 0.04632500
v -0.06359873 -0.06852346 0.04600000
v -0.06357939 -0.06852658 0.04614882
v -0.06253956 -0.06869500 0.04571250
v -0.06262977 -0.06868039 0.04559341
v -0.06253956 -0.06869500 0.04628750
v -0.06248286 -0.06870417 0.04614882
v -0.06223154 -0.06874488 0.04632500
v -0.06246352 -0.06870732 0.04600000
v -0.06248286 -0.06870417 0.04585118
v -0.06223154 -0.06874488 0.04785000
v -0.06262977 -0.06868039 0.04640658
v -0.06256797 -0.06869039 0.04632500
v -0.06352268 -0.06853576 0.04628750
v -0.06349428 -0.06854037 0.04632500
v -0.06441312 -0.06839155 0.04785000
v -0.06343247 -0.06855037 0.04640658
v -0.06331492 -0.06856942 0.04649796
v -0.06317803 -0.06859159 0.04655541
v -0.06280902 -0.06865136 0.04785000
v -0.06303112 -0.06861538 0.04657500
v -0.06288422 -0.06863917 0.04655541
v -0.06280902 -0.06865136 0.04652385
v -0.06274732 -0.06866134 0.04649796
v -0.06027364 -0.06906200 0.04590658
v -0.06015609 -0.06908104 0.04599797
v -0.06008452 -0.06909262 0.04632500
v -0.06036385 -0.06904740 0.04521250
v -0.06042055 -0.06903820 0.04535118
v -0.06141716 -0.06887678 0.04517500
v -0.06043989 -0.06903508 0.04550000
v -0.06141716 -0.06887678 0.04632500
v -0.06042055 -0.06903820 0.04564882
v -0.06036385 -0.06904740 0.04578750
v -0.06141716 -0.06887678 0.04422500
v -0.06027364 -0.06906200 0.04509341
v -0.06033544 -0.06905198 0.04517500
v -0.05987229 -0.06912699 0.04492500
v -0.06001919 -0.06910321 0.04494459
v -0.06008452 -0.06909262 0.04422500
v -0.06008452 -0.06909262 0.04497201
v -0.06015609 -0.06908104 0.04500204
v -0.05972538 -0.06915079 0.04494459
v -0.05958848 -0.06917298 0.04500204
v -0.06008452 -0.06909262 0.04602799
v -0.06001919 -0.06910321 0.04605540
v -0.05987229 -0.06912699 0.04607500
v -0.05932403 -0.06921580 0.04535118
v -0.05938073 -0.06920661 0.04521250
v -0.05940913 -0.06920201 0.04517500
v -0.05947093 -0.06919200 0.04509341
v -0.05947093 -0.06919200 0.04590658
v -0.05958848 -0.06917298 0.04599797
v -0.05972538 -0.06915079 0.04605540
v -0.05938073 -0.06920661 0.04578750
v -0.05932403 -0.06921580 0.04564882
v -0.05930468 -0.06921894 0.04550000
v -0.06244534 -0.06871025 0.04254341
v -0.06253554 -0.06869564 0.04266250
v -0.06232778 -0.06872929 0.04245203
v -0.06259225 -0.06868647 0.04280118
v -0.06261159 -0.06868333 0.04295000
v -0.06259225 -0.06868647 0.04309882
v -0.06253554 -0.06869564 0.04323750
v -0.06244534 -0.06871025 0.04335659
v -0.06232778 -0.06872929 0.04344796
v -0.06223154 -0.06874488 0.04348835
v -0.06219089 -0.06875148 0.04350541
v -0.06204399 -0.06877526 0.04352500
v -0.06189708 -0.06879905 0.04350541
v -0.06176018 -0.06882122 0.04344796
v -0.06147638 -0.06886721 0.04295000
v -0.06149572 -0.06886406 0.04280118
v -0.06155243 -0.06885488 0.04266250
v -0.06164263 -0.06884027 0.04254341
v -0.06164263 -0.06884027 0.04335659
v -0.06155243 -0.06885488 0.04323750
v -0.06149572 -0.06886406 0.04309882
v -0.06176018 -0.06882122 0.04245203
v -0.06189708 -0.06879905 0.04239459
v -0.06204399 -0.06877526 0.04237500
v -0.06470392 -0.06834446 0.04814882
v -0.06468458 -0.06834758 0.04800000
v -0.06579996 -0.06816693 0.04785000
v -0.06580046 -0.06816685 0.04785118
v -0.06609125 -0.06811975 0.04785000
v -0.06581980 -0.06816371 0.04800000
v -0.06609125 -0.06811975 0.04862500
v -0.06510528 -0.06827945 0.04855541
v -0.06496839 -0.06830162 0.04849796
v -0.06485083 -0.06832065 0.04840658
v -0.06476062 -0.06833526 0.04828750
v -0.06580046 -0.06816685 0.04814882
v -0.06574374 -0.06817604 0.04828750
v -0.06565354 -0.06819065 0.04840658
v -0.06553599 -0.06820968 0.04849796
v -0.06539910 -0.06823185 0.04855541
v -0.06525219 -0.06825564 0.04857500
v -0.06574374 -0.06817604 0.04771250
v -0.06470392 -0.06834446 0.04785118
v -0.06470440 -0.06834436 0.04785000
v -0.06476062 -0.06833526 0.04771250
v -0.06485083 -0.06832065 0.04759341
v -0.06496839 -0.06830162 0.04750204
v -0.06510528 -0.06827945 0.04744459
v -0.06525219 -0.06825564 0.04742500
v -0.06539910 -0.06823185 0.04744459
v -0.06553599 -0.06820968 0.04750204
v -0.06565354 -0.06819065 0.04759341
v -0.06476062 -0.06833526 0.05128750
v -0.06470392 -0.06834446 0.05114882
v -0.06441312 -0.06839155 0.05090000
v -0.06468458 -0.06834758 0.05100000
v -0.06469757 -0.06834549 0.05090000
v -0.06510528 -0.06827945 0.05155540
v -0.06496839 -0.06830162 0.05149797
v -0.06485083 -0.06832065 0.05140658
v -0.06580680 -0.06816582 0.05090000
v -0.06581980 -0.06816371 0.05100000
v -0.06609125 -0.06811975 0.05090000
v -0.06580046 -0.06816685 0.05114882
v -0.06574374 -0.06817604 0.05128750
v -0.06565354 -0.06819065 0.05140658
v -0.06553599 -0.06820968 0.05149797
v -0.06539910 -0.06823185 0.05155540
v -0.06525219 -0.06825564 0.05157500
v -0.06476062 -0.06833526 0.05071250
v -0.06485083 -0.06832065 0.05059341
v -0.06525219 -0.06825564 0.05042500
v -0.06539910 -0.06823185 0.05044459
v -0.06609125 -0.06811975 0.05012500
v -0.06553599 -0.06820968 0.05050204
v -0.06470392 -0.06834446 0.05085118
v -0.06565354 -0.06819065 0.05059341
v -0.06574374 -0.06817604 0.05071250
v -0.06580046 -0.06816685 0.05085118
v -0.06496839 -0.06830162 0.05050204
v -0.06510528 -0.06827945 0.05044459
v -0.06791211 -0.06782483 0.04280118
v -0.06796882 -0.06781565 0.04266250
v -0.06805902 -0.06780104 0.04254341
v -0.06860728 -0.06771225 0.04239459
v -0.06874418 -0.06769007 0.04245203
v -0.06886174 -0.06767102 0.04254341
v -0.06895195 -0.06765641 0.04266250
v -0.06831346 -0.06775983 0.04350541
v -0.06817659 -0.06778199 0.04344796
v -0.06805902 -0.06780104 0.04335659
v -0.06900864 -0.06764724 0.04280118
v -0.06902798 -0.06764410 0.04295000
v -0.06908721 -0.06763451 0.04422500
v -0.06900864 -0.06764724 0.04309882
v -0.06895195 -0.06765641 0.04323750
v -0.06886174 -0.06767102 0.04335659
v -0.06796882 -0.06781565 0.04323750
v -0.06791211 -0.06782483 0.04309882
v -0.06817659 -0.06778199 0.04245203
v -0.06831346 -0.06775983 0.04239459
v -0.06846038 -0.06773603 0.04237500
v -0.06874418 -0.06769007 0.04344796
v -0.06860728 -0.06771225 0.04350541
v -0.06846038 -0.06773603 0.04352500
v -0.06713761 -0.06795027 0.04422500
v -0.06713761 -0.06795027 0.04190000
v -0.06141716 -0.06887678 0.04785000
v -0.06713761 -0.06795027 0.05090000
v -0.06141716 -0.06887678 0.05090000
v -0.06223154 -0.06874488 0.05090000
v -0.06280902 -0.06865136 0.05090000
v -0.06119168 -0.06891330 0.05235659
v -0.06107413 -0.06893235 0.05244796
v -0.06008452 -0.06909262 0.05090000
v -0.06024206 -0.06906711 0.05180118
v -0.06029877 -0.06905793 0.05166250
v -0.06079032 -0.06897831 0.05137500
v -0.06093723 -0.06895452 0.05139459
v -0.06107413 -0.06893235 0.05145204
v -0.06119168 -0.06891330 0.05154341
v -0.06128188 -0.06889869 0.05166250
v -0.06128188 -0.06889869 0.05223750
v -0.06050652 -0.06902427 0.05244796
v -0.06038896 -0.06904332 0.05235659
v -0.06029877 -0.06905793 0.05223750
v -0.06133859 -0.06888951 0.05180118
v -0.06135792 -0.06888639 0.05195000
v -0.06133859 -0.06888951 0.05209882
v -0.06038896 -0.06904332 0.05154341
v -0.06050652 -0.06902427 0.05145204
v -0.06064342 -0.06900210 0.05139459
v -0.06093723 -0.06895452 0.05250541
v -0.06079032 -0.06897831 0.05252500
v -0.06064342 -0.06900210 0.05250541
v -0.02214812 -0.07493307 0.06315843
v -0.02210374 -0.07494027 0.06326696
v -0.02253282 -0.07487078 0.06338343
v -0.02208860 -0.07494271 0.06338343
v -0.02210374 -0.07494027 0.06349990
v -0.02241785 -0.07488938 0.06294876
v -0.02231071 -0.07490674 0.06299372
v -0.02221871 -0.07492164 0.06306523
v -0.02275492 -0.07483480 0.06299372
v -0.02264779 -0.07485215 0.06294876
v -0.02253282 -0.07487078 0.06293343
v -0.02296189 -0.07480127 0.06326696
v -0.02291751 -0.07480846 0.06315843
v -0.02284692 -0.07481990 0.06306523
v -0.02291751 -0.07480846 0.06360843
v -0.02296189 -0.07480127 0.06349990
v -0.02297703 -0.07479882 0.06338343
v -0.02264779 -0.07485215 0.06381809
v -0.02275492 -0.07483480 0.06377314
v -0.02284692 -0.07481990 0.06370163
v -0.02231071 -0.07490674 0.06377314
v -0.02241785 -0.07488938 0.06381809
v -0.02253282 -0.07487078 0.06383343
v -0.02214812 -0.07493307 0.06360843
v -0.02221871 -0.07492164 0.06370163
v -0.02336589 -0.07473584 0.06508058
v -0.02332151 -0.07474303 0.06518911
v -0.02375058 -0.07467353 0.06530558
v -0.02330637 -0.07474549 0.06530558
v -0.02332151 -0.07474303 0.06542205
v -0.02363562 -0.07469215 0.06487091
v -0.02352848 -0.07470951 0.06491587
v -0.02343648 -0.07472441 0.06498738
v -0.02397269 -0.07463756 0.06491587
v -0.02386556 -0.07465491 0.06487091
v -0.02375058 -0.07467353 0.06485559
v -0.02417966 -0.07460405 0.06518911
v -0.02413528 -0.07461122 0.06508058
v -0.02406469 -0.07462265 0.06498738
v -0.02413528 -0.07461122 0.06553058
v -0.02417966 -0.07460405 0.06542205
v -0.02419480 -0.07460160 0.06530558
v -0.02386556 -0.07465491 0.06574025
v -0.02397269 -0.07463756 0.06569529
v -0.02406469 -0.07462265 0.06562377
v -0.02352848 -0.07470951 0.06569529
v -0.02363562 -0.07469215 0.06574025
v -0.02375058 -0.07467353 0.06575558
v -0.02336589 -0.07473584 0.06553058
v -0.02343648 -0.07472441 0.06562377
v -0.02279264 -0.07482869 0.06096772
v -0.02274826 -0.07483587 0.06107625
v -0.02317733 -0.07476638 0.06119272
v -0.02273312 -0.07483832 0.06119272
v -0.02274826 -0.07483587 0.06130919
v -0.02306236 -0.07478501 0.06075805
v -0.02295523 -0.07480236 0.06080301
v -0.02286323 -0.07481726 0.06087452
v -0.02339944 -0.07473040 0.06080301
v -0.02329230 -0.07474775 0.06075805
v -0.02317733 -0.07476638 0.06074272
v -0.02360641 -0.07469688 0.06107625
v -0.02356203 -0.07470407 0.06096772
v -0.02349144 -0.07471550 0.06087452
v -0.02356203 -0.07470407 0.06141772
v -0.02360641 -0.07469688 0.06130919
v -0.02362154 -0.07469443 0.06119272
v -0.02329230 -0.07474775 0.06162738
v -0.02339944 -0.07473040 0.06158243
v -0.02349144 -0.07471550 0.06151092
v -0.02295523 -0.07480236 0.06158243
v -0.02306236 -0.07478501 0.06162738
v -0.02317733 -0.07476638 0.06164272
v -0.02279264 -0.07482869 0.06141772
v -0.02286323 -0.07481726 0.06151092
v -0.02483769 -0.07449746 0.06002807
v -0.02479331 -0.07450465 0.06013660
v -0.02522239 -0.07443515 0.06025307
v -0.02477818 -0.07450711 0.06025307
v -0.02479331 -0.07450465 0.06036954
v -0.02510742 -0.07445378 0.05981840
v -0.02500028 -0.07447113 0.05986336
v -0.02490828 -0.07448603 0.05993487
v -0.02544449 -0.07439917 0.05986336
v -0.02533736 -0.07441653 0.05981840
v -0.02522239 -0.07443515 0.05980307
v -0.02565147 -0.07436567 0.06013660
v -0.02560709 -0.07437284 0.06002807
v -0.02553649 -0.07438427 0.05993487
v -0.02560709 -0.07437284 0.06047807
v -0.02565147 -0.07436567 0.06036954
v -0.02566660 -0.07436322 0.06025307
v -0.02533736 -0.07441653 0.06068774
v -0.02544449 -0.07439917 0.06064278
v -0.02553649 -0.07438427 0.06057127
v -0.02500028 -0.07447113 0.06064278
v -0.02510742 -0.07445378 0.06068774
v -0.02522239 -0.07443515 0.06070307
v -0.02483769 -0.07449746 0.06047807
v -0.02490828 -0.07448603 0.06057127
v -0.02632216 -0.07425703 0.06508089
v -0.02627779 -0.07426422 0.06518943
v -0.02670686 -0.07419472 0.06530590
v -0.02626265 -0.07426667 0.06530590
v -0.02627779 -0.07426422 0.06542237
v -0.02659189 -0.07421334 0.06487123
v -0.02648476 -0.07423069 0.06491617
v -0.02639276 -0.07424559 0.06498770
v -0.02692897 -0.07415876 0.06491617
v -0.02682183 -0.07417611 0.06487123
v -0.02670686 -0.07419472 0.06485589
v -0.02713594 -0.07412522 0.06518943
v -0.02709156 -0.07413241 0.06508089
v -0.02702097 -0.07414386 0.06498770
v -0.02709156 -0.07413241 0.06553089
v -0.02713594 -0.07412522 0.06542237
v -0.02715107 -0.07412278 0.06530590
v -0.02682183 -0.07417611 0.06574057
v -0.02692897 -0.07415876 0.06569561
v -0.02702097 -0.07414386 0.06562408
v -0.02648476 -0.07423069 0.06569561
v -0.02659189 -0.07421334 0.06574057
v -0.02670686 -0.07419472 0.06575589
v -0.02632216 -0.07425703 0.06553089
v -0.02639276 -0.07424559 0.06562408
v -0.02752531 -0.07406216 0.06316011
v -0.02748094 -0.07406935 0.06326865
v -0.02791001 -0.07399985 0.06338511
v -0.02746580 -0.07407180 0.06338511
v -0.02748094 -0.07406935 0.06350158
v -0.02779504 -0.07401847 0.06295045
v -0.02768791 -0.07403582 0.06299540
v -0.02759591 -0.07405072 0.06306691
v -0.02813212 -0.07396389 0.06299540
v -0.02802498 -0.07398124 0.06295045
v -0.02791001 -0.07399985 0.06293511
v -0.02833909 -0.07393035 0.06326865
v -0.02829471 -0.07393754 0.06316011
v -0.02822411 -0.07394899 0.06306691
v -0.02829471 -0.07393754 0.06361011
v -0.02833909 -0.07393035 0.06350158
v -0.02835422 -0.07392791 0.06338511
v -0.02802498 -0.07398124 0.06381978
v -0.02813212 -0.07396389 0.06377482
v -0.02822411 -0.07394899 0.06370331
v -0.02768791 -0.07403582 0.06377482
v -0.02779504 -0.07401847 0.06381978
v -0.02791001 -0.07399985 0.06383511
v -0.02752531 -0.07406216 0.06361011
v -0.02759591 -0.07405072 0.06370331
v -0.02688925 -0.07416518 0.06097084
v -0.02684488 -0.07417237 0.06107937
v -0.02727395 -0.07410287 0.06119584
v -0.02682974 -0.07417482 0.06119584
v -0.02684488 -0.07417237 0.06131230
v -0.02715898 -0.07412149 0.06076117
v -0.02705185 -0.07413884 0.06080612
v -0.02695985 -0.07415374 0.06087764
v -0.02749606 -0.07406691 0.06080612
v -0.02738892 -0.07408425 0.06076117
v -0.02727395 -0.07410287 0.06074584
v -0.02770303 -0.07403337 0.06107937
v -0.02765865 -0.07404056 0.06097084
v -0.02758806 -0.07405201 0.06087764
v -0.02765865 -0.07404056 0.06142084
v -0.02770303 -0.07403337 0.06131230
v -0.02771816 -0.07403093 0.06119584
v -0.02738892 -0.07408425 0.06163050
v -0.02749606 -0.07406691 0.06158555
v -0.02758806 -0.07405201 0.06151403
v -0.02705185 -0.07413884 0.06158555
v -0.02715898 -0.07412149 0.06163050
v -0.02727395 -0.07410287 0.06164584
v -0.02688925 -0.07416518 0.06142084
v -0.02695985 -0.07415374 0.06151403
v -0.02484050 -0.07449701 0.06277500
v -0.02479612 -0.07450419 0.06288353
v -0.02522520 -0.07443470 0.06300000
v -0.02478099 -0.07450664 0.06300000
v -0.02479612 -0.07450419 0.06311647
v -0.02511023 -0.07445331 0.06256533
v -0.02500309 -0.07447068 0.06261029
v -0.02491109 -0.07448558 0.06268180
v -0.02544730 -0.07439872 0.06261029
v -0.02534017 -0.07441607 0.06256533
v -0.02522520 -0.07443470 0.06255000
v -0.02565427 -0.07436520 0.06288353
v -0.02560990 -0.07437239 0.06277500
v -0.02553930 -0.07438382 0.06268180
v -0.02560990 -0.07437239 0.06322500
v -0.02565427 -0.07436520 0.06311647
v -0.02566941 -0.07436275 0.06300000
v -0.02534017 -0.07441607 0.06343467
v -0.02544730 -0.07439872 0.06338971
v -0.02553930 -0.07438382 0.06331820
v -0.02500309 -0.07447068 0.06338971
v -0.02511023 -0.07445331 0.06343467
v -0.02522520 -0.07443470 0.06345000
v -0.02484050 -0.07449701 0.06322500
v -0.02491109 -0.07448558 0.06331820
v -0.02253282 -0.07487078 0.06293343
v -0.02272467 -0.07605533 0.06293343
v -0.02241785 -0.07488938 0.06294876
v -0.02260970 -0.07607396 0.06294876
v -0.02231071 -0.07490674 0.06299372
v -0.02250257 -0.07609130 0.06299372
v -0.02221871 -0.07492164 0.06306523
v -0.02241057 -0.07610620 0.06306523
v -0.02214812 -0.07493307 0.06315843
v -0.02233997 -0.07611764 0.06315843
v -0.02210374 -0.07494027 0.06326696
v -0.02229560 -0.07612482 0.06326696
v -0.02208860 -0.07494271 0.06338343
v -0.02228046 -0.07612728 0.06338343
v -0.02210374 -0.07494027 0.06349990
v -0.02229560 -0.07612482 0.06349990
v -0.02214812 -0.07493307 0.06360843
v -0.02233997 -0.07611764 0.06360843
v -0.02221871 -0.07492164 0.06370163
v -0.02241057 -0.07610620 0.06370163
v -0.02231071 -0.07490674 0.06377314
v -0.02250257 -0.07609130 0.06377314
v -0.02241785 -0.07488938 0.06381809
v -0.02260970 -0.07607396 0.06381809
v -0.02253282 -0.07487078 0.06383343
v -0.02272467 -0.07605533 0.06383343
v -0.02264779 -0.07485215 0.06381809
v -0.02283964 -0.07603672 0.06381809
v -0.02275492 -0.07483480 0.06377314
v -0.02294678 -0.07601937 0.06377314
v -0.02284692 -0.07481990 0.06370163
v -0.02303878 -0.07600447 0.06370163
v -0.02291751 -0.07480846 0.06360843
v -0.02310937 -0.07599302 0.06360843
v -0.02296189 -0.07480127 0.06349990
v -0.02315375 -0.07598584 0.06349990
v -0.02297703 -0.07479882 0.06338343
v -0.02316888 -0.07598339 0.06338343
v -0.02296189 -0.07480127 0.06326696
v -0.02315375 -0.07598584 0.06326696
v -0.02291751 -0.07480846 0.06315843
v -0.02310937 -0.07599302 0.06315843
v -0.02284692 -0.07481990 0.06306523
v -0.02303878 -0.07600447 0.06306523
v -0.02275492 -0.07483480 0.06299372
v -0.02294678 -0.07601937 0.06299372
v -0.02264779 -0.07485215 0.06294876
v -0.02283964 -0.07603672 0.06294876
v -0.02375058 -0.07467353 0.06485559
v -0.02394244 -0.07585810 0.06485559
v -0.02363562 -0.07469215 0.06487091
v -0.02382747 -0.07587671 0.06487091
v -0.02352848 -0.07470951 0.06491587
v -0.02372034 -0.07589408 0.06491587
v -0.02343648 -0.07472441 0.06498738
v -0.02362834 -0.07590898 0.06498738
v -0.02336589 -0.07473584 0.06508058
v -0.02355775 -0.07592041 0.06508058
v -0.02332151 -0.07474303 0.06518911
v -0.02351337 -0.07592759 0.06518911
v -0.02330637 -0.07474549 0.06530558
v -0.02349823 -0.07593004 0.06530558
v -0.02332151 -0.07474303 0.06542205
v -0.02351337 -0.07592759 0.06542205
v -0.02336589 -0.07473584 0.06553058
v -0.02355775 -0.07592041 0.06553058
v -0.02343648 -0.07472441 0.06562377
v -0.02362834 -0.07590898 0.06562377
v -0.02352848 -0.07470951 0.06569529
v -0.02372034 -0.07589408 0.06569529
v -0.02363562 -0.07469215 0.06574025
v -0.02382747 -0.07587671 0.06574025
v -0.02375058 -0.07467353 0.06575558
v -0.02394244 -0.07585810 0.06575558
v -0.02386556 -0.07465491 0.06574025
v -0.02405741 -0.07583947 0.06574025
v -0.02397269 -0.07463756 0.06569529
v -0.02416455 -0.07582212 0.06569529
v -0.02406469 -0.07462265 0.06562377
v -0.02425655 -0.07580722 0.06562377
v -0.02413528 -0.07461122 0.06553058
v -0.02432714 -0.07579580 0.06553058
v -0.02417966 -0.07460405 0.06542205
v -0.02437152 -0.07578860 0.06542205
v -0.02419480 -0.07460160 0.06530558
v -0.02438665 -0.07578614 0.06530558
v -0.02417966 -0.07460405 0.06518911
v -0.02437152 -0.07578860 0.06518911
v -0.02413528 -0.07461122 0.06508058
v -0.02432714 -0.07579580 0.06508058
v -0.02406469 -0.07462265 0.06498738
v -0.02425655 -0.07580722 0.06498738
v -0.02397269 -0.07463756 0.06491587
v -0.02416455 -0.07582212 0.06491587
v -0.02386556 -0.07465491 0.06487091
v -0.02405741 -0.07583947 0.06487091
v -0.02317733 -0.07476638 0.06074272
v -0.02336919 -0.07595095 0.06074272
v -0.02306236 -0.07478501 0.06075805
v -0.02325422 -0.07596955 0.06075805
v -0.02295523 -0.07480236 0.06080301
v -0.02314709 -0.07598691 0.06080301
v -0.02286323 -0.07481726 0.06087452
v -0.02305509 -0.07600181 0.06087452
v -0.02279264 -0.07482869 0.06096772
v -0.02298449 -0.07601326 0.06096772
v -0.02274826 -0.07483587 0.06107625
v -0.02294012 -0.07602044 0.06107625
v -0.02273312 -0.07483832 0.06119272
v -0.02292498 -0.07602289 0.06119272
v -0.02274826 -0.07483587 0.06130919
v -0.02294012 -0.07602044 0.06130919
v -0.02279264 -0.07482869 0.06141772
v -0.02298449 -0.07601326 0.06141772
v -0.02286323 -0.07481726 0.06151092
v -0.02305509 -0.07600181 0.06151092
v -0.02295523 -0.07480236 0.06158243
v -0.02314709 -0.07598691 0.06158243
v -0.02306236 -0.07478501 0.06162738
v -0.02325422 -0.07596955 0.06162738
v -0.02317733 -0.07476638 0.06164272
v -0.02336919 -0.07595095 0.06164272
v -0.02329230 -0.07474775 0.06162738
v -0.02348416 -0.07593232 0.06162738
v -0.02339944 -0.07473040 0.06158243
v -0.02359130 -0.07591497 0.06158243
v -0.02349144 -0.07471550 0.06151092
v -0.02368330 -0.07590007 0.06151092
v -0.02356203 -0.07470407 0.06141772
v -0.02375389 -0.07588864 0.06141772
v -0.02360641 -0.07469688 0.06130919
v -0.02379827 -0.07588145 0.06130919
v -0.02362154 -0.07469443 0.06119272
v -0.02381340 -0.07587899 0.06119272
v -0.02360641 -0.07469688 0.06107625
v -0.02379827 -0.07588145 0.06107625
v -0.02356203 -0.07470407 0.06096772
v -0.02375389 -0.07588864 0.06096772
v -0.02349144 -0.07471550 0.06087452
v -0.02368330 -0.07590007 0.06087452
v -0.02339944 -0.07473040 0.06080301
v -0.02359130 -0.07591497 0.06080301
v -0.02329230 -0.07474775 0.06075805
v -0.02348416 -0.07593232 0.06075805
v -0.02522239 -0.07443515 0.05980307
v -0.02541425 -0.07561972 0.05980307
v -0.02510742 -0.07445378 0.05981840
v -0.02529928 -0.07563833 0.05981840
v -0.02500028 -0.07447113 0.05986336
v -0.02519214 -0.07565570 0.05986336
v -0.02490828 -0.07448603 0.05993487
v -0.02510014 -0.07567060 0.05993487
v -0.02483769 -0.07449746 0.06002807
v -0.02502955 -0.07568203 0.06002807
v -0.02479331 -0.07450465 0.06013660
v -0.02498517 -0.07568920 0.06013660
v -0.02477818 -0.07450711 0.06025307
v -0.02497003 -0.07569166 0.06025307
v -0.02479331 -0.07450465 0.06036954
v -0.02498517 -0.07568920 0.06036954
v -0.02483769 -0.07449746 0.06047807
v -0.02502955 -0.07568203 0.06047807
v -0.02490828 -0.07448603 0.06057127
v -0.02510014 -0.07567060 0.06057127
v -0.02500028 -0.07447113 0.06064278
v -0.02519214 -0.07565570 0.06064278
v -0.02510742 -0.07445378 0.06068774
v -0.02529928 -0.07563833 0.06068774
v -0.02522239 -0.07443515 0.06070307
v -0.02541425 -0.07561972 0.06070307
v -0.02533736 -0.07441653 0.06068774
v -0.02552922 -0.07560109 0.06068774
v -0.02544449 -0.07439917 0.06064278
v -0.02563635 -0.07558374 0.06064278
v -0.02553649 -0.07438427 0.06057127
v -0.02572835 -0.07556884 0.06057127
v -0.02560709 -0.07437284 0.06047807
v -0.02579895 -0.07555741 0.06047807
v -0.02565147 -0.07436567 0.06036954
v -0.02584332 -0.07555022 0.06036954
v -0.02566660 -0.07436322 0.06025307
v -0.02585846 -0.07554776 0.06025307
v -0.02565147 -0.07436567 0.06013660
v -0.02584332 -0.07555022 0.06013660
v -0.02560709 -0.07437284 0.06002807
v -0.02579895 -0.07555741 0.06002807
v -0.02553649 -0.07438427 0.05993487
v -0.02572835 -0.07556884 0.05993487
v -0.02544449 -0.07439917 0.05986336
v -0.02563635 -0.07558374 0.05986336
v -0.02533736 -0.07441653 0.05981840
v -0.02552922 -0.07560109 0.05981840
v -0.02670686 -0.07419472 0.06485589
v -0.02689872 -0.07537928 0.06485589
v -0.02659189 -0.07421334 0.06487123
v -0.02678375 -0.07539791 0.06487123
v -0.02648476 -0.07423069 0.06491617
v -0.02667661 -0.07541526 0.06491617
v -0.02639276 -0.07424559 0.06498770
v -0.02658461 -0.07543016 0.06498770
v -0.02632216 -0.07425703 0.06508089
v -0.02651402 -0.07544159 0.06508089
v -0.02627779 -0.07426422 0.06518943
v -0.02646964 -0.07544878 0.06518943
v -0.02626265 -0.07426667 0.06530590
v -0.02645451 -0.07545124 0.06530590
v -0.02627779 -0.07426422 0.06542237
v -0.02646964 -0.07544878 0.06542237
v -0.02632216 -0.07425703 0.06553089
v -0.02651402 -0.07544159 0.06553089
v -0.02639276 -0.07424559 0.06562408
v -0.02658461 -0.07543016 0.06562408
v -0.02648476 -0.07423069 0.06569561
v -0.02667661 -0.07541526 0.06569561
v -0.02659189 -0.07421334 0.06574057
v -0.02678375 -0.07539791 0.06574057
v -0.02670686 -0.07419472 0.06575589
v -0.02689872 -0.07537928 0.06575589
v -0.02682183 -0.07417611 0.06574057
v -0.02701369 -0.07536066 0.06574057
v -0.02692897 -0.07415876 0.06569561
v -0.02712082 -0.07534330 0.06569561
v -0.02702097 -0.07414386 0.06562408
v -0.02721282 -0.07532840 0.06562408
v -0.02709156 -0.07413241 0.06553089
v -0.02728342 -0.07531697 0.06553089
v -0.02713594 -0.07412522 0.06542237
v -0.02732779 -0.07530980 0.06542237
v -0.02715107 -0.07412278 0.06530590
v -0.02734293 -0.07530735 0.06530590
v -0.02713594 -0.07412522 0.06518943
v -0.02732779 -0.07530980 0.06518943
v -0.02709156 -0.07413241 0.06508089
v -0.02728342 -0.07531697 0.06508089
v -0.02702097 -0.07414386 0.06498770
v -0.02721282 -0.07532840 0.06498770
v -0.02692897 -0.07415876 0.06491617
v -0.02712082 -0.07534330 0.06491617
v -0.02682183 -0.07417611 0.06487123
v -0.02701369 -0.07536066 0.06487123
v -0.02791001 -0.07399985 0.06293511
v -0.02810187 -0.07518441 0.06293511
v -0.02779504 -0.07401847 0.06295045
v -0.02798690 -0.07520304 0.06295045
v -0.02768791 -0.07403582 0.06299540
v -0.02787976 -0.07522039 0.06299540
v -0.02759591 -0.07405072 0.06306691
v -0.02778776 -0.07523529 0.06306691
v -0.02752531 -0.07406216 0.06316011
v -0.02771717 -0.07524672 0.06316011
v -0.02748094 -0.07406935 0.06326865
v -0.02767279 -0.07525391 0.06326865
v -0.02746580 -0.07407180 0.06338511
v -0.02765766 -0.07525637 0.06338511
v -0.02748094 -0.07406935 0.06350158
v -0.02767279 -0.07525391 0.06350158
v -0.02752531 -0.07406216 0.06361011
v -0.02771717 -0.07524672 0.06361011
v -0.02759591 -0.07405072 0.06370331
v -0.02778776 -0.07523529 0.06370331
v -0.02768791 -0.07403582 0.06377482
v -0.02787976 -0.07522039 0.06377482
v -0.02779504 -0.07401847 0.06381978
v -0.02798690 -0.07520304 0.06381978
v -0.02791001 -0.07399985 0.06383511
v -0.02810187 -0.07518441 0.06383511
v -0.02802498 -0.07398124 0.06381978
v -0.02821684 -0.07516579 0.06381978
v -0.02813212 -0.07396389 0.06377482
v -0.02832397 -0.07514843 0.06377482
v -0.02822411 -0.07394899 0.06370331
v -0.02841597 -0.07513354 0.06370331
v -0.02829471 -0.07393754 0.06361011
v -0.02848657 -0.07512210 0.06361011
v -0.02833909 -0.07393035 0.06350158
v -0.02853094 -0.07511493 0.06350158
v -0.02835422 -0.07392791 0.06338511
v -0.02854608 -0.07511248 0.06338511
v -0.02833909 -0.07393035 0.06326865
v -0.02853094 -0.07511493 0.06326865
v -0.02829471 -0.07393754 0.06316011
v -0.02848657 -0.07512210 0.06316011
v -0.02822411 -0.07394899 0.06306691
v -0.02841597 -0.07513354 0.06306691
v -0.02813212 -0.07396389 0.06299540
v -0.02832397 -0.07514843 0.06299540
v -0.02802498 -0.07398124 0.06295045
v -0.02821684 -0.07516579 0.06295045
v -0.02727395 -0.07410287 0.06074584
v -0.02746581 -0.07528743 0.06074584
v -0.02715898 -0.07412149 0.06076117
v -0.02735084 -0.07530606 0.06076117
v -0.02705185 -0.07413884 0.06080612
v -0.02724370 -0.07532341 0.06080612
v -0.02695985 -0.07415374 0.06087764
v -0.02715170 -0.07533831 0.06087764
v -0.02688925 -0.07416518 0.06097084
v -0.02708111 -0.07534974 0.06097084
v -0.02684488 -0.07417237 0.06107937
v -0.02703673 -0.07535694 0.06107937
v -0.02682974 -0.07417482 0.06119584
v -0.02702160 -0.07535939 0.06119584
v -0.02684488 -0.07417237 0.06131230
v -0.02703673 -0.07535694 0.06131230
v -0.02688925 -0.07416518 0.06142084
v -0.02708111 -0.07534974 0.06142084
v -0.02695985 -0.07415374 0.06151403
v -0.02715170 -0.07533831 0.06151403
v -0.02705185 -0.07413884 0.06158555
v -0.02724370 -0.07532341 0.06158555
v -0.02715898 -0.07412149 0.06163050
v -0.02735084 -0.07530606 0.06163050
v -0.02727395 -0.07410287 0.06164584
v -0.02746581 -0.07528743 0.06164584
v -0.02738892 -0.07408425 0.06163050
v -0.02758078 -0.07526881 0.06163050
v -0.02749606 -0.07406691 0.06158555
v -0.02768791 -0.07525145 0.06158555
v -0.02758806 -0.07405201 0.06151403
v -0.02777991 -0.07523656 0.06151403
v -0.02765865 -0.07404056 0.06142084
v -0.02785051 -0.07522512 0.06142084
v -0.02770303 -0.07403337 0.06131230
v -0.02789488 -0.07521794 0.06131230
v -0.02771816 -0.07403093 0.06119584
v -0.02791002 -0.07521550 0.06119584
v -0.02770303 -0.07403337 0.06107937
v -0.02789488 -0.07521794 0.06107937
v -0.02765865 -0.07404056 0.06097084
v -0.02785051 -0.07522512 0.06097084
v -0.02758806 -0.07405201 0.06087764
v -0.02777991 -0.07523656 0.06087764
v -0.02749606 -0.07406691 0.06080612
v -0.02768791 -0.07525145 0.06080612
v -0.02738892 -0.07408425 0.06076117
v -0.02758078 -0.07526881 0.06076117
v -0.02522520 -0.07443470 0.06255000
v -0.02541705 -0.07561927 0.06255000
v -0.02511023 -0.07445331 0.06256533
v -0.02530208 -0.07563788 0.06256533
v -0.02500309 -0.07447068 0.06261029
v -0.02519495 -0.07565523 0.06261029
v -0.02491109 -0.07448558 0.06268180
v -0.02510295 -0.07567013 0.06268180
v -0.02484050 -0.07449701 0.06277500
v -0.02503236 -0.07568156 0.06277500
v -0.02479612 -0.07450419 0.06288353
v -0.02498798 -0.07568875 0.06288353
v -0.02478099 -0.07450664 0.06300000
v -0.02497284 -0.07569120 0.06300000
v -0.02479612 -0.07450419 0.06311647
v -0.02498798 -0.07568875 0.06311647
v -0.02484050 -0.07449701 0.06322500
v -0.02503236 -0.07568156 0.06322500
v -0.02491109 -0.07448558 0.06331820
v -0.02510295 -0.07567013 0.06331820
v -0.02500309 -0.07447068 0.06338971
v -0.02519495 -0.07565523 0.06338971
v -0.02511023 -0.07445331 0.06343467
v -0.02530208 -0.07563788 0.06343467
v -0.02522520 -0.07443470 0.06345000
v -0.02541705 -0.07561927 0.06345000
v -0.02534017 -0.07441607 0.06343467
v -0.02553203 -0.07560064 0.06343467
v -0.02544730 -0.07439872 0.06338971
v -0.02563916 -0.07558329 0.06338971
v -0.02553930 -0.07438382 0.06331820
v -0.02573116 -0.07556839 0.06331820
v -0.02560990 -0.07437239 0.06322500
v -0.02580175 -0.07555696 0.06322500
v -0.02565427 -0.07436520 0.06311647
v -0.02584613 -0.07554976 0.06311647
v -0.02566941 -0.07436275 0.06300000
v -0.02586127 -0.07554731 0.06300000
v -0.02565427 -0.07436520 0.06288353
v -0.02584613 -0.07554976 0.06288353
v -0.02560990 -0.07437239 0.06277500
v -0.02580175 -0.07555696 0.06277500
v -0.02553930 -0.07438382 0.06268180
v -0.02573116 -0.07556839 0.06268180
v -0.02544730 -0.07439872 0.06261029
v -0.02563916 -0.07558329 0.06261029
v -0.02534017 -0.07441607 0.06256533
v -0.02553203 -0.07560064 0.06256533
v -0.02272467 -0.07605533 0.06383343
v -0.02296343 -0.07632058 0.06410799
v -0.02283964 -0.07603672 0.06381809
v -0.02296426 -0.07632045 0.06410788
v -0.02294678 -0.07601937 0.06377314
v -0.02314281 -0.07629152 0.06403295
v -0.02303878 -0.07600447 0.06370163
v -0.02329615 -0.07626668 0.06391376
v -0.02310937 -0.07599302 0.06360843
v -0.02341380 -0.07624762 0.06375843
v -0.02315375 -0.07598584 0.06349990
v -0.02348776 -0.07623565 0.06357755
v -0.02316888 -0.07598339 0.06338343
v -0.02351299 -0.07623156 0.06338343
v -0.02315375 -0.07598584 0.06326696
v -0.02348776 -0.07623565 0.06318932
v -0.02310937 -0.07599302 0.06315843
v -0.02341380 -0.07624762 0.06300843
v -0.02303878 -0.07600447 0.06306523
v -0.02329615 -0.07626668 0.06285310
v -0.02294678 -0.07601937 0.06299372
v -0.02314281 -0.07629152 0.06273391
v -0.02283964 -0.07603672 0.06294876
v -0.02296426 -0.07632045 0.06265899
v -0.02272467 -0.07605533 0.06293343
v -0.02241057 -0.07610620 0.06370163
v -0.02235454 -0.07641919 0.06399570
v -0.02250257 -0.07609130 0.06377314
v -0.02240246 -0.07641143 0.06403295
v -0.02260970 -0.07607396 0.06381809
v -0.02258102 -0.07638250 0.06410788
v -0.02277264 -0.07635147 0.06413344
v -0.02250257 -0.07609130 0.06299372
v -0.02235454 -0.07641919 0.06277116
v -0.02241057 -0.07610620 0.06306523
v -0.02224913 -0.07643626 0.06285310
v -0.02233997 -0.07611764 0.06315843
v -0.02213147 -0.07645531 0.06300843
v -0.02229560 -0.07612482 0.06326696
v -0.02205751 -0.07646730 0.06318932
v -0.02228046 -0.07612728 0.06338343
v -0.02203229 -0.07647139 0.06338343
v -0.02229560 -0.07612482 0.06349990
v -0.02205751 -0.07646730 0.06357755
v -0.02233997 -0.07611764 0.06360843
v -0.02213147 -0.07645531 0.06375843
v -0.02224913 -0.07643626 0.06391376
v -0.02296343 -0.07632058 0.06265887
v -0.02277264 -0.07635147 0.06263343
v -0.02260970 -0.07607396 0.06294876
v -0.02258102 -0.07638250 0.06265899
v -0.02240246 -0.07641143 0.06273391
v -0.02438665 -0.07578614 0.06530558
v -0.02472326 -0.07603554 0.06524791
v -0.02437152 -0.07578860 0.06518911
v -0.02470553 -0.07603841 0.06511146
v -0.02432714 -0.07579580 0.06508058
v -0.02463157 -0.07605040 0.06493058
v -0.02425655 -0.07580722 0.06498738
v -0.02437152 -0.07578860 0.06542205
v -0.02472326 -0.07603554 0.06536326
v -0.02473076 -0.07603434 0.06530558
v -0.02416455 -0.07582212 0.06569529
v -0.02443968 -0.07608146 0.06589361
v -0.02425655 -0.07580722 0.06562377
v -0.02451392 -0.07606945 0.06583591
v -0.02432714 -0.07579580 0.06553058
v -0.02463157 -0.07605040 0.06568058
v -0.02470553 -0.07603841 0.06549969
v -0.02451392 -0.07606945 0.06477526
v -0.02443968 -0.07608146 0.06471756
v -0.02416455 -0.07582212 0.06491587
v -0.02436058 -0.07609428 0.06465606
v -0.02405741 -0.07583947 0.06487091
v -0.02418202 -0.07612320 0.06458113
v -0.02394244 -0.07585810 0.06485559
v -0.02399041 -0.07615425 0.06455558
v -0.02382747 -0.07587671 0.06487091
v -0.02379879 -0.07618528 0.06458113
v -0.02372034 -0.07589408 0.06491587
v -0.02362023 -0.07621419 0.06465606
v -0.02362834 -0.07590898 0.06498738
v -0.02346690 -0.07623902 0.06477526
v -0.02355775 -0.07592041 0.06508058
v -0.02334924 -0.07625808 0.06493058
v -0.02351337 -0.07592759 0.06518911
v -0.02327528 -0.07627006 0.06511146
v -0.02349823 -0.07593004 0.06530558
v -0.02325006 -0.07627414 0.06530558
v -0.02351337 -0.07592759 0.06542205
v -0.02327528 -0.07627006 0.06549969
v -0.02355775 -0.07592041 0.06553058
v -0.02334924 -0.07625808 0.06568058
v -0.02362834 -0.07590898 0.06562377
v -0.02346690 -0.07623902 0.06583591
v -0.02372034 -0.07589408 0.06569529
v -0.02362023 -0.07621419 0.06595510
v -0.02382747 -0.07587671 0.06574025
v -0.02379879 -0.07618528 0.06603002
v -0.02394244 -0.07585810 0.06575558
v -0.02399041 -0.07615425 0.06605558
v -0.02405741 -0.07583947 0.06574025
v -0.02418202 -0.07612320 0.06603002
v -0.02436058 -0.07609428 0.06595510
v -0.02305509 -0.07600181 0.06151092
v -0.02296343 -0.07632058 0.06177729
v -0.02314709 -0.07598691 0.06158243
v -0.02304698 -0.07630704 0.06184223
v -0.02325422 -0.07596955 0.06162738
v -0.02322554 -0.07627813 0.06191716
v -0.02336919 -0.07595095 0.06164272
v -0.02341716 -0.07624707 0.06194272
v -0.02348416 -0.07593232 0.06162738
v -0.02360877 -0.07621605 0.06191716
v -0.02359130 -0.07591497 0.06158243
v -0.02378733 -0.07618712 0.06184223
v -0.02368330 -0.07590007 0.06151092
v -0.02394067 -0.07616230 0.06172305
v -0.02375389 -0.07588864 0.06141772
v -0.02294012 -0.07602044 0.06130919
v -0.02273722 -0.07635720 0.06147290
v -0.02298449 -0.07601326 0.06141772
v -0.02277599 -0.07635093 0.06156772
v -0.02289365 -0.07633187 0.06172305
v -0.02314709 -0.07598691 0.06080301
v -0.02296343 -0.07632058 0.06060815
v -0.02305509 -0.07600181 0.06087452
v -0.02289365 -0.07633187 0.06066239
v -0.02298449 -0.07601326 0.06096772
v -0.02277599 -0.07635093 0.06081772
v -0.02294012 -0.07602044 0.06107625
v -0.02270203 -0.07636290 0.06099860
v -0.02292498 -0.07602289 0.06119272
v -0.02267680 -0.07636699 0.06119272
v -0.02270203 -0.07636290 0.06138683
v -0.02405832 -0.07614325 0.06156772
v -0.02409709 -0.07613697 0.06147290
v -0.02379827 -0.07588145 0.06130919
v -0.02413228 -0.07613127 0.06138683
v -0.02381340 -0.07587899 0.06119272
v -0.02415751 -0.07612717 0.06119272
v -0.02379827 -0.07588145 0.06107625
v -0.02413228 -0.07613127 0.06099860
v -0.02375389 -0.07588864 0.06096772
v -0.02405832 -0.07614325 0.06081772
v -0.02368330 -0.07590007 0.06087452
v -0.02394067 -0.07616230 0.06066239
v -0.02359130 -0.07591497 0.06080301
v -0.02378733 -0.07618712 0.06054320
v -0.02348416 -0.07593232 0.06075805
v -0.02360877 -0.07621605 0.06046828
v -0.02336919 -0.07595095 0.06074272
v -0.02341716 -0.07624707 0.06044272
v -0.02325422 -0.07596955 0.06075805
v -0.02322554 -0.07627813 0.06046828
v -0.02304698 -0.07630704 0.06054320
v -0.02497003 -0.07569166 0.06025307
v -0.02472326 -0.07603554 0.06026387
v -0.02498517 -0.07568920 0.06036954
v -0.02474709 -0.07603168 0.06044718
v -0.02502955 -0.07568203 0.06047807
v -0.02482105 -0.07601970 0.06062807
v -0.02510014 -0.07567060 0.06057127
v -0.02493870 -0.07600064 0.06078340
v -0.02519214 -0.07565570 0.06064278
v -0.02509203 -0.07597581 0.06090259
v -0.02529928 -0.07563833 0.06068774
v -0.02527059 -0.07594690 0.06097751
v -0.02541425 -0.07561972 0.06070307
v -0.02546221 -0.07591585 0.06100307
v -0.02552922 -0.07560109 0.06068774
v -0.02565383 -0.07588482 0.06097751
v -0.02563635 -0.07558374 0.06064278
v -0.02583239 -0.07585591 0.06090259
v -0.02572835 -0.07556884 0.06057127
v -0.02598572 -0.07583107 0.06078340
v -0.02579895 -0.07555741 0.06047807
v -0.02610338 -0.07581202 0.06062807
v -0.02584332 -0.07555022 0.06036954
v -0.02617734 -0.07580004 0.06044718
v -0.02585846 -0.07554776 0.06025307
v -0.02620256 -0.07579596 0.06025307
v -0.02584332 -0.07555022 0.06013660
v -0.02498517 -0.07568920 0.06013660
v -0.02472326 -0.07603554 0.06024226
v -0.02472186 -0.07603576 0.06025307
v -0.02502955 -0.07568203 0.06002807
v -0.02478227 -0.07602598 0.05997289
v -0.02474709 -0.07603168 0.06005896
v -0.02617734 -0.07580004 0.06005896
v -0.02614215 -0.07580574 0.05997289
v -0.02579895 -0.07555741 0.06002807
v -0.02610338 -0.07581202 0.05987807
v -0.02572835 -0.07556884 0.05993487
v -0.02598572 -0.07583107 0.05972274
v -0.02563635 -0.07558374 0.05986336
v -0.02583239 -0.07585591 0.05960355
v -0.02552922 -0.07560109 0.05981840
v -0.02565383 -0.07588482 0.05952862
v -0.02541425 -0.07561972 0.05980307
v -0.02546221 -0.07591585 0.05950307
v -0.02529928 -0.07563833 0.05981840
v -0.02527059 -0.07594690 0.05952862
v -0.02519214 -0.07565570 0.05986336
v -0.02509203 -0.07597581 0.05960355
v -0.02510014 -0.07567060 0.05993487
v -0.02493870 -0.07600064 0.05972274
v -0.02482105 -0.07601970 0.05987807
v -0.02701369 -0.07536066 0.06487123
v -0.02712082 -0.07534330 0.06491617
v -0.02731686 -0.07561547 0.06465638
v -0.02747019 -0.07559063 0.06477556
v -0.02721282 -0.07532840 0.06498770
v -0.02758785 -0.07557157 0.06493090
v -0.02728342 -0.07531697 0.06508089
v -0.02766181 -0.07555960 0.06511177
v -0.02732779 -0.07530980 0.06518943
v -0.02768703 -0.07555552 0.06530590
v -0.02734293 -0.07530735 0.06530590
v -0.02766181 -0.07555960 0.06550000
v -0.02732779 -0.07530980 0.06542237
v -0.02758785 -0.07557157 0.06568090
v -0.02728342 -0.07531697 0.06553089
v -0.02747019 -0.07559063 0.06583622
v -0.02721282 -0.07532840 0.06562408
v -0.02731686 -0.07561547 0.06595541
v -0.02712082 -0.07534330 0.06569561
v -0.02713830 -0.07564438 0.06603035
v -0.02701369 -0.07536066 0.06574057
v -0.02709145 -0.07565197 0.06603659
v -0.02678375 -0.07539791 0.06574057
v -0.02694552 -0.07567562 0.06605574
v -0.02689872 -0.07537928 0.06575589
v -0.02694668 -0.07567543 0.06605590
v -0.02694785 -0.07567524 0.06605574
v -0.02658461 -0.07543016 0.06562408
v -0.02648987 -0.07574942 0.06588806
v -0.02667661 -0.07541526 0.06569561
v -0.02657651 -0.07573539 0.06595541
v -0.02675506 -0.07570646 0.06603035
v -0.02667661 -0.07541526 0.06491617
v -0.02648987 -0.07574942 0.06472371
v -0.02658461 -0.07543016 0.06498770
v -0.02642317 -0.07576021 0.06477556
v -0.02651402 -0.07544159 0.06508089
v -0.02630552 -0.07577927 0.06493090
v -0.02646964 -0.07544878 0.06518943
v -0.02623156 -0.07579126 0.06511177
v -0.02645451 -0.07545124 0.06530590
v -0.02620633 -0.07579535 0.06530590
v -0.02646964 -0.07544878 0.06542237
v -0.02623156 -0.07579126 0.06550000
v -0.02651402 -0.07544159 0.06553089
v -0.02630552 -0.07577927 0.06568090
v -0.02642317 -0.07576021 0.06583622
v -0.02713830 -0.07564438 0.06458145
v -0.02709145 -0.07565197 0.06457521
v -0.02689872 -0.07537928 0.06485589
v -0.02694668 -0.07567543 0.06455590
v -0.02678375 -0.07539791 0.06487123
v -0.02675506 -0.07570646 0.06458145
v -0.02657651 -0.07573539 0.06465638
v -0.02832397 -0.07514843 0.06377482
v -0.02857215 -0.07541215 0.06399410
v -0.02841597 -0.07513354 0.06370331
v -0.02867334 -0.07539576 0.06391545
v -0.02848657 -0.07512210 0.06361011
v -0.02879100 -0.07537670 0.06376012
v -0.02853094 -0.07511493 0.06350158
v -0.02886496 -0.07536473 0.06357923
v -0.02854608 -0.07511248 0.06338511
v -0.02889018 -0.07536065 0.06338511
v -0.02853094 -0.07511493 0.06326865
v -0.02886496 -0.07536473 0.06319100
v -0.02848657 -0.07512210 0.06316011
v -0.02879100 -0.07537670 0.06301012
v -0.02841597 -0.07513354 0.06306691
v -0.02810187 -0.07518441 0.06383511
v -0.02815615 -0.07547953 0.06413428
v -0.02821684 -0.07516579 0.06381978
v -0.02834145 -0.07544952 0.06410958
v -0.02852001 -0.07542060 0.06403463
v -0.02798690 -0.07520304 0.06381978
v -0.02814352 -0.07548159 0.06413428
v -0.02814983 -0.07548056 0.06413512
v -0.02867334 -0.07539576 0.06285479
v -0.02857215 -0.07541215 0.06277613
v -0.02832397 -0.07514843 0.06299540
v -0.02852001 -0.07542060 0.06273559
v -0.02821684 -0.07516579 0.06295045
v -0.02834145 -0.07544952 0.06266067
v -0.02810187 -0.07518441 0.06293511
v -0.02814983 -0.07548056 0.06263512
v -0.02798690 -0.07520304 0.06295045
v -0.02795821 -0.07551159 0.06266067
v -0.02787976 -0.07522039 0.06299540
v -0.02777966 -0.07554052 0.06273559
v -0.02778776 -0.07523529 0.06306691
v -0.02762632 -0.07556534 0.06285479
v -0.02771717 -0.07524672 0.06316011
v -0.02750867 -0.07558440 0.06301012
v -0.02767279 -0.07525391 0.06326865
v -0.02743471 -0.07559639 0.06319100
v -0.02765766 -0.07525637 0.06338511
v -0.02740948 -0.07560048 0.06338511
v -0.02767279 -0.07525391 0.06350158
v -0.02743471 -0.07559639 0.06357923
v -0.02771717 -0.07524672 0.06361011
v -0.02750867 -0.07558440 0.06376012
v -0.02778776 -0.07523529 0.06370331
v -0.02762632 -0.07556534 0.06391545
v -0.02787976 -0.07522039 0.06377482
v -0.02777966 -0.07554052 0.06403463
v -0.02795821 -0.07551159 0.06410958
v -0.02746581 -0.07528743 0.06164584
v -0.02752547 -0.07558168 0.06194428
v -0.02758078 -0.07526881 0.06163050
v -0.02770539 -0.07555255 0.06192028
v -0.02768791 -0.07525145 0.06158555
v -0.02788395 -0.07552362 0.06184536
v -0.02777991 -0.07523656 0.06151403
v -0.02803728 -0.07549878 0.06172617
v -0.02785051 -0.07522512 0.06142084
v -0.02735084 -0.07530606 0.06163050
v -0.02750208 -0.07558548 0.06194428
v -0.02751377 -0.07558358 0.06194583
v -0.02715170 -0.07533831 0.06151403
v -0.02709145 -0.07565197 0.06180482
v -0.02724370 -0.07532341 0.06158555
v -0.02714360 -0.07564354 0.06184536
v -0.02732216 -0.07561461 0.06192028
v -0.02703673 -0.07535694 0.06131230
v -0.02683256 -0.07569391 0.06147290
v -0.02708111 -0.07534974 0.06142084
v -0.02687261 -0.07568743 0.06157084
v -0.02699027 -0.07566836 0.06172617
v -0.02724370 -0.07532341 0.06080612
v -0.02709145 -0.07565197 0.06058685
v -0.02715170 -0.07533831 0.06087764
v -0.02699027 -0.07566836 0.06066551
v -0.02708111 -0.07534974 0.06097084
v -0.02687261 -0.07568743 0.06082083
v -0.02703673 -0.07535694 0.06107937
v -0.02679865 -0.07569941 0.06100172
v -0.02702160 -0.07535939 0.06119584
v -0.02677342 -0.07570349 0.06119584
v -0.02679865 -0.07569941 0.06138995
v -0.02815494 -0.07547972 0.06157084
v -0.02819498 -0.07547325 0.06147290
v -0.02789488 -0.07521794 0.06131230
v -0.02822890 -0.07546775 0.06138995
v -0.02791002 -0.07521550 0.06119584
v -0.02825413 -0.07546366 0.06119584
v -0.02789488 -0.07521794 0.06107937
v -0.02822890 -0.07546775 0.06100172
v -0.02785051 -0.07522512 0.06097084
v -0.02815494 -0.07547972 0.06082083
v -0.02777991 -0.07523656 0.06087764
v -0.02803728 -0.07549878 0.06066551
v -0.02768791 -0.07525145 0.06080612
v -0.02788395 -0.07552362 0.06054632
v -0.02758078 -0.07526881 0.06076117
v -0.02770539 -0.07555255 0.06047139
v -0.02746581 -0.07528743 0.06074584
v -0.02751377 -0.07558358 0.06044584
v -0.02735084 -0.07530606 0.06076117
v -0.02732216 -0.07561461 0.06047139
v -0.02714360 -0.07564354 0.06054632
v -0.02586127 -0.07554731 0.06300000
v -0.02620397 -0.07579571 0.06298920
v -0.02584613 -0.07554976 0.06288353
v -0.02618015 -0.07579957 0.06280588
v -0.02580175 -0.07555696 0.06277500
v -0.02610618 -0.07581155 0.06262500
v -0.02573116 -0.07556839 0.06268180
v -0.02584613 -0.07554976 0.06311647
v -0.02620397 -0.07579571 0.06301080
v -0.02620537 -0.07579549 0.06300000
v -0.02519495 -0.07565523 0.06261029
v -0.02497747 -0.07599437 0.06244172
v -0.02510295 -0.07567013 0.06268180
v -0.02494151 -0.07600019 0.06246967
v -0.02503236 -0.07568156 0.06277500
v -0.02482386 -0.07601924 0.06262500
v -0.02498798 -0.07568875 0.06288353
v -0.02474989 -0.07603122 0.06280588
v -0.02497284 -0.07569120 0.06300000
v -0.02472467 -0.07603531 0.06300000
v -0.02498798 -0.07568875 0.06311647
v -0.02474989 -0.07603122 0.06319411
v -0.02503236 -0.07568156 0.06322500
v -0.02482386 -0.07601924 0.06337500
v -0.02510295 -0.07567013 0.06331820
v -0.02494151 -0.07600019 0.06353033
v -0.02519495 -0.07565523 0.06338971
v -0.02509484 -0.07597535 0.06364952
v -0.02530208 -0.07563788 0.06343467
v -0.02527340 -0.07594643 0.06372444
v -0.02541705 -0.07561927 0.06345000
v -0.02546502 -0.07591540 0.06375000
v -0.02553203 -0.07560064 0.06343467
v -0.02565664 -0.07588436 0.06372444
v -0.02563916 -0.07558329 0.06338971
v -0.02583520 -0.07585544 0.06364952
v -0.02573116 -0.07556839 0.06331820
v -0.02598853 -0.07583062 0.06353033
v -0.02580175 -0.07555696 0.06322500
v -0.02610618 -0.07581155 0.06337500
v -0.02618015 -0.07579957 0.06319411
v -0.02598853 -0.07583062 0.06246967
v -0.02595256 -0.07583644 0.06244172
v -0.02563916 -0.07558329 0.06261029
v -0.02583520 -0.07585544 0.06235048
v -0.02553203 -0.07560064 0.06256533
v -0.02565664 -0.07588436 0.06227555
v -0.02541705 -0.07561927 0.06255000
v -0.02546502 -0.07591540 0.06225000
v -0.02530208 -0.07563788 0.06256533
v -0.02527340 -0.07594643 0.06227555
v -0.02509484 -0.07597535 0.06235048
v -0.02440641 -0.07582940 0.06696128
v -0.02441115 -0.07583269 0.06696180
v -0.02437866 -0.07583834 0.06695620
v -0.02449102 -0.07588573 0.06695923
v -0.02449681 -0.07588942 0.06695827
v -0.02439540 -0.07590731 0.06693570
v -0.02457283 -0.07593698 0.06694076
v -0.02457872 -0.07594040 0.06693798
v -0.02441522 -0.07596833 0.06689910
v -0.02474723 -0.07602552 0.06678617
v -0.02474950 -0.07602616 0.06678141
v -0.02448064 -0.07607054 0.06671907
v -0.02620397 -0.07579571 0.06672419
v -0.02616360 -0.07580226 0.06673352
v -0.02617857 -0.07579515 0.06678161
v -0.02641077 -0.07554174 0.06696598
v -0.02643891 -0.07550428 0.06696184
v -0.02647151 -0.07549939 0.06695620
v -0.02744663 -0.07534144 0.06654705
v -0.02648212 -0.07544677 0.06695549
v -0.02644238 -0.07549966 0.06696133
v -0.02646678 -0.07546717 0.06695774
v -0.02634017 -0.07562909 0.06695212
v -0.02637539 -0.07558551 0.06695903
v -0.02647740 -0.07557009 0.06693570
v -0.02637977 -0.07558010 0.06695990
v -0.02627764 -0.07570095 0.06691755
v -0.02631394 -0.07565924 0.06693763
v -0.02647785 -0.07563425 0.06689910
v -0.02631860 -0.07565388 0.06694020
v -0.02623057 -0.07575045 0.06687224
v -0.02625843 -0.07572116 0.06689905
v -0.02647286 -0.07568798 0.06684864
v -0.02626262 -0.07571675 0.06690309
v -0.02620108 -0.07577806 0.06682962
v -0.02621232 -0.07576754 0.06684587
v -0.02646272 -0.07572799 0.06678739
v -0.02621566 -0.07576440 0.06685070
v -0.02617991 -0.07579452 0.06678588
v -0.02618023 -0.07579428 0.06678656
v -0.02644804 -0.07575190 0.06671907
v -0.02643588 -0.07575815 0.06667052
v -0.02736470 -0.07560342 0.06633442
v -0.02709145 -0.07565197 0.06639543
v -0.02648987 -0.07574942 0.06664786
v -0.02815186 -0.07547593 0.06572254
v -0.02764311 -0.07556263 0.06605574
v -0.02734058 -0.07561162 0.06629090
v -0.02875586 -0.07537810 0.06492514
v -0.02857215 -0.07541215 0.06508673
v -0.02811746 -0.07548581 0.06568701
v -0.02913556 -0.07531660 0.06399652
v -0.02894037 -0.07535251 0.06434536
v -0.02871358 -0.07538926 0.06490000
v -0.02926506 -0.07529563 0.06300000
v -0.02908832 -0.07532856 0.06398352
v -0.02902668 -0.07533854 0.06413428
v -0.02913556 -0.07531660 0.06200348
v -0.02914358 -0.07531961 0.06244172
v -0.02921614 -0.07530786 0.06300000
v -0.02875586 -0.07537810 0.06107487
v -0.02886605 -0.07536455 0.06147290
v -0.02908832 -0.07532856 0.06201649
v -0.02815186 -0.07547593 0.06027746
v -0.02857215 -0.07541215 0.06091329
v -0.02871358 -0.07538926 0.06110000
v -0.02736470 -0.07560342 0.05966558
v -0.02767994 -0.07555667 0.05997289
v -0.02811746 -0.07548581 0.06031299
v -0.02644804 -0.07575190 0.05928094
v -0.02709145 -0.07565197 0.05960456
v -0.02734058 -0.07561162 0.05970910
v -0.02546434 -0.07591121 0.05914975
v -0.02620397 -0.07579571 0.05929855
v -0.02643588 -0.07575815 0.05932948
v -0.02443968 -0.07608146 0.05935234
v -0.02449416 -0.07607264 0.05932948
v -0.02448064 -0.07607054 0.05928094
v -0.02472326 -0.07603554 0.05929892
v -0.02546502 -0.07591540 0.05920000
v -0.02358946 -0.07621917 0.05970910
v -0.02356398 -0.07621901 0.05966558
v -0.02325010 -0.07627414 0.05997289
v -0.02277682 -0.07634650 0.06027746
v -0.02296343 -0.07632058 0.06019573
v -0.02217282 -0.07644432 0.06107487
v -0.02235454 -0.07641919 0.06091769
v -0.02281258 -0.07634500 0.06031299
v -0.02179313 -0.07650582 0.06200348
v -0.02206398 -0.07646624 0.06147290
v -0.02221646 -0.07644155 0.06110000
v -0.02179313 -0.07650582 0.06399652
v -0.02171390 -0.07652295 0.06300000
v -0.02166362 -0.07652681 0.06300000
v -0.02178646 -0.07651120 0.06244172
v -0.02184172 -0.07650225 0.06201649
v -0.02198967 -0.07647828 0.06434536
v -0.02217282 -0.07644432 0.06492514
v -0.02190336 -0.07649227 0.06413428
v -0.02184172 -0.07650225 0.06398352
v -0.02296343 -0.07632058 0.06580427
v -0.02281258 -0.07634500 0.06568701
v -0.02277682 -0.07634650 0.06572254
v -0.02235454 -0.07641919 0.06508232
v -0.02221646 -0.07644155 0.06490000
v -0.02328693 -0.07626818 0.06605574
v -0.02356398 -0.07621901 0.06633442
v -0.02358946 -0.07621917 0.06629090
v -0.02443968 -0.07608146 0.06664766
v -0.02449416 -0.07607264 0.06667052
v -0.02475663 -0.07602816 0.06676641
v -0.02476644 -0.07602855 0.06673352
v -0.02472326 -0.07603554 0.06672354
v -0.02470532 -0.07600924 0.06685083
v -0.02470906 -0.07601084 0.06684584
v -0.02445917 -0.07605250 0.06678739
v -0.02473585 -0.07602230 0.06681008
v -0.02464066 -0.07597644 0.06690864
v -0.02464628 -0.07597935 0.06690393
v -0.02443691 -0.07601773 0.06684864
v -0.02465138 -0.07598198 0.06689968
v -0.02469794 -0.07600608 0.06686071
v -0.02455677 -0.07592765 0.06694838
v -0.02445031 -0.07585978 0.06696596
v -0.02437299 -0.07580629 0.06695774
v -0.02340355 -0.07599628 0.06654705
v -0.02435199 -0.07579177 0.06695549
v -0.02256620 -0.07613190 0.06589614
v -0.02338041 -0.07594912 0.06654059
v -0.02339343 -0.07594701 0.06655072
v -0.02192368 -0.07623597 0.06504789
v -0.02254623 -0.07608423 0.06588729
v -0.02255521 -0.07608277 0.06589914
v -0.02151978 -0.07630140 0.06406006
v -0.02190701 -0.07618776 0.06503772
v -0.02191203 -0.07618695 0.06505001
v -0.02138202 -0.07632370 0.06300000
v -0.02150621 -0.07625268 0.06404963
v -0.02150770 -0.07625245 0.06406116
v -0.02151978 -0.07630140 0.06193994
v -0.02137108 -0.07627456 0.06299012
v -0.02136980 -0.07627478 0.06300000
v -0.02192368 -0.07623597 0.06095212
v -0.02151084 -0.07625193 0.06193117
v -0.02150770 -0.07625245 0.06193884
v -0.02256620 -0.07613190 0.06010386
v -0.02191602 -0.07618631 0.06094473
v -0.02191203 -0.07618695 0.06095000
v -0.02340355 -0.07599628 0.05945296
v -0.02255912 -0.07608214 0.06009783
v -0.02255521 -0.07608277 0.06010086
v -0.02437866 -0.07583834 0.05904380
v -0.02339645 -0.07594652 0.05944802
v -0.02339343 -0.07594701 0.05944929
v -0.02542509 -0.07566886 0.05890424
v -0.02437117 -0.07578865 0.05903949
v -0.02436955 -0.07578892 0.05903970
v -0.02647151 -0.07549939 0.05904380
v -0.02646294 -0.07544986 0.05903949
v -0.02541705 -0.07561927 0.05890000
v -0.02744663 -0.07534144 0.05945296
v -0.02743765 -0.07529200 0.05944802
v -0.02646456 -0.07544960 0.05903970
v -0.02828397 -0.07520584 0.06010386
v -0.02827500 -0.07515638 0.06009783
v -0.02744068 -0.07529150 0.05944929
v -0.02892649 -0.07510176 0.06095212
v -0.02891809 -0.07505221 0.06094473
v -0.02827890 -0.07515573 0.06010086
v -0.02933040 -0.07503634 0.06193994
v -0.02932327 -0.07498659 0.06193117
v -0.02892208 -0.07505156 0.06095000
v -0.02946817 -0.07501403 0.06300000
v -0.02946303 -0.07496395 0.06299012
v -0.02932641 -0.07498608 0.06193884
v -0.02933040 -0.07503634 0.06406006
v -0.02932791 -0.07498584 0.06404963
v -0.02946431 -0.07496374 0.06300000
v -0.02892649 -0.07510176 0.06504789
v -0.02892711 -0.07505075 0.06503772
v -0.02932641 -0.07498608 0.06406116
v -0.02828397 -0.07520584 0.06589614
v -0.02828788 -0.07515429 0.06588729
v -0.02892208 -0.07505156 0.06505001
v -0.02744068 -0.07529150 0.06655072
v -0.02745370 -0.07528939 0.06654059
v -0.02827890 -0.07515573 0.06589914
v -0.02739622 -0.07557680 0.06639569
v -0.02819784 -0.07544696 0.06577256
v -0.02881295 -0.07534735 0.06496051
v -0.02919962 -0.07528472 0.06401483
v -0.02933150 -0.07526336 0.06300000
v -0.02919962 -0.07528472 0.06198517
v -0.02881295 -0.07534735 0.06103950
v -0.02819784 -0.07544696 0.06022744
v -0.02739622 -0.07557680 0.05960432
v -0.02646272 -0.07572799 0.05921261
v -0.02546095 -0.07589025 0.05907901
v -0.02445917 -0.07605250 0.05921261
v -0.02352567 -0.07620369 0.05960432
v -0.02272405 -0.07633353 0.06022744
v -0.02210894 -0.07643315 0.06103950
v -0.02172228 -0.07649578 0.06198517
v -0.02159039 -0.07651715 0.06300000
v -0.02172228 -0.07649578 0.06401483
v -0.02210894 -0.07643315 0.06496051
v -0.02272405 -0.07633353 0.06577256
v -0.02352567 -0.07620369 0.06639569
v -0.02742146 -0.07553434 0.06645060
v -0.02823604 -0.07540240 0.06581740
v -0.02886109 -0.07530117 0.06499221
v -0.02925402 -0.07523752 0.06403125
v -0.02938804 -0.07521582 0.06300000
v -0.02925402 -0.07523752 0.06196876
v -0.02886109 -0.07530117 0.06100780
v -0.02823604 -0.07540240 0.06018260
v -0.02742146 -0.07553434 0.05954941
v -0.02647286 -0.07568798 0.05915136
v -0.02545489 -0.07585286 0.05901560
v -0.02443691 -0.07601773 0.05915136
v -0.02348831 -0.07617138 0.05954941
v -0.02267373 -0.07630330 0.06018260
v -0.02204868 -0.07640454 0.06100780
v -0.02165576 -0.07646817 0.06196876
v -0.02152174 -0.07648989 0.06300000
v -0.02165576 -0.07646817 0.06403125
v -0.02204868 -0.07640454 0.06499221
v -0.02267373 -0.07630330 0.06581740
v -0.02348831 -0.07617138 0.06645060
v -0.02743889 -0.07547860 0.06649583
v -0.02826415 -0.07534494 0.06585434
v -0.02889740 -0.07524237 0.06501832
v -0.02929547 -0.07517791 0.06404476
v -0.02943124 -0.07515591 0.06300000
v -0.02929547 -0.07517791 0.06195524
v -0.02889740 -0.07524237 0.06098168
v -0.02826415 -0.07534494 0.06014567
v -0.02743889 -0.07547860 0.05950417
v -0.02647785 -0.07563425 0.05910091
v -0.02544654 -0.07580130 0.05896337
v -0.02441522 -0.07596833 0.05910091
v -0.02345418 -0.07612398 0.05950417
v -0.02262892 -0.07625764 0.06014567
v -0.02199568 -0.07636021 0.06098168
v -0.02159761 -0.07642469 0.06195524
v -0.02146183 -0.07644667 0.06300000
v -0.02159761 -0.07642469 0.06404476
v -0.02199568 -0.07636021 0.06501832
v -0.02262892 -0.07625764 0.06585434
v -0.02345418 -0.07612398 0.06649583
v -0.02744745 -0.07541298 0.06652864
v -0.02828046 -0.07527806 0.06588112
v -0.02891965 -0.07517453 0.06503727
v -0.02932146 -0.07510945 0.06405458
v -0.02945850 -0.07508726 0.06300000
v -0.02932146 -0.07510945 0.06194544
v -0.02891965 -0.07517453 0.06096274
v -0.02828046 -0.07527806 0.06011888
v -0.02744745 -0.07541298 0.05947137
v -0.02647740 -0.07557009 0.05906431
v -0.02543640 -0.07573870 0.05892548
v -0.02439540 -0.07590731 0.05906431
v -0.02342535 -0.07606443 0.05947137
v -0.02259234 -0.07619934 0.06011888
v -0.02195315 -0.07630286 0.06096274
v -0.02155134 -0.07636795 0.06194544
v -0.02141430 -0.07639013 0.06300000
v -0.02155134 -0.07636795 0.06405458
v -0.02195315 -0.07630286 0.06503727
v -0.02259234 -0.07619934 0.06588112
v -0.02342535 -0.07606443 0.06652864
v -0.02657651 -0.07573539 0.06595541
v -0.02648987 -0.07574942 0.06588806
v -0.02648987 -0.07574942 0.06605574
v -0.02474709 -0.07603168 0.06044718
v -0.02472326 -0.07603554 0.06026387
v -0.02472326 -0.07603554 0.06147290
v -0.02304698 -0.07630704 0.06184223
v -0.02296343 -0.07632058 0.06177729
v -0.02296343 -0.07632058 0.06194428
v -0.02902668 -0.07533854 0.06413428
v -0.02857215 -0.07541215 0.06413428
v -0.02857215 -0.07541215 0.06434536
v -0.02886605 -0.07536455 0.06147290
v -0.02857215 -0.07541215 0.06147290
v -0.02857215 -0.07541215 0.06194428
v -0.02648987 -0.07574942 0.05997289
v -0.02709145 -0.07565197 0.05997289
v -0.02443968 -0.07608146 0.05935234
v -0.02443968 -0.07608146 0.05997289
v -0.02224913 -0.07643626 0.06285310
v -0.02235454 -0.07641919 0.06277116
v -0.02235454 -0.07641919 0.06244172
v -0.02606357 -0.07581845 0.06614952
v -0.02613250 -0.07580729 0.06631810
v -0.02620397 -0.07579571 0.06605574
v -0.02615601 -0.07580349 0.06649900
v -0.02615983 -0.07580288 0.06671408
v -0.02615601 -0.07580349 0.06666606
v -0.02564459 -0.07588631 0.06582383
v -0.02581101 -0.07585936 0.06589365
v -0.02620397 -0.07579571 0.06434536
v -0.02595392 -0.07583622 0.06600473
v -0.02599254 -0.07582997 0.06605574
v -0.02511903 -0.07597145 0.06589365
v -0.02528544 -0.07594448 0.06582383
v -0.02472326 -0.07603554 0.06434536
v -0.02546403 -0.07591555 0.06580001
v -0.02546601 -0.07591523 0.06580001
v -0.02477403 -0.07602732 0.06649900
v -0.02479754 -0.07602352 0.06631810
v -0.02472326 -0.07603554 0.06605574
v -0.02477403 -0.07602732 0.06666606
v -0.02477021 -0.07602793 0.06671408
v -0.02443968 -0.07608146 0.06605574
v -0.02328693 -0.07626818 0.06605574
v -0.02443968 -0.07608146 0.06664766
v -0.02362023 -0.07621419 0.06465606
v -0.02296343 -0.07632058 0.06434536
v -0.02346690 -0.07623902 0.06477526
v -0.02334924 -0.07625808 0.06493058
v -0.02327528 -0.07627006 0.06549969
v -0.02325006 -0.07627414 0.06530558
v -0.02296343 -0.07632058 0.06580427
v -0.02379879 -0.07618528 0.06458113
v -0.02399041 -0.07615425 0.06455558
v -0.02443968 -0.07608146 0.06434536
v -0.02418202 -0.07612320 0.06458113
v -0.02379879 -0.07618528 0.06603002
v -0.02399041 -0.07615425 0.06605558
v -0.02418202 -0.07612320 0.06603002
v -0.02436058 -0.07609428 0.06595510
v -0.02327528 -0.07627006 0.06511146
v -0.02362023 -0.07621419 0.06595510
v -0.02346690 -0.07623902 0.06583591
v -0.02334924 -0.07625808 0.06568058
v -0.02198967 -0.07647828 0.06434536
v -0.02235454 -0.07641919 0.06434536
v -0.02235454 -0.07641919 0.06508232
v -0.02235454 -0.07641919 0.06413428
v -0.02190336 -0.07649227 0.06413428
v -0.02205751 -0.07646730 0.06357755
v -0.02213147 -0.07645531 0.06300843
v -0.02178646 -0.07651120 0.06244172
v -0.02205751 -0.07646730 0.06318932
v -0.02203229 -0.07647139 0.06338343
v -0.02206398 -0.07646624 0.06147290
v -0.02235454 -0.07641919 0.06147290
v -0.02235454 -0.07641919 0.06194428
v -0.02235454 -0.07641919 0.06091769
v -0.02270203 -0.07636290 0.06138683
v -0.02267680 -0.07636699 0.06119272
v -0.02270203 -0.07636290 0.06099860
v -0.02277599 -0.07635093 0.06081772
v -0.02289365 -0.07633187 0.06066239
v -0.02296343 -0.07632058 0.06019573
v -0.02296343 -0.07632058 0.06060815
v -0.02304698 -0.07630704 0.06054320
v -0.02325010 -0.07627414 0.05997289
v -0.02322554 -0.07627813 0.06046828
v -0.02341716 -0.07624707 0.06044272
v -0.02360877 -0.07621605 0.06046828
v -0.02378733 -0.07618712 0.06054320
v -0.02394067 -0.07616230 0.06066239
v -0.02415751 -0.07612717 0.06119272
v -0.02443968 -0.07608146 0.06147290
v -0.02413228 -0.07613127 0.06099860
v -0.02405832 -0.07614325 0.06081772
v -0.02614215 -0.07580574 0.05997289
v -0.02620397 -0.07579571 0.05997289
v -0.02610338 -0.07581202 0.05987807
v -0.02620397 -0.07579571 0.05929855
v -0.02598572 -0.07583107 0.05972274
v -0.02583239 -0.07585591 0.05960355
v -0.02472326 -0.07603554 0.05929892
v -0.02493870 -0.07600064 0.05972274
v -0.02509203 -0.07597581 0.05960355
v -0.02565383 -0.07588482 0.05952862
v -0.02546221 -0.07591585 0.05950307
v -0.02527059 -0.07594690 0.05952862
v -0.02767994 -0.07555667 0.05997289
v -0.02709145 -0.07565197 0.05960456
v -0.02822890 -0.07546775 0.06100172
v -0.02825413 -0.07546366 0.06119584
v -0.02709145 -0.07565197 0.06058685
v -0.02714360 -0.07564354 0.06054632
v -0.02732216 -0.07561461 0.06047139
v -0.02815494 -0.07547972 0.06082083
v -0.02857215 -0.07541215 0.06091329
v -0.02803728 -0.07549878 0.06066551
v -0.02751377 -0.07558358 0.06044584
v -0.02770539 -0.07555255 0.06047139
v -0.02788395 -0.07552362 0.06054632
v -0.02857215 -0.07541215 0.06244172
v -0.02914358 -0.07531961 0.06244172
v -0.02857215 -0.07541215 0.06277613
v -0.02889018 -0.07536065 0.06338511
v -0.02867334 -0.07539576 0.06285479
v -0.02879100 -0.07537670 0.06301012
v -0.02886496 -0.07536473 0.06319100
v -0.02857215 -0.07541215 0.06508673
v -0.02894037 -0.07535251 0.06434536
v -0.02709145 -0.07565197 0.06434536
v -0.02709145 -0.07565197 0.06457521
v -0.02713830 -0.07564438 0.06458145
v -0.02768703 -0.07555552 0.06530590
v -0.02766181 -0.07555960 0.06550000
v -0.02758785 -0.07557157 0.06568090
v -0.02764311 -0.07556263 0.06605574
v -0.02747019 -0.07559063 0.06583622
v -0.02731686 -0.07561547 0.06595541
v -0.02731686 -0.07561547 0.06465638
v -0.02747019 -0.07559063 0.06477556
v -0.02758785 -0.07557157 0.06493090
v -0.02766181 -0.07555960 0.06511177
v -0.02713830 -0.07564438 0.06603035
v -0.02709145 -0.07565197 0.06605574
v -0.02709145 -0.07565197 0.06639543
v -0.02709145 -0.07565197 0.06603659
v -0.02694785 -0.07567524 0.06605574
v -0.02694668 -0.07567543 0.06605590
v -0.02694552 -0.07567562 0.06605574
v -0.02648987 -0.07574942 0.06664786
v -0.02240246 -0.07641143 0.06273391
v -0.02258102 -0.07638250 0.06265899
v -0.02296343 -0.07632058 0.06244172
v -0.02277264 -0.07635147 0.06263343
v -0.02258102 -0.07638250 0.06410788
v -0.02240246 -0.07641143 0.06403295
v -0.02235454 -0.07641919 0.06399570
v -0.02224913 -0.07643626 0.06391376
v -0.02213147 -0.07645531 0.06375843
v -0.02277264 -0.07635147 0.06413344
v -0.02296343 -0.07632058 0.06413428
v -0.02296343 -0.07632058 0.06410799
v -0.02348776 -0.07623565 0.06357755
v -0.02341380 -0.07624762 0.06375843
v -0.02443968 -0.07608146 0.06413428
v -0.02296343 -0.07632058 0.06265887
v -0.02296426 -0.07632045 0.06265899
v -0.02443968 -0.07608146 0.06244172
v -0.02314281 -0.07629152 0.06273391
v -0.02329615 -0.07626668 0.06285310
v -0.02341380 -0.07624762 0.06300843
v -0.02348776 -0.07623565 0.06318932
v -0.02351299 -0.07623156 0.06338343
v -0.02329615 -0.07626668 0.06391376
v -0.02314281 -0.07629152 0.06403295
v -0.02296426 -0.07632045 0.06410788
v -0.02472326 -0.07603554 0.06536326
v -0.02470553 -0.07603841 0.06549969
v -0.02463157 -0.07605040 0.06568058
v -0.02451392 -0.07606945 0.06583591
v -0.02443968 -0.07608146 0.06589361
v -0.02486647 -0.07601236 0.06614952
v -0.02493750 -0.07600084 0.06605574
v -0.02497612 -0.07599459 0.06600473
v -0.02473076 -0.07603434 0.06530558
v -0.02472326 -0.07603554 0.06524791
v -0.02470553 -0.07603841 0.06511146
v -0.02463157 -0.07605040 0.06493058
v -0.02436058 -0.07609428 0.06465606
v -0.02443968 -0.07608146 0.06471756
v -0.02451392 -0.07606945 0.06477526
v -0.02289365 -0.07633187 0.06172305
v -0.02277599 -0.07635093 0.06156772
v -0.02273722 -0.07635720 0.06147290
v -0.02443968 -0.07608146 0.06194428
v -0.02394067 -0.07616230 0.06172305
v -0.02378733 -0.07618712 0.06184223
v -0.02413228 -0.07613127 0.06138683
v -0.02409709 -0.07613697 0.06147290
v -0.02405832 -0.07614325 0.06156772
v -0.02360877 -0.07621605 0.06191716
v -0.02341716 -0.07624707 0.06194272
v -0.02322554 -0.07627813 0.06191716
v -0.02472326 -0.07603554 0.06024226
v -0.02474709 -0.07603168 0.06005896
v -0.02472326 -0.07603554 0.05997289
v -0.02478227 -0.07602598 0.05997289
v -0.02482105 -0.07601970 0.05987807
v -0.02472186 -0.07603576 0.06025307
v -0.02509203 -0.07597581 0.06090259
v -0.02493870 -0.07600064 0.06078340
v -0.02482105 -0.07601970 0.06062807
v -0.02617734 -0.07580004 0.06044718
v -0.02620397 -0.07579571 0.06147290
v -0.02620256 -0.07579596 0.06025307
v -0.02617734 -0.07580004 0.06005896
v -0.02610338 -0.07581202 0.06062807
v -0.02598572 -0.07583107 0.06078340
v -0.02583239 -0.07585591 0.06090259
v -0.02565383 -0.07588482 0.06097751
v -0.02546221 -0.07591585 0.06100307
v -0.02527059 -0.07594690 0.06097751
v -0.02648987 -0.07574942 0.06472371
v -0.02657651 -0.07573539 0.06465638
v -0.02648987 -0.07574942 0.06434536
v -0.02675506 -0.07570646 0.06458145
v -0.02694668 -0.07567543 0.06455590
v -0.02642317 -0.07576021 0.06477556
v -0.02630552 -0.07577927 0.06493090
v -0.02642317 -0.07576021 0.06583622
v -0.02630552 -0.07577927 0.06568090
v -0.02623156 -0.07579126 0.06550000
v -0.02620633 -0.07579535 0.06530590
v -0.02623156 -0.07579126 0.06511177
v -0.02675506 -0.07570646 0.06603035
v -0.02814983 -0.07548056 0.06263512
v -0.02834145 -0.07544952 0.06266067
v -0.02852001 -0.07542060 0.06273559
v -0.02795821 -0.07551159 0.06410958
v -0.02777966 -0.07554052 0.06403463
v -0.02709145 -0.07565197 0.06413428
v -0.02762632 -0.07556534 0.06391545
v -0.02709145 -0.07565197 0.06244172
v -0.02743471 -0.07559639 0.06319100
v -0.02750867 -0.07558440 0.06301012
v -0.02762632 -0.07556534 0.06285479
v -0.02777966 -0.07554052 0.06273559
v -0.02795821 -0.07551159 0.06266067
v -0.02750867 -0.07558440 0.06376012
v -0.02743471 -0.07559639 0.06357923
v -0.02740948 -0.07560048 0.06338511
v -0.02814352 -0.07548159 0.06413428
v -0.02852001 -0.07542060 0.06403463
v -0.02834145 -0.07544952 0.06410958
v -0.02815615 -0.07547953 0.06413428
v -0.02814983 -0.07548056 0.06413512
v -0.02886496 -0.07536473 0.06357923
v -0.02879100 -0.07537670 0.06376012
v -0.02867334 -0.07539576 0.06391545
v -0.02857215 -0.07541215 0.06399410
v -0.02679865 -0.07569941 0.06138995
v -0.02677342 -0.07570349 0.06119584
v -0.02648987 -0.07574942 0.06147290
v -0.02699027 -0.07566836 0.06066551
v -0.02687261 -0.07568743 0.06082083
v -0.02679865 -0.07569941 0.06100172
v -0.02709145 -0.07565197 0.06180482
v -0.02699027 -0.07566836 0.06172617
v -0.02648987 -0.07574942 0.06194428
v -0.02687261 -0.07568743 0.06157084
v -0.02683256 -0.07569391 0.06147290
v -0.02750208 -0.07558548 0.06194428
v -0.02709145 -0.07565197 0.06194428
v -0.02732216 -0.07561461 0.06192028
v -0.02714360 -0.07564354 0.06184536
v -0.02803728 -0.07549878 0.06172617
v -0.02788395 -0.07552362 0.06184536
v -0.02770539 -0.07555255 0.06192028
v -0.02752547 -0.07558168 0.06194428
v -0.02751377 -0.07558358 0.06194583
v -0.02822890 -0.07546775 0.06138995
v -0.02819498 -0.07547325 0.06147290
v -0.02815494 -0.07547972 0.06157084
v -0.02595256 -0.07583644 0.06244172
v -0.02620397 -0.07579571 0.06244172
v -0.02583520 -0.07585544 0.06235048
v -0.02620397 -0.07579571 0.06194428
v -0.02565664 -0.07588436 0.06227555
v -0.02546502 -0.07591540 0.06225000
v -0.02482386 -0.07601924 0.06262500
v -0.02494151 -0.07600019 0.06246967
v -0.02472326 -0.07603554 0.06244172
v -0.02497747 -0.07599437 0.06244172
v -0.02472326 -0.07603554 0.06194428
v -0.02509484 -0.07597535 0.06235048
v -0.02527340 -0.07594643 0.06227555
v -0.02618015 -0.07579957 0.06319411
v -0.02610618 -0.07581155 0.06337500
v -0.02620397 -0.07579571 0.06413428
v -0.02598853 -0.07583062 0.06353033
v -0.02583520 -0.07585544 0.06364952
v -0.02482386 -0.07601924 0.06337500
v -0.02472326 -0.07603554 0.06413428
v -0.02494151 -0.07600019 0.06353033
v -0.02509484 -0.07597535 0.06364952
v -0.02565664 -0.07588436 0.06372444
v -0.02546502 -0.07591540 0.06375000
v -0.02527340 -0.07594643 0.06372444
v -0.02474989 -0.07603122 0.06319411
v -0.02472467 -0.07603531 0.06300000
v -0.02474989 -0.07603122 0.06280588
v -0.02620397 -0.07579571 0.06298920
v -0.02620537 -0.07579549 0.06300000
v -0.02648987 -0.07574942 0.06244172
v -0.02620397 -0.07579571 0.06301080
v -0.02598853 -0.07583062 0.06246967
v -0.02610618 -0.07581155 0.06262500
v -0.02618015 -0.07579957 0.06280588
v -0.02648987 -0.07574942 0.06413428
v -0.02421893 -0.06821557 0.06580001
v -0.02546601 -0.07591523 0.06580001
v -0.02421696 -0.06821589 0.06580001
v -0.02546403 -0.07591555 0.06580001
v -0.02490894 -0.06810382 0.06649900
v -0.02615601 -0.07580349 0.06649900
v -0.02488543 -0.06810763 0.06631810
v -0.02613250 -0.07580729 0.06631810
v -0.02481650 -0.06811879 0.06614952
v -0.02606357 -0.07581845 0.06614952
v -0.02599254 -0.07582997 0.06605574
v -0.02470684 -0.06813655 0.06600473
v -0.02595392 -0.07583622 0.06600473
v -0.02456394 -0.06815969 0.06589365
v -0.02581101 -0.07585936 0.06589365
v -0.02439752 -0.06818666 0.06582383
v -0.02564459 -0.07588631 0.06582383
v -0.02490894 -0.06810382 0.06666606
v -0.02615601 -0.07580349 0.06666606
v -0.02352695 -0.06832766 0.06649900
v -0.02477403 -0.07602732 0.06649900
v -0.02352695 -0.06832766 0.06666606
v -0.02477403 -0.07602732 0.06666606
v -0.02403837 -0.06824482 0.06582383
v -0.02528544 -0.07594448 0.06582383
v -0.02387195 -0.06827179 0.06589365
v -0.02511903 -0.07597145 0.06589365
v -0.02372905 -0.06829493 0.06600473
v -0.02497612 -0.07599459 0.06600473
v -0.02493750 -0.07600084 0.06605574
v -0.02361939 -0.06831269 0.06614952
v -0.02486647 -0.07601236 0.06614952
v -0.02355046 -0.06832386 0.06631810
v -0.02479754 -0.07602352 0.06631810
v -0.02616360 -0.07580226 0.06673352
v -0.02615983 -0.07580288 0.06671408
v -0.02491276 -0.06810321 0.06671408
v -0.02620108 -0.07577806 0.06682962
v -0.02618023 -0.07579428 0.06678656
v -0.02493388 -0.06809978 0.06678657
v -0.02617991 -0.07579452 0.06678588
v -0.02617857 -0.07579515 0.06678161
v -0.02625843 -0.07572116 0.06689905
v -0.02497222 -0.06809357 0.06685141
v -0.02626262 -0.07571675 0.06690309
v -0.02502533 -0.06808496 0.06690448
v -0.02627764 -0.07570095 0.06691755
v -0.02623057 -0.07575045 0.06687224
v -0.02621566 -0.07576440 0.06685070
v -0.02621232 -0.07576754 0.06684587
v -0.02637539 -0.07558551 0.06695903
v -0.02508986 -0.06807452 0.06694242
v -0.02637977 -0.07558010 0.06695990
v -0.02516169 -0.06806288 0.06696283
v -0.02641077 -0.07554174 0.06696598
v -0.02634017 -0.07562909 0.06695212
v -0.02631860 -0.07565388 0.06694020
v -0.02631394 -0.07565924 0.06693763
v -0.02523628 -0.06805081 0.06696440
v -0.02528302 -0.06804323 0.06695549
v -0.02646678 -0.07546717 0.06695774
v -0.02644238 -0.07549966 0.06696133
v -0.02643891 -0.07550428 0.06696184
v -0.02437299 -0.07580629 0.06695774
v -0.02315288 -0.06838824 0.06695549
v -0.02440641 -0.07582940 0.06696128
v -0.02319961 -0.06838067 0.06696440
v -0.02441115 -0.07583269 0.06696180
v -0.02327420 -0.06836859 0.06696283
v -0.02445031 -0.07585978 0.06696596
v -0.02457283 -0.07593698 0.06694076
v -0.02455677 -0.07592765 0.06694838
v -0.02334604 -0.06835696 0.06694242
v -0.02449681 -0.07588942 0.06695827
v -0.02449102 -0.07588573 0.06695923
v -0.02457872 -0.07594040 0.06693798
v -0.02341056 -0.06834650 0.06690448
v -0.02464066 -0.07597644 0.06690864
v -0.02470532 -0.07600924 0.06685083
v -0.02469794 -0.07600608 0.06686071
v -0.02346368 -0.06833790 0.06685141
v -0.02465138 -0.07598198 0.06689968
v -0.02464628 -0.07597935 0.06690393
v -0.02470906 -0.07601084 0.06684584
v -0.02350201 -0.06833169 0.06678657
v -0.02473585 -0.07602230 0.06681008
v -0.02476644 -0.07602855 0.06673352
v -0.02475663 -0.07602816 0.06676641
v -0.02352313 -0.06832827 0.06671408
v -0.02474950 -0.07602616 0.06678141
v -0.02474723 -0.07602552 0.06678617
v -0.02477021 -0.07602793 0.06671408
v -0.02625588 -0.06788566 0.06654230
v -0.02709029 -0.06775051 0.06588846
v -0.02772957 -0.06764698 0.06503839
v -0.02813028 -0.06758207 0.06404983
v -0.02826519 -0.06756022 0.06298995
v -0.02812515 -0.06758291 0.06193075
v -0.02771966 -0.06764859 0.06094420
v -0.02707628 -0.06775280 0.06009731
v -0.02623871 -0.06788845 0.05944762
v -0.02526386 -0.06804634 0.05903927
v -0.02421795 -0.06821574 0.05890000
v -0.02317204 -0.06838514 0.05903927
v -0.02219718 -0.06854303 0.05944762
v -0.02135961 -0.06867869 0.06009731
v -0.02071623 -0.06878289 0.06094420
v -0.02031074 -0.06884858 0.06193075
v -0.02017070 -0.06887125 0.06298995
v -0.02030561 -0.06884941 0.06404983
v -0.02070632 -0.06878450 0.06503839
v -0.02134560 -0.06868095 0.06588846
v -0.02218001 -0.06854581 0.06654230
v -0.04803791 0.05767173 0.03700000
v -0.04881897 0.05997916 0.04005424
v -0.04843484 0.05760744 0.04005424
v -0.04998270 0.05979067 0.04290033
v -0.04959856 0.05741896 0.04290033
v -0.05183391 0.05949084 0.04534432
v -0.05144978 0.05711913 0.04534432
v -0.05424647 0.05910009 0.04721967
v -0.05386234 0.05672838 0.04721967
v -0.05705596 0.05864505 0.04839856
v -0.05667182 0.05627334 0.04839856
v -0.06007091 0.05815674 0.04880066
v -0.05968677 0.05578503 0.04880066
v -0.06308585 0.05766843 0.04839856
v -0.06270172 0.05529671 0.04839856
v -0.06589534 0.05721339 0.04721967
v -0.06551121 0.05484168 0.04721967
v -0.06830790 0.05682264 0.04534432
v -0.06792376 0.05445093 0.04534432
v -0.07015912 0.05652281 0.04290033
v -0.06977498 0.05415110 0.04290033
v -0.07132284 0.05633432 0.04005424
v -0.07093872 0.05396261 0.04005424
v -0.07171978 0.05627004 0.03700000
v -0.07133564 0.05389833 0.03700000
v -0.07132284 0.05633432 0.03394577
v -0.07093872 0.05396261 0.03394577
v -0.07015912 0.05652281 0.03109967
v -0.06977498 0.05415110 0.03109967
v -0.06830790 0.05682264 0.02865567
v -0.06792376 0.05445093 0.02865567
v -0.06589534 0.05721339 0.02678033
v -0.06551121 0.05484168 0.02678033
v -0.06308585 0.05766843 0.02560144
v -0.06270172 0.05529671 0.02560144
v -0.06007091 0.05815674 0.02519934
v -0.05968677 0.05578503 0.02519934
v -0.05705596 0.05864505 0.02560144
v -0.05667182 0.05627334 0.02560144
v -0.05424647 0.05910009 0.02678033
v -0.05386234 0.05672838 0.02678033
v -0.05183391 0.05949084 0.02865567
v -0.05144978 0.05711913 0.02865567
v -0.04998270 0.05979067 0.03109967
v -0.04959856 0.05741896 0.03109967
v -0.04881897 0.05997916 0.03394577
v -0.04843484 0.05760744 0.03394577
v -0.04842205 0.06004344 0.03700000
v -0.06169263 0.05546015 0.03186920
v -0.06279586 0.05528147 0.03186920
v -0.06279586 0.05528147 0.03354560
v -0.06582973 0.05479009 0.03811760
v -0.06582973 0.05479009 0.03875260
v -0.06424720 0.05504640 0.03811760
v -0.06556646 0.05483273 0.03875260
v -0.05354382 0.05677997 0.03875260
v -0.05354382 0.05677997 0.03811760
v -0.05380709 0.05673733 0.03875260
v -0.05506084 0.05653427 0.03811760
v -0.05380709 0.05673733 0.04037820
v -0.06582973 0.05479009 0.03519660
v -0.06582973 0.05479009 0.03583160
v -0.06556646 0.05483273 0.03519660
v -0.06424720 0.05504640 0.03583160
v -0.06556646 0.05483273 0.03354560
v -0.06556646 0.05483273 0.04037820
v -0.06394923 0.05509466 0.04037820
v -0.05542432 0.05647540 0.04063220
v -0.06394923 0.05509466 0.04063220
v -0.05542432 0.05647540 0.04037820
v -0.05380709 0.05673733 0.03354560
v -0.05657769 0.05628859 0.03354560
v -0.05380709 0.05673733 0.03519660
v -0.05506084 0.05653427 0.03583160
v -0.05354382 0.05677997 0.03519660
v -0.05354382 0.05677997 0.03583160
v -0.05657769 0.05628859 0.03186920
v -0.05768091 0.05610991 0.03186920
v -0.05768091 0.05610991 0.02991931
v -0.06169263 0.05546015 0.02991931
v -0.05637865 0.05632083 0.02880000
v -0.05637865 0.05632083 0.02734713
v -0.06299489 0.05524923 0.02880000
v -0.06299489 0.05524923 0.02734713
v -0.06339459 0.05771707 0.02880000
v -0.06299489 0.05524923 0.02880000
v -0.06299489 0.05524923 0.02734713
v -0.06342657 0.05791450 0.02730000
v -0.06342657 0.05791450 0.02860000
v -0.06340287 0.05776817 0.02879319
v -0.06341058 0.05781579 0.02877321
v -0.06342547 0.05790777 0.02865176
v -0.06342228 0.05788805 0.02870000
v -0.06341720 0.05785667 0.02874142
v -0.06716919 0.05710572 0.02880000
v -0.06339459 0.05771707 0.02880000
v -0.06717427 0.05713715 0.02879745
v -0.06340287 0.05776817 0.02879319
v -0.06717739 0.05715641 0.02879176
v -0.06718187 0.05718409 0.02878357
v -0.06341058 0.05781579 0.02877321
v -0.06718505 0.05720367 0.02877189
v -0.06718870 0.05722623 0.02875842
v -0.06341720 0.05785667 0.02874142
v -0.06719162 0.05724425 0.02874033
v -0.06719432 0.05726096 0.02872356
v -0.06342228 0.05788805 0.02870000
v -0.06719667 0.05727542 0.02869922
v -0.06719841 0.05728618 0.02868112
v -0.06342547 0.05790777 0.02865176
v -0.06719986 0.05729506 0.02865135
v -0.06720070 0.05730033 0.02863370
v -0.06342657 0.05791450 0.02860000
v -0.06720115 0.05730315 0.02860000
v -0.06737114 0.05710169 0.02896802
v -0.06737423 0.05710477 0.02900000
v -0.06736661 0.05707374 0.02900000
v -0.06737828 0.05714603 0.02891728
v -0.06739251 0.05714998 0.02896375
v -0.06737194 0.05710668 0.02896232
v -0.06720527 0.05712841 0.02880000
v -0.06721766 0.05717829 0.02878663
v -0.06734653 0.05727671 0.02866481
v -0.06744387 0.05726384 0.02868449
v -0.06742296 0.05726433 0.02871107
v -0.06751261 0.05725270 0.02875413
v -0.06748591 0.05725413 0.02877484
v -0.06756247 0.05724463 0.02883868
v -0.06726126 0.05729051 0.02863888
v -0.06726729 0.05729244 0.02860565
v -0.06736042 0.05727735 0.02863398
v -0.06725113 0.05727764 0.02868562
v -0.06724003 0.05725356 0.02872747
v -0.06722864 0.05721975 0.02876184
v -0.06721186 0.05713255 0.02880000
v -0.06726252 0.05716442 0.02880000
v -0.06727616 0.05717299 0.02880000
v -0.06739252 0.05723375 0.02880000
v -0.06738259 0.05722978 0.02880000
v -0.06736206 0.05723380 0.02878195
v -0.06734530 0.05721487 0.02880000
v -0.06730439 0.05724314 0.02874704
v -0.06733828 0.05721205 0.02880000
v -0.06728488 0.05721065 0.02877894
v -0.06732223 0.05720196 0.02880000
v -0.06737994 0.05715629 0.02890555
v -0.06740692 0.05719088 0.02890257
v -0.06738575 0.05719225 0.02886439
v -0.06744403 0.05722052 0.02888851
v -0.06738739 0.05720243 0.02885275
v -0.06742379 0.05718815 0.02895954
v -0.06737423 0.05710477 0.02900000
v -0.06737974 0.05711637 0.02900000
v -0.06739553 0.05714949 0.02900000
v -0.06740068 0.05715570 0.02900000
v -0.06742717 0.05718760 0.02900000
v -0.06746335 0.05721739 0.02895370
v -0.06746604 0.05721592 0.02900000
v -0.06742984 0.05718955 0.02900000
v -0.06750875 0.05723592 0.02894659
v -0.06750743 0.05723289 0.02900000
v -0.06746721 0.05721677 0.02900000
v -0.06759601 0.05723920 0.02900000
v -0.06756228 0.05724176 0.02900000
v -0.06755719 0.05724259 0.02893864
v -0.06755143 0.05724031 0.02900000
v -0.06751319 0.05723520 0.02900000
v -0.06744670 0.05724597 0.02880399
v -0.06739189 0.05725484 0.02874847
v -0.06732537 0.05726562 0.02870820
v -0.06740957 0.05722610 0.02883008
v -0.06748645 0.05723953 0.02887139
v -0.06753157 0.05724674 0.02885227
v -0.06759043 0.05724010 0.02893300
v -0.06738830 0.05720795 0.02884345
v -0.06739164 0.05722830 0.02880919
v -0.06736661 0.05707374 0.04500000
v -0.06737423 0.05710477 0.04500000
v -0.06737974 0.05711637 0.04500000
v -0.06739553 0.05714949 0.04500000
v -0.06740068 0.05715570 0.04500000
v -0.06742717 0.05718760 0.04500000
v -0.06742984 0.05718955 0.04500000
v -0.06759601 0.05723920 0.04500000
v -0.06756228 0.05724176 0.04500000
v -0.06755143 0.05724031 0.04500000
v -0.06751319 0.05723520 0.04500000
v -0.06750743 0.05723289 0.04500000
v -0.06746721 0.05721677 0.02900000
v -0.06746721 0.05721677 0.04500000
v -0.06746604 0.05721592 0.04500000
v -0.06737111 0.05710155 0.04503199
v -0.06730281 0.05728668 0.04538646
v -0.06726689 0.05729250 0.04539124
v -0.06726126 0.05729051 0.04536112
v -0.06720115 0.05730315 0.04540000
v -0.06746226 0.05726086 0.04529999
v -0.06744261 0.05726404 0.04531367
v -0.06742296 0.05726433 0.04528893
v -0.06738279 0.05727373 0.04535530
v -0.06753157 0.05724674 0.04514773
v -0.06756076 0.05724490 0.04516043
v -0.06752703 0.05725037 0.04522605
v -0.06759286 0.05723971 0.04505121
v -0.06758905 0.05724032 0.04506665
v -0.06755719 0.05724259 0.04506135
v -0.06757054 0.05724332 0.04514139
v -0.06750875 0.05723592 0.04505341
v -0.06746335 0.05721739 0.04504630
v -0.06746721 0.05721677 0.04500000
v -0.06742379 0.05718815 0.04504047
v -0.06739251 0.05714998 0.04503625
v -0.06737194 0.05710662 0.04503783
v -0.06737825 0.05714567 0.04508275
v -0.06737996 0.05715617 0.04509484
v -0.06739252 0.05723375 0.04520000
v -0.06739164 0.05722831 0.04519083
v -0.06740957 0.05722610 0.04516992
v -0.06738835 0.05720790 0.04515641
v -0.06744403 0.05722052 0.04511149
v -0.06738771 0.05720404 0.04514991
v -0.06740692 0.05719088 0.04509743
v -0.06738571 0.05719168 0.04513569
v -0.06720913 0.05713340 0.04520000
v -0.06726149 0.05716957 0.04520000
v -0.06721766 0.05717829 0.04521337
v -0.06726345 0.05717053 0.04520000
v -0.06722864 0.05721975 0.04523816
v -0.06716919 0.05710572 0.04520000
v -0.06717147 0.05710737 0.04520000
v -0.06717427 0.05713715 0.04520255
v -0.06720575 0.05713105 0.04520000
v -0.06717624 0.05714933 0.04520615
v -0.06718187 0.05718409 0.04521643
v -0.06718299 0.05719096 0.04522053
v -0.06718870 0.05722623 0.04524158
v -0.06724003 0.05725356 0.04527253
v -0.06719416 0.05725996 0.04527543
v -0.06718907 0.05722855 0.04524391
v -0.06725113 0.05727764 0.04531438
v -0.06719790 0.05728302 0.04531357
v -0.06719432 0.05726096 0.04527643
v -0.06720070 0.05730033 0.04536630
v -0.06720019 0.05729719 0.04535580
v -0.06719841 0.05728618 0.04531888
v -0.06739189 0.05725484 0.04525152
v -0.06748591 0.05725413 0.04522516
v -0.06744670 0.05724597 0.04519601
v -0.06748645 0.05723953 0.04512861
v -0.06734653 0.05727671 0.04533518
v -0.06732537 0.05726562 0.04529180
v -0.06730439 0.05724314 0.04525296
v -0.06736206 0.05723380 0.04521805
v -0.06727093 0.05717419 0.04520000
v -0.06728488 0.05721065 0.04522106
v -0.06732122 0.05719882 0.04520000
v -0.06735055 0.05721320 0.04520000
v -0.06738241 0.05722880 0.04520000
v -0.05300377 0.05940002 0.04520000
v -0.05300886 0.05943145 0.04520255
v -0.05301083 0.05944362 0.04520615
v -0.05301646 0.05947838 0.04521643
v -0.05301758 0.05948526 0.04522053
v -0.05302329 0.05952052 0.04524158
v -0.05302367 0.05952285 0.04524391
v -0.05303575 0.05959744 0.04540000
v -0.05303529 0.05959462 0.04536630
v -0.05303478 0.05959149 0.04535580
v -0.05303300 0.05958047 0.04531888
v -0.05303248 0.05957732 0.04531357
v -0.05302891 0.05955526 0.04527643
v -0.05302875 0.05955425 0.04527543
v -0.05283226 0.05959200 0.04520000
v -0.05284037 0.05958517 0.04520000
v -0.05286118 0.05958243 0.04521805
v -0.05287052 0.05955897 0.04520000
v -0.05288834 0.05953771 0.04520000
v -0.05292711 0.05953610 0.04522106
v -0.05292212 0.05949742 0.04520000
v -0.05297658 0.05943245 0.04520000
v -0.05265426 0.05965923 0.04510298
v -0.05264954 0.05966000 0.04506660
v -0.05267881 0.05965236 0.04506135
v -0.05264089 0.05966139 0.04500000
v -0.05273962 0.05964541 0.04526451
v -0.05272611 0.05964759 0.04524460
v -0.05275008 0.05964081 0.04522516
v -0.05268502 0.05965425 0.04518400
v -0.05288945 0.05961824 0.04533518
v -0.05287738 0.05962309 0.04536429
v -0.05281261 0.05963359 0.04533013
v -0.05298519 0.05960563 0.04539681
v -0.05296995 0.05960810 0.04539294
v -0.05297472 0.05960443 0.04536112
v -0.05289617 0.05962005 0.04537420
v -0.05298027 0.05958901 0.04531438
v -0.05298320 0.05956266 0.04527253
v -0.05298334 0.05952699 0.04523816
v -0.05298067 0.05948418 0.04521337
v -0.05297658 0.05943245 0.04520000
v -0.05297123 0.05943884 0.04520000
v -0.05293342 0.05948393 0.04520000
v -0.05291886 0.05957309 0.04525296
v -0.05286827 0.05956166 0.04520000
v -0.05281173 0.05946527 0.04503501
v -0.05281878 0.05950877 0.04508090
v -0.05280583 0.05951250 0.04503625
v -0.05281898 0.05951002 0.04508269
v -0.05278819 0.05955860 0.04504047
v -0.05280634 0.05943199 0.04500000
v -0.05280666 0.05943397 0.04500200
v -0.05280892 0.05946383 0.04500000
v -0.05281127 0.05946245 0.04503204
v -0.05280641 0.05948400 0.04500000
v -0.05280281 0.05951299 0.04500000
v -0.05279446 0.05953443 0.04500000
v -0.05275989 0.05959883 0.04504630
v -0.05276988 0.05958007 0.04500000
v -0.05278482 0.05955914 0.04500000
v -0.05272267 0.05963074 0.04505341
v -0.05273435 0.05961781 0.04500000
v -0.05275603 0.05959946 0.04500000
v -0.05267370 0.05965319 0.04500000
v -0.05269027 0.05964510 0.04500000
v -0.05271822 0.05963146 0.04500000
v -0.05278470 0.05962069 0.04519601
v -0.05281303 0.05963062 0.04528893
v -0.05283951 0.05961182 0.04525152
v -0.05290604 0.05960104 0.04529180
v -0.05270441 0.05964821 0.04514773
v -0.05274496 0.05962713 0.04512861
v -0.05277921 0.05959570 0.04511149
v -0.05281367 0.05959012 0.04516992
v -0.05281975 0.05951477 0.04508949
v -0.05280508 0.05955586 0.04509743
v -0.05282492 0.05954671 0.04513520
v -0.05282794 0.05956535 0.04516186
v -0.05283122 0.05958558 0.04519081
v -0.05280634 0.05943199 0.02900000
v -0.05280892 0.05946383 0.02900000
v -0.05280641 0.05948400 0.02900000
v -0.05280281 0.05951299 0.02900000
v -0.05279446 0.05953443 0.02900000
v -0.05278482 0.05955914 0.02900000
v -0.05276988 0.05958007 0.02900000
v -0.05275603 0.05959946 0.02900000
v -0.05273435 0.05961781 0.02900000
v -0.05271822 0.05963146 0.02900000
v -0.05269027 0.05964510 0.02900000
v -0.05267370 0.05965319 0.02900000
v -0.05264089 0.05966139 0.02900000
v -0.05283226 0.05959200 0.02880000
v -0.05283139 0.05958662 0.02880910
v -0.05281367 0.05959012 0.02883008
v -0.05282802 0.05956586 0.02884305
v -0.05282513 0.05954795 0.02886404
v -0.05280508 0.05955586 0.02890257
v -0.05281963 0.05951402 0.02890383
v -0.05281077 0.05945930 0.02896798
v -0.05280583 0.05951250 0.02896375
v -0.05288945 0.05961824 0.02866481
v -0.05287649 0.05962324 0.02863398
v -0.05296961 0.05960816 0.02860565
v -0.05270441 0.05964821 0.02885227
v -0.05272429 0.05964789 0.02875413
v -0.05275008 0.05964081 0.02877484
v -0.05279304 0.05963676 0.02868449
v -0.05281303 0.05963062 0.02871107
v -0.05267881 0.05965236 0.02893864
v -0.05264647 0.05966049 0.02893300
v -0.05267443 0.05965596 0.02883868
v -0.05272267 0.05963074 0.02894659
v -0.05275989 0.05959883 0.02895370
v -0.05278819 0.05955860 0.02895954
v -0.05281164 0.05946469 0.02896167
v -0.05281779 0.05950267 0.02891714
v -0.05277921 0.05959570 0.02888851
v -0.05282839 0.05956813 0.02884039
v -0.05297460 0.05943889 0.02880000
v -0.05293634 0.05948973 0.02880000
v -0.05298067 0.05948418 0.02878663
v -0.05293478 0.05949127 0.02880000
v -0.05298334 0.05952699 0.02876184
v -0.05300377 0.05940002 0.02880000
v -0.05300212 0.05940231 0.02880000
v -0.05300886 0.05943145 0.02879745
v -0.05297708 0.05943560 0.02880000
v -0.05301198 0.05945071 0.02879176
v -0.05301646 0.05947838 0.02878357
v -0.05301963 0.05949796 0.02877189
v -0.05298320 0.05956266 0.02872747
v -0.05302621 0.05953855 0.02874033
v -0.05302329 0.05952052 0.02875842
v -0.05298027 0.05958901 0.02868562
v -0.05303126 0.05956972 0.02869922
v -0.05302891 0.05955526 0.02872356
v -0.05303575 0.05959744 0.02860000
v -0.05303529 0.05959462 0.02863370
v -0.05297472 0.05960443 0.02863888
v -0.05303444 0.05958935 0.02865135
v -0.05303300 0.05958047 0.02868112
v -0.05283951 0.05961182 0.02874847
v -0.05278470 0.05962069 0.02880399
v -0.05274496 0.05962713 0.02887139
v -0.05290604 0.05960104 0.02870820
v -0.05291886 0.05957309 0.02874704
v -0.05286118 0.05958243 0.02878195
v -0.05292884 0.05949711 0.02880000
v -0.05292711 0.05953610 0.02877894
v -0.05288890 0.05953635 0.02880000
v -0.05286559 0.05955925 0.02880000
v -0.05284029 0.05958411 0.02880000
v -0.05677836 0.05878867 0.02880000
v -0.05678664 0.05883976 0.02879319
v -0.05679435 0.05888738 0.02877321
v -0.05680097 0.05892827 0.02874142
v -0.05680605 0.05895964 0.02870000
v -0.05680924 0.05897937 0.02865176
v -0.05681033 0.05898609 0.02860000
v -0.05681033 0.05898609 0.02730000
v -0.05637865 0.05632083 0.02734713
v -0.05681033 0.05898609 0.02860000
v -0.05637865 0.05632083 0.02880000
v -0.05677836 0.05878867 0.02880000
v -0.05680924 0.05897937 0.02865176
v -0.05680605 0.05895964 0.02870000
v -0.05680097 0.05892827 0.02874142
v -0.05678664 0.05883976 0.02879319
v -0.05679435 0.05888738 0.02877321
v -0.05637865 0.05632083 0.02734713
v -0.05681033 0.05898609 0.02730000
v -0.06299489 0.05524923 0.02734713
v -0.06342657 0.05791450 0.02730000
v -0.06811422 0.05715526 0.02890087
v -0.06727639 0.05729096 0.02807312
v -0.05274196 0.05964503 0.02825764
v -0.05212350 0.05974520 0.02890005
v -0.05593957 0.05912713 0.02630681
v -0.05719088 0.05892446 0.02592753
v -0.05681033 0.05898609 0.02730000
v -0.05781316 0.05882367 0.02573892
v -0.05439292 0.05937763 0.02706894
v -0.05973614 0.05851222 0.02550582
v -0.06011692 0.05845055 0.02552728
v -0.06342657 0.05791450 0.02730000
v -0.06175701 0.05818490 0.02561971
v -0.07067409 0.05674066 0.03276666
v -0.07104850 0.05668002 0.03403428
v -0.06811351 0.05715538 0.04510008
v -0.06992176 0.05686251 0.03119987
v -0.06304555 0.05797621 0.02593776
v -0.06383124 0.05784896 0.02613169
v -0.07123468 0.05664986 0.03466467
v -0.07146473 0.05661260 0.03661083
v -0.07147119 0.05661156 0.03700000
v -0.06893050 0.05702305 0.04425120
v -0.06991296 0.05686393 0.04281534
v -0.07078308 0.05672301 0.04094314
v -0.06578971 0.05753175 0.02704773
v -0.06569416 0.05754723 0.02698182
v -0.05296052 0.05960963 0.04592688
v -0.05212269 0.05974533 0.04509914
v -0.06749744 0.05725516 0.04574020
v -0.06874836 0.05705255 0.02952739
v -0.07128849 0.05664115 0.03905501
v -0.07104470 0.05668063 0.03996570
v -0.05031514 0.06003808 0.04280014
v -0.04956282 0.06015993 0.04123333
v -0.05029420 0.06004148 0.03125484
v -0.05444719 0.05936884 0.04695227
v -0.05148854 0.05984804 0.04447261
v -0.04918842 0.06022058 0.03996572
v -0.04900223 0.06025073 0.03933533
v -0.04877213 0.06028800 0.03738729
v -0.04879331 0.06028457 0.03700155
v -0.04888455 0.06026979 0.03534008
v -0.04919851 0.06021894 0.03403475
v -0.05022914 0.06005201 0.03135165
v -0.04938994 0.06018793 0.03323883
v -0.05130640 0.05987754 0.02974880
v -0.06584677 0.05752251 0.04692942
v -0.06429734 0.05777347 0.04769319
v -0.06304602 0.05797613 0.04807246
v -0.06242374 0.05807692 0.04826108
v -0.06050075 0.05838838 0.04849417
v -0.06011999 0.05845005 0.04847272
v -0.05847988 0.05871569 0.04838029
v -0.05719134 0.05892438 0.04806224
v -0.05454275 0.05935336 0.04701818
v -0.05640565 0.05905164 0.04786831
v -0.07065191 0.05674000 0.04142024
v -0.06160605 0.05820511 0.04845183
v -0.05575440 0.05915287 0.04767140
v -0.05107191 0.05991127 0.04403158
v -0.04881326 0.06027709 0.03850766
v -0.04958365 0.06015232 0.03257976
v -0.05317664 0.05957038 0.02783626
v -0.05862951 0.05868721 0.02554817
v -0.06448117 0.05773945 0.02632859
v -0.07113134 0.05666235 0.03401047
v -0.07142231 0.05661523 0.03549234
v -0.07151986 0.05659943 0.03700000
v -0.06308585 0.05766843 0.02560144
v -0.06589534 0.05721339 0.02678033
v -0.06309265 0.05771791 0.02560591
v -0.06590103 0.05726305 0.02678434
v -0.06590159 0.05733408 0.02680307
v -0.06830878 0.05694420 0.02867424
v -0.06829229 0.05701053 0.02870113
v -0.07013341 0.05671233 0.03113182
v -0.07009710 0.05677060 0.03115790
v -0.07124932 0.05658398 0.03397591
v -0.07119509 0.05663074 0.03399225
v -0.07158596 0.05656743 0.03700000
v -0.07065191 0.05674000 0.03257976
v -0.06999227 0.05684684 0.03122468
v -0.07004908 0.05681635 0.03118948
v -0.06007091 0.05815674 0.02519934
v -0.06007889 0.05820603 0.02520397
v -0.06309835 0.05778810 0.02562680
v -0.06589286 0.05739915 0.02683600
v -0.06826413 0.05706748 0.02873802
v -0.06916365 0.05698105 0.02996841
v -0.06818026 0.05714032 0.02883246
v -0.06822602 0.05711162 0.02878269
v -0.05705596 0.05864505 0.02560144
v -0.05706512 0.05869416 0.02560591
v -0.06009011 0.05827533 0.02522559
v -0.06309868 0.05785171 0.02566354
v -0.06587538 0.05745437 0.02688118
v -0.06705892 0.05732194 0.02783626
v -0.06581881 0.05752279 0.02699685
v -0.06585019 0.05749642 0.02693589
v -0.05424647 0.05910009 0.02678033
v -0.05425674 0.05914902 0.02678434
v -0.05708187 0.05876256 0.02562680
v -0.06010016 0.05833736 0.02526363
v -0.06309362 0.05790492 0.02571393
v -0.06308348 0.05794453 0.02577495
v -0.06306885 0.05796819 0.02584293
v -0.05183391 0.05949084 0.02865567
v -0.05184513 0.05953961 0.02865895
v -0.05427864 0.05921658 0.02680307
v -0.05710164 0.05882302 0.02566354
v -0.06010842 0.05838841 0.02531580
v -0.06011442 0.05842542 0.02537897
v -0.06160605 0.05820511 0.02554817
v -0.06011778 0.05844616 0.02544935
v -0.04998270 0.05979067 0.03109967
v -0.04999464 0.05983933 0.03110198
v -0.05187145 0.05960647 0.02867424
v -0.05430746 0.05927558 0.02683600
v -0.05712324 0.05887191 0.02571393
v -0.05714537 0.05890630 0.02577495
v -0.05716671 0.05892412 0.02584293
v -0.04881897 0.05997916 0.03394577
v -0.04883137 0.06002774 0.03394696
v -0.05002435 0.05990563 0.03111280
v -0.05190805 0.05966419 0.02870113
v -0.05434148 0.05932245 0.02688118
v -0.05441675 0.05936952 0.02699685
v -0.05575440 0.05915287 0.02632859
v -0.05437865 0.05935441 0.02693589
v -0.04842205 0.06004344 0.03700000
v -0.04843460 0.06009200 0.03700000
v -0.04886321 0.06009369 0.03395256
v -0.05006691 0.05996239 0.03113182
v -0.05195273 0.05970935 0.02873802
v -0.05200281 0.05973921 0.02878269
v -0.05205530 0.05975199 0.02883246
v -0.04881897 0.05997916 0.04005424
v -0.04883137 0.06002774 0.04005303
v -0.04846717 0.06015784 0.03700000
v -0.04890953 0.06014985 0.03396240
v -0.05011978 0.06000622 0.03115790
v -0.05107191 0.05991127 0.02996841
v -0.05024330 0.06004548 0.03122468
v -0.05017977 0.06003448 0.03118948
v -0.04998270 0.05979067 0.04290033
v -0.04999464 0.05983933 0.04289802
v -0.04886321 0.06009369 0.04004744
v -0.04851476 0.06021379 0.03700000
v -0.04896754 0.06019284 0.03397591
v -0.04903376 0.06022009 0.03399225
v -0.04910423 0.06022996 0.03401047
v -0.05183391 0.05949084 0.04534432
v -0.05184513 0.05953961 0.04534106
v -0.05002435 0.05990563 0.04288720
v -0.04890953 0.06014985 0.04003759
v -0.04857453 0.06025650 0.03700000
v -0.04864287 0.06028340 0.03700000
v -0.04881326 0.06027709 0.03549234
v -0.04871572 0.06029289 0.03700000
v -0.05424647 0.05910009 0.04721967
v -0.05425674 0.05914902 0.04721566
v -0.05187145 0.05960647 0.04532576
v -0.05006691 0.05996239 0.04286819
v -0.04896754 0.06019284 0.04002409
v -0.04903376 0.06022009 0.04000774
v -0.04910423 0.06022996 0.03998953
v -0.05705596 0.05864505 0.04839856
v -0.05706512 0.05869416 0.04839409
v -0.05427864 0.05921658 0.04719694
v -0.05190805 0.05966419 0.04529887
v -0.05011978 0.06000622 0.04284210
v -0.05024330 0.06004548 0.04277532
v -0.04958365 0.06015232 0.04142024
v -0.05017977 0.06003448 0.04281052
v -0.06007091 0.05815674 0.04880066
v -0.06007889 0.05820603 0.04879603
v -0.05708187 0.05876256 0.04837320
v -0.05430746 0.05927558 0.04716400
v -0.05195273 0.05970935 0.04526198
v -0.05200281 0.05973921 0.04521731
v -0.05205530 0.05975199 0.04516754
v -0.06308585 0.05766843 0.04839856
v -0.06309265 0.05771791 0.04839409
v -0.06009011 0.05827533 0.04877441
v -0.05710164 0.05882302 0.04833646
v -0.05434148 0.05932245 0.04711882
v -0.05317664 0.05957038 0.04616374
v -0.05441675 0.05936952 0.04700315
v -0.05437865 0.05935441 0.04706411
v -0.06589534 0.05721339 0.04721967
v -0.06590103 0.05726305 0.04721566
v -0.06309835 0.05778810 0.04837320
v -0.06010016 0.05833736 0.04873637
v -0.05712324 0.05887191 0.04828607
v -0.05714537 0.05890630 0.04822505
v -0.05716671 0.05892412 0.04815707
v -0.06830790 0.05682264 0.04534432
v -0.06831266 0.05687245 0.04534106
v -0.06590159 0.05733408 0.04719694
v -0.06309868 0.05785171 0.04833646
v -0.06010842 0.05838841 0.04868420
v -0.06011442 0.05842542 0.04862103
v -0.05862951 0.05868721 0.04845183
v -0.06011778 0.05844616 0.04855065
v -0.07015912 0.05652281 0.04290033
v -0.07016314 0.05657274 0.04289802
v -0.06830878 0.05694420 0.04532576
v -0.06589286 0.05739915 0.04716400
v -0.06309362 0.05790492 0.04828607
v -0.06308348 0.05794453 0.04822505
v -0.06306885 0.05796819 0.04815707
v -0.07132643 0.05638433 0.04005303
v -0.07015589 0.05664503 0.04288720
v -0.06829229 0.05701053 0.04529887
v -0.06587538 0.05745437 0.04711882
v -0.06581881 0.05752279 0.04700315
v -0.06448117 0.05773945 0.04767140
v -0.06585019 0.05749642 0.04706411
v -0.07171978 0.05627004 0.03700000
v -0.07172319 0.05632007 0.03700000
v -0.07131702 0.05645697 0.04004744
v -0.07013341 0.05671233 0.04286819
v -0.06826413 0.05706748 0.04526198
v -0.06705892 0.05732194 0.04616374
v -0.06818026 0.05714032 0.04516754
v -0.06822602 0.05711162 0.04521731
v -0.07132643 0.05638433 0.03394696
v -0.07171306 0.05639282 0.03700000
v -0.07129081 0.05652487 0.04003759
v -0.07009710 0.05677060 0.04284210
v -0.06916365 0.05698105 0.04403158
v -0.06999227 0.05684684 0.04277532
v -0.07004908 0.05681635 0.04281052
v -0.07015912 0.05652281 0.03109967
v -0.07016314 0.05657274 0.03110198
v -0.07131702 0.05645697 0.03395256
v -0.07168557 0.05646094 0.03700000
v -0.07124932 0.05658398 0.04002409
v -0.07119509 0.05663074 0.04000774
v -0.07113134 0.05666235 0.03998953
v -0.06830790 0.05682264 0.02865567
v -0.06831266 0.05687245 0.02865895
v -0.07015589 0.05664503 0.03111280
v -0.07129081 0.05652487 0.03396240
v -0.07164235 0.05652033 0.03700000
v -0.07142231 0.05661523 0.03850766
f 1 2 3
f 1 3 4
f 5 6 7
f 6 8 7
f 7 8 9
f 8 10 9
f 11 12 10
f 12 13 10
f 10 13 9
f 14 15 11
f 15 16 11
f 11 16 12
f 17 18 14
f 18 19 14
f 14 19 15
f 20 21 22
f 21 23 22
f 22 23 17
f 23 24 17
f 17 24 18
f 25 26 22
f 26 27 22
f 22 27 20
f 28 29 30
f 31 32 33
f 31 33 34
f 35 36 37
f 36 38 37
f 37 38 34
f 38 39 34
f 34 39 31
f 40 41 35
f 41 42 35
f 35 42 36
f 3 43 4
f 43 44 4
f 4 44 45
f 44 46 45
f 45 46 47
f 46 48 47
f 48 41 47
f 41 40 47
f 47 40 45
f 40 49 45
f 45 49 4
f 49 50 4
f 4 50 1
f 50 51 1
f 33 28 34
f 28 30 34
f 34 30 37
f 30 52 37
f 37 52 35
f 52 53 35
f 35 53 40
f 53 54 40
f 40 54 49
f 54 55 49
f 49 55 50
f 55 56 50
f 50 56 51
f 56 57 51
f 29 25 30
f 25 22 30
f 30 22 52
f 22 17 52
f 52 17 53
f 17 14 53
f 53 14 54
f 14 11 54
f 54 11 55
f 11 10 55
f 55 10 56
f 10 8 56
f 56 8 57
f 8 6 57
f 20 58 21
f 58 59 21
f 21 59 23
f 59 60 23
f 23 60 24
f 60 61 24
f 24 61 18
f 61 62 18
f 18 62 19
f 62 63 19
f 19 63 15
f 63 64 15
f 15 64 16
f 64 65 16
f 16 65 12
f 65 66 12
f 12 66 13
f 66 67 13
f 13 67 9
f 67 68 9
f 9 68 7
f 68 69 7
f 7 69 5
f 69 70 5
f 71 72 70
f 71 70 73
f 74 73 70
f 75 74 70
f 76 75 70
f 77 76 70
f 78 79 80
f 60 59 81
f 82 83 84
f 83 85 84
f 84 85 86
f 85 87 86
f 86 87 88
f 87 89 88
f 88 89 90
f 89 91 90
f 90 91 92
f 91 93 92
f 92 93 94
f 93 81 94
f 94 81 95
f 81 59 95
f 95 59 58
f 62 61 96
f 61 60 96
f 60 81 96
f 81 93 96
f 96 93 97
f 93 91 97
f 97 91 98
f 91 89 98
f 98 89 99
f 89 87 99
f 99 87 100
f 87 85 100
f 100 85 101
f 85 83 101
f 101 83 102
f 64 63 103
f 63 62 103
f 82 104 83
f 104 105 83
f 83 105 102
f 105 106 102
f 102 106 107
f 62 96 103
f 96 97 103
f 103 97 108
f 97 98 108
f 108 98 109
f 98 99 109
f 109 99 110
f 99 100 110
f 110 100 111
f 100 101 111
f 111 101 112
f 101 102 112
f 112 102 78
f 102 107 78
f 78 107 79
f 66 65 113
f 65 64 113
f 64 103 113
f 103 108 113
f 113 108 114
f 108 109 114
f 114 109 115
f 109 110 115
f 115 110 116
f 110 111 116
f 116 111 117
f 111 112 117
f 117 112 118
f 112 78 118
f 118 78 119
f 78 80 119
f 119 80 120
f 68 67 121
f 67 66 121
f 70 69 122
f 69 68 122
f 77 70 122
f 68 121 122
f 121 123 122
f 122 123 77
f 123 124 77
f 77 124 76
f 124 125 76
f 76 125 75
f 125 126 75
f 75 126 74
f 126 127 74
f 74 127 73
f 127 128 73
f 73 128 71
f 66 113 121
f 113 114 121
f 121 114 123
f 114 115 123
f 123 115 124
f 115 116 124
f 124 116 125
f 116 117 125
f 125 117 126
f 117 118 126
f 126 118 127
f 118 119 127
f 127 119 128
f 119 120 128
f 128 120 71
f 120 129 71
f 71 129 72
f 58 130 131
f 58 131 95
f 131 132 95
f 95 132 94
f 132 133 94
f 94 133 92
f 133 134 92
f 92 134 90
f 134 135 90
f 90 135 88
f 135 136 88
f 88 136 86
f 136 137 86
f 86 137 84
f 137 138 84
f 84 138 82
f 139 140 141
f 142 143 144
f 145 146 147
f 145 147 148
f 147 149 148
f 148 149 150
f 149 151 150
f 150 151 152
f 142 153 154
f 153 155 154
f 154 155 156
f 144 143 157
f 143 158 157
f 157 158 159
f 160 161 162
f 161 159 162
f 162 159 163
f 159 158 163
f 164 165 166
f 165 167 166
f 160 162 168
f 162 166 168
f 168 166 169
f 166 167 169
f 169 167 170
f 171 172 173
f 172 174 173
f 173 174 175
f 174 176 175
f 177 178 179
f 178 180 179
f 179 180 176
f 180 181 176
f 176 181 175
f 177 179 182
f 179 183 182
f 182 183 184
f 185 186 187
f 145 188 146
f 188 189 146
f 146 189 190
f 172 139 174
f 139 141 174
f 174 141 176
f 141 191 176
f 176 191 179
f 191 192 179
f 179 192 183
f 192 193 183
f 140 164 141
f 164 166 141
f 141 166 191
f 166 162 191
f 191 162 192
f 162 163 192
f 192 163 193
f 163 158 193
f 142 154 143
f 154 194 143
f 143 194 158
f 194 195 158
f 158 195 193
f 195 185 193
f 193 185 183
f 185 187 183
f 183 187 184
f 196 152 156
f 152 151 156
f 156 151 154
f 151 149 154
f 154 149 194
f 149 147 194
f 194 147 195
f 147 146 195
f 195 146 185
f 146 190 185
f 185 190 186
f 171 173 197
f 173 198 197
f 173 175 198
f 175 181 198
f 198 181 199
f 181 180 199
f 180 178 199
f 199 178 200
f 178 177 200
f 177 182 200
f 200 182 201
f 182 184 201
f 201 184 202
f 184 187 202
f 187 186 202
f 202 186 203
f 188 204 189
f 204 203 189
f 189 203 190
f 203 186 190
f 205 203 204
f 205 204 206
f 207 206 204
f 208 207 204
f 209 208 204
f 210 209 204
f 211 212 213
f 212 214 215
f 212 215 213
f 215 216 213
f 213 216 217
f 216 218 217
f 217 218 219
f 218 220 219
f 219 220 221
f 220 222 221
f 221 222 223
f 222 224 223
f 223 224 225
f 224 226 225
f 225 226 227
f 226 197 227
f 227 197 198
f 228 229 211
f 211 213 228
f 213 217 228
f 228 217 230
f 217 219 230
f 230 219 231
f 219 221 231
f 231 221 232
f 221 223 232
f 232 223 233
f 223 225 233
f 233 225 234
f 225 227 234
f 234 227 235
f 227 198 235
f 235 198 199
f 236 237 229
f 229 228 236
f 228 230 236
f 236 230 238
f 230 231 238
f 238 231 239
f 231 232 239
f 239 232 240
f 232 233 240
f 240 233 241
f 233 234 241
f 241 234 242
f 234 235 242
f 242 235 243
f 235 199 243
f 243 199 200
f 244 245 246
f 245 237 246
f 237 236 246
f 236 247 246
f 246 247 248
f 247 239 248
f 248 239 249
f 239 240 249
f 249 240 250
f 240 241 250
f 250 241 251
f 241 242 251
f 251 242 252
f 242 243 252
f 252 243 253
f 243 200 253
f 253 200 201
f 254 255 256
f 255 244 256
f 244 246 256
f 246 248 256
f 256 248 257
f 248 249 257
f 257 249 258
f 249 250 258
f 258 250 259
f 250 251 259
f 259 251 260
f 251 252 260
f 260 252 261
f 252 253 261
f 261 253 262
f 253 201 262
f 262 201 202
f 204 263 264
f 263 254 264
f 210 204 264
f 254 256 264
f 256 257 264
f 264 257 210
f 257 258 210
f 210 258 209
f 258 259 209
f 209 259 208
f 259 260 208
f 208 260 207
f 260 261 207
f 207 261 206
f 261 262 206
f 206 262 205
f 262 202 205
f 205 202 203
f 214 265 266
f 214 266 215
f 266 267 215
f 215 267 216
f 267 268 216
f 216 268 218
f 268 269 218
f 218 269 220
f 269 270 220
f 220 270 222
f 270 271 222
f 222 271 224
f 271 272 224
f 224 272 226
f 272 273 226
f 226 273 197
f 274 275 276
f 275 277 276
f 276 277 278
f 277 279 278
f 278 279 280
f 279 281 280
f 280 281 282
f 281 283 282
f 282 283 284
f 283 285 284
f 284 285 286
f 285 287 286
f 286 287 288
f 287 289 288
f 288 289 290
f 289 291 290
f 290 291 292
f 291 293 292
f 292 293 294
f 293 295 294
f 294 295 296
f 295 297 296
f 296 297 298
f 297 299 298
f 298 299 300
f 299 301 300
f 300 301 302
f 301 303 302
f 302 303 304
f 303 305 304
f 304 305 306
f 305 307 306
f 306 307 308
f 307 309 308
f 308 309 310
f 309 311 310
f 310 311 312
f 311 313 312
f 312 313 314
f 313 315 314
f 314 315 316
f 315 317 316
f 316 317 318
f 317 319 318
f 318 319 320
f 319 321 320
f 320 321 274
f 321 275 274
f 322 323 324
f 323 325 324
f 324 325 326
f 325 327 326
f 326 327 328
f 327 329 328
f 328 329 330
f 329 331 330
f 330 331 332
f 331 333 332
f 332 333 334
f 333 335 334
f 334 335 336
f 335 337 336
f 336 337 338
f 337 339 338
f 338 339 340
f 339 341 340
f 340 341 342
f 341 343 342
f 342 343 344
f 343 345 344
f 344 345 346
f 345 347 346
f 346 347 348
f 347 349 348
f 348 349 350
f 349 351 350
f 350 351 352
f 351 353 352
f 352 353 354
f 353 355 354
f 354 355 356
f 355 357 356
f 356 357 358
f 357 359 358
f 358 359 360
f 359 361 360
f 360 361 362
f 361 363 362
f 362 363 364
f 363 365 364
f 364 365 366
f 365 367 366
f 366 367 368
f 367 369 368
f 368 369 322
f 369 323 322
f 370 371 372
f 371 373 372
f 372 373 374
f 373 375 374
f 374 375 376
f 375 377 376
f 376 377 378
f 377 379 378
f 378 379 380
f 379 381 380
f 380 381 382
f 381 383 382
f 382 383 384
f 383 385 384
f 384 385 386
f 385 387 386
f 386 387 388
f 387 389 388
f 388 389 390
f 389 391 390
f 390 391 392
f 391 393 392
f 392 393 394
f 393 395 394
f 394 395 396
f 395 397 396
f 396 397 398
f 397 399 398
f 398 399 400
f 399 401 400
f 400 401 402
f 401 403 402
f 402 403 404
f 403 405 404
f 404 405 406
f 405 407 406
f 406 407 408
f 407 409 408
f 408 409 410
f 409 411 410
f 410 411 412
f 411 413 412
f 412 413 414
f 413 415 414
f 414 415 416
f 415 417 416
f 416 417 370
f 417 371 370
f 418 419 420
f 419 421 420
f 420 421 422
f 421 423 422
f 422 423 424
f 423 425 424
f 424 425 426
f 425 427 426
f 426 427 428
f 427 429 428
f 428 429 430
f 429 431 430
f 430 431 432
f 431 433 432
f 432 433 434
f 433 435 434
f 434 435 436
f 435 437 436
f 436 437 438
f 437 439 438
f 438 439 440
f 439 441 440
f 440 441 442
f 441 443 442
f 442 443 444
f 443 445 444
f 444 445 446
f 445 447 446
f 446 447 448
f 447 449 448
f 448 449 450
f 449 451 450
f 450 451 452
f 451 453 452
f 452 453 454
f 453 455 454
f 454 455 456
f 455 457 456
f 456 457 458
f 457 459 458
f 458 459 460
f 459 461 460
f 460 461 462
f 461 463 462
f 462 463 464
f 463 465 464
f 464 465 418
f 465 419 418
f 466 467 468
f 467 469 468
f 468 469 470
f 469 471 470
f 470 471 472
f 471 473 472
f 472 473 474
f 473 475 474
f 474 475 476
f 475 477 476
f 476 477 478
f 477 479 478
f 478 479 480
f 479 481 480
f 480 481 482
f 481 483 482
f 482 483 484
f 483 485 484
f 484 485 486
f 485 487 486
f 486 487 488
f 487 489 488
f 488 489 490
f 489 491 490
f 490 491 492
f 491 493 492
f 492 493 494
f 493 495 494
f 494 495 496
f 495 497 496
f 496 497 498
f 497 499 498
f 498 499 500
f 499 501 500
f 500 501 502
f 501 503 502
f 502 503 504
f 503 505 504
f 504 505 506
f 505 507 506
f 506 507 508
f 507 509 508
f 508 509 510
f 509 511 510
f 510 511 512
f 511 513 512
f 512 513 466
f 513 467 466
f 514 515 516
f 514 516 517
f 516 518 517
f 517 518 519
f 518 520 519
f 519 520 521
f 520 522 521
f 521 522 523
f 522 524 523
f 523 524 525
f 524 526 525
f 525 526 527
f 528 529 530
f 528 530 531
f 530 532 531
f 531 532 533
f 532 534 533
f 533 534 535
f 534 536 535
f 535 536 537
f 536 538 537
f 537 538 539
f 538 540 539
f 539 540 541
f 540 542 541
f 541 542 543
f 544 545 546
f 544 546 547
f 546 548 547
f 547 548 549
f 548 550 549
f 549 550 551
f 550 552 551
f 551 552 553
f 552 554 553
f 553 554 555
f 554 556 555
f 555 556 557
f 556 558 557
f 557 558 559
f 560 561 562
f 560 562 563
f 562 564 563
f 563 564 565
f 564 566 565
f 565 566 567
f 566 568 567
f 567 568 569
f 568 570 569
f 569 570 571
f 570 572 571
f 571 572 573
f 572 574 573
f 573 574 575
f 576 577 578
f 579 580 581
f 582 583 584
f 585 586 587
f 588 589 590
f 591 592 593
f 594 595 596
f 597 598 599
f 600 601 602
f 603 604 605
f 606 607 608
f 609 610 611
f 612 613 614
f 615 616 617
f 618 619 620
f 621 622 623
f 624 625 626
f 627 628 629
f 630 631 129
f 204 632 263
f 632 633 263
f 263 633 254
f 129 631 72
f 631 634 72
f 72 634 70
f 254 633 255
f 633 635 255
f 255 635 244
f 129 120 630
f 120 80 630
f 630 80 636
f 80 79 636
f 636 79 637
f 244 635 245
f 635 638 245
f 245 638 237
f 638 639 237
f 237 639 229
f 640 641 642
f 641 643 642
f 642 643 644
f 643 645 644
f 644 645 646
f 645 647 646
f 646 647 648
f 647 649 648
f 648 649 650
f 649 605 650
f 79 107 637
f 107 106 637
f 637 106 578
f 651 652 653
f 652 654 653
f 229 639 211
f 639 653 211
f 211 653 212
f 653 654 212
f 212 654 214
f 628 651 629
f 651 653 629
f 629 653 655
f 653 639 655
f 655 639 656
f 639 638 656
f 656 638 657
f 638 635 657
f 657 635 658
f 635 633 658
f 658 633 659
f 633 632 659
f 625 627 626
f 627 629 626
f 626 629 660
f 629 655 660
f 660 655 661
f 655 656 661
f 661 656 662
f 656 657 662
f 662 657 663
f 657 658 663
f 663 658 664
f 658 659 664
f 622 624 623
f 624 626 623
f 623 626 665
f 626 660 665
f 665 660 666
f 660 661 666
f 666 661 667
f 661 662 667
f 667 662 668
f 662 663 668
f 668 663 669
f 663 664 669
f 619 621 620
f 621 623 620
f 620 623 670
f 623 665 670
f 670 665 671
f 665 666 671
f 671 666 672
f 666 667 672
f 672 667 673
f 667 668 673
f 673 668 674
f 668 669 674
f 616 618 617
f 618 620 617
f 617 620 675
f 620 670 675
f 675 670 676
f 670 671 676
f 676 671 677
f 671 672 677
f 677 672 678
f 672 673 678
f 678 673 679
f 673 674 679
f 613 615 614
f 615 617 614
f 614 617 680
f 617 675 680
f 680 675 681
f 675 676 681
f 681 676 682
f 676 677 682
f 682 677 683
f 677 678 683
f 683 678 684
f 678 679 684
f 610 612 611
f 612 614 611
f 611 614 685
f 614 680 685
f 685 680 686
f 680 681 686
f 686 681 687
f 681 682 687
f 687 682 688
f 682 683 688
f 688 683 689
f 683 684 689
f 607 609 608
f 609 611 608
f 608 611 690
f 611 685 690
f 690 685 691
f 685 686 691
f 691 686 692
f 686 687 692
f 692 687 693
f 687 688 693
f 693 688 694
f 688 689 694
f 695 606 696
f 606 608 696
f 696 608 697
f 608 690 697
f 697 690 698
f 690 691 698
f 698 691 699
f 691 692 699
f 699 692 700
f 692 693 700
f 700 693 701
f 693 694 701
f 701 640 700
f 640 642 700
f 700 642 699
f 642 644 699
f 699 644 698
f 644 646 698
f 698 646 697
f 646 648 697
f 697 648 696
f 648 650 696
f 696 650 695
f 650 702 695
f 605 604 650
f 604 703 650
f 650 703 702
f 601 603 602
f 603 605 602
f 602 605 704
f 605 649 704
f 704 649 705
f 649 647 705
f 705 647 706
f 647 645 706
f 706 645 707
f 645 643 707
f 707 643 708
f 643 641 708
f 598 600 599
f 600 602 599
f 599 602 709
f 602 704 709
f 709 704 710
f 704 705 710
f 710 705 711
f 705 706 711
f 711 706 712
f 706 707 712
f 712 707 713
f 707 708 713
f 595 597 596
f 597 599 596
f 596 599 714
f 599 709 714
f 714 709 715
f 709 710 715
f 715 710 716
f 710 711 716
f 716 711 717
f 711 712 717
f 717 712 718
f 712 713 718
f 592 594 593
f 594 596 593
f 593 596 719
f 596 714 719
f 719 714 720
f 714 715 720
f 720 715 721
f 715 716 721
f 721 716 722
f 716 717 722
f 722 717 723
f 717 718 723
f 589 591 590
f 591 593 590
f 590 593 724
f 593 719 724
f 724 719 725
f 719 720 725
f 725 720 726
f 720 721 726
f 726 721 727
f 721 722 727
f 727 722 728
f 722 723 728
f 586 588 587
f 588 590 587
f 587 590 729
f 590 724 729
f 729 724 730
f 724 725 730
f 730 725 731
f 725 726 731
f 731 726 732
f 726 727 732
f 732 727 733
f 727 728 733
f 583 585 584
f 585 587 584
f 584 587 734
f 587 729 734
f 734 729 735
f 729 730 735
f 735 730 736
f 730 731 736
f 736 731 737
f 731 732 737
f 737 732 738
f 732 733 738
f 580 582 581
f 582 584 581
f 581 584 739
f 584 734 739
f 739 734 740
f 734 735 740
f 740 735 741
f 735 736 741
f 741 736 742
f 736 737 742
f 742 737 743
f 737 738 743
f 577 579 578
f 579 581 578
f 578 581 637
f 581 739 637
f 637 739 636
f 739 740 636
f 636 740 630
f 740 741 630
f 630 741 631
f 741 742 631
f 631 742 634
f 742 743 634
f 82 576 104
f 576 578 104
f 104 578 105
f 578 106 105
f 744 745 746
f 745 747 746
f 746 747 748
f 747 749 748
f 748 749 750
f 749 751 750
f 750 751 752
f 751 753 752
f 752 753 754
f 753 755 754
f 754 755 756
f 755 757 756
f 756 757 758
f 757 759 758
f 758 759 760
f 759 761 760
f 760 761 762
f 761 763 762
f 762 763 764
f 763 765 764
f 764 765 766
f 765 767 766
f 766 767 768
f 767 769 768
f 768 769 770
f 769 771 770
f 770 771 772
f 771 773 772
f 772 773 774
f 773 775 774
f 774 775 776
f 775 777 776
f 776 777 778
f 777 779 778
f 778 779 780
f 779 781 780
f 780 781 782
f 781 783 782
f 782 783 784
f 783 785 784
f 784 785 786
f 785 787 786
f 786 787 788
f 787 789 788
f 788 789 790
f 789 791 790
f 790 791 744
f 791 745 744
f 792 793 794
f 793 795 794
f 794 795 796
f 797 798 794
f 798 799 794
f 794 799 792
f 800 801 794
f 801 802 794
f 794 802 797
f 803 804 794
f 804 805 794
f 794 805 800
f 806 807 794
f 807 808 794
f 794 808 803
f 809 810 794
f 810 811 794
f 794 811 806
f 812 813 794
f 813 814 794
f 794 814 809
f 796 815 794
f 815 816 794
f 794 816 812
f 817 818 819
f 818 820 819
f 819 820 821
f 820 822 821
f 821 822 823
f 822 824 823
f 823 824 825
f 824 826 825
f 825 826 827
f 826 828 827
f 827 828 829
f 828 830 829
f 829 830 831
f 830 832 831
f 831 832 833
f 832 834 833
f 833 834 835
f 834 836 835
f 835 836 837
f 836 838 837
f 837 838 839
f 838 840 839
f 839 840 841
f 840 842 841
f 841 842 843
f 842 844 843
f 843 844 845
f 844 846 845
f 845 846 847
f 846 848 847
f 847 848 849
f 848 850 849
f 849 850 851
f 850 852 851
f 851 852 853
f 852 854 853
f 853 854 855
f 854 856 855
f 855 856 857
f 856 858 857
f 857 858 859
f 858 860 859
f 859 860 861
f 860 862 861
f 861 862 863
f 862 864 863
f 863 864 817
f 864 818 817
f 865 866 867
f 866 868 867
f 867 868 869
f 868 870 869
f 869 870 871
f 870 872 871
f 871 872 873
f 872 874 873
f 873 874 875
f 874 876 875
f 875 876 877
f 876 878 877
f 877 878 879
f 878 880 879
f 879 880 881
f 880 882 881
f 881 882 883
f 882 884 883
f 883 884 885
f 884 886 885
f 885 886 887
f 886 888 887
f 887 888 889
f 888 890 889
f 889 890 891
f 890 892 891
f 891 892 893
f 892 894 893
f 893 894 895
f 894 896 895
f 895 896 897
f 896 898 897
f 897 898 899
f 898 900 899
f 899 900 901
f 900 902 901
f 901 902 903
f 902 904 903
f 903 904 905
f 904 906 905
f 905 906 907
f 906 908 907
f 907 908 909
f 908 910 909
f 909 910 911
f 910 912 911
f 911 912 865
f 912 866 865
f 913 914 915
f 914 916 915
f 915 916 917
f 916 918 917
f 917 918 919
f 918 920 919
f 919 920 921
f 920 922 921
f 921 922 923
f 922 924 923
f 923 924 925
f 924 926 925
f 925 926 927
f 926 928 927
f 927 928 929
f 928 930 929
f 929 930 931
f 930 932 931
f 931 932 933
f 932 934 933
f 933 934 935
f 934 936 935
f 935 936 937
f 936 938 937
f 937 938 939
f 938 940 939
f 939 940 941
f 940 942 941
f 941 942 943
f 942 944 943
f 943 944 945
f 944 946 945
f 945 946 947
f 946 948 947
f 947 948 949
f 948 950 949
f 949 950 951
f 950 952 951
f 951 952 953
f 952 954 953
f 953 954 955
f 954 956 955
f 955 956 957
f 956 958 957
f 957 958 959
f 958 960 959
f 959 960 913
f 960 914 913
f 961 962 963
f 962 964 963
f 963 964 965
f 964 966 965
f 965 966 967
f 966 968 967
f 967 968 969
f 968 970 969
f 969 970 971
f 970 972 971
f 971 972 973
f 972 974 973
f 973 974 975
f 974 976 975
f 975 976 977
f 976 978 977
f 977 978 979
f 978 980 979
f 979 980 981
f 980 982 981
f 981 982 983
f 982 984 983
f 983 984 985
f 984 986 985
f 985 986 987
f 986 988 987
f 987 988 989
f 988 990 989
f 989 990 991
f 990 992 991
f 991 992 993
f 992 994 993
f 993 994 995
f 994 996 995
f 995 996 997
f 996 998 997
f 997 998 999
f 998 1000 999
f 999 1000 1001
f 1000 1002 1001
f 1001 1002 1003
f 1002 1004 1003
f 1003 1004 1005
f 1004 1006 1005
f 1005 1006 1007
f 1006 1008 1007
f 1007 1008 961
f 1008 962 961
f 1009 1010 1011
f 1010 1012 1011
f 1011 1012 1013
f 1012 1014 1013
f 1013 1014 1015
f 1014 1016 1015
f 1015 1016 1017
f 1016 1018 1017
f 1017 1018 1019
f 1018 1020 1019
f 1019 1020 1021
f 1020 1022 1021
f 1021 1022 1023
f 1022 1024 1023
f 1023 1024 1025
f 1024 1026 1025
f 1025 1026 1027
f 1026 1028 1027
f 1027 1028 1029
f 1028 1030 1029
f 1029 1030 1031
f 1030 1032 1031
f 1031 1032 1033
f 1032 1034 1033
f 1033 1034 1035
f 1034 1036 1035
f 1035 1036 1037
f 1036 1038 1037
f 1037 1038 1039
f 1038 1040 1039
f 1039 1040 1041
f 1040 1042 1041
f 1041 1042 1043
f 1042 1044 1043
f 1043 1044 1045
f 1044 1046 1045
f 1045 1046 1047
f 1046 1048 1047
f 1047 1048 1049
f 1048 1050 1049
f 1049 1050 1051
f 1050 1052 1051
f 1051 1052 1053
f 1052 1054 1053
f 1053 1054 1055
f 1054 1056 1055
f 1055 1056 1009
f 1056 1010 1009
f 1057 1058 1059
f 1058 1060 1059
f 1059 1060 1061
f 1060 1062 1061
f 1061 1062 1063
f 1062 1064 1063
f 1063 1064 1065
f 1064 1066 1065
f 1065 1066 1067
f 1066 1068 1067
f 1067 1068 1069
f 1068 1070 1069
f 1069 1070 1071
f 1070 1072 1071
f 1071 1072 1073
f 1072 1074 1073
f 1073 1074 1075
f 1074 1076 1075
f 1075 1076 1077
f 1076 1078 1077
f 1077 1078 1079
f 1078 1080 1079
f 1079 1080 1081
f 1080 1082 1081
f 1081 1082 1083
f 1082 1084 1083
f 1083 1084 1085
f 1084 1086 1085
f 1085 1086 1087
f 1086 1088 1087
f 1087 1088 1089
f 1088 1090 1089
f 1089 1090 1091
f 1090 1092 1091
f 1091 1092 1093
f 1092 1094 1093
f 1093 1094 1095
f 1094 1096 1095
f 1095 1096 1097
f 1096 1098 1097
f 1097 1098 1099
f 1098 1100 1099
f 1099 1100 1101
f 1100 1102 1101
f 1101 1102 1103
f 1102 1104 1103
f 1103 1104 1057
f 1104 1058 1057
f 1105 1106 1107
f 1106 1108 1107
f 1107 1108 1109
f 1108 1110 1109
f 1109 1110 1111
f 1110 1112 1111
f 1111 1112 1113
f 1112 1114 1113
f 1113 1114 1115
f 1114 1116 1115
f 1115 1116 1117
f 1116 1118 1117
f 1117 1118 1119
f 1118 1120 1119
f 1119 1120 1121
f 1120 1122 1121
f 1121 1122 1123
f 1122 1124 1123
f 1123 1124 1125
f 1124 1126 1125
f 1125 1126 1127
f 1126 1128 1127
f 1127 1128 1129
f 1128 1130 1129
f 1129 1130 1131
f 1130 1132 1131
f 1131 1132 1133
f 1132 1134 1133
f 1133 1134 1135
f 1134 1136 1135
f 1135 1136 1137
f 1136 1138 1137
f 1137 1138 1139
f 1138 1140 1139
f 1139 1140 1141
f 1140 1142 1141
f 1141 1142 1143
f 1142 1144 1143
f 1143 1144 1145
f 1144 1146 1145
f 1145 1146 1147
f 1146 1148 1147
f 1147 1148 1149
f 1148 1150 1149
f 1149 1150 1151
f 1150 1152 1151
f 1151 1152 1105
f 1152 1106 1105
f 1153 1154 1155
f 1154 1156 1155
f 1155 1156 1157
f 1156 1158 1157
f 1157 1158 1159
f 1158 1160 1159
f 1159 1160 1161
f 1160 1162 1161
f 1161 1162 1163
f 1162 1164 1163
f 1163 1164 1165
f 1164 1166 1165
f 1165 1166 1167
f 1166 1168 1167
f 1167 1168 1169
f 1168 1170 1169
f 1169 1170 1171
f 1170 1172 1171
f 1171 1172 1173
f 1172 1174 1173
f 1173 1174 1175
f 1174 1176 1175
f 1175 1176 1177
f 1176 1178 1177
f 1177 1178 1179
f 1178 1180 1179
f 1179 1180 1181
f 1180 1182 1181
f 1181 1182 1183
f 1182 1184 1183
f 1183 1184 1185
f 1184 1186 1185
f 1185 1186 1187
f 1186 1188 1187
f 1187 1188 1189
f 1188 1190 1189
f 1189 1190 1191
f 1190 1192 1191
f 1191 1192 1193
f 1192 1194 1193
f 1193 1194 1195
f 1194 1196 1195
f 1195 1196 1197
f 1196 1198 1197
f 1197 1198 1199
f 1198 1200 1199
f 1199 1200 1153
f 1200 1154 1153
f 1201 1202 1203
f 1202 1204 1203
f 544 1205 545
f 1205 1206 545
f 560 1207 561
f 1207 1208 561
f 1209 1210 1211
f 1210 1212 1211
f 514 1213 515
f 1213 1214 515
f 528 1215 529
f 1215 1216 529
f 542 1217 543
f 1217 1218 543
f 1219 1220 1221
f 1222 1223 1224
f 1225 1226 1227
f 1228 1229 1230
f 1231 1232 1233
f 1232 1234 1233
f 1233 1234 1235
f 1236 1237 1238
f 1237 1239 1238
f 1238 1239 1230
f 1239 1240 1230
f 1230 1240 1228
f 1224 1241 1222
f 1241 1233 1222
f 1222 1233 1242
f 1233 1235 1242
f 1243 1244 1245
f 1244 1246 1245
f 1245 1246 1247
f 1246 1248 1247
f 1247 1248 1249
f 1248 1250 1249
f 1249 1250 1223
f 1250 1251 1223
f 1223 1251 1224
f 1227 1226 1252
f 1253 1244 1254
f 1244 1243 1254
f 1254 1243 1255
f 1243 1252 1255
f 1255 1252 1256
f 1252 1226 1256
f 1229 1257 1230
f 1257 1258 1230
f 1230 1258 1221
f 1258 1259 1221
f 1221 1259 1219
f 1225 1227 1260
f 1227 1261 1260
f 1260 1261 1262
f 1261 1263 1262
f 1262 1263 1264
f 1263 1265 1264
f 1264 1265 1266
f 1265 1267 1266
f 1266 1267 1221
f 1267 1268 1221
f 1221 1268 1269
f 1270 1271 1242
f 1272 1230 1273
f 1230 1221 1273
f 1273 1221 1274
f 1221 1269 1274
f 1272 1275 1230
f 1275 1276 1230
f 1230 1276 1277
f 1276 1278 1277
f 1277 1278 1279
f 1278 1280 1279
f 1279 1280 1281
f 1280 1282 1281
f 1281 1282 1271
f 1282 1283 1271
f 1271 1283 1242
f 1235 1284 1242
f 1284 1285 1242
f 1242 1285 1270
f 1285 1286 1270
f 1270 1286 1287
f 558 1288 559
f 1288 1289 559
f 1290 1291 1292
f 1291 1293 1292
f 1294 1295 1296
f 1294 1296 1297
f 1296 1298 1297
f 1298 1299 1297
f 1297 1299 1300
f 1300 1301 1297
f 1301 1302 1297
f 1297 1302 1303
f 1303 1304 1305
f 1306 1307 1308
f 1307 1297 1308
f 1308 1297 1309
f 1297 1303 1309
f 1309 1303 1310
f 1303 1305 1310
f 1311 1312 1313
f 1312 1314 1313
f 1313 1314 1303
f 1314 1315 1303
f 1303 1315 1304
f 1311 1316 1317
f 1317 1318 1311
f 1318 1319 1311
f 1311 1319 1320
f 1320 1321 1311
f 1321 1322 1311
f 1311 1322 1312
f 1323 1324 1311
f 1324 1325 1311
f 1311 1325 1326
f 1326 1327 1311
f 1327 1328 1311
f 1311 1328 1316
f 197 273 171
f 273 1329 171
f 20 1330 58
f 1330 130 58
f 1331 170 167
f 1331 1332 1333
f 1332 1334 1333
f 1333 1334 1335
f 1334 1336 1335
f 1335 1336 1337
f 1336 1338 1337
f 1337 1338 1339
f 1338 1340 1339
f 1339 1340 1341
f 1340 1342 1341
f 1341 1342 1343
f 1342 1344 1343
f 1343 1344 1345
f 1344 1346 1345
f 20 27 1330
f 27 1347 1330
f 27 26 1347
f 26 25 1347
f 1347 25 1348
f 32 1345 33
f 1345 1346 33
f 33 1346 28
f 1346 1348 28
f 28 1348 29
f 1348 25 29
f 1331 167 1332
f 167 165 1332
f 1332 165 1349
f 165 164 1349
f 164 140 1349
f 1349 140 1350
f 171 1329 172
f 1329 1350 172
f 172 1350 139
f 1350 140 139
f 265 214 654
f 82 138 1351
f 1351 138 1352
f 138 1353 1352
f 1353 1354 1352
f 1352 1354 1355
f 1354 1356 1355
f 1355 1356 1357
f 1356 1358 1357
f 1359 577 1351
f 577 576 1351
f 1351 576 82
f 1360 580 1359
f 580 579 1359
f 1359 579 577
f 1361 583 1360
f 583 582 1360
f 1360 582 580
f 1362 586 1361
f 586 585 1361
f 1361 585 583
f 1363 589 1362
f 589 588 1362
f 1362 588 586
f 1364 592 1363
f 592 591 1363
f 1363 591 589
f 1365 595 1364
f 595 594 1364
f 1364 594 592
f 1366 598 1365
f 598 597 1365
f 1365 597 595
f 1367 601 1366
f 601 600 1366
f 1366 600 598
f 702 703 1368
f 703 604 1368
f 1368 604 1367
f 604 603 1367
f 1367 603 601
f 1369 606 1368
f 606 695 1368
f 1368 695 702
f 1370 1371 612
f 612 610 1370
f 610 609 1370
f 1370 609 1369
f 609 607 1369
f 1369 607 606
f 1372 1373 618
f 618 616 1372
f 616 615 1372
f 1372 615 1371
f 615 613 1371
f 1371 613 612
f 1374 1375 624
f 624 622 1374
f 622 621 1374
f 1374 621 1373
f 621 619 1373
f 1373 619 618
f 1376 1377 651
f 651 628 1376
f 628 627 1376
f 1376 627 1375
f 627 625 1375
f 1375 625 624
f 1356 265 1358
f 265 654 1358
f 1358 654 1377
f 654 652 1377
f 1377 652 651
f 1378 527 526
f 1378 526 1379
f 1380 1381 526
f 1381 1382 526
f 526 1382 1383
f 1383 1384 526
f 1384 1385 526
f 526 1385 1386
f 1386 1387 526
f 1387 1388 526
f 526 1388 1389
f 1389 1390 526
f 1390 1391 526
f 526 1391 1379
f 1392 575 1393
f 575 574 1393
f 1392 1394 575
f 1394 1395 575
f 575 1395 1396
f 1396 1397 575
f 1397 1398 575
f 575 1398 1399
f 1399 1400 575
f 1400 1401 575
f 575 1401 1402
f 1402 1403 575
f 1403 1404 575
f 575 1404 1405
f 1406 1407 1408
f 1409 1410 1411
f 659 1412 1413
f 1414 1415 1416
f 1417 641 1418
f 641 640 1418
f 1418 640 701
f 1411 733 1408
f 733 728 1408
f 1408 728 723
f 1419 1420 743
f 659 1413 664
f 1416 1415 1421
f 669 1416 674
f 1416 1422 674
f 674 1422 679
f 1423 1424 1417
f 1408 1407 1425
f 1426 2 1427
f 743 1420 634
f 1413 1428 664
f 1428 1429 664
f 664 1429 669
f 1429 1430 669
f 669 1430 1416
f 1430 1431 1416
f 1416 1431 1414
f 1415 1432 1421
f 1432 1433 1421
f 1421 1433 1434
f 1433 1435 1434
f 1434 1435 1436
f 1435 1437 1436
f 1436 1437 1438
f 1437 1439 1438
f 1438 1439 1440
f 1439 1441 1440
f 1440 1441 1442
f 1442 1441 1443
f 1441 1444 1443
f 1443 1444 1445
f 632 204 1446
f 1446 1447 632
f 1447 1448 632
f 632 1448 659
f 1448 1449 659
f 659 1449 1412
f 1450 1451 689
f 1452 1453 1418
f 1454 1455 1456
f 1407 1457 1425
f 1457 1458 1425
f 1425 1458 1459
f 1458 1460 1459
f 1459 1460 1461
f 1460 1462 1461
f 1461 1462 1463
f 1462 1464 1463
f 1463 1464 1465
f 1464 1466 1465
f 1411 1410 733
f 1410 1467 733
f 733 1467 738
f 1427 2 1468
f 2 1 1468
f 1468 1 1469
f 204 188 1446
f 188 145 1446
f 1446 145 1470
f 689 1451 694
f 1418 1453 1471
f 1472 1422 1473
f 1422 1474 1473
f 1473 1474 1475
f 1417 1424 641
f 1424 1476 641
f 641 1476 708
f 1467 1477 738
f 1477 1478 738
f 738 1478 743
f 1478 1479 743
f 743 1479 1419
f 1444 1480 1445
f 1480 1481 1445
f 1445 1481 196
f 1481 1482 196
f 196 1482 152
f 1482 1483 152
f 152 1483 150
f 1483 1470 150
f 150 1470 148
f 1470 145 148
f 1484 1485 1486
f 1485 1487 1486
f 1486 1487 1488
f 1487 1489 1488
f 1488 1489 1490
f 1489 1491 1490
f 1490 1491 1492
f 1491 1471 1492
f 1492 1471 1493
f 1471 1453 1493
f 1475 1474 1494
f 1474 1495 1494
f 1494 1495 1484
f 1495 1496 1484
f 1484 1496 1485
f 1456 1497 1454
f 1497 1498 1454
f 1454 1498 1417
f 1498 1499 1417
f 1417 1499 1423
f 1500 713 1501
f 713 708 1501
f 1501 708 1502
f 708 1476 1502
f 1500 1503 713
f 1503 1504 713
f 713 1504 718
f 1455 1454 1464
f 1454 1505 1464
f 1464 1505 1466
f 1 51 1469
f 51 57 1469
f 1469 57 1506
f 57 6 1506
f 1420 1507 634
f 1507 1508 634
f 634 1508 70
f 1508 1506 70
f 70 1506 5
f 1506 6 5
f 1451 1509 694
f 1509 1510 694
f 694 1510 701
f 1510 1511 701
f 701 1511 1418
f 1511 1512 1418
f 1418 1512 1452
f 1504 1513 718
f 1513 1514 718
f 718 1514 723
f 1514 1515 723
f 723 1515 1408
f 1515 1516 1408
f 1408 1516 1406
f 1517 1518 1411
f 1518 1519 1411
f 1411 1519 1409
f 1472 1520 1422
f 1520 1521 1422
f 1422 1521 679
f 1521 1522 679
f 679 1522 684
f 1522 1523 684
f 1523 1524 684
f 684 1524 689
f 1524 1525 689
f 689 1525 1450
f 1427 1526 1426
f 1526 1527 1426
f 1426 1527 1528
f 1527 1529 1528
f 1528 1529 1530
f 1529 1531 1530
f 1530 1531 1532
f 1531 1533 1532
f 1532 1533 1534
f 1533 1535 1534
f 1534 1535 1536
f 1535 1537 1536
f 1536 1537 1517
f 1537 1538 1517
f 1517 1538 1518
f 1539 1540 1541
f 1540 1542 1541
f 1541 1542 1543
f 1544 1545 1541
f 1545 1546 1541
f 1541 1546 1539
f 1547 1548 1541
f 1548 1549 1541
f 1541 1549 1544
f 1550 1551 1541
f 1551 1552 1541
f 1541 1552 1547
f 1553 1554 1541
f 1554 1555 1541
f 1541 1555 1550
f 1556 1557 1541
f 1557 1558 1541
f 1541 1558 1553
f 1559 1560 1541
f 1560 1561 1541
f 1541 1561 1556
f 1543 1562 1541
f 1562 1563 1541
f 1541 1563 1559
f 1564 1565 1566
f 1565 1567 1566
f 1566 1567 1568
f 1569 1570 1566
f 1570 1571 1566
f 1566 1571 1564
f 1572 1573 1566
f 1573 1574 1566
f 1566 1574 1569
f 1575 1576 1566
f 1576 1577 1566
f 1566 1577 1572
f 1578 1579 1566
f 1579 1580 1566
f 1566 1580 1575
f 1581 1582 1566
f 1582 1583 1566
f 1566 1583 1578
f 1584 1585 1566
f 1585 1586 1566
f 1566 1586 1581
f 1568 1587 1566
f 1587 1588 1566
f 1566 1588 1584
f 1589 1590 1591
f 1590 1592 1591
f 1591 1592 1593
f 1594 1595 1591
f 1595 1596 1591
f 1591 1596 1589
f 1597 1598 1591
f 1598 1599 1591
f 1591 1599 1594
f 1600 1601 1591
f 1601 1602 1591
f 1591 1602 1597
f 1603 1604 1591
f 1604 1605 1591
f 1591 1605 1600
f 1606 1607 1591
f 1607 1608 1591
f 1591 1608 1603
f 1609 1610 1591
f 1610 1611 1591
f 1591 1611 1606
f 1593 1612 1591
f 1612 1613 1591
f 1591 1613 1609
f 1614 1615 1616
f 1615 1617 1616
f 1616 1617 1618
f 1619 1620 1616
f 1620 1621 1616
f 1616 1621 1614
f 1622 1623 1616
f 1623 1624 1616
f 1616 1624 1619
f 1625 1626 1616
f 1626 1627 1616
f 1616 1627 1622
f 1628 1629 1616
f 1629 1630 1616
f 1616 1630 1625
f 1631 1632 1616
f 1632 1633 1616
f 1616 1633 1628
f 1634 1635 1616
f 1635 1636 1616
f 1616 1636 1631
f 1618 1637 1616
f 1637 1638 1616
f 1616 1638 1634
f 1639 1640 1641
f 1639 1641 1642
f 1643 1642 1641
f 1644 1643 1641
f 1645 1644 1641
f 1646 1645 1641
f 1647 1646 1641
f 1648 1647 1641
f 1648 1649 1650
f 1649 1651 1652
f 1651 1653 1654
f 1653 1655 1656
f 1655 1657 1658
f 1655 1658 1656
f 1658 1659 1656
f 1656 1659 1660
f 1659 1661 1660
f 1660 1661 1662
f 1661 1663 1662
f 1662 1663 1664
f 1663 1665 1664
f 1664 1665 1666
f 1665 1667 1666
f 1666 1667 1668
f 1667 1669 1668
f 1668 1669 1670
f 1669 1671 1670
f 1670 1671 1672
f 1653 1656 1654
f 1656 1660 1654
f 1654 1660 1673
f 1660 1662 1673
f 1673 1662 1674
f 1662 1664 1674
f 1674 1664 1675
f 1664 1666 1675
f 1675 1666 1676
f 1666 1668 1676
f 1676 1668 1677
f 1668 1670 1677
f 1677 1670 1678
f 1670 1672 1678
f 1678 1672 1679
f 1651 1654 1652
f 1654 1673 1652
f 1652 1673 1680
f 1673 1674 1680
f 1680 1674 1681
f 1674 1675 1681
f 1681 1675 1682
f 1675 1676 1682
f 1682 1676 1683
f 1676 1677 1683
f 1683 1677 1684
f 1677 1678 1684
f 1684 1678 1685
f 1678 1679 1685
f 1685 1679 1686
f 1649 1652 1650
f 1652 1680 1650
f 1650 1680 1687
f 1680 1681 1687
f 1687 1681 1688
f 1681 1682 1688
f 1688 1682 1689
f 1682 1683 1689
f 1689 1683 1690
f 1683 1684 1690
f 1690 1684 1691
f 1684 1685 1691
f 1691 1685 1692
f 1685 1686 1692
f 1692 1686 1693
f 1648 1650 1647
f 1650 1687 1647
f 1647 1687 1646
f 1687 1688 1646
f 1646 1688 1645
f 1688 1689 1645
f 1645 1689 1644
f 1689 1690 1644
f 1644 1690 1643
f 1690 1691 1643
f 1643 1691 1642
f 1691 1692 1642
f 1642 1692 1639
f 1692 1693 1639
f 1639 1693 1640
f 1694 1641 1640
f 1694 1640 1695
f 1640 1693 1695
f 1695 1693 1696
f 1693 1686 1696
f 1696 1686 1697
f 1686 1679 1697
f 1697 1679 1698
f 1679 1672 1698
f 1698 1672 1699
f 1672 1671 1699
f 1699 1671 1700
f 1701 1702 1703
f 1704 1705 1706
f 1707 1708 1709
f 1710 1711 1712
f 1713 1714 1715
f 1716 1717 1718
f 1719 1720 1721
f 1722 1723 1724
f 1725 1726 1727
f 1728 1729 1730
f 1731 1732 1733
f 1734 1735 1736
f 1737 1738 1739
f 1740 1741 1742
f 1743 1744 1745
f 1746 1747 1748
f 1749 1750 1751
f 1752 1753 1754
f 1755 1756 1757
f 1758 1657 1655
f 1759 1760 1761
f 1762 1763 1764
f 1765 1766 1767
f 1768 1769 1770
f 1771 1772 1773
f 1774 1775 1776
f 1777 1778 1779
f 1780 1781 1782
f 1783 1784 1785
f 1786 1787 1788
f 1789 1790 1791
f 1792 1793 1794
f 1786 1788 1795
f 1783 1785 1796
f 1797 1798 1799
f 1800 1801 1802
f 1801 1803 1802
f 1771 1773 1804
f 1805 1806 1807
f 1762 1764 1808
f 1756 1758 1757
f 1758 1655 1757
f 1757 1655 1809
f 1655 1653 1809
f 1809 1653 1810
f 1653 1651 1810
f 1810 1651 1811
f 1651 1649 1811
f 1811 1649 1812
f 1649 1648 1812
f 1812 1648 1813
f 1648 1641 1813
f 1753 1755 1754
f 1755 1757 1754
f 1754 1757 1814
f 1757 1809 1814
f 1814 1809 1815
f 1809 1810 1815
f 1815 1810 1816
f 1810 1811 1816
f 1816 1811 1794
f 1811 1812 1794
f 1794 1812 1792
f 1812 1813 1792
f 1750 1752 1751
f 1752 1754 1751
f 1751 1754 1817
f 1754 1814 1817
f 1817 1814 1818
f 1814 1815 1818
f 1818 1815 1819
f 1815 1816 1819
f 1819 1816 1791
f 1816 1794 1791
f 1791 1794 1789
f 1794 1793 1789
f 1747 1749 1748
f 1749 1751 1748
f 1748 1751 1820
f 1751 1817 1820
f 1820 1817 1821
f 1817 1818 1821
f 1821 1818 1822
f 1818 1819 1822
f 1822 1819 1788
f 1819 1791 1788
f 1788 1791 1795
f 1791 1790 1795
f 1744 1746 1745
f 1746 1748 1745
f 1745 1748 1823
f 1748 1820 1823
f 1823 1820 1824
f 1820 1821 1824
f 1824 1821 1825
f 1821 1822 1825
f 1825 1822 1785
f 1822 1788 1785
f 1785 1788 1796
f 1788 1787 1796
f 1741 1743 1742
f 1743 1745 1742
f 1742 1745 1826
f 1745 1823 1826
f 1826 1823 1827
f 1823 1824 1827
f 1827 1824 1828
f 1824 1825 1828
f 1828 1825 1797
f 1825 1785 1797
f 1797 1785 1798
f 1785 1784 1798
f 1738 1740 1739
f 1740 1742 1739
f 1739 1742 1829
f 1742 1826 1829
f 1829 1826 1830
f 1826 1827 1830
f 1830 1827 1831
f 1827 1828 1831
f 1831 1828 1782
f 1828 1797 1782
f 1782 1797 1780
f 1797 1799 1780
f 1735 1737 1736
f 1737 1739 1736
f 1736 1739 1832
f 1739 1829 1832
f 1832 1829 1833
f 1829 1830 1833
f 1833 1830 1834
f 1830 1831 1834
f 1834 1831 1779
f 1831 1782 1779
f 1779 1782 1777
f 1782 1781 1777
f 1732 1734 1733
f 1734 1736 1733
f 1733 1736 1835
f 1736 1832 1835
f 1835 1832 1836
f 1832 1833 1836
f 1836 1833 1837
f 1833 1834 1837
f 1837 1834 1801
f 1834 1779 1801
f 1801 1779 1803
f 1779 1778 1803
f 1838 1731 1839
f 1731 1733 1839
f 1839 1733 1840
f 1733 1835 1840
f 1840 1835 1841
f 1835 1836 1841
f 1841 1836 1842
f 1836 1837 1842
f 1842 1837 1843
f 1837 1801 1843
f 1843 1801 1844
f 1801 1800 1844
f 1844 1774 1843
f 1774 1776 1843
f 1843 1776 1842
f 1776 1845 1842
f 1842 1845 1841
f 1845 1846 1841
f 1841 1846 1840
f 1846 1847 1840
f 1840 1847 1839
f 1847 1848 1839
f 1839 1848 1838
f 1848 1849 1838
f 1775 1850 1776
f 1850 1851 1776
f 1776 1851 1845
f 1851 1852 1845
f 1845 1852 1846
f 1852 1853 1846
f 1846 1853 1847
f 1853 1854 1847
f 1847 1854 1848
f 1854 1730 1848
f 1848 1730 1849
f 1730 1729 1849
f 1726 1728 1727
f 1728 1730 1727
f 1727 1730 1855
f 1730 1854 1855
f 1855 1854 1856
f 1854 1853 1856
f 1856 1853 1857
f 1853 1852 1857
f 1857 1852 1773
f 1852 1851 1773
f 1773 1851 1804
f 1851 1850 1804
f 1723 1725 1724
f 1725 1727 1724
f 1724 1727 1858
f 1727 1855 1858
f 1858 1855 1859
f 1855 1856 1859
f 1859 1856 1860
f 1856 1857 1860
f 1860 1857 1770
f 1857 1773 1770
f 1770 1773 1768
f 1773 1772 1768
f 1720 1722 1721
f 1722 1724 1721
f 1721 1724 1861
f 1724 1858 1861
f 1861 1858 1862
f 1858 1859 1862
f 1862 1859 1863
f 1859 1860 1863
f 1863 1860 1864
f 1860 1770 1864
f 1864 1770 1865
f 1770 1769 1865
f 1717 1719 1718
f 1719 1721 1718
f 1718 1721 1866
f 1721 1861 1866
f 1866 1861 1867
f 1861 1862 1867
f 1867 1862 1868
f 1862 1863 1868
f 1868 1863 1767
f 1863 1864 1767
f 1767 1864 1765
f 1864 1865 1765
f 1714 1716 1715
f 1716 1718 1715
f 1715 1718 1869
f 1718 1866 1869
f 1869 1866 1870
f 1866 1867 1870
f 1870 1867 1871
f 1867 1868 1871
f 1871 1868 1805
f 1868 1767 1805
f 1805 1767 1806
f 1767 1766 1806
f 1711 1713 1712
f 1713 1715 1712
f 1712 1715 1872
f 1715 1869 1872
f 1872 1869 1873
f 1869 1870 1873
f 1873 1870 1874
f 1870 1871 1874
f 1874 1871 1875
f 1871 1805 1875
f 1875 1805 1876
f 1805 1807 1876
f 1708 1710 1709
f 1710 1712 1709
f 1709 1712 1877
f 1712 1872 1877
f 1877 1872 1878
f 1872 1873 1878
f 1878 1873 1879
f 1873 1874 1879
f 1879 1874 1764
f 1874 1875 1764
f 1764 1875 1808
f 1875 1876 1808
f 1705 1707 1706
f 1707 1709 1706
f 1706 1709 1880
f 1709 1877 1880
f 1880 1877 1881
f 1877 1878 1881
f 1881 1878 1882
f 1878 1879 1882
f 1882 1879 1883
f 1879 1764 1883
f 1883 1764 1884
f 1764 1763 1884
f 1702 1704 1703
f 1704 1706 1703
f 1703 1706 1885
f 1706 1880 1885
f 1885 1880 1886
f 1880 1881 1886
f 1886 1881 1887
f 1881 1882 1887
f 1887 1882 1888
f 1882 1883 1888
f 1888 1883 1889
f 1883 1884 1889
f 1890 1701 1891
f 1701 1703 1891
f 1891 1703 1892
f 1703 1885 1892
f 1892 1885 1893
f 1885 1886 1893
f 1893 1886 1894
f 1886 1887 1894
f 1894 1887 1761
f 1887 1888 1761
f 1761 1888 1759
f 1888 1889 1759
f 1895 1896 1897
f 1896 1898 1899
f 1898 1900 1901
f 1900 1902 1903
f 1904 1905 1906
f 1907 1908 1909
f 1908 1910 1909
f 1910 1911 1909
f 1909 1911 1902
f 1910 1912 1911
f 1912 1913 1911
f 1911 1913 1914
f 1913 1915 1914
f 1914 1915 1916
f 1915 1917 1916
f 1917 1918 1916
f 1916 1918 1919
f 1918 1920 1919
f 1920 1921 1919
f 1919 1921 1922
f 1921 1923 1922
f 1923 1924 1922
f 1924 1925 1922
f 1922 1925 1926
f 1925 1927 1926
f 1927 1928 1926
f 1926 1928 1929
f 1930 1931 1932
f 1931 1929 1932
f 1932 1929 1933
f 1929 1928 1933
f 1934 1935 1936
f 1935 1937 1936
f 1936 1937 1938
f 1937 1939 1938
f 1902 1911 1903
f 1911 1914 1903
f 1903 1914 1940
f 1914 1916 1940
f 1940 1916 1941
f 1916 1919 1941
f 1941 1919 1942
f 1919 1922 1942
f 1942 1922 1943
f 1922 1926 1943
f 1943 1926 1944
f 1926 1929 1944
f 1944 1929 1945
f 1929 1931 1945
f 1945 1931 1946
f 1935 1947 1937
f 1947 1948 1937
f 1937 1948 1949
f 1900 1903 1901
f 1903 1940 1901
f 1901 1940 1950
f 1940 1941 1950
f 1950 1941 1951
f 1941 1942 1951
f 1951 1942 1952
f 1942 1943 1952
f 1952 1943 1953
f 1943 1944 1953
f 1953 1944 1954
f 1944 1945 1954
f 1954 1945 1955
f 1945 1946 1955
f 1955 1946 1956
f 1948 1957 1949
f 1957 1958 1949
f 1949 1958 1959
f 1898 1901 1899
f 1901 1950 1899
f 1899 1950 1960
f 1950 1951 1960
f 1960 1951 1961
f 1951 1952 1961
f 1961 1952 1962
f 1952 1953 1962
f 1962 1953 1963
f 1953 1954 1963
f 1963 1954 1964
f 1954 1955 1964
f 1964 1955 1965
f 1955 1956 1965
f 1965 1956 1966
f 1958 1967 1959
f 1967 1968 1959
f 1959 1968 1969
f 1896 1899 1897
f 1899 1960 1897
f 1897 1960 1970
f 1960 1961 1970
f 1970 1961 1971
f 1961 1962 1971
f 1971 1962 1972
f 1962 1963 1972
f 1972 1963 1973
f 1963 1964 1973
f 1973 1964 1974
f 1964 1965 1974
f 1974 1965 1975
f 1965 1966 1975
f 1975 1966 1976
f 1905 1939 1906
f 1939 1937 1906
f 1906 1937 1977
f 1937 1949 1977
f 1977 1949 1978
f 1949 1959 1978
f 1978 1959 1979
f 1959 1969 1979
f 1979 1969 1980
f 1969 1981 1980
f 1700 1907 1699
f 1907 1909 1699
f 1699 1909 1698
f 1909 1902 1698
f 1698 1902 1697
f 1902 1900 1697
f 1697 1900 1696
f 1900 1898 1696
f 1696 1898 1695
f 1898 1896 1695
f 1695 1896 1694
f 1896 1895 1694
f 1982 1983 1976
f 1983 1984 1976
f 1976 1984 1975
f 1984 1985 1975
f 1975 1985 1974
f 1985 1986 1974
f 1974 1986 1973
f 1986 1987 1973
f 1973 1987 1972
f 1987 1988 1972
f 1972 1988 1971
f 1988 1989 1971
f 1971 1989 1970
f 1989 1990 1970
f 1970 1990 1897
f 1990 1991 1897
f 1897 1991 1895
f 1992 1982 1980
f 1982 1976 1980
f 1980 1976 1979
f 1976 1966 1979
f 1979 1966 1978
f 1966 1956 1978
f 1978 1956 1977
f 1956 1946 1977
f 1977 1946 1906
f 1946 1931 1906
f 1906 1931 1904
f 1931 1930 1904
f 1968 1993 1969
f 1993 1994 1969
f 1969 1994 1981
f 1994 1995 1981
f 1981 1995 1996
f 1992 1980 1997
f 1980 1981 1997
f 1997 1981 1998
f 1981 1996 1998
f 1998 1996 1999
f 2000 2001 1760
f 2002 2003 2004
f 2005 2006 2003
f 2007 2008 2009
f 2010 2011 2012
f 2011 2013 2012
f 2012 2013 2014
f 2015 2008 2016
f 2008 2007 2016
f 2016 2007 2017
f 2014 2013 2018
f 2013 2019 2018
f 2018 2019 2020
f 2011 2015 2013
f 2015 2016 2013
f 2013 2016 2019
f 2016 2017 2019
f 2019 2017 2021
f 2022 2023 2024
f 2024 2025 2026
f 2027 2028 2029
f 2028 2021 2029
f 2029 2021 2030
f 2021 2017 2030
f 2030 2017 2031
f 2017 2007 2031
f 2031 2007 2032
f 2007 2009 2032
f 2032 2009 2006
f 2028 2033 2021
f 2033 2034 2021
f 2021 2034 2019
f 2034 2035 2019
f 2019 2035 2020
f 2026 2036 2037
f 2006 2005 2032
f 2005 2038 2032
f 2032 2038 2031
f 2038 2039 2031
f 2031 2039 2030
f 2039 2040 2030
f 2030 2040 2029
f 2040 2041 2029
f 2029 2041 2027
f 2001 2000 2037
f 2037 2036 2001
f 2036 2042 2001
f 2001 2042 1760
f 2026 2025 2036
f 2025 2043 2036
f 2036 2043 2042
f 2043 2044 2042
f 2042 2044 1760
f 2024 2023 2025
f 2023 2045 2025
f 2025 2045 2043
f 2045 2046 2043
f 2043 2046 2044
f 2046 2047 2044
f 2044 2047 1760
f 2004 1890 2022
f 1890 1891 2022
f 2022 1891 2023
f 1891 1892 2023
f 2023 1892 2045
f 1892 1893 2045
f 2045 1893 2046
f 1893 1894 2046
f 2046 1894 2047
f 1894 1761 2047
f 2047 1761 1760
f 1760 2048 2041
f 2048 2049 2041
f 2041 2049 2027
f 2003 2002 2005
f 2002 2050 2005
f 2005 2050 2038
f 2050 2051 2038
f 2038 2051 2039
f 2051 2052 2039
f 2039 2052 2040
f 2052 2053 2040
f 2040 2053 2041
f 2053 1760 2041
f 2004 2022 2002
f 2022 2024 2002
f 2002 2024 2050
f 2024 2026 2050
f 2050 2026 2051
f 2026 2037 2051
f 2051 2037 2052
f 2037 2000 2052
f 2052 2000 2053
f 2000 1760 2053
f 2010 2012 1934
f 2012 1935 1934
f 1935 2012 1947
f 2012 2014 1947
f 1947 2014 1948
f 2014 2018 1948
f 1948 2018 1957
f 2018 2020 1957
f 1957 2020 1958
f 2020 2035 1958
f 1958 2035 2054
f 2035 2034 2054
f 2054 2034 1968
f 2034 2033 1968
f 1968 2033 1993
f 2033 2028 1993
f 1993 2028 1994
f 2028 2027 1994
f 1994 2027 1995
f 2027 2049 1995
f 1995 2049 1996
f 2049 2048 1996
f 2048 1760 1996
f 1996 1760 1999
f 2055 2056 2057
f 2056 2058 2057
f 2057 2058 2059
f 2058 2060 2059
f 2059 2060 2061
f 2060 2062 2061
f 2061 2062 2063
f 2062 2064 2063
f 2063 2064 2065
f 2064 2066 2065
f 2065 2066 2067
f 2066 2068 2067
f 2067 2068 2069
f 2068 2070 2069
f 2069 2070 2071
f 2070 2072 2071
f 2071 2072 2073
f 2072 2074 2073
f 2073 2074 2075
f 2074 2076 2075
f 2075 2076 2077
f 2076 2078 2077
f 2077 2078 2079
f 2078 2080 2079
f 2079 2080 2081
f 2080 2082 2081
f 2081 2082 2083
f 2082 2084 2083
f 2083 2084 2085
f 2084 2086 2085
f 2085 2086 2087
f 2086 2088 2087
f 2087 2088 2089
f 2088 2090 2089
f 2089 2090 2091
f 2090 2092 2091
f 2091 2092 2093
f 2092 2094 2093
f 2093 2094 2095
f 2094 2096 2095
f 2095 2096 2097
f 2096 2098 2097
f 2097 2098 2099
f 2098 2100 2099
f 2099 2100 2101
f 2100 2102 2101
f 2101 2102 2055
f 2102 2056 2055
f 2103 2104 2105
f 2104 2106 2105
f 2105 2106 2107
f 2106 2108 2107
f 2107 2108 2109
f 2108 2110 2109
f 2109 2110 2111
f 2110 2112 2111
f 2111 2112 2113
f 2112 2114 2113
f 2113 2114 2115
f 2114 2116 2115
f 2115 2116 2117
f 2116 2118 2117
f 2117 2118 2119
f 2118 2120 2119
f 2119 2120 2121
f 2122 2123 2124
f 2123 2125 2124
f 2124 2125 2126
f 2125 2127 2126
f 2126 2127 2128
f 2127 2129 2128
f 2128 2129 2130
f 2129 2131 2130
f 2130 2131 2103
f 2131 2132 2103
f 2103 2132 2104
f 2133 2134 2135
f 2134 2136 2135
f 2135 2136 2137
f 2136 2138 2137
f 2137 2138 2139
f 2138 2140 2139
f 2139 2140 2141
f 2140 2142 2141
f 2141 2142 2122
f 2142 2143 2122
f 2122 2143 2123
f 2120 2144 2121
f 2144 2145 2121
f 2121 2145 2146
f 2145 2147 2146
f 2146 2147 2148
f 2147 2149 2148
f 2148 2149 2150
f 2149 2151 2150
f 2150 2151 2152
f 2151 2153 2152
f 2152 2153 2133
f 2153 2154 2133
f 2133 2154 2134
f 2155 2156 2157
f 2156 2158 2157
f 2157 2158 2159
f 2158 2160 2159
f 2159 2160 2161
f 2160 2162 2161
f 2161 2162 2163
f 2162 2164 2163
f 2163 2164 2165
f 2164 2166 2165
f 2165 2166 2167
f 2166 2168 2167
f 2167 2168 2169
f 2168 2170 2169
f 2169 2170 2171
f 2170 2172 2171
f 2171 2172 2173
f 2172 2174 2173
f 2173 2174 2175
f 2174 2176 2175
f 2175 2176 2177
f 2176 2178 2177
f 2178 2179 2177
f 2177 2179 2180
f 2179 2181 2180
f 2180 2181 2182
f 2181 2183 2182
f 2182 2183 2184
f 2183 2185 2184
f 2184 2185 2186
f 2185 2187 2186
f 2186 2187 2188
f 2187 2189 2188
f 2188 2189 2190
f 2189 2191 2190
f 2190 2191 2192
f 2191 2193 2192
f 2192 2193 2194
f 2193 2195 2194
f 2194 2195 2196
f 2195 2197 2196
f 2196 2197 2198
f 2197 2199 2198
f 2198 2199 2200
f 2199 2201 2200
f 2200 2201 2202
f 2201 2203 2202
f 2202 2203 2155
f 2203 2204 2155
f 2155 2204 2156
f 2205 2206 2207
f 2206 2208 2207
f 2207 2208 2209
f 2208 2210 2209
f 2209 2210 2211
f 2210 2212 2211
f 2211 2212 2213
f 2212 2214 2213
f 2213 2214 2215
f 2214 2216 2215
f 2215 2216 2217
f 2216 2218 2217
f 2217 2218 2219
f 2218 2220 2219
f 2219 2220 2221
f 2220 2222 2221
f 2221 2222 2223
f 2222 2224 2223
f 2223 2224 2225
f 2224 2226 2225
f 2225 2226 2227
f 2228 2229 2230
f 2229 2231 2230
f 2230 2231 2232
f 2231 2233 2232
f 2232 2233 2234
f 2233 2235 2234
f 2234 2235 2236
f 2235 2237 2236
f 2236 2237 2238
f 2237 2239 2238
f 2238 2239 2240
f 2239 2241 2240
f 2240 2241 2242
f 2241 2243 2242
f 2242 2243 2205
f 2243 2244 2205
f 2205 2244 2206
f 2245 2246 2228
f 2246 2247 2228
f 2228 2247 2229
f 2226 2248 2227
f 2248 2249 2227
f 2227 2249 2250
f 2249 2251 2250
f 2250 2251 2252
f 2251 2253 2252
f 2252 2253 2254
f 2253 2255 2254
f 2254 2255 2245
f 2255 2256 2245
f 2245 2256 2246
f 2257 2258 2259
f 2258 2260 2259
f 2259 2260 2261
f 2260 2262 2261
f 2261 2262 2263
f 2262 2264 2263
f 2263 2264 2265
f 2264 2266 2265
f 2265 2266 2267
f 2266 2268 2267
f 2267 2268 2269
f 2268 2270 2269
f 2269 2270 2271
f 2270 2272 2271
f 2272 2273 2271
f 2271 2273 2274
f 2273 2275 2274
f 2274 2275 2276
f 2275 2277 2276
f 2276 2277 2278
f 2277 2279 2278
f 2278 2279 2280
f 2279 2281 2280
f 2280 2281 2282
f 2281 2283 2282
f 2282 2283 2284
f 2283 2285 2284
f 2284 2285 2286
f 2285 2287 2286
f 2286 2287 2288
f 2287 2289 2288
f 2288 2289 2290
f 2289 2291 2290
f 2290 2291 2292
f 2291 2293 2292
f 2292 2293 2294
f 2293 2295 2294
f 2294 2295 2296
f 2295 2297 2296
f 2296 2297 2298
f 2297 2299 2298
f 2298 2299 2300
f 2299 2301 2300
f 2300 2301 2302
f 2301 2303 2302
f 2302 2303 2304
f 2303 2305 2304
f 2304 2305 2257
f 2305 2306 2257
f 2257 2306 2258
f 2307 2308 2309
f 2309 2310 2307
f 2310 2311 2307
f 2307 2311 2312
f 2311 2313 2312
f 2312 2313 2314
f 2313 2315 2314
f 2314 2315 2316
f 2315 2317 2316
f 2316 2317 2318
f 2317 2319 2318
f 2318 2319 2320
f 2319 2321 2320
f 2320 2321 2322
f 2321 2323 2322
f 2322 2323 2324
f 2323 2325 2324
f 2324 2325 2326
f 2325 2327 2326
f 2326 2327 2328
f 2327 2329 2328
f 2328 2329 2330
f 2329 2331 2330
f 2330 2331 2332
f 2331 2333 2332
f 2332 2333 2334
f 2333 2335 2334
f 2334 2335 2336
f 2335 2337 2336
f 2336 2337 2338
f 2337 2339 2338
f 2338 2339 2340
f 2339 2341 2340
f 2340 2341 2342
f 2341 2343 2342
f 2342 2343 2344
f 2343 2345 2344
f 2344 2345 2346
f 2345 2347 2346
f 2346 2347 2348
f 2347 2349 2348
f 2348 2349 2350
f 2349 2351 2350
f 2350 2351 2352
f 2351 2353 2352
f 2352 2353 2354
f 2353 2355 2354
f 2354 2355 2308
f 2355 2356 2308
f 2308 2356 2309
f 2357 2358 2359
f 2358 2360 2359
f 2359 2360 2361
f 2360 2362 2361
f 2361 2362 2363
f 2362 2364 2363
f 2363 2364 2365
f 2364 2366 2365
f 2365 2366 2367
f 2366 2368 2367
f 2367 2368 2369
f 2368 2370 2369
f 2369 2370 2371
f 2370 2372 2371
f 2372 2373 2371
f 2371 2373 2374
f 2373 2375 2374
f 2374 2375 2376
f 2375 2377 2376
f 2376 2377 2378
f 2377 2379 2378
f 2378 2379 2380
f 2379 2381 2380
f 2380 2381 2382
f 2381 2383 2382
f 2382 2383 2384
f 2383 2385 2384
f 2384 2385 2386
f 2385 2387 2386
f 2386 2387 2388
f 2387 2389 2388
f 2388 2389 2390
f 2389 2391 2390
f 2390 2391 2392
f 2391 2393 2392
f 2392 2393 2394
f 2393 2395 2394
f 2394 2395 2396
f 2395 2397 2396
f 2396 2397 2398
f 2397 2399 2398
f 2398 2399 2400
f 2399 2401 2400
f 2400 2401 2402
f 2401 2403 2402
f 2402 2403 2404
f 2403 2405 2404
f 2404 2405 2357
f 2405 2406 2357
f 2357 2406 2358
f 2407 2408 2409
f 2408 2410 2409
f 2409 2410 2411
f 2410 2412 2411
f 2411 2412 2413
f 2412 2414 2413
f 2413 2414 2415
f 2414 2416 2415
f 2415 2416 2417
f 2418 2419 2420
f 2419 2421 2420
f 2420 2421 2422
f 2421 2423 2422
f 2422 2423 2424
f 2423 2425 2424
f 2424 2425 2426
f 2425 2427 2426
f 2426 2427 2428
f 2427 2429 2428
f 2428 2429 2407
f 2429 2430 2407
f 2407 2430 2408
f 2431 2432 2433
f 2432 2434 2433
f 2433 2434 2435
f 2434 2436 2435
f 2435 2436 2437
f 2436 2438 2437
f 2437 2438 2439
f 2438 2440 2439
f 2439 2440 2441
f 2440 2442 2441
f 2441 2442 2443
f 2442 2444 2443
f 2443 2444 2418
f 2444 2445 2418
f 2418 2445 2419
f 2416 2446 2417
f 2446 2447 2417
f 2417 2447 2448
f 2447 2449 2448
f 2448 2449 2450
f 2449 2451 2450
f 2450 2451 2452
f 2451 2453 2452
f 2452 2453 2454
f 2453 2455 2454
f 2454 2455 2456
f 2455 2457 2456
f 2456 2457 2431
f 2457 2458 2431
f 2431 2458 2432
f 2459 2460 2461
f 2460 2462 2461
f 2461 2462 2463
f 2462 2464 2463
f 2463 2464 2465
f 2464 2466 2465
f 2465 2466 2467
f 2466 2468 2467
f 2467 2468 2469
f 2468 2470 2469
f 2469 2470 2471
f 2470 2472 2471
f 2471 2472 2473
f 2472 2474 2473
f 2473 2474 2475
f 2474 2476 2475
f 2475 2476 2477
f 2476 2478 2477
f 2477 2478 2479
f 2478 2480 2479
f 2479 2480 2481
f 2480 2482 2481
f 2481 2482 2483
f 2482 2484 2483
f 2483 2484 2485
f 2484 2486 2485
f 2485 2486 2487
f 2486 2488 2487
f 2487 2488 2489
f 2488 2490 2489
f 2489 2490 2491
f 2490 2492 2491
f 2491 2492 2493
f 2492 2494 2493
f 2493 2494 2495
f 2494 2496 2495
f 2495 2496 2497
f 2496 2498 2497
f 2497 2498 2499
f 2498 2500 2499
f 2499 2500 2501
f 2500 2502 2501
f 2501 2502 2503
f 2502 2504 2503
f 2503 2504 2505
f 2504 2506 2505
f 2505 2506 2459
f 2506 2460 2459
f 2507 2508 2509
f 2508 2510 2509
f 2509 2510 2511
f 2510 2512 2511
f 2511 2512 2513
f 2512 2514 2513
f 2513 2514 2515
f 2514 2516 2515
f 2515 2516 2517
f 2516 2518 2517
f 2517 2518 2519
f 2518 2520 2519
f 2519 2520 2521
f 2520 2522 2521
f 2521 2522 2523
f 2522 2524 2523
f 2523 2524 2525
f 2524 2526 2525
f 2525 2526 2527
f 2526 2528 2527
f 2527 2528 2529
f 2528 2530 2529
f 2529 2530 2531
f 2530 2532 2531
f 2531 2532 2533
f 2532 2534 2533
f 2533 2534 2535
f 2534 2536 2535
f 2535 2536 2537
f 2536 2538 2537
f 2537 2538 2539
f 2538 2540 2539
f 2539 2540 2541
f 2540 2542 2541
f 2541 2542 2543
f 2542 2544 2543
f 2543 2544 2545
f 2544 2546 2545
f 2545 2546 2547
f 2546 2548 2547
f 2547 2548 2549
f 2548 2550 2549
f 2549 2550 2551
f 2550 2552 2551
f 2551 2552 2553
f 2552 2554 2553
f 2553 2554 2507
f 2554 2508 2507
f 2555 2556 2557
f 2558 2559 2557
f 2559 2560 2557
f 2557 2560 2555
f 2561 2562 2563
f 2562 2564 2563
f 2563 2564 2565
f 2564 2566 2565
f 2565 2566 2567
f 2566 2568 2567
f 2567 2568 2569
f 2568 2570 2569
f 2569 2570 2571
f 2570 2572 2571
f 2571 2572 2573
f 2572 2574 2573
f 2573 2574 2575
f 2574 2576 2575
f 2575 2576 2558
f 2576 2577 2558
f 2558 2577 2559
f 2578 2579 2561
f 2579 2580 2561
f 2561 2580 2562
f 2581 2582 2583
f 2582 2584 2583
f 2583 2584 2585
f 2584 2586 2585
f 2585 2586 2587
f 2586 2588 2587
f 2587 2588 2589
f 2588 2590 2589
f 2589 2590 2591
f 2590 2592 2591
f 2591 2592 2593
f 2592 2594 2593
f 2593 2594 2595
f 2594 2596 2595
f 2595 2596 2597
f 2596 2598 2597
f 2597 2598 2599
f 2598 2600 2599
f 2599 2600 2578
f 2600 2601 2578
f 2578 2601 2579
f 2555 2602 2556
f 2602 2603 2556
f 2556 2603 2604
f 2603 2605 2604
f 2604 2605 2606
f 2605 2607 2606
f 2606 2607 2581
f 2607 2608 2581
f 2581 2608 2582
f 2609 2610 2611
f 2610 2612 2611
f 2611 2612 2613
f 2612 2614 2613
f 2613 2614 2615
f 2614 2616 2615
f 2615 2616 2617
f 2616 2618 2617
f 2617 2618 2619
f 2618 2620 2619
f 2619 2620 2621
f 2620 2622 2621
f 2621 2622 2623
f 2622 2624 2623
f 2623 2624 2625
f 2624 2626 2625
f 2625 2626 2627
f 2626 2628 2627
f 2627 2628 2629
f 2628 2630 2629
f 2629 2630 2631
f 2630 2632 2631
f 2631 2632 2633
f 2632 2634 2633
f 2633 2634 2635
f 2634 2636 2635
f 2636 2637 2635
f 2635 2637 2638
f 2637 2639 2638
f 2638 2639 2640
f 2639 2641 2640
f 2640 2641 2642
f 2641 2643 2642
f 2642 2643 2644
f 2643 2645 2644
f 2644 2645 2646
f 2645 2647 2646
f 2646 2647 2648
f 2647 2649 2648
f 2648 2649 2650
f 2649 2651 2650
f 2650 2651 2652
f 2651 2653 2652
f 2652 2653 2654
f 2653 2655 2654
f 2654 2655 2656
f 2655 2657 2656
f 2656 2657 2609
f 2657 2658 2609
f 2609 2658 2610
f 1657 2659 2660
f 1657 2660 1658
f 2660 2661 1658
f 1658 2661 1659
f 2661 2662 1659
f 1659 2662 1661
f 2662 2663 1661
f 1661 2663 1663
f 2663 2664 1663
f 1663 2664 1665
f 2664 2665 1665
f 1665 2665 1667
f 2665 2666 1667
f 1667 2666 1669
f 2666 2667 1669
f 1669 2667 1671
f 2010 2668 2669
f 2010 2669 2011
f 2669 2670 2011
f 2011 2670 2015
f 2670 2671 2015
f 2015 2671 2008
f 2671 2672 2008
f 2008 2672 2009
f 2672 2673 2009
f 2009 2673 2006
f 2673 2674 2006
f 2006 2674 2003
f 2674 2675 2003
f 2003 2675 2004
f 2675 2676 2004
f 2004 2676 1890
f 2677 1934 2678
f 1934 1936 2678
f 2678 1936 2679
f 1936 1938 2679
f 1938 1939 2679
f 2679 1939 2680
f 1939 1905 2680
f 1905 1904 2680
f 1904 1930 2680
f 2680 1930 2681
f 1930 1932 2681
f 1932 1933 2681
f 2681 1933 2682
f 1933 1928 2682
f 1928 1927 2682
f 2682 1927 2683
f 1927 1925 2683
f 1925 1924 2683
f 2683 1924 2684
f 1924 1923 2684
f 1923 1921 2684
f 2684 1921 2685
f 1921 1920 2685
f 1920 1918 2685
f 2685 1918 2686
f 1918 1917 2686
f 1917 1915 2686
f 2686 1915 2687
f 1915 1913 2687
f 1913 1912 2687
f 2687 1912 2688
f 1912 1910 2688
f 1910 1908 2688
f 2688 1908 2689
f 1908 1907 2689
f 2689 1907 2690
f 1907 1700 2690
f 1934 2677 2010
f 2677 2668 2010
f 2691 2692 2693
f 2692 2694 2693
f 2695 2696 2697
f 2698 2699 2700
f 2701 2702 2694
f 2702 2703 2694
f 2694 2703 2693
f 2695 2697 2694
f 2697 2704 2694
f 2694 2704 2705
f 2705 2706 2694
f 2706 2707 2694
f 2694 2707 2708
f 2700 2699 2708
f 2708 2699 2694
f 2699 2709 2694
f 2694 2709 2701
f 2698 2700 2710
f 2700 2711 2710
f 2710 2711 2712
f 2711 2713 2712
f 2712 2713 2714
f 2715 2716 2712
f 2716 2717 2712
f 2712 2717 2718
f 2719 2717 2720
f 2717 2721 2720
f 2719 2722 2717
f 2722 2723 2717
f 2717 2723 2718
f 2714 2724 2712
f 2724 2725 2712
f 2712 2725 2715
f 1671 2667 1700
f 2667 2690 1700
f 2659 1657 1758
f 2726 2727 2728
f 2727 2729 2728
f 2728 2729 2730
f 2729 2731 2730
f 2730 2731 2732
f 2732 2731 2676
f 2731 2733 2676
f 2676 2733 1890
f 2734 1731 2735
f 1731 1838 2735
f 2736 2737 1737
f 1737 1735 2736
f 1735 1734 2736
f 2736 1734 2734
f 1734 1732 2734
f 2734 1732 1731
f 2738 2739 1743
f 1743 1741 2738
f 1741 1740 2738
f 2738 1740 2737
f 1740 1738 2737
f 2737 1738 1737
f 2740 2741 1749
f 1749 1747 2740
f 1747 1746 2740
f 2740 1746 2739
f 1746 1744 2739
f 2739 1744 1743
f 2742 2743 1755
f 1755 1753 2742
f 1753 1752 2742
f 2742 1752 2741
f 1752 1750 2741
f 2741 1750 1749
f 2728 2659 2726
f 2659 1758 2726
f 2726 1758 2743
f 1758 1756 2743
f 2743 1756 1755
f 2744 1702 2733
f 1702 1701 2733
f 2733 1701 1890
f 2745 1705 2744
f 1705 1704 2744
f 2744 1704 1702
f 2746 1708 2745
f 1708 1707 2745
f 2745 1707 1705
f 2747 1711 2746
f 1711 1710 2746
f 2746 1710 1708
f 2748 1714 2747
f 1714 1713 2747
f 2747 1713 1711
f 2749 1717 2748
f 1717 1716 2748
f 2748 1716 1714
f 2750 1720 2749
f 1720 1719 2749
f 2749 1719 1717
f 2751 1723 2750
f 1723 1722 2750
f 2750 1722 1720
f 2752 1726 2751
f 1726 1725 2751
f 2751 1725 1723
f 1838 1849 2735
f 1849 1729 2735
f 2735 1729 2752
f 1729 1728 2752
f 2752 1728 1726
f 2753 2754 2755
f 2754 2756 2755
f 2755 2756 2757
f 2756 2758 2757
f 2757 2758 2759
f 2758 2760 2759
f 2759 2760 2761
f 2760 2762 2761
f 2761 2762 2763
f 2762 2764 2763
f 2763 2764 2765
f 2764 2766 2765
f 2765 2766 2767
f 2766 2768 2767
f 2767 2768 2769
f 2768 2770 2769
f 2769 2770 2771
f 2770 2772 2771
f 2771 2772 2773
f 2772 2774 2773
f 2773 2774 2775
f 2774 2776 2775
f 2775 2776 2777
f 2776 2778 2777
f 2777 2778 2779
f 2778 2780 2779
f 2779 2780 2781
f 2780 2782 2781
f 2781 2782 2783
f 2782 2784 2783
f 2783 2784 2785
f 2784 2786 2785
f 2785 2786 2787
f 2786 2788 2787
f 2787 2788 2789
f 2788 2790 2789
f 2789 2790 2791
f 2790 2792 2791
f 2791 2792 2793
f 2792 2794 2793
f 2793 2794 2795
f 2794 2796 2795
f 2795 2796 2797
f 2796 2798 2797
f 2797 2798 2799
f 2798 2800 2799
f 2799 2800 2753
f 2800 2754 2753
f 2801 2802 2803
f 2802 2804 2803
f 2803 2804 2805
f 2804 2806 2805
f 2805 2806 2807
f 2806 2808 2807
f 2807 2808 2809
f 2808 2810 2809
f 2809 2810 2811
f 2810 2812 2811
f 2811 2812 2813
f 2812 2814 2813
f 2813 2814 2815
f 2814 2816 2815
f 2815 2816 2817
f 2816 2818 2817
f 2817 2818 2819
f 2818 2820 2819
f 2819 2820 2821
f 2820 2822 2821
f 2821 2822 2823
f 2822 2824 2823
f 2823 2824 2825
f 2824 2826 2825
f 2825 2826 2827
f 2826 2828 2827
f 2827 2828 2829
f 2828 2830 2829
f 2829 2830 2831
f 2830 2832 2831
f 2831 2832 2833
f 2832 2834 2833
f 2833 2834 2835
f 2834 2836 2835
f 2835 2836 2837
f 2836 2838 2837
f 2837 2838 2839
f 2838 2840 2839
f 2839 2840 2841
f 2840 2842 2841
f 2841 2842 2843
f 2842 2844 2843
f 2843 2844 2845
f 2844 2846 2845
f 2845 2846 2847
f 2846 2848 2847
f 2847 2848 2801
f 2848 2802 2801
f 2849 2850 2851
f 2850 2852 2851
f 2851 2852 2853
f 2852 2854 2853
f 2853 2854 2855
f 2854 2856 2855
f 2855 2856 2857
f 2856 2858 2857
f 2857 2858 2859
f 2858 2860 2859
f 2859 2860 2861
f 2860 2862 2861
f 2861 2862 2863
f 2862 2864 2863
f 2863 2864 2865
f 2864 2866 2865
f 2865 2866 2867
f 2866 2868 2867
f 2867 2868 2869
f 2868 2870 2869
f 2869 2870 2871
f 2870 2872 2871
f 2871 2872 2873
f 2872 2874 2873
f 2873 2874 2875
f 2874 2876 2875
f 2875 2876 2877
f 2876 2878 2877
f 2877 2878 2879
f 2878 2880 2879
f 2879 2880 2881
f 2880 2882 2881
f 2881 2882 2883
f 2882 2884 2883
f 2883 2884 2885
f 2884 2886 2885
f 2885 2886 2887
f 2886 2888 2887
f 2887 2888 2889
f 2888 2890 2889
f 2889 2890 2891
f 2890 2892 2891
f 2891 2892 2893
f 2892 2894 2893
f 2893 2894 2895
f 2894 2896 2895
f 2895 2896 2849
f 2896 2850 2849
f 2897 2898 2899
f 2898 2900 2899
f 2899 2900 2901
f 2900 2902 2901
f 2901 2902 2903
f 2902 2904 2903
f 2903 2904 2905
f 2904 2906 2905
f 2905 2906 2907
f 2906 2908 2907
f 2907 2908 2909
f 2908 2910 2909
f 2909 2910 2911
f 2910 2912 2911
f 2911 2912 2913
f 2912 2914 2913
f 2913 2914 2915
f 2914 2916 2915
f 2915 2916 2917
f 2916 2918 2917
f 2917 2918 2919
f 2918 2920 2919
f 2919 2920 2921
f 2920 2922 2921
f 2921 2922 2923
f 2922 2924 2923
f 2923 2924 2925
f 2924 2926 2925
f 2925 2926 2927
f 2926 2928 2927
f 2927 2928 2929
f 2928 2930 2929
f 2929 2930 2931
f 2930 2932 2931
f 2931 2932 2933
f 2932 2934 2933
f 2933 2934 2935
f 2934 2936 2935
f 2935 2936 2937
f 2936 2938 2937
f 2937 2938 2939
f 2938 2940 2939
f 2939 2940 2941
f 2940 2942 2941
f 2941 2942 2943
f 2942 2944 2943
f 2943 2944 2897
f 2944 2898 2897
f 2945 2946 2947
f 2946 2948 2947
f 2947 2948 2949
f 2948 2950 2949
f 2949 2950 2951
f 2950 2952 2951
f 2951 2952 2953
f 2952 2954 2953
f 2953 2954 2955
f 2954 2956 2955
f 2955 2956 2957
f 2956 2958 2957
f 2957 2958 2959
f 2958 2960 2959
f 2959 2960 2961
f 2960 2962 2961
f 2961 2962 2963
f 2962 2964 2963
f 2963 2964 2965
f 2964 2966 2965
f 2965 2966 2967
f 2966 2968 2967
f 2967 2968 2969
f 2968 2970 2969
f 2969 2970 2971
f 2970 2972 2971
f 2971 2972 2973
f 2972 2974 2973
f 2973 2974 2975
f 2974 2976 2975
f 2975 2976 2977
f 2976 2978 2977
f 2977 2978 2979
f 2978 2980 2979
f 2979 2980 2981
f 2980 2982 2981
f 2981 2982 2983
f 2982 2984 2983
f 2983 2984 2985
f 2984 2986 2985
f 2985 2986 2987
f 2986 2988 2987
f 2987 2988 2989
f 2988 2990 2989
f 2989 2990 2991
f 2990 2992 2991
f 2991 2992 2945
f 2992 2946 2945
f 2993 2994 2995
f 2994 2996 2995
f 2995 2996 2997
f 2996 2998 2997
f 2997 2998 2999
f 2998 3000 2999
f 2999 3000 3001
f 3000 3002 3001
f 3001 3002 3003
f 3002 3004 3003
f 3003 3004 3005
f 3004 3006 3005
f 3005 3006 3007
f 3006 3008 3007
f 3007 3008 3009
f 3008 3010 3009
f 3009 3010 3011
f 3010 3012 3011
f 3011 3012 3013
f 3012 3014 3013
f 3013 3014 3015
f 3014 3016 3015
f 3015 3016 3017
f 3016 3018 3017
f 3017 3018 3019
f 3018 3020 3019
f 3019 3020 3021
f 3020 3022 3021
f 3021 3022 3023
f 3022 3024 3023
f 3023 3024 3025
f 3024 3026 3025
f 3025 3026 3027
f 3026 3028 3027
f 3027 3028 3029
f 3028 3030 3029
f 3029 3030 3031
f 3030 3032 3031
f 3031 3032 3033
f 3032 3034 3033
f 3033 3034 3035
f 3034 3036 3035
f 3035 3036 3037
f 3036 3038 3037
f 3037 3038 3039
f 3038 3040 3039
f 3039 3040 2993
f 3040 2994 2993
f 3041 3042 3043
f 3042 3044 3043
f 3043 3044 3045
f 3044 3046 3045
f 3045 3046 3047
f 3046 3048 3047
f 3047 3048 3049
f 3048 3050 3049
f 3049 3050 3051
f 3050 3052 3051
f 3051 3052 3053
f 3052 3054 3053
f 3053 3054 3055
f 3054 3056 3055
f 3055 3056 3057
f 3056 3058 3057
f 3057 3058 3059
f 3058 3060 3059
f 3059 3060 3061
f 3060 3062 3061
f 3061 3062 3063
f 3062 3064 3063
f 3063 3064 3065
f 3064 3066 3065
f 3065 3066 3067
f 3066 3068 3067
f 3067 3068 3069
f 3068 3070 3069
f 3069 3070 3071
f 3070 3072 3071
f 3071 3072 3073
f 3072 3074 3073
f 3073 3074 3075
f 3074 3076 3075
f 3075 3076 3077
f 3076 3078 3077
f 3077 3078 3079
f 3078 3080 3079
f 3079 3080 3081
f 3080 3082 3081
f 3081 3082 3083
f 3082 3084 3083
f 3083 3084 3085
f 3084 3086 3085
f 3085 3086 3087
f 3086 3088 3087
f 3087 3088 3041
f 3088 3042 3041
f 3089 3090 3091
f 3090 3092 3091
f 3091 3092 3093
f 3092 3094 3093
f 3093 3094 3095
f 3094 3096 3095
f 3095 3096 3097
f 3096 3098 3097
f 3097 3098 3099
f 3098 3100 3099
f 3099 3100 3101
f 3100 3102 3101
f 3101 3102 3103
f 3102 3104 3103
f 3103 3104 3105
f 3104 3106 3105
f 3105 3106 3107
f 3106 3108 3107
f 3107 3108 3109
f 3108 3110 3109
f 3109 3110 3111
f 3110 3112 3111
f 3111 3112 3113
f 3112 3114 3113
f 3113 3114 3115
f 3114 3116 3115
f 3115 3116 3117
f 3116 3118 3117
f 3117 3118 3119
f 3118 3120 3119
f 3119 3120 3121
f 3120 3122 3121
f 3121 3122 3123
f 3122 3124 3123
f 3123 3124 3125
f 3124 3126 3125
f 3125 3126 3127
f 3126 3128 3127
f 3127 3128 3129
f 3128 3130 3129
f 3129 3130 3131
f 3130 3132 3131
f 3131 3132 3133
f 3132 3134 3133
f 3133 3134 3135
f 3134 3136 3135
f 3135 3136 3089
f 3136 3090 3089
f 3137 3138 3139
f 3138 3140 3139
f 3139 3140 3141
f 3140 3142 3141
f 3141 3142 3143
f 3142 3144 3143
f 3143 3144 3145
f 3144 3146 3145
f 3145 3146 3147
f 3146 3148 3147
f 3147 3148 3149
f 3148 3150 3149
f 3149 3150 3151
f 3150 3152 3151
f 3151 3152 3153
f 3152 3154 3153
f 3153 3154 3155
f 3154 3156 3155
f 3155 3156 3157
f 3156 3158 3157
f 3157 3158 3159
f 3158 3160 3159
f 3159 3160 3161
f 3160 3162 3161
f 3161 3162 3163
f 3162 3164 3163
f 3163 3164 3165
f 3164 3166 3165
f 3165 3166 3167
f 3166 3168 3167
f 3167 3168 3169
f 3168 3170 3169
f 3169 3170 3171
f 3170 3172 3171
f 3171 3172 3173
f 3172 3174 3173
f 3173 3174 3175
f 3174 3176 3175
f 3175 3176 3177
f 3176 3178 3177
f 3177 3178 3179
f 3178 3180 3179
f 3179 3180 3181
f 3180 3182 3181
f 3181 3182 3183
f 3182 3184 3183
f 3183 3184 3137
f 3184 3138 3137
f 3185 3186 3187
f 3186 3188 3187
f 3187 3188 3189
f 3188 3190 3189
f 3189 3190 3191
f 3190 3192 3191
f 3191 3192 3193
f 3192 3194 3193
f 3193 3194 3195
f 3194 3196 3195
f 3195 3196 3197
f 3196 3198 3197
f 3197 3198 3199
f 3198 3200 3199
f 3199 3200 3201
f 3200 3202 3201
f 3201 3202 3203
f 3202 3204 3203
f 3203 3204 3205
f 3204 3206 3205
f 3205 3206 3207
f 3206 3208 3207
f 3207 3208 3209
f 3208 3210 3209
f 3209 3210 3211
f 3210 3212 3211
f 3211 3212 3213
f 3212 3214 3213
f 3213 3214 3215
f 3214 3216 3215
f 3215 3216 3217
f 3216 3218 3217
f 3217 3218 3219
f 3218 3220 3219
f 3219 3220 3221
f 3220 3222 3221
f 3221 3222 3223
f 3222 3224 3223
f 3223 3224 3225
f 3224 3226 3225
f 3225 3226 3227
f 3226 3228 3227
f 3227 3228 3229
f 3228 3230 3229
f 3229 3230 3231
f 3230 3232 3231
f 3231 3232 3185
f 3232 3186 3185
f 3233 3234 3235
f 3234 3236 3235
f 3235 3236 3237
f 3236 3238 3237
f 3237 3238 3239
f 3238 3240 3239
f 3239 3240 3241
f 3240 3242 3241
f 3241 3242 3243
f 3242 3244 3243
f 3243 3244 3245
f 3244 3246 3245
f 3245 3246 3247
f 3246 3248 3247
f 3247 3248 3249
f 3248 3250 3249
f 3249 3250 3251
f 3250 3252 3251
f 3251 3252 3253
f 3252 3254 3253
f 3253 3254 3255
f 3254 3256 3255
f 3255 3256 3257
f 3256 3258 3257
f 3257 3258 3259
f 3258 3260 3259
f 3259 3260 3261
f 3260 3262 3261
f 3261 3262 3263
f 3262 3264 3263
f 3263 3264 3265
f 3264 3266 3265
f 3265 3266 3267
f 3266 3268 3267
f 3267 3268 3269
f 3268 3270 3269
f 3269 3270 3271
f 3270 3272 3271
f 3271 3272 3273
f 3272 3274 3273
f 3273 3274 3275
f 3274 3276 3275
f 3275 3276 3277
f 3276 3278 3277
f 3277 3278 3279
f 3278 3280 3279
f 3279 3280 3233
f 3280 3234 3233
f 3281 3282 3283
f 3282 3284 3283
f 3283 3284 3285
f 3284 3286 3285
f 3285 3286 3287
f 3286 3288 3287
f 3287 3288 3289
f 3288 3290 3289
f 3289 3290 3291
f 3290 3292 3291
f 3291 3292 3293
f 3292 3294 3293
f 3293 3294 3295
f 3294 3296 3295
f 3295 3296 3297
f 3296 3298 3297
f 3297 3298 3299
f 3298 3300 3299
f 3299 3300 3301
f 3300 3302 3301
f 3301 3302 3303
f 3302 3304 3303
f 3303 3304 3305
f 3304 3306 3305
f 3305 3306 3307
f 3306 3308 3307
f 3307 3308 3309
f 3308 3310 3309
f 3309 3310 3311
f 3310 3312 3311
f 3311 3312 3313
f 3312 3314 3313
f 3313 3314 3315
f 3314 3316 3315
f 3315 3316 3317
f 3316 3318 3317
f 3317 3318 3319
f 3318 3320 3319
f 3319 3320 3321
f 3320 3322 3321
f 3321 3322 3323
f 3322 3324 3323
f 3323 3324 3325
f 3324 3326 3325
f 3325 3326 3327
f 3326 3328 3327
f 3327 3328 3281
f 3328 3282 3281
f 3329 3330 3331
f 3330 3332 3331
f 3331 3332 3333
f 3334 3335 3331
f 3335 3336 3331
f 3331 3336 3329
f 3337 3338 3331
f 3338 3339 3331
f 3331 3339 3334
f 3340 3341 3331
f 3341 3342 3331
f 3331 3342 3337
f 3343 3344 3331
f 3344 3345 3331
f 3331 3345 3340
f 3346 3347 3331
f 3347 3348 3331
f 3331 3348 3343
f 3349 3350 3331
f 3350 3351 3331
f 3331 3351 3346
f 3333 3352 3331
f 3352 3353 3331
f 3331 3353 3349
f 3354 3355 3356
f 3355 3357 3356
f 3356 3357 3358
f 3359 3360 3356
f 3360 3361 3356
f 3356 3361 3354
f 3362 3363 3356
f 3363 3364 3356
f 3356 3364 3359
f 3365 3366 3356
f 3366 3367 3356
f 3356 3367 3362
f 3368 3369 3356
f 3369 3370 3356
f 3356 3370 3365
f 3371 3372 3356
f 3372 3373 3356
f 3356 3373 3368
f 3374 3375 3356
f 3375 3376 3356
f 3356 3376 3371
f 3358 3377 3356
f 3377 3378 3356
f 3356 3378 3374
f 3379 3380 3381
f 3380 3382 3381
f 3381 3382 3383
f 3384 3385 3381
f 3385 3386 3381
f 3381 3386 3379
f 3387 3388 3381
f 3388 3389 3381
f 3381 3389 3384
f 3390 3391 3381
f 3391 3392 3381
f 3381 3392 3387
f 3393 3394 3381
f 3394 3395 3381
f 3381 3395 3390
f 3396 3397 3381
f 3397 3398 3381
f 3381 3398 3393
f 3399 3400 3381
f 3400 3401 3381
f 3381 3401 3396
f 3383 3402 3381
f 3402 3403 3381
f 3381 3403 3399
f 3404 3405 3406
f 3405 3407 3406
f 3406 3407 3408
f 3409 3410 3406
f 3410 3411 3406
f 3406 3411 3404
f 3412 3413 3406
f 3413 3414 3406
f 3406 3414 3409
f 3415 3416 3406
f 3416 3417 3406
f 3406 3417 3412
f 3418 3419 3406
f 3419 3420 3406
f 3406 3420 3415
f 3421 3422 3406
f 3422 3423 3406
f 3406 3423 3418
f 3424 3425 3406
f 3425 3426 3406
f 3406 3426 3421
f 3408 3427 3406
f 3427 3428 3406
f 3406 3428 3424
f 3429 3430 3431
f 3430 3432 3431
f 3431 3432 3433
f 3434 3435 3431
f 3435 3436 3431
f 3431 3436 3429
f 3437 3438 3431
f 3438 3439 3431
f 3431 3439 3434
f 3440 3441 3431
f 3441 3442 3431
f 3431 3442 3437
f 3443 3444 3431
f 3444 3445 3431
f 3431 3445 3440
f 3446 3447 3431
f 3447 3448 3431
f 3431 3448 3443
f 3449 3450 3431
f 3450 3451 3431
f 3431 3451 3446
f 3433 3452 3431
f 3452 3453 3431
f 3431 3453 3449
f 3454 3455 3456
f 3455 3457 3456
f 3456 3457 3458
f 3459 3460 3456
f 3460 3461 3456
f 3456 3461 3454
f 3462 3463 3456
f 3463 3464 3456
f 3456 3464 3459
f 3465 3466 3456
f 3466 3467 3456
f 3456 3467 3462
f 3468 3469 3456
f 3469 3470 3456
f 3456 3470 3465
f 3471 3472 3456
f 3472 3473 3456
f 3456 3473 3468
f 3474 3475 3456
f 3475 3476 3456
f 3456 3476 3471
f 3458 3477 3456
f 3477 3478 3456
f 3456 3478 3474
f 3479 3480 3481
f 3480 3482 3481
f 3481 3482 3483
f 3484 3485 3481
f 3485 3486 3481
f 3481 3486 3479
f 3487 3488 3481
f 3488 3489 3481
f 3481 3489 3484
f 3490 3491 3481
f 3491 3492 3481
f 3481 3492 3487
f 3493 3494 3481
f 3494 3495 3481
f 3481 3495 3490
f 3496 3497 3481
f 3497 3498 3481
f 3481 3498 3493
f 3499 3500 3481
f 3500 3501 3481
f 3481 3501 3496
f 3483 3502 3481
f 3502 3503 3481
f 3481 3503 3499
f 3504 3505 3506
f 3505 3507 3506
f 3506 3507 3508
f 3509 3510 3506
f 3510 3511 3506
f 3506 3511 3504
f 3512 3513 3506
f 3513 3514 3506
f 3506 3514 3509
f 3515 3516 3506
f 3516 3517 3506
f 3506 3517 3512
f 3518 3519 3506
f 3519 3520 3506
f 3506 3520 3515
f 3521 3522 3506
f 3522 3523 3506
f 3506 3523 3518
f 3524 3525 3506
f 3525 3526 3506
f 3506 3526 3521
f 3508 3527 3506
f 3527 3528 3506
f 3506 3528 3524
f 3529 3530 3531
f 3530 3532 3531
f 3531 3532 3533
f 3534 3535 3531
f 3535 3536 3531
f 3531 3536 3529
f 3537 3538 3531
f 3538 3539 3531
f 3531 3539 3534
f 3540 3541 3531
f 3541 3542 3531
f 3531 3542 3537
f 3543 3544 3531
f 3544 3545 3531
f 3531 3545 3540
f 3546 3547 3531
f 3547 3548 3531
f 3531 3548 3543
f 3549 3550 3531
f 3550 3551 3531
f 3531 3551 3546
f 3533 3552 3531
f 3552 3553 3531
f 3531 3553 3549
f 3554 3555 3556
f 3555 3557 3556
f 3556 3557 3558
f 3559 3560 3556
f 3560 3561 3556
f 3556 3561 3554
f 3562 3563 3556
f 3563 3564 3556
f 3556 3564 3559
f 3565 3566 3556
f 3566 3567 3556
f 3556 3567 3562
f 3568 3569 3556
f 3569 3570 3556
f 3556 3570 3565
f 3571 3572 3556
f 3572 3573 3556
f 3556 3573 3568
f 3574 3575 3556
f 3575 3576 3556
f 3556 3576 3571
f 3558 3577 3556
f 3577 3578 3556
f 3556 3578 3574
f 3579 3580 3581
f 3580 3582 3581
f 3581 3582 3583
f 3584 3585 3581
f 3585 3586 3581
f 3581 3586 3579
f 3587 3588 3581
f 3588 3589 3581
f 3581 3589 3584
f 3590 3591 3581
f 3591 3592 3581
f 3581 3592 3587
f 3593 3594 3581
f 3594 3595 3581
f 3581 3595 3590
f 3596 3597 3581
f 3597 3598 3581
f 3581 3598 3593
f 3599 3600 3581
f 3600 3601 3581
f 3581 3601 3596
f 3583 3602 3581
f 3602 3603 3581
f 3581 3603 3599
f 3604 3605 3606
f 3605 3607 3606
f 3606 3607 3608
f 3609 3610 3606
f 3610 3611 3606
f 3606 3611 3604
f 3612 3613 3606
f 3613 3614 3606
f 3606 3614 3609
f 3615 3616 3606
f 3616 3617 3606
f 3606 3617 3612
f 3618 3619 3606
f 3619 3620 3606
f 3606 3620 3615
f 3621 3622 3606
f 3622 3623 3606
f 3606 3623 3618
f 3624 3625 3606
f 3625 3626 3606
f 3606 3626 3621
f 3608 3627 3606
f 3627 3628 3606
f 3606 3628 3624
f 1800 3629 3630
f 1784 3631 3632
f 3633 3634 3635
f 3636 3637 3630
f 3638 3639 3640
f 3641 3642 3643
f 3642 3644 3643
f 3643 3644 3645
f 3641 3646 3642
f 3646 3647 3642
f 3642 3647 3648
f 3649 3650 3651
f 3650 3652 3651
f 3652 3653 3651
f 3653 3654 3651
f 3651 3654 3655
f 3654 3656 3655
f 3655 3656 3657
f 3658 3659 3660
f 3659 3661 3660
f 3661 3662 3660
f 3660 3662 3644
f 3662 3663 3644
f 3644 3663 3645
f 3664 3665 3666
f 3665 3667 3666
f 3667 3668 3666
f 3666 3668 3649
f 3668 3669 3649
f 3649 3669 3650
f 3648 3670 3640
f 3670 3671 3640
f 3671 3672 3640
f 3640 3672 3673
f 3672 3674 3673
f 3674 3675 3673
f 3673 3675 3666
f 3675 3676 3666
f 3666 3676 3664
f 3677 3678 3679
f 3678 3680 3679
f 3677 3681 3678
f 3681 3682 3678
f 3678 3682 3683
f 3684 3685 3678
f 3685 3686 3678
f 3678 3686 3680
f 3682 3687 3683
f 3687 3688 3683
f 3683 3688 3689
f 3690 3691 3692
f 3691 3683 3692
f 3692 3683 3693
f 3683 3689 3693
f 3694 3632 3695
f 3632 3696 3695
f 3690 3697 3691
f 3697 3698 3691
f 3691 3698 3632
f 3698 3699 3632
f 3632 3699 3696
f 3694 3700 3701
f 3702 3703 3704
f 3703 3701 3704
f 3704 3701 3705
f 3701 3700 3705
f 3706 3707 3684
f 3707 3708 3684
f 3684 3708 3685
f 3709 3710 3678
f 3710 3711 3678
f 3712 3713 3714
f 3715 3716 3683
f 3716 3717 3683
f 3683 3717 3718
f 3718 3719 3683
f 3719 3720 3683
f 3683 3720 3678
f 3720 3721 3678
f 3678 3721 3709
f 3722 3723 3640
f 3648 3640 3642
f 3640 3723 3642
f 3642 3723 3724
f 3639 3725 3726
f 3726 3727 3639
f 3727 3728 3639
f 3639 3728 3640
f 3728 3729 3640
f 3640 3729 3722
f 3730 3731 3726
f 3731 3732 3726
f 3726 3732 3727
f 3713 3733 3714
f 3733 3734 3714
f 3714 3734 3735
f 3734 3736 3735
f 3735 3736 3737
f 3737 3738 3735
f 3738 3739 3735
f 3735 3739 3726
f 3739 3740 3726
f 3726 3740 3730
f 3629 3741 3742
f 3743 3744 3630
f 3678 3745 3746
f 3714 3747 3748
f 3711 3712 3678
f 3712 3714 3678
f 3678 3714 3745
f 3714 3748 3745
f 3742 3749 3629
f 3749 3750 3629
f 3629 3750 3630
f 3750 3751 3630
f 3630 3751 3743
f 3744 3752 3630
f 3752 3753 3630
f 3630 3753 3714
f 3753 3754 3714
f 3714 3754 3755
f 3755 3756 3714
f 3756 3757 3714
f 3714 3757 3747
f 3746 3758 3678
f 3758 3759 3678
f 3678 3759 3684
f 3759 3760 3684
f 3760 3761 3684
f 3761 3762 3684
f 3684 3762 3763
f 1778 3764 3741
f 3764 3765 3741
f 3741 3765 3742
f 3762 3766 3763
f 3766 3767 3763
f 3763 3767 1778
f 3767 3768 1778
f 1778 3768 3764
f 3769 3673 3770
f 3769 3771 3673
f 3771 3772 3673
f 3673 3772 3773
f 3773 3774 3673
f 3774 3775 3673
f 3673 3775 3640
f 3775 3776 3640
f 3640 3776 3777
f 3777 3778 3640
f 3778 3779 3640
f 3640 3779 3638
f 3780 3781 3770
f 3781 3782 3770
f 3770 3782 3769
f 3783 3784 3785
f 3784 3786 3785
f 3787 3788 3780
f 3788 3789 3780
f 3783 3790 3784
f 3790 3791 3784
f 3784 3791 3792
f 3789 3793 3780
f 3793 3794 3780
f 3780 3794 3781
f 3725 3786 3795
f 3637 3796 3797
f 3796 3798 3797
f 3797 3798 1775
f 3798 3799 1775
f 3800 3801 3714
f 3801 3802 3714
f 3802 3803 3714
f 3803 3804 3714
f 3714 3804 3630
f 3804 3805 3630
f 3630 3805 3636
f 3806 3807 3808
f 3807 3809 3808
f 3810 3811 3812
f 3812 3813 3810
f 3813 3814 3810
f 3810 3814 3735
f 3814 3815 3735
f 3735 3815 3714
f 3815 3816 3714
f 3714 3816 3800
f 3809 3817 3808
f 3817 3818 3808
f 3808 3818 3810
f 3818 3819 3810
f 3810 3819 3811
f 3799 3820 1775
f 3820 3821 1775
f 1775 3821 3822
f 3821 3823 3822
f 3824 3825 3826
f 3826 3827 3824
f 3827 3828 3824
f 3824 3828 3829
f 3828 3830 3829
f 1992 3831 3832
f 3833 3834 3780
f 3834 3835 3780
f 3780 3835 3824
f 3835 3836 3824
f 3824 3836 3825
f 1992 3832 1982
f 3832 3837 1982
f 1982 3837 3838
f 1998 3839 3840
f 3841 3842 3839
f 3840 3843 1998
f 3843 3844 1998
f 1998 3844 3831
f 3844 3845 3831
f 3831 3845 3832
f 3839 1998 3841
f 1998 1999 3841
f 3841 1999 1760
f 3830 3846 3829
f 3846 3847 3829
f 3829 3847 3848
f 3847 3849 3848
f 3849 3850 3848
f 3848 3850 1763
f 3850 3851 1763
f 1763 3851 1884
f 3851 3852 1884
f 3852 3853 1884
f 3853 3854 1884
f 1884 3854 1889
f 3854 3855 1889
f 1889 3855 3841
f 3855 3856 3841
f 3841 3856 3842
f 3857 3858 3859
f 3858 3860 3859
f 3859 3860 3861
f 3860 3862 3861
f 3861 3862 3863
f 3864 3865 3866
f 3865 3867 3866
f 3864 3868 3859
f 3868 3869 3859
f 3859 3869 3857
f 3725 3795 3726
f 3795 3870 3726
f 3726 3870 3871
f 3871 3872 3726
f 3872 3873 3726
f 3726 3873 3735
f 3873 3874 3735
f 3735 3874 3875
f 3875 3876 3735
f 3876 3877 3735
f 3735 3877 3810
f 3877 3878 3810
f 3810 3878 3879
f 3635 3634 3784
f 3634 3880 3784
f 3880 3881 3784
f 3784 3881 3786
f 3881 3882 3786
f 3786 3882 3795
f 3863 3883 3861
f 3883 3884 3861
f 3861 3884 3885
f 3884 3886 3885
f 3885 3886 3635
f 3886 3887 3635
f 3635 3887 3633
f 3888 3889 3890
f 3891 3892 3893
f 3892 3894 3893
f 3893 3894 3895
f 3864 3859 3865
f 3859 3896 3865
f 3865 3896 3897
f 3897 3898 3865
f 3898 3899 3865
f 3865 3899 3900
f 3900 3901 3865
f 3901 3902 3865
f 3865 3902 3890
f 3902 3903 3890
f 3890 3903 3888
f 3904 3905 3859
f 3905 3906 3859
f 3859 3906 3896
f 3907 1769 3908
f 1769 3909 3908
f 3908 3909 3910
f 3909 3895 3910
f 3907 3911 1769
f 3911 3912 1769
f 1769 3912 1865
f 3912 3913 1865
f 3913 3914 1865
f 1865 3914 3915
f 3914 3916 3915
f 3915 3916 3917
f 3838 3833 1982
f 3833 3780 1982
f 1982 3780 1983
f 3780 1984 1983
f 1989 1988 3673
f 1988 1987 3673
f 3673 1987 3770
f 1987 1986 3770
f 3770 1986 3780
f 1986 1985 3780
f 3780 1985 1984
f 1813 3918 3919
f 3918 3920 3919
f 3919 3920 3921
f 3922 3666 3923
f 3666 3919 3923
f 3923 3919 3924
f 3919 3921 3924
f 3922 3925 3666
f 3925 3926 3666
f 3666 3926 3927
f 3927 3928 3666
f 3928 3929 3666
f 3666 3929 3673
f 3929 3930 3673
f 3673 3930 3931
f 3931 3932 3673
f 3932 3933 3673
f 3673 3933 3934
f 3934 3935 3673
f 3935 1990 3673
f 3673 1990 1989
f 3935 3936 1990
f 3936 3937 1990
f 1990 3937 1991
f 3937 3938 1991
f 1991 3938 1895
f 3938 3939 1895
f 1895 3939 1694
f 3939 3940 1694
f 1694 3940 1641
f 3940 3941 1641
f 1641 3941 1813
f 3941 3942 1813
f 1813 3942 3918
f 3651 1790 3649
f 1790 3943 3649
f 3649 3943 3666
f 3943 1793 3666
f 3666 1793 3919
f 3657 3658 3655
f 3658 3660 3655
f 3655 3660 1787
f 3660 3944 1787
f 3694 3701 3632
f 3701 1798 3632
f 3632 1798 1784
f 3702 3706 3703
f 3706 3684 3703
f 3703 3684 1781
f 3684 3763 1781
f 3637 3797 3630
f 3797 1844 3630
f 3630 1844 1800
f 3890 1804 3822
f 3889 3891 3890
f 3891 3893 3890
f 3890 3893 1804
f 3893 3945 1804
f 3895 3909 3893
f 3909 1772 3893
f 3893 1772 3945
f 3861 3946 3859
f 3946 3947 3859
f 3859 3947 3948
f 3949 3950 3915
f 3948 3951 3859
f 3951 3952 3859
f 3859 3952 3953
f 3954 3955 3861
f 3955 3956 3861
f 3861 3956 3957
f 3957 3958 3861
f 3958 3959 3861
f 3861 3959 3946
f 3917 3904 3915
f 3904 3859 3915
f 3915 3859 3949
f 3859 3953 3949
f 3950 3960 3915
f 3960 3961 3915
f 3915 3961 1766
f 3961 3962 1766
f 3962 3963 1766
f 3963 3964 1766
f 1766 3964 1806
f 3965 3966 3967
f 3966 1806 3967
f 3967 1806 3968
f 1806 3964 3968
f 3965 3969 3966
f 3969 3970 3966
f 3966 3970 3954
f 3971 3972 3973
f 3974 3975 3829
f 3975 3976 3829
f 3829 3976 3977
f 3978 1808 3979
f 1808 3973 3979
f 3979 3973 3980
f 3973 3972 3980
f 3848 3981 3982
f 3983 3984 3885
f 3984 3985 3885
f 3885 3985 3986
f 3986 3987 3885
f 3987 3988 3885
f 3885 3988 3989
f 3954 3861 3966
f 3861 3885 3966
f 3966 3885 3973
f 3885 3989 3973
f 3973 3989 3971
f 3978 3990 1808
f 3990 3991 1808
f 1808 3991 3848
f 3991 3992 3848
f 3848 3992 3981
f 3982 3993 3848
f 3993 3994 3848
f 3848 3994 3829
f 3994 3995 3829
f 3829 3995 3974
f 3977 3983 3829
f 3983 3885 3829
f 3829 3885 3824
f 3885 3635 3824
f 3824 3635 3780
f 3635 3784 3780
f 3780 3784 3787
f 3784 3792 3787
f 3823 3806 3822
f 3806 3808 3822
f 3822 3808 3890
f 3808 3810 3890
f 3890 3810 3865
f 3810 3879 3865
f 3865 3879 3867
f 3724 3715 3642
f 3715 3683 3642
f 3642 3683 3644
f 3683 3691 3644
f 3644 3691 3660
f 3691 3632 3660
f 3660 3632 3944
f 3632 3631 3944
f 3996 3997 3998
f 3997 3999 3998
f 3998 3999 4000
f 4001 4002 3998
f 4002 4003 3998
f 3998 4003 3996
f 4004 4005 3998
f 4005 4006 3998
f 3998 4006 4001
f 4007 4008 3998
f 4008 4009 3998
f 3998 4009 4004
f 4010 4011 3998
f 4011 4012 3998
f 3998 4012 4007
f 4013 4014 3998
f 4014 4015 3998
f 3998 4015 4010
f 4016 4017 3998
f 4017 4018 3998
f 3998 4018 4013
f 4000 4019 3998
f 4019 4020 3998
f 3998 4020 4016
f 4021 4022 4023
f 4022 4024 4023
f 4023 4024 4025
f 4026 4027 4023
f 4027 4028 4023
f 4023 4028 4021
f 4029 4030 4023
f 4030 4031 4023
f 4023 4031 4026
f 4032 4033 4023
f 4033 4034 4023
f 4023 4034 4029
f 4035 4036 4023
f 4036 4037 4023
f 4023 4037 4032
f 4038 4039 4023
f 4039 4040 4023
f 4023 4040 4035
f 4041 4042 4023
f 4042 4043 4023
f 4023 4043 4038
f 4025 4044 4023
f 4044 4045 4023
f 4023 4045 4041
f 4046 4047 4048
f 4047 4049 4048
f 4048 4049 4050
f 4051 4052 4048
f 4052 4053 4048
f 4048 4053 4046
f 4054 4055 4048
f 4055 4056 4048
f 4048 4056 4051
f 4057 4058 4048
f 4058 4059 4048
f 4048 4059 4054
f 4060 4061 4048
f 4061 4062 4048
f 4048 4062 4057
f 4063 4064 4048
f 4064 4065 4048
f 4048 4065 4060
f 4066 4067 4048
f 4067 4068 4048
f 4048 4068 4063
f 4050 4069 4048
f 4069 4070 4048
f 4048 4070 4066
f 4071 4072 4073
f 4072 4074 4073
f 4073 4074 4075
f 4076 4077 4073
f 4077 4078 4073
f 4073 4078 4071
f 4079 4080 4073
f 4080 4081 4073
f 4073 4081 4076
f 4082 4083 4073
f 4083 4084 4073
f 4073 4084 4079
f 4085 4086 4073
f 4086 4087 4073
f 4073 4087 4082
f 4088 4089 4073
f 4089 4090 4073
f 4073 4090 4085
f 4091 4092 4073
f 4092 4093 4073
f 4073 4093 4088
f 4075 4094 4073
f 4094 4095 4073
f 4073 4095 4091
f 4096 4097 4098
f 4097 4099 4098
f 4098 4099 4100
f 4101 4102 4098
f 4102 4103 4098
f 4098 4103 4096
f 4104 4105 4098
f 4105 4106 4098
f 4098 4106 4101
f 4107 4108 4098
f 4108 4109 4098
f 4098 4109 4104
f 4110 4111 4098
f 4111 4112 4098
f 4098 4112 4107
f 4113 4114 4098
f 4114 4115 4098
f 4098 4115 4110
f 4116 4117 4098
f 4117 4118 4098
f 4098 4118 4113
f 4100 4119 4098
f 4119 4120 4098
f 4098 4120 4116
f 4121 4122 4123
f 4122 4124 4123
f 4123 4124 4125
f 4126 4127 4123
f 4127 4128 4123
f 4123 4128 4121
f 4129 4130 4123
f 4130 4131 4123
f 4123 4131 4126
f 4132 4133 4123
f 4133 4134 4123
f 4123 4134 4129
f 4135 4136 4123
f 4136 4137 4123
f 4123 4137 4132
f 4138 4139 4123
f 4139 4140 4123
f 4123 4140 4135
f 4141 4142 4123
f 4142 4143 4123
f 4123 4143 4138
f 4125 4144 4123
f 4144 4145 4123
f 4123 4145 4141
f 4146 4147 4148
f 4147 4149 4148
f 4148 4149 4150
f 4151 4152 4148
f 4152 4153 4148
f 4148 4153 4146
f 4154 4155 4148
f 4155 4156 4148
f 4148 4156 4151
f 4157 4158 4148
f 4158 4159 4148
f 4148 4159 4154
f 4160 4161 4148
f 4161 4162 4148
f 4148 4162 4157
f 4163 4164 4148
f 4164 4165 4148
f 4148 4165 4160
f 4166 4167 4148
f 4167 4168 4148
f 4148 4168 4163
f 4150 4169 4148
f 4169 4170 4148
f 4148 4170 4166
f 4171 4172 4173
f 4172 4174 4173
f 4173 4174 4175
f 4176 4177 4173
f 4177 4178 4173
f 4173 4178 4171
f 4179 4180 4173
f 4180 4181 4173
f 4173 4181 4176
f 4182 4183 4173
f 4183 4184 4173
f 4173 4184 4179
f 4185 4186 4173
f 4186 4187 4173
f 4173 4187 4182
f 4188 4189 4173
f 4189 4190 4173
f 4173 4190 4185
f 4191 4192 4173
f 4192 4193 4173
f 4173 4193 4188
f 4175 4194 4173
f 4194 4195 4173
f 4173 4195 4191
f 4196 4197 4198
f 4197 4199 4198
f 4198 4199 4200
f 4201 4202 4198
f 4202 4203 4198
f 4198 4203 4196
f 4204 4205 4198
f 4205 4206 4198
f 4198 4206 4201
f 4207 4208 4198
f 4208 4209 4198
f 4198 4209 4204
f 4210 4211 4198
f 4211 4212 4198
f 4198 4212 4207
f 4213 4214 4198
f 4214 4215 4198
f 4198 4215 4210
f 4216 4217 4198
f 4217 4218 4198
f 4198 4218 4213
f 4200 4219 4198
f 4219 4220 4198
f 4198 4220 4216
f 4221 4222 4223
f 4222 4224 4223
f 4223 4224 4225
f 4226 4227 4223
f 4227 4228 4223
f 4223 4228 4221
f 4229 4230 4223
f 4230 4231 4223
f 4223 4231 4226
f 4232 4233 4223
f 4233 4234 4223
f 4223 4234 4229
f 4235 4236 4223
f 4236 4237 4223
f 4223 4237 4232
f 4238 4239 4223
f 4239 4240 4223
f 4223 4240 4235
f 4241 4242 4223
f 4242 4243 4223
f 4223 4243 4238
f 4225 4244 4223
f 4244 4245 4223
f 4223 4245 4241
f 4246 4247 4248
f 4247 4249 4248
f 4248 4249 4250
f 4251 4252 4248
f 4252 4253 4248
f 4248 4253 4246
f 4254 4255 4248
f 4255 4256 4248
f 4248 4256 4251
f 4257 4258 4248
f 4258 4259 4248
f 4248 4259 4254
f 4260 4261 4248
f 4261 4262 4248
f 4248 4262 4257
f 4263 4264 4248
f 4264 4265 4248
f 4248 4265 4260
f 4266 4267 4248
f 4267 4268 4248
f 4248 4268 4263
f 4250 4269 4248
f 4269 4270 4248
f 4248 4270 4266
f 4271 4272 4273
f 4272 4274 4273
f 4273 4274 4275
f 4276 4277 4273
f 4277 4278 4273
f 4273 4278 4271
f 4279 4280 4273
f 4280 4281 4273
f 4273 4281 4276
f 4282 4283 4273
f 4283 4284 4273
f 4273 4284 4279
f 4285 4286 4273
f 4286 4287 4273
f 4273 4287 4282
f 4288 4289 4273
f 4289 4290 4273
f 4273 4290 4285
f 4291 4292 4273
f 4292 4293 4273
f 4273 4293 4288
f 4275 4294 4273
f 4294 4295 4273
f 4273 4295 4291
f 4296 4297 4298
f 4297 4299 4298
f 4298 4299 4300
f 4301 4302 4298
f 4302 4303 4298
f 4298 4303 4296
f 4304 4305 4298
f 4305 4306 4298
f 4298 4306 4301
f 4307 4308 4298
f 4308 4309 4298
f 4298 4309 4304
f 4310 4311 4298
f 4311 4312 4298
f 4298 4312 4307
f 4313 4314 4298
f 4314 4315 4298
f 4298 4315 4310
f 4316 4317 4298
f 4317 4318 4298
f 4298 4318 4313
f 4300 4319 4298
f 4319 4320 4298
f 4298 4320 4316
f 4321 4322 4323
f 4322 4324 4323
f 4323 4324 4325
f 4326 4327 4323
f 4327 4328 4323
f 4323 4328 4321
f 4329 4330 4323
f 4330 4331 4323
f 4323 4331 4326
f 4332 4333 4323
f 4333 4334 4323
f 4323 4334 4329
f 4335 4336 4323
f 4336 4337 4323
f 4323 4337 4332
f 4338 4339 4323
f 4339 4340 4323
f 4323 4340 4335
f 4341 4342 4323
f 4342 4343 4323
f 4323 4343 4338
f 4325 4344 4323
f 4344 4345 4323
f 4323 4345 4341
f 4346 4347 4348
f 4347 4349 4348
f 4348 4349 4350
f 4351 4352 4348
f 4352 4353 4348
f 4348 4353 4346
f 4354 4355 4348
f 4355 4356 4348
f 4348 4356 4351
f 4357 4358 4348
f 4358 4359 4348
f 4348 4359 4354
f 4360 4361 4348
f 4361 4362 4348
f 4348 4362 4357
f 4363 4364 4348
f 4364 4365 4348
f 4348 4365 4360
f 4366 4367 4348
f 4367 4368 4348
f 4348 4368 4363
f 4350 4369 4348
f 4369 4370 4348
f 4348 4370 4366
f 4371 4372 4373
f 4372 4374 4373
f 4373 4374 4375
f 4376 4377 4373
f 4377 4378 4373
f 4373 4378 4371
f 4379 4380 4373
f 4380 4381 4373
f 4373 4381 4376
f 4382 4383 4373
f 4383 4384 4373
f 4373 4384 4379
f 4385 4386 4373
f 4386 4387 4373
f 4373 4387 4382
f 4388 4389 4373
f 4389 4390 4373
f 4373 4390 4385
f 4391 4392 4373
f 4392 4393 4373
f 4373 4393 4388
f 4375 4394 4373
f 4394 4395 4373
f 4373 4395 4391
f 4396 4397 4398
f 4397 4399 4398
f 4398 4399 4400
f 4401 4402 4398
f 4402 4403 4398
f 4398 4403 4396
f 4404 4405 4398
f 4405 4406 4398
f 4398 4406 4401
f 4407 4408 4398
f 4408 4409 4398
f 4398 4409 4404
f 4410 4411 4398
f 4411 4412 4398
f 4398 4412 4407
f 4413 4414 4398
f 4414 4415 4398
f 4398 4415 4410
f 4416 4417 4398
f 4417 4418 4398
f 4398 4418 4413
f 4400 4419 4398
f 4419 4420 4398
f 4398 4420 4416
f 4421 4422 4423
f 4422 4424 4423
f 4423 4424 4425
f 4424 4426 4425
f 4425 4426 4427
f 4426 4428 4427
f 4427 4428 4429
f 4428 4430 4429
f 4429 4430 4431
f 4430 4432 4431
f 4431 4432 4433
f 4432 4434 4433
f 4433 4434 4435
f 4434 4436 4435
f 4435 4436 4437
f 4436 4438 4437
f 4437 4438 4439
f 4438 4440 4439
f 4439 4440 4441
f 4440 4442 4441
f 4441 4442 4443
f 4442 4444 4443
f 4443 4444 4445
f 4444 4446 4445
f 4445 4446 4447
f 4446 4448 4447
f 4448 4449 4447
f 4447 4449 4450
f 4449 4451 4450
f 4450 4451 4452
f 4451 4453 4452
f 4452 4453 4454
f 4453 4455 4454
f 4454 4455 4456
f 4455 4457 4456
f 4456 4457 4458
f 4457 4459 4458
f 4458 4459 4460
f 4459 4461 4460
f 4460 4461 4462
f 4461 4463 4462
f 4462 4463 4464
f 4463 4465 4464
f 4464 4465 4466
f 4465 4467 4466
f 4466 4467 4468
f 4467 4469 4468
f 4468 4469 4421
f 4469 4470 4421
f 4421 4470 4422
f 4471 4472 4473
f 4472 4474 4473
f 4473 4474 4475
f 4474 4476 4475
f 4475 4476 4477
f 4476 4478 4477
f 4477 4478 4479
f 4478 4480 4479
f 4479 4480 4481
f 4480 4482 4481
f 4481 4482 4483
f 4482 4484 4483
f 4483 4484 4485
f 4484 4486 4485
f 4485 4486 4487
f 4486 4488 4487
f 4487 4488 4489
f 4488 4490 4489
f 4490 4491 4489
f 4489 4491 4492
f 4491 4493 4492
f 4492 4493 4494
f 4493 4495 4494
f 4494 4495 4496
f 4495 4497 4496
f 4496 4497 4498
f 4497 4499 4498
f 4498 4499 4500
f 4499 4501 4500
f 4500 4501 4502
f 4501 4503 4502
f 4502 4503 4504
f 4503 4505 4504
f 4504 4505 4506
f 4505 4507 4506
f 4506 4507 4508
f 4507 4509 4508
f 4508 4509 4510
f 4509 4511 4510
f 4510 4511 4512
f 4511 4513 4512
f 4512 4513 4514
f 4513 4515 4514
f 4514 4515 4516
f 4515 4517 4516
f 4516 4517 4518
f 4517 4519 4518
f 4518 4519 4471
f 4519 4520 4471
f 4471 4520 4472
f 4521 4522 4523
f 4522 4524 4523
f 4523 4524 4525
f 4524 4526 4525
f 4525 4526 4527
f 4526 4528 4527
f 4527 4528 4529
f 4528 4530 4529
f 4529 4530 4531
f 4532 4533 4534
f 4533 4535 4534
f 4534 4535 4521
f 4535 4536 4521
f 4521 4536 4522
f 4537 4538 4539
f 4538 4540 4539
f 4539 4540 4541
f 4540 4542 4541
f 4541 4542 4543
f 4542 4544 4543
f 4543 4544 4545
f 4544 4546 4545
f 4545 4546 4547
f 4546 4548 4547
f 4547 4548 4549
f 4548 4550 4549
f 4549 4550 4532
f 4550 4551 4532
f 4532 4551 4533
f 4530 4552 4531
f 4552 4553 4531
f 4531 4553 4554
f 4553 4555 4554
f 4554 4555 4556
f 4555 4557 4556
f 4556 4557 4558
f 4557 4559 4558
f 4558 4559 4560
f 4559 4561 4560
f 4560 4561 4562
f 4561 4563 4562
f 4562 4563 4564
f 4563 4565 4564
f 4564 4565 4566
f 4565 4567 4566
f 4566 4567 4568
f 4567 4569 4568
f 4568 4569 4570
f 4569 4571 4570
f 4570 4571 4537
f 4571 4572 4537
f 4537 4572 4538
f 4573 4574 4575
f 4574 4576 4575
f 4575 4576 4577
f 4576 4578 4577
f 4577 4578 4579
f 4578 4580 4579
f 4579 4580 4581
f 4580 4582 4581
f 4581 4582 4583
f 4582 4584 4583
f 4583 4584 4585
f 4584 4586 4585
f 4585 4586 4587
f 4586 4588 4587
f 4587 4588 4589
f 4588 4590 4589
f 4589 4590 4591
f 4590 4592 4591
f 4592 4593 4591
f 4591 4593 4594
f 4593 4595 4594
f 4594 4595 4596
f 4595 4597 4596
f 4596 4597 4598
f 4597 4599 4598
f 4598 4599 4600
f 4599 4601 4600
f 4600 4601 4602
f 4601 4603 4602
f 4602 4603 4604
f 4603 4605 4604
f 4604 4605 4606
f 4605 4607 4606
f 4606 4607 4608
f 4607 4609 4608
f 4608 4609 4610
f 4609 4611 4610
f 4610 4611 4612
f 4611 4613 4612
f 4612 4613 4614
f 4613 4615 4614
f 4614 4615 4616
f 4615 4617 4616
f 4616 4617 4618
f 4617 4619 4618
f 4618 4619 4620
f 4619 4621 4620
f 4620 4621 4573
f 4621 4622 4573
f 4573 4622 4574
f 4623 4624 4625
f 4624 4626 4625
f 4625 4626 4627
f 4626 4628 4627
f 4627 4628 4629
f 4628 4630 4629
f 4629 4630 4631
f 4632 4633 4634
f 4633 4635 4634
f 4634 4635 4636
f 4635 4637 4636
f 4636 4637 4638
f 4637 4639 4638
f 4638 4639 4640
f 4639 4641 4640
f 4640 4641 4642
f 4641 4643 4642
f 4642 4643 4644
f 4643 4645 4644
f 4644 4645 4623
f 4645 4646 4623
f 4623 4646 4624
f 4647 4648 4649
f 4648 4650 4649
f 4649 4650 4651
f 4650 4652 4651
f 4651 4652 4653
f 4652 4654 4653
f 4653 4654 4632
f 4654 4655 4632
f 4632 4655 4633
f 4630 4656 4631
f 4656 4657 4631
f 4631 4657 4658
f 4657 4659 4658
f 4658 4659 4660
f 4659 4661 4660
f 4660 4661 4662
f 4661 4663 4662
f 4662 4663 4664
f 4663 4665 4664
f 4664 4665 4666
f 4665 4667 4666
f 4666 4667 4668
f 4667 4669 4668
f 4668 4669 4670
f 4669 4671 4670
f 4670 4671 4672
f 4671 4673 4672
f 4672 4673 4647
f 4673 4674 4647
f 4647 4674 4648
f 4675 4676 4677
f 4676 4678 4677
f 4677 4678 4679
f 4678 4680 4679
f 4679 4680 4681
f 4680 4682 4681
f 4681 4682 4683
f 4682 4684 4683
f 4683 4684 4685
f 4684 4686 4685
f 4685 4686 4687
f 4686 4688 4687
f 4687 4688 4689
f 4688 4690 4689
f 4689 4690 4691
f 4690 4692 4691
f 4691 4692 4693
f 4692 4694 4693
f 4693 4694 4695
f 4694 4696 4695
f 4695 4696 4697
f 4696 4698 4697
f 4698 4699 4697
f 4697 4699 4700
f 4699 4701 4700
f 4700 4701 4702
f 4701 4703 4702
f 4702 4703 4704
f 4703 4705 4704
f 4704 4705 4706
f 4705 4707 4706
f 4706 4707 4708
f 4707 4709 4708
f 4708 4709 4710
f 4709 4711 4710
f 4710 4711 4712
f 4711 4713 4712
f 4712 4713 4714
f 4713 4715 4714
f 4714 4715 4716
f 4715 4717 4716
f 4716 4717 4718
f 4717 4719 4718
f 4718 4719 4720
f 4719 4721 4720
f 4720 4721 4722
f 4721 4723 4722
f 4722 4723 4675
f 4723 4724 4675
f 4675 4724 4676
f 4725 4726 4727
f 4726 4728 4727
f 4727 4728 4729
f 4728 4730 4729
f 4729 4730 4731
f 4730 4732 4731
f 4731 4732 4733
f 4732 4734 4733
f 4733 4734 4735
f 4734 4736 4735
f 4735 4736 4737
f 4736 4738 4737
f 4737 4738 4739
f 4738 4740 4739
f 4739 4740 4741
f 4740 4742 4741
f 4741 4742 4743
f 4742 4744 4743
f 4743 4744 4745
f 4744 4746 4745
f 4745 4746 4747
f 4746 4748 4747
f 4747 4748 4749
f 4748 4750 4749
f 4749 4750 4751
f 4750 4752 4751
f 4751 4752 4753
f 4752 4754 4753
f 4753 4754 4755
f 4754 4756 4755
f 4755 4756 4757
f 4756 4758 4757
f 4757 4758 4759
f 4758 4760 4759
f 4759 4760 4761
f 4760 4762 4761
f 4761 4762 4763
f 4762 4764 4763
f 4763 4764 4765
f 4764 4766 4765
f 4765 4766 4767
f 4766 4768 4767
f 4767 4768 4769
f 4768 4770 4769
f 4769 4770 4771
f 4770 4772 4771
f 4771 4772 4725
f 4772 4726 4725
f 4773 4774 4775
f 4774 4776 4775
f 4775 4776 4777
f 4776 4778 4777
f 4777 4778 4779
f 4778 4780 4779
f 4779 4780 4781
f 4780 4782 4781
f 4781 4782 4783
f 4782 4784 4783
f 4783 4784 4785
f 4784 4786 4785
f 4785 4786 4787
f 4786 4788 4787
f 4787 4788 4789
f 4788 4790 4789
f 4789 4790 4791
f 4790 4792 4791
f 4791 4792 4793
f 4792 4794 4793
f 4793 4794 4795
f 4794 4796 4795
f 4795 4796 4797
f 4796 4798 4797
f 4797 4798 4799
f 4798 4800 4799
f 4799 4800 4801
f 4800 4802 4801
f 4801 4802 4803
f 4802 4804 4803
f 4804 4805 4803
f 4803 4805 4806
f 4805 4807 4806
f 4806 4807 4808
f 4807 4809 4808
f 4808 4809 4810
f 4809 4811 4810
f 4810 4811 4812
f 4811 4813 4812
f 4812 4813 4814
f 4813 4815 4814
f 4814 4815 4816
f 4815 4817 4816
f 4816 4817 4818
f 4817 4819 4818
f 4818 4819 4820
f 4819 4821 4820
f 4820 4821 4773
f 4821 4822 4773
f 4773 4822 4774
f 4823 4824 4825
f 4824 4826 4825
f 4825 4826 4827
f 4826 4828 4827
f 4827 4828 4829
f 4828 4830 4829
f 4829 4830 4831
f 4830 4832 4831
f 4831 4832 4833
f 4832 4834 4833
f 4833 4834 4835
f 4834 4836 4835
f 4835 4836 4837
f 4836 4838 4837
f 4837 4838 4839
f 4838 4840 4839
f 4839 4840 4841
f 4840 4842 4841
f 4841 4842 4843
f 4842 4844 4843
f 4843 4844 4845
f 4844 4846 4845
f 4845 4846 4847
f 4846 4848 4847
f 4847 4848 4849
f 4848 4850 4849
f 4849 4850 4851
f 4850 4852 4851
f 4851 4852 4853
f 4852 4854 4853
f 4853 4854 4855
f 4854 4856 4855
f 4855 4856 4857
f 4856 4858 4857
f 4857 4858 4859
f 4858 4860 4859
f 4859 4860 4861
f 4860 4862 4861
f 4861 4862 4863
f 4862 4864 4863
f 4863 4864 4865
f 4864 4866 4865
f 4865 4866 4867
f 4866 4868 4867
f 4867 4868 4869
f 4868 4870 4869
f 4869 4870 4823
f 4870 4824 4823
f 4871 4872 4873
f 4872 4874 4873
f 4873 4874 4875
f 4876 4877 4878
f 4877 4879 4878
f 4878 4879 4880
f 4879 4881 4880
f 4880 4881 4882
f 4881 4883 4882
f 4882 4883 4871
f 4883 4884 4871
f 4871 4884 4872
f 4885 4886 4876
f 4886 4887 4876
f 4876 4887 4877
f 4888 4889 4890
f 4889 4891 4890
f 4890 4891 4892
f 4891 4893 4892
f 4892 4893 4894
f 4893 4895 4894
f 4894 4895 4896
f 4895 4897 4896
f 4896 4897 4898
f 4897 4899 4898
f 4898 4899 4885
f 4899 4900 4885
f 4885 4900 4886
f 4901 4902 4903
f 4902 4904 4903
f 4903 4904 4905
f 4904 4906 4905
f 4905 4906 4907
f 4906 4908 4907
f 4907 4908 4888
f 4908 4909 4888
f 4888 4909 4889
f 4874 4910 4875
f 4910 4911 4875
f 4875 4911 4912
f 4911 4913 4912
f 4912 4913 4914
f 4913 4915 4914
f 4914 4915 4916
f 4915 4917 4916
f 4916 4917 4918
f 4917 4919 4918
f 4918 4919 4920
f 4919 4921 4920
f 4920 4921 4922
f 4921 4923 4922
f 4922 4923 4901
f 4923 4924 4901
f 4901 4924 4902
f 4925 4926 4927
f 4926 4928 4927
f 4927 4928 4929
f 4928 4930 4929
f 4929 4930 4931
f 4930 4932 4931
f 4931 4932 4933
f 4932 4934 4933
f 4933 4934 4935
f 4936 4937 4938
f 4937 4939 4938
f 4938 4939 4925
f 4939 4940 4925
f 4925 4940 4926
f 4941 4942 4943
f 4942 4944 4943
f 4943 4944 4945
f 4944 4946 4945
f 4945 4946 4947
f 4946 4948 4947
f 4947 4948 4949
f 4948 4950 4949
f 4949 4950 4951
f 4950 4952 4951
f 4951 4952 4953
f 4952 4954 4953
f 4953 4954 4936
f 4954 4955 4936
f 4936 4955 4937
f 4934 4956 4935
f 4956 4957 4935
f 4935 4957 4958
f 4957 4959 4958
f 4958 4959 4960
f 4959 4961 4960
f 4960 4961 4962
f 4961 4963 4962
f 4962 4963 4964
f 4963 4965 4964
f 4964 4965 4966
f 4965 4967 4966
f 4966 4967 4968
f 4967 4969 4968
f 4968 4969 4970
f 4969 4971 4970
f 4970 4971 4972
f 4971 4973 4972
f 4972 4973 4974
f 4973 4975 4974
f 4974 4975 4941
f 4975 4976 4941
f 4941 4976 4942
f 4977 4978 4979
f 4978 4980 4979
f 4979 4980 4981
f 4980 4982 4981
f 4981 4982 4983
f 4982 4984 4983
f 4983 4984 4985
f 4984 4986 4985
f 4985 4986 4987
f 4986 4988 4987
f 4987 4988 4989
f 4988 4990 4989
f 4989 4990 4991
f 4990 4992 4991
f 4992 4993 4991
f 4991 4993 4994
f 4993 4995 4994
f 4994 4995 4996
f 4995 4997 4996
f 4996 4997 4998
f 4997 4999 4998
f 4998 4999 5000
f 4999 5001 5000
f 5000 5001 5002
f 5001 5003 5002
f 5002 5003 5004
f 5003 5005 5004
f 5004 5005 5006
f 5005 5007 5006
f 5006 5007 5008
f 5007 5009 5008
f 5008 5009 5010
f 5009 5011 5010
f 5010 5011 5012
f 5011 5013 5012
f 5012 5013 5014
f 5013 5015 5014
f 5014 5015 5016
f 5015 5017 5016
f 5016 5017 5018
f 5017 5019 5018
f 5018 5019 5020
f 5019 5021 5020
f 5020 5021 5022
f 5021 5023 5022
f 5022 5023 5024
f 5023 5025 5024
f 5024 5025 4977
f 5025 5026 4977
f 4977 5026 4978
f 5027 5028 5029
f 5028 5030 5029
f 5029 5030 5031
f 5030 5032 5031
f 5031 5032 5033
f 5032 5034 5033
f 5033 5034 5035
f 5034 5036 5035
f 5035 5036 5037
f 5036 5038 5037
f 5037 5038 5039
f 5038 5040 5039
f 5039 5040 5041
f 5040 5042 5041
f 5041 5042 5043
f 5042 5044 5043
f 5043 5044 5045
f 5044 5046 5045
f 5045 5046 5047
f 5048 5049 5050
f 5049 5051 5050
f 5050 5051 5052
f 5051 5053 5052
f 5052 5053 5054
f 5053 5055 5054
f 5054 5055 5056
f 5055 5057 5056
f 5056 5057 5027
f 5057 5058 5027
f 5027 5058 5028
f 5059 5060 5061
f 5060 5062 5061
f 5061 5062 5048
f 5062 5063 5048
f 5048 5063 5049
f 5046 5064 5047
f 5064 5065 5047
f 5047 5065 5066
f 5065 5067 5066
f 5066 5067 5068
f 5067 5069 5068
f 5068 5069 5070
f 5069 5071 5070
f 5070 5071 5072
f 5071 5073 5072
f 5072 5073 5074
f 5073 5075 5074
f 5074 5075 5076
f 5075 5077 5076
f 5076 5077 5059
f 5077 5078 5059
f 5059 5078 5060
f 5079 5080 5081
f 5080 5082 5081
f 5081 5082 5083
f 5082 5084 5083
f 5083 5084 5085
f 5084 5086 5085
f 5085 5086 5087
f 5086 5088 5087
f 5087 5088 5089
f 5088 5090 5089
f 5089 5090 5091
f 5090 5092 5091
f 5091 5092 5093
f 5092 5094 5093
f 5093 5094 5095
f 5094 5096 5095
f 5095 5096 5097
f 5096 5098 5097
f 5097 5098 5099
f 5098 5100 5099
f 5099 5100 5101
f 5100 5102 5101
f 5101 5102 5103
f 5102 5104 5103
f 5103 5104 5105
f 5104 5106 5105
f 5105 5106 5107
f 5106 5108 5107
f 5107 5108 5109
f 5108 5110 5109
f 5109 5110 5111
f 5110 5112 5111
f 5111 5112 5113
f 5112 5114 5113
f 5113 5114 5115
f 5114 5116 5115
f 5115 5116 5117
f 5116 5118 5117
f 5117 5118 5119
f 5118 5120 5119
f 5119 5120 5121
f 5120 5122 5121
f 5121 5122 5123
f 5122 5124 5123
f 5123 5124 5125
f 5124 5126 5125
f 5125 5126 5079
f 5126 5080 5079
f 5127 5128 5129
f 5128 5130 5129
f 5129 5130 5131
f 5130 5132 5131
f 5131 5132 5133
f 5132 5134 5133
f 5133 5134 5135
f 5134 5136 5135
f 5135 5136 5137
f 5136 5138 5137
f 5137 5138 5139
f 5138 5140 5139
f 5139 5140 5141
f 5140 5142 5141
f 5141 5142 5143
f 5142 5144 5143
f 5143 5144 5145
f 5144 5146 5145
f 5145 5146 5147
f 5146 5148 5147
f 5147 5148 5149
f 5148 5150 5149
f 5149 5150 5151
f 5150 5152 5151
f 5151 5152 5153
f 5152 5154 5153
f 5153 5154 5155
f 5154 5156 5155
f 5155 5156 5157
f 5156 5158 5157
f 5158 5159 5157
f 5157 5159 5160
f 5159 5161 5160
f 5160 5161 5162
f 5161 5163 5162
f 5162 5163 5164
f 5163 5165 5164
f 5164 5165 5166
f 5165 5167 5166
f 5166 5167 5168
f 5167 5169 5168
f 5168 5169 5170
f 5169 5171 5170
f 5170 5171 5172
f 5171 5173 5172
f 5172 5173 5174
f 5173 5175 5174
f 5174 5175 5127
f 5175 5176 5127
f 5127 5176 5128
f 5177 5178 5179
f 5178 5180 5179
f 5179 5180 5181
f 5180 5182 5181
f 5181 5182 5183
f 5182 5184 5183
f 5183 5184 5185
f 5184 5186 5185
f 5185 5186 5187
f 5186 5188 5187
f 5187 5188 5189
f 5188 5190 5189
f 5189 5190 5191
f 5190 5192 5191
f 5191 5192 5193
f 5192 5194 5193
f 5193 5194 5195
f 5194 5196 5195
f 5196 5197 5195
f 5195 5197 5198
f 5197 5199 5198
f 5198 5199 5200
f 5199 5201 5200
f 5200 5201 5202
f 5201 5203 5202
f 5202 5203 5204
f 5203 5205 5204
f 5204 5205 5206
f 5205 5207 5206
f 5206 5207 5208
f 5207 5209 5208
f 5208 5209 5210
f 5209 5211 5210
f 5210 5211 5212
f 5211 5213 5212
f 5212 5213 5214
f 5213 5215 5214
f 5214 5215 5216
f 5215 5217 5216
f 5216 5217 5218
f 5217 5219 5218
f 5218 5219 5220
f 5219 5221 5220
f 5220 5221 5222
f 5221 5223 5222
f 5222 5223 5224
f 5223 5225 5224
f 5224 5225 5177
f 5225 5226 5177
f 5177 5226 5178
f 5227 5228 5229
f 5228 5230 5229
f 5229 5230 5231
f 5230 5232 5231
f 5231 5232 5233
f 5232 5234 5233
f 5233 5234 5235
f 5234 5236 5235
f 5235 5236 5237
f 5236 5238 5237
f 5237 5238 5239
f 5238 5240 5239
f 5239 5240 5241
f 5240 5242 5241
f 5241 5242 5243
f 5242 5244 5243
f 5243 5244 5245
f 5244 5246 5245
f 5245 5246 5247
f 5246 5248 5247
f 5247 5248 5249
f 5248 5250 5249
f 5249 5250 5251
f 5250 5252 5251
f 5251 5252 5253
f 5252 5254 5253
f 5254 5255 5253
f 5253 5255 5256
f 5255 5257 5256
f 5256 5257 5258
f 5257 5259 5258
f 5258 5259 5260
f 5259 5261 5260
f 5260 5261 5262
f 5261 5263 5262
f 5262 5263 5264
f 5263 5265 5264
f 5264 5265 5266
f 5265 5267 5266
f 5266 5267 5268
f 5267 5269 5268
f 5268 5269 5270
f 5269 5271 5270
f 5270 5271 5272
f 5271 5273 5272
f 5272 5273 5274
f 5273 5275 5274
f 5274 5275 5227
f 5275 5276 5227
f 5227 5276 5228
f 5277 5278 5279
f 5280 5281 5282
f 5283 5284 5280
f 5285 5286 5287
f 5288 5289 5285
f 5290 5291 5292
f 5293 5294 5295
f 5296 5297 5298
f 5299 5300 5281
f 5301 5302 5303
f 5304 5305 5306
f 5307 5308 5309
f 5310 5311 5312
f 5313 5314 5315
f 5314 5316 5315
f 5315 5316 5317
f 5316 5318 5317
f 5319 5320 5312
f 5320 5321 5312
f 5312 5321 5310
f 5321 5322 5310
f 5310 5322 5315
f 5322 5323 5315
f 5315 5323 5313
f 5318 5316 5324
f 5316 5325 5324
f 5324 5325 5326
f 5327 5328 5329
f 5329 5330 5327
f 5330 5331 5327
f 5327 5331 5332
f 5333 5334 5320
f 5334 5335 5320
f 5336 5337 5338
f 5339 5319 5340
f 5319 5327 5340
f 5340 5327 5341
f 5327 5332 5341
f 5339 5342 5319
f 5342 5343 5319
f 5319 5343 5344
f 5344 5345 5319
f 5345 5346 5319
f 5319 5346 5320
f 5346 5347 5320
f 5320 5347 5333
f 5337 5348 5338
f 5348 5349 5338
f 5338 5349 5328
f 5335 5350 5320
f 5350 5351 5320
f 5320 5351 5338
f 5351 5352 5338
f 5338 5352 5336
f 5328 5327 5338
f 5327 5353 5338
f 5338 5353 5354
f 5353 5355 5354
f 5354 5355 5356
f 5355 5279 5356
f 5356 5279 5357
f 5358 5359 5360
f 5359 5361 5360
f 5360 5361 5357
f 5358 5360 5362
f 5360 5363 5362
f 5362 5363 5364
f 5363 5365 5364
f 5364 5365 5366
f 5366 5367 5368
f 5367 5369 5368
f 5368 5369 5370
f 5369 5371 5370
f 5371 5372 5370
f 5372 5373 5370
f 5370 5373 5374
f 5373 5375 5374
f 5376 5377 5378
f 5377 5379 5378
f 5378 5379 5380
f 5379 5381 5380
f 5380 5381 5309
f 5381 5374 5309
f 5309 5374 5307
f 5374 5375 5307
f 5382 5383 5376
f 5383 5384 5376
f 5376 5384 5377
f 5385 5386 5387
f 5386 5388 5387
f 5387 5388 5389
f 5389 5388 5390
f 5388 5391 5390
f 5390 5391 5392
f 5391 5295 5392
f 5392 5295 5393
f 5295 5289 5393
f 5393 5289 5394
f 5289 5288 5394
f 5394 5288 5395
f 5396 5397 5398
f 5304 5306 5399
f 5288 5400 5395
f 5400 5401 5395
f 5395 5401 5402
f 5402 5403 5395
f 5403 5404 5395
f 5395 5404 5405
f 5404 5406 5405
f 5405 5406 5398
f 5406 5407 5398
f 5398 5407 5396
f 5408 5291 5409
f 5291 5410 5409
f 5409 5410 5411
f 5412 5413 5414
f 5414 5415 5412
f 5415 5416 5412
f 5412 5416 5411
f 5417 5418 5419
f 5418 5420 5419
f 5421 5422 5423
f 5422 5424 5423
f 5423 5424 5425
f 5424 5426 5425
f 5413 5412 5427
f 5412 5419 5427
f 5427 5419 5424
f 5419 5420 5424
f 5424 5420 5426
f 5421 5428 5422
f 5428 5429 5422
f 5422 5429 5430
f 5429 5431 5430
f 5430 5431 5432
f 5431 5433 5432
f 5432 5433 5434
f 5435 5436 5437
f 5436 5438 5437
f 5437 5438 5439
f 5438 5440 5439
f 5439 5440 5441
f 5441 5442 5439
f 5442 5443 5439
f 5439 5443 5419
f 5443 5444 5419
f 5419 5444 5417
f 5434 5445 5432
f 5445 5446 5432
f 5432 5446 5447
f 5448 5449 5437
f 5449 5450 5437
f 5437 5450 5435
f 5451 5452 5453
f 5451 5453 5454
f 5455 5456 5457
f 5452 5458 5453
f 5458 5459 5453
f 5453 5459 5460
f 5461 5462 5463
f 5462 5457 5463
f 5463 5457 5464
f 5457 5456 5464
f 5447 5448 5432
f 5448 5437 5432
f 5432 5437 5465
f 5437 5453 5465
f 5465 5453 5457
f 5453 5460 5457
f 5457 5460 5455
f 5461 5466 5462
f 5466 5467 5462
f 5462 5467 5468
f 5467 5469 5468
f 5468 5469 5470
f 5469 5471 5470
f 5283 5472 5473
f 5471 5474 5470
f 5474 5475 5470
f 5470 5475 5476
f 5477 5478 5479
f 5478 5480 5479
f 5481 5482 5478
f 5482 5483 5478
f 5478 5483 5480
f 5484 5485 5470
f 5485 5486 5487
f 5486 5485 5488
f 5485 5484 5488
f 5488 5484 5489
f 5487 5490 5485
f 5490 5491 5485
f 5485 5491 5492
f 5491 5493 5492
f 5492 5493 5302
f 5493 5494 5302
f 5302 5494 5495
f 5495 5496 5302
f 5496 5497 5302
f 5302 5497 5303
f 5497 5498 5303
f 5303 5498 5499
f 5500 5501 5502
f 5501 5503 5502
f 5502 5503 5303
f 5503 5504 5303
f 5303 5504 5301
f 5505 5506 5507
f 5506 5508 5507
f 5507 5508 5509
f 5510 5511 5512
f 5511 5513 5512
f 5512 5513 5514
f 5513 5515 5514
f 5509 5516 5507
f 5516 5517 5507
f 5507 5517 5513
f 5517 5518 5513
f 5513 5518 5515
f 5519 5520 5311
f 5520 5521 5311
f 5522 5523 5312
f 5523 5524 5312
f 5312 5524 5525
f 5525 5526 5527
f 5526 5528 5527
f 5510 5529 5511
f 5529 5530 5511
f 5511 5530 5311
f 5530 5531 5311
f 5311 5531 5519
f 5521 5532 5311
f 5532 5533 5311
f 5311 5533 5312
f 5533 5534 5312
f 5312 5534 5522
f 5535 5536 5288
f 5536 5537 5288
f 5288 5537 5400
f 5538 5539 5540
f 5538 5540 5541
f 5305 5542 5306
f 5542 5543 5306
f 5306 5543 5540
f 5543 5544 5540
f 5540 5544 5541
f 5545 5546 5547
f 5547 5548 5545
f 5548 5549 5545
f 5545 5549 5550
f 5551 5552 5553
f 5554 5555 5556
f 5365 5557 5558
f 5554 5556 5559
f 5558 5560 5365
f 5560 5561 5365
f 5365 5561 5366
f 5561 5562 5366
f 5366 5562 5367
f 5553 5563 5551
f 5563 5564 5551
f 5551 5564 5556
f 5564 5565 5556
f 5556 5565 5559
f 5552 5551 5566
f 5551 5567 5566
f 5566 5567 5568
f 5308 5569 5309
f 5569 5570 5309
f 5309 5570 5571
f 5571 5572 5567
f 5572 5573 5567
f 5567 5573 5568
f 5574 5575 5280
f 5576 5577 5284
f 5577 5578 5284
f 5284 5578 5579
f 5576 5284 5580
f 5284 5581 5580
f 5580 5581 5582
f 5579 5583 5284
f 5583 5584 5284
f 5284 5584 5280
f 5584 5585 5280
f 5280 5585 5574
f 5575 5586 5280
f 5586 5587 5280
f 5280 5587 5281
f 5587 5588 5281
f 5281 5588 5299
f 5589 5590 5591
f 5590 5592 5591
f 5593 5594 5595
f 5594 5596 5595
f 5595 5596 5581
f 5596 5597 5581
f 5581 5597 5582
f 5592 5598 5591
f 5598 5599 5591
f 5591 5599 5595
f 5599 5600 5595
f 5595 5600 5593
f 5601 5602 5603
f 5604 5605 5606
f 5605 5607 5606
f 5606 5607 5608
f 5607 5609 5608
f 5609 5610 5608
f 5610 5611 5608
f 5608 5611 5612
f 5611 5613 5612
f 5612 5613 5614
f 5601 5603 5606
f 5603 5615 5606
f 5606 5615 5604
f 5616 5617 5618
f 5617 5619 5618
f 5619 5620 5618
f 5620 5621 5618
f 5618 5621 5601
f 5621 5622 5601
f 5601 5622 5602
f 5623 5624 5625
f 5624 5626 5625
f 5625 5626 5616
f 5623 5625 5627
f 5625 5628 5627
f 5627 5628 5629
f 5614 5630 5612
f 5630 5631 5612
f 5612 5631 5632
f 5631 5633 5632
f 5633 5634 5632
f 5634 5635 5632
f 5632 5635 5628
f 5635 5636 5628
f 5628 5636 5629
f 5637 5638 5484
f 5638 5639 5484
f 5484 5639 5489
f 5640 5641 5642
f 5641 5643 5642
f 5499 5644 5303
f 5644 5645 5303
f 5303 5645 5502
f 5645 5646 5502
f 5502 5646 5647
f 5647 5648 5502
f 5648 5649 5502
f 5502 5649 5650
f 5651 5652 5653
f 5654 5655 5651
f 5652 5656 5653
f 5656 5657 5653
f 5653 5657 5658
f 5657 5659 5658
f 5658 5659 5660
f 5661 5662 5654
f 5662 5663 5654
f 5654 5663 5655
f 5664 5665 5666
f 5665 5661 5666
f 5667 5668 5669
f 5668 5670 5669
f 5671 5672 5673
f 5670 5674 5669
f 5674 5675 5669
f 5669 5675 5671
f 5675 5676 5671
f 5671 5676 5672
f 5677 5678 5679
f 5679 5678 5298
f 5678 5680 5298
f 5298 5680 5296
f 5681 5682 5679
f 5682 5683 5679
f 5679 5683 5677
f 5660 5684 5658
f 5684 5685 5658
f 5658 5685 5681
f 5685 5686 5681
f 5681 5686 5682
f 5687 5688 5689
f 5688 5690 5689
f 5691 5692 5693
f 5692 5694 5693
f 5693 5694 5695
f 5687 5696 5688
f 5696 5697 5688
f 5688 5697 5698
f 5697 5699 5698
f 5698 5699 5700
f 5287 5701 5702
f 5703 5704 5705
f 5704 5706 5705
f 5705 5706 5287
f 5706 5707 5287
f 5287 5707 5701
f 5708 5709 5705
f 5709 5710 5705
f 5705 5710 5703
f 5700 5711 5698
f 5711 5712 5698
f 5698 5712 5713
f 5712 5714 5713
f 5714 5715 5713
f 5715 5716 5713
f 5713 5716 5717
f 5716 5718 5717
f 5718 5719 5717
f 5719 5720 5717
f 5717 5720 5708
f 5720 5721 5708
f 5708 5721 5709
f 5722 5723 5724
f 5725 5726 5727
f 5726 5728 5727
f 5727 5728 5729
f 5728 5730 5729
f 5730 5731 5729
f 5729 5731 5722
f 5732 5733 5727
f 5733 5734 5727
f 5727 5734 5725
f 5735 5736 5737
f 5736 5738 5737
f 5737 5738 5732
f 5738 5739 5732
f 5732 5739 5733
f 5735 5737 5740
f 5737 5376 5740
f 5740 5376 5741
f 5723 5742 5724
f 5742 5743 5724
f 5724 5743 5744
f 5745 5746 5378
f 5746 5747 5378
f 5378 5747 5376
f 5747 5748 5376
f 5376 5748 5741
f 5749 5380 5750
f 5380 5751 5750
f 5749 5752 5380
f 5752 5753 5380
f 5380 5753 5378
f 5753 5754 5378
f 5378 5754 5745
f 5755 5756 5289
f 5295 5294 5289
f 5294 5757 5289
f 5289 5757 5755
f 5756 5758 5289
f 5758 5759 5289
f 5289 5759 5285
f 5759 5760 5285
f 5285 5760 5761
f 5761 5762 5285
f 5762 5763 5285
f 5285 5763 5286
f 5763 5764 5286
f 5764 5765 5286
f 5286 5765 5766
f 5767 5768 5732
f 5769 5770 5391
f 5770 5771 5391
f 5391 5771 5772
f 5768 5773 5732
f 5773 5774 5732
f 5732 5774 5775
f 5772 5776 5391
f 5776 5777 5391
f 5391 5777 5295
f 5777 5778 5295
f 5295 5778 5293
f 5779 5780 5713
f 5781 5782 5783
f 5782 5784 5783
f 5783 5784 5785
f 5786 5787 5606
f 5787 5788 5606
f 5606 5788 5789
f 5784 5790 5785
f 5790 5791 5785
f 5785 5791 5792
f 5792 5793 5785
f 5793 5794 5785
f 5785 5794 5795
f 5667 5669 5783
f 5669 5796 5783
f 5783 5796 5781
f 5780 5797 5713
f 5797 5798 5713
f 5713 5798 5698
f 5798 5799 5698
f 5799 5800 5698
f 5800 5801 5698
f 5698 5801 5802
f 5802 5803 5669
f 5803 5804 5669
f 5804 5805 5669
f 5805 5806 5669
f 5669 5806 5796
f 5807 5808 5809
f 5808 5810 5809
f 5809 5810 5811
f 5812 5813 5319
f 5813 5814 5319
f 5815 5816 5817
f 5816 5818 5817
f 5817 5818 5312
f 5818 5819 5312
f 5312 5819 5820
f 5820 5821 5312
f 5821 5822 5312
f 5312 5822 5319
f 5822 5823 5319
f 5319 5823 5812
f 5824 5825 5608
f 5826 5827 5828
f 5827 5829 5828
f 5824 5608 5830
f 5829 5831 5828
f 5831 5832 5828
f 5828 5832 5817
f 5832 5833 5817
f 5817 5833 5815
f 5825 5834 5608
f 5834 5835 5608
f 5608 5835 5826
f 5290 5836 5291
f 5836 5837 5291
f 5291 5837 5838
f 5839 5840 5410
f 5840 5841 5410
f 5410 5841 5842
f 5843 5844 5292
f 5844 5845 5292
f 5842 5846 5410
f 5846 5847 5410
f 5410 5847 5848
f 5847 5849 5848
f 5849 5850 5848
f 5848 5850 5851
f 5845 5852 5292
f 5852 5853 5292
f 5292 5853 5290
f 5838 5854 5291
f 5854 5855 5291
f 5291 5855 5410
f 5855 5856 5410
f 5410 5856 5839
f 5851 5857 5848
f 5857 5858 5848
f 5848 5858 5859
f 5385 5382 5386
f 5382 5376 5386
f 5386 5376 5388
f 5376 5737 5388
f 5388 5737 5391
f 5737 5732 5391
f 5391 5732 5769
f 5732 5775 5769
f 5651 5653 5654
f 5653 5848 5654
f 5654 5848 5292
f 5848 5859 5292
f 5292 5859 5843
f 5661 5654 5666
f 5654 5292 5666
f 5666 5292 5860
f 5292 5291 5860
f 5860 5291 5861
f 5291 5408 5861
f 5861 5408 5398
f 5397 5399 5398
f 5399 5306 5398
f 5398 5306 5861
f 5306 5540 5861
f 5861 5540 5860
f 5540 5671 5860
f 5860 5671 5666
f 5671 5673 5666
f 5666 5673 5664
f 5545 5693 5688
f 5693 5695 5688
f 5688 5695 5690
f 5702 5691 5287
f 5691 5693 5287
f 5287 5693 5285
f 5693 5545 5285
f 5285 5545 5288
f 5545 5550 5288
f 5288 5550 5535
f 5802 5669 5698
f 5669 5671 5698
f 5698 5671 5688
f 5671 5540 5688
f 5688 5540 5545
f 5540 5539 5545
f 5545 5539 5546
f 5411 5410 5412
f 5410 5848 5412
f 5412 5848 5419
f 5848 5653 5419
f 5419 5653 5439
f 5653 5658 5439
f 5439 5658 5437
f 5658 5681 5437
f 5437 5681 5453
f 5571 5567 5309
f 5567 5724 5309
f 5309 5724 5380
f 5724 5744 5380
f 5380 5744 5751
f 5298 5595 5679
f 5595 5581 5679
f 5679 5581 5681
f 5581 5284 5681
f 5681 5284 5453
f 5284 5283 5453
f 5453 5283 5454
f 5283 5473 5454
f 5708 5618 5717
f 5618 5601 5717
f 5717 5601 5713
f 5601 5606 5713
f 5713 5606 5779
f 5606 5789 5779
f 5616 5618 5625
f 5618 5708 5625
f 5625 5708 5862
f 5708 5705 5862
f 5862 5705 5729
f 5705 5287 5729
f 5729 5287 5727
f 5287 5286 5727
f 5727 5286 5732
f 5286 5766 5732
f 5732 5766 5767
f 5826 5828 5608
f 5828 5785 5608
f 5608 5785 5606
f 5785 5795 5606
f 5606 5795 5786
f 5476 5481 5470
f 5481 5478 5470
f 5470 5478 5484
f 5478 5641 5484
f 5484 5641 5637
f 5641 5640 5637
f 5527 5282 5863
f 5282 5281 5863
f 5863 5281 5591
f 5281 5300 5591
f 5591 5300 5589
f 5628 5864 5632
f 5864 5865 5632
f 5632 5865 5612
f 5865 5866 5612
f 5612 5866 5608
f 5866 5809 5608
f 5608 5809 5830
f 5809 5811 5830
f 5513 5500 5507
f 5500 5502 5507
f 5507 5502 5641
f 5502 5650 5641
f 5641 5650 5643
f 5528 5505 5527
f 5505 5507 5527
f 5527 5507 5282
f 5507 5641 5282
f 5282 5641 5280
f 5641 5478 5280
f 5280 5478 5283
f 5478 5477 5283
f 5283 5477 5472
f 5525 5527 5312
f 5527 5863 5312
f 5312 5863 5817
f 5863 5591 5817
f 5817 5591 5828
f 5591 5595 5828
f 5828 5595 5785
f 5595 5298 5785
f 5785 5298 5783
f 5298 5297 5783
f 5783 5297 5667
f 5864 5355 5865
f 5355 5353 5865
f 5865 5353 5866
f 5353 5327 5866
f 5866 5327 5809
f 5327 5319 5809
f 5809 5319 5807
f 5319 5814 5807
f 5867 5868 5355
f 5279 5278 5869
f 5278 5870 5869
f 5869 5870 5871
f 5872 5873 5864
f 5873 5874 5864
f 5874 5875 5864
f 5864 5875 5876
f 5867 5355 5877
f 5878 5879 5279
f 5879 5880 5279
f 5279 5880 5277
f 5876 5881 5864
f 5881 5882 5864
f 5864 5882 5355
f 5882 5883 5355
f 5355 5883 5877
f 5871 5884 5869
f 5884 5885 5869
f 5869 5885 5886
f 5868 5887 5355
f 5887 5888 5355
f 5355 5888 5279
f 5888 5889 5279
f 5279 5889 5878
f 5722 5724 5729
f 5724 5567 5729
f 5729 5567 5862
f 5567 5551 5862
f 5862 5551 5625
f 5551 5556 5625
f 5625 5556 5628
f 5556 5869 5628
f 5628 5869 5864
f 5869 5886 5864
f 5864 5886 5872
f 5357 5279 5360
f 5279 5869 5360
f 5360 5869 5363
f 5869 5556 5363
f 5363 5556 5365
f 5556 5555 5365
f 5365 5555 5557
f 5890 5891 5892
f 5891 5893 5892
f 5892 5893 5894
f 5895 5896 5892
f 5896 5897 5892
f 5892 5897 5890
f 5898 5899 5892
f 5899 5900 5892
f 5892 5900 5895
f 5901 5902 5892
f 5902 5903 5892
f 5892 5903 5898
f 5904 5905 5892
f 5905 5906 5892
f 5892 5906 5901
f 5907 5908 5892
f 5908 5909 5892
f 5892 5909 5904
f 5910 5911 5892
f 5911 5912 5892
f 5892 5912 5907
f 5894 5913 5892
f 5913 5914 5892
f 5892 5914 5910
f 5915 5916 5917
f 5916 5918 5917
f 5917 5918 5919
f 5920 5921 5917
f 5921 5922 5917
f 5917 5922 5915
f 5923 5924 5917
f 5924 5925 5917
f 5917 5925 5920
f 5926 5927 5917
f 5927 5928 5917
f 5917 5928 5923
f 5929 5930 5917
f 5930 5931 5917
f 5917 5931 5926
f 5932 5933 5917
f 5933 5934 5917
f 5917 5934 5929
f 5935 5936 5917
f 5936 5937 5917
f 5917 5937 5932
f 5919 5938 5917
f 5938 5939 5917
f 5917 5939 5935
f 5940 5941 5942
f 5941 5943 5942
f 5942 5943 5944
f 5945 5946 5942
f 5946 5947 5942
f 5942 5947 5940
f 5948 5949 5942
f 5949 5950 5942
f 5942 5950 5945
f 5951 5952 5942
f 5952 5953 5942
f 5942 5953 5948
f 5954 5955 5942
f 5955 5956 5942
f 5942 5956 5951
f 5957 5958 5942
f 5958 5959 5942
f 5942 5959 5954
f 5960 5961 5942
f 5961 5962 5942
f 5942 5962 5957
f 5944 5963 5942
f 5963 5964 5942
f 5942 5964 5960
f 5965 5966 5967
f 5966 5968 5967
f 5967 5968 5969
f 5970 5971 5967
f 5971 5972 5967
f 5967 5972 5965
f 5973 5974 5967
f 5974 5975 5967
f 5967 5975 5970
f 5976 5977 5967
f 5977 5978 5967
f 5967 5978 5973
f 5979 5980 5967
f 5980 5981 5967
f 5967 5981 5976
f 5982 5983 5967
f 5983 5984 5967
f 5967 5984 5979
f 5985 5986 5967
f 5986 5987 5967
f 5967 5987 5982
f 5969 5988 5967
f 5988 5989 5967
f 5967 5989 5985
f 5990 5991 5992
f 5991 5993 5992
f 5992 5993 5994
f 5995 5996 5992
f 5996 5997 5992
f 5992 5997 5990
f 5998 5999 5992
f 5999 6000 5992
f 5992 6000 5995
f 6001 6002 5992
f 6002 6003 5992
f 5992 6003 5998
f 6004 6005 5992
f 6005 6006 5992
f 5992 6006 6001
f 6007 6008 5992
f 6008 6009 5992
f 5992 6009 6004
f 6010 6011 5992
f 6011 6012 5992
f 5992 6012 6007
f 5994 6013 5992
f 6013 6014 5992
f 5992 6014 6010
f 6015 6016 6017
f 6016 6018 6017
f 6017 6018 6019
f 6020 6021 6017
f 6021 6022 6017
f 6017 6022 6015
f 6023 6024 6017
f 6024 6025 6017
f 6017 6025 6020
f 6026 6027 6017
f 6027 6028 6017
f 6017 6028 6023
f 6029 6030 6017
f 6030 6031 6017
f 6017 6031 6026
f 6032 6033 6017
f 6033 6034 6017
f 6017 6034 6029
f 6035 6036 6017
f 6036 6037 6017
f 6017 6037 6032
f 6019 6038 6017
f 6038 6039 6017
f 6017 6039 6035
f 6040 6041 6042
f 6041 6043 6042
f 6042 6043 6044
f 6045 6046 6042
f 6046 6047 6042
f 6042 6047 6040
f 6048 6049 6042
f 6049 6050 6042
f 6042 6050 6045
f 6051 6052 6042
f 6052 6053 6042
f 6042 6053 6048
f 6054 6055 6042
f 6055 6056 6042
f 6042 6056 6051
f 6057 6058 6042
f 6058 6059 6042
f 6042 6059 6054
f 6060 6061 6042
f 6061 6062 6042
f 6042 6062 6057
f 6044 6063 6042
f 6063 6064 6042
f 6042 6064 6060
f 6065 6066 6067
f 6066 6068 6067
f 6067 6068 6069
f 6070 6071 6067
f 6071 6072 6067
f 6067 6072 6065
f 6073 6074 6067
f 6074 6075 6067
f 6067 6075 6070
f 6076 6077 6067
f 6077 6078 6067
f 6067 6078 6073
f 6079 6080 6067
f 6080 6081 6067
f 6067 6081 6076
f 6082 6083 6067
f 6083 6084 6067
f 6067 6084 6079
f 6085 6086 6067
f 6086 6087 6067
f 6067 6087 6082
f 6069 6088 6067
f 6088 6089 6067
f 6067 6089 6085
f 6090 6091 6092
f 6091 6093 6092
f 6092 6093 6094
f 6093 6095 6094
f 6094 6095 6096
f 6095 6097 6096
f 6096 6097 6098
f 6097 6099 6098
f 6098 6099 6100
f 6099 6101 6100
f 6100 6101 6102
f 6101 6103 6102
f 6102 6103 6104
f 6103 6105 6104
f 6104 6105 6106
f 6105 6107 6106
f 6106 6107 6108
f 6107 6109 6108
f 6108 6109 6110
f 6109 6111 6110
f 6110 6111 6112
f 6111 6113 6112
f 6112 6113 6114
f 6113 6115 6114
f 6114 6115 6116
f 6115 6117 6116
f 6116 6117 6118
f 6117 6119 6118
f 6118 6119 6120
f 6119 6121 6120
f 6120 6121 6122
f 6121 6123 6122
f 6122 6123 6124
f 6123 6125 6124
f 6124 6125 6126
f 6125 6127 6126
f 6126 6127 6128
f 6127 6129 6128
f 6128 6129 6130
f 6129 6131 6130
f 6130 6131 6132
f 6131 6133 6132
f 6132 6133 6134
f 6133 6135 6134
f 6134 6135 6136
f 6135 6137 6136
f 6136 6137 6090
f 6137 6091 6090
f 6138 6139 6140
f 6139 6141 6140
f 6140 6141 6142
f 6141 6143 6142
f 6142 6143 6144
f 6143 6145 6144
f 6144 6145 6146
f 6145 6147 6146
f 6146 6147 6148
f 6147 6149 6148
f 6148 6149 6150
f 6149 6151 6150
f 6150 6151 6152
f 6151 6153 6152
f 6152 6153 6154
f 6153 6155 6154
f 6154 6155 6156
f 6155 6157 6156
f 6156 6157 6158
f 6157 6159 6158
f 6158 6159 6160
f 6159 6161 6160
f 6160 6161 6162
f 6161 6163 6162
f 6162 6163 6164
f 6163 6165 6164
f 6164 6165 6166
f 6165 6167 6166
f 6166 6167 6168
f 6167 6169 6168
f 6168 6169 6170
f 6169 6171 6170
f 6170 6171 6172
f 6171 6173 6172
f 6172 6173 6174
f 6173 6175 6174
f 6174 6175 6176
f 6175 6177 6176
f 6176 6177 6178
f 6177 6179 6178
f 6178 6179 6180
f 6179 6181 6180
f 6180 6181 6182
f 6181 6183 6182
f 6182 6183 6184
f 6183 6185 6184
f 6184 6185 6138
f 6185 6139 6138
f 6186 6187 6188
f 6187 6189 6188
f 6188 6189 6190
f 6189 6191 6190
f 6190 6191 6192
f 6191 6193 6192
f 6192 6193 6194
f 6193 6195 6194
f 6194 6195 6196
f 6195 6197 6196
f 6196 6197 6198
f 6197 6199 6198
f 6198 6199 6200
f 6199 6201 6200
f 6200 6201 6202
f 6201 6203 6202
f 6202 6203 6204
f 6203 6205 6204
f 6204 6205 6206
f 6205 6207 6206
f 6206 6207 6208
f 6207 6209 6208
f 6208 6209 6210
f 6209 6211 6210
f 6210 6211 6212
f 6211 6213 6212
f 6212 6213 6214
f 6213 6215 6214
f 6214 6215 6216
f 6215 6217 6216
f 6216 6217 6218
f 6217 6219 6218
f 6218 6219 6220
f 6219 6221 6220
f 6220 6221 6222
f 6221 6223 6222
f 6222 6223 6224
f 6223 6225 6224
f 6224 6225 6226
f 6225 6227 6226
f 6226 6227 6228
f 6227 6229 6228
f 6228 6229 6230
f 6229 6231 6230
f 6230 6231 6232
f 6231 6233 6232
f 6232 6233 6186
f 6233 6187 6186
f 6234 6235 6236
f 6235 6237 6236
f 6236 6237 6238
f 6237 6239 6238
f 6238 6239 6240
f 6239 6241 6240
f 6240 6241 6242
f 6241 6243 6242
f 6242 6243 6244
f 6243 6245 6244
f 6244 6245 6246
f 6245 6247 6246
f 6246 6247 6248
f 6247 6249 6248
f 6248 6249 6250
f 6249 6251 6250
f 6250 6251 6252
f 6251 6253 6252
f 6252 6253 6254
f 6253 6255 6254
f 6254 6255 6256
f 6255 6257 6256
f 6256 6257 6258
f 6257 6259 6258
f 6258 6259 6260
f 6259 6261 6260
f 6260 6261 6262
f 6261 6263 6262
f 6262 6263 6264
f 6263 6265 6264
f 6264 6265 6266
f 6265 6267 6266
f 6266 6267 6268
f 6267 6269 6268
f 6268 6269 6270
f 6269 6271 6270
f 6270 6271 6272
f 6271 6273 6272
f 6272 6273 6274
f 6273 6275 6274
f 6274 6275 6276
f 6275 6277 6276
f 6276 6277 6278
f 6277 6279 6278
f 6278 6279 6280
f 6279 6281 6280
f 6280 6281 6234
f 6281 6235 6234
f 6282 6283 6284
f 6283 6285 6284
f 6284 6285 6286
f 6285 6287 6286
f 6286 6287 6288
f 6287 6289 6288
f 6288 6289 6290
f 6289 6291 6290
f 6290 6291 6292
f 6291 6293 6292
f 6292 6293 6294
f 6293 6295 6294
f 6294 6295 6296
f 6295 6297 6296
f 6296 6297 6298
f 6297 6299 6298
f 6298 6299 6300
f 6299 6301 6300
f 6300 6301 6302
f 6301 6303 6302
f 6302 6303 6304
f 6303 6305 6304
f 6304 6305 6306
f 6305 6307 6306
f 6306 6307 6308
f 6307 6309 6308
f 6308 6309 6310
f 6309 6311 6310
f 6310 6311 6312
f 6311 6313 6312
f 6312 6313 6314
f 6313 6315 6314
f 6314 6315 6316
f 6315 6317 6316
f 6316 6317 6318
f 6317 6319 6318
f 6318 6319 6320
f 6319 6321 6320
f 6320 6321 6322
f 6321 6323 6322
f 6322 6323 6324
f 6323 6325 6324
f 6324 6325 6326
f 6325 6327 6326
f 6326 6327 6328
f 6327 6329 6328
f 6328 6329 6282
f 6329 6283 6282
f 6330 6331 6332
f 6331 6333 6332
f 6332 6333 6334
f 6333 6335 6334
f 6334 6335 6336
f 6335 6337 6336
f 6336 6337 6338
f 6337 6339 6338
f 6338 6339 6340
f 6339 6341 6340
f 6340 6341 6342
f 6341 6343 6342
f 6342 6343 6344
f 6343 6345 6344
f 6344 6345 6346
f 6345 6347 6346
f 6346 6347 6348
f 6347 6349 6348
f 6348 6349 6350
f 6349 6351 6350
f 6350 6351 6352
f 6351 6353 6352
f 6352 6353 6354
f 6353 6355 6354
f 6354 6355 6356
f 6355 6357 6356
f 6356 6357 6358
f 6357 6359 6358
f 6358 6359 6360
f 6359 6361 6360
f 6360 6361 6362
f 6361 6363 6362
f 6362 6363 6364
f 6363 6365 6364
f 6364 6365 6366
f 6365 6367 6366
f 6366 6367 6368
f 6367 6369 6368
f 6368 6369 6370
f 6369 6371 6370
f 6370 6371 6372
f 6371 6373 6372
f 6372 6373 6374
f 6373 6375 6374
f 6374 6375 6376
f 6375 6377 6376
f 6376 6377 6330
f 6377 6331 6330
f 6378 6379 6380
f 6379 6381 6380
f 6380 6381 6382
f 6381 6383 6382
f 6382 6383 6384
f 6383 6385 6384
f 6384 6385 6386
f 6385 6387 6386
f 6386 6387 6388
f 6387 6389 6388
f 6388 6389 6390
f 6389 6391 6390
f 6390 6391 6392
f 6391 6393 6392
f 6392 6393 6394
f 6393 6395 6394
f 6394 6395 6396
f 6395 6397 6396
f 6396 6397 6398
f 6397 6399 6398
f 6398 6399 6400
f 6399 6401 6400
f 6400 6401 6402
f 6401 6403 6402
f 6402 6403 6404
f 6403 6405 6404
f 6404 6405 6406
f 6405 6407 6406
f 6406 6407 6408
f 6407 6409 6408
f 6408 6409 6410
f 6409 6411 6410
f 6410 6411 6412
f 6411 6413 6412
f 6412 6413 6414
f 6413 6415 6414
f 6414 6415 6416
f 6415 6417 6416
f 6416 6417 6418
f 6417 6419 6418
f 6418 6419 6420
f 6419 6421 6420
f 6420 6421 6422
f 6421 6423 6422
f 6422 6423 6424
f 6423 6425 6424
f 6424 6425 6378
f 6425 6379 6378
f 6426 6427 6428
f 6427 6429 6428
f 6428 6429 6430
f 6429 6431 6430
f 6430 6431 6432
f 6431 6433 6432
f 6432 6433 6434
f 6433 6435 6434
f 6434 6435 6436
f 6435 6437 6436
f 6436 6437 6438
f 6437 6439 6438
f 6438 6439 6440
f 6439 6441 6440
f 6440 6441 6442
f 6441 6443 6442
f 6442 6443 6444
f 6443 6445 6444
f 6444 6445 6446
f 6445 6447 6446
f 6446 6447 6448
f 6447 6449 6448
f 6448 6449 6450
f 6449 6451 6450
f 6450 6451 6452
f 6451 6453 6452
f 6452 6453 6454
f 6453 6455 6454
f 6454 6455 6456
f 6455 6457 6456
f 6456 6457 6458
f 6457 6459 6458
f 6458 6459 6460
f 6459 6461 6460
f 6460 6461 6462
f 6461 6463 6462
f 6462 6463 6464
f 6463 6465 6464
f 6464 6465 6466
f 6465 6467 6466
f 6466 6467 6468
f 6467 6469 6468
f 6468 6469 6470
f 6469 6471 6470
f 6470 6471 6472
f 6471 6473 6472
f 6472 6473 6426
f 6473 6427 6426
f 6474 6475 6476
f 6475 6477 6476
f 6476 6477 6478
f 6477 6479 6478
f 6478 6479 6480
f 6479 6481 6480
f 6480 6481 6482
f 6481 6483 6482
f 6482 6483 6484
f 6483 6485 6484
f 6484 6485 6486
f 6485 6487 6486
f 6486 6487 6488
f 6487 6489 6488
f 6488 6489 6490
f 6489 6491 6490
f 6490 6491 6492
f 6491 6493 6492
f 6492 6493 6494
f 6493 6495 6494
f 6494 6495 6496
f 6495 6497 6496
f 6496 6497 6498
f 6499 6500 6501
f 6500 6502 6501
f 6501 6502 6503
f 6502 6504 6503
f 6503 6504 6474
f 6504 6505 6474
f 6474 6505 6475
f 6506 6507 6508
f 6507 6509 6508
f 6508 6509 6510
f 6509 6511 6510
f 6510 6511 6512
f 6511 6513 6512
f 6512 6513 6514
f 6513 6515 6514
f 6514 6515 6516
f 6515 6517 6516
f 6516 6517 6518
f 6517 6519 6518
f 6518 6519 6499
f 6519 6520 6499
f 6499 6520 6500
f 6497 6521 6498
f 6521 6522 6498
f 6498 6522 6523
f 6522 6524 6523
f 6523 6524 6506
f 6524 6525 6506
f 6506 6525 6507
f 6526 6527 6528
f 6527 6529 6528
f 6528 6529 6530
f 6529 6531 6530
f 6530 6531 6532
f 6533 6534 6526
f 6534 6535 6526
f 6526 6535 6527
f 6536 6537 6538
f 6537 6539 6538
f 6538 6539 6540
f 6539 6541 6540
f 6540 6541 6533
f 6541 6542 6533
f 6533 6542 6534
f 6531 6543 6532
f 6543 6544 6532
f 6532 6544 6545
f 6544 6546 6545
f 6545 6546 6547
f 6546 6548 6547
f 6547 6548 6549
f 6548 6550 6549
f 6549 6550 6551
f 6550 6552 6551
f 6551 6552 6553
f 6552 6554 6553
f 6553 6554 6555
f 6554 6556 6555
f 6555 6556 6557
f 6556 6558 6557
f 6557 6558 6559
f 6558 6560 6559
f 6559 6560 6561
f 6560 6562 6561
f 6561 6562 6563
f 6562 6564 6563
f 6563 6564 6565
f 6564 6566 6565
f 6565 6566 6567
f 6566 6568 6567
f 6567 6568 6569
f 6568 6570 6569
f 6569 6570 6571
f 6570 6572 6571
f 6571 6572 6573
f 6572 6574 6573
f 6573 6574 6575
f 6574 6576 6575
f 6575 6576 6536
f 6576 6577 6536
f 6536 6577 6537
f 6578 6579 6580
f 6579 6581 6580
f 6580 6581 6582
f 6581 6583 6582
f 6582 6583 6584
f 6583 6585 6584
f 6584 6585 6586
f 6585 6587 6586
f 6586 6587 6588
f 6587 6589 6588
f 6588 6589 6590
f 6589 6591 6590
f 6590 6591 6592
f 6593 6594 6595
f 6594 6596 6595
f 6595 6596 6578
f 6596 6597 6578
f 6578 6597 6579
f 6598 6599 6600
f 6599 6601 6600
f 6600 6601 6602
f 6601 6603 6602
f 6602 6603 6604
f 6603 6605 6604
f 6604 6605 6606
f 6605 6607 6606
f 6606 6607 6593
f 6607 6608 6593
f 6593 6608 6594
f 6591 6609 6592
f 6609 6610 6592
f 6592 6610 6611
f 6610 6612 6611
f 6611 6612 6613
f 6612 6614 6613
f 6613 6614 6615
f 6614 6616 6615
f 6615 6616 6617
f 6616 6618 6617
f 6617 6618 6619
f 6618 6620 6619
f 6619 6620 6621
f 6620 6622 6621
f 6621 6622 6623
f 6622 6624 6623
f 6623 6624 6625
f 6624 6626 6625
f 6625 6626 6627
f 6626 6628 6627
f 6627 6628 6598
f 6628 6629 6598
f 6598 6629 6599
f 6630 6631 6632
f 6631 6633 6632
f 6632 6633 6634
f 6633 6635 6634
f 6634 6635 6636
f 6635 6637 6636
f 6636 6637 6638
f 6637 6639 6638
f 6638 6639 6640
f 6639 6641 6640
f 6640 6641 6642
f 6641 6643 6642
f 6642 6643 6644
f 6643 6645 6644
f 6644 6645 6646
f 6645 6647 6646
f 6646 6647 6648
f 6647 6649 6648
f 6648 6649 6650
f 6649 6651 6650
f 6650 6651 6652
f 6651 6653 6652
f 6652 6653 6654
f 6653 6655 6654
f 6654 6655 6656
f 6657 6658 6630
f 6658 6659 6630
f 6630 6659 6631
f 6660 6661 6657
f 6661 6662 6657
f 6657 6662 6658
f 6655 6663 6656
f 6663 6664 6656
f 6656 6664 6665
f 6664 6666 6665
f 6665 6666 6667
f 6666 6668 6667
f 6667 6668 6669
f 6668 6670 6669
f 6669 6670 6671
f 6670 6672 6671
f 6671 6672 6673
f 6672 6674 6673
f 6673 6674 6675
f 6674 6676 6675
f 6675 6676 6677
f 6676 6678 6677
f 6677 6678 6679
f 6678 6680 6679
f 6679 6680 6660
f 6680 6681 6660
f 6660 6681 6661
f 6682 6683 6684
f 6684 6683 6685
f 6683 6686 6685
f 6685 6686 6687
f 6686 6688 6687
f 6687 6688 6689
f 6688 6690 6689
f 6689 6690 6691
f 6690 6692 6691
f 6691 6692 6693
f 6692 6694 6693
f 6693 6694 6695
f 6694 6696 6695
f 6695 6696 6697
f 6696 6698 6697
f 6697 6698 6699
f 6698 6700 6699
f 6699 6700 6701
f 6700 6702 6701
f 6701 6702 6703
f 6704 6705 6706
f 6705 6707 6706
f 6706 6707 6702
f 6707 6708 6702
f 6702 6708 6703
f 6709 6710 6711
f 6710 6712 6711
f 6711 6712 6704
f 6712 6713 6704
f 6704 6713 6705
f 6714 6715 6716
f 6715 6717 6716
f 6716 6717 6718
f 6717 6719 6718
f 6718 6719 6720
f 6719 6721 6720
f 6720 6721 6722
f 6721 6723 6722
f 6722 6723 6724
f 6723 6725 6724
f 6724 6725 6726
f 6725 6727 6726
f 6726 6727 6709
f 6727 6728 6709
f 6709 6728 6710
f 6684 6729 6682
f 6729 6730 6682
f 6682 6730 6731
f 6730 6732 6731
f 6731 6732 6733
f 6732 6734 6733
f 6733 6734 6714
f 6734 6735 6714
f 6714 6735 6715
f 6736 6737 6738
f 6737 6739 6738
f 6738 6739 6740
f 6739 6741 6740
f 6740 6741 6742
f 6741 6743 6742
f 6742 6743 6744
f 6743 6745 6744
f 6744 6745 6746
f 6745 6747 6746
f 6746 6747 6748
f 6747 6749 6748
f 6748 6749 6750
f 6751 6752 6753
f 6752 6754 6753
f 6753 6754 6736
f 6754 6755 6736
f 6736 6755 6737
f 6756 6757 6751
f 6757 6758 6751
f 6751 6758 6752
f 6749 6759 6750
f 6759 6760 6750
f 6750 6760 6761
f 6760 6762 6761
f 6761 6762 6763
f 6762 6764 6763
f 6763 6764 6765
f 6764 6766 6765
f 6765 6766 6767
f 6766 6768 6767
f 6767 6768 6769
f 6768 6770 6769
f 6769 6770 6771
f 6770 6772 6771
f 6771 6772 6773
f 6772 6774 6773
f 6773 6774 6775
f 6774 6776 6775
f 6775 6776 6777
f 6776 6778 6777
f 6777 6778 6779
f 6778 6780 6779
f 6779 6780 6781
f 6780 6782 6781
f 6781 6782 6783
f 6782 6784 6783
f 6783 6784 6785
f 6784 6786 6785
f 6785 6786 6756
f 6786 6787 6756
f 6756 6787 6757
f 6788 6789 6790
f 6789 6791 6790
f 6790 6791 6792
f 6791 6793 6792
f 6792 6793 6794
f 6793 6795 6794
f 6794 6795 6796
f 6797 6798 6788
f 6798 6799 6788
f 6788 6799 6789
f 6800 6801 6802
f 6801 6803 6802
f 6802 6803 6797
f 6803 6804 6797
f 6797 6804 6798
f 6805 6806 6807
f 6806 6808 6807
f 6807 6808 6800
f 6808 6809 6800
f 6800 6809 6801
f 6810 6811 6812
f 6811 6813 6812
f 6812 6813 6814
f 6813 6815 6814
f 6814 6815 6816
f 6815 6817 6816
f 6816 6817 6818
f 6817 6819 6818
f 6818 6819 6805
f 6819 6820 6805
f 6805 6820 6806
f 6795 6821 6796
f 6821 6822 6796
f 6796 6822 6823
f 6822 6824 6823
f 6823 6824 6825
f 6824 6826 6825
f 6825 6826 6827
f 6826 6828 6827
f 6827 6828 6829
f 6828 6830 6829
f 6829 6830 6831
f 6830 6832 6831
f 6831 6832 6833
f 6832 6834 6833
f 6833 6834 6835
f 6834 6836 6835
f 6835 6836 6837
f 6836 6838 6837
f 6837 6838 6839
f 6838 6840 6839
f 6839 6840 6810
f 6840 6841 6810
f 6810 6841 6811
f 6842 6843 6844
f 6843 6845 6844
f 6844 6845 6846
f 6845 6847 6846
f 6846 6847 6848
f 6849 6850 6842
f 6850 6851 6842
f 6842 6851 6843
f 6852 6853 6854
f 6853 6855 6854
f 6854 6855 6856
f 6855 6857 6856
f 6856 6857 6858
f 6857 6859 6858
f 6858 6859 6860
f 6859 6861 6860
f 6860 6861 6862
f 6861 6863 6862
f 6862 6863 6864
f 6863 6865 6864
f 6864 6865 6866
f 6865 6867 6866
f 6866 6867 6868
f 6867 6869 6868
f 6868 6869 6870
f 6869 6871 6870
f 6870 6871 6872
f 6871 6873 6872
f 6872 6873 6874
f 6873 6875 6874
f 6874 6875 6876
f 6875 6877 6876
f 6876 6877 6878
f 6877 6879 6878
f 6878 6879 6880
f 6879 6881 6880
f 6880 6881 6849
f 6881 6882 6849
f 6849 6882 6850
f 6847 6883 6848
f 6883 6884 6848
f 6848 6884 6885
f 6884 6886 6885
f 6885 6886 6887
f 6886 6888 6887
f 6887 6888 6889
f 6888 6890 6889
f 6889 6890 6891
f 6890 6892 6891
f 6891 6892 6852
f 6892 6893 6852
f 6852 6893 6853
f 6894 6895 6896
f 6897 6898 6899
f 6900 6901 6902
f 6903 6904 6905
f 6906 6907 6908
f 6909 6910 6911
f 6912 6911 6913
f 6910 6914 6911
f 6914 6915 6911
f 6911 6915 6913
f 6916 6917 6918
f 6917 6919 6918
f 6918 6919 6909
f 6920 6921 6922
f 6921 6923 6922
f 6922 6923 6916
f 6924 6925 6926
f 6925 6927 6926
f 6926 6927 6920
f 6928 6929 6930
f 6929 6931 6930
f 6930 6931 6924
f 6932 6933 6934
f 6933 6928 6934
f 6932 6934 6908
f 6934 6935 6908
f 6908 6935 6906
f 6936 6937 6934
f 6937 6938 6934
f 6934 6938 6935
f 6939 6940 6936
f 6940 6941 6936
f 6936 6941 6937
f 6942 6943 6939
f 6943 6944 6939
f 6939 6944 6940
f 6945 6946 6942
f 6946 6947 6942
f 6942 6947 6943
f 6948 6949 6945
f 6949 6950 6945
f 6945 6950 6946
f 6951 6952 6948
f 6952 6953 6948
f 6948 6953 6949
f 6954 6955 6951
f 6955 6956 6951
f 6951 6956 6952
f 6957 6958 6954
f 6958 6959 6954
f 6954 6959 6955
f 6960 6961 6957
f 6961 6962 6957
f 6957 6962 6958
f 6963 6964 6960
f 6964 6965 6960
f 6960 6965 6961
f 6966 6967 6963
f 6967 6968 6963
f 6963 6968 6964
f 6969 6970 6971
f 6970 6972 6971
f 6971 6972 6966
f 6972 6973 6966
f 6966 6973 6967
f 6969 6971 6974
f 6971 6975 6974
f 6974 6975 6976
f 6975 6977 6976
f 6976 6977 6978
f 6979 6980 6977
f 6980 6981 6977
f 6977 6981 6978
f 6982 6983 6979
f 6983 6984 6979
f 6979 6984 6980
f 6985 6986 6987
f 6986 6988 6987
f 6987 6988 6982
f 6988 6989 6982
f 6982 6989 6983
f 6990 6985 6991
f 6990 6992 6985
f 6992 6993 6985
f 6985 6993 6986
f 6994 6995 6996
f 6995 6997 6996
f 6996 6997 6991
f 6997 6998 6991
f 6991 6998 6990
f 6994 6996 6999
f 6996 7000 6999
f 6999 7000 7001
f 7001 7000 7002
f 7000 6905 7002
f 7002 6905 7003
f 7004 7005 7006
f 7003 6905 7006
f 6905 6904 7006
f 7006 6904 7004
f 7007 7008 7009
f 7008 7010 7009
f 7011 7012 7013
f 7012 7014 7013
f 7013 7014 7015
f 6900 6902 7016
f 6897 6899 7017
f 6894 6896 7018
f 6896 7019 7018
f 7018 7019 7020
f 7021 7022 7019
f 7022 7023 7019
f 7019 7023 7020
f 7024 7025 7021
f 7025 7026 7021
f 7021 7026 7022
f 7027 7028 7024
f 7028 7029 7024
f 7024 7029 7025
f 7030 7031 7027
f 7031 7032 7027
f 7027 7032 7028
f 7033 7034 7030
f 7034 7035 7030
f 7030 7035 7031
f 7036 7037 7033
f 7037 7038 7033
f 7033 7038 7034
f 7039 7040 7036
f 7040 7041 7036
f 7036 7041 7037
f 7042 7043 7039
f 7043 7044 7039
f 7039 7044 7040
f 7045 7046 7042
f 7046 7047 7042
f 7042 7047 7043
f 7048 7049 7045
f 7049 7050 7045
f 7045 7050 7046
f 7051 7052 7048
f 7052 7053 7048
f 7048 7053 7049
f 7054 7055 7051
f 7055 7056 7051
f 7051 7056 7052
f 7057 7058 7054
f 7058 7059 7054
f 7054 7059 7055
f 7060 7061 7057
f 7061 7062 7057
f 7057 7062 7058
f 7063 7064 7060
f 7064 7065 7060
f 7060 7065 7061
f 7066 7067 7063
f 7067 7068 7063
f 7063 7068 7064
f 7069 7070 7066
f 7070 7071 7066
f 7066 7071 7067
f 7072 7073 7069
f 7073 7074 7069
f 7069 7074 7070
f 7075 7076 7072
f 7076 7077 7072
f 7072 7077 7073
f 6913 7078 6912
f 7078 7079 6912
f 6912 7079 7075
f 7079 7080 7075
f 7075 7080 7076
f 6928 6930 6934
f 6930 7081 6934
f 6934 7081 6936
f 7081 7082 6936
f 6936 7082 6939
f 7082 7083 6939
f 6939 7083 6942
f 7083 7084 6942
f 6942 7084 6945
f 7084 7085 6945
f 6945 7085 6948
f 7085 7086 6948
f 6948 7086 6951
f 7086 7087 6951
f 6951 7087 6954
f 7087 7088 6954
f 6954 7088 6957
f 7088 7089 6957
f 6957 7089 6960
f 7089 7090 6960
f 6960 7090 6963
f 7090 7091 6963
f 6963 7091 6966
f 7091 7092 6966
f 6966 7092 6971
f 7092 7093 6971
f 6971 7093 6975
f 7093 7094 6975
f 6975 7094 6977
f 7094 7095 6977
f 6977 7095 6979
f 7095 7096 6979
f 6979 7096 6982
f 7096 7097 6982
f 6982 7097 6987
f 7097 7098 6987
f 6987 7098 6985
f 7098 7099 6985
f 6985 7099 6991
f 7099 7100 6991
f 6991 7100 6996
f 7100 7101 6996
f 6996 7101 7000
f 7101 7009 7000
f 7000 7009 6905
f 7009 7010 6905
f 6905 7010 6903
f 6924 6926 6930
f 6926 7102 6930
f 6930 7102 7081
f 7102 7103 7081
f 7081 7103 7082
f 7103 7104 7082
f 7082 7104 7083
f 7104 7105 7083
f 7083 7105 7084
f 7105 7106 7084
f 7084 7106 7085
f 7106 7107 7085
f 7085 7107 7086
f 7107 7108 7086
f 7086 7108 7087
f 7108 7109 7087
f 7087 7109 7088
f 7109 7110 7088
f 7088 7110 7089
f 7110 7111 7089
f 7089 7111 7090
f 7111 7112 7090
f 7090 7112 7091
f 7112 7113 7091
f 7091 7113 7092
f 7113 7114 7092
f 7092 7114 7093
f 7114 7115 7093
f 7093 7115 7094
f 7115 7116 7094
f 7094 7116 7095
f 7116 7117 7095
f 7095 7117 7096
f 7117 7118 7096
f 7096 7118 7097
f 7118 7119 7097
f 7097 7119 7098
f 7119 7120 7098
f 7098 7120 7099
f 7120 7121 7099
f 7099 7121 7100
f 7121 7122 7100
f 7100 7122 7101
f 7122 7013 7101
f 7101 7013 7009
f 7013 7015 7009
f 7009 7015 7007
f 6920 6922 6926
f 6922 7123 6926
f 6926 7123 7102
f 7123 7124 7102
f 7102 7124 7103
f 7124 7125 7103
f 7103 7125 7104
f 7125 7126 7104
f 7104 7126 7105
f 7126 7127 7105
f 7105 7127 7106
f 7127 7128 7106
f 7106 7128 7107
f 7128 7129 7107
f 7107 7129 7108
f 7129 7130 7108
f 7108 7130 7109
f 7130 7131 7109
f 7109 7131 7110
f 7131 7132 7110
f 7110 7132 7111
f 7132 7133 7111
f 7111 7133 7112
f 7133 7134 7112
f 7112 7134 7113
f 7134 7135 7113
f 7113 7135 7114
f 7135 7136 7114
f 7114 7136 7115
f 7136 7137 7115
f 7115 7137 7116
f 7137 7138 7116
f 7116 7138 7117
f 7138 7139 7117
f 7117 7139 7118
f 7139 7140 7118
f 7118 7140 7119
f 7140 7141 7119
f 7119 7141 7120
f 7141 7142 7120
f 7120 7142 7121
f 7142 7143 7121
f 7121 7143 7122
f 7143 6902 7122
f 7122 6902 7013
f 6902 6901 7013
f 7013 6901 7011
f 6916 6918 6922
f 6918 7144 6922
f 6922 7144 7123
f 7144 7145 7123
f 7123 7145 7124
f 7145 7146 7124
f 7124 7146 7125
f 7146 7147 7125
f 7125 7147 7126
f 7147 7148 7126
f 7126 7148 7127
f 7148 7149 7127
f 7127 7149 7128
f 7149 7150 7128
f 7128 7150 7129
f 7150 7151 7129
f 7129 7151 7130
f 7151 7152 7130
f 7130 7152 7131
f 7152 7153 7131
f 7131 7153 7132
f 7153 7154 7132
f 7132 7154 7133
f 7154 7155 7133
f 7133 7155 7134
f 7155 7156 7134
f 7134 7156 7135
f 7156 7157 7135
f 7135 7157 7136
f 7157 7158 7136
f 7136 7158 7137
f 7158 7159 7137
f 7137 7159 7138
f 7159 7160 7138
f 7138 7160 7139
f 7160 7161 7139
f 7139 7161 7140
f 7161 7162 7140
f 7140 7162 7141
f 7162 7163 7141
f 7141 7163 7142
f 7163 7164 7142
f 7142 7164 7143
f 7164 6899 7143
f 7143 6899 6902
f 6899 6898 6902
f 6902 6898 7016
f 6909 6911 6918
f 6911 6912 6918
f 6918 6912 7144
f 6912 7075 7144
f 7144 7075 7145
f 7075 7072 7145
f 7145 7072 7146
f 7072 7069 7146
f 7146 7069 7147
f 7069 7066 7147
f 7147 7066 7148
f 7066 7063 7148
f 7148 7063 7149
f 7063 7060 7149
f 7149 7060 7150
f 7060 7057 7150
f 7150 7057 7151
f 7057 7054 7151
f 7151 7054 7152
f 7054 7051 7152
f 7152 7051 7153
f 7051 7048 7153
f 7153 7048 7154
f 7048 7045 7154
f 7154 7045 7155
f 7045 7042 7155
f 7155 7042 7156
f 7042 7039 7156
f 7156 7039 7157
f 7039 7036 7157
f 7157 7036 7158
f 7036 7033 7158
f 7158 7033 7159
f 7033 7030 7159
f 7159 7030 7160
f 7030 7027 7160
f 7160 7027 7161
f 7027 7024 7161
f 7161 7024 7162
f 7024 7021 7162
f 7162 7021 7163
f 7021 7019 7163
f 7163 7019 7164
f 7019 6896 7164
f 7164 6896 6899
f 6896 6895 6899
f 6899 6895 7017
f 7165 7166 7167
f 7168 7169 7170
f 7171 7172 7173
f 7174 7175 7176
f 7177 7178 7179
f 6968 7180 7181
f 6970 7182 7183
f 7184 7185 7186
f 7187 7188 7189
f 7188 7190 7189
f 6907 6906 7191
f 6906 7192 7191
f 7193 7194 7195
f 7194 7196 7195
f 7195 7196 7189
f 7196 7197 7189
f 7189 7197 7187
f 7198 7199 7200
f 7199 7201 7200
f 7200 7201 7195
f 7201 7202 7195
f 7195 7202 7193
f 7203 7204 7205
f 7206 7006 7207
f 7006 7005 7207
f 7206 7203 7006
f 7203 7205 7006
f 7006 7205 7003
f 7205 7208 7003
f 7209 7001 7208
f 7001 7210 7208
f 7208 7210 7003
f 7211 7212 7213
f 7212 7214 7213
f 7215 7216 7217
f 7211 7218 7212
f 7218 7219 7212
f 7212 7219 7220
f 7219 7221 7220
f 7222 7209 7223
f 7209 7208 7223
f 7223 7208 7224
f 7208 7225 7224
f 7217 7216 7212
f 7216 7226 7212
f 7212 7226 7214
f 7222 7227 7209
f 7227 7228 7209
f 7209 7228 7217
f 7228 7229 7217
f 7217 7229 7215
f 7230 6998 7231
f 6998 7232 7231
f 7231 7232 7212
f 7232 6995 7212
f 7212 6995 7217
f 7233 7234 7230
f 6986 6993 7235
f 7236 7237 7238
f 7237 6986 7238
f 7238 6986 7239
f 6986 7235 7239
f 6984 7240 7241
f 7240 6989 7241
f 7241 6989 7242
f 6989 7237 7242
f 6984 7241 7243
f 7241 7244 7243
f 7243 7244 7245
f 7245 7246 7243
f 7246 7247 7243
f 7243 7247 6981
f 7247 7248 6981
f 6981 7248 7249
f 7248 7250 7249
f 7250 7251 7249
f 7249 7251 7252
f 7251 7253 7252
f 7254 7255 7183
f 7255 7256 7183
f 7183 7256 7257
f 7258 7259 7260
f 7259 7183 7260
f 7260 7183 7261
f 7183 7257 7261
f 7253 7254 7252
f 7254 7183 7252
f 7252 7183 6974
f 7183 7182 6974
f 7262 7263 7264
f 7263 7265 7264
f 7264 7265 7266
f 7265 7267 7266
f 7268 7269 7270
f 7267 7265 7271
f 7265 6973 7271
f 7271 6973 7272
f 7268 7270 6973
f 7270 7273 6973
f 6973 7273 7272
f 7274 6965 7181
f 6965 7275 7181
f 7181 7275 6968
f 7276 7277 7178
f 7278 7279 7181
f 7279 7280 7181
f 7181 7280 7274
f 7281 7282 7283
f 7282 6962 7283
f 7280 7284 7274
f 7284 7285 7274
f 7274 7285 6962
f 7285 7286 6962
f 6962 7286 7283
f 7281 7276 7282
f 7276 7178 7282
f 7282 7178 6959
f 7178 7177 6959
f 6956 7287 7288
f 7287 7289 7288
f 6949 6953 7290
f 7289 7291 7288
f 7291 7292 7288
f 7288 7292 6953
f 7292 7293 6953
f 6953 7293 7290
f 7294 6947 7176
f 6947 7295 7176
f 7176 7295 7174
f 7296 7297 7298
f 6944 7294 7299
f 7299 7300 6944
f 7300 7301 6944
f 6944 7301 7302
f 7301 7303 7302
f 7302 7303 7304
f 7305 7306 7176
f 7306 7307 7176
f 7176 7307 7294
f 7307 7308 7294
f 7294 7308 7299
f 7304 7309 7302
f 7309 7310 7302
f 7302 7310 6941
f 7310 7311 6941
f 7309 7312 7310
f 7312 7313 7310
f 7310 7313 7311
f 7313 7314 7311
f 7314 7315 7311
f 7311 7315 7316
f 7316 7167 6935
f 7167 7189 6935
f 6935 7189 6906
f 7189 7190 6906
f 6906 7190 7192
f 7185 7317 7186
f 7317 7318 7186
f 7186 7318 7319
f 7318 7320 7319
f 7321 7322 7233
f 7322 7323 7233
f 7233 7323 7234
f 7323 7324 7234
f 7234 7324 6993
f 7324 7325 6993
f 6993 7325 7235
f 7321 7233 7326
f 7233 7327 7326
f 7326 7327 7328
f 7329 7330 7331
f 7320 7332 7319
f 7332 7333 7319
f 7319 7333 7334
f 7333 7335 7334
f 7334 7335 7336
f 7336 7337 7334
f 7337 7338 7334
f 7334 7338 7331
f 7338 7339 7331
f 7331 7339 7329
f 7330 7340 7331
f 7340 7341 7331
f 7331 7341 7327
f 7341 7342 7327
f 7327 7342 7328
f 7205 7343 7344
f 7344 7345 7205
f 7345 7346 7205
f 7205 7346 7208
f 7346 7347 7208
f 7208 7347 7225
f 7204 7348 7205
f 7348 7349 7205
f 7205 7349 7343
f 7349 7350 7343
f 7343 7350 7351
f 7350 7198 7351
f 7351 7198 7352
f 7198 7200 7352
f 7352 7200 7353
f 7200 7354 7353
f 7221 7355 7220
f 7355 7356 7220
f 7220 7356 7200
f 7356 7357 7200
f 7200 7357 7354
f 7173 7172 7242
f 7172 7358 7242
f 7358 7359 7242
f 7242 7359 7241
f 7359 7360 7241
f 7241 7360 7244
f 7361 7362 7363
f 7258 7364 7259
f 7364 7365 7259
f 7259 7365 7361
f 7365 7366 7361
f 7361 7366 7362
f 7363 7367 7361
f 7367 7368 7361
f 7361 7368 7173
f 7368 7369 7173
f 7173 7369 7171
f 7370 7371 7372
f 7371 7373 7372
f 7372 7373 7268
f 7373 7374 7268
f 7268 7374 7269
f 7268 6970 7372
f 6970 7183 7372
f 7372 7183 7370
f 7183 7375 7370
f 7376 7377 7170
f 7377 7378 7170
f 7170 7378 7168
f 7379 7380 7381
f 7380 7263 7381
f 7381 7263 7382
f 7263 7262 7382
f 7379 7383 7380
f 7383 7384 7380
f 7380 7384 7385
f 7386 7387 7170
f 7387 7388 7170
f 7170 7388 7376
f 7389 7390 7391
f 7390 7392 7391
f 7391 7392 7296
f 7392 7393 7296
f 7296 7393 7297
f 7389 7391 7394
f 7391 7195 7394
f 7394 7195 7395
f 7167 7166 7189
f 7166 7396 7189
f 7189 7396 7397
f 7397 7398 7189
f 7398 7399 7189
f 7189 7399 7195
f 7399 7400 7195
f 7195 7400 7395
f 7316 7315 7167
f 7315 7401 7167
f 7167 7401 7165
f 7402 7403 7287
f 7403 7404 7287
f 7287 7404 7289
f 7405 7406 7407
f 7406 7408 7407
f 7409 7410 7411
f 7411 7412 7409
f 7412 7413 7409
f 7409 7413 7414
f 7408 7415 7407
f 7415 7416 7407
f 7407 7416 7417
f 7418 7296 7176
f 7296 7298 7176
f 7176 7298 7305
f 7419 7420 7175
f 7420 7421 7175
f 7175 7421 7176
f 7421 7422 7176
f 7176 7422 7418
f 7290 7423 6949
f 7423 7424 6949
f 6949 7424 7174
f 7424 7425 7174
f 7174 7425 7175
f 7425 7426 7175
f 7175 7426 7419
f 7427 7428 7429
f 7278 7181 7430
f 7181 7180 7430
f 7430 7180 7431
f 7429 7428 7180
f 7428 7432 7180
f 7180 7432 7431
f 7433 7434 7435
f 7434 7436 7435
f 7435 7436 7429
f 7436 7437 7429
f 7429 7437 7427
f 7409 7438 7439
f 7438 7440 7439
f 7439 7440 7441
f 7414 7402 7409
f 7402 7287 7409
f 7409 7287 7179
f 7287 6956 7179
f 7179 6956 7177
f 7442 7443 7179
f 7443 7444 7179
f 7444 7445 7179
f 7179 7445 7409
f 7445 7446 7409
f 7409 7446 7438
f 7277 7447 7178
f 7447 7448 7178
f 7178 7448 7179
f 7448 7449 7179
f 7179 7449 7442
f 7450 7451 7452
f 7451 7453 7452
f 7452 7453 7454
f 7453 7455 7454
f 7456 7457 7458
f 7457 7459 7458
f 7458 7459 7460
f 7459 7461 7460
f 7460 7461 7462
f 7463 7464 7465
f 7464 7466 7465
f 7465 7466 7467
f 7468 7469 7470
f 7469 7471 7470
f 7467 7472 7465
f 7472 7473 7465
f 7465 7473 7469
f 7473 7474 7469
f 7469 7474 7471
f 7468 7475 7469
f 7475 7476 7469
f 7469 7476 7458
f 7476 7477 7458
f 7458 7477 7456
f 7478 7479 7480
f 7479 7481 7480
f 7450 7482 7451
f 7482 7483 7451
f 7451 7483 7484
f 7385 7386 7380
f 7386 7170 7380
f 7380 7170 7453
f 7170 7460 7453
f 7453 7460 7455
f 7460 7462 7455
f 7441 7433 7439
f 7433 7435 7439
f 7439 7435 7409
f 7435 7480 7409
f 6968 7265 7180
f 7265 7263 7180
f 7180 7263 7429
f 7263 7380 7429
f 7429 7380 7435
f 7380 7453 7435
f 7435 7453 7480
f 7453 7451 7480
f 7480 7451 7478
f 7451 7484 7478
f 7236 7184 7237
f 7184 7186 7237
f 7237 7186 7242
f 7186 7319 7242
f 7242 7319 7173
f 7319 7334 7173
f 7173 7334 7361
f 7463 7465 7481
f 7465 7485 7481
f 7481 7485 7480
f 7485 7407 7480
f 7480 7407 7409
f 7407 7417 7409
f 7409 7417 7410
f 7331 7469 7334
f 7469 7458 7334
f 7334 7458 7361
f 7458 7460 7361
f 7361 7460 7259
f 7460 7170 7259
f 7259 7170 7183
f 7170 7169 7183
f 7183 7169 7375
f 7230 7231 7233
f 7231 7212 7233
f 7233 7212 7327
f 7212 7220 7327
f 7327 7220 7331
f 7220 7200 7331
f 7331 7200 7469
f 7200 7195 7469
f 7469 7195 7465
f 7195 7391 7465
f 7465 7391 7485
f 7391 7296 7485
f 7485 7296 7407
f 7296 7418 7407
f 7407 7418 7405
f 7486 7487 7488
f 7487 7489 7488
f 7490 7491 7492
f 7491 7493 7492
f 7492 7493 7494
f 7493 7495 7494
f 7495 7496 7494
f 7494 7496 7497
f 7496 7498 7497
f 7497 7498 7499
f 7498 7500 7499
f 7499 7500 7501
f 7500 7502 7501
f 7501 7502 7486
f 7502 7487 7486
f 7503 7504 7490
f 7504 7491 7490
f 7505 7506 7507
f 7506 7508 7507
f 7488 7489 7509
f 7489 7510 7509
f 7509 7510 7511
f 7510 7512 7511
f 7511 7512 7513
f 7512 7514 7513
f 7514 7515 7513
f 7513 7515 7516
f 7515 7517 7516
f 7516 7517 7518
f 7517 7519 7518
f 7518 7519 7505
f 7519 7506 7505
f 7520 7521 7522
f 7521 7504 7522
f 7522 7504 7503
f 7523 7524 7525
f 7524 7526 7525
f 7525 7526 7522
f 7526 7527 7522
f 7522 7527 7520
f 7528 7529 7530
f 7529 7531 7530
f 7530 7531 7532
f 7528 7533 7529
f 7533 7534 7529
f 7529 7534 7525
f 7534 7535 7525
f 7525 7535 7523
f 7536 7537 7538
f 7537 7539 7538
f 7538 7539 7540
f 7536 7541 7537
f 7541 7542 7537
f 7537 7542 7531
f 7542 7543 7531
f 7531 7543 7532
f 7544 7545 6913
f 6913 7546 7544
f 7546 7547 7544
f 7544 7547 7539
f 7547 7548 7539
f 7539 7548 7540
f 7549 7020 7550
f 7549 7550 7551
f 7550 7552 7551
f 7551 7552 7553
f 7552 7554 7553
f 7553 7554 7555
f 7556 7557 7558
f 7557 7559 7558
f 7558 7559 7554
f 7559 7560 7554
f 7554 7560 7555
f 7556 7558 7561
f 7558 7562 7561
f 7561 7562 7563
f 7564 7565 7566
f 7565 7567 7566
f 7566 7567 7562
f 7567 7568 7562
f 7562 7568 7563
f 7564 7566 7569
f 7566 7570 7569
f 7569 7570 7571
f 7572 7573 7574
f 7573 7575 7574
f 7574 7575 7570
f 7575 7576 7570
f 7570 7576 7571
f 7572 7574 7577
f 7574 7507 7577
f 7577 7507 7508
f 7578 7579 7076
f 7076 7080 7578
f 7080 7079 7578
f 7578 7079 7545
f 7079 7078 7545
f 7545 7078 6913
f 7580 7581 7070
f 7070 7074 7580
f 7074 7073 7580
f 7580 7073 7579
f 7073 7077 7579
f 7579 7077 7076
f 7582 7583 7064
f 7064 7068 7582
f 7068 7067 7582
f 7582 7067 7581
f 7067 7071 7581
f 7581 7071 7070
f 7584 7585 7058
f 7058 7062 7584
f 7062 7061 7584
f 7584 7061 7583
f 7061 7065 7583
f 7583 7065 7064
f 7052 7056 7586
f 7056 7055 7586
f 7586 7055 7585
f 7055 7059 7585
f 7585 7059 7058
f 7586 7587 7052
f 7587 7588 7052
f 7052 7588 7053
f 7588 7589 7053
f 7053 7589 7049
f 7049 7589 7050
f 7589 7590 7050
f 7050 7590 7046
f 7046 7590 7047
f 7590 7591 7047
f 7047 7591 7043
f 7043 7591 7044
f 7591 7592 7044
f 7044 7592 7040
f 7040 7592 7041
f 7592 7593 7041
f 7041 7593 7037
f 7037 7593 7038
f 7593 7594 7038
f 7038 7594 7034
f 7034 7594 7035
f 7594 7595 7035
f 7035 7595 7031
f 7031 7595 7032
f 7595 7596 7032
f 7032 7596 7028
f 7028 7596 7029
f 7596 7597 7029
f 7029 7597 7025
f 7025 7597 7026
f 7597 7598 7026
f 7026 7598 7022
f 7022 7598 7023
f 7598 7550 7023
f 7023 7550 7020
f 7599 7600 7601
f 7600 7602 7601
f 7601 7602 7603
f 7602 7604 7603
f 7603 7604 7605
f 7604 7606 7605
f 7605 7606 7607
f 7606 7608 7607
f 7607 7608 7609
f 7608 7610 7609
f 7609 7610 7611
f 7610 7612 7611
f 7611 7612 7613
f 7612 7614 7613
f 7613 7614 7615
f 7614 7616 7615
f 7615 7616 7617
f 7616 7618 7617
f 7617 7618 7619
f 7618 7620 7619
f 7619 7620 7621
f 7620 7622 7621
f 7621 7622 7623
f 7622 7624 7623
f 7623 7624 7625
f 7624 7626 7625
f 7625 7626 7627
f 7626 7628 7627
f 7627 7628 7629
f 7628 7630 7629
f 7629 7630 7631
f 7630 7632 7631
f 7631 7632 7633
f 7632 7634 7633
f 7633 7634 7635
f 7634 7636 7635
f 7635 7636 7637
f 7636 7638 7637
f 7637 7638 7639
f 7638 7640 7639
f 7639 7640 7641
f 7640 7642 7641
f 7641 7642 7643
f 7642 7644 7643
f 7643 7644 7645
f 7644 7646 7645
f 7645 7646 7599
f 7646 7600 7599
f 7647 7648 7649
f 7650 7651 7652
f 7651 7653 7652
f 7654 7655 7656
f 7655 7657 7656
f 7656 7657 7658
f 7659 7660 7661
f 7660 7662 7661
f 7661 7662 7663
f 7662 7649 7663
f 7653 7664 7652
f 7664 7665 7652
f 7652 7665 7666
f 7665 7667 7666
f 7658 7657 7668
f 7657 7649 7668
f 7668 7649 7666
f 7649 7662 7666
f 7666 7662 7652
f 7669 7670 7671
f 7670 7672 7671
f 7671 7672 7673
f 7672 7674 7673
f 7670 7675 7676
f 7677 7678 7676
f 7678 7647 7676
f 7676 7647 7670
f 7647 7649 7670
f 7670 7649 7672
f 7649 7657 7672
f 7679 7680 7681
f 7680 7682 7681
f 7683 7684 7685
f 7685 7686 7683
f 7686 7687 7683
f 7683 7687 7688
f 7687 7689 7688
f 7690 7691 7687
f 7691 7692 7687
f 7687 7692 7689
f 7693 7694 7695
f 7694 7696 7695
f 7695 7696 7697
f 7697 7696 7698
f 7696 7699 7698
f 7698 7699 7700
f 7700 7699 7701
f 7699 7702 7701
f 7701 7702 7703
f 7703 7702 7704
f 7702 7705 7704
f 7704 7705 7706
f 7706 7705 7707
f 7705 7708 7707
f 7707 7708 7709
f 7709 7708 7710
f 7708 7711 7710
f 7710 7711 7712
f 7713 7714 7715
f 7716 7717 7718
f 7695 7719 7693
f 7697 7698 7720
f 7721 7722 7723
f 7722 7724 7723
f 7723 7724 7725
f 7724 7726 7725
f 7727 7728 7729
f 7712 7728 7710
f 7728 7727 7710
f 7710 7727 7709
f 7727 7730 7709
f 7709 7730 7707
f 7707 7730 7706
f 7730 7731 7706
f 7706 7731 7704
f 7704 7731 7703
f 7731 7732 7703
f 7703 7732 7701
f 7720 7698 7732
f 7698 7700 7732
f 7732 7700 7701
f 7719 7695 7733
f 7695 7697 7733
f 7697 7720 7733
f 7733 7720 7734
f 7720 7732 7734
f 7734 7732 7735
f 7736 7737 7738
f 7737 7739 7738
f 7738 7739 7740
f 7739 7741 7740
f 7740 7741 7742
f 7741 7743 7742
f 7742 7743 7735
f 7716 7744 7745
f 7744 7746 7745
f 7745 7746 7747
f 7746 7748 7747
f 7717 7716 7749
f 7750 7713 7751
f 7713 7718 7751
f 7751 7718 7752
f 7718 7717 7752
f 7752 7717 7753
f 7717 7749 7753
f 7753 7749 7754
f 7755 7756 7749
f 7756 7757 7749
f 7749 7757 7754
f 7758 7759 7755
f 7759 7760 7755
f 7755 7760 7756
f 7761 7762 7763
f 7762 7764 7763
f 7763 7764 7758
f 7764 7765 7758
f 7758 7765 7759
f 7725 7766 7723
f 7766 7767 7723
f 7723 7767 7721
f 7767 7768 7721
f 7748 7769 7747
f 7769 7766 7747
f 7747 7766 7770
f 7766 7725 7770
f 7770 7725 7771
f 7725 7726 7771
f 7771 7726 7772
f 7748 7773 7769
f 7773 7774 7769
f 7769 7774 7766
f 7774 7736 7766
f 7766 7736 7767
f 7736 7738 7767
f 7767 7738 7768
f 7738 7740 7768
f 7716 7745 7749
f 7745 7747 7749
f 7749 7747 7755
f 7747 7770 7755
f 7755 7770 7758
f 7770 7771 7758
f 7758 7771 7763
f 7771 7772 7763
f 7763 7772 7761
f 7735 7732 7742
f 7732 7731 7742
f 7742 7731 7740
f 7731 7730 7740
f 7740 7730 7768
f 7730 7727 7768
f 7768 7727 7721
f 7727 7729 7721
f 7721 7729 7722
f 7775 7715 7776
f 7715 7750 7776
f 7776 7750 7777
f 7750 7751 7777
f 7777 7751 7778
f 7751 7752 7778
f 7778 7752 7779
f 7752 7753 7779
f 7779 7753 7780
f 7753 7754 7780
f 7780 7754 7781
f 7754 7757 7781
f 7781 7757 7756
f 7761 7782 7762
f 7782 7783 7762
f 7762 7783 7764
f 7783 7784 7764
f 7764 7784 7765
f 7784 7785 7765
f 7765 7785 7759
f 7785 7786 7759
f 7759 7786 7787
f 7786 7788 7787
f 7787 7788 7756
f 7788 7789 7756
f 7756 7789 7781
f 7776 7790 7775
f 7791 7792 7793
f 7792 7794 7793
f 7795 7796 7797
f 7796 7798 7797
f 7799 7800 7801
f 7802 7803 7804
f 7803 7805 7804
f 7782 7802 7783
f 7802 7804 7783
f 7783 7804 7784
f 7804 7806 7784
f 7784 7806 7785
f 7785 7806 7786
f 7806 7807 7786
f 7786 7807 7808
f 7808 7807 7789
f 7807 7809 7789
f 7789 7809 7781
f 7777 7778 7810
f 7778 7779 7810
f 7810 7779 7809
f 7779 7780 7809
f 7809 7780 7781
f 7790 7776 7811
f 7776 7777 7811
f 7777 7810 7811
f 7811 7810 7812
f 7810 7809 7812
f 7812 7809 7813
f 7814 7815 7816
f 7815 7817 7816
f 7816 7817 7818
f 7817 7819 7818
f 7818 7819 7820
f 7819 7821 7820
f 7820 7821 7813
f 7822 7823 7824
f 7823 7825 7824
f 7824 7825 7826
f 7827 7828 7829
f 7828 7830 7829
f 7829 7830 7831
f 7830 7822 7831
f 7831 7822 7832
f 7822 7824 7832
f 7832 7824 7833
f 7824 7826 7833
f 7833 7826 7834
f 7835 7836 7826
f 7836 7837 7826
f 7826 7837 7834
f 7838 7839 7835
f 7839 7840 7835
f 7835 7840 7836
f 7794 7841 7793
f 7841 7842 7793
f 7793 7842 7838
f 7842 7843 7838
f 7838 7843 7839
f 7797 7844 7845
f 7844 7846 7845
f 7795 7797 7801
f 7797 7845 7801
f 7801 7845 7799
f 7845 7846 7799
f 7799 7846 7847
f 7798 7848 7797
f 7848 7849 7797
f 7797 7849 7844
f 7849 7850 7844
f 7844 7850 7851
f 7825 7852 7853
f 7852 7854 7853
f 7853 7854 7850
f 7854 7855 7850
f 7850 7855 7851
f 7855 7856 7851
f 7851 7856 7844
f 7856 7814 7844
f 7844 7814 7846
f 7814 7816 7846
f 7846 7816 7847
f 7816 7818 7847
f 7825 7853 7826
f 7853 7850 7826
f 7826 7850 7835
f 7850 7849 7835
f 7835 7849 7838
f 7849 7848 7838
f 7838 7848 7793
f 7848 7798 7793
f 7793 7798 7791
f 7813 7809 7820
f 7809 7807 7820
f 7820 7807 7818
f 7807 7806 7818
f 7818 7806 7847
f 7806 7804 7847
f 7847 7804 7799
f 7804 7805 7799
f 7799 7805 7800
f 7857 7827 7858
f 7827 7829 7858
f 7858 7829 7859
f 7829 7831 7859
f 7859 7831 7860
f 7831 7832 7860
f 7860 7832 7861
f 7832 7833 7861
f 7861 7833 7862
f 7833 7834 7862
f 7862 7834 7863
f 7834 7837 7863
f 7863 7837 7836
f 7794 7864 7841
f 7864 7865 7841
f 7841 7865 7842
f 7865 7866 7842
f 7842 7866 7843
f 7866 7867 7843
f 7843 7867 7839
f 7867 7868 7839
f 7839 7868 7840
f 7868 7869 7840
f 7840 7869 7836
f 7869 7870 7836
f 7836 7870 7863
f 7871 7872 7873
f 7874 7875 7876
f 7876 7875 7877
f 7858 7878 7857
f 7879 7880 7881
f 7880 7882 7881
f 7883 7884 7885
f 7884 7886 7885
f 7887 7888 7889
f 7890 7891 7892
f 7891 7893 7892
f 7864 7890 7865
f 7890 7892 7865
f 7865 7892 7866
f 7892 7894 7866
f 7866 7894 7867
f 7867 7894 7868
f 7894 7895 7868
f 7868 7895 7869
f 7869 7895 7870
f 7895 7896 7870
f 7870 7896 7863
f 7859 7860 7897
f 7860 7861 7897
f 7897 7861 7896
f 7861 7862 7896
f 7896 7862 7863
f 7898 7858 7899
f 7858 7859 7899
f 7859 7897 7899
f 7899 7897 7900
f 7897 7896 7900
f 7900 7896 7877
f 7876 7901 7874
f 7901 7873 7874
f 7874 7873 7902
f 7873 7872 7902
f 7903 7904 7905
f 7904 7906 7905
f 7905 7906 7907
f 7908 7909 7910
f 7909 7911 7910
f 7910 7911 7912
f 7911 7903 7912
f 7912 7903 7913
f 7903 7905 7913
f 7913 7905 7914
f 7905 7907 7914
f 7915 7916 7907
f 7916 7917 7907
f 7907 7917 7914
f 7918 7919 7915
f 7919 7920 7915
f 7915 7920 7916
f 7882 7921 7881
f 7921 7922 7881
f 7881 7922 7918
f 7922 7923 7918
f 7918 7923 7919
f 7885 7924 7925
f 7924 7926 7925
f 7883 7885 7889
f 7885 7925 7889
f 7889 7925 7887
f 7925 7926 7887
f 7887 7926 7927
f 7886 7928 7885
f 7928 7929 7885
f 7885 7929 7924
f 7929 7930 7924
f 7924 7930 7931
f 7906 7932 7933
f 7932 7934 7933
f 7933 7934 7930
f 7934 7935 7930
f 7930 7935 7931
f 7935 7936 7931
f 7931 7936 7924
f 7936 7871 7924
f 7924 7871 7926
f 7871 7873 7926
f 7926 7873 7927
f 7873 7901 7927
f 7906 7933 7907
f 7933 7930 7907
f 7907 7930 7915
f 7930 7929 7915
f 7915 7929 7918
f 7929 7928 7918
f 7918 7928 7881
f 7928 7886 7881
f 7881 7886 7879
f 7877 7896 7876
f 7896 7895 7876
f 7876 7895 7901
f 7895 7894 7901
f 7901 7894 7927
f 7894 7892 7927
f 7927 7892 7887
f 7892 7893 7887
f 7887 7893 7888
f 7937 7908 7938
f 7908 7910 7938
f 7938 7910 7939
f 7910 7912 7939
f 7939 7912 7940
f 7912 7913 7940
f 7940 7913 7941
f 7913 7914 7941
f 7941 7914 7942
f 7914 7917 7942
f 7942 7917 7943
f 7917 7916 7943
f 7943 7916 7944
f 7916 7920 7944
f 7944 7920 7945
f 7920 7919 7945
f 7945 7919 7946
f 7919 7923 7946
f 7946 7923 7947
f 7923 7922 7947
f 7947 7922 7948
f 7922 7921 7948
f 7948 7921 7949
f 7921 7882 7949
f 7950 7951 7952
f 7953 7954 7955
f 7955 7954 7956
f 7938 7957 7937
f 7939 7940 7958
f 7959 7960 7961
f 7962 7963 7964
f 7963 7965 7964
f 7964 7965 7966
f 7965 7960 7966
f 7967 7968 7969
f 7949 7968 7948
f 7968 7967 7948
f 7948 7967 7947
f 7967 7970 7947
f 7947 7970 7946
f 7946 7970 7945
f 7970 7971 7945
f 7945 7971 7944
f 7944 7971 7943
f 7971 7972 7943
f 7943 7972 7942
f 7958 7940 7972
f 7940 7941 7972
f 7972 7941 7942
f 7957 7938 7973
f 7938 7939 7973
f 7939 7958 7973
f 7973 7958 7974
f 7958 7972 7974
f 7974 7972 7956
f 7955 7975 7953
f 7975 7952 7953
f 7953 7952 7976
f 7952 7951 7976
f 7977 7978 7979
f 7978 7980 7979
f 7979 7980 7981
f 7982 7983 7984
f 7983 7985 7984
f 7984 7985 7986
f 7985 7977 7986
f 7986 7977 7987
f 7977 7979 7987
f 7987 7979 7988
f 7979 7981 7988
f 7989 7990 7981
f 7990 7991 7981
f 7981 7991 7988
f 7992 7993 7989
f 7993 7994 7989
f 7989 7994 7990
f 7995 7996 7997
f 7996 7998 7997
f 7997 7998 7992
f 7998 7999 7992
f 7992 7999 7993
f 7966 8000 7964
f 8000 8001 7964
f 7964 8001 7962
f 8001 8002 7962
f 7960 7959 7966
f 7959 8003 7966
f 7966 8003 8000
f 8003 8004 8000
f 8000 8004 8005
f 7980 8006 8007
f 8006 8008 8007
f 8007 8008 8004
f 8008 8009 8004
f 8004 8009 8005
f 8009 8010 8005
f 8005 8010 8000
f 8010 7950 8000
f 8000 7950 8001
f 7950 7952 8001
f 8001 7952 8002
f 7952 7975 8002
f 7980 8007 7981
f 8007 8004 7981
f 7981 8004 7989
f 8004 8003 7989
f 7989 8003 7992
f 8003 7959 7992
f 7992 7959 7997
f 7959 7961 7997
f 7997 7961 7995
f 7956 7972 7955
f 7972 7971 7955
f 7955 7971 7975
f 7971 7970 7975
f 7975 7970 8002
f 7970 7967 8002
f 8002 7967 7962
f 7967 7969 7962
f 7962 7969 7963
f 7982 7984 8011
f 7984 8012 8011
f 7984 7986 8012
f 7986 7987 8012
f 8012 7987 8013
f 7987 7988 8013
f 7988 7991 8013
f 8013 7991 8014
f 7991 7990 8014
f 7990 7994 8014
f 8014 7994 8015
f 7994 7993 8015
f 7993 7999 8015
f 8015 7999 8016
f 7999 7998 8016
f 8016 7998 8017
f 7998 7996 8017
f 8017 7996 7995
f 8018 8019 8020
f 8019 8021 8020
f 8020 8021 8022
f 8023 8020 8024
f 8020 8025 8024
f 8022 8026 8020
f 8026 8027 8020
f 8020 8027 8025
f 8028 8029 8030
f 8029 8031 8030
f 7772 7726 8032
f 7726 7724 8032
f 8032 7724 8033
f 7724 7722 8033
f 8033 7722 7729
f 7961 7960 8034
f 7960 7965 8034
f 8034 7965 8035
f 7965 7963 8035
f 8035 7963 7969
f 8036 8037 8038
f 8037 8039 8038
f 8036 8038 8040
f 8038 8017 8040
f 8040 8017 8034
f 8017 7995 8034
f 8034 7995 7961
f 8039 8041 8038
f 8041 8042 8038
f 8038 8042 8043
f 8042 8044 8043
f 8045 8046 7761
f 7800 7805 8047
f 7805 7803 8047
f 8045 7761 8048
f 8044 8049 8043
f 8049 8050 8043
f 8043 8050 7711
f 8046 8051 7761
f 8051 8052 7761
f 7761 8052 8053
f 7803 7802 8047
f 7802 7782 8047
f 8047 7782 8054
f 7782 7761 8054
f 8054 7761 8055
f 7761 8056 8055
f 7729 7728 8033
f 7728 7712 8033
f 8033 7712 8057
f 7712 7711 8057
f 8057 7711 8058
f 7711 8050 8058
f 7889 8059 7883
f 8059 8060 7883
f 7883 8060 7884
f 8060 7886 7884
f 7798 7796 8061
f 7796 7795 8061
f 8061 7795 8047
f 7795 7801 8047
f 8047 7801 7800
f 7772 8032 7761
f 8032 8062 7761
f 7761 8062 8048
f 8053 8063 7761
f 8063 8064 7761
f 7761 8064 8056
f 7882 7880 8060
f 7880 7879 8060
f 8060 7879 7886
f 7889 7888 8059
f 7888 7893 8059
f 8059 7893 7891
f 7794 7792 8061
f 7792 7791 8061
f 8061 7791 7798
f 8065 8066 8067
f 7891 7890 8059
f 7890 7864 8059
f 8059 7864 8068
f 7864 7794 8068
f 8065 8067 8069
f 8066 8070 8067
f 8070 8071 8067
f 8067 8071 8072
f 8073 8074 8075
f 8072 8073 8067
f 8073 8075 8067
f 8067 8075 8076
f 8075 8077 8076
f 7969 7968 8035
f 7968 7949 8035
f 8035 7949 8078
f 7949 7882 8078
f 8078 7882 8067
f 7882 8060 8067
f 8067 8060 8069
f 7794 8061 8068
f 8061 8079 8068
f 8068 8079 8080
f 8080 8081 8068
f 8081 8082 8068
f 8068 8082 8083
f 8084 8085 8086
f 8083 8084 8068
f 8084 8086 8068
f 8068 8086 8087
f 8086 8088 8087
f 8055 8056 8089
f 8083 8082 8090
f 8087 8088 8091
f 8065 8069 8092
f 8072 8071 8093
f 8076 8077 8094
f 8040 8034 8095
f 8041 8039 8096
f 8058 8050 8097
f 8098 8046 8045
f 8046 8098 8051
f 8098 8099 8051
f 8051 8099 8052
f 8099 8100 8052
f 8052 8100 8053
f 8101 8102 8103
f 8102 8104 8103
f 8103 8104 8105
f 8104 8106 8105
f 8105 8106 8107
f 8106 8108 8107
f 8107 8108 8109
f 8108 8110 8109
f 8109 8110 8111
f 8110 8112 8111
f 8113 8114 8115
f 8116 8101 8117
f 8101 8103 8117
f 8117 8103 8118
f 8103 8105 8118
f 8118 8105 8119
f 8105 8107 8119
f 8119 8107 8120
f 8107 8109 8120
f 8120 8109 8115
f 8109 8111 8115
f 8115 8111 8113
f 8121 8122 8123
f 8124 8116 8125
f 8116 8117 8125
f 8125 8117 8126
f 8117 8118 8126
f 8126 8118 8127
f 8118 8119 8127
f 8127 8119 8128
f 8119 8120 8128
f 8128 8120 8123
f 8120 8115 8123
f 8123 8115 8121
f 8115 8114 8121
f 8033 8057 8129
f 8057 8130 8129
f 8129 8130 8131
f 8132 8124 8133
f 8124 8125 8133
f 8133 8125 8134
f 8125 8126 8134
f 8134 8126 8135
f 8126 8127 8135
f 8135 8127 8136
f 8127 8128 8136
f 8136 8128 8131
f 8128 8123 8131
f 8131 8123 8129
f 8123 8122 8129
f 8129 8122 8033
f 8137 8097 8138
f 8097 8050 8138
f 8138 8050 8049
f 8139 8132 8140
f 8132 8133 8140
f 8140 8133 8141
f 8133 8134 8141
f 8141 8134 8142
f 8134 8135 8142
f 8142 8135 8143
f 8135 8136 8143
f 8143 8136 8137
f 8136 8131 8137
f 8137 8131 8097
f 8131 8130 8097
f 8097 8130 8058
f 8130 8057 8058
f 8144 8145 8146
f 8145 8044 8146
f 8146 8044 8042
f 8147 8139 8148
f 8139 8140 8148
f 8148 8140 8149
f 8140 8141 8149
f 8149 8141 8150
f 8141 8142 8150
f 8150 8142 8151
f 8142 8143 8151
f 8151 8143 8144
f 8143 8137 8144
f 8144 8137 8145
f 8137 8138 8145
f 8145 8138 8044
f 8138 8049 8044
f 8152 8096 8153
f 8096 8039 8153
f 8153 8039 8037
f 8154 8147 8155
f 8147 8148 8155
f 8155 8148 8156
f 8148 8149 8156
f 8156 8149 8157
f 8149 8150 8157
f 8157 8150 8158
f 8150 8151 8158
f 8158 8151 8152
f 8151 8144 8152
f 8152 8144 8096
f 8144 8146 8096
f 8096 8146 8041
f 8146 8042 8041
f 8036 8159 8160
f 8159 8161 8160
f 8162 8154 8163
f 8154 8155 8163
f 8163 8155 8164
f 8155 8156 8164
f 8164 8156 8165
f 8156 8157 8165
f 8165 8157 8166
f 8157 8158 8166
f 8166 8158 8161
f 8158 8152 8161
f 8161 8152 8160
f 8152 8153 8160
f 8160 8153 8036
f 8153 8037 8036
f 8167 8095 8168
f 8095 8034 8168
f 8168 8034 8035
f 8169 8162 8170
f 8162 8163 8170
f 8170 8163 8171
f 8163 8164 8171
f 8171 8164 8172
f 8164 8165 8172
f 8172 8165 8173
f 8165 8166 8173
f 8173 8166 8167
f 8166 8161 8167
f 8167 8161 8095
f 8161 8159 8095
f 8095 8159 8040
f 8159 8036 8040
f 8078 8067 8174
f 8067 8175 8174
f 8174 8175 8176
f 8177 8169 8178
f 8169 8170 8178
f 8178 8170 8179
f 8170 8171 8179
f 8179 8171 8180
f 8171 8172 8180
f 8180 8172 8181
f 8172 8173 8181
f 8181 8173 8176
f 8173 8167 8176
f 8176 8167 8174
f 8167 8168 8174
f 8174 8168 8078
f 8168 8035 8078
f 8182 8094 8183
f 8094 8077 8183
f 8183 8077 8075
f 8184 8177 8185
f 8177 8178 8185
f 8185 8178 8186
f 8178 8179 8186
f 8186 8179 8187
f 8179 8180 8187
f 8187 8180 8188
f 8180 8181 8188
f 8188 8181 8182
f 8181 8176 8182
f 8182 8176 8094
f 8176 8175 8094
f 8094 8175 8076
f 8175 8067 8076
f 8189 8190 8191
f 8190 8074 8191
f 8191 8074 8073
f 8192 8184 8193
f 8184 8185 8193
f 8193 8185 8194
f 8185 8186 8194
f 8194 8186 8195
f 8186 8187 8195
f 8195 8187 8196
f 8187 8188 8196
f 8196 8188 8189
f 8188 8182 8189
f 8189 8182 8190
f 8182 8183 8190
f 8190 8183 8074
f 8183 8075 8074
f 8197 8093 8198
f 8093 8071 8198
f 8198 8071 8070
f 8199 8192 8200
f 8192 8193 8200
f 8200 8193 8201
f 8193 8194 8201
f 8201 8194 8202
f 8194 8195 8202
f 8202 8195 8203
f 8195 8196 8203
f 8203 8196 8197
f 8196 8189 8197
f 8197 8189 8093
f 8189 8191 8093
f 8093 8191 8072
f 8191 8073 8072
f 8066 8204 8205
f 8204 8206 8205
f 8207 8199 8208
f 8199 8200 8208
f 8208 8200 8209
f 8200 8201 8209
f 8209 8201 8210
f 8201 8202 8210
f 8210 8202 8211
f 8202 8203 8211
f 8211 8203 8206
f 8203 8197 8206
f 8206 8197 8205
f 8197 8198 8205
f 8205 8198 8066
f 8198 8070 8066
f 8212 8092 8213
f 8092 8069 8213
f 8213 8069 8060
f 8214 8207 8215
f 8207 8208 8215
f 8215 8208 8216
f 8208 8209 8216
f 8216 8209 8217
f 8209 8210 8217
f 8217 8210 8218
f 8210 8211 8218
f 8218 8211 8212
f 8211 8206 8212
f 8212 8206 8092
f 8206 8204 8092
f 8092 8204 8065
f 8204 8066 8065
f 8059 8068 8219
f 8068 8220 8219
f 8219 8220 8221
f 8222 8214 8223
f 8214 8215 8223
f 8223 8215 8224
f 8215 8216 8224
f 8224 8216 8225
f 8216 8217 8225
f 8225 8217 8226
f 8217 8218 8226
f 8226 8218 8221
f 8218 8212 8221
f 8221 8212 8219
f 8212 8213 8219
f 8219 8213 8059
f 8213 8060 8059
f 8227 8091 8228
f 8091 8088 8228
f 8228 8088 8086
f 8229 8222 8230
f 8222 8223 8230
f 8230 8223 8231
f 8223 8224 8231
f 8231 8224 8232
f 8224 8225 8232
f 8232 8225 8233
f 8225 8226 8233
f 8233 8226 8227
f 8226 8221 8227
f 8227 8221 8091
f 8221 8220 8091
f 8091 8220 8087
f 8220 8068 8087
f 8234 8235 8236
f 8235 8085 8236
f 8236 8085 8084
f 8237 8229 8238
f 8229 8230 8238
f 8238 8230 8239
f 8230 8231 8239
f 8239 8231 8240
f 8231 8232 8240
f 8240 8232 8241
f 8232 8233 8241
f 8241 8233 8234
f 8233 8227 8234
f 8234 8227 8235
f 8227 8228 8235
f 8235 8228 8085
f 8228 8086 8085
f 8242 8090 8243
f 8090 8082 8243
f 8243 8082 8081
f 7620 8237 8244
f 8237 8238 8244
f 8244 8238 8245
f 8238 8239 8245
f 8245 8239 8246
f 8239 8240 8246
f 8246 8240 8247
f 8240 8241 8247
f 8247 8241 8242
f 8241 8234 8242
f 8242 8234 8090
f 8234 8236 8090
f 8090 8236 8083
f 8236 8084 8083
f 8080 8248 8249
f 8248 8250 8249
f 8251 7620 8252
f 7620 8244 8252
f 8252 8244 8253
f 8244 8245 8253
f 8253 8245 8254
f 8245 8246 8254
f 8254 8246 8255
f 8246 8247 8255
f 8255 8247 8250
f 8247 8242 8250
f 8250 8242 8249
f 8242 8243 8249
f 8249 8243 8080
f 8243 8081 8080
f 8079 8061 8256
f 8061 8257 8256
f 8256 8257 8258
f 7624 8251 8259
f 8251 8252 8259
f 8259 8252 8260
f 8252 8253 8260
f 8260 8253 8261
f 8253 8254 8261
f 8261 8254 8262
f 8254 8255 8262
f 8262 8255 8258
f 8255 8250 8258
f 8258 8250 8256
f 8250 8248 8256
f 8256 8248 8079
f 8248 8080 8079
f 8263 8264 8265
f 8266 7624 8267
f 7624 8259 8267
f 8267 8259 8268
f 8259 8260 8268
f 8268 8260 8269
f 8260 8261 8269
f 8269 8261 8270
f 8261 8262 8270
f 8270 8262 8265
f 8262 8258 8265
f 8265 8258 8263
f 8258 8257 8263
f 8271 8089 8272
f 8089 8056 8272
f 8272 8056 8064
f 8273 8266 8274
f 8266 8267 8274
f 8274 8267 8275
f 8267 8268 8275
f 8275 8268 8276
f 8268 8269 8276
f 8276 8269 8277
f 8269 8270 8277
f 8277 8270 8271
f 8270 8265 8271
f 8271 8265 8089
f 8265 8264 8089
f 8089 8264 8055
f 8264 8263 8055
f 8055 8263 8054
f 8263 8257 8054
f 8054 8257 8047
f 8257 8061 8047
f 8063 8053 8278
f 8053 8100 8278
f 8278 8100 8112
f 8100 8099 8112
f 8112 8099 8111
f 8099 8098 8111
f 8111 8098 8113
f 8098 8045 8113
f 8113 8045 8114
f 8045 8048 8114
f 8114 8048 8121
f 8048 8062 8121
f 8121 8062 8122
f 8062 8032 8122
f 8122 8032 8033
f 8102 8273 8104
f 8273 8274 8104
f 8104 8274 8106
f 8274 8275 8106
f 8106 8275 8108
f 8275 8276 8108
f 8108 8276 8110
f 8276 8277 8110
f 8110 8277 8112
f 8277 8271 8112
f 8112 8271 8278
f 8271 8272 8278
f 8278 8272 8063
f 8272 8064 8063

