# https://github.com/mikedh/trimesh

o FR3_Version2_Link7_3-mesh
v -0.02866437 -0.03073260 0.09145752
v -0.02234457 -0.03705239 0.09280001
v -0.02969839 -0.02969858 0.09165007
v -0.03705239 -0.02234457 0.09280001
v -0.03073242 -0.02866455 0.09145755
v -0.02770082 -0.03169615 0.09089307
v -0.02687341 -0.03252356 0.08999517
v -0.02204562 -0.03735135 0.09275236
v -0.02623851 -0.03315846 0.08882502
v -0.02623856 -0.03315841 0.08317501
v -0.02104685 -0.03835012 0.08160826
v -0.02583943 -0.03355754 0.08453767
v -0.02100107 -0.03839590 0.08210000
v -0.02570329 -0.03369369 0.08600000
v -0.02129418 -0.03810279 0.09208464
v -0.02150691 -0.03789005 0.09238549
v -0.02176165 -0.03763532 0.09261184
v -0.02199685 -0.03740012 0.08026474
v -0.02167282 -0.03772415 0.08045456
v -0.03315832 -0.02623865 0.08882512
v -0.03252340 -0.02687356 0.08999527
v -0.03169598 -0.02770100 0.09089315
v -0.02570329 -0.03369369 0.08600007
v -0.02100107 -0.03839590 0.09090001
v -0.02583941 -0.03355756 0.08746232
v -0.02103476 -0.03836221 0.09132280
v -0.02113412 -0.03826285 0.09172438
v -0.02452154 -0.03487543 0.07953914
v -0.02447708 -0.03491989 0.07971881
v -0.02687347 -0.03252350 0.08200486
v -0.02440548 -0.03499149 0.07987997
v -0.02431031 -0.03508666 0.08001456
v -0.02419635 -0.03520062 0.08011583
v -0.02406931 -0.03532766 0.08017869
v -0.03740012 -0.02199685 0.09273526
v -0.03772415 -0.02167282 0.09254545
v -0.03355745 -0.02583952 0.08746245
v -0.03800239 -0.02139458 0.09224350
v -0.03821590 -0.02118107 0.09185000
v -0.02139458 -0.03800239 0.08075650
v -0.02118107 -0.03821590 0.08115001
v -0.02393556 -0.03546140 0.08020002
v -0.02234457 -0.03705239 0.08020002
v -0.03826285 -0.02113412 0.08127562
v -0.03810279 -0.02129418 0.08091537
v -0.03355747 -0.02583950 0.08453779
v -0.03315837 -0.02623860 0.08317511
v -0.03735135 -0.02204562 0.08024765
v -0.03705239 -0.02234457 0.08020002
v -0.03546140 -0.02393556 0.08020002
v -0.03532766 -0.02406931 0.08017869
v -0.03491989 -0.02447708 0.07971881
v -0.03487543 -0.02452154 0.07953914
v -0.03252347 -0.02687350 0.08200496
v -0.03486140 -0.02453557 0.07940001
v -0.03169606 -0.02770092 0.08110704
v -0.03322874 -0.02616823 0.07940001
v -0.03073251 -0.02866447 0.08054261
v -0.03146361 -0.02793336 0.07940001
v -0.02969849 -0.02969849 0.08035006
v -0.02969849 -0.02969849 0.07940001
v -0.02866446 -0.03073251 0.08054256
v -0.02793336 -0.03146361 0.07940001
v -0.02770090 -0.03169607 0.08110698
v -0.02616823 -0.03322874 0.07940001
v -0.02453557 -0.03486140 0.07940001
v -0.03835012 -0.02104685 0.09139177
v -0.03839590 -0.02100107 0.09090001
v -0.03369359 -0.02570338 0.08600013
v -0.03839590 -0.02100107 0.08210000
v -0.03836221 -0.02103476 0.08167723
v -0.03789005 -0.02150691 0.08061454
v -0.03763532 -0.02176165 0.08038816
v -0.03520062 -0.02419635 0.08011583
v -0.03508666 -0.02431031 0.08001456
v -0.03499149 -0.02440548 0.07987997
v -0.03413996 -0.02313569 0.08011583
v -0.03426700 -0.02300865 0.08017869
v -0.03108756 -0.02618809 0.08341909
v -0.03440074 -0.02287491 0.08020002
v -0.03599174 -0.02128391 0.08020002
v -0.03118547 -0.02609018 0.08378170
v -0.03633946 -0.02093619 0.08026474
v -0.03666349 -0.02061216 0.08045456
v -0.02618809 -0.03108756 0.08341909
v -0.02609018 -0.03118547 0.08378170
v -0.02093619 -0.03633946 0.08026474
v -0.02044626 -0.03682939 0.09238549
v -0.02023352 -0.03704213 0.09208464
v -0.02618809 -0.03108756 0.08858094
v -0.03728946 -0.01998619 0.08160826
v -0.03121877 -0.02605689 0.08416697
v -0.03733524 -0.01994041 0.08210000
v -0.03121877 -0.02605689 0.08783303
v -0.03733524 -0.01994041 0.09090001
v -0.03118547 -0.02609018 0.08821833
v -0.03108756 -0.02618809 0.08858094
v -0.03694174 -0.02033391 0.08075650
v -0.03715524 -0.02012041 0.08115001
v -0.03093078 -0.02634487 0.08310048
v -0.03380074 -0.02347490 0.07940001
v -0.03381477 -0.02346088 0.07953914
v -0.02128391 -0.03599174 0.08020002
v -0.02287491 -0.03440074 0.08020002
v -0.02300865 -0.03426700 0.08017869
v -0.01998619 -0.03728946 0.08160826
v -0.02012041 -0.03715524 0.08115001
v -0.01994041 -0.03733524 0.08210000
v -0.02605689 -0.03121877 0.08416697
v -0.01994041 -0.03733524 0.09090001
v -0.02605689 -0.03121877 0.08783303
v -0.02609018 -0.03118547 0.08821833
v -0.01997410 -0.03730155 0.09132280
v -0.02007346 -0.03720219 0.09172438
v -0.02033391 -0.03694174 0.08075650
v -0.02061216 -0.03666349 0.08045456
v -0.03629069 -0.02098496 0.09275236
v -0.03093078 -0.02634487 0.08889953
v -0.03599174 -0.02128391 0.09280001
v -0.03037682 -0.02689883 0.08958809
v -0.03730155 -0.01997410 0.09132280
v -0.03720219 -0.02007346 0.09172438
v -0.03704213 -0.02023352 0.09208464
v -0.02313569 -0.03413996 0.08011583
v -0.02324965 -0.03402600 0.08001456
v -0.02634487 -0.03093078 0.08310048
v -0.02334482 -0.03393083 0.07987997
v -0.02341642 -0.03385923 0.07971881
v -0.02128391 -0.03599174 0.09280001
v -0.02098496 -0.03629069 0.09275236
v -0.02070099 -0.03657466 0.09261184
v -0.03682939 -0.02044626 0.09238549
v -0.03657466 -0.02070099 0.09261184
v -0.03385923 -0.02341642 0.07971881
v -0.03393083 -0.02334482 0.07987997
v -0.03402600 -0.02324965 0.08001456
v -0.03216808 -0.02510757 0.07940001
v -0.03037682 -0.02689883 0.08241193
v -0.03040295 -0.02687270 0.07940001
v -0.02972289 -0.02755276 0.08192965
v -0.02863783 -0.02863783 0.07940001
v -0.02346088 -0.03381477 0.07953914
v -0.02347490 -0.03380074 0.07940001
v -0.02689883 -0.03037682 0.08241193
v -0.02510757 -0.03216808 0.07940001
v -0.02755276 -0.02972289 0.08192965
v -0.02687270 -0.03040295 0.07940001
v -0.02826907 -0.02900658 0.08168139
v -0.02900658 -0.02826907 0.08168139
v -0.02634487 -0.03093078 0.08889953
v -0.02689883 -0.03037682 0.08958809
v -0.02755276 -0.02972289 0.09007035
v -0.02826907 -0.02900658 0.09031863
v -0.02900658 -0.02826907 0.09031863
v -0.02972289 -0.02755276 0.09007035
v -0.03394112 -0.02347595 0.07930001
v -0.03486037 -0.02439519 0.07930001
v -0.03394112 -0.02347595 0.07935000
v -0.03486037 -0.02439519 0.07935000
v -0.02347595 -0.03394112 0.07930001
v -0.02439519 -0.03486037 0.07930001
v -0.02517828 -0.03223879 0.07930001
v -0.02609752 -0.03315803 0.07930001
v -0.02694341 -0.03047366 0.07930001
v -0.02786265 -0.03139290 0.07930001
v -0.02870854 -0.02870854 0.07930001
v -0.02962777 -0.02962777 0.07930001
v -0.03047366 -0.02694341 0.07930001
v -0.03139290 -0.02786265 0.07930001
v -0.03223879 -0.02517828 0.07930001
v -0.03315803 -0.02609752 0.07930001
v -0.03394112 -0.02347595 0.07930001
v -0.03486037 -0.02439519 0.07930001
v -0.02347595 -0.03394112 0.07935000
v -0.02439519 -0.03486037 0.07935000
v -0.02347595 -0.03394112 0.07930001
v -0.02439519 -0.03486037 0.07930001
v -0.02438189 -0.03487366 0.07951690
v -0.02346265 -0.03395442 0.07951690
v -0.02437537 -0.03488018 0.07954325
v -0.02345613 -0.03396094 0.07954325
v -0.02434267 -0.03491288 0.07967543
v -0.02342343 -0.03399364 0.07967543
v -0.02432162 -0.03493392 0.07972277
v -0.02340239 -0.03401469 0.07972277
v -0.02427948 -0.03497607 0.07981762
v -0.02336024 -0.03405683 0.07981762
v -0.02423750 -0.03501805 0.07987700
v -0.02331826 -0.03409881 0.07987700
v -0.02419551 -0.03506004 0.07993637
v -0.02327627 -0.03414080 0.07993637
v -0.02412844 -0.03512710 0.07999598
v -0.02320920 -0.03420787 0.07999598
v -0.02409496 -0.03516059 0.08002573
v -0.02317572 -0.03424135 0.08002573
v -0.02400150 -0.03525405 0.08007197
v -0.02308226 -0.03433481 0.08007197
v -0.02398287 -0.03527268 0.08008120
v -0.02306362 -0.03435345 0.08008120
v -0.02386486 -0.03539069 0.08010000
v -0.02294561 -0.03447145 0.08010000
v -0.02135463 -0.03606245 0.08010000
v -0.02227386 -0.03698168 0.08010000
v -0.02098860 -0.03642847 0.08016816
v -0.02190784 -0.03734771 0.08016816
v -0.02064752 -0.03676955 0.08036795
v -0.02156676 -0.03768879 0.08036795
v -0.02035463 -0.03706245 0.08068579
v -0.02127387 -0.03798168 0.08068579
v -0.02012988 -0.03728719 0.08110000
v -0.02104912 -0.03820643 0.08110000
v -0.01998860 -0.03742847 0.08158236
v -0.02090784 -0.03834771 0.08158236
v -0.01994041 -0.03747666 0.08210000
v -0.02085965 -0.03839590 0.08210000
v -0.01994041 -0.03747666 0.09090001
v -0.02085965 -0.03839590 0.09090001
v -0.01997587 -0.03744120 0.09134504
v -0.02089511 -0.03836044 0.09134504
v -0.02008046 -0.03733660 0.09176777
v -0.02099970 -0.03825585 0.09176777
v -0.02024895 -0.03716812 0.09214698
v -0.02116819 -0.03808736 0.09214698
v -0.02047288 -0.03694419 0.09246367
v -0.02139212 -0.03786343 0.09246367
v -0.02074102 -0.03667605 0.09270195
v -0.02166026 -0.03759529 0.09270195
v -0.02103993 -0.03637714 0.09284987
v -0.02195917 -0.03729637 0.09284987
v -0.02135463 -0.03606245 0.09290001
v -0.02227386 -0.03698168 0.09290001
v -0.03606245 -0.02135463 0.09290001
v -0.03698168 -0.02227386 0.09290001
v -0.03637714 -0.02103993 0.09284987
v -0.03734771 -0.02190784 0.09283185
v -0.03642684 -0.02099023 0.09282528
v -0.03667605 -0.02074102 0.09270195
v -0.03768879 -0.02156676 0.09263205
v -0.03676535 -0.02065172 0.09262259
v -0.03694419 -0.02047288 0.09246367
v -0.03798168 -0.02127387 0.09231422
v -0.03705616 -0.02036091 0.09230533
v -0.03716812 -0.02024895 0.09214698
v -0.03820643 -0.02104912 0.09190001
v -0.03728050 -0.02013657 0.09189405
v -0.03733660 -0.02008046 0.09176777
v -0.03834771 -0.02090784 0.09141765
v -0.03747666 -0.01994041 0.09090001
v -0.03839590 -0.02085965 0.09090001
v -0.03744120 -0.01997587 0.09134504
v -0.03742381 -0.01999326 0.09141533
v -0.03747666 -0.01994041 0.08210000
v -0.03839590 -0.02085965 0.08210000
v -0.03743533 -0.01998174 0.08165606
v -0.03836044 -0.02089511 0.08165496
v -0.03742847 -0.01998860 0.08158236
v -0.03825585 -0.02099970 0.08123223
v -0.03732749 -0.02008959 0.08123758
v -0.03728719 -0.02012988 0.08110000
v -0.03808736 -0.02116819 0.08085302
v -0.03715872 -0.02025835 0.08086322
v -0.03706245 -0.02035463 0.08068579
v -0.03786343 -0.02139212 0.08053634
v -0.03693698 -0.02048009 0.08054964
v -0.03676955 -0.02064752 0.08036795
v -0.03759529 -0.02166026 0.08029806
v -0.03667227 -0.02074480 0.08031097
v -0.03642847 -0.02098860 0.08016816
v -0.03729637 -0.02195917 0.08015014
v -0.03637636 -0.02104071 0.08015845
v -0.03606245 -0.02135463 0.08010000
v -0.03698168 -0.02227386 0.08010000
v -0.03447145 -0.02294561 0.08010000
v -0.03539069 -0.02386486 0.08010000
v -0.03527268 -0.02398287 0.08008120
v -0.03435345 -0.02306362 0.08008120
v -0.03516059 -0.02409496 0.08002573
v -0.03424135 -0.02317572 0.08002573
v -0.03506004 -0.02419551 0.07993637
v -0.03414080 -0.02327627 0.07993637
v -0.03497607 -0.02427948 0.07981762
v -0.03405683 -0.02336024 0.07981762
v -0.03491288 -0.02434267 0.07967543
v -0.03399364 -0.02342343 0.07967543
v -0.03487366 -0.02438189 0.07951690
v -0.03395442 -0.02346265 0.07951690
v -0.02738753 -0.03186802 0.08883287
v -0.02646829 -0.03094878 0.08883287
v -0.02724055 -0.03201499 0.08853419
v -0.02632131 -0.03109576 0.08853419
v -0.02714876 -0.03210679 0.08819424
v -0.02622952 -0.03118755 0.08819424
v -0.02711754 -0.03213800 0.08783303
v -0.02619831 -0.03121877 0.08783303
v -0.03186802 -0.02738753 0.08883287
v -0.03094878 -0.02646829 0.08883287
v -0.03132679 -0.02792876 0.08950560
v -0.03040756 -0.02700952 0.08950560
v -0.03068790 -0.02856765 0.08997680
v -0.02976866 -0.02764841 0.08997680
v -0.02998805 -0.02926750 0.09021936
v -0.02906881 -0.02834826 0.09021936
v -0.02926750 -0.02998805 0.09021936
v -0.02834826 -0.02906881 0.09021936
v -0.02856765 -0.03068790 0.08997680
v -0.02764841 -0.02976866 0.08997680
v -0.02792876 -0.03132679 0.08950560
v -0.02700952 -0.03040756 0.08950560
v -0.03213800 -0.02711754 0.08783303
v -0.03121877 -0.02619831 0.08783303
v -0.03210679 -0.02714876 0.08819424
v -0.03118755 -0.02622952 0.08819424
v -0.03201499 -0.02724055 0.08853419
v -0.03109576 -0.02632131 0.08853419
v -0.03213800 -0.02711754 0.08416697
v -0.03121877 -0.02619831 0.08416697
v -0.03186802 -0.02738753 0.08316714
v -0.03094878 -0.02646829 0.08316714
v -0.03201499 -0.02724055 0.08346582
v -0.03109576 -0.02632131 0.08346582
v -0.03210679 -0.02714876 0.08380577
v -0.03118755 -0.02622952 0.08380577
v -0.02738753 -0.03186802 0.08316714
v -0.02646829 -0.03094878 0.08316714
v -0.02792876 -0.03132679 0.08249441
v -0.02700952 -0.03040756 0.08249441
v -0.02856765 -0.03068790 0.08202322
v -0.02764841 -0.02976866 0.08202322
v -0.02926750 -0.02998805 0.08178065
v -0.02834826 -0.02906881 0.08178065
v -0.02998805 -0.02926750 0.08178065
v -0.02906881 -0.02834826 0.08178065
v -0.03068790 -0.02856765 0.08202322
v -0.02976866 -0.02764841 0.08202322
v -0.03132679 -0.02792876 0.08249441
v -0.03040756 -0.02700952 0.08249441
v -0.02711754 -0.03213800 0.08416697
v -0.02619831 -0.03121877 0.08416697
v -0.02714876 -0.03210679 0.08380577
v -0.02622952 -0.03118755 0.08380577
v -0.02724055 -0.03201499 0.08346582
v -0.02632131 -0.03109576 0.08346582
v -0.03186802 -0.02738753 0.08316714
v -0.03199144 -0.02740553 0.08310048
v -0.03132679 -0.02792876 0.08249441
v -0.03143748 -0.02795949 0.08241193
v -0.03068790 -0.02856765 0.08202322
v -0.03078355 -0.02861342 0.08192965
v -0.02998805 -0.02926750 0.08178065
v -0.03006724 -0.02932973 0.08168139
v -0.02926750 -0.02998805 0.08178065
v -0.02932973 -0.03006724 0.08168139
v -0.02856765 -0.03068790 0.08202322
v -0.02861342 -0.03078355 0.08192965
v -0.02792876 -0.03132679 0.08249441
v -0.02795949 -0.03143748 0.08241193
v -0.02738753 -0.03186802 0.08316714
v -0.02740553 -0.03199144 0.08310048
v -0.02724055 -0.03201499 0.08346582
v -0.02724875 -0.03214822 0.08341909
v -0.02714876 -0.03210679 0.08380577
v -0.02715084 -0.03224613 0.08378170
v -0.02711754 -0.03213800 0.08416697
v -0.02711754 -0.03227942 0.08416697
v -0.03213800 -0.02711754 0.08416697
v -0.03227942 -0.02711754 0.08416697
v -0.03210679 -0.02714876 0.08380577
v -0.03224613 -0.02715084 0.08378170
v -0.03201499 -0.02724055 0.08346582
v -0.03214822 -0.02724875 0.08341909
v -0.02711754 -0.03227942 0.08783303
v -0.02711754 -0.03213800 0.08783303
v -0.03213800 -0.02711754 0.08783303
v -0.03227942 -0.02711754 0.08783303
v -0.02714876 -0.03210679 0.08819424
v -0.02715084 -0.03224613 0.08821833
v -0.02724055 -0.03201499 0.08853419
v -0.02724875 -0.03214822 0.08858094
v -0.02738753 -0.03186802 0.08883287
v -0.02740553 -0.03199144 0.08889953
v -0.03186802 -0.02738753 0.08883287
v -0.03199144 -0.02740553 0.08889953
v -0.03201499 -0.02724055 0.08853419
v -0.03214822 -0.02724875 0.08858094
v -0.03210679 -0.02714876 0.08819424
v -0.03224613 -0.02715084 0.08821833
v -0.02792876 -0.03132679 0.08950560
v -0.02795949 -0.03143748 0.08958809
v -0.02856765 -0.03068790 0.08997680
v -0.02861342 -0.03078355 0.09007035
v -0.02926750 -0.02998805 0.09021936
v -0.02932973 -0.03006724 0.09031863
v -0.02998805 -0.02926750 0.09021936
v -0.03006724 -0.02932973 0.09031863
v -0.03068790 -0.02856765 0.08997680
v -0.03078355 -0.02861342 0.09007035
v -0.03132679 -0.02792876 0.08950560
v -0.03143748 -0.02795949 0.08958809
v -0.02646829 -0.03094878 0.08316714
v -0.02634487 -0.03093078 0.08310048
v -0.02700952 -0.03040756 0.08249441
v -0.02689883 -0.03037682 0.08241193
v -0.02764841 -0.02976866 0.08202322
v -0.02755276 -0.02972289 0.08192965
v -0.02834826 -0.02906881 0.08178065
v -0.02826907 -0.02900658 0.08168139
v -0.02906881 -0.02834826 0.08178065
v -0.02900658 -0.02826907 0.08168139
v -0.02976866 -0.02764841 0.08202322
v -0.02972289 -0.02755276 0.08192965
v -0.03040756 -0.02700952 0.08249441
v -0.03037682 -0.02689883 0.08241193
v -0.03094878 -0.02646829 0.08316714
v -0.03093078 -0.02634487 0.08310048
v -0.02619831 -0.03121877 0.08416697
v -0.02605689 -0.03121877 0.08416697
v -0.02622952 -0.03118755 0.08380577
v -0.02609018 -0.03118547 0.08378170
v -0.02632131 -0.03109576 0.08346582
v -0.02618809 -0.03108756 0.08341909
v -0.03109576 -0.02632131 0.08346582
v -0.03108756 -0.02618809 0.08341909
v -0.03118755 -0.02622952 0.08380577
v -0.03118547 -0.02609018 0.08378170
v -0.03121877 -0.02619831 0.08416697
v -0.03121877 -0.02605689 0.08416697
v -0.02619831 -0.03121877 0.08783303
v -0.02605689 -0.03121877 0.08783303
v -0.03121877 -0.02605689 0.08783303
v -0.03121877 -0.02619831 0.08783303
v -0.02646829 -0.03094878 0.08883287
v -0.02634487 -0.03093078 0.08889953
v -0.02632131 -0.03109576 0.08853419
v -0.02618809 -0.03108756 0.08858094
v -0.02622952 -0.03118755 0.08819424
v -0.02609018 -0.03118547 0.08821833
v -0.03118755 -0.02622952 0.08819424
v -0.03118547 -0.02609018 0.08821833
v -0.03109576 -0.02632131 0.08853419
v -0.03108756 -0.02618809 0.08858094
v -0.03094878 -0.02646829 0.08883287
v -0.03093078 -0.02634487 0.08889953
v -0.03040756 -0.02700952 0.08950560
v -0.03037682 -0.02689883 0.08958809
v -0.02976866 -0.02764841 0.08997680
v -0.02972289 -0.02755276 0.09007035
v -0.02906881 -0.02834826 0.09021936
v -0.02900658 -0.02826907 0.09031863
v -0.02834826 -0.02906881 0.09021936
v -0.02826907 -0.02900658 0.09031863
v -0.02764841 -0.02976866 0.08997680
v -0.02755276 -0.02972289 0.09007035
v -0.02700952 -0.03040756 0.08950560
v -0.02689883 -0.03037682 0.08958809
v -0.03599174 -0.02128391 0.09280001
v -0.03606245 -0.02135463 0.09290001
v -0.02128391 -0.03599174 0.09280001
v -0.02135463 -0.03606245 0.09290001
v -0.03733524 -0.01994041 0.09090001
v -0.03747666 -0.01994041 0.09090001
v -0.03744120 -0.01997587 0.09134504
v -0.03730155 -0.01997410 0.09132280
v -0.03742381 -0.01999326 0.09141533
v -0.03720219 -0.02007346 0.09172438
v -0.03733660 -0.02008046 0.09176777
v -0.03728050 -0.02013657 0.09189405
v -0.03704213 -0.02023352 0.09208464
v -0.03716812 -0.02024895 0.09214698
v -0.03682939 -0.02044626 0.09238549
v -0.03705616 -0.02036091 0.09230533
v -0.03694419 -0.02047288 0.09246367
v -0.03657466 -0.02070099 0.09261184
v -0.03676535 -0.02065172 0.09262259
v -0.03667605 -0.02074102 0.09270195
v -0.03642684 -0.02099023 0.09282528
v -0.03629069 -0.02098496 0.09275236
v -0.03637714 -0.02103993 0.09284987
v -0.02103993 -0.03637714 0.09284987
v -0.02098496 -0.03629069 0.09275236
v -0.02074102 -0.03667605 0.09270195
v -0.02070099 -0.03657466 0.09261184
v -0.02047288 -0.03694419 0.09246367
v -0.02044626 -0.03682939 0.09238549
v -0.02024895 -0.03716812 0.09214698
v -0.02023352 -0.03704213 0.09208464
v -0.02008046 -0.03733660 0.09176777
v -0.02007346 -0.03720219 0.09172438
v -0.01997587 -0.03744120 0.09134504
v -0.01997410 -0.03730155 0.09132280
v -0.01994041 -0.03747666 0.09090001
v -0.01994041 -0.03733524 0.09090001
v -0.03733524 -0.01994041 0.08210000
v -0.03747666 -0.01994041 0.08210000
v -0.01994041 -0.03747666 0.08210000
v -0.01994041 -0.03733524 0.08210000
v -0.03599174 -0.02128391 0.08020002
v -0.03606245 -0.02135463 0.08010000
v -0.03637636 -0.02104071 0.08015845
v -0.03633946 -0.02093619 0.08026474
v -0.03642847 -0.02098860 0.08016816
v -0.03666349 -0.02061216 0.08045456
v -0.03667227 -0.02074480 0.08031097
v -0.03676955 -0.02064752 0.08036795
v -0.03694174 -0.02033391 0.08075650
v -0.03693698 -0.02048009 0.08054964
v -0.03706245 -0.02035463 0.08068579
v -0.03715872 -0.02025835 0.08086322
v -0.03715524 -0.02012041 0.08115001
v -0.03728719 -0.02012988 0.08110000
v -0.03732749 -0.02008959 0.08123758
v -0.03728946 -0.01998619 0.08160826
v -0.03743533 -0.01998174 0.08165606
v -0.03742847 -0.01998860 0.08158236
v -0.01998860 -0.03742847 0.08158236
v -0.01998619 -0.03728946 0.08160826
v -0.02012988 -0.03728719 0.08110000
v -0.02012041 -0.03715524 0.08115001
v -0.02035463 -0.03706245 0.08068579
v -0.02033391 -0.03694174 0.08075650
v -0.02064752 -0.03676955 0.08036795
v -0.02061216 -0.03666349 0.08045456
v -0.02098860 -0.03642847 0.08016816
v -0.02093619 -0.03633946 0.08026474
v -0.02135463 -0.03606245 0.08010000
v -0.02128391 -0.03599174 0.08020002
v -0.03440074 -0.02287491 0.08020002
v -0.03447145 -0.02294561 0.08010000
v -0.02294561 -0.03447145 0.08010000
v -0.02287491 -0.03440074 0.08020002
v -0.03387041 -0.02347595 0.07935000
v -0.03394112 -0.02347595 0.07935000
v -0.03395442 -0.02346265 0.07951690
v -0.03435345 -0.02306362 0.08008120
v -0.03426700 -0.02300865 0.08017869
v -0.03424135 -0.02317572 0.08002573
v -0.03413996 -0.02313569 0.08011583
v -0.03414080 -0.02327627 0.07993637
v -0.03402600 -0.02324965 0.08001456
v -0.03405683 -0.02336024 0.07981762
v -0.03393083 -0.02334482 0.07987997
v -0.03399364 -0.02342343 0.07967543
v -0.03385923 -0.02341642 0.07971881
v -0.03381477 -0.02346088 0.07953914
v -0.03380074 -0.02347490 0.07940001
v -0.03394112 -0.02347595 0.07930001
v -0.02347595 -0.03394112 0.07935000
v -0.02347595 -0.03394112 0.07930001
v -0.02347595 -0.03387041 0.07935000
v -0.02347490 -0.03380074 0.07940001
v -0.02346088 -0.03381477 0.07953914
v -0.02300865 -0.03426700 0.08017869
v -0.02306362 -0.03435345 0.08008120
v -0.02308226 -0.03433481 0.08007197
v -0.02313569 -0.03413996 0.08011583
v -0.02317572 -0.03424135 0.08002573
v -0.02320920 -0.03420787 0.07999598
v -0.02324965 -0.03402600 0.08001456
v -0.02327627 -0.03414080 0.07993637
v -0.02331826 -0.03409881 0.07987700
v -0.02334482 -0.03393083 0.07987997
v -0.02336024 -0.03405683 0.07981762
v -0.02340239 -0.03401469 0.07972277
v -0.02341642 -0.03385923 0.07971881
v -0.02346265 -0.03395442 0.07951690
v -0.02345613 -0.03396094 0.07954325
v -0.02342343 -0.03399364 0.07967543
v -0.02347595 -0.03387041 0.07935000
v -0.02347595 -0.03394112 0.07930001
v -0.02517828 -0.03223879 0.07930001
v -0.03387041 -0.02347595 0.07935000
v -0.03380074 -0.02347490 0.07940001
v -0.03216808 -0.02510757 0.07940001
v -0.02347490 -0.03380074 0.07940001
v -0.03394112 -0.02347595 0.07930001
v -0.03223879 -0.02517828 0.07930001
v -0.03047366 -0.02694341 0.07930001
v -0.03040295 -0.02687270 0.07940001
v -0.02870854 -0.02870854 0.07930001
v -0.02863783 -0.02863783 0.07940001
v -0.02694341 -0.03047366 0.07930001
v -0.02687270 -0.03040295 0.07940001
v -0.02510757 -0.03216808 0.07940001
v -0.03698168 -0.02227386 0.09290001
v -0.03705239 -0.02234457 0.09280001
v -0.02227386 -0.03698168 0.09290001
v -0.02234457 -0.03705239 0.09280001
v -0.03734771 -0.02190784 0.09283185
v -0.03740012 -0.02199685 0.09273526
v -0.03768879 -0.02156676 0.09263205
v -0.03772415 -0.02167282 0.09254545
v -0.03798168 -0.02127387 0.09231422
v -0.03800239 -0.02139458 0.09224350
v -0.03820643 -0.02104912 0.09190001
v -0.03821590 -0.02118107 0.09185000
v -0.03834771 -0.02090784 0.09141765
v -0.03835012 -0.02104685 0.09139177
v -0.03839590 -0.02085965 0.09090001
v -0.03839590 -0.02100107 0.09090001
v -0.02100107 -0.03839590 0.09090001
v -0.02085965 -0.03839590 0.09090001
v -0.02089511 -0.03836044 0.09134504
v -0.02103476 -0.03836221 0.09132280
v -0.02099970 -0.03825585 0.09176777
v -0.02113412 -0.03826285 0.09172438
v -0.02116819 -0.03808736 0.09214698
v -0.02129418 -0.03810279 0.09208464
v -0.02139212 -0.03786343 0.09246367
v -0.02150691 -0.03789005 0.09238549
v -0.02166026 -0.03759529 0.09270195
v -0.02176165 -0.03763532 0.09261184
v -0.02195917 -0.03729637 0.09284987
v -0.02204562 -0.03735135 0.09275236
v -0.03839590 -0.02085965 0.08210000
v -0.03839590 -0.02100107 0.08210000
v -0.02085965 -0.03839590 0.08210000
v -0.02100107 -0.03839590 0.08210000
v -0.03836044 -0.02089511 0.08165496
v -0.03836221 -0.02103476 0.08167723
v -0.03825585 -0.02099970 0.08123223
v -0.03826285 -0.02113412 0.08127562
v -0.03808736 -0.02116819 0.08085302
v -0.03810279 -0.02129418 0.08091537
v -0.03786343 -0.02139212 0.08053634
v -0.03789005 -0.02150691 0.08061454
v -0.03759529 -0.02166026 0.08029806
v -0.03763532 -0.02176165 0.08038816
v -0.03729637 -0.02195917 0.08015014
v -0.03735135 -0.02204562 0.08024765
v -0.03698168 -0.02227386 0.08010000
v -0.03705239 -0.02234457 0.08020002
v -0.02234457 -0.03705239 0.08020002
v -0.02227386 -0.03698168 0.08010000
v -0.02190784 -0.03734771 0.08016816
v -0.02199685 -0.03740012 0.08026474
v -0.02156676 -0.03768879 0.08036795
v -0.02167282 -0.03772415 0.08045456
v -0.02127387 -0.03798168 0.08068579
v -0.02139458 -0.03800239 0.08075650
v -0.02104912 -0.03820643 0.08110000
v -0.02118107 -0.03821590 0.08115001
v -0.02090784 -0.03834771 0.08158236
v -0.02104685 -0.03835012 0.08160826
v -0.03539069 -0.02386486 0.08010000
v -0.03546140 -0.02393556 0.08020002
v -0.02393556 -0.03546140 0.08020002
v -0.02386486 -0.03539069 0.08010000
v -0.03486037 -0.02439519 0.07935000
v -0.03486037 -0.02439519 0.07930001
v -0.03486037 -0.02446590 0.07935000
v -0.03486140 -0.02453557 0.07940001
v -0.03487543 -0.02452154 0.07953914
v -0.03487366 -0.02438189 0.07951690
v -0.03491288 -0.02434267 0.07967543
v -0.03491989 -0.02447708 0.07971881
v -0.03497607 -0.02427948 0.07981762
v -0.03499149 -0.02440548 0.07987997
v -0.03506004 -0.02419551 0.07993637
v -0.03508666 -0.02431031 0.08001456
v -0.03516059 -0.02409496 0.08002573
v -0.03520062 -0.02419635 0.08011583
v -0.03527268 -0.02398287 0.08008120
v -0.03532766 -0.02406931 0.08017869
v -0.02446590 -0.03486037 0.07935000
v -0.02439519 -0.03486037 0.07935000
v -0.02438189 -0.03487366 0.07951690
v -0.02452154 -0.03487543 0.07953914
v -0.02453557 -0.03486140 0.07940001
v -0.02437537 -0.03488018 0.07954325
v -0.02447708 -0.03491989 0.07971881
v -0.02434267 -0.03491288 0.07967543
v -0.02432162 -0.03493392 0.07972277
v -0.02440548 -0.03499149 0.07987997
v -0.02427948 -0.03497607 0.07981762
v -0.02431031 -0.03508666 0.08001456
v -0.02423750 -0.03501805 0.07987700
v -0.02419551 -0.03506004 0.07993637
v -0.02412844 -0.03512710 0.07999598
v -0.02419635 -0.03520062 0.08011583
v -0.02398287 -0.03527268 0.08008120
v -0.02406931 -0.03532766 0.08017869
v -0.02400150 -0.03525405 0.08007197
v -0.02409496 -0.03516059 0.08002573
v -0.02439519 -0.03486037 0.07930001
v -0.02446590 -0.03486037 0.07935000
v -0.02453557 -0.03486140 0.07940001
v -0.02616823 -0.03322874 0.07940001
v -0.03486037 -0.02446590 0.07935000
v -0.03486037 -0.02439519 0.07930001
v -0.03315803 -0.02609752 0.07930001
v -0.02609752 -0.03315803 0.07930001
v -0.02439519 -0.03486037 0.07930001
v -0.02793336 -0.03146361 0.07940001
v -0.02786265 -0.03139290 0.07930001
v -0.02969849 -0.02969849 0.07940001
v -0.02962777 -0.02962777 0.07930001
v -0.03146361 -0.02793336 0.07940001
v -0.03139290 -0.02786265 0.07930001
v -0.03322874 -0.02616823 0.07940001
v -0.03486140 -0.02453557 0.07940001
v -0.02530649 -0.03574942 0.07900000
v -0.02521055 -0.03581715 0.07900000
v -0.02311326 -0.03371986 0.07900000
v -0.03371986 -0.02311326 0.07900000
v -0.03581715 -0.02521055 0.07900000
v -0.03326194 -0.02849708 0.07900000
v -0.02950787 -0.03236859 0.07900000
v -0.04126273 -0.01498655 0.08757711
v -0.04128732 -0.01491868 0.08769274
v -0.04149362 -0.01433489 0.08738218
v -0.04131370 -0.01484548 0.08777156
v -0.04143513 -0.01450312 0.08761074
v -0.04147978 -0.01437490 0.08758366
v -0.04146454 -0.01441881 0.08768052
v -0.04140262 -0.01459563 0.08782896
v -0.04142274 -0.01453846 0.08780381
v -0.04144395 -0.01447788 0.08775618
v -0.04133480 -0.01478661 0.08781131
v -0.04135597 -0.01472732 0.08783265
v -0.04137594 -0.01467111 0.08783929
v -0.04126923 -0.01496865 0.08670044
v -0.04125381 -0.01501112 0.08679161
v -0.04148964 -0.01434643 0.08693052
v -0.04123958 -0.01505015 0.08696170
v -0.04149658 -0.01432632 0.08720009
v -0.04123576 -0.01506061 0.08713922
v -0.04124308 -0.01504056 0.08739352
v -0.04147509 -0.01438843 0.08677295
v -0.04145741 -0.01443929 0.08667659
v -0.04143363 -0.01450739 0.08659800
v -0.04133832 -0.01477678 0.08653627
v -0.04131602 -0.01483903 0.08656417
v -0.04136703 -0.01469621 0.08652436
v -0.04139300 -0.01462291 0.08653373
v -0.04141249 -0.01456763 0.08655561
v -0.04129341 -0.01490183 0.08661396
v -0.04134777 -0.01504532 0.08679161
v -0.04131299 -0.01514055 0.08625802
v -0.04133355 -0.01508435 0.08696170
v -0.04132973 -0.01509482 0.08713922
v -0.04136320 -0.01500285 0.08670044
v -0.04138737 -0.01493603 0.08661396
v -0.04135820 -0.01501663 0.08610193
v -0.04140998 -0.01487323 0.08656417
v -0.04139881 -0.01490432 0.08601342
v -0.04143229 -0.01481098 0.08653627
v -0.04143799 -0.01479503 0.08596322
v -0.04146100 -0.01473041 0.08652436
v -0.04149351 -0.01463859 0.08593995
v -0.04148698 -0.01465711 0.08653373
v -0.04155210 -0.01447147 0.08596202
v -0.04160289 -0.01432477 0.08602475
v -0.04150646 -0.01460184 0.08655561
v -0.04164950 -0.01418868 0.08612504
v -0.04152760 -0.01454160 0.08659800
v -0.04170579 -0.01402238 0.08632216
v -0.04155139 -0.01447350 0.08667659
v -0.04173660 -0.01393040 0.08649197
v -0.04156907 -0.01442264 0.08677295
v -0.04176361 -0.01384920 0.08674373
v -0.04158362 -0.01438063 0.08693052
v -0.04177769 -0.01380671 0.08716281
v -0.04159057 -0.01436052 0.08720009
v -0.04176724 -0.01383826 0.08754126
v -0.04158760 -0.01436910 0.08738218
v -0.04174025 -0.01391947 0.08782814
v -0.04157376 -0.01440910 0.08758366
v -0.04169593 -0.01405167 0.08806653
v -0.04155852 -0.01445301 0.08768052
v -0.04164216 -0.01421020 0.08823817
v -0.04153792 -0.01451209 0.08775618
v -0.04158818 -0.01436743 0.08834356
v -0.04151671 -0.01457266 0.08780381
v -0.04152156 -0.01455884 0.08840870
v -0.04149660 -0.01462983 0.08782896
v -0.04146661 -0.01471463 0.08842370
v -0.04146992 -0.01470531 0.08783929
v -0.04139362 -0.01491871 0.08839573
v -0.04144994 -0.01476152 0.08783265
v -0.04133477 -0.01508101 0.08832672
v -0.04142877 -0.01482081 0.08781131
v -0.04128076 -0.01522821 0.08821576
v -0.04140767 -0.01487968 0.08777156
v -0.04121599 -0.01540266 0.08800380
v -0.04138129 -0.01495289 0.08769274
v -0.04116889 -0.01552811 0.08774817
v -0.04135670 -0.01502075 0.08757711
v -0.04115658 -0.01556070 0.08765081
v -0.04133705 -0.01507476 0.08739352
v -0.04111558 -0.01566872 0.08704020
v -0.04110825 -0.01568795 0.08654567
v -0.04113070 -0.01562898 0.08573655
v -0.04132678 -0.01510289 0.08581672
v -0.04117497 -0.01551199 0.08529571
v -0.04135202 -0.01503366 0.08550265
v -0.04122580 -0.01537640 0.08503756
v -0.04137171 -0.01497937 0.08538792
v -0.04129303 -0.01519492 0.08482854
v -0.04139916 -0.01490333 0.08529177
v -0.04135208 -0.01503348 0.08471553
v -0.04142010 -0.01484503 0.08524608
v -0.04142185 -0.01484016 0.08464415
v -0.04144269 -0.01478187 0.08521917
v -0.04148642 -0.01465868 0.08462500
v -0.04146839 -0.01470961 0.08520942
v -0.04148332 -0.01466744 0.08521271
v -0.04155695 -0.01445751 0.08465117
v -0.04150364 -0.01460987 0.08522799
v -0.04160976 -0.01430483 0.08471496
v -0.04152180 -0.01455816 0.08525789
v -0.04165646 -0.01416824 0.08481518
v -0.04169999 -0.01403962 0.08496955
v -0.04157464 -0.01440655 0.08564773
v -0.04176237 -0.01385296 0.08555034
v -0.04156443 -0.01443599 0.08546897
v -0.04173680 -0.01392981 0.08520228
v -0.04154975 -0.01447821 0.08535759
v -0.04153619 -0.01451706 0.08529808
v -0.04132973 -0.01509482 0.08713922
v -0.04123576 -0.01506061 0.08713922
v -0.04123958 -0.01505015 0.08696170
v -0.04133355 -0.01508435 0.08696170
v -0.04125381 -0.01501112 0.08679161
v -0.04134777 -0.01504532 0.08679161
v -0.04126923 -0.01496865 0.08670044
v -0.04136320 -0.01500285 0.08670044
v -0.04129341 -0.01490183 0.08661396
v -0.04138737 -0.01493603 0.08661396
v -0.04131602 -0.01483903 0.08656417
v -0.04140998 -0.01487323 0.08656417
v -0.04133832 -0.01477678 0.08653627
v -0.04143229 -0.01481098 0.08653627
v -0.04136703 -0.01469621 0.08652436
v -0.04146100 -0.01473041 0.08652436
v -0.04146992 -0.01470531 0.08783929
v -0.04137594 -0.01467111 0.08783929
v -0.04135597 -0.01472732 0.08783265
v -0.04144994 -0.01476152 0.08783265
v -0.04133480 -0.01478661 0.08781131
v -0.04142877 -0.01482081 0.08781131
v -0.04131370 -0.01484548 0.08777156
v -0.04140767 -0.01487968 0.08777156
v -0.04128732 -0.01491868 0.08769274
v -0.04138129 -0.01495289 0.08769274
v -0.04126273 -0.01498655 0.08757711
v -0.04135670 -0.01502075 0.08757711
v -0.04124308 -0.01504056 0.08739352
v -0.04133705 -0.01507476 0.08739352
v -0.04123576 -0.01506061 0.08713922
v -0.04132973 -0.01509482 0.08713922
v -0.04159057 -0.01436052 0.08720009
v -0.04149658 -0.01432632 0.08720009
v -0.04149362 -0.01433489 0.08738218
v -0.04158760 -0.01436910 0.08738218
v -0.04147978 -0.01437490 0.08758366
v -0.04157376 -0.01440910 0.08758366
v -0.04146454 -0.01441881 0.08768052
v -0.04155852 -0.01445301 0.08768052
v -0.04144395 -0.01447788 0.08775618
v -0.04153792 -0.01451209 0.08775618
v -0.04142274 -0.01453846 0.08780381
v -0.04151671 -0.01457266 0.08780381
v -0.04140262 -0.01459563 0.08782896
v -0.04149660 -0.01462983 0.08782896
v -0.04137594 -0.01467111 0.08783929
v -0.04146992 -0.01470531 0.08783929
v -0.04146100 -0.01473041 0.08652436
v -0.04136703 -0.01469621 0.08652436
v -0.04139300 -0.01462291 0.08653373
v -0.04148698 -0.01465711 0.08653373
v -0.04141249 -0.01456763 0.08655561
v -0.04150646 -0.01460184 0.08655561
v -0.04143363 -0.01450739 0.08659800
v -0.04152760 -0.01454160 0.08659800
v -0.04145741 -0.01443929 0.08667659
v -0.04155139 -0.01447350 0.08667659
v -0.04147509 -0.01438843 0.08677295
v -0.04156907 -0.01442264 0.08677295
v -0.04148964 -0.01434643 0.08693052
v -0.04158362 -0.01438063 0.08693052
v -0.04149658 -0.01432632 0.08720009
v -0.04159057 -0.01436052 0.08720009
v -0.04176237 -0.01385296 0.08555034
v -0.04166836 -0.01381874 0.08555034
v -0.04164279 -0.01389559 0.08520228
v -0.04173680 -0.01392981 0.08520228
v -0.04160599 -0.01400541 0.08496955
v -0.04169999 -0.01403962 0.08496955
v -0.04156247 -0.01413403 0.08481518
v -0.04165646 -0.01416824 0.08481518
v -0.04151577 -0.01427062 0.08471496
v -0.04160976 -0.01430483 0.08471496
v -0.04146298 -0.01442330 0.08465117
v -0.04155695 -0.01445751 0.08465117
v -0.04139244 -0.01462448 0.08462500
v -0.04148642 -0.01465868 0.08462500
v -0.04148642 -0.01465868 0.08462500
v -0.04139244 -0.01462448 0.08462500
v -0.04132788 -0.01480596 0.08464415
v -0.04142185 -0.01484016 0.08464415
v -0.04125811 -0.01499927 0.08471553
v -0.04135208 -0.01503348 0.08471553
v -0.04119906 -0.01516072 0.08482854
v -0.04129303 -0.01519492 0.08482854
v -0.04113182 -0.01534220 0.08503756
v -0.04122580 -0.01537640 0.08503756
v -0.04108100 -0.01547778 0.08529571
v -0.04117497 -0.01551199 0.08529571
v -0.04103672 -0.01559478 0.08573655
v -0.04113070 -0.01562898 0.08573655
v -0.04101427 -0.01565374 0.08654567
v -0.04110825 -0.01568795 0.08654567
v -0.04110825 -0.01568795 0.08654567
v -0.04101427 -0.01565374 0.08654567
v -0.04102160 -0.01563451 0.08704020
v -0.04111558 -0.01566872 0.08704020
v -0.04106261 -0.01552650 0.08765081
v -0.04115658 -0.01556070 0.08765081
v -0.04107492 -0.01549390 0.08774817
v -0.04116889 -0.01552811 0.08774817
v -0.04112202 -0.01536846 0.08800380
v -0.04121599 -0.01540266 0.08800380
v -0.04118679 -0.01519401 0.08821576
v -0.04128076 -0.01522821 0.08821576
v -0.04124080 -0.01504680 0.08832672
v -0.04133477 -0.01508101 0.08832672
v -0.04129965 -0.01488451 0.08839573
v -0.04139362 -0.01491871 0.08839573
v -0.04137263 -0.01468043 0.08842370
v -0.04146661 -0.01471463 0.08842370
v -0.04146661 -0.01471463 0.08842370
v -0.04137263 -0.01468043 0.08842370
v -0.04142758 -0.01452463 0.08840870
v -0.04152156 -0.01455884 0.08840870
v -0.04149420 -0.01433322 0.08834356
v -0.04158818 -0.01436743 0.08834356
v -0.04154818 -0.01417599 0.08823817
v -0.04164216 -0.01421020 0.08823817
v -0.04160193 -0.01401745 0.08806653
v -0.04169593 -0.01405167 0.08806653
v -0.04164624 -0.01388526 0.08782814
v -0.04174025 -0.01391947 0.08782814
v -0.04167324 -0.01380404 0.08754126
v -0.04176724 -0.01383826 0.08754126
v -0.04168367 -0.01377249 0.08716281
v -0.04177769 -0.01380671 0.08716281
v -0.04177769 -0.01380671 0.08716281
v -0.04168367 -0.01377249 0.08716281
v -0.04166961 -0.01381499 0.08674373
v -0.04176361 -0.01384920 0.08674373
v -0.04164260 -0.01389618 0.08649197
v -0.04173660 -0.01393040 0.08649197
v -0.04161179 -0.01398817 0.08632216
v -0.04170579 -0.01402238 0.08632216
v -0.04155551 -0.01415447 0.08612504
v -0.04164950 -0.01418868 0.08612504
v -0.04150891 -0.01429057 0.08602475
v -0.04160289 -0.01432477 0.08602475
v -0.04145812 -0.01443726 0.08596202
v -0.04155210 -0.01447147 0.08596202
v -0.04139954 -0.01460439 0.08593995
v -0.04149351 -0.01463859 0.08593995
v -0.04149351 -0.01463859 0.08593995
v -0.04139954 -0.01460439 0.08593995
v -0.04134402 -0.01476082 0.08596322
v -0.04143799 -0.01479503 0.08596322
v -0.04130484 -0.01487011 0.08601342
v -0.04139881 -0.01490432 0.08601342
v -0.04126423 -0.01498243 0.08610193
v -0.04135820 -0.01501663 0.08610193
v -0.04121902 -0.01510635 0.08625802
v -0.04131299 -0.01514055 0.08625802
v -0.04131299 -0.01514055 0.08625802
v -0.04121902 -0.01510635 0.08625802
v -0.04123281 -0.01506869 0.08581672
v -0.04132678 -0.01510289 0.08581672
v -0.04125804 -0.01499945 0.08550265
v -0.04135202 -0.01503366 0.08550265
v -0.04127774 -0.01494517 0.08538792
v -0.04137171 -0.01497937 0.08538792
v -0.04130519 -0.01486913 0.08529177
v -0.04139916 -0.01490333 0.08529177
v -0.04132613 -0.01481083 0.08524608
v -0.04142010 -0.01484503 0.08524608
v -0.04134872 -0.01474767 0.08521917
v -0.04144269 -0.01478187 0.08521917
v -0.04137442 -0.01467541 0.08520942
v -0.04146839 -0.01470961 0.08520942
v -0.04146839 -0.01470961 0.08520942
v -0.04137442 -0.01467541 0.08520942
v -0.04138935 -0.01463324 0.08521271
v -0.04148332 -0.01466744 0.08521271
v -0.04140966 -0.01457566 0.08522799
v -0.04150364 -0.01460987 0.08522799
v -0.04142782 -0.01452395 0.08525789
v -0.04152180 -0.01455816 0.08525789
v -0.04144221 -0.01448286 0.08529808
v -0.04153619 -0.01451706 0.08529808
v -0.04145577 -0.01444400 0.08535759
v -0.04154975 -0.01447821 0.08535759
v -0.04147045 -0.01440179 0.08546897
v -0.04156443 -0.01443599 0.08546897
v -0.04148066 -0.01437235 0.08564773
v -0.04157464 -0.01440655 0.08564773
v -0.04166836 -0.01381874 0.08555034
v -0.04176237 -0.01385296 0.08555034
v -0.04148066 -0.01437235 0.08564773
v -0.04157464 -0.01440655 0.08564773
v -0.04009255 -0.01788289 0.08837500
v -0.04018675 -0.01791717 0.08837500
v -0.03981907 -0.01848382 0.08837500
v -0.03991338 -0.01851815 0.08837500
v -0.04040392 -0.01716780 0.08699691
v -0.04049802 -0.01720205 0.08699691
v -0.04009255 -0.01788289 0.08837500
v -0.04018675 -0.01791717 0.08837500
v -0.04070198 -0.01644867 0.08837500
v -0.04079601 -0.01648289 0.08837500
v -0.04040392 -0.01716780 0.08699691
v -0.04049802 -0.01720205 0.08699691
v -0.04094439 -0.01583562 0.08837500
v -0.04103838 -0.01586983 0.08837500
v -0.04080691 -0.01618659 0.08837500
v -0.04079601 -0.01648289 0.08837500
v -0.04070198 -0.01644867 0.08837500
v -0.04053179 -0.01686370 0.08641401
v -0.04062585 -0.01689793 0.08641401
v -0.04080400 -0.01618542 0.08770778
v -0.04103838 -0.01586983 0.08837500
v -0.04094439 -0.01583562 0.08837500
v -0.04090915 -0.01592644 0.08462500
v -0.04100314 -0.01596066 0.08462500
v -0.04080476 -0.01618572 0.08511992
v -0.04062585 -0.01689793 0.08641401
v -0.04053179 -0.01686370 0.08641401
v -0.04066536 -0.01653900 0.08462500
v -0.04075939 -0.01657322 0.08462500
v -0.04080691 -0.01618659 0.08462500
v -0.04100314 -0.01596066 0.08462500
v -0.04090915 -0.01592644 0.08462500
v -0.04040392 -0.01716780 0.08583036
v -0.04049802 -0.01720205 0.08583036
v -0.04066536 -0.01653900 0.08462500
v -0.04075939 -0.01657322 0.08462500
v -0.04013222 -0.01779367 0.08462500
v -0.04022641 -0.01782795 0.08462500
v -0.04040392 -0.01716780 0.08583036
v -0.04049802 -0.01720205 0.08583036
v -0.03986013 -0.01839511 0.08462500
v -0.03995442 -0.01842943 0.08462500
v -0.04013222 -0.01779367 0.08462500
v -0.04022641 -0.01782795 0.08462500
v -0.04027372 -0.01747105 0.08641401
v -0.04036786 -0.01750531 0.08641401
v -0.03986013 -0.01839511 0.08462500
v -0.03995442 -0.01842943 0.08462500
v -0.03981907 -0.01848382 0.08837500
v -0.03991338 -0.01851815 0.08837500
v -0.04027372 -0.01747105 0.08641401
v -0.04036786 -0.01750531 0.08641401
v -0.04022641 -0.01782795 0.08462500
v -0.03995442 -0.01842943 0.08462500
v -0.04049802 -0.01720205 0.08583036
v -0.04036786 -0.01750531 0.08641401
v -0.04079601 -0.01648289 0.08837500
v -0.04103838 -0.01586983 0.08837500
v -0.04049802 -0.01720205 0.08699691
v -0.04062585 -0.01689793 0.08641401
v -0.04100314 -0.01596066 0.08462500
v -0.04075939 -0.01657322 0.08462500
v -0.04018675 -0.01791717 0.08837500
v -0.03991338 -0.01851815 0.08837500
v -0.03949603 -0.01916438 0.08820002
v -0.03949603 -0.01916438 0.08480001
v -0.03959050 -0.01919876 0.08820002
v -0.03959050 -0.01919876 0.08480001
v -0.03959929 -0.01918062 0.08837803
v -0.03950483 -0.01914624 0.08837803
v -0.03962518 -0.01912708 0.08854712
v -0.03953073 -0.01909270 0.08854712
v -0.03966673 -0.01904077 0.08869880
v -0.03957230 -0.01900640 0.08869880
v -0.03972164 -0.01892595 0.08882547
v -0.03962723 -0.01889159 0.08882547
v -0.03978693 -0.01878830 0.08892077
v -0.03969256 -0.01875395 0.08892077
v -0.03985913 -0.01863463 0.08897995
v -0.03976480 -0.01860030 0.08897995
v -0.03993448 -0.01847262 0.08900000
v -0.03984017 -0.01843829 0.08900000
v -0.04174146 -0.01391583 0.08900000
v -0.04164746 -0.01388162 0.08900000
v -0.04080691 -0.01618659 0.08900000
v -0.04051984 -0.01715058 0.08900000
v -0.04179744 -0.01374677 0.08897995
v -0.04170343 -0.01371255 0.08897995
v -0.04184999 -0.01358595 0.08892077
v -0.04175597 -0.01355173 0.08892077
v -0.04189661 -0.01344150 0.08882547
v -0.04180257 -0.01340727 0.08882547
v -0.04193516 -0.01332073 0.08869880
v -0.04184111 -0.01328650 0.08869880
v -0.04196395 -0.01322978 0.08854712
v -0.04186989 -0.01319554 0.08854712
v -0.04198172 -0.01317328 0.08837803
v -0.04188765 -0.01313904 0.08837803
v -0.04198772 -0.01315412 0.08820002
v -0.04189366 -0.01311989 0.08820002
v -0.04189366 -0.01311989 0.08480001
v -0.04198772 -0.01315412 0.08480001
v -0.04198172 -0.01317328 0.08462198
v -0.04188765 -0.01313904 0.08462198
v -0.04196395 -0.01322978 0.08445289
v -0.04186989 -0.01319554 0.08445289
v -0.04193516 -0.01332073 0.08430121
v -0.04184111 -0.01328650 0.08430121
v -0.04189661 -0.01344150 0.08417454
v -0.04180257 -0.01340727 0.08417454
v -0.04184999 -0.01358595 0.08407924
v -0.04175597 -0.01355173 0.08407924
v -0.04179744 -0.01374677 0.08402006
v -0.04170343 -0.01371255 0.08402006
v -0.04174146 -0.01391583 0.08400000
v -0.04164746 -0.01388162 0.08400000
v -0.04080691 -0.01618659 0.08400000
v -0.04051984 -0.01715058 0.08400000
v -0.03984017 -0.01843829 0.08400000
v -0.03993448 -0.01847262 0.08400000
v -0.03985913 -0.01863463 0.08402006
v -0.03976480 -0.01860030 0.08402006
v -0.03978693 -0.01878830 0.08407924
v -0.03969256 -0.01875395 0.08407924
v -0.03972164 -0.01892595 0.08417454
v -0.03962723 -0.01889159 0.08417454
v -0.03966673 -0.01904077 0.08430121
v -0.03957230 -0.01900640 0.08430121
v -0.03962518 -0.01912708 0.08445289
v -0.03953073 -0.01909270 0.08445289
v -0.03959929 -0.01918062 0.08462198
v -0.03950483 -0.01914624 0.08462198
v -0.01792862 -0.03965778 0.05565196
v -0.01686616 -0.04009787 0.05215196
v -0.01811159 -0.04009951 0.05565196
v -0.01705726 -0.04055921 0.05215196
v -0.01789478 -0.04019673 0.05598000
v -0.01770919 -0.03974867 0.05598000
v -0.01776320 -0.03972630 0.05597307
v -0.01794819 -0.04017290 0.05597307
v -0.01781422 -0.03970517 0.05595265
v -0.01799862 -0.04015034 0.05595265
v -0.01785941 -0.03968645 0.05591990
v -0.01804326 -0.04013030 0.05591990
v -0.01789627 -0.03967118 0.05587661
v -0.01807966 -0.04011391 0.05587661
v -0.01792276 -0.03966021 0.05582519
v -0.01810581 -0.04010211 0.05582519
v -0.01793741 -0.03965414 0.05576850
v -0.01812026 -0.04009559 0.05576850
v -0.01793940 -0.03965332 0.05570967
v -0.01812222 -0.04009470 0.05570967
v -0.01558427 -0.04062884 0.05598000
v -0.01576986 -0.04107690 0.05598000
v -0.01554781 -0.04116146 0.05565196
v -0.01536484 -0.04071974 0.05565196
v -0.01535406 -0.04072420 0.05570967
v -0.01553689 -0.04116558 0.05570967
v -0.01535605 -0.04072338 0.05576850
v -0.01553891 -0.04116482 0.05576850
v -0.01537070 -0.04071731 0.05582519
v -0.01555374 -0.04115922 0.05582519
v -0.01539719 -0.04070634 0.05587661
v -0.01558057 -0.04114907 0.05587661
v -0.01543405 -0.04069107 0.05591990
v -0.01561789 -0.04113491 0.05591990
v -0.01547924 -0.04067235 0.05595265
v -0.01566364 -0.04111752 0.05595265
v -0.01553026 -0.04065122 0.05597307
v -0.01571525 -0.04109782 0.05597307
v -0.01642730 -0.04027965 0.05215196
v -0.01661840 -0.04074100 0.05215196
v -0.01684142 -0.04010812 0.05209549
v -0.01703257 -0.04056959 0.05209549
v -0.01680451 -0.04012340 0.05204742
v -0.01699572 -0.04058504 0.05204742
v -0.01675773 -0.04014278 0.05201076
v -0.01694901 -0.04060457 0.05201076
v -0.01670402 -0.04016503 0.05198781
v -0.01689535 -0.04062693 0.05198781
v -0.01664673 -0.04018876 0.05198000
v -0.01683807 -0.04065070 0.05198000
v -0.01658944 -0.04021249 0.05198781
v -0.01678076 -0.04067439 0.05198781
v -0.01653573 -0.04023474 0.05201076
v -0.01672701 -0.04069653 0.05201076
v -0.01648895 -0.04025411 0.05204742
v -0.01668017 -0.04071575 0.05204742
v -0.01645204 -0.04026940 0.05209549
v -0.01664319 -0.04073087 0.05209549
v -0.02700033 -0.03474164 0.05458000
v -0.02696064 -0.03464583 0.05458000
v -0.02691509 -0.03468123 0.05457373
v -0.02695477 -0.03477701 0.05457373
v -0.02687180 -0.03471479 0.05455524
v -0.02691146 -0.03481053 0.05455524
v -0.02683294 -0.03474483 0.05452545
v -0.02687259 -0.03484055 0.05452545
v -0.02680047 -0.03476988 0.05448587
v -0.02684010 -0.03486558 0.05448587
v -0.02677603 -0.03478871 0.05443847
v -0.02681566 -0.03488439 0.05443847
v -0.02676085 -0.03480039 0.05438563
v -0.02680047 -0.03489605 0.05438563
v -0.02675570 -0.03480434 0.05433000
v -0.02679533 -0.03490000 0.05433000
v -0.02980525 -0.03236738 0.05458000
v -0.02976448 -0.03226895 0.05458000
v -0.02726161 -0.03453700 0.05458000
v -0.03000080 -0.03218621 0.05433000
v -0.02995994 -0.03208756 0.05433000
v -0.02995505 -0.03209213 0.05438563
v -0.02999591 -0.03219076 0.05438563
v -0.02994062 -0.03210560 0.05443847
v -0.02998147 -0.03220422 0.05443847
v -0.02991736 -0.03212728 0.05448587
v -0.02995820 -0.03222586 0.05448587
v -0.02988643 -0.03215605 0.05452545
v -0.02992725 -0.03225461 0.05452545
v -0.02984937 -0.03219045 0.05455524
v -0.02989018 -0.03228896 0.05455524
v -0.02980803 -0.03222873 0.05457373
v -0.02984882 -0.03232720 0.05457373
v -0.02995994 -0.03208756 0.05363000
v -0.03000080 -0.03218621 0.05363000
v -0.02976448 -0.03226895 0.05338000
v -0.02980525 -0.03236738 0.05338000
v -0.02696064 -0.03464583 0.05338000
v -0.02726161 -0.03453700 0.05338000
v -0.02700033 -0.03474164 0.05338000
v -0.02679533 -0.03490000 0.05363000
v -0.02675570 -0.03480434 0.05363000
v -0.02676085 -0.03480039 0.05357437
v -0.02680047 -0.03489605 0.05357437
v -0.02677603 -0.03478871 0.05352153
v -0.02681566 -0.03488439 0.05352153
v -0.02680047 -0.03476988 0.05347413
v -0.02684010 -0.03486558 0.05347413
v -0.02683294 -0.03474483 0.05343454
v -0.02687259 -0.03484055 0.05343454
v -0.02687180 -0.03471479 0.05340476
v -0.02691146 -0.03481053 0.05340476
v -0.02691509 -0.03468123 0.05338627
v -0.02695477 -0.03477701 0.05338627
v -0.02995826 -0.03208913 0.05359726
v -0.02999912 -0.03218777 0.05359726
v -0.02995330 -0.03209377 0.05356529
v -0.02999415 -0.03219240 0.05356529
v -0.02994510 -0.03210142 0.05353436
v -0.02998587 -0.03220011 0.05353412
v -0.02993380 -0.03211196 0.05350500
v -0.02997464 -0.03221057 0.05350500
v -0.02991952 -0.03212526 0.05347767
v -0.02996036 -0.03222385 0.05347767
v -0.02990276 -0.03214086 0.05345322
v -0.02994359 -0.03223943 0.05345322
v -0.02990311 -0.03227699 0.05341349
v -0.02986230 -0.03217846 0.05341349
v -0.02985593 -0.03232064 0.05338851
v -0.02981513 -0.03222216 0.05338851
v -0.00154531 -0.04397285 0.05363000
v -0.00150445 -0.04387421 0.05363000
v -0.00151114 -0.04387398 0.05357437
v -0.00155200 -0.04397262 0.05357437
v -0.00153087 -0.04387330 0.05352153
v -0.00157172 -0.04397192 0.05352153
v -0.00156265 -0.04387218 0.05347413
v -0.00160349 -0.04397077 0.05347413
v -0.00160486 -0.04387065 0.05343454
v -0.00164569 -0.04396921 0.05343454
v -0.00165539 -0.04386878 0.05340476
v -0.00169620 -0.04396730 0.05340476
v -0.00171169 -0.04386661 0.05338627
v -0.00175248 -0.04396509 0.05338627
v -0.00177093 -0.04386426 0.05338000
v -0.00181170 -0.04396269 0.05338000
v -0.00329144 -0.04387672 0.05598000
v -0.00325115 -0.04377945 0.05598000
v -0.00319272 -0.04378374 0.05597373
v -0.00323302 -0.04388106 0.05597373
v -0.00313718 -0.04378776 0.05595524
v -0.00317751 -0.04388512 0.05595524
v -0.00308734 -0.04379130 0.05592546
v -0.00312769 -0.04388869 0.05592546
v -0.00304571 -0.04379422 0.05588587
v -0.00308606 -0.04389164 0.05588587
v -0.00301437 -0.04379639 0.05583847
v -0.00305473 -0.04389383 0.05583847
v -0.00299490 -0.04379772 0.05578563
v -0.00303527 -0.04389518 0.05578563
v -0.00298831 -0.04379817 0.05573000
v -0.00302868 -0.04389564 0.05573000
v -0.00424418 -0.04369436 0.05458000
v -0.00424418 -0.04369436 0.05573000
v -0.00428418 -0.04379093 0.05458000
v -0.00428418 -0.04379093 0.05573000
v -0.00424418 -0.04369436 0.05458000
v -0.00428418 -0.04379093 0.05458000
v -0.00543425 -0.04356235 0.05458000
v -0.00514448 -0.04369822 0.05458000
v -0.00547394 -0.04365817 0.05458000
v -0.00569125 -0.04352952 0.05363000
v -0.00569125 -0.04352952 0.05433000
v -0.00573087 -0.04362519 0.05363000
v -0.00573087 -0.04362519 0.05433000
v -0.00424418 -0.04369436 0.05223000
v -0.00424418 -0.04369436 0.05338000
v -0.00428418 -0.04379093 0.05223000
v -0.00428418 -0.04379093 0.05338000
v -0.00325115 -0.04377945 0.05198000
v -0.00329144 -0.04387672 0.05198000
v -0.00323302 -0.04388106 0.05198627
v -0.00319272 -0.04378374 0.05198627
v -0.00317751 -0.04388512 0.05200476
v -0.00313718 -0.04378776 0.05200476
v -0.00312769 -0.04388869 0.05203454
v -0.00308734 -0.04379130 0.05203454
v -0.00308606 -0.04389164 0.05207413
v -0.00304571 -0.04379422 0.05207413
v -0.00305473 -0.04389383 0.05212153
v -0.00301437 -0.04379639 0.05212153
v -0.00303527 -0.04389518 0.05217437
v -0.00299490 -0.04379772 0.05217437
v -0.00302868 -0.04389564 0.05223000
v -0.00298831 -0.04379817 0.05223000
v -0.00298831 -0.04379817 0.05338000
v -0.00302868 -0.04389564 0.05338000
v -0.00298831 -0.04379817 0.05338000
v -0.00302868 -0.04389564 0.05338000
v -0.00150445 -0.04387421 0.05433000
v -0.00154531 -0.04397285 0.05433000
v -0.00155200 -0.04397262 0.05438563
v -0.00151114 -0.04387398 0.05438563
v -0.00157172 -0.04397192 0.05443847
v -0.00153087 -0.04387330 0.05443847
v -0.00160349 -0.04397077 0.05448587
v -0.00156265 -0.04387218 0.05448587
v -0.00164569 -0.04396921 0.05452545
v -0.00160486 -0.04387065 0.05452545
v -0.00169620 -0.04396730 0.05455524
v -0.00165539 -0.04386878 0.05455524
v -0.00175248 -0.04396509 0.05457373
v -0.00171169 -0.04386661 0.05457373
v -0.00181170 -0.04396269 0.05458000
v -0.00177093 -0.04386426 0.05458000
v -0.00298831 -0.04379817 0.05458000
v -0.00302868 -0.04389564 0.05458000
v -0.00298831 -0.04379817 0.05458000
v -0.00302868 -0.04389564 0.05458000
v -0.00398373 -0.04371887 0.05598000
v -0.00402381 -0.04381562 0.05598000
v -0.00408180 -0.04381026 0.05597373
v -0.00404174 -0.04371355 0.05597373
v -0.00413686 -0.04380509 0.05595524
v -0.00409681 -0.04370842 0.05595524
v -0.00418622 -0.04380041 0.05592546
v -0.00414619 -0.04370376 0.05592546
v -0.00422743 -0.04379645 0.05588587
v -0.00418741 -0.04369983 0.05588587
v -0.00425842 -0.04379344 0.05583847
v -0.00421841 -0.04369685 0.05583847
v -0.00427766 -0.04379157 0.05578563
v -0.00423765 -0.04369499 0.05578563
v -0.00553116 -0.04365096 0.05457373
v -0.00549149 -0.04355518 0.05457373
v -0.00558549 -0.04364404 0.05455524
v -0.00554583 -0.04354829 0.05455524
v -0.00563421 -0.04363778 0.05452545
v -0.00559456 -0.04354206 0.05452545
v -0.00567487 -0.04363251 0.05448587
v -0.00563523 -0.04353681 0.05448587
v -0.00570546 -0.04362852 0.05443847
v -0.00566583 -0.04353284 0.05443847
v -0.00572444 -0.04362603 0.05438563
v -0.00568481 -0.04353037 0.05438563
v -0.00572444 -0.04362603 0.05357437
v -0.00568481 -0.04353037 0.05357437
v -0.00570546 -0.04362852 0.05352153
v -0.00566583 -0.04353284 0.05352153
v -0.00567487 -0.04363251 0.05347413
v -0.00563523 -0.04353681 0.05347413
v -0.00563421 -0.04363778 0.05343454
v -0.00559456 -0.04354206 0.05343454
v -0.00558549 -0.04364404 0.05340476
v -0.00554583 -0.04354829 0.05340476
v -0.00553116 -0.04365096 0.05338627
v -0.00549149 -0.04355518 0.05338627
v -0.00547394 -0.04365817 0.05338000
v -0.00543425 -0.04356235 0.05338000
v -0.00428418 -0.04379093 0.05338000
v -0.00424418 -0.04369436 0.05338000
v -0.00514448 -0.04369822 0.05338000
v -0.00427766 -0.04379157 0.05217437
v -0.00423765 -0.04369499 0.05217437
v -0.00425842 -0.04379344 0.05212153
v -0.00421841 -0.04369685 0.05212153
v -0.00422743 -0.04379645 0.05207413
v -0.00418741 -0.04369983 0.05207413
v -0.00418622 -0.04380041 0.05203454
v -0.00414619 -0.04370376 0.05203454
v -0.00413686 -0.04380509 0.05200476
v -0.00409681 -0.04370842 0.05200476
v -0.00408180 -0.04381026 0.05198627
v -0.00404174 -0.04371355 0.05198627
v -0.00402381 -0.04381562 0.05198000
v -0.00398373 -0.04371887 0.05198000
v -0.01696312 -0.04049028 0.06335747
v -0.01700139 -0.04058267 0.06335747
v -0.01807518 -0.04000623 0.06027899
v -0.01811346 -0.04009866 0.06027899
v -0.01567643 -0.04111265 0.05945250
v -0.01563814 -0.04102022 0.05945250
v -0.01652457 -0.04077915 0.05945250
v -0.01794784 -0.04006351 0.05945250
v -0.01798612 -0.04015594 0.05945250
v -0.01553611 -0.04116587 0.05960250
v -0.01549783 -0.04107344 0.05960250
v -0.01553732 -0.04116542 0.05958287
v -0.01549903 -0.04107299 0.05958293
v -0.01554090 -0.04116407 0.05956368
v -0.01550261 -0.04107164 0.05956368
v -0.01554683 -0.04116183 0.05954503
v -0.01550851 -0.04106940 0.05954510
v -0.01555492 -0.04115877 0.05952750
v -0.01551664 -0.04106634 0.05952750
v -0.01556510 -0.04115492 0.05951121
v -0.01552688 -0.04106246 0.05951112
v -0.01557723 -0.04115033 0.05949643
v -0.01553894 -0.04105790 0.05949643
v -0.01556801 -0.04104689 0.05947260
v -0.01560629 -0.04113932 0.05947260
v -0.01560184 -0.04103404 0.05945761
v -0.01564013 -0.04112647 0.05945761
v -0.01549783 -0.04107344 0.06055250
v -0.01553611 -0.04116587 0.06055250
v -0.01687258 -0.04063639 0.06345249
v -0.01683431 -0.04054400 0.06345249
v -0.01652457 -0.04077915 0.06345249
v -0.01593687 -0.04090509 0.06345249
v -0.01597515 -0.04099750 0.06345249
v -0.01690538 -0.04062275 0.06344823
v -0.01686711 -0.04053036 0.06344823
v -0.01693631 -0.04060987 0.06343567
v -0.01689804 -0.04051748 0.06343567
v -0.01696360 -0.04059847 0.06341553
v -0.01692534 -0.04050609 0.06341553
v -0.01698571 -0.04058923 0.06338896
v -0.01694745 -0.04049684 0.06338896
v -0.01812058 -0.04009544 0.06025200
v -0.01808229 -0.04000301 0.06025200
v -0.01812298 -0.04009436 0.06022402
v -0.01808469 -0.04000193 0.06022402
v -0.01808469 -0.04000193 0.05960250
v -0.01812298 -0.04009436 0.05960250
v -0.01811955 -0.04009591 0.05956912
v -0.01808126 -0.04000347 0.05956912
v -0.01810943 -0.04010048 0.05953742
v -0.01807114 -0.04000804 0.05953742
v -0.01809314 -0.04010783 0.05950897
v -0.01805485 -0.04001540 0.05950897
v -0.01807147 -0.04011760 0.05948522
v -0.01803319 -0.04002517 0.05948522
v -0.01804553 -0.04012928 0.05946736
v -0.01800724 -0.04003685 0.05946736
v -0.01801659 -0.04014228 0.05945626
v -0.01797831 -0.04004985 0.05945626
v -0.01553963 -0.04116454 0.06058588
v -0.01550135 -0.04107211 0.06058588
v -0.01555002 -0.04116062 0.06061758
v -0.01551173 -0.04106819 0.06061758
v -0.01556674 -0.04115430 0.06064602
v -0.01552846 -0.04106187 0.06064602
v -0.01558897 -0.04114588 0.06066978
v -0.01555068 -0.04105346 0.06066978
v -0.01561557 -0.04113580 0.06068764
v -0.01557729 -0.04104337 0.06068764
v -0.01564522 -0.04112453 0.06069874
v -0.01560694 -0.04103210 0.06069874
v -0.01567643 -0.04111265 0.06070250
v -0.01563814 -0.04102022 0.06070250
v -0.01629035 -0.04076560 0.06070250
v -0.01632862 -0.04085800 0.06070250
v -0.01635961 -0.04084560 0.06069874
v -0.01632134 -0.04075320 0.06069874
v -0.01638904 -0.04083380 0.06068764
v -0.01635077 -0.04074140 0.06068764
v -0.01641544 -0.04082320 0.06066978
v -0.01637717 -0.04073080 0.06066978
v -0.01643747 -0.04081433 0.06064602
v -0.01639920 -0.04072194 0.06064602
v -0.01645405 -0.04080765 0.06061758
v -0.01641578 -0.04071526 0.06061758
v -0.01646434 -0.04080350 0.06058588
v -0.01642607 -0.04071111 0.06058588
v -0.01646782 -0.04080209 0.06055250
v -0.01642955 -0.04070970 0.06055250
v -0.01642955 -0.04070970 0.06045250
v -0.01646782 -0.04080209 0.06045250
v -0.01686715 -0.04063864 0.06045250
v -0.01682888 -0.04054626 0.06045250
v -0.01652457 -0.04077915 0.06045250
v -0.01642955 -0.04070970 0.06045250
v -0.01646782 -0.04080209 0.06045250
v -0.01584499 -0.04104797 0.06324752
v -0.01580671 -0.04095556 0.06324752
v -0.01652342 -0.04077629 0.06139240
v -0.01682888 -0.04054626 0.06045250
v -0.01686715 -0.04063864 0.06045250
v -0.01583647 -0.04105126 0.06328276
v -0.01579819 -0.04095885 0.06328276
v -0.01583612 -0.04105140 0.06331915
v -0.01579784 -0.04095898 0.06331915
v -0.01584396 -0.04104837 0.06335457
v -0.01580568 -0.04095595 0.06335457
v -0.01585953 -0.04104236 0.06338692
v -0.01582125 -0.04094995 0.06338692
v -0.01588190 -0.04103371 0.06341430
v -0.01584362 -0.04094129 0.06341430
v -0.01590976 -0.04102291 0.06343509
v -0.01587149 -0.04093050 0.06343509
v -0.01594147 -0.04101060 0.06344808
v -0.01590319 -0.04091819 0.06344808
v -0.01699868 0.03481904 0.09670000
v -0.01627514 0.03451934 0.09670000
v -0.01549868 0.03741712 0.09670000
v -0.01549868 0.03441712 0.09670000
v -0.01472222 0.03451934 0.09670000
v -0.01839646 0.03664066 0.09670000
v -0.01809675 0.03591712 0.09670000
v -0.01762000 0.03529580 0.09670000
v -0.01809675 0.03891712 0.09670000
v -0.01839646 0.03819358 0.09670000
v -0.01849868 0.03741712 0.09670000
v -0.01627514 0.04031490 0.09670000
v -0.01699868 0.04001520 0.09670000
v -0.01762000 0.03953844 0.09670000
v -0.01399868 0.04001520 0.09670000
v -0.01472222 0.04031490 0.09670000
v -0.01549868 0.04041712 0.09670000
v -0.01260090 0.03819358 0.09670000
v -0.01290060 0.03891712 0.09670000
v -0.01337736 0.03953844 0.09670000
v -0.01290060 0.03591712 0.09670000
v -0.01260090 0.03664066 0.09670000
v -0.01249868 0.03741712 0.09670000
v -0.01399868 0.03481904 0.09670000
v -0.01337736 0.03529580 0.09670000
v 0.01399868 0.03481904 0.09670000
v 0.01472222 0.03451934 0.09670000
v 0.01549868 0.03741712 0.09670000
v 0.01549868 0.03441712 0.09670000
v 0.01627514 0.03451934 0.09670000
v 0.01260090 0.03664066 0.09670000
v 0.01290060 0.03591712 0.09670000
v 0.01337736 0.03529580 0.09670000
v 0.01290060 0.03891712 0.09670000
v 0.01260090 0.03819358 0.09670000
v 0.01249868 0.03741712 0.09670000
v 0.01472222 0.04031490 0.09670000
v 0.01399868 0.04001520 0.09670000
v 0.01337736 0.03953844 0.09670000
v 0.01699868 0.04001520 0.09670000
v 0.01627514 0.04031490 0.09670000
v 0.01549868 0.04041712 0.09670000
v 0.01839646 0.03819358 0.09670000
v 0.01809675 0.03891712 0.09670000
v 0.01762000 0.03953844 0.09670000
v 0.01809675 0.03591712 0.09670000
v 0.01839646 0.03664066 0.09670000
v 0.01849868 0.03741712 0.09670000
v 0.01699868 0.03481904 0.09670000
v 0.01762000 0.03529580 0.09670000
v 0.03591712 0.01290060 0.09670000
v 0.03664066 0.01260090 0.09670000
v 0.03741712 0.01549868 0.09670000
v 0.03741712 0.01249868 0.09670000
v 0.03819358 0.01260090 0.09670000
v 0.03451934 0.01472222 0.09670000
v 0.03481904 0.01399868 0.09670000
v 0.03529580 0.01337736 0.09670000
v 0.03481904 0.01699868 0.09670000
v 0.03451934 0.01627514 0.09670000
v 0.03441712 0.01549868 0.09670000
v 0.03664066 0.01839646 0.09670000
v 0.03591712 0.01809675 0.09670000
v 0.03529580 0.01762000 0.09670000
v 0.03891712 0.01809675 0.09670000
v 0.03819358 0.01839646 0.09670000
v 0.03741712 0.01849868 0.09670000
v 0.04031490 0.01627514 0.09670000
v 0.04001520 0.01699868 0.09670000
v 0.03953844 0.01762000 0.09670000
v 0.04001520 0.01399868 0.09670000
v 0.04031490 0.01472222 0.09670000
v 0.04041712 0.01549868 0.09670000
v 0.03891712 0.01290060 0.09670000
v 0.03953844 0.01337736 0.09670000
v 0.03591712 -0.01809675 0.09670000
v 0.03664066 -0.01839646 0.09670000
v 0.03741712 -0.01549868 0.09670000
v 0.03741712 -0.01849868 0.09670000
v 0.03819358 -0.01839646 0.09670000
v 0.03451934 -0.01627514 0.09670000
v 0.03481904 -0.01699868 0.09670000
v 0.03529580 -0.01762000 0.09670000
v 0.03481904 -0.01399868 0.09670000
v 0.03451934 -0.01472222 0.09670000
v 0.03441712 -0.01549868 0.09670000
v 0.03664066 -0.01260090 0.09670000
v 0.03591712 -0.01290060 0.09670000
v 0.03529580 -0.01337736 0.09670000
v 0.03891712 -0.01290060 0.09670000
v 0.03819358 -0.01260090 0.09670000
v 0.03741712 -0.01249868 0.09670000
v 0.04031490 -0.01472222 0.09670000
v 0.04001520 -0.01399868 0.09670000
v 0.03953844 -0.01337736 0.09670000
v 0.04001520 -0.01699868 0.09670000
v 0.04031490 -0.01627514 0.09670000
v 0.04041712 -0.01549868 0.09670000
v 0.03891712 -0.01809675 0.09670000
v 0.03953844 -0.01762000 0.09670000
v 0.01399868 -0.04001520 0.09670000
v 0.01472222 -0.04031490 0.09670000
v 0.01549868 -0.03741712 0.09670000
v 0.01549868 -0.04041712 0.09670000
v 0.01627514 -0.04031490 0.09670000
v 0.01260090 -0.03819358 0.09670000
v 0.01290060 -0.03891712 0.09670000
v 0.01337736 -0.03953844 0.09670000
v 0.01290060 -0.03591712 0.09670000
v 0.01260090 -0.03664066 0.09670000
v 0.01249868 -0.03741712 0.09670000
v 0.01472222 -0.03451934 0.09670000
v 0.01399868 -0.03481904 0.09670000
v 0.01337736 -0.03529580 0.09670000
v 0.01699868 -0.03481904 0.09670000
v 0.01627514 -0.03451934 0.09670000
v 0.01549868 -0.03441712 0.09670000
v 0.01839646 -0.03664066 0.09670000
v 0.01809675 -0.03591712 0.09670000
v 0.01762000 -0.03529580 0.09670000
v 0.01809675 -0.03891712 0.09670000
v 0.01839646 -0.03819358 0.09670000
v 0.01849868 -0.03741712 0.09670000
v 0.01699868 -0.04001520 0.09670000
v 0.01762000 -0.03953844 0.09670000
v -0.01699868 -0.04001520 0.09670000
v -0.01627514 -0.04031490 0.09670000
v -0.01549868 -0.03741712 0.09670000
v -0.01549868 -0.04041712 0.09670000
v -0.01472222 -0.04031490 0.09670000
v -0.01839646 -0.03819358 0.09670000
v -0.01809675 -0.03891712 0.09670000
v -0.01762000 -0.03953844 0.09670000
v -0.01809675 -0.03591712 0.09670000
v -0.01839646 -0.03664066 0.09670000
v -0.01849868 -0.03741712 0.09670000
v -0.01627514 -0.03451934 0.09670000
v -0.01699868 -0.03481904 0.09670000
v -0.01762000 -0.03529580 0.09670000
v -0.01399868 -0.03481904 0.09670000
v -0.01472222 -0.03451934 0.09670000
v -0.01549868 -0.03441712 0.09670000
v -0.01260090 -0.03664066 0.09670000
v -0.01290060 -0.03591712 0.09670000
v -0.01337736 -0.03529580 0.09670000
v -0.01290060 -0.03891712 0.09670000
v -0.01260090 -0.03819358 0.09670000
v -0.01249868 -0.03741712 0.09670000
v -0.01399868 -0.04001520 0.09670000
v -0.01337736 -0.03953844 0.09670000
v -0.03891712 -0.01809675 0.09670000
v -0.03819358 -0.01839646 0.09670000
v -0.03741712 -0.01549868 0.09670000
v -0.03741712 -0.01849868 0.09670000
v -0.03664066 -0.01839646 0.09670000
v -0.04031490 -0.01627514 0.09670000
v -0.04001520 -0.01699868 0.09670000
v -0.03953844 -0.01762000 0.09670000
v -0.04001520 -0.01399868 0.09670000
v -0.04031490 -0.01472222 0.09670000
v -0.04041712 -0.01549868 0.09670000
v -0.03819358 -0.01260090 0.09670000
v -0.03891712 -0.01290060 0.09670000
v -0.03953844 -0.01337736 0.09670000
v -0.03591712 -0.01290060 0.09670000
v -0.03664066 -0.01260090 0.09670000
v -0.03741712 -0.01249868 0.09670000
v -0.03451934 -0.01472222 0.09670000
v -0.03481904 -0.01399868 0.09670000
v -0.03529580 -0.01337736 0.09670000
v -0.03481904 -0.01699868 0.09670000
v -0.03451934 -0.01627514 0.09670000
v -0.03441712 -0.01549868 0.09670000
v -0.03591712 -0.01809675 0.09670000
v -0.03529580 -0.01762000 0.09670000
v -0.03891712 0.01290060 0.09670000
v -0.03819358 0.01260090 0.09670000
v -0.03741712 0.01549868 0.09670000
v -0.03741712 0.01249868 0.09670000
v -0.03664066 0.01260090 0.09670000
v -0.04031490 0.01472222 0.09670000
v -0.04001520 0.01399868 0.09670000
v -0.03953844 0.01337736 0.09670000
v -0.04001520 0.01699868 0.09670000
v -0.04031490 0.01627514 0.09670000
v -0.04041712 0.01549868 0.09670000
v -0.03819358 0.01839646 0.09670000
v -0.03891712 0.01809675 0.09670000
v -0.03953844 0.01762000 0.09670000
v -0.03591712 0.01809675 0.09670000
v -0.03664066 0.01839646 0.09670000
v -0.03741712 0.01849868 0.09670000
v -0.03451934 0.01627514 0.09670000
v -0.03481904 0.01699868 0.09670000
v -0.03529580 0.01762000 0.09670000
v -0.03481904 0.01399868 0.09670000
v -0.03451934 0.01472222 0.09670000
v -0.03441712 0.01549868 0.09670000
v -0.03591712 0.01290060 0.09670000
v -0.03529580 0.01337736 0.09670000
v 0.01628767 -0.02008522 0.09670000
v 0.01695815 -0.02036294 0.09670000
v 0.01767767 -0.01767767 0.09670000
v 0.01767767 -0.02045767 0.09670000
v 0.01839719 -0.02036294 0.09670000
v 0.01499240 -0.01839719 0.09670000
v 0.01527012 -0.01906767 0.09670000
v 0.01571191 -0.01964343 0.09670000
v 0.01527012 -0.01628767 0.09670000
v 0.01499240 -0.01695815 0.09670000
v 0.01489767 -0.01767767 0.09670000
v 0.01695815 -0.01499240 0.09670000
v 0.01628767 -0.01527012 0.09670000
v 0.01571191 -0.01571191 0.09670000
v 0.01906767 -0.01527012 0.09670000
v 0.01839719 -0.01499240 0.09670000
v 0.01767767 -0.01489767 0.09670000
v 0.02036294 -0.01695815 0.09670000
v 0.02008522 -0.01628767 0.09670000
v 0.01964343 -0.01571191 0.09670000
v 0.02008522 -0.01906767 0.09670000
v 0.02036294 -0.01839719 0.09670000
v 0.02045767 -0.01767767 0.09670000
v 0.01906767 -0.02008522 0.09670000
v 0.01964343 -0.01964343 0.09670000
v -0.01906767 -0.02008522 0.09670000
v -0.01839719 -0.02036294 0.09670000
v -0.01767767 -0.01767767 0.09670000
v -0.01767767 -0.02045767 0.09670000
v -0.01695815 -0.02036294 0.09670000
v -0.02036294 -0.01839719 0.09670000
v -0.02008522 -0.01906767 0.09670000
v -0.01964343 -0.01964343 0.09670000
v -0.02008522 -0.01628767 0.09670000
v -0.02036294 -0.01695815 0.09670000
v -0.02045767 -0.01767767 0.09670000
v -0.01839719 -0.01499240 0.09670000
v -0.01906767 -0.01527012 0.09670000
v -0.01964343 -0.01571191 0.09670000
v -0.01628767 -0.01527012 0.09670000
v -0.01695815 -0.01499240 0.09670000
v -0.01767767 -0.01489767 0.09670000
v -0.01499240 -0.01695815 0.09670000
v -0.01527012 -0.01628767 0.09670000
v -0.01571191 -0.01571191 0.09670000
v -0.01527012 -0.01906767 0.09670000
v -0.01499240 -0.01839719 0.09670000
v -0.01489767 -0.01767767 0.09670000
v -0.01628767 -0.02008522 0.09670000
v -0.01571191 -0.01964343 0.09670000
v -0.01906767 0.01527012 0.09670000
v -0.01839719 0.01499240 0.09670000
v -0.01767767 0.01767767 0.09670000
v -0.01767767 0.01489767 0.09670000
v -0.01695815 0.01499240 0.09670000
v -0.02036294 0.01695815 0.09670000
v -0.02008522 0.01628767 0.09670000
v -0.01964343 0.01571191 0.09670000
v -0.02008522 0.01906767 0.09670000
v -0.02036294 0.01839719 0.09670000
v -0.02045767 0.01767767 0.09670000
v -0.01839719 0.02036294 0.09670000
v -0.01906767 0.02008522 0.09670000
v -0.01964343 0.01964343 0.09670000
v -0.01628767 0.02008522 0.09670000
v -0.01695815 0.02036294 0.09670000
v -0.01767767 0.02045767 0.09670000
v -0.01499240 0.01839719 0.09670000
v -0.01527012 0.01906767 0.09670000
v -0.01571191 0.01964343 0.09670000
v -0.01527012 0.01628767 0.09670000
v -0.01499240 0.01695815 0.09670000
v -0.01489767 0.01767767 0.09670000
v -0.01628767 0.01527012 0.09670000
v -0.01571191 0.01571191 0.09670000
v 0.01628767 0.01527012 0.09670000
v 0.01695815 0.01499240 0.09670000
v 0.01767767 0.01767767 0.09670000
v 0.01767767 0.01489767 0.09670000
v 0.01839719 0.01499240 0.09670000
v 0.01499240 0.01695815 0.09670000
v 0.01527012 0.01628767 0.09670000
v 0.01571191 0.01571191 0.09670000
v 0.01527012 0.01906767 0.09670000
v 0.01499240 0.01839719 0.09670000
v 0.01489767 0.01767767 0.09670000
v 0.01695815 0.02036294 0.09670000
v 0.01628767 0.02008522 0.09670000
v 0.01571191 0.01964343 0.09670000
v 0.01906767 0.02008522 0.09670000
v 0.01839719 0.02036294 0.09670000
v 0.01767767 0.02045767 0.09670000
v 0.02036294 0.01839719 0.09670000
v 0.02008522 0.01906767 0.09670000
v 0.01964343 0.01964343 0.09670000
v 0.02008522 0.01628767 0.09670000
v 0.02036294 0.01695815 0.09670000
v 0.02045767 0.01767767 0.09670000
v 0.01906767 0.01527012 0.09670000
v 0.01964343 0.01571191 0.09670000
v 0.01906767 0.02008522 0.10653000
v 0.01883884 0.02068438 0.10700001
v 0.01839719 0.02036294 0.10653000
v 0.01851883 0.02081693 0.10700001
v 0.01767767 0.02045767 0.10653000
v 0.01767767 0.02092767 0.10700001
v 0.01695815 0.02036294 0.10653000
v 0.01683651 0.02081693 0.10700001
v 0.01628767 0.02008522 0.10653000
v 0.01605267 0.02049225 0.10700001
v 0.01571191 0.01964343 0.10653000
v 0.01537957 0.01997577 0.10700001
v 0.01527012 0.01906767 0.10653000
v 0.02036294 0.01839719 0.10653000
v 0.02068438 0.01883884 0.10700001
v 0.02008522 0.01906767 0.10653000
v 0.02049225 0.01930267 0.10700001
v 0.01964343 0.01964343 0.10653000
v 0.01997577 0.01997577 0.10700001
v 0.01930267 0.02049225 0.10700001
v 0.01839719 0.01499240 0.10653000
v 0.01883884 0.01467096 0.10700001
v 0.01906767 0.01527012 0.10653000
v 0.01930267 0.01486309 0.10700001
v 0.01964343 0.01571191 0.10653000
v 0.01997577 0.01537957 0.10700001
v 0.02008522 0.01628767 0.10653000
v 0.02049225 0.01605267 0.10700001
v 0.02036294 0.01695815 0.10653000
v 0.02081693 0.01683651 0.10700001
v 0.02045767 0.01767767 0.10653000
v 0.02092767 0.01767767 0.10700001
v 0.02081693 0.01851883 0.10700001
v 0.01486309 0.01930267 0.10700001
v 0.01467096 0.01883884 0.10700001
v 0.01499240 0.01839719 0.10653000
v 0.01453841 0.01851883 0.10700001
v 0.01489767 0.01767767 0.10653000
v 0.01442767 0.01767767 0.10700001
v 0.01499240 0.01695815 0.10653000
v 0.01453841 0.01683651 0.10700001
v 0.01527012 0.01628767 0.10653000
v 0.01486309 0.01605267 0.10700001
v 0.01571191 0.01571191 0.10653000
v 0.01537957 0.01537957 0.10700001
v 0.01628767 0.01527012 0.10653000
v 0.01605267 0.01486309 0.10700001
v 0.01695815 0.01499240 0.10653000
v 0.01683651 0.01453841 0.10700001
v 0.01767767 0.01489767 0.10653000
v 0.01767767 0.01442767 0.10700001
v 0.01851883 0.01453841 0.10700001
v -0.02008522 0.01906767 0.10653000
v -0.02068438 0.01883884 0.10700001
v -0.02036294 0.01839719 0.10653000
v -0.02081693 0.01851883 0.10700001
v -0.02045767 0.01767767 0.10653000
v -0.02092767 0.01767767 0.10700001
v -0.02036294 0.01695815 0.10653000
v -0.02081693 0.01683651 0.10700001
v -0.02008522 0.01628767 0.10653000
v -0.02049225 0.01605267 0.10700001
v -0.01964343 0.01571191 0.10653000
v -0.01997577 0.01537957 0.10700001
v -0.01906767 0.01527012 0.10653000
v -0.01839719 0.02036294 0.10653000
v -0.01883884 0.02068438 0.10700001
v -0.01906767 0.02008522 0.10653000
v -0.01930267 0.02049225 0.10700001
v -0.01964343 0.01964343 0.10653000
v -0.01997577 0.01997577 0.10700001
v -0.02049225 0.01930267 0.10700001
v -0.01499240 0.01839719 0.10653000
v -0.01467096 0.01883884 0.10700001
v -0.01527012 0.01906767 0.10653000
v -0.01486309 0.01930267 0.10700001
v -0.01571191 0.01964343 0.10653000
v -0.01537957 0.01997577 0.10700001
v -0.01628767 0.02008522 0.10653000
v -0.01605267 0.02049225 0.10700001
v -0.01695815 0.02036294 0.10653000
v -0.01683651 0.02081693 0.10700001
v -0.01767767 0.02045767 0.10653000
v -0.01767767 0.02092767 0.10700001
v -0.01851883 0.02081693 0.10700001
v -0.01930267 0.01486309 0.10700001
v -0.01883884 0.01467096 0.10700001
v -0.01839719 0.01499240 0.10653000
v -0.01851883 0.01453841 0.10700001
v -0.01767767 0.01489767 0.10653000
v -0.01767767 0.01442767 0.10700001
v -0.01695815 0.01499240 0.10653000
v -0.01683651 0.01453841 0.10700001
v -0.01628767 0.01527012 0.10653000
v -0.01605267 0.01486309 0.10700001
v -0.01571191 0.01571191 0.10653000
v -0.01537957 0.01537957 0.10700001
v -0.01527012 0.01628767 0.10653000
v -0.01486309 0.01605267 0.10700001
v -0.01499240 0.01695815 0.10653000
v -0.01453841 0.01683651 0.10700001
v -0.01489767 0.01767767 0.10653000
v -0.01442767 0.01767767 0.10700001
v -0.01453841 0.01851883 0.10700001
v -0.01964343 -0.01571191 0.10653000
v -0.02003645 -0.01545866 0.10700001
v -0.02008522 -0.01628767 0.10653000
v -0.02049225 -0.01605267 0.10700001
v -0.02036294 -0.01695815 0.10653000
v -0.02081693 -0.01683651 0.10700001
v -0.02045767 -0.01767767 0.10653000
v -0.02092767 -0.01767767 0.10700001
v -0.02036294 -0.01839719 0.10653000
v -0.02081693 -0.01851883 0.10700001
v -0.02008522 -0.01906767 0.10653000
v -0.02049225 -0.01930267 0.10700001
v -0.01964343 -0.01964343 0.10653000
v -0.01997577 -0.01997577 0.10700001
v -0.01906767 -0.02008522 0.10653000
v -0.01839719 -0.01499240 0.10653000
v -0.01883884 -0.01467096 0.10700001
v -0.01906767 -0.01527012 0.10653000
v -0.01930267 -0.01486309 0.10700001
v -0.01997577 -0.01537957 0.10700001
v -0.01527012 -0.01628767 0.10653000
v -0.01531889 -0.01545866 0.10700001
v -0.01571191 -0.01571191 0.10653000
v -0.01537957 -0.01537957 0.10700001
v -0.01628767 -0.01527012 0.10653000
v -0.01605267 -0.01486309 0.10700001
v -0.01695815 -0.01499240 0.10653000
v -0.01683651 -0.01453841 0.10700001
v -0.01767767 -0.01489767 0.10653000
v -0.01767767 -0.01442767 0.10700001
v -0.01851883 -0.01453841 0.10700001
v -0.01930267 -0.02049225 0.10700001
v -0.01883884 -0.02068438 0.10700001
v -0.01839719 -0.02036294 0.10653000
v -0.01851883 -0.02081693 0.10700001
v -0.01767767 -0.02045767 0.10653000
v -0.01767767 -0.02092767 0.10700001
v -0.01695815 -0.02036294 0.10653000
v -0.01683651 -0.02081693 0.10700001
v -0.01628767 -0.02008522 0.10653000
v -0.01605267 -0.02049225 0.10700001
v -0.01571191 -0.01964343 0.10653000
v -0.01537957 -0.01997577 0.10700001
v -0.01527012 -0.01906767 0.10653000
v -0.01486309 -0.01930267 0.10700001
v -0.01499240 -0.01839719 0.10653000
v -0.01453841 -0.01851883 0.10700001
v -0.01489767 -0.01767767 0.10653000
v -0.01442767 -0.01767767 0.10700001
v -0.01499240 -0.01695815 0.10653000
v -0.01453841 -0.01683651 0.10700001
v -0.01486309 -0.01605267 0.10700001
v 0.01906767 -0.01527012 0.10653000
v 0.01883884 -0.01467096 0.10700001
v 0.01839719 -0.01499240 0.10653000
v 0.01851883 -0.01453841 0.10700001
v 0.01767767 -0.01489767 0.10653000
v 0.01767767 -0.01442767 0.10700001
v 0.01695815 -0.01499240 0.10653000
v 0.01683651 -0.01453841 0.10700001
v 0.01628767 -0.01527012 0.10653000
v 0.01605267 -0.01486309 0.10700001
v 0.01571191 -0.01571191 0.10653000
v 0.02008522 -0.01628767 0.10653000
v 0.02003645 -0.01545866 0.10700001
v 0.01964343 -0.01571191 0.10653000
v 0.01997577 -0.01537957 0.10700001
v 0.01930267 -0.01486309 0.10700001
v 0.01839719 -0.02036294 0.10653000
v 0.01883884 -0.02068438 0.10700001
v 0.01906767 -0.02008522 0.10653000
v 0.01930267 -0.02049225 0.10700001
v 0.01964343 -0.01964343 0.10653000
v 0.01997577 -0.01997577 0.10700001
v 0.02008522 -0.01906767 0.10653000
v 0.02049225 -0.01930267 0.10700001
v 0.02036294 -0.01839719 0.10653000
v 0.02081693 -0.01851883 0.10700001
v 0.02045767 -0.01767767 0.10653000
v 0.02092767 -0.01767767 0.10700001
v 0.02036294 -0.01695815 0.10653000
v 0.02081693 -0.01683651 0.10700001
v 0.02049225 -0.01605267 0.10700001
v 0.01537957 -0.01537957 0.10700001
v 0.01531889 -0.01545866 0.10700001
v 0.01527012 -0.01628767 0.10653000
v 0.01486309 -0.01605267 0.10700001
v 0.01499240 -0.01695815 0.10653000
v 0.01453841 -0.01683651 0.10700001
v 0.01489767 -0.01767767 0.10653000
v 0.01442767 -0.01767767 0.10700001
v 0.01499240 -0.01839719 0.10653000
v 0.01453841 -0.01851883 0.10700001
v 0.01527012 -0.01906767 0.10653000
v 0.01486309 -0.01930267 0.10700001
v 0.01571191 -0.01964343 0.10653000
v 0.01537957 -0.01997577 0.10700001
v 0.01628767 -0.02008522 0.10653000
v 0.01605267 -0.02049225 0.10700001
v 0.01695815 -0.02036294 0.10653000
v 0.01683651 -0.02081693 0.10700001
v 0.01767767 -0.02045767 0.10653000
v 0.01767767 -0.02092767 0.10700001
v 0.01851883 -0.02081693 0.10700001
v 0.01127762 0.01970544 0.10650001
v 0.01170620 0.01944792 0.10700001
v 0.01186054 0.02104608 0.10650001
v 0.01234117 0.02090826 0.10700001
v 0.01207662 0.02249192 0.10650001
v 0.01257655 0.02248319 0.10700001
v 0.01191113 0.02394441 0.10650001
v 0.01239628 0.02406538 0.10700001
v 0.01137535 0.02530459 0.10650001
v 0.01181266 0.02554699 0.10700001
v 0.01050578 0.02647974 0.10650001
v 0.01086545 0.02682707 0.10700001
v 0.00936169 0.02738979 0.10650001
v 0.00961921 0.02781837 0.10700001
v 0.00802105 0.02797272 0.10650001
v 0.00815887 0.02845335 0.10700001
v 0.00493391 0.01720659 0.10650001
v 0.00479609 0.01672595 0.10700001
v 0.00637975 0.01699050 0.10650001
v 0.00637102 0.01649058 0.10700001
v 0.00783224 0.01715600 0.10650001
v 0.00795320 0.01667085 0.10700001
v 0.00919241 0.01769178 0.10650001
v 0.00943482 0.01725447 0.10700001
v 0.01036756 0.01856135 0.10650001
v 0.01071489 0.01820168 0.10700001
v 0.01122171 0.01883884 0.10700001
v 0.00404994 0.02881680 0.10650001
v 0.00411952 0.02931194 0.10700001
v 0.00000000 0.02910000 0.10650001
v 0.00000000 0.02960000 0.10700001
v -0.00404994 0.02881680 0.10650001
v -0.00411952 0.02931194 0.10700001
v -0.00802105 0.02797272 0.10650001
v -0.00815887 0.02845335 0.10700001
v 0.00166380 0.01782251 0.10650001
v 0.00161733 0.01732467 0.10700001
v -0.00166380 0.01782251 0.10650001
v -0.00161733 0.01732467 0.10700001
v -0.00493391 0.01720659 0.10650001
v -0.00479609 0.01672595 0.10700001
v -0.00624822 0.01649396 0.10700001
v -0.00626701 0.01699361 0.10650001
v -0.00771368 0.01661623 0.10700001
v -0.00761235 0.01710585 0.10650001
v -0.00910729 0.01708564 0.10700001
v -0.00889173 0.01753679 0.10650001
v -0.01034807 0.01787494 0.10700001
v -0.01003081 0.01826139 0.10650001
v -0.01126894 0.01883884 0.10700001
v -0.01096337 0.01923753 0.10650001
v -0.00926445 0.02744689 0.10650001
v -0.00951328 0.02788058 0.10700001
v -0.01034588 0.02663879 0.10650001
v -0.01069127 0.02700032 0.10700001
v -0.01120249 0.02559536 0.10650001
v -0.01162436 0.02586372 0.10700001
v -0.01178450 0.02437725 0.10650001
v -0.01225834 0.02453685 0.10700001
v -0.01205809 0.02305525 0.10650001
v -0.01255636 0.02309682 0.10700001
v -0.01200735 0.02170619 0.10650001
v -0.01250109 0.02162731 0.10700001
v -0.01163524 0.02040848 0.10650001
v -0.01209575 0.02021373 0.10700001
v -0.01136390 0.01893823 0.10700001
v -0.01672595 -0.00479609 0.10700001
v -0.01720659 -0.00493391 0.10650001
v -0.01649058 -0.00637102 0.10700001
v -0.01699050 -0.00637975 0.10650001
v -0.01667085 -0.00795320 0.10700001
v -0.01715600 -0.00783224 0.10650001
v -0.01725447 -0.00943482 0.10700001
v -0.01769178 -0.00919241 0.10650001
v -0.01820168 -0.01071489 0.10700001
v -0.01856135 -0.01036756 0.10650001
v -0.01883884 -0.01122171 0.10700001
v -0.01970544 -0.01127762 0.10650001
v -0.02797272 -0.00802105 0.10650001
v -0.02845335 -0.00815887 0.10700001
v -0.02738979 -0.00936169 0.10650001
v -0.02781837 -0.00961921 0.10700001
v -0.02647974 -0.01050578 0.10650001
v -0.02682707 -0.01086545 0.10700001
v -0.02530459 -0.01137535 0.10650001
v -0.02554699 -0.01181266 0.10700001
v -0.02394441 -0.01191113 0.10650001
v -0.02406538 -0.01239628 0.10700001
v -0.02249192 -0.01207662 0.10650001
v -0.02248319 -0.01257655 0.10700001
v -0.02104608 -0.01186054 0.10650001
v -0.02090826 -0.01234117 0.10700001
v -0.01944792 -0.01170620 0.10700001
v -0.01672595 0.00479609 0.10700001
v -0.01720659 0.00493391 0.10650001
v -0.01782251 0.00166380 0.10650001
v -0.01732467 0.00161733 0.10700001
v -0.01782251 -0.00166380 0.10650001
v -0.01732467 -0.00161733 0.10700001
v -0.02931194 -0.00411952 0.10700001
v -0.02881680 -0.00404994 0.10650001
v -0.02960000 0.00000000 0.10700001
v -0.02910000 0.00000000 0.10650001
v -0.02931194 0.00411952 0.10700001
v -0.02881680 0.00404994 0.10650001
v -0.02852139 0.00783874 0.10700001
v -0.02797272 0.00802105 0.10650001
v -0.02845335 0.00815887 0.10700001
v -0.01699050 0.00637975 0.10650001
v -0.01970544 0.01127762 0.10650001
v -0.01944792 0.01170620 0.10700001
v -0.02104608 0.01186054 0.10650001
v -0.02090826 0.01234117 0.10700001
v -0.02249192 0.01207662 0.10650001
v -0.02248319 0.01257655 0.10700001
v -0.02394441 0.01191113 0.10650001
v -0.02406538 0.01239628 0.10700001
v -0.02530459 0.01137535 0.10650001
v -0.02554699 0.01181266 0.10700001
v -0.02647974 0.01050578 0.10650001
v -0.02682707 0.01086545 0.10700001
v -0.02738979 0.00936169 0.10650001
v -0.02781837 0.00961921 0.10700001
v -0.01649058 0.00637102 0.10700001
v -0.01665781 0.00783874 0.10700001
v -0.01715600 0.00783224 0.10650001
v -0.01667085 0.00795320 0.10700001
v -0.01769178 0.00919241 0.10650001
v -0.01725447 0.00943482 0.10700001
v -0.01856135 0.01036756 0.10650001
v -0.01820168 0.01071489 0.10700001
v -0.01883884 0.01122171 0.10700001
v 0.00802105 -0.02797272 0.10650001
v 0.00815887 -0.02845335 0.10700001
v 0.00936169 -0.02738979 0.10650001
v 0.00961921 -0.02781837 0.10700001
v 0.01050578 -0.02647974 0.10650001
v 0.01086545 -0.02682707 0.10700001
v 0.01137535 -0.02530459 0.10650001
v 0.01181266 -0.02554699 0.10700001
v 0.01191113 -0.02394441 0.10650001
v 0.01239628 -0.02406538 0.10700001
v 0.01207662 -0.02249192 0.10650001
v 0.01257655 -0.02248319 0.10700001
v 0.01186054 -0.02104608 0.10650001
v 0.01234117 -0.02090826 0.10700001
v 0.01127762 -0.01970544 0.10650001
v 0.01170620 -0.01944792 0.10700001
v 0.01036756 -0.01856135 0.10650001
v 0.01071489 -0.01820168 0.10700001
v 0.00919241 -0.01769178 0.10650001
v 0.00943482 -0.01725447 0.10700001
v 0.00783224 -0.01715600 0.10650001
v 0.00795320 -0.01667085 0.10700001
v 0.00637975 -0.01699050 0.10650001
v 0.00637102 -0.01649058 0.10700001
v 0.00493391 -0.01720659 0.10650001
v 0.00479609 -0.01672595 0.10700001
v -0.00479609 -0.01672595 0.10700001
v -0.00493391 -0.01720659 0.10650001
v -0.00166380 -0.01782251 0.10650001
v -0.00161733 -0.01732467 0.10700001
v 0.00166380 -0.01782251 0.10650001
v 0.00161733 -0.01732467 0.10700001
v -0.00802105 -0.02797272 0.10650001
v -0.00815887 -0.02845335 0.10700001
v -0.00404994 -0.02881680 0.10650001
v -0.00411952 -0.02931194 0.10700001
v 0.00000000 -0.02910000 0.10650001
v 0.00000000 -0.02960000 0.10700001
v 0.00404994 -0.02881680 0.10650001
v 0.00411952 -0.02931194 0.10700001
v -0.00637975 -0.01699050 0.10650001
v -0.00637102 -0.01649058 0.10700001
v -0.00783224 -0.01715600 0.10650001
v -0.00795320 -0.01667085 0.10700001
v -0.00919241 -0.01769178 0.10650001
v -0.00943482 -0.01725447 0.10700001
v -0.01036756 -0.01856135 0.10650001
v -0.01071489 -0.01820168 0.10700001
v -0.01127762 -0.01970544 0.10650001
v -0.01170620 -0.01944792 0.10700001
v -0.01186054 -0.02104608 0.10650001
v -0.01234117 -0.02090826 0.10700001
v -0.01207662 -0.02249192 0.10650001
v -0.01257655 -0.02248319 0.10700001
v -0.01191113 -0.02394441 0.10650001
v -0.01239628 -0.02406538 0.10700001
v -0.01137535 -0.02530459 0.10650001
v -0.01181266 -0.02554699 0.10700001
v -0.01050578 -0.02647974 0.10650001
v -0.01086545 -0.02682707 0.10700001
v -0.00936169 -0.02738979 0.10650001
v -0.00961921 -0.02781837 0.10700001
v 0.00166380 0.01782251 0.09750000
v 0.00493391 0.01720659 0.09750000
v 0.00802105 0.02797272 0.09750000
v 0.00637975 0.01699050 0.09750000
v 0.00936169 0.02738979 0.09750000
v 0.00404994 0.02881680 0.09750000
v 0.00000000 0.02910000 0.09750000
v -0.00166380 0.01782251 0.09750000
v -0.00404994 0.02881680 0.09750000
v -0.00493391 0.01720659 0.09750000
v -0.01163524 0.02040848 0.09750000
v -0.01096337 0.01923753 0.09750000
v -0.00926445 0.02744689 0.09750000
v -0.01120249 0.02559536 0.09750000
v -0.01178450 0.02437725 0.09750000
v -0.01205809 0.02305525 0.09750000
v -0.01034588 0.02663879 0.09750000
v -0.00802105 0.02797272 0.09750000
v -0.00626701 0.01699361 0.09750000
v -0.00761235 0.01710585 0.09750000
v 0.01050578 0.02647974 0.09750000
v 0.00783224 0.01715600 0.09750000
v 0.00919241 0.01769178 0.09750000
v 0.01191113 0.02394441 0.09750000
v 0.01127762 0.01970544 0.09750000
v 0.01207662 0.02249192 0.09750000
v 0.01186054 0.02104608 0.09750000
v -0.01200735 0.02170619 0.09750000
v -0.01003081 0.01826139 0.09750000
v -0.00889173 0.01753679 0.09750000
v 0.01137535 0.02530459 0.09750000
v 0.01036756 0.01856135 0.09750000
v 0.00802105 0.02797272 0.09750000
v 0.00802105 0.02797272 0.10650001
v 0.00404994 0.02881680 0.09750000
v 0.00404994 0.02881680 0.10650001
v 0.00000000 0.02910000 0.09750000
v 0.00000000 0.02910000 0.10650001
v -0.00404994 0.02881680 0.09750000
v -0.00404994 0.02881680 0.10650001
v -0.00802105 0.02797272 0.09750000
v -0.00802105 0.02797272 0.10650001
v -0.00926445 0.02744689 0.09750000
v -0.00926445 0.02744689 0.10650001
v -0.01034588 0.02663879 0.09750000
v -0.01034588 0.02663879 0.10650001
v -0.01120249 0.02559536 0.09750000
v -0.01120249 0.02559536 0.10650001
v -0.01178450 0.02437725 0.09750000
v -0.01178450 0.02437725 0.10650001
v -0.01205809 0.02305525 0.09750000
v -0.01205809 0.02305525 0.10650001
v -0.01200735 0.02170619 0.09750000
v -0.01200735 0.02170619 0.10650001
v -0.01163524 0.02040848 0.09750000
v -0.01163524 0.02040848 0.10650001
v -0.01096337 0.01923753 0.09750000
v -0.01096337 0.01923753 0.10650001
v -0.01003081 0.01826139 0.09750000
v -0.01003081 0.01826139 0.10650001
v -0.00889173 0.01753679 0.09750000
v -0.00889173 0.01753679 0.10650001
v -0.00761235 0.01710585 0.09750000
v -0.00761235 0.01710585 0.10650001
v -0.00626701 0.01699361 0.09750000
v -0.00626701 0.01699361 0.10650001
v -0.00493391 0.01720659 0.09750000
v -0.00493391 0.01720659 0.10650001
v -0.00166380 0.01782251 0.10650001
v -0.00166380 0.01782251 0.09750000
v 0.00166380 0.01782251 0.10650001
v 0.00166380 0.01782251 0.09750000
v 0.00493391 0.01720659 0.10650001
v 0.00493391 0.01720659 0.09750000
v 0.00637975 0.01699050 0.09750000
v 0.00637975 0.01699050 0.10650001
v 0.00783224 0.01715600 0.09750000
v 0.00783224 0.01715600 0.10650001
v 0.00919241 0.01769178 0.09750000
v 0.00919241 0.01769178 0.10650001
v 0.01036756 0.01856135 0.09750000
v 0.01036756 0.01856135 0.10650001
v 0.01127762 0.01970544 0.09750000
v 0.01127762 0.01970544 0.10650001
v 0.01186054 0.02104608 0.09750000
v 0.01186054 0.02104608 0.10650001
v 0.01207662 0.02249192 0.09750000
v 0.01207662 0.02249192 0.10650001
v 0.01191113 0.02394441 0.09750000
v 0.01191113 0.02394441 0.10650001
v 0.01137535 0.02530459 0.09750000
v 0.01137535 0.02530459 0.10650001
v 0.01050578 0.02647974 0.09750000
v 0.01050578 0.02647974 0.10650001
v 0.00936169 0.02738979 0.09750000
v 0.00936169 0.02738979 0.10650001
v -0.02738979 0.00936169 0.09750000
v -0.02797272 0.00802105 0.09750000
v -0.01699050 0.00637975 0.09750000
v -0.02797272 -0.00802105 0.09750000
v -0.01720659 -0.00493391 0.09750000
v -0.02881680 -0.00404994 0.09750000
v -0.01782251 -0.00166380 0.09750000
v -0.02910000 0.00000000 0.09750000
v -0.01782251 0.00166380 0.09750000
v -0.02881680 0.00404994 0.09750000
v -0.01720659 0.00493391 0.09750000
v -0.02738979 -0.00936169 0.09750000
v -0.02647974 -0.01050578 0.09750000
v -0.02530459 -0.01137535 0.09750000
v -0.02394441 -0.01191113 0.09750000
v -0.02249192 -0.01207662 0.09750000
v -0.02104608 -0.01186054 0.09750000
v -0.01699050 -0.00637975 0.09750000
v -0.01715600 -0.00783224 0.09750000
v -0.01769178 -0.00919241 0.09750000
v -0.01970544 -0.01127762 0.09750000
v -0.01856135 -0.01036756 0.09750000
v -0.01715600 0.00783224 0.09750000
v -0.02530459 0.01137535 0.09750000
v -0.02647974 0.01050578 0.09750000
v -0.02249192 0.01207662 0.09750000
v -0.01856135 0.01036756 0.09750000
v -0.02104608 0.01186054 0.09750000
v -0.01970544 0.01127762 0.09750000
v -0.01769178 0.00919241 0.09750000
v -0.02394441 0.01191113 0.09750000
v -0.02797272 0.00802105 0.09750000
v -0.02797272 0.00802105 0.10650001
v -0.02881680 0.00404994 0.09750000
v -0.02881680 0.00404994 0.10650001
v -0.02910000 0.00000000 0.09750000
v -0.02910000 0.00000000 0.10650001
v -0.02881680 -0.00404994 0.09750000
v -0.02881680 -0.00404994 0.10650001
v -0.02797272 -0.00802105 0.09750000
v -0.02797272 -0.00802105 0.10650001
v -0.02738979 -0.00936169 0.09750000
v -0.02738979 -0.00936169 0.10650001
v -0.02647974 -0.01050578 0.09750000
v -0.02647974 -0.01050578 0.10650001
v -0.02530459 -0.01137535 0.09750000
v -0.02530459 -0.01137535 0.10650001
v -0.02394441 -0.01191113 0.09750000
v -0.02394441 -0.01191113 0.10650001
v -0.02249192 -0.01207662 0.09750000
v -0.02249192 -0.01207662 0.10650001
v -0.02104608 -0.01186054 0.09750000
v -0.02104608 -0.01186054 0.10650001
v -0.01970544 -0.01127762 0.09750000
v -0.01970544 -0.01127762 0.10650001
v -0.01856135 -0.01036756 0.09750000
v -0.01856135 -0.01036756 0.10650001
v -0.01769178 -0.00919241 0.09750000
v -0.01769178 -0.00919241 0.10650001
v -0.01715600 -0.00783224 0.09750000
v -0.01715600 -0.00783224 0.10650001
v -0.01699050 -0.00637975 0.09750000
v -0.01699050 -0.00637975 0.10650001
v -0.01720659 -0.00493391 0.09750000
v -0.01720659 -0.00493391 0.10650001
v -0.01782251 -0.00166380 0.10650001
v -0.01782251 -0.00166380 0.09750000
v -0.01782251 0.00166380 0.10650001
v -0.01782251 0.00166380 0.09750000
v -0.01720659 0.00493391 0.10650001
v -0.01720659 0.00493391 0.09750000
v -0.01699050 0.00637975 0.09750000
v -0.01699050 0.00637975 0.10650001
v -0.01715600 0.00783224 0.09750000
v -0.01715600 0.00783224 0.10650001
v -0.01769178 0.00919241 0.09750000
v -0.01769178 0.00919241 0.10650001
v -0.01856135 0.01036756 0.09750000
v -0.01856135 0.01036756 0.10650001
v -0.01970544 0.01127762 0.09750000
v -0.01970544 0.01127762 0.10650001
v -0.02104608 0.01186054 0.09750000
v -0.02104608 0.01186054 0.10650001
v -0.02249192 0.01207662 0.09750000
v -0.02249192 0.01207662 0.10650001
v -0.02394441 0.01191113 0.09750000
v -0.02394441 0.01191113 0.10650001
v -0.02530459 0.01137535 0.09750000
v -0.02530459 0.01137535 0.10650001
v -0.02647974 0.01050578 0.09750000
v -0.02647974 0.01050578 0.10650001
v -0.02738979 0.00936169 0.09750000
v -0.02738979 0.00936169 0.10650001
v 0.00493391 -0.01720659 0.09750000
v 0.00802105 -0.02797272 0.09750000
v 0.00936169 -0.02738979 0.09750000
v 0.00404994 -0.02881680 0.09750000
v 0.00166380 -0.01782251 0.09750000
v 0.00000000 -0.02910000 0.09750000
v -0.00166380 -0.01782251 0.09750000
v -0.00404994 -0.02881680 0.09750000
v -0.00802105 -0.02797272 0.09750000
v -0.00493391 -0.01720659 0.09750000
v -0.00637975 -0.01699050 0.09750000
v 0.01191113 -0.02394441 0.09750000
v 0.01207662 -0.02249192 0.09750000
v 0.01137535 -0.02530459 0.09750000
v 0.01186054 -0.02104608 0.09750000
v 0.01127762 -0.01970544 0.09750000
v 0.01050578 -0.02647974 0.09750000
v 0.00637975 -0.01699050 0.09750000
v 0.00783224 -0.01715600 0.09750000
v 0.01036756 -0.01856135 0.09750000
v 0.00919241 -0.01769178 0.09750000
v -0.00783224 -0.01715600 0.09750000
v -0.01050578 -0.02647974 0.09750000
v -0.00936169 -0.02738979 0.09750000
v -0.01191113 -0.02394441 0.09750000
v -0.01036756 -0.01856135 0.09750000
v -0.01207662 -0.02249192 0.09750000
v -0.01127762 -0.01970544 0.09750000
v -0.01186054 -0.02104608 0.09750000
v -0.00919241 -0.01769178 0.09750000
v -0.01137535 -0.02530459 0.09750000
v -0.00802105 -0.02797272 0.09750000
v -0.00802105 -0.02797272 0.10650001
v -0.00404994 -0.02881680 0.09750000
v -0.00404994 -0.02881680 0.10650001
v 0.00000000 -0.02910000 0.09750000
v 0.00000000 -0.02910000 0.10650001
v 0.00404994 -0.02881680 0.09750000
v 0.00404994 -0.02881680 0.10650001
v 0.00802105 -0.02797272 0.09750000
v 0.00802105 -0.02797272 0.10650001
v 0.00936169 -0.02738979 0.09750000
v 0.00936169 -0.02738979 0.10650001
v 0.01050578 -0.02647974 0.09750000
v 0.01050578 -0.02647974 0.10650001
v 0.01137535 -0.02530459 0.09750000
v 0.01137535 -0.02530459 0.10650001
v 0.01191113 -0.02394441 0.09750000
v 0.01191113 -0.02394441 0.10650001
v 0.01207662 -0.02249192 0.09750000
v 0.01207662 -0.02249192 0.10650001
v 0.01186054 -0.02104608 0.09750000
v 0.01186054 -0.02104608 0.10650001
v 0.01127762 -0.01970544 0.09750000
v 0.01127762 -0.01970544 0.10650001
v 0.01036756 -0.01856135 0.09750000
v 0.01036756 -0.01856135 0.10650001
v 0.00919241 -0.01769178 0.09750000
v 0.00919241 -0.01769178 0.10650001
v 0.00783224 -0.01715600 0.09750000
v 0.00783224 -0.01715600 0.10650001
v 0.00637975 -0.01699050 0.09750000
v 0.00637975 -0.01699050 0.10650001
v 0.00493391 -0.01720659 0.09750000
v 0.00493391 -0.01720659 0.10650001
v 0.00166380 -0.01782251 0.10650001
v 0.00166380 -0.01782251 0.09750000
v -0.00166380 -0.01782251 0.10650001
v -0.00166380 -0.01782251 0.09750000
v -0.00493391 -0.01720659 0.10650001
v -0.00493391 -0.01720659 0.09750000
v -0.00637975 -0.01699050 0.09750000
v -0.00637975 -0.01699050 0.10650001
v -0.00783224 -0.01715600 0.09750000
v -0.00783224 -0.01715600 0.10650001
v -0.00919241 -0.01769178 0.09750000
v -0.00919241 -0.01769178 0.10650001
v -0.01036756 -0.01856135 0.09750000
v -0.01036756 -0.01856135 0.10650001
v -0.01127762 -0.01970544 0.09750000
v -0.01127762 -0.01970544 0.10650001
v -0.01186054 -0.02104608 0.09750000
v -0.01186054 -0.02104608 0.10650001
v -0.01207662 -0.02249192 0.09750000
v -0.01207662 -0.02249192 0.10650001
v -0.01191113 -0.02394441 0.09750000
v -0.01191113 -0.02394441 0.10650001
v -0.01137535 -0.02530459 0.09750000
v -0.01137535 -0.02530459 0.10650001
v -0.01050578 -0.02647974 0.09750000
v -0.01050578 -0.02647974 0.10650001
v -0.00936169 -0.02738979 0.09750000
v -0.00936169 -0.02738979 0.10650001
v -0.03596068 -0.02535408 0.07920000
v -0.03371986 -0.02311326 0.07920000
v -0.03373404 -0.02309908 0.07937803
v -0.03597241 -0.02533744 0.07937803
v -0.03377588 -0.02305724 0.07954712
v -0.03600696 -0.02528832 0.07954712
v -0.03384328 -0.02298984 0.07969880
v -0.03606249 -0.02520906 0.07969880
v -0.03393284 -0.02290027 0.07982547
v -0.03613606 -0.02510349 0.07982547
v -0.03404010 -0.02279302 0.07992078
v -0.03622380 -0.02497671 0.07992078
v -0.03415967 -0.02267345 0.07997995
v -0.03632115 -0.02483493 0.07997995
v -0.03428554 -0.02254757 0.08000000
v -0.03642312 -0.02468515 0.08000000
v -0.02468515 -0.03642312 0.08000000
v -0.02254757 -0.03428554 0.08000000
v -0.02267345 -0.03415967 0.07997995
v -0.02483493 -0.03632115 0.07997995
v -0.02279302 -0.03404010 0.07992078
v -0.02497671 -0.03622380 0.07992078
v -0.02290027 -0.03393284 0.07982547
v -0.02510349 -0.03613606 0.07982547
v -0.02298984 -0.03384328 0.07969880
v -0.02520906 -0.03606249 0.07969880
v -0.02305724 -0.03377588 0.07954712
v -0.02528832 -0.03600696 0.07954712
v -0.02309908 -0.03373404 0.07937803
v -0.02533744 -0.03597241 0.07937803
v -0.02311326 -0.03371986 0.07920000
v -0.02535408 -0.03596068 0.07920000
v -0.03511276 -0.02651592 0.09300000
v -0.03758502 -0.02287720 0.09300000
v -0.03577047 -0.02106265 0.09300000
v -0.02287720 -0.03758502 0.09300000
v -0.02316302 -0.03740955 0.09300000
v -0.02106265 -0.03577047 0.09300000
v -0.02758465 -0.03427954 0.09300000
v -0.03158813 -0.03062989 0.09300000
v -0.03866961 -0.02099194 0.09090001
v -0.03725539 -0.01957773 0.09090001
v -0.03721817 -0.01961496 0.09136731
v -0.03864338 -0.02104017 0.09136731
v -0.03710834 -0.01972478 0.09181116
v -0.03856573 -0.02118217 0.09181116
v -0.03693143 -0.01990169 0.09220935
v -0.03843972 -0.02140999 0.09220935
v -0.03669630 -0.02013681 0.09254185
v -0.03827051 -0.02171102 0.09254185
v -0.03810512 -0.02200000 0.09275306
v -0.03641475 -0.02041837 0.09279204
v -0.03806319 -0.02207160 0.09278300
v -0.03610090 -0.02073222 0.09294735
v -0.03783315 -0.02246448 0.09294735
v -0.03725539 -0.01957773 0.08210000
v -0.03866961 -0.02099194 0.08210000
v -0.03577047 -0.02106265 0.08000000
v -0.03615480 -0.02067832 0.08007157
v -0.03758502 -0.02287720 0.08000000
v -0.03787326 -0.02239679 0.08007157
v -0.03810483 -0.02199983 0.08025566
v -0.03651293 -0.02032019 0.08028135
v -0.03813716 -0.02194441 0.08028135
v -0.03682047 -0.02001265 0.08061509
v -0.03836011 -0.02155230 0.08061509
v -0.03705645 -0.01977667 0.08105001
v -0.03852889 -0.02124911 0.08105001
v -0.03845175 -0.02138839 0.08082106
v -0.03720479 -0.01962832 0.08155648
v -0.03866061 -0.02100850 0.08182508
v -0.03863395 -0.02105748 0.08155648
v -0.03858953 -0.02113878 0.08129491
v -0.02287720 -0.03758502 0.08000000
v -0.02106265 -0.03577047 0.08000000
v -0.02316302 -0.03740955 0.08000000
v -0.02099194 -0.03866961 0.08210000
v -0.01957773 -0.03725539 0.08210000
v -0.01961496 -0.03721817 0.08163272
v -0.02104017 -0.03864338 0.08163272
v -0.01972478 -0.03710834 0.08118885
v -0.02118217 -0.03856573 0.08118885
v -0.01990169 -0.03693143 0.08079068
v -0.02140999 -0.03843972 0.08079068
v -0.02013681 -0.03669630 0.08045816
v -0.02171102 -0.03827051 0.08045816
v -0.02041837 -0.03641475 0.08020797
v -0.02206888 -0.03806527 0.08020797
v -0.02073222 -0.03610090 0.08005265
v -0.02246448 -0.03783315 0.08005265
v -0.01957773 -0.03725539 0.09090001
v -0.02099194 -0.03866961 0.09090001
v -0.02073222 -0.03610090 0.09294735
v -0.02246448 -0.03783315 0.09294735
v -0.02041837 -0.03641475 0.09279204
v -0.02206888 -0.03806527 0.09279204
v -0.02013681 -0.03669630 0.09254185
v -0.02171102 -0.03827051 0.09254185
v -0.01990169 -0.03693143 0.09220935
v -0.02140999 -0.03843972 0.09220935
v -0.01972478 -0.03710834 0.09181116
v -0.02118217 -0.03856573 0.09181116
v -0.01961496 -0.03721817 0.09136731
v -0.02104017 -0.03864338 0.09136731
v -0.02311326 -0.03371986 0.07900000
v -0.02521055 -0.03581715 0.07900000
v -0.02535408 -0.03596068 0.07900000
v -0.03371986 -0.02311326 0.07900000
v -0.03581715 -0.02521055 0.07900000
v -0.03596068 -0.02535408 0.07900000
v 0.00270716 -0.04388180 0.09600000
v 0.00383485 -0.04383256 0.09600000
v 0.00383048 -0.04378261 0.09644504
v 0.00808122 -0.04323384 0.09600000
v 0.01138804 -0.04250074 0.09600000
v 0.01137506 -0.04245230 0.09644504
v 0.01332617 -0.04188964 0.09600000
v 0.01504889 -0.04134647 0.09600000
v 0.01503174 -0.04129935 0.09644504
v 0.01838671 -0.03996390 0.09600000
v 0.01859520 -0.03987754 0.09600000
v 0.01857401 -0.03983209 0.09644504
v 0.02314246 -0.03737729 0.09600000
v 0.02523736 -0.03604269 0.09600000
v 0.02520860 -0.03600161 0.09644504
v 0.03157018 -0.03061345 0.09600000
v 0.03370595 -0.02828266 0.09600000
v 0.03366754 -0.02825042 0.09644504
v 0.03508057 -0.02649123 0.09600000
v 0.03604269 -0.02523736 0.09600000
v 0.03600161 -0.02520860 0.09644504
v 0.04048236 -0.01713505 0.09600000
v 0.04134647 -0.01504889 0.09600000
v 0.04129935 -0.01503174 0.09644504
v 0.04344940 -0.00674530 0.09600000
v 0.04383256 -0.00383485 0.09600000
v 0.04378261 -0.00383048 0.09644504
v 0.04380311 0.00405860 0.09600000
v 0.04333154 0.00764052 0.09600000
v 0.04328216 0.00763181 0.09644504
v 0.04294058 0.00940402 0.09600000
v 0.04250074 0.01138804 0.09600000
v 0.04245230 0.01137506 0.09644504
v 0.03935633 0.01959643 0.09600000
v 0.03810512 0.02200000 0.09600000
v 0.03806169 0.02197493 0.09644504
v 0.03340100 0.02861546 0.09600000
v 0.03111270 0.03111270 0.09600000
v 0.03107724 0.03107724 0.09644504
v 0.02961441 0.03248562 0.09600000
v 0.02828266 0.03370595 0.09600000
v 0.02825042 0.03366754 0.09644504
v 0.02541641 0.03590531 0.09600000
v 0.02523736 0.03604269 0.09600000
v 0.02520860 0.03600161 0.09644504
v 0.02079845 0.03873060 0.09600000
v 0.01859520 0.03987754 0.09600000
v 0.01857401 0.03983209 0.09644504
v 0.01072694 0.04264730 0.09600000
v 0.00764052 0.04333154 0.09600000
v 0.00763181 0.04328216 0.09644504
v 0.00540179 0.04362627 0.09600000
v 0.00383485 0.04383256 0.09600000
v 0.00383048 0.04378261 0.09644504
v -0.00540179 0.04362627 0.09600000
v -0.00764052 0.04333154 0.09600000
v -0.00763181 0.04328216 0.09644504
v -0.01588310 0.04100093 0.09600000
v -0.01859520 0.03987754 0.09600000
v -0.01857401 0.03983209 0.09644504
v -0.02541641 0.03590531 0.09600000
v -0.02828266 0.03370595 0.09600000
v -0.02825042 0.03366754 0.09644504
v -0.02961441 0.03248562 0.09600000
v -0.03111270 0.03111270 0.09600000
v -0.03107724 0.03107724 0.09644504
v -0.03664917 0.02428537 0.09600000
v -0.03810512 0.02200000 0.09600000
v -0.03806169 0.02197493 0.09644504
v -0.04148221 0.01461838 0.09600000
v -0.04250074 0.01138804 0.09600000
v -0.04245230 0.01137506 0.09644504
v -0.04294058 0.00940402 0.09600000
v -0.04333154 0.00764052 0.09600000
v -0.04328216 0.00763181 0.09644504
v -0.04380311 0.00405860 0.09600000
v -0.04383256 0.00383485 0.09600000
v -0.04378261 0.00383048 0.09644504
v -0.04394091 -0.00135331 0.09600000
v -0.04383256 -0.00383485 0.09600000
v -0.04378261 -0.00383048 0.09644504
v -0.04229711 -0.01203385 0.09600000
v -0.04134647 -0.01504889 0.09600000
v -0.04129935 -0.01503174 0.09644504
v -0.04048236 -0.01713505 0.09600000
v -0.03987754 -0.01859520 0.09600000
v -0.03983209 -0.01857401 0.09644504
v -0.03508057 -0.02649123 0.09600000
v -0.03370595 -0.02828266 0.09600000
v -0.03366754 -0.02825042 0.09644504
v -0.02756630 -0.03425563 0.09600000
v -0.02523736 -0.03604269 0.09600000
v -0.02520860 -0.03600161 0.09644504
v -0.01838671 -0.03996390 0.09600000
v -0.01504889 -0.04134647 0.09600000
v -0.01503174 -0.04129935 0.09644504
v -0.01332617 -0.04188964 0.09600000
v -0.01138804 -0.04250074 0.09600000
v -0.01137506 -0.04245230 0.09644504
v 0.03884172 0.01813397 0.09779924
v 0.03886462 0.01812267 0.09779232
v 0.03919507 0.01827696 0.09756366
v 0.04031490 0.01472222 0.09777639
v 0.04029612 0.01466678 0.09779232
v 0.04063887 0.01479134 0.09756366
v 0.04028790 -0.01464259 0.09779924
v 0.04029610 -0.01466677 0.09779232
v 0.04063887 -0.01479134 0.09756366
v 0.03891712 -0.01809675 0.09777639
v 0.03886463 -0.01812268 0.09779232
v 0.03919507 -0.01827696 0.09756366
v 0.01813397 -0.03884172 0.09779924
v 0.01812267 -0.03886462 0.09779232
v 0.01827696 -0.03919507 0.09756366
v 0.01472222 -0.04031490 0.09777639
v 0.01466678 -0.04029612 0.09779232
v 0.01479134 -0.04063887 0.09756366
v -0.01464259 -0.04028790 0.09779924
v -0.01466677 -0.04029610 0.09779232
v -0.01479134 -0.04063887 0.09756366
v -0.01809675 -0.03891712 0.09777639
v -0.01812268 -0.03886463 0.09779232
v -0.01827696 -0.03919507 0.09756366
v -0.03884172 -0.01813397 0.09779924
v -0.03886462 -0.01812267 0.09779232
v -0.03919507 -0.01827696 0.09756366
v -0.04031490 -0.01472222 0.09777639
v -0.04029612 -0.01466678 0.09779232
v -0.04063887 -0.01479134 0.09756366
v -0.04028790 0.01464259 0.09779924
v -0.04029610 0.01466677 0.09779232
v -0.04063887 0.01479134 0.09756366
v -0.03891712 0.01809675 0.09777639
v -0.03886463 0.01812268 0.09779232
v -0.03919507 0.01827696 0.09756366
v -0.01813397 0.03884172 0.09779924
v -0.01812267 0.03886462 0.09779232
v -0.01827696 0.03919507 0.09756366
v -0.01472222 0.04031490 0.09777639
v -0.01466678 0.04029612 0.09779232
v -0.01479134 0.04063887 0.09756366
v 0.01464259 0.04028790 0.09779924
v 0.01466677 0.04029610 0.09779232
v 0.01479134 0.04063887 0.09756366
v 0.01809675 0.03891712 0.09777639
v 0.01812268 0.03886463 0.09779232
v 0.01827696 0.03919507 0.09756366
v 0.01848396 0.03771397 0.09800000
v 0.02100000 0.03637306 0.09800000
v 0.01839646 0.03819358 0.09796099
v 0.02122252 0.03675849 0.09794986
v 0.02162349 0.03745298 0.09756366
v 0.01813400 0.03884172 0.09779927
v 0.02143388 0.03712457 0.09780195
v 0.01826880 0.03856884 0.09788203
v 0.01837350 0.03826105 0.09794680
v 0.01588735 0.04039184 0.09742435
v 0.01627514 0.04031490 0.09734951
v 0.01489965 0.04093645 0.09724698
v 0.01841080 0.03948208 0.09724698
v 0.01664732 0.04018852 0.09732289
v 0.01699868 0.04001520 0.09734951
v 0.01732898 0.03979409 0.09742486
v 0.01762000 0.03953844 0.09753102
v 0.01767555 0.03946604 0.09755961
v 0.01472222 0.04031490 0.09777639
v 0.01540820 0.04040521 0.09755961
v 0.01549868 0.04041712 0.09753102
v 0.01109499 0.04140708 0.09780195
v 0.01098558 0.04099876 0.09794986
v 0.01406260 0.04004669 0.09794680
v 0.01087040 0.04056888 0.09800000
v 0.01359767 0.03973793 0.09800000
v 0.01399868 0.04001520 0.09796099
v -0.01359767 0.03973793 0.09800000
v -0.01087040 0.04056888 0.09800000
v -0.01399868 0.04001520 0.09796099
v -0.01098558 0.04099876 0.09794986
v -0.01119314 0.04177338 0.09756366
v -0.01464257 0.04028792 0.09779927
v -0.01109499 0.04140708 0.09780195
v -0.01435429 0.04019028 0.09788203
v -0.01406262 0.04004668 0.09794680
v -0.01732729 0.03979539 0.09742435
v -0.01699868 0.04001520 0.09734951
v -0.01841080 0.03948208 0.09724698
v -0.01489965 0.04093645 0.09724698
v -0.01664614 0.04018900 0.09732289
v -0.01627514 0.04031490 0.09734951
v -0.01588523 0.04039211 0.09742486
v -0.01549868 0.04041712 0.09753102
v -0.01540820 0.04040521 0.09755961
v -0.01809675 0.03891712 0.09777639
v -0.01767555 0.03946604 0.09755961
v -0.01762000 0.03953844 0.09753102
v -0.02143388 0.03712457 0.09780195
v -0.02122252 0.03675849 0.09794986
v -0.01837353 0.03826104 0.09794680
v -0.02100000 0.03637306 0.09800000
v -0.01848396 0.03771397 0.09800000
v -0.01839646 0.03819358 0.09796099
v -0.03771397 0.01848396 0.09800000
v -0.03637306 0.02100000 0.09800000
v -0.03819358 0.01839646 0.09796099
v -0.03675849 0.02122252 0.09794986
v -0.03745298 0.02162349 0.09756366
v -0.03884172 0.01813400 0.09779927
v -0.03712457 0.02143388 0.09780195
v -0.03856884 0.01826880 0.09788203
v -0.03826105 0.01837350 0.09794680
v -0.04039184 0.01588735 0.09742435
v -0.04031490 0.01627514 0.09734951
v -0.04093645 0.01489965 0.09724698
v -0.03948208 0.01841080 0.09724698
v -0.04018852 0.01664732 0.09732289
v -0.04001520 0.01699868 0.09734951
v -0.03979409 0.01732898 0.09742486
v -0.03953844 0.01762000 0.09753102
v -0.03946604 0.01767555 0.09755961
v -0.04029610 0.01466677 0.09779232
v -0.04031490 0.01472222 0.09777639
v -0.04040521 0.01540820 0.09755961
v -0.04041712 0.01549868 0.09753102
v -0.04140708 0.01109499 0.09780195
v -0.04099876 0.01098558 0.09794986
v -0.04004669 0.01406260 0.09794680
v -0.04056888 0.01087040 0.09800000
v -0.03973793 0.01359767 0.09800000
v -0.04001520 0.01399868 0.09796099
v -0.03973793 -0.01359767 0.09800000
v -0.04056888 -0.01087040 0.09800000
v -0.04001520 -0.01399868 0.09796099
v -0.04099876 -0.01098558 0.09794986
v -0.04177338 -0.01119314 0.09756366
v -0.04028792 -0.01464257 0.09779927
v -0.04140708 -0.01109499 0.09780195
v -0.04019028 -0.01435429 0.09788203
v -0.04004668 -0.01406262 0.09794680
v -0.03979539 -0.01732729 0.09742435
v -0.04001520 -0.01699868 0.09734951
v -0.03948208 -0.01841080 0.09724698
v -0.04093645 -0.01489965 0.09724698
v -0.04018900 -0.01664614 0.09732289
v -0.04031490 -0.01627514 0.09734951
v -0.04039211 -0.01588523 0.09742486
v -0.04041712 -0.01549868 0.09753102
v -0.04040521 -0.01540820 0.09755961
v -0.03891712 -0.01809675 0.09777639
v -0.03946604 -0.01767555 0.09755961
v -0.03953844 -0.01762000 0.09753102
v -0.03712457 -0.02143388 0.09780195
v -0.03675849 -0.02122252 0.09794986
v -0.03826104 -0.01837353 0.09794680
v -0.03637306 -0.02100000 0.09800000
v -0.03771397 -0.01848396 0.09800000
v -0.03819358 -0.01839646 0.09796099
v -0.01848396 -0.03771397 0.09800000
v -0.02100000 -0.03637306 0.09800000
v -0.01839646 -0.03819358 0.09796099
v -0.02122252 -0.03675849 0.09794986
v -0.02162349 -0.03745298 0.09756366
v -0.01813400 -0.03884172 0.09779927
v -0.02143388 -0.03712457 0.09780195
v -0.01826880 -0.03856884 0.09788203
v -0.01837350 -0.03826105 0.09794680
v -0.01588735 -0.04039184 0.09742435
v -0.01627514 -0.04031490 0.09734951
v -0.01489965 -0.04093645 0.09724698
v -0.01841080 -0.03948208 0.09724698
v -0.01664732 -0.04018852 0.09732289
v -0.01699868 -0.04001520 0.09734951
v -0.01732898 -0.03979409 0.09742486
v -0.01762000 -0.03953844 0.09753102
v -0.01767555 -0.03946604 0.09755961
v -0.01472222 -0.04031490 0.09777639
v -0.01540820 -0.04040521 0.09755961
v -0.01549868 -0.04041712 0.09753102
v -0.01098558 -0.04099876 0.09794986
v -0.01087040 -0.04056888 0.09800000
v -0.01359767 -0.03973793 0.09800000
v -0.01435263 -0.04018959 0.09788247
v -0.01109499 -0.04140708 0.09780195
v -0.01406260 -0.04004669 0.09794680
v -0.01399868 -0.04001520 0.09796099
v 0.01359767 -0.03973793 0.09800000
v 0.01087040 -0.04056888 0.09800000
v 0.01399868 -0.04001520 0.09796099
v 0.01098558 -0.04099876 0.09794986
v 0.01119314 -0.04177338 0.09756366
v 0.01464257 -0.04028792 0.09779927
v 0.01109499 -0.04140708 0.09780195
v 0.01435429 -0.04019028 0.09788203
v 0.01406262 -0.04004668 0.09794680
v 0.01732729 -0.03979539 0.09742435
v 0.01699868 -0.04001520 0.09734951
v 0.01841080 -0.03948208 0.09724698
v 0.01489965 -0.04093645 0.09724698
v 0.01664614 -0.04018900 0.09732289
v 0.01627514 -0.04031490 0.09734951
v 0.01588523 -0.04039211 0.09742486
v 0.01549868 -0.04041712 0.09753102
v 0.01540820 -0.04040521 0.09755961
v 0.01809675 -0.03891712 0.09777639
v 0.01767555 -0.03946604 0.09755961
v 0.01762000 -0.03953844 0.09753102
v 0.02143388 -0.03712457 0.09780195
v 0.02122252 -0.03675849 0.09794986
v 0.01837353 -0.03826104 0.09794680
v 0.02100000 -0.03637306 0.09800000
v 0.01848396 -0.03771397 0.09800000
v 0.01839646 -0.03819358 0.09796099
v 0.03771397 -0.01848396 0.09800000
v 0.03637306 -0.02100000 0.09800000
v 0.03819358 -0.01839646 0.09796099
v 0.03675849 -0.02122252 0.09794986
v 0.03745298 -0.02162349 0.09756366
v 0.03884172 -0.01813400 0.09779927
v 0.03712457 -0.02143388 0.09780195
v 0.03856884 -0.01826880 0.09788203
v 0.03826105 -0.01837350 0.09794680
v 0.04039184 -0.01588735 0.09742435
v 0.04031490 -0.01627514 0.09734951
v 0.04093645 -0.01489965 0.09724698
v 0.03948208 -0.01841080 0.09724698
v 0.04018852 -0.01664732 0.09732289
v 0.04001520 -0.01699868 0.09734951
v 0.03979409 -0.01732898 0.09742486
v 0.03953844 -0.01762000 0.09753102
v 0.03946604 -0.01767555 0.09755961
v 0.04029610 -0.01466677 0.09779232
v 0.04031490 -0.01472222 0.09777639
v 0.04040521 -0.01540820 0.09755961
v 0.04041712 -0.01549868 0.09753102
v 0.04140708 -0.01109499 0.09780195
v 0.04099876 -0.01098558 0.09794986
v 0.04004669 -0.01406260 0.09794680
v 0.04056888 -0.01087040 0.09800000
v 0.03973793 -0.01359767 0.09800000
v 0.04001520 -0.01399868 0.09796099
v 0.03973793 0.01359767 0.09800000
v 0.04056888 0.01087040 0.09800000
v 0.04001520 0.01399868 0.09796099
v 0.04099876 0.01098558 0.09794986
v 0.04177338 0.01119314 0.09756366
v 0.04028792 0.01464257 0.09779927
v 0.04140708 0.01109499 0.09780195
v 0.04019028 0.01435429 0.09788203
v 0.04004668 0.01406262 0.09794680
v 0.03979539 0.01732729 0.09742435
v 0.04001520 0.01699868 0.09734951
v 0.03948208 0.01841080 0.09724698
v 0.04093645 0.01489965 0.09724698
v 0.04018900 0.01664614 0.09732289
v 0.04031490 0.01627514 0.09734951
v 0.04039211 0.01588523 0.09742486
v 0.04041712 0.01549868 0.09753102
v 0.04040521 0.01540820 0.09755961
v 0.03891712 0.01809675 0.09777639
v 0.03946604 0.01767555 0.09755961
v 0.03953844 0.01762000 0.09753102
v 0.03712457 0.02143388 0.09780195
v 0.03675849 0.02122252 0.09794986
v 0.03826104 0.01837353 0.09794680
v 0.03637306 0.02100000 0.09800000
v 0.03771397 0.01848396 0.09800000
v 0.03819358 0.01839646 0.09796099
v -0.00729322 -0.04136192 0.09800000
v -0.00737050 -0.04180020 0.09794986
v -0.00744391 -0.04221651 0.09780195
v -0.00750976 -0.04258996 0.09756366
v -0.00366054 -0.04184017 0.09800000
v -0.00369933 -0.04228352 0.09794986
v -0.00373617 -0.04270464 0.09780195
v -0.00376922 -0.04308241 0.09756366
v -0.00379682 -0.04339789 0.09724698
v 0.00000000 -0.04200000 0.09800000
v 0.00000000 -0.04244504 0.09794986
v 0.00000000 -0.04286777 0.09780195
v 0.00000000 -0.04324698 0.09756366
v 0.00000000 -0.04356366 0.09724698
v 0.00000000 -0.04380194 0.09686777
v 0.00366054 -0.04184017 0.09800000
v 0.00369933 -0.04228352 0.09794986
v 0.00373617 -0.04270464 0.09780195
v 0.00376922 -0.04308241 0.09756366
v 0.00379682 -0.04339789 0.09724698
v 0.00381759 -0.04363526 0.09686777
v -0.00381759 -0.04363526 0.09686777
v -0.00383048 -0.04378261 0.09644504
v 0.00000000 -0.04394985 0.09644504
v -0.00763181 -0.04328216 0.09644504
v -0.01133678 -0.04230942 0.09686777
v -0.00760613 -0.04313649 0.09686777
v -0.01127511 -0.04207926 0.09724698
v -0.00756475 -0.04290183 0.09724698
v -0.01119314 -0.04177338 0.09756366
v -0.02409021 -0.03440438 0.09800000
v -0.02434548 -0.03476894 0.09794986
v -0.02458794 -0.03511522 0.09780195
v -0.02480545 -0.03542585 0.09756366
v -0.02178183 -0.03772724 0.09724698
v -0.02498709 -0.03568526 0.09724698
v -0.02190097 -0.03793359 0.09686777
v -0.02512376 -0.03588045 0.09686777
v -0.02197493 -0.03806169 0.09644504
v -0.02969849 -0.02969849 0.09800000
v -0.03217387 -0.02699708 0.09800000
v -0.03001318 -0.03001318 0.09794986
v -0.03251479 -0.02728315 0.09794986
v -0.03031209 -0.03031209 0.09780195
v -0.03283861 -0.02755487 0.09780195
v -0.03058023 -0.03058023 0.09756366
v -0.03312911 -0.02779862 0.09756366
v -0.03080416 -0.03080416 0.09724698
v -0.03337170 -0.02800218 0.09724698
v -0.03097265 -0.03097265 0.09686777
v -0.03355423 -0.02815534 0.09686777
v -0.03107724 -0.03107724 0.09644504
v -0.04136192 -0.00729322 0.09800000
v -0.04184017 -0.00366054 0.09800000
v -0.04180020 -0.00737050 0.09794986
v -0.04228352 -0.00369933 0.09794986
v -0.04221651 -0.00744391 0.09780195
v -0.04270464 -0.00373617 0.09780195
v -0.04258996 -0.00750976 0.09756366
v -0.04308241 -0.00376922 0.09756366
v -0.04290183 -0.00756475 0.09724698
v -0.04339789 -0.00379682 0.09724698
v -0.04313649 -0.00760613 0.09686777
v -0.04363526 -0.00381759 0.09686777
v -0.04328216 -0.00763181 0.09644504
v -0.03772724 0.02178183 0.09724698
v -0.03969804 0.01851150 0.09686777
v -0.03793359 0.02190097 0.09686777
v -0.03983209 0.01857401 0.09644504
v -0.03217387 0.02699708 0.09800000
v -0.02969849 0.02969849 0.09800000
v -0.03251479 0.02728315 0.09794986
v -0.03001318 0.03001318 0.09794986
v -0.03283861 0.02755487 0.09780195
v -0.03031209 0.03031209 0.09780195
v -0.03312911 0.02779862 0.09756366
v -0.03058023 0.03058023 0.09756366
v -0.03337170 0.02800218 0.09724698
v -0.03080416 0.03080416 0.09724698
v -0.03355423 0.02815534 0.09686777
v -0.03097265 0.03097265 0.09686777
v -0.03366754 0.02825042 0.09644504
v -0.01826949 0.03856717 0.09788247
v -0.02162349 0.03745298 0.09756366
v -0.02178183 0.03772724 0.09724698
v -0.02190097 0.03793359 0.09686777
v -0.01851150 0.03969804 0.09686777
v -0.02197493 0.03806169 0.09644504
v -0.00729322 0.04136192 0.09800000
v -0.00737050 0.04180020 0.09794986
v -0.00744391 0.04221651 0.09780195
v -0.00750976 0.04258996 0.09756366
v -0.01127511 0.04207926 0.09724698
v -0.00756475 0.04290183 0.09724698
v -0.01133678 0.04230942 0.09686777
v -0.00760613 0.04313649 0.09686777
v -0.01137506 0.04245230 0.09644504
v 0.01498114 0.04116035 0.09686777
v 0.01851150 0.03969804 0.09686777
v 0.01503174 0.04129935 0.09644504
v 0.03440438 0.02409021 0.09800000
v 0.03476894 0.02434548 0.09794986
v 0.03511522 0.02458794 0.09780195
v 0.03542585 0.02480545 0.09756366
v 0.03745298 0.02162349 0.09756366
v 0.03568526 0.02498709 0.09724698
v 0.03772724 0.02178183 0.09724698
v 0.03588045 0.02512376 0.09686777
v 0.03793359 0.02190097 0.09686777
v 0.03600161 0.02520860 0.09644504
v 0.04207926 0.01127511 0.09724698
v 0.04116035 0.01498114 0.09686777
v 0.04230942 0.01133678 0.09686777
v 0.04129935 0.01503174 0.09644504
v 0.04200000 0.00000000 0.09800000
v 0.04184017 -0.00366054 0.09800000
v 0.04244504 0.00000000 0.09794986
v 0.04228352 -0.00369933 0.09794986
v 0.04286777 0.00000000 0.09780195
v 0.04270464 -0.00373617 0.09780195
v 0.04324698 0.00000000 0.09756366
v 0.04308241 -0.00376922 0.09756366
v 0.04356366 0.00000000 0.09724698
v 0.04339789 -0.00379682 0.09724698
v 0.04380194 0.00000000 0.09686777
v 0.04363526 -0.00381759 0.09686777
v 0.04394985 0.00000000 0.09644504
v 0.04018959 -0.01435263 0.09788247
v 0.04177338 -0.01119314 0.09756366
v 0.04207926 -0.01127511 0.09724698
v 0.04230942 -0.01133678 0.09686777
v 0.04116035 -0.01498114 0.09686777
v 0.04245230 -0.01137506 0.09644504
v 0.02699708 -0.03217387 0.09800000
v 0.02409021 -0.03440438 0.09800000
v 0.02728315 -0.03251479 0.09794986
v 0.02434548 -0.03476894 0.09794986
v 0.02755487 -0.03283861 0.09780195
v 0.02458794 -0.03511522 0.09780195
v 0.02779862 -0.03312911 0.09756366
v 0.02480545 -0.03542585 0.09756366
v 0.02800218 -0.03337170 0.09724698
v 0.02498709 -0.03568526 0.09724698
v 0.02815534 -0.03355423 0.09686777
v 0.02512376 -0.03588045 0.09686777
v 0.02825042 -0.03366754 0.09644504
v 0.00000000 -0.04400000 0.09600000
v -0.00270716 -0.04388180 0.09600000
v -0.00383485 -0.04383256 0.09600000
v -0.00764052 -0.04333154 0.09600000
v -0.00808122 -0.04323384 0.09600000
v -0.01498114 -0.04116035 0.09686777
v -0.01859520 -0.03987754 0.09600000
v -0.01857401 -0.03983209 0.09644504
v -0.01851150 -0.03969804 0.09686777
v -0.02200000 -0.03810512 0.09600000
v -0.02314246 -0.03737729 0.09600000
v -0.02828266 -0.03370595 0.09600000
v -0.02825042 -0.03366754 0.09644504
v -0.02815534 -0.03355423 0.09686777
v -0.02800218 -0.03337170 0.09724698
v -0.02779862 -0.03312911 0.09756366
v -0.02755487 -0.03283861 0.09780195
v -0.02728315 -0.03251479 0.09794986
v -0.02699708 -0.03217387 0.09800000
v -0.03111270 -0.03111270 0.09600000
v -0.03157018 -0.03061345 0.09600000
v -0.03604269 -0.02523736 0.09600000
v -0.03600161 -0.02520860 0.09644504
v -0.03588045 -0.02512376 0.09686777
v -0.03568526 -0.02498709 0.09724698
v -0.03542585 -0.02480545 0.09756366
v -0.03511522 -0.02458794 0.09780195
v -0.03476894 -0.02434548 0.09794986
v -0.03440438 -0.02409021 0.09800000
v -0.03745298 -0.02162349 0.09756366
v -0.03772724 -0.02178183 0.09724698
v -0.03793359 -0.02190097 0.09686777
v -0.03806169 -0.02197493 0.09644504
v -0.03810512 -0.02200000 0.09600000
v -0.03856717 -0.01826949 0.09788247
v -0.03969804 -0.01851150 0.09686777
v -0.04116035 -0.01498114 0.09686777
v -0.04250074 -0.01138804 0.09600000
v -0.04245230 -0.01137506 0.09644504
v -0.04230942 -0.01133678 0.09686777
v -0.04207926 -0.01127511 0.09724698
v -0.04333154 -0.00764052 0.09600000
v -0.04344940 -0.00674530 0.09600000
v -0.04400000 0.00000000 0.09600000
v -0.04394985 0.00000000 0.09644504
v -0.04380194 0.00000000 0.09686777
v -0.04356366 0.00000000 0.09724698
v -0.04324698 0.00000000 0.09756366
v -0.04286777 0.00000000 0.09780195
v -0.04244504 0.00000000 0.09794986
v -0.04200000 0.00000000 0.09800000
v -0.04184017 0.00366054 0.09800000
v -0.04228352 0.00369933 0.09794986
v -0.04270464 0.00373617 0.09780195
v -0.04308241 0.00376922 0.09756366
v -0.04339789 0.00379682 0.09724698
v -0.04363526 0.00381759 0.09686777
v -0.04313649 0.00760613 0.09686777
v -0.04290183 0.00756475 0.09724698
v -0.04258996 0.00750976 0.09756366
v -0.04221651 0.00744391 0.09780195
v -0.04180020 0.00737050 0.09794986
v -0.04136192 0.00729322 0.09800000
v -0.04177338 0.01119314 0.09756366
v -0.04207926 0.01127511 0.09724698
v -0.04230942 0.01133678 0.09686777
v -0.04134647 0.01504889 0.09600000
v -0.04129935 0.01503174 0.09644504
v -0.04116035 0.01498114 0.09686777
v -0.04018959 0.01435263 0.09788247
v -0.03987754 0.01859520 0.09600000
v -0.03935633 0.01959643 0.09600000
v -0.03604269 0.02523736 0.09600000
v -0.03600161 0.02520860 0.09644504
v -0.03588045 0.02512376 0.09686777
v -0.03568526 0.02498709 0.09724698
v -0.03542585 0.02480545 0.09756366
v -0.03511522 0.02458794 0.09780195
v -0.03476894 0.02434548 0.09794986
v -0.03440438 0.02409021 0.09800000
v -0.03370595 0.02828266 0.09600000
v -0.03340100 0.02861546 0.09600000
v -0.02815534 0.03355423 0.09686777
v -0.02800218 0.03337170 0.09724698
v -0.02779862 0.03312911 0.09756366
v -0.02755487 0.03283861 0.09780195
v -0.02728315 0.03251479 0.09794986
v -0.02699708 0.03217387 0.09800000
v -0.02523736 0.03604269 0.09600000
v -0.02520860 0.03600161 0.09644504
v -0.02512376 0.03588045 0.09686777
v -0.02498709 0.03568526 0.09724698
v -0.02480545 0.03542585 0.09756366
v -0.02458794 0.03511522 0.09780195
v -0.02434548 0.03476894 0.09794986
v -0.02409021 0.03440438 0.09800000
v -0.02200000 0.03810512 0.09600000
v -0.02079845 0.03873060 0.09600000
v -0.01504889 0.04134647 0.09600000
v -0.01503174 0.04129935 0.09644504
v -0.01498114 0.04116035 0.09686777
v -0.01138804 0.04250074 0.09600000
v -0.01072694 0.04264730 0.09600000
v -0.00383485 0.04383256 0.09600000
v -0.00383048 0.04378261 0.09644504
v -0.00381759 0.04363526 0.09686777
v -0.00379682 0.04339789 0.09724698
v -0.00376922 0.04308241 0.09756366
v -0.00373617 0.04270464 0.09780195
v -0.00369933 0.04228352 0.09794986
v -0.00366054 0.04184017 0.09800000
v 0.00000000 0.04200000 0.09800000
v 0.00000000 0.04244504 0.09794986
v 0.00000000 0.04286777 0.09780195
v 0.00000000 0.04324698 0.09756366
v 0.00000000 0.04356366 0.09724698
v 0.00000000 0.04380194 0.09686777
v 0.00000000 0.04394985 0.09644504
v 0.00000000 0.04400000 0.09600000
v 0.00366054 0.04184017 0.09800000
v 0.00369933 0.04228352 0.09794986
v 0.00373617 0.04270464 0.09780195
v 0.00376922 0.04308241 0.09756366
v 0.00379682 0.04339789 0.09724698
v 0.00381759 0.04363526 0.09686777
v 0.00729322 0.04136192 0.09800000
v 0.00737050 0.04180020 0.09794986
v 0.00744391 0.04221651 0.09780195
v 0.00750976 0.04258996 0.09756366
v 0.00756475 0.04290183 0.09724698
v 0.00760613 0.04313649 0.09686777
v 0.01138804 0.04250074 0.09600000
v 0.01137506 0.04245230 0.09644504
v 0.01133678 0.04230942 0.09686777
v 0.01127511 0.04207926 0.09724698
v 0.01119314 0.04177338 0.09756366
v 0.01435263 0.04018959 0.09788247
v 0.01504889 0.04134647 0.09600000
v 0.01588310 0.04100093 0.09600000
v 0.02200000 0.03810512 0.09600000
v 0.02197493 0.03806169 0.09644504
v 0.02190097 0.03793359 0.09686777
v 0.02178183 0.03772724 0.09724698
v 0.02409021 0.03440438 0.09800000
v 0.02434548 0.03476894 0.09794986
v 0.02458794 0.03511522 0.09780195
v 0.02480545 0.03542585 0.09756366
v 0.02498709 0.03568526 0.09724698
v 0.02512376 0.03588045 0.09686777
v 0.02815534 0.03355423 0.09686777
v 0.02800218 0.03337170 0.09724698
v 0.02779862 0.03312911 0.09756366
v 0.02755487 0.03283861 0.09780195
v 0.02728315 0.03251479 0.09794986
v 0.02699708 0.03217387 0.09800000
v 0.02969849 0.02969849 0.09800000
v 0.03001318 0.03001318 0.09794986
v 0.03031209 0.03031209 0.09780195
v 0.03058023 0.03058023 0.09756366
v 0.03080416 0.03080416 0.09724698
v 0.03097265 0.03097265 0.09686777
v 0.03370595 0.02828266 0.09600000
v 0.03366754 0.02825042 0.09644504
v 0.03355423 0.02815534 0.09686777
v 0.03337170 0.02800218 0.09724698
v 0.03312911 0.02779862 0.09756366
v 0.03283861 0.02755487 0.09780195
v 0.03251479 0.02728315 0.09794986
v 0.03217387 0.02699708 0.09800000
v 0.03604269 0.02523736 0.09600000
v 0.03664917 0.02428537 0.09600000
v 0.03987754 0.01859520 0.09600000
v 0.03983209 0.01857401 0.09644504
v 0.03969804 0.01851150 0.09686777
v 0.03856717 0.01826949 0.09788247
v 0.04134647 0.01504889 0.09600000
v 0.04148221 0.01461838 0.09600000
v 0.04313649 0.00760613 0.09686777
v 0.04290183 0.00756475 0.09724698
v 0.04258996 0.00750976 0.09756366
v 0.04221651 0.00744391 0.09780195
v 0.04180020 0.00737050 0.09794986
v 0.04136192 0.00729322 0.09800000
v 0.04383256 0.00383485 0.09600000
v 0.04378261 0.00383048 0.09644504
v 0.04363526 0.00381759 0.09686777
v 0.04339789 0.00379682 0.09724698
v 0.04308241 0.00376922 0.09756366
v 0.04270464 0.00373617 0.09780195
v 0.04228352 0.00369933 0.09794986
v 0.04184017 0.00366054 0.09800000
v 0.04400000 0.00000000 0.09600000
v 0.04394091 -0.00135331 0.09600000
v 0.04333154 -0.00764052 0.09600000
v 0.04328216 -0.00763181 0.09644504
v 0.04313649 -0.00760613 0.09686777
v 0.04290183 -0.00756475 0.09724698
v 0.04258996 -0.00750976 0.09756366
v 0.04221651 -0.00744391 0.09780195
v 0.04180020 -0.00737050 0.09794986
v 0.04136192 -0.00729322 0.09800000
v 0.04250074 -0.01138804 0.09600000
v 0.04229711 -0.01203385 0.09600000
v 0.03987754 -0.01859520 0.09600000
v 0.03983209 -0.01857401 0.09644504
v 0.03969804 -0.01851150 0.09686777
v 0.03772724 -0.02178183 0.09724698
v 0.03793359 -0.02190097 0.09686777
v 0.03806169 -0.02197493 0.09644504
v 0.03810512 -0.02200000 0.09600000
v 0.03440438 -0.02409021 0.09800000
v 0.03476894 -0.02434548 0.09794986
v 0.03511522 -0.02458794 0.09780195
v 0.03542585 -0.02480545 0.09756366
v 0.03568526 -0.02498709 0.09724698
v 0.03588045 -0.02512376 0.09686777
v 0.03217387 -0.02699708 0.09800000
v 0.03251479 -0.02728315 0.09794986
v 0.03283861 -0.02755487 0.09780195
v 0.03312911 -0.02779862 0.09756366
v 0.03337170 -0.02800218 0.09724698
v 0.03355423 -0.02815534 0.09686777
v 0.03111270 -0.03111270 0.09600000
v 0.03107724 -0.03107724 0.09644504
v 0.03097265 -0.03097265 0.09686777
v 0.03080416 -0.03080416 0.09724698
v 0.03058023 -0.03058023 0.09756366
v 0.03031209 -0.03031209 0.09780195
v 0.03001318 -0.03001318 0.09794986
v 0.02969849 -0.02969849 0.09800000
v 0.02828266 -0.03370595 0.09600000
v 0.02756630 -0.03425563 0.09600000
v 0.02200000 -0.03810512 0.09600000
v 0.02197493 -0.03806169 0.09644504
v 0.02190097 -0.03793359 0.09686777
v 0.02178183 -0.03772724 0.09724698
v 0.02162349 -0.03745298 0.09756366
v 0.01826949 -0.03856717 0.09788247
v 0.01851150 -0.03969804 0.09686777
v 0.01498114 -0.04116035 0.09686777
v 0.01127511 -0.04207926 0.09724698
v 0.01133678 -0.04230942 0.09686777
v 0.00764052 -0.04333154 0.09600000
v 0.00763181 -0.04328216 0.09644504
v 0.00760613 -0.04313649 0.09686777
v 0.00756475 -0.04290183 0.09724698
v 0.00750976 -0.04258996 0.09756366
v 0.00744391 -0.04221651 0.09780195
v 0.00737050 -0.04180020 0.09794986
v 0.00729322 -0.04136192 0.09800000
v 0.02577646 -0.00289778 0.10690001
v 0.02580234 -0.00299437 0.10700001
v 0.02650000 -0.00259808 0.10690001
v 0.02655000 -0.00268468 0.10700001
v 0.02712132 -0.00212132 0.10690001
v 0.02719203 -0.00219203 0.10700001
v 0.02759808 -0.00150000 0.10690001
v 0.02768468 -0.00155000 0.10700001
v 0.02789778 -0.00077646 0.10690001
v 0.02799437 -0.00080234 0.10700001
v 0.02800000 0.00000000 0.10690001
v 0.02810000 0.00000000 0.10700001
v 0.02789778 0.00077646 0.10690001
v 0.02799437 0.00080234 0.10700001
v 0.02759808 0.00150000 0.10690001
v 0.02768468 0.00155000 0.10700001
v 0.02712132 0.00212132 0.10690001
v 0.02719203 0.00219203 0.10700001
v 0.02650000 0.00259808 0.10690001
v 0.02655000 0.00268468 0.10700001
v 0.02577646 0.00289778 0.10690001
v 0.02580234 0.00299437 0.10700001
v 0.02500000 0.00300000 0.10690001
v 0.02500000 0.00310000 0.10700001
v 0.02422354 0.00289778 0.10690001
v 0.02419766 0.00299437 0.10700001
v 0.02350000 0.00259808 0.10690001
v 0.02345000 0.00268468 0.10700001
v 0.02287868 0.00212132 0.10690001
v 0.02280797 0.00219203 0.10700001
v 0.02240192 0.00150000 0.10690001
v 0.02231532 0.00155000 0.10700001
v 0.02210222 0.00077646 0.10690001
v 0.02200563 0.00080234 0.10700001
v 0.02200000 0.00000000 0.10690001
v 0.02190000 0.00000000 0.10700001
v 0.02210222 -0.00077646 0.10690001
v 0.02200563 -0.00080234 0.10700001
v 0.02240192 -0.00150000 0.10690001
v 0.02231532 -0.00155000 0.10700001
v 0.02287868 -0.00212132 0.10690001
v 0.02280797 -0.00219203 0.10700001
v 0.02350000 -0.00259808 0.10690001
v 0.02345000 -0.00268468 0.10700001
v 0.02422354 -0.00289778 0.10690001
v 0.02419766 -0.00299437 0.10700001
v 0.02500000 -0.00300000 0.10690001
v 0.02500000 -0.00310000 0.10700001
v 0.02500000 -0.00300000 0.09900000
v 0.02500000 -0.00300000 0.10690001
v 0.02577646 -0.00289778 0.09900000
v 0.02577646 -0.00289778 0.10690001
v 0.02650000 -0.00259808 0.09900000
v 0.02650000 -0.00259808 0.10690001
v 0.02712132 -0.00212132 0.09900000
v 0.02712132 -0.00212132 0.10690001
v 0.02759808 -0.00150000 0.09900000
v 0.02759808 -0.00150000 0.10690001
v 0.02789778 -0.00077646 0.09900000
v 0.02789778 -0.00077646 0.10690001
v 0.02800000 0.00000000 0.09900000
v 0.02800000 0.00000000 0.10690001
v 0.02789778 0.00077646 0.09900000
v 0.02789778 0.00077646 0.10690001
v 0.02759808 0.00150000 0.09900000
v 0.02759808 0.00150000 0.10690001
v 0.02712132 0.00212132 0.09900000
v 0.02712132 0.00212132 0.10690001
v 0.02650000 0.00259808 0.09900000
v 0.02650000 0.00259808 0.10690001
v 0.02577646 0.00289778 0.09900000
v 0.02577646 0.00289778 0.10690001
v 0.02500000 0.00300000 0.09900000
v 0.02500000 0.00300000 0.10690001
v 0.02422354 0.00289778 0.09900000
v 0.02422354 0.00289778 0.10690001
v 0.02350000 0.00259808 0.09900000
v 0.02350000 0.00259808 0.10690001
v 0.02287868 0.00212132 0.09900000
v 0.02287868 0.00212132 0.10690001
v 0.02240192 0.00150000 0.09900000
v 0.02240192 0.00150000 0.10690001
v 0.02210222 0.00077646 0.09900000
v 0.02210222 0.00077646 0.10690001
v 0.02200000 0.00000000 0.09900000
v 0.02200000 0.00000000 0.10690001
v 0.02210222 -0.00077646 0.09900000
v 0.02210222 -0.00077646 0.10690001
v 0.02240192 -0.00150000 0.09900000
v 0.02240192 -0.00150000 0.10690001
v 0.02287868 -0.00212132 0.09900000
v 0.02287868 -0.00212132 0.10690001
v 0.02350000 -0.00259808 0.09900000
v 0.02350000 -0.00259808 0.10690001
v 0.02422354 -0.00289778 0.09900000
v 0.02422354 -0.00289778 0.10690001
v 0.02500000 0.00000000 0.09775737
v 0.02577646 -0.00289778 0.09900000
v 0.02650000 -0.00259808 0.09900000
v 0.02500000 -0.00300000 0.09900000
v 0.02500000 0.00000000 0.09775737
v 0.02500000 0.00000000 0.09775737
v 0.02759808 -0.00150000 0.09900000
v 0.02789778 -0.00077646 0.09900000
v 0.02712132 -0.00212132 0.09900000
v 0.02500000 0.00000000 0.09775737
v 0.02500000 0.00000000 0.09775737
v 0.02500000 0.00000000 0.09775737
v 0.02789778 0.00077646 0.09900000
v 0.02759808 0.00150000 0.09900000
v 0.02800000 0.00000000 0.09900000
v 0.02500000 0.00000000 0.09775737
v 0.02500000 0.00000000 0.09775737
v 0.02500000 0.00000000 0.09775737
v 0.02650000 0.00259808 0.09900000
v 0.02577646 0.00289778 0.09900000
v 0.02712132 0.00212132 0.09900000
v 0.02500000 0.00000000 0.09775737
v 0.02500000 0.00000000 0.09775737
v 0.02500000 0.00000000 0.09775737
v 0.02422354 0.00289778 0.09900000
v 0.02350000 0.00259808 0.09900000
v 0.02500000 0.00300000 0.09900000
v 0.02500000 0.00000000 0.09775737
v 0.02500000 0.00000000 0.09775737
v 0.02500000 0.00000000 0.09775737
v 0.02240192 0.00150000 0.09900000
v 0.02210222 0.00077646 0.09900000
v 0.02287868 0.00212132 0.09900000
v 0.02500000 0.00000000 0.09775737
v 0.02500000 0.00000000 0.09775737
v 0.02500000 0.00000000 0.09775737
v 0.02210222 -0.00077646 0.09900000
v 0.02240192 -0.00150000 0.09900000
v 0.02200000 0.00000000 0.09900000
v 0.02500000 0.00000000 0.09775737
v 0.02500000 0.00000000 0.09775737
v 0.02500000 0.00000000 0.09775737
v 0.02350000 -0.00259808 0.09900000
v 0.02422354 -0.00289778 0.09900000
v 0.02287868 -0.00212132 0.09900000
v 0.02500000 0.00000000 0.09775737
v 0.02500000 0.00000000 0.09775737
v 0.02500000 0.00000000 0.09775737
v 0.01242965 -0.00962274 0.09950000
v 0.01344409 -0.00820481 0.09950000
v 0.01342955 -0.00819594 0.09937059
v 0.01568937 -0.00079625 0.09950000
v 0.01573949 0.00057522 0.09950000
v 0.01572247 0.00057460 0.09937059
v 0.00897671 0.01289563 0.09950000
v 0.00770833 0.01373478 0.09950000
v 0.00769999 0.01371992 0.09937059
v -0.00619691 0.01444330 0.09950000
v -0.00770833 0.01373478 0.09950000
v -0.00769999 0.01371992 0.09937059
v -0.01333088 0.00830966 0.09950000
v -0.01400714 0.00720157 0.09950000
v -0.01399199 0.00719378 0.09937059
v -0.01568937 -0.00079625 0.09950000
v -0.01565552 -0.00172260 0.09950000
v -0.01563858 -0.00172073 0.09937059
v -0.00159079 -0.01563357 0.09950000
v 0.00000000 -0.01575000 0.09950000
v 0.00000000 -0.01573296 0.09937059
v 0.00841446 -0.01271847 0.09900000
v 0.00647297 -0.01380809 0.09900000
v 0.00652789 -0.01392526 0.09901704
v 0.00443079 -0.01472733 0.09901704
v 0.00446554 -0.01484281 0.09906700
v 0.00225682 -0.01533482 0.09906700
v 0.00227190 -0.01543727 0.09914645
v 0.00000000 -0.01560355 0.09914645
v 0.00000000 -0.01568301 0.09925000
v -0.00228347 -0.01551588 0.09925000
v -0.00229074 -0.01556530 0.09937059
v -0.00453265 -0.01506589 0.09937059
v 0.00222042 -0.01508749 0.09900000
v 0.00000000 -0.01525000 0.09900000
v 0.00000000 -0.01537941 0.09901704
v -0.00223926 -0.01521552 0.09901704
v -0.00225682 -0.01533482 0.09906700
v -0.00446554 -0.01484281 0.09906700
v -0.00449537 -0.01494197 0.09914645
v -0.00662303 -0.01412821 0.09914645
v -0.00665676 -0.01420016 0.09925000
v -0.00865338 -0.01307960 0.09925000
v -0.00868094 -0.01312126 0.09937059
v -0.01049890 -0.01171747 0.09937059
v -0.00222042 -0.01508749 0.09900000
v -0.00443079 -0.01472733 0.09901704
v -0.00657908 -0.01403445 0.09906700
v -0.00860954 -0.01301333 0.09914645
v -0.01046557 -0.01168027 0.09925000
v -0.01209310 -0.01006395 0.09937059
v -0.01210619 -0.01007485 0.09950000
v -0.01242965 -0.00962274 0.09950000
v -0.00439351 -0.01460341 0.09900000
v -0.00647297 -0.01380809 0.09900000
v -0.00652789 -0.01392526 0.09901704
v -0.00848586 -0.01282639 0.09901704
v -0.00855240 -0.01292697 0.09906700
v -0.01034344 -0.01154397 0.09906700
v -0.01041254 -0.01162109 0.09914645
v -0.01199363 -0.00998117 0.09914645
v -0.01205470 -0.01003200 0.09925000
v -0.01338691 -0.00816991 0.09925000
v -0.01342955 -0.00819594 0.09937059
v -0.01447977 -0.00615324 0.09937059
v -0.00841446 -0.01271847 0.09900000
v -0.01026297 -0.01145416 0.09901704
v -0.01191403 -0.00991493 0.09906700
v -0.01331908 -0.00812852 0.09914645
v -0.01443380 -0.00613370 0.09925000
v -0.01522138 -0.00397939 0.09937059
v -0.01523787 -0.00398370 0.09950000
v -0.01524459 -0.00394729 0.09950000
v -0.01172187 -0.00975501 0.09900000
v -0.01301729 -0.00794434 0.09900000
v -0.01312776 -0.00801176 0.09901704
v -0.01415438 -0.00601496 0.09901704
v -0.01426537 -0.00606212 0.09906700
v -0.01499600 -0.00392047 0.09906700
v -0.01509618 -0.00394666 0.09914645
v -0.01550995 -0.00170658 0.09914645
v -0.01558893 -0.00171527 0.09925000
v -0.01567255 0.00057278 0.09925000
v -0.01572247 0.00057460 0.09937059
v -0.01547126 0.00285769 0.09937059
v -0.01403528 -0.00596435 0.09900000
v -0.01487933 -0.00388997 0.09901704
v -0.01540702 -0.00169525 0.09906700
v -0.01559314 0.00056987 0.09914645
v -0.01542214 0.00284861 0.09925000
v -0.01489030 0.00507987 0.09937059
v -0.01490643 0.00508537 0.09950000
v -0.01474703 0.00546047 0.09950000
v -0.01515851 -0.00166791 0.09900000
v -0.01523983 0.00055696 0.09900000
v -0.01536915 0.00056169 0.09901704
v -0.01512358 0.00279347 0.09901704
v -0.01524217 0.00281537 0.09906700
v -0.01466982 0.00500465 0.09906700
v -0.01476782 0.00503808 0.09914645
v -0.01387690 0.00713461 0.09914645
v -0.01394756 0.00717094 0.09925000
v -0.01275483 0.00912530 0.09925000
v -0.01279546 0.00915437 0.09937059
v -0.01132621 0.01091984 0.09937059
v -0.01499633 0.00276996 0.09900000
v -0.01455568 0.00496571 0.09901704
v -0.01378480 0.00708726 0.09906700
v -0.01269021 0.00907907 0.09914645
v -0.01129025 0.01088517 0.09925000
v -0.00961557 0.01245258 0.09937059
v -0.00962599 0.01246607 0.09950000
v -0.00897671 0.01289563 0.09950000
v -0.01356247 0.00697295 0.09900000
v -0.01240267 0.00887335 0.09900000
v -0.01250792 0.00894865 0.09901704
v -0.01107169 0.01067445 0.09901704
v -0.01115850 0.01075815 0.09906700
v -0.00947319 0.01226820 0.09906700
v -0.00953648 0.01235016 0.09914645
v -0.00763666 0.01360707 0.09914645
v -0.00767555 0.01367636 0.09925000
v -0.00560246 0.01464819 0.09925000
v -0.00562030 0.01469484 0.09937059
v -0.00342082 0.01535657 0.09937059
v -0.00932040 0.01207032 0.09900000
v -0.00746362 0.01329875 0.09900000
v -0.00752696 0.01341160 0.09901704
v -0.00549400 0.01436462 0.09901704
v -0.00553708 0.01447725 0.09906700
v -0.00337017 0.01512918 0.09906700
v -0.00339268 0.01523025 0.09914645
v -0.00113899 0.01556193 0.09914645
v -0.00114479 0.01564118 0.09925000
v 0.00114479 0.01564118 0.09925000
v 0.00114843 0.01569099 0.09937059
v 0.00342082 0.01535657 0.09937059
v -0.00544777 0.01424374 0.09900000
v -0.00334395 0.01501147 0.09901704
v -0.00113143 0.01545865 0.09906700
v 0.00113899 0.01556193 0.09914645
v 0.00340996 0.01530781 0.09925000
v 0.00562030 0.01469484 0.09937059
v 0.00562639 0.01471075 0.09950000
v 0.00619691 0.01444330 0.09950000
v -0.00111318 0.01520932 0.09900000
v 0.00111318 0.01520932 0.09900000
v 0.00112263 0.01533838 0.09901704
v 0.00334395 0.01501147 0.09901704
v 0.00337017 0.01512918 0.09906700
v 0.00553708 0.01447725 0.09906700
v 0.00557407 0.01457397 0.09914645
v 0.00763666 0.01360707 0.09914645
v 0.00767555 0.01367636 0.09925000
v 0.00958505 0.01241305 0.09925000
v 0.00961557 0.01245258 0.09937059
v 0.01132621 0.01091984 0.09937059
v 0.00544777 0.01424374 0.09900000
v 0.00746362 0.01329875 0.09900000
v 0.00752696 0.01341160 0.09901704
v 0.00939949 0.01217275 0.09901704
v 0.00947319 0.01226820 0.09906700
v 0.01115850 0.01075815 0.09906700
v 0.01123305 0.01083002 0.09914645
v 0.01269021 0.00907907 0.09914645
v 0.01275483 0.00912530 0.09925000
v 0.01394756 0.00717094 0.09925000
v 0.01399199 0.00719378 0.09937059
v 0.01489030 0.00507987 0.09937059
v 0.00932040 0.01207032 0.09900000
v 0.01107169 0.01067445 0.09901704
v 0.01260599 0.00901881 0.09906700
v 0.01387690 0.00713461 0.09914645
v 0.01484303 0.00506374 0.09925000
v 0.01547126 0.00285769 0.09937059
v 0.01548801 0.00286078 0.09950000
v 0.01554070 0.00238194 0.09950000
v 0.01240267 0.00887335 0.09900000
v 0.01356247 0.00697295 0.09900000
v 0.01367756 0.00703212 0.09901704
v 0.01455568 0.00496571 0.09901704
v 0.01466982 0.00500465 0.09906700
v 0.01524217 0.00281537 0.09906700
v 0.01534400 0.00283418 0.09914645
v 0.01559314 0.00056987 0.09914645
v 0.01567255 0.00057278 0.09925000
v 0.01558893 -0.00171527 0.09925000
v 0.01563858 -0.00172073 0.09937059
v 0.01522138 -0.00397939 0.09937059
v 0.01443321 0.00492393 0.09900000
v 0.01512358 0.00279347 0.09901704
v 0.01548966 0.00056609 0.09906700
v 0.01550995 -0.00170658 0.09914645
v 0.01517306 -0.00396676 0.09925000
v 0.01447977 -0.00615324 0.09937059
v 0.01449545 -0.00615990 0.09950000
v 0.01410554 -0.00691828 0.09950000
v 0.01523983 0.00055696 0.09900000
v 0.01515851 -0.00166791 0.09900000
v 0.01528715 -0.00168207 0.09901704
v 0.01487933 -0.00388997 0.09901704
v 0.01499600 -0.00392047 0.09906700
v 0.01426537 -0.00606212 0.09906700
v 0.01436067 -0.00610262 0.09914645
v 0.01331908 -0.00812852 0.09914645
v 0.01338691 -0.00816991 0.09925000
v 0.01205470 -0.01003200 0.09925000
v 0.01209310 -0.01006395 0.09937059
v 0.01049890 -0.01171747 0.09937059
v 0.01403528 -0.00596435 0.09900000
v 0.01301729 -0.00794434 0.09900000
v 0.01312776 -0.00801176 0.09901704
v 0.01182134 -0.00983779 0.09901704
v 0.01191403 -0.00991493 0.09906700
v 0.01034344 -0.01154397 0.09906700
v 0.01041254 -0.01162109 0.09914645
v 0.00860954 -0.01301333 0.09914645
v 0.00865338 -0.01307960 0.09925000
v 0.00665676 -0.01420016 0.09925000
v 0.00667796 -0.01424538 0.09937059
v 0.00453265 -0.01506589 0.09937059
v 0.01172187 -0.00975501 0.09900000
v 0.01026297 -0.01145416 0.09901704
v 0.00855240 -0.01292697 0.09906700
v 0.00662303 -0.01412821 0.09914645
v 0.00451826 -0.01501806 0.09925000
v 0.00229074 -0.01556530 0.09937059
v 0.00229322 -0.01558216 0.09950000
v 0.00159079 -0.01563357 0.09950000
v 0.01017661 -0.01135778 0.09900000
v 0.00848586 -0.01282639 0.09901704
v 0.00657908 -0.01403445 0.09906700
v 0.00449537 -0.01494197 0.09914645
v 0.00228347 -0.01551588 0.09925000
v -0.00762303 -0.01373447 0.09950000
v -0.00668519 -0.01426081 0.09950000
v -0.00667796 -0.01424538 0.09937059
v -0.00451826 -0.01501806 0.09925000
v -0.00227190 -0.01543727 0.09914645
v 0.00000000 -0.01550000 0.09906700
v 0.00223926 -0.01521552 0.09901704
v 0.00439351 -0.01460341 0.09900000
v -0.00471052 -0.01501606 0.09950000
v -0.00453756 -0.01508221 0.09950000
v -0.00229322 -0.01558216 0.09950000
v -0.01051027 -0.01173016 0.09950000
v -0.01024637 -0.01193394 0.09950000
v -0.00869034 -0.01313547 0.09950000
v -0.01449545 -0.00615990 0.09950000
v -0.01410554 -0.00691828 0.09950000
v -0.01344409 -0.00820481 0.09950000
v -0.01517306 -0.00396676 0.09925000
v -0.01436067 -0.00610262 0.09914645
v -0.01323069 -0.00807458 0.09906700
v -0.01182134 -0.00983779 0.09901704
v -0.01017661 -0.01135778 0.09900000
v -0.01548801 0.00286078 0.09950000
v -0.01554070 0.00238194 0.09950000
v -0.01573949 0.00057522 0.09950000
v -0.01475413 -0.00385723 0.09900000
v -0.01528715 -0.00168207 0.09901704
v -0.01548966 0.00056609 0.09906700
v -0.01534400 0.00283418 0.09914645
v -0.01484303 0.00506374 0.09925000
v -0.01133848 0.01093167 0.09950000
v -0.01140954 0.01084628 0.09950000
v -0.01280931 0.00916428 0.09950000
v -0.01443321 0.00492393 0.09900000
v -0.01367756 0.00703212 0.09901704
v -0.01260599 0.00901881 0.09906700
v -0.01123305 0.01083002 0.09914645
v -0.00958505 0.01241305 0.09925000
v 0.00000000 0.01570798 0.09950000
v -0.00114968 0.01570798 0.09950000
v -0.00114843 0.01569099 0.09937059
v -0.00340996 0.01530781 0.09925000
v -0.00557407 0.01457397 0.09914645
v -0.00758598 0.01351677 0.09906700
v -0.00939949 0.01217275 0.09901704
v -0.01097853 0.01058463 0.09900000
v -0.00316800 0.01541095 0.09950000
v -0.00342453 0.01537320 0.09950000
v -0.00562639 0.01471075 0.09950000
v 0.00342453 0.01537320 0.09950000
v 0.00316800 0.01541095 0.09950000
v 0.00114968 0.01570798 0.09950000
v -0.00331581 0.01488516 0.09900000
v -0.00112263 0.01533838 0.09901704
v 0.00113143 0.01545865 0.09906700
v 0.00339268 0.01523025 0.09914645
v 0.00560246 0.01464819 0.09925000
v 0.01333088 0.00830966 0.09950000
v 0.01280931 0.00916428 0.09950000
v 0.01279546 0.00915437 0.09937059
v 0.01129025 0.01088517 0.09925000
v 0.00953648 0.01235016 0.09914645
v 0.00758598 0.01351677 0.09906700
v 0.00549400 0.01436462 0.09901704
v 0.00331581 0.01488516 0.09900000
v 0.01140954 0.01084628 0.09950000
v 0.01133848 0.01093167 0.09950000
v 0.00962599 0.01246607 0.09950000
v 0.01490643 0.00508537 0.09950000
v 0.01474703 0.00546047 0.09950000
v 0.01400714 0.00720157 0.09950000
v 0.01097853 0.01058463 0.09900000
v 0.01250792 0.00894865 0.09901704
v 0.01378480 0.00708726 0.09906700
v 0.01476782 0.00503808 0.09914645
v 0.01542214 0.00284861 0.09925000
v 0.01523787 -0.00398370 0.09950000
v 0.01524459 -0.00394729 0.09950000
v 0.01565552 -0.00172260 0.09950000
v 0.01499633 0.00276996 0.09900000
v 0.01536915 0.00056169 0.09901704
v 0.01540702 -0.00169525 0.09906700
v 0.01509618 -0.00394666 0.09914645
v 0.01443380 -0.00613370 0.09925000
v 0.00762303 -0.01373447 0.09950000
v 0.00869034 -0.01313547 0.09950000
v 0.00868094 -0.01312126 0.09937059
v 0.01046557 -0.01168027 0.09925000
v 0.01199363 -0.00998117 0.09914645
v 0.01323069 -0.00807458 0.09906700
v 0.01415438 -0.00601496 0.09901704
v 0.01475413 -0.00385723 0.09900000
v 0.01024637 -0.01193394 0.09950000
v 0.01051027 -0.01173016 0.09950000
v 0.01210619 -0.01007485 0.09950000
v 0.00453756 -0.01508221 0.09950000
v 0.00471052 -0.01501606 0.09950000
v 0.00668519 -0.01426081 0.09950000
v -0.02480534 -0.01774670 0.10700001
v -0.02561863 -0.01832855 0.10600001
v -0.02267696 -0.02186334 0.10600001
v -0.01337039 0.02852162 0.10600001
v -0.00878702 0.02920682 0.10700001
v -0.00907512 0.03016442 0.10600001
v -0.00500186 0.03005000 0.10700001
v -0.00458644 0.03116432 0.10600001
v -0.01738068 0.02627093 0.10600001
v -0.01350257 0.02730377 0.10700001
v -0.01294593 0.02761617 0.10700001
v -0.02392394 0.01883884 0.10700001
v -0.02344374 0.01951003 0.10700001
v -0.02421239 0.02014970 0.10600001
v -0.02035322 0.02271555 0.10700001
v -0.02102054 0.02346032 0.10600001
v -0.01883884 0.02388492 0.10700001
v -0.01682892 0.02543693 0.10700001
v -0.02603459 0.01588868 0.10700001
v -0.02688818 0.01640962 0.10600001
v -0.02726137 0.01350257 0.10700001
v -0.02899090 0.01231980 0.10600001
v -0.02807056 0.01192869 0.10700001
v -0.02946586 0.00783874 0.10700001
v -0.03047574 0.00796740 0.10600001
v -0.02950825 0.00771447 0.10700001
v -0.03005000 0.00478150 0.10700001
v -0.03131103 0.00344519 0.10600001
v -0.03031703 0.00333582 0.10700001
v -0.03147899 -0.00115044 0.10600001
v -0.03047965 -0.00111392 0.10700001
v -0.03005000 -0.00501874 0.10700001
v -0.03097602 -0.00572156 0.10600001
v -0.02999265 -0.00553992 0.10700001
v -0.02981285 -0.01017073 0.10600001
v -0.02886641 -0.00984785 0.10700001
v -0.02731333 -0.01350257 0.10700001
v -0.02801428 -0.01440313 0.10600001
v -0.02712494 -0.01394589 0.10700001
v -0.02620171 -0.01545866 0.10700001
v -0.01541666 -0.02746956 0.10600001
v -0.01864080 -0.02414064 0.10700001
v -0.01925197 -0.02493214 0.10600001
v -0.01883884 -0.02396320 0.10700001
v -0.02195706 -0.02116926 0.10700001
v -0.01089554 -0.02848749 0.10700001
v -0.01350257 -0.02726536 0.10700001
v -0.01492724 -0.02659751 0.10700001
v -0.01125277 -0.02942151 0.10600001
v -0.00684905 -0.03074639 0.10600001
v -0.00663162 -0.02977032 0.10700001
v -0.00229935 -0.03141597 0.10600001
v -0.00222636 -0.03041864 0.10700001
v 0.00000000 -0.03050000 0.10700001
v 0.00000000 -0.03150000 0.10600001
v 0.00222636 -0.03041864 0.10700001
v 0.01125277 -0.02942151 0.10600001
v 0.00663162 -0.02977032 0.10700001
v 0.00684905 -0.03074639 0.10600001
v 0.00229935 -0.03141597 0.10600001
v 0.01925197 -0.02493214 0.10600001
v 0.01492724 -0.02659751 0.10700001
v 0.01541666 -0.02746956 0.10600001
v 0.01350257 -0.02726536 0.10700001
v 0.01089554 -0.02848749 0.10700001
v 0.02561863 -0.01832855 0.10600001
v 0.02195706 -0.02116926 0.10700001
v 0.02267696 -0.02186334 0.10600001
v 0.01883884 -0.02396320 0.10700001
v 0.01864080 -0.02414064 0.10700001
v 0.02801428 -0.01440313 0.10600001
v 0.02620171 -0.01545866 0.10700001
v 0.02480534 -0.01774670 0.10700001
v 0.03047574 0.00796740 0.10600001
v 0.03031703 0.00333582 0.10700001
v 0.03131103 0.00344519 0.10600001
v 0.03047965 -0.00111392 0.10700001
v 0.03147899 -0.00115044 0.10600001
v 0.02999265 -0.00553992 0.10700001
v 0.03097602 -0.00572156 0.10600001
v 0.02886641 -0.00984785 0.10700001
v 0.02981285 -0.01017073 0.10600001
v 0.02731333 -0.01350257 0.10700001
v 0.02712494 -0.01394589 0.10700001
v 0.02726137 0.01350257 0.10700001
v 0.02807056 0.01192869 0.10700001
v 0.02899090 0.01231980 0.10600001
v 0.02946586 0.00783874 0.10700001
v 0.02950825 0.00771447 0.10700001
v 0.02603459 0.01588868 0.10700001
v 0.02688818 0.01640962 0.10600001
v 0.02392394 0.01883884 0.10700001
v 0.02421239 0.02014970 0.10600001
v 0.02344374 0.01951003 0.10700001
v 0.02102054 0.02346032 0.10600001
v 0.02035322 0.02271555 0.10700001
v 0.00907512 0.03016442 0.10600001
v 0.01294593 0.02761617 0.10700001
v 0.01337039 0.02852162 0.10600001
v 0.01350257 0.02730377 0.10700001
v 0.01738068 0.02627093 0.10600001
v 0.01682892 0.02543693 0.10700001
v 0.01883884 0.02388492 0.10700001
v -0.00444084 0.03017497 0.10700001
v 0.00000000 0.03050000 0.10700001
v 0.00000000 0.03150000 0.10600001
v 0.00444084 0.03017497 0.10700001
v 0.00458644 0.03116432 0.10600001
v 0.00500186 0.03005000 0.10700001
v 0.00878702 0.02920682 0.10700001
v -0.00640995 -0.01547498 0.10700001
v -0.00326776 -0.01642815 0.10700001
v -0.00307267 -0.01544737 0.10600001
v -0.00469316 -0.01495580 0.10600001
v -0.00602726 -0.01455110 0.10600001
v -0.00644049 -0.01545866 0.10700001
v -0.00930580 -0.01392712 0.10700001
v -0.00760869 -0.01370582 0.10600001
v -0.00875023 -0.01309565 0.10600001
v -0.00982311 -0.01350257 0.10700001
v -0.01184404 -0.01184404 0.10700001
v -0.01021346 -0.01189481 0.10600001
v -0.01113693 -0.01113693 0.10600001
v -0.01350257 -0.00982311 0.10700001
v -0.01240104 -0.00959662 0.10600001
v -0.01392712 -0.00930580 0.10700001
v -0.01309565 -0.00875023 0.10600001
v -0.01547498 -0.00640995 0.10700001
v -0.01408196 -0.00690496 0.10600001
v -0.01455110 -0.00602726 0.10600001
v -0.01642815 -0.00326776 0.10700001
v -0.01518741 -0.00392964 0.10600001
v -0.01544737 -0.00307267 0.10600001
v -0.01675000 0.00000000 0.10700001
v -0.01567199 -0.00079203 0.10600001
v -0.01575000 0.00000000 0.10600001
v -0.01551561 0.00237979 0.10600001
v -0.01642815 0.00326776 0.10700001
v -0.01544737 0.00307267 0.10600001
v -0.01472430 0.00545632 0.10600001
v -0.01547498 0.00640995 0.10700001
v -0.01455110 0.00602726 0.10600001
v -0.01471128 0.00783874 0.10700001
v -0.01332997 0.00831185 0.10600001
v -0.01392712 0.00930580 0.10700001
v -0.01309565 0.00875023 0.10600001
v -0.01350257 0.00982311 0.10700001
v -0.01138914 0.01082961 0.10600001
v -0.01184404 0.01184404 0.10700001
v -0.01113693 0.01113693 0.10600001
v -0.00982311 0.01350257 0.10700001
v -0.00898066 0.01290654 0.10600001
v -0.00930580 0.01392712 0.10700001
v -0.00875023 0.01309565 0.10600001
v -0.00620248 0.01445745 0.10600001
v -0.00640995 0.01547498 0.10700001
v -0.00602726 0.01455110 0.10600001
v -0.00316771 0.01541854 0.10600001
v -0.00326776 0.01642815 0.10700001
v -0.00307267 0.01544737 0.10600001
v 0.00000000 0.01675000 0.10700001
v 0.00000000 0.01575000 0.10600001
v 0.00326776 0.01642815 0.10700001
v 0.00307267 0.01544737 0.10600001
v 0.00316771 0.01541854 0.10600001
v 0.00640995 0.01547498 0.10700001
v 0.00602726 0.01455110 0.10600001
v 0.00620248 0.01445745 0.10600001
v 0.00930580 0.01392712 0.10700001
v 0.00875023 0.01309565 0.10600001
v 0.00982311 0.01350257 0.10700001
v 0.00898066 0.01290654 0.10600001
v 0.01184404 0.01184404 0.10700001
v 0.01113693 0.01113693 0.10600001
v 0.01138914 0.01082961 0.10600001
v 0.01350257 0.00982311 0.10700001
v 0.01309565 0.00875023 0.10600001
v 0.01392712 0.00930580 0.10700001
v 0.01471128 0.00783874 0.10700001
v 0.01332997 0.00831185 0.10600001
v 0.01547498 0.00640995 0.10700001
v 0.01455110 0.00602726 0.10600001
v 0.01472430 0.00545632 0.10600001
v 0.01642815 0.00326776 0.10700001
v 0.01544737 0.00307267 0.10600001
v 0.01551561 0.00237979 0.10600001
v 0.01675000 0.00000000 0.10700001
v 0.01575000 0.00000000 0.10600001
v 0.01567199 -0.00079203 0.10600001
v 0.01642815 -0.00326776 0.10700001
v 0.01544737 -0.00307267 0.10600001
v 0.01518741 -0.00392964 0.10600001
v 0.01547498 -0.00640995 0.10700001
v 0.01455110 -0.00602726 0.10600001
v 0.01408196 -0.00690496 0.10600001
v 0.01392712 -0.00930580 0.10700001
v 0.01309565 -0.00875023 0.10600001
v 0.01350257 -0.00982311 0.10700001
v 0.01240104 -0.00959662 0.10600001
v 0.01184404 -0.01184404 0.10700001
v 0.01113693 -0.01113693 0.10600001
v 0.01021346 -0.01189481 0.10600001
v 0.00982311 -0.01350257 0.10700001
v 0.00875023 -0.01309565 0.10600001
v 0.00930580 -0.01392712 0.10700001
v 0.00760869 -0.01370582 0.10600001
v 0.00644049 -0.01545866 0.10700001
v 0.00602726 -0.01455110 0.10600001
v 0.00640995 -0.01547498 0.10700001
v 0.00469316 -0.01495580 0.10600001
v 0.00326776 -0.01642815 0.10700001
v 0.00307267 -0.01544737 0.10600001
v 0.00158598 -0.01559379 0.10600001
v 0.00000000 -0.01675000 0.10700001
v 0.00000000 -0.01575000 0.10600001
v -0.00158598 -0.01559379 0.10600001
v 0.03118352 -0.00915631 0.09800000
v 0.03529580 -0.01337736 0.09800000
v 0.03216920 -0.00462523 0.09800000
v 0.03591712 -0.01290060 0.09800000
v 0.03250000 0.00000000 0.09800000
v 0.03664066 -0.01260090 0.09800000
v 0.03741712 -0.01249868 0.09800000
v 0.03819358 -0.01260090 0.09800000
v -0.02734074 0.01757083 0.09800000
v -0.02456186 0.02128297 0.09800000
v -0.03481904 0.01699868 0.09800000
v -0.02128297 0.02456186 0.09800000
v -0.01757083 0.02734074 0.09800000
v 0.01849868 0.03741712 0.09800000
v 0.01839646 0.03664066 0.09800000
v 0.01809675 0.03591712 0.09800000
v 0.03591712 0.01809675 0.09800000
v -0.01809675 0.03591712 0.09800000
v -0.03819358 -0.01260090 0.09800000
v -0.03741712 -0.01249868 0.09800000
v 0.03891712 -0.01290060 0.09800000
v 0.03953844 -0.01337736 0.09800000
v 0.03819358 0.01260090 0.09800000
v 0.03891712 0.01290060 0.09800000
v 0.03953844 0.01337736 0.09800000
v 0.03118352 0.00915631 0.09800000
v 0.03216920 0.00462523 0.09800000
v 0.03591712 0.01290060 0.09800000
v 0.01337736 0.03953844 0.09800000
v 0.03529580 0.01762000 0.09800000
v -0.03451934 0.01627514 0.09800000
v -0.03441712 0.01549868 0.09800000
v -0.02956304 0.01350099 0.09800000
v -0.03451934 0.01472222 0.09800000
v -0.03118352 0.00915631 0.09800000
v -0.03216920 0.00462523 0.09800000
v -0.03664066 0.01260090 0.09800000
v -0.03741712 0.01249868 0.09800000
v -0.03891712 -0.01290060 0.09800000
v -0.03953844 -0.01337736 0.09800000
v -0.03118352 -0.00915631 0.09800000
v -0.03481904 -0.01399868 0.09800000
v -0.02956304 -0.01350099 0.09800000
v -0.03451934 -0.01472222 0.09800000
v -0.02734074 -0.01757083 0.09800000
v -0.03441712 -0.01549868 0.09800000
v -0.02456186 -0.02128297 0.09800000
v -0.03451934 -0.01627514 0.09800000
v -0.02128297 -0.02456186 0.09800000
v -0.01757083 -0.02734074 0.09800000
v 0.01260090 -0.03819358 0.09800000
v 0.01249868 -0.03741712 0.09800000
v 0.00915631 -0.03118352 0.09800000
v 0.01399868 -0.03481904 0.09800000
v 0.01350099 -0.02956304 0.09800000
v 0.01472222 -0.03451934 0.09800000
v 0.01757083 -0.02734074 0.09800000
v 0.03664066 0.01260090 0.09800000
v 0.03741712 0.01249868 0.09800000
v 0.01762000 0.03529580 0.09800000
v 0.03664066 0.01839646 0.09800000
v 0.03741712 0.01849868 0.09800000
v -0.01809675 -0.03591712 0.09800000
v -0.01762000 -0.03529580 0.09800000
v -0.01699868 -0.03481904 0.09800000
v -0.01627514 -0.03451934 0.09800000
v -0.01549868 -0.03441712 0.09800000
v -0.01350099 -0.02956304 0.09800000
v -0.01472222 -0.03451934 0.09800000
v -0.00915631 -0.03118352 0.09800000
v 0.03529580 -0.01762000 0.09800000
v 0.03481904 -0.01699868 0.09800000
v 0.02456186 -0.02128297 0.09800000
v 0.03451934 -0.01627514 0.09800000
v 0.02734074 -0.01757083 0.09800000
v 0.03441712 -0.01549868 0.09800000
v 0.02956304 -0.01350099 0.09800000
v 0.03451934 -0.01472222 0.09800000
v 0.03481904 -0.01399868 0.09800000
v 0.03529580 0.01337736 0.09800000
v 0.03481904 0.01399868 0.09800000
v 0.02956304 0.01350099 0.09800000
v 0.03451934 0.01472222 0.09800000
v 0.02734074 0.01757083 0.09800000
v 0.03441712 0.01549868 0.09800000
v 0.02456186 0.02128297 0.09800000
v 0.02128297 0.02456186 0.09800000
v 0.01757083 0.02734074 0.09800000
v 0.03481904 0.01699868 0.09800000
v -0.03481904 0.01399868 0.09800000
v -0.03529580 0.01337736 0.09800000
v -0.03591712 0.01290060 0.09800000
v -0.03250000 0.00000000 0.09800000
v -0.03664066 -0.01260090 0.09800000
v -0.03216920 -0.00462523 0.09800000
v -0.03591712 -0.01290060 0.09800000
v -0.03529580 -0.01337736 0.09800000
v -0.03819358 0.01260090 0.09800000
v -0.03891712 0.01290060 0.09800000
v -0.03953844 0.01337736 0.09800000
v -0.03481904 -0.01699868 0.09800000
v 0.01260090 -0.03664066 0.09800000
v 0.00462523 -0.03216920 0.09800000
v 0.01290060 -0.03591712 0.09800000
v 0.01337736 -0.03529580 0.09800000
v -0.01260090 -0.03819358 0.09800000
v -0.01290060 -0.03891712 0.09800000
v -0.01337736 -0.03953844 0.09800000
v 0.03591712 -0.01809675 0.09800000
v -0.03591712 -0.01809675 0.09800000
v -0.03664066 -0.01839646 0.09800000
v -0.03741712 -0.01849868 0.09800000
v -0.01249868 -0.03741712 0.09800000
v -0.01260090 -0.03664066 0.09800000
v 0.00000000 -0.03250000 0.09800000
v -0.01290060 -0.03591712 0.09800000
v -0.00462523 -0.03216920 0.09800000
v -0.01337736 -0.03529580 0.09800000
v -0.01399868 -0.03481904 0.09800000
v 0.03664066 -0.01839646 0.09800000
v 0.03741712 -0.01849868 0.09800000
v 0.03451934 0.01627514 0.09800000
v -0.01260090 0.03819358 0.09800000
v -0.01249868 0.03741712 0.09800000
v -0.00915631 0.03118352 0.09800000
v -0.01399868 0.03481904 0.09800000
v -0.01350099 0.02956304 0.09800000
v -0.01472222 0.03451934 0.09800000
v -0.03529580 -0.01762000 0.09800000
v 0.01290060 -0.03891712 0.09800000
v 0.01337736 -0.03953844 0.09800000
v 0.01809675 -0.03591712 0.09800000
v 0.01762000 -0.03529580 0.09800000
v 0.01699868 -0.03481904 0.09800000
v 0.02128297 -0.02456186 0.09800000
v 0.01627514 -0.03451934 0.09800000
v 0.01549868 -0.03441712 0.09800000
v 0.01839646 -0.03664066 0.09800000
v 0.01849868 -0.03741712 0.09800000
v 0.01699868 0.03481904 0.09800000
v 0.01627514 0.03451934 0.09800000
v 0.01549868 0.03441712 0.09800000
v 0.01350099 0.02956304 0.09800000
v 0.01472222 0.03451934 0.09800000
v 0.00915631 0.03118352 0.09800000
v 0.01399868 0.03481904 0.09800000
v 0.01337736 0.03529580 0.09800000
v 0.00462523 0.03216920 0.09800000
v 0.01290060 0.03591712 0.09800000
v 0.00000000 0.03250000 0.09800000
v 0.01260090 0.03664066 0.09800000
v 0.01249868 0.03741712 0.09800000
v -0.01839646 0.03664066 0.09800000
v -0.01849868 0.03741712 0.09800000
v -0.01839646 -0.03664066 0.09800000
v -0.01849868 -0.03741712 0.09800000
v 0.01290060 0.03891712 0.09800000
v 0.01260090 0.03819358 0.09800000
v -0.01290060 0.03891712 0.09800000
v -0.01337736 0.03953844 0.09800000
v -0.01260090 0.03664066 0.09800000
v -0.00462523 0.03216920 0.09800000
v -0.01290060 0.03591712 0.09800000
v -0.01337736 0.03529580 0.09800000
v -0.03591712 0.01809675 0.09800000
v -0.03664066 0.01839646 0.09800000
v -0.03741712 0.01849868 0.09800000
v -0.01762000 0.03529580 0.09800000
v -0.03529580 0.01762000 0.09800000
v -0.01699868 0.03481904 0.09800000
v -0.01627514 0.03451934 0.09800000
v -0.01549868 0.03441712 0.09800000
v -0.00887458 0.03022403 0.09900000
v -0.00458489 0.03115719 0.09900000
v -0.00915631 0.03118352 0.09800000
v -0.00462523 0.03216920 0.09800000
v -0.00907015 0.03015109 0.09900000
v -0.01350099 0.02956304 0.09800000
v -0.01308557 0.02865341 0.09900000
v -0.01336040 0.02850334 0.09900000
v -0.01757083 0.02734074 0.09800000
v -0.01703019 0.02649949 0.09900000
v -0.01736446 0.02624925 0.09900000
v -0.02128297 0.02456186 0.09800000
v -0.02062811 0.02380611 0.09900000
v -0.02099722 0.02343700 0.09900000
v -0.02456186 0.02128297 0.09800000
v -0.02380611 0.02062811 0.09900000
v -0.02418154 0.02012661 0.09900000
v -0.02734074 0.01757083 0.09800000
v -0.02649949 0.01703019 0.09900000
v -0.02684979 0.01638866 0.09900000
v -0.02956304 0.01350099 0.09800000
v -0.02865341 0.01308557 0.09900000
v -0.03118352 0.00915631 0.09800000
v -0.03022403 0.00887458 0.09900000
v -0.02894536 0.01230281 0.09900000
v -0.03216920 0.00462523 0.09800000
v -0.03250000 0.00000000 0.09800000
v -0.03150000 0.00000000 0.09900000
v -0.03125389 0.00344111 0.09900000
v -0.03117938 0.00448292 0.09900000
v -0.03042383 0.00795611 0.09900000
v -0.03216920 -0.00462523 0.09800000
v -0.03118352 -0.00915631 0.09800000
v -0.03022403 -0.00887458 0.09900000
v -0.03091291 -0.00570783 0.09900000
v -0.03117938 -0.00448292 0.09900000
v -0.03141803 -0.00114608 0.09900000
v -0.02956304 -0.01350099 0.09800000
v -0.02734074 -0.01757083 0.09800000
v -0.02649949 -0.01703019 0.09900000
v -0.02795241 -0.01436935 0.09900000
v -0.02865341 -0.01308557 0.09900000
v -0.02974941 -0.01014707 0.09900000
v -0.02456186 -0.02128297 0.09800000
v -0.02128297 -0.02456186 0.09800000
v -0.02062811 -0.02380611 0.09900000
v -0.02262392 -0.02181030 0.09900000
v -0.02380611 -0.02062811 0.09900000
v -0.02556025 -0.01828486 0.09900000
v -0.01757083 -0.02734074 0.09800000
v -0.01350099 -0.02956304 0.09800000
v -0.01308557 -0.02865341 0.09900000
v -0.01537922 -0.02740098 0.09900000
v -0.01703019 -0.02649949 0.09900000
v -0.01920598 -0.02487071 0.09900000
v -0.00915631 -0.03118352 0.09800000
v -0.00462523 -0.03216920 0.09800000
v -0.00448292 -0.03117938 0.09900000
v -0.00683207 -0.03066835 0.09900000
v -0.00887458 -0.03022403 0.09900000
v -0.01122511 -0.02934733 0.09900000
v 0.00462523 -0.03216920 0.09800000
v 0.00229363 -0.03133596 0.09900000
v 0.00000000 -0.03250000 0.09800000
v 0.00000000 -0.03150000 0.09900000
v -0.00229363 -0.03133596 0.09900000
v 0.00915631 -0.03118352 0.09800000
v 0.00683207 -0.03066835 0.09900000
v 0.00448292 -0.03117938 0.09900000
v 0.01350099 -0.02956304 0.09800000
v 0.01122511 -0.02934733 0.09900000
v 0.00887458 -0.03022403 0.09900000
v 0.01757083 -0.02734074 0.09800000
v 0.01537922 -0.02740098 0.09900000
v 0.01308557 -0.02865341 0.09900000
v 0.02128297 -0.02456186 0.09800000
v 0.01920598 -0.02487071 0.09900000
v 0.01703019 -0.02649949 0.09900000
v 0.02456186 -0.02128297 0.09800000
v 0.02262392 -0.02181030 0.09900000
v 0.02062811 -0.02380611 0.09900000
v 0.02734074 -0.01757083 0.09800000
v 0.02556025 -0.01828486 0.09900000
v 0.02380611 -0.02062811 0.09900000
v 0.02956304 -0.01350099 0.09800000
v 0.02795241 -0.01436935 0.09900000
v 0.02649949 -0.01703019 0.09900000
v 0.03118352 -0.00915631 0.09800000
v 0.02974941 -0.01014707 0.09900000
v 0.02865341 -0.01308557 0.09900000
v 0.03216920 -0.00462523 0.09800000
v 0.03091291 -0.00570783 0.09900000
v 0.03022403 -0.00887458 0.09900000
v 0.03250000 0.00000000 0.09800000
v 0.03141803 -0.00114608 0.09900000
v 0.03117938 -0.00448292 0.09900000
v 0.03216920 0.00462523 0.09800000
v 0.03125389 0.00344111 0.09900000
v 0.03150000 0.00000000 0.09900000
v 0.03118352 0.00915631 0.09800000
v 0.03042383 0.00795611 0.09900000
v 0.03117938 0.00448292 0.09900000
v 0.02956304 0.01350099 0.09800000
v 0.02894536 0.01230281 0.09900000
v 0.03022403 0.00887458 0.09900000
v 0.02734074 0.01757083 0.09800000
v 0.02684979 0.01638866 0.09900000
v 0.02865341 0.01308557 0.09900000
v 0.02456186 0.02128297 0.09800000
v 0.02418154 0.02012661 0.09900000
v 0.02649949 0.01703019 0.09900000
v 0.02128297 0.02456186 0.09800000
v 0.02099722 0.02343700 0.09900000
v 0.02380611 0.02062811 0.09900000
v 0.01757083 0.02734074 0.09800000
v 0.01736446 0.02624925 0.09900000
v 0.02062811 0.02380611 0.09900000
v 0.01350099 0.02956304 0.09800000
v 0.01336040 0.02850334 0.09900000
v 0.01703019 0.02649949 0.09900000
v 0.00915631 0.03118352 0.09800000
v 0.00907015 0.03015109 0.09900000
v 0.01308557 0.02865341 0.09900000
v -0.00448292 0.03117938 0.09900000
v 0.00000000 0.03150000 0.09900000
v 0.00000000 0.03250000 0.09800000
v 0.00448292 0.03117938 0.09900000
v 0.00462523 0.03216920 0.09800000
v 0.00458489 0.03115719 0.09900000
v 0.00887458 0.03022403 0.09900000
v -0.00448292 0.03117938 0.09900000
v -0.00458644 0.03116432 0.10600001
v 0.00000000 0.03150000 0.10600001
v -0.00458489 0.03115719 0.09900000
v -0.00887458 0.03022403 0.09900000
v -0.00907512 0.03016442 0.10600001
v -0.00907015 0.03015109 0.09900000
v -0.01308557 0.02865341 0.09900000
v -0.01337039 0.02852162 0.10600001
v -0.01336040 0.02850334 0.09900000
v -0.01703019 0.02649949 0.09900000
v -0.01738068 0.02627093 0.10600001
v -0.01736446 0.02624925 0.09900000
v -0.02062811 0.02380611 0.09900000
v -0.02102054 0.02346032 0.10600001
v -0.02099722 0.02343700 0.09900000
v -0.02380611 0.02062811 0.09900000
v -0.02421239 0.02014970 0.10600001
v -0.02418154 0.02012661 0.09900000
v -0.02649949 0.01703019 0.09900000
v -0.02688818 0.01640962 0.10600001
v -0.02684979 0.01638866 0.09900000
v -0.02865341 0.01308557 0.09900000
v -0.02899090 0.01231980 0.10600001
v -0.02894536 0.01230281 0.09900000
v -0.03022403 0.00887458 0.09900000
v -0.03047574 0.00796740 0.10600001
v -0.03042383 0.00795611 0.09900000
v -0.03117938 0.00448292 0.09900000
v -0.03131103 0.00344519 0.10600001
v -0.03125389 0.00344111 0.09900000
v -0.03150000 0.00000000 0.09900000
v -0.03147899 -0.00115044 0.10600001
v -0.03141803 -0.00114608 0.09900000
v -0.03117938 -0.00448292 0.09900000
v -0.03097602 -0.00572156 0.10600001
v -0.03091291 -0.00570783 0.09900000
v -0.03022403 -0.00887458 0.09900000
v -0.02981285 -0.01017073 0.10600001
v -0.02974941 -0.01014707 0.09900000
v -0.02865341 -0.01308557 0.09900000
v -0.02801428 -0.01440313 0.10600001
v -0.02795241 -0.01436935 0.09900000
v -0.02649949 -0.01703019 0.09900000
v -0.02561863 -0.01832855 0.10600001
v -0.02556025 -0.01828486 0.09900000
v -0.02380611 -0.02062811 0.09900000
v -0.02267696 -0.02186334 0.10600001
v -0.02262392 -0.02181030 0.09900000
v -0.02062811 -0.02380611 0.09900000
v -0.01925197 -0.02493214 0.10600001
v -0.01920598 -0.02487071 0.09900000
v -0.01703019 -0.02649949 0.09900000
v -0.01541666 -0.02746956 0.10600001
v -0.01537922 -0.02740098 0.09900000
v -0.01308557 -0.02865341 0.09900000
v -0.01125277 -0.02942151 0.10600001
v -0.01122511 -0.02934733 0.09900000
v -0.00887458 -0.03022403 0.09900000
v -0.00684905 -0.03074639 0.10600001
v -0.00683207 -0.03066835 0.09900000
v -0.00448292 -0.03117938 0.09900000
v -0.00229935 -0.03141597 0.10600001
v -0.00229363 -0.03133596 0.09900000
v 0.00000000 -0.03150000 0.10600001
v 0.00000000 -0.03150000 0.09900000
v 0.00229935 -0.03141597 0.10600001
v 0.00229363 -0.03133596 0.09900000
v 0.00448292 -0.03117938 0.09900000
v 0.00684905 -0.03074639 0.10600001
v 0.00683207 -0.03066835 0.09900000
v 0.00887458 -0.03022403 0.09900000
v 0.01125277 -0.02942151 0.10600001
v 0.01122511 -0.02934733 0.09900000
v 0.01308557 -0.02865341 0.09900000
v 0.01541666 -0.02746956 0.10600001
v 0.01537922 -0.02740098 0.09900000
v 0.01703019 -0.02649949 0.09900000
v 0.01925197 -0.02493214 0.10600001
v 0.01920598 -0.02487071 0.09900000
v 0.02062811 -0.02380611 0.09900000
v 0.02267696 -0.02186334 0.10600001
v 0.02262392 -0.02181030 0.09900000
v 0.02380611 -0.02062811 0.09900000
v 0.02561863 -0.01832855 0.10600001
v 0.02556025 -0.01828486 0.09900000
v 0.02649949 -0.01703019 0.09900000
v 0.02801428 -0.01440313 0.10600001
v 0.02795241 -0.01436935 0.09900000
v 0.02865341 -0.01308557 0.09900000
v 0.02981285 -0.01017073 0.10600001
v 0.02974941 -0.01014707 0.09900000
v 0.03022403 -0.00887458 0.09900000
v 0.03097602 -0.00572156 0.10600001
v 0.03091291 -0.00570783 0.09900000
v 0.03117938 -0.00448292 0.09900000
v 0.03147899 -0.00115044 0.10600001
v 0.03141803 -0.00114608 0.09900000
v 0.03150000 0.00000000 0.09900000
v 0.03131103 0.00344519 0.10600001
v 0.03125389 0.00344111 0.09900000
v 0.03117938 0.00448292 0.09900000
v 0.03047574 0.00796740 0.10600001
v 0.03042383 0.00795611 0.09900000
v 0.03022403 0.00887458 0.09900000
v 0.02899090 0.01231980 0.10600001
v 0.02894536 0.01230281 0.09900000
v 0.02865341 0.01308557 0.09900000
v 0.02688818 0.01640962 0.10600001
v 0.02684979 0.01638866 0.09900000
v 0.02649949 0.01703019 0.09900000
v 0.02421239 0.02014970 0.10600001
v 0.02418154 0.02012661 0.09900000
v 0.02380611 0.02062811 0.09900000
v 0.02102054 0.02346032 0.10600001
v 0.02099722 0.02343700 0.09900000
v 0.02062811 0.02380611 0.09900000
v 0.01738068 0.02627093 0.10600001
v 0.01736446 0.02624925 0.09900000
v 0.01703019 0.02649949 0.09900000
v 0.01337039 0.02852162 0.10600001
v 0.01336040 0.02850334 0.09900000
v 0.01308557 0.02865341 0.09900000
v 0.00907512 0.03016442 0.10600001
v 0.00907015 0.03015109 0.09900000
v 0.00887458 0.03022403 0.09900000
v 0.00458644 0.03116432 0.10600001
v 0.00458489 0.03115719 0.09900000
v 0.00448292 0.03117938 0.09900000
v 0.00000000 0.03150000 0.09900000
v -0.01851883 0.01453841 0.10700001
v -0.01883884 0.01467096 0.10700001
v -0.01883884 0.01350257 0.10700001
v 0.01930267 0.01486309 0.10700001
v 0.01883884 0.01467096 0.10700001
v 0.01883884 0.01350257 0.10700001
v -0.01486309 0.01930267 0.10700001
v -0.01467096 0.01883884 0.10700001
v -0.01350257 0.01883884 0.10700001
v -0.01930267 -0.01486309 0.10700001
v -0.01883884 -0.01467096 0.10700001
v -0.01883884 -0.01350257 0.10700001
v 0.01071489 -0.01820168 0.10700001
v 0.01170620 -0.01944792 0.10700001
v 0.01350257 -0.01545866 0.10700001
v -0.01257655 -0.02248319 0.10700001
v -0.01234117 -0.02090826 0.10700001
v -0.01350257 -0.01545866 0.10700001
v -0.01170620 -0.01944792 0.10700001
v -0.01071489 -0.01820168 0.10700001
v -0.00943482 -0.01725447 0.10700001
v -0.00795320 -0.01667085 0.10700001
v 0.01234117 -0.02090826 0.10700001
v 0.01257655 -0.02248319 0.10700001
v 0.01350257 -0.02726536 0.10700001
v 0.01239628 -0.02406538 0.10700001
v -0.01239628 -0.02406538 0.10700001
v -0.01350257 -0.02726536 0.10700001
v -0.01181266 -0.02554699 0.10700001
v -0.01086545 -0.02682707 0.10700001
v 0.01181266 -0.02554699 0.10700001
v 0.01086545 -0.02682707 0.10700001
v 0.01089554 -0.02848749 0.10700001
v 0.00961921 -0.02781837 0.10700001
v 0.00815887 -0.02845335 0.10700001
v -0.00326776 -0.01642815 0.10700001
v -0.00161733 -0.01732467 0.10700001
v 0.00000000 -0.01675000 0.10700001
v 0.00161733 -0.01732467 0.10700001
v 0.00326776 -0.01642815 0.10700001
v 0.00479609 -0.01672595 0.10700001
v 0.00640995 -0.01547498 0.10700001
v 0.00637102 -0.01649058 0.10700001
v 0.00644049 -0.01545866 0.10700001
v 0.00795320 -0.01667085 0.10700001
v 0.00943482 -0.01725447 0.10700001
v -0.00961921 -0.02781837 0.10700001
v -0.01089554 -0.02848749 0.10700001
v -0.00815887 -0.02845335 0.10700001
v -0.00663162 -0.02977032 0.10700001
v -0.00411952 -0.02931194 0.10700001
v -0.00222636 -0.03041864 0.10700001
v 0.00000000 -0.02960000 0.10700001
v 0.00000000 -0.03050000 0.10700001
v 0.00411952 -0.02931194 0.10700001
v 0.00222636 -0.03041864 0.10700001
v 0.00663162 -0.02977032 0.10700001
v -0.01531889 -0.01545866 0.10700001
v -0.01486309 -0.01605267 0.10700001
v -0.01453841 -0.01683651 0.10700001
v -0.01442767 -0.01767767 0.10700001
v -0.01453841 -0.01851883 0.10700001
v -0.01486309 -0.01930267 0.10700001
v -0.01851883 -0.02081693 0.10700001
v -0.01883884 -0.02396320 0.10700001
v -0.01767767 -0.02092767 0.10700001
v -0.01864080 -0.02414064 0.10700001
v -0.01683651 -0.02081693 0.10700001
v -0.01492724 -0.02659751 0.10700001
v -0.01605267 -0.02049225 0.10700001
v -0.01537957 -0.01997577 0.10700001
v -0.01883884 -0.02068438 0.10700001
v -0.01930267 -0.02049225 0.10700001
v -0.02195706 -0.02116926 0.10700001
v -0.01997577 -0.01997577 0.10700001
v -0.02049225 -0.01930267 0.10700001
v -0.02480534 -0.01774670 0.10700001
v -0.02081693 -0.01851883 0.10700001
v -0.02092767 -0.01767767 0.10700001
v -0.02620171 -0.01545866 0.10700001
v -0.02081693 -0.01683651 0.10700001
v -0.01997577 -0.01537957 0.10700001
v -0.02248319 -0.01257655 0.10700001
v -0.02406538 -0.01239628 0.10700001
v -0.02731333 -0.01350257 0.10700001
v -0.01944792 -0.01170620 0.10700001
v -0.02090826 -0.01234117 0.10700001
v -0.02712494 -0.01394589 0.10700001
v -0.02003645 -0.01545866 0.10700001
v -0.02049225 -0.01605267 0.10700001
v -0.02554699 -0.01181266 0.10700001
v -0.02682707 -0.01086545 0.10700001
v -0.02886641 -0.00984785 0.10700001
v -0.03047965 -0.00111392 0.10700001
v -0.03005000 -0.00501874 0.10700001
v -0.03031703 0.00333582 0.10700001
v -0.03005000 0.00478150 0.10700001
v -0.02781837 -0.00961921 0.10700001
v -0.02845335 -0.00815887 0.10700001
v -0.02999265 -0.00553992 0.10700001
v -0.02931194 -0.00411952 0.10700001
v -0.02960000 0.00000000 0.10700001
v -0.02931194 0.00411952 0.10700001
v -0.02950825 0.00771447 0.10700001
v -0.02852139 0.00783874 0.10700001
v -0.02946586 0.00783874 0.10700001
v -0.02845335 0.00815887 0.10700001
v -0.02807056 0.01192869 0.10700001
v -0.02781837 0.00961921 0.10700001
v -0.02682707 0.01086545 0.10700001
v -0.02726137 0.01350257 0.10700001
v -0.02554699 0.01181266 0.10700001
v -0.02406538 0.01239628 0.10700001
v -0.02248319 0.01257655 0.10700001
v -0.02090826 0.01234117 0.10700001
v -0.01930267 0.01486309 0.10700001
v -0.01997577 0.01537957 0.10700001
v -0.02049225 0.01605267 0.10700001
v -0.02603459 0.01588868 0.10700001
v -0.02081693 0.01683651 0.10700001
v -0.02092767 0.01767767 0.10700001
v -0.02392394 0.01883884 0.10700001
v -0.01883884 0.02388492 0.10700001
v -0.02035322 0.02271555 0.10700001
v -0.01930267 0.02049225 0.10700001
v -0.02081693 0.01851883 0.10700001
v -0.02068438 0.01883884 0.10700001
v -0.02344374 0.01951003 0.10700001
v -0.02049225 0.01930267 0.10700001
v -0.01997577 0.01997577 0.10700001
v -0.01537957 0.01997577 0.10700001
v -0.01883884 0.02068438 0.10700001
v -0.01851883 0.02081693 0.10700001
v -0.01682892 0.02543693 0.10700001
v -0.01767767 0.02092767 0.10700001
v -0.01350257 0.02730377 0.10700001
v -0.01683651 0.02081693 0.10700001
v -0.01605267 0.02049225 0.10700001
v 0.01181266 0.02554699 0.10700001
v 0.01350257 0.02730377 0.10700001
v 0.01086545 0.02682707 0.10700001
v 0.01294593 0.02761617 0.10700001
v 0.00961921 0.02781837 0.10700001
v 0.00878702 0.02920682 0.10700001
v 0.01239628 0.02406538 0.10700001
v 0.01257655 0.02248319 0.10700001
v 0.01350257 0.01883884 0.10700001
v 0.01234117 0.02090826 0.10700001
v -0.01126894 0.01883884 0.10700001
v -0.01136390 0.01893823 0.10700001
v -0.01209575 0.02021373 0.10700001
v -0.01250109 0.02162731 0.10700001
v 0.00500186 0.03005000 0.10700001
v 0.00411952 0.02931194 0.10700001
v 0.00815887 0.02845335 0.10700001
v -0.01255636 0.02309682 0.10700001
v -0.01225834 0.02453685 0.10700001
v -0.01162436 0.02586372 0.10700001
v -0.01294593 0.02761617 0.10700001
v -0.01069127 0.02700032 0.10700001
v -0.00878702 0.02920682 0.10700001
v -0.00951328 0.02788058 0.10700001
v -0.00815887 0.02845335 0.10700001
v -0.00500186 0.03005000 0.10700001
v -0.00411952 0.02931194 0.10700001
v 0.00000000 0.02960000 0.10700001
v 0.00000000 0.03050000 0.10700001
v -0.00444084 0.03017497 0.10700001
v 0.00444084 0.03017497 0.10700001
v 0.01605267 0.02049225 0.10700001
v 0.01683651 0.02081693 0.10700001
v 0.01682892 0.02543693 0.10700001
v 0.01767767 0.02092767 0.10700001
v 0.01883884 0.02388492 0.10700001
v 0.01453841 0.01851883 0.10700001
v 0.01467096 0.01883884 0.10700001
v 0.01486309 0.01930267 0.10700001
v 0.01537957 0.01997577 0.10700001
v 0.02035322 0.02271555 0.10700001
v 0.01997577 0.01997577 0.10700001
v 0.02344374 0.01951003 0.10700001
v 0.02049225 0.01930267 0.10700001
v 0.02392394 0.01883884 0.10700001
v 0.01851883 0.02081693 0.10700001
v 0.01883884 0.02068438 0.10700001
v 0.01930267 0.02049225 0.10700001
v 0.01997577 0.01537957 0.10700001
v 0.02068438 0.01883884 0.10700001
v 0.02081693 0.01851883 0.10700001
v 0.02603459 0.01588868 0.10700001
v 0.02092767 0.01767767 0.10700001
v 0.02081693 0.01683651 0.10700001
v 0.02726137 0.01350257 0.10700001
v 0.02049225 0.01605267 0.10700001
v 0.02999265 -0.00553992 0.10700001
v 0.03047965 -0.00111392 0.10700001
v 0.02799437 -0.00080234 0.10700001
v 0.01883884 -0.01350257 0.10700001
v 0.02190000 0.00000000 0.10700001
v 0.01883884 0.00783874 0.10700001
v 0.02200563 0.00080234 0.10700001
v 0.02231532 0.00155000 0.10700001
v 0.02500000 0.00310000 0.10700001
v 0.02580234 0.00299437 0.10700001
v 0.02946586 0.00783874 0.10700001
v 0.03031703 0.00333582 0.10700001
v 0.02799437 0.00080234 0.10700001
v 0.02810000 0.00000000 0.10700001
v 0.02731333 -0.01350257 0.10700001
v 0.02500000 -0.00310000 0.10700001
v 0.02419766 -0.00299437 0.10700001
v 0.02345000 -0.00268468 0.10700001
v 0.02280797 -0.00219203 0.10700001
v 0.02280797 0.00219203 0.10700001
v 0.02345000 0.00268468 0.10700001
v 0.02419766 0.00299437 0.10700001
v 0.02950825 0.00771447 0.10700001
v 0.02768468 -0.00155000 0.10700001
v 0.02719203 -0.00219203 0.10700001
v 0.02886641 -0.00984785 0.10700001
v 0.02655000 -0.00268468 0.10700001
v 0.02580234 -0.00299437 0.10700001
v 0.02231532 -0.00155000 0.10700001
v 0.02200563 -0.00080234 0.10700001
v 0.02807056 0.01192869 0.10700001
v 0.02655000 0.00268468 0.10700001
v 0.02719203 0.00219203 0.10700001
v 0.02768468 0.00155000 0.10700001
v 0.01997577 -0.01537957 0.10700001
v 0.02003645 -0.01545866 0.10700001
v 0.02620171 -0.01545866 0.10700001
v 0.01851883 -0.01453841 0.10700001
v 0.01883884 -0.01467096 0.10700001
v 0.01930267 -0.01486309 0.10700001
v 0.02712494 -0.01394589 0.10700001
v 0.02195706 -0.02116926 0.10700001
v 0.02480534 -0.01774670 0.10700001
v 0.02081693 -0.01851883 0.10700001
v 0.02049225 -0.01930267 0.10700001
v 0.01997577 -0.01997577 0.10700001
v 0.01883884 -0.02396320 0.10700001
v 0.01930267 -0.02049225 0.10700001
v 0.02049225 -0.01605267 0.10700001
v 0.02081693 -0.01683651 0.10700001
v 0.02092767 -0.01767767 0.10700001
v 0.01883884 -0.02068438 0.10700001
v 0.01851883 -0.02081693 0.10700001
v 0.01864080 -0.02414064 0.10700001
v 0.01767767 -0.02092767 0.10700001
v 0.01492724 -0.02659751 0.10700001
v 0.01683651 -0.02081693 0.10700001
v 0.01605267 -0.02049225 0.10700001
v 0.01537957 -0.01997577 0.10700001
v 0.01486309 -0.01930267 0.10700001
v 0.01453841 -0.01851883 0.10700001
v 0.01442767 -0.01767767 0.10700001
v 0.01453841 -0.01683651 0.10700001
v 0.01350257 -0.00982311 0.10700001
v 0.01184404 -0.01184404 0.10700001
v 0.01350257 -0.01350257 0.10700001
v 0.00982311 -0.01350257 0.10700001
v 0.00930580 -0.01392712 0.10700001
v 0.01392712 -0.00930580 0.10700001
v 0.01547498 -0.00640995 0.10700001
v 0.01547498 0.00640995 0.10700001
v 0.01642815 0.00326776 0.10700001
v 0.01675000 0.00000000 0.10700001
v 0.01642815 -0.00326776 0.10700001
v 0.00982311 0.01350257 0.10700001
v 0.01184404 0.01184404 0.10700001
v 0.01350257 0.01350257 0.10700001
v 0.01350257 0.00982311 0.10700001
v 0.01392712 0.00930580 0.10700001
v 0.01471128 0.00783874 0.10700001
v 0.01170620 0.01944792 0.10700001
v 0.01122171 0.01883884 0.10700001
v 0.01071489 0.01820168 0.10700001
v 0.00943482 0.01725447 0.10700001
v 0.00795320 0.01667085 0.10700001
v 0.00930580 0.01392712 0.10700001
v 0.00640995 0.01547498 0.10700001
v 0.00637102 0.01649058 0.10700001
v 0.00326776 0.01642815 0.10700001
v -0.01034807 0.01787494 0.10700001
v -0.01350257 0.01350257 0.10700001
v -0.00910729 0.01708564 0.10700001
v 0.00479609 0.01672595 0.10700001
v 0.00161733 0.01732467 0.10700001
v 0.00000000 0.01675000 0.10700001
v -0.00161733 0.01732467 0.10700001
v -0.00326776 0.01642815 0.10700001
v -0.00479609 0.01672595 0.10700001
v -0.00640995 0.01547498 0.10700001
v -0.00624822 0.01649396 0.10700001
v -0.00930580 0.01392712 0.10700001
v -0.00771368 0.01661623 0.10700001
v -0.00982311 0.01350257 0.10700001
v -0.01184404 0.01184404 0.10700001
v -0.01350257 0.00982311 0.10700001
v -0.01944792 0.01170620 0.10700001
v -0.01883884 0.01122171 0.10700001
v -0.01820168 0.01071489 0.10700001
v -0.01725447 0.00943482 0.10700001
v -0.01667085 0.00795320 0.10700001
v -0.01392712 0.00930580 0.10700001
v -0.01471128 0.00783874 0.10700001
v -0.01665781 0.00783874 0.10700001
v -0.01547498 0.00640995 0.10700001
v -0.01649058 0.00637102 0.10700001
v -0.01642815 0.00326776 0.10700001
v -0.01392712 -0.00930580 0.10700001
v -0.01725447 -0.00943482 0.10700001
v -0.01350257 -0.01350257 0.10700001
v -0.01820168 -0.01071489 0.10700001
v -0.01883884 -0.01122171 0.10700001
v -0.01672595 0.00479609 0.10700001
v -0.01732467 0.00161733 0.10700001
v -0.01675000 0.00000000 0.10700001
v -0.01732467 -0.00161733 0.10700001
v -0.01642815 -0.00326776 0.10700001
v -0.01672595 -0.00479609 0.10700001
v -0.01547498 -0.00640995 0.10700001
v -0.01649058 -0.00637102 0.10700001
v -0.01667085 -0.00795320 0.10700001
v -0.00982311 -0.01350257 0.10700001
v -0.01184404 -0.01184404 0.10700001
v -0.01350257 -0.00982311 0.10700001
v -0.00930580 -0.01392712 0.10700001
v -0.00644049 -0.01545866 0.10700001
v -0.00640995 -0.01547498 0.10700001
v -0.00637102 -0.01649058 0.10700001
v -0.00479609 -0.01672595 0.10700001
v 0.01605267 -0.01486309 0.10700001
v 0.01683651 -0.01453841 0.10700001
v 0.01767767 -0.01442767 0.10700001
v 0.01486309 -0.01605267 0.10700001
v 0.01531889 -0.01545866 0.10700001
v 0.01537957 -0.01537957 0.10700001
v -0.01537957 -0.01537957 0.10700001
v -0.01605267 -0.01486309 0.10700001
v -0.01851883 -0.01453841 0.10700001
v -0.01767767 -0.01442767 0.10700001
v -0.01683651 -0.01453841 0.10700001
v -0.01486309 0.01605267 0.10700001
v -0.01537957 0.01537957 0.10700001
v -0.01453841 0.01851883 0.10700001
v -0.01442767 0.01767767 0.10700001
v -0.01453841 0.01683651 0.10700001
v -0.01605267 0.01486309 0.10700001
v -0.01683651 0.01453841 0.10700001
v -0.01767767 0.01442767 0.10700001
v 0.01605267 0.01486309 0.10700001
v 0.01537957 0.01537957 0.10700001
v 0.01851883 0.01453841 0.10700001
v 0.01767767 0.01442767 0.10700001
v 0.01683651 0.01453841 0.10700001
v 0.01486309 0.01605267 0.10700001
v 0.01453841 0.01683651 0.10700001
v 0.01442767 0.01767767 0.10700001
v 0.00000000 0.01575000 0.10600001
v 0.00307267 0.01544737 0.10600001
v 0.00316771 0.01541854 0.10600001
v 0.00602726 0.01455110 0.10600001
v 0.00620248 0.01445745 0.10600001
v 0.00875023 0.01309565 0.10600001
v 0.00898066 0.01290654 0.10600001
v 0.01113693 0.01113693 0.10600001
v 0.01138914 0.01082961 0.10600001
v 0.01309565 0.00875023 0.10600001
v 0.01332997 0.00831185 0.10600001
v 0.01455110 0.00602726 0.10600001
v 0.01472430 0.00545632 0.10600001
v 0.01544737 0.00307267 0.10600001
v 0.01551561 0.00237979 0.10600001
v 0.01575000 0.00000000 0.10600001
v 0.01567199 -0.00079203 0.10600001
v 0.01544737 -0.00307267 0.10600001
v 0.01518741 -0.00392964 0.10600001
v 0.01455110 -0.00602726 0.10600001
v 0.01408196 -0.00690496 0.10600001
v 0.01309565 -0.00875023 0.10600001
v 0.01240104 -0.00959662 0.10600001
v 0.01113693 -0.01113693 0.10600001
v 0.01021346 -0.01189481 0.10600001
v 0.00875023 -0.01309565 0.10600001
v 0.00760869 -0.01370582 0.10600001
v 0.00602726 -0.01455110 0.10600001
v 0.00469316 -0.01495580 0.10600001
v 0.00307267 -0.01544737 0.10600001
v 0.00158598 -0.01559379 0.10600001
v 0.00000000 -0.01575000 0.10600001
v -0.00158598 -0.01559379 0.10600001
v -0.00307267 -0.01544737 0.10600001
v -0.00469316 -0.01495580 0.10600001
v -0.00602726 -0.01455110 0.10600001
v -0.00760869 -0.01370582 0.10600001
v -0.00875023 -0.01309565 0.10600001
v -0.01021346 -0.01189481 0.10600001
v -0.01113693 -0.01113693 0.10600001
v -0.01240104 -0.00959662 0.10600001
v -0.01309565 -0.00875023 0.10600001
v -0.01408196 -0.00690496 0.10600001
v -0.01455110 -0.00602726 0.10600001
v -0.01518741 -0.00392964 0.10600001
v -0.01544737 -0.00307267 0.10600001
v -0.01567199 -0.00079203 0.10600001
v -0.01575000 0.00000000 0.10600001
v -0.01551561 0.00237979 0.10600001
v -0.01544737 0.00307267 0.10600001
v -0.01472430 0.00545632 0.10600001
v -0.01455110 0.00602726 0.10600001
v -0.01332997 0.00831185 0.10600001
v -0.01309565 0.00875023 0.10600001
v -0.01138914 0.01082961 0.10600001
v -0.01113693 0.01113693 0.10600001
v -0.00898066 0.01290654 0.10600001
v -0.00875023 0.01309565 0.10600001
v -0.00620248 0.01445745 0.10600001
v -0.00602726 0.01455110 0.10600001
v -0.00316771 0.01541854 0.10600001
v -0.00307267 0.01544737 0.10600001
v 0.00000000 0.00000000 0.09900000
v -0.02535408 -0.03596068 0.07900000
v -0.02521055 -0.03581715 0.07900000
v -0.02316302 -0.03740955 0.07900000
v -0.02072150 -0.03858833 0.07900000
v -0.01839026 -0.03997247 0.07900000
v -0.01582238 -0.04084228 0.07900000
v -0.01333872 -0.04192945 0.07900000
v -0.01068342 -0.04247710 0.07900000
v -0.00808498 -0.04325082 0.07900000
v -0.00538251 -0.04346802 0.07900000
v -0.00270868 -0.04391654 0.07900000
v 0.00000000 -0.04380000 0.07900000
v 0.00270868 -0.04391654 0.07900000
v 0.00538251 -0.04346802 0.07900000
v 0.00808498 -0.04325082 0.07900000
v 0.01068342 -0.04247710 0.07900000
v 0.01333872 -0.04192945 0.07900000
v 0.01582238 -0.04084228 0.07900000
v 0.01839026 -0.03997247 0.07900000
v 0.02072150 -0.03858833 0.07900000
v 0.02316302 -0.03740955 0.07900000
v 0.02530649 -0.03574942 0.07900000
v 0.02758465 -0.03427954 0.07900000
v 0.02950787 -0.03236859 0.07900000
v 0.03158813 -0.03062989 0.07900000
v 0.03326194 -0.02849708 0.07900000
v 0.03511276 -0.02651592 0.07900000
v 0.03651179 -0.02419359 0.07900000
v 0.03810512 -0.02200000 0.07900000
v 0.03920815 -0.01952334 0.07900000
v 0.04051984 -0.01715058 0.07900000
v 0.04131016 -0.01455714 0.07900000
v 0.04232033 -0.01204117 0.07900000
v 0.04278596 -0.00937027 0.07900000
v 0.04347928 -0.00674923 0.07900000
v 0.04361316 -0.00404135 0.07900000
v 0.04397913 -0.00135498 0.07900000
v 0.04377923 0.00134882 0.07900000
v 0.04381230 0.00405981 0.07900000
v 0.04328165 0.00671855 0.07900000
v 0.04298133 0.00941306 0.07900000
v 0.04212796 0.01198644 0.07900000
v 0.04149879 0.01462361 0.07900000
v 0.04033566 0.01707262 0.07900000
v 0.03938718 0.01961249 0.07900000
v 0.03793191 0.02190000 0.07900000
v 0.03667850 0.02430406 0.07900000
v 0.03495315 0.02639540 0.07900000
v 0.03341381 0.02862721 0.07900000
v 0.03144454 0.03049067 0.07900000
v 0.02964261 0.03251639 0.07900000
v 0.02745926 0.03412373 0.07900000
v 0.02542205 0.03591266 0.07900000
v 0.02305773 0.03723951 0.07900000
v 0.02081612 0.03876454 0.07900000
v 0.01830666 0.03979078 0.07900000
v 0.01589463 0.04102878 0.07900000
v 0.01327809 0.04173886 0.07900000
v 0.01073220 0.04267107 0.07900000
v 0.00804823 0.04305422 0.07900000
v 0.00540709 0.04366650 0.07900000
v 0.00269637 0.04371693 0.07900000
v 0.00000000 0.04400000 0.07900000
v -0.00269637 0.04371693 0.07900000
v -0.00540709 0.04366650 0.07900000
v -0.00804823 0.04305422 0.07900000
v -0.01073220 0.04267107 0.07900000
v -0.01327809 0.04173886 0.07900000
v -0.01589463 0.04102878 0.07900000
v -0.01830666 0.03979078 0.07900000
v -0.02081612 0.03876454 0.07900000
v -0.02305773 0.03723951 0.07900000
v -0.02542205 0.03591266 0.07900000
v -0.02745926 0.03412373 0.07900000
v -0.02964261 0.03251639 0.07900000
v -0.03144454 0.03049067 0.07900000
v -0.03341381 0.02862721 0.07900000
v -0.03495315 0.02639540 0.07900000
v -0.03667850 0.02430406 0.07900000
v -0.03793191 0.02190000 0.07900000
v -0.03938718 0.01961249 0.07900000
v -0.04033566 0.01707262 0.07900000
v -0.04149879 0.01462361 0.07900000
v -0.04212796 0.01198644 0.07900000
v -0.04298133 0.00941306 0.07900000
v -0.04328165 0.00671855 0.07900000
v -0.04381230 0.00405981 0.07900000
v -0.04377923 0.00134882 0.07900000
v -0.04397913 -0.00135498 0.07900000
v -0.04361316 -0.00404135 0.07900000
v -0.04347928 -0.00674923 0.07900000
v -0.04278596 -0.00937027 0.07900000
v -0.04232033 -0.01204117 0.07900000
v -0.04131016 -0.01455714 0.07900000
v -0.04051984 -0.01715058 0.07900000
v -0.03920815 -0.01952334 0.07900000
v -0.03810512 -0.02200000 0.07900000
v -0.03651179 -0.02419359 0.07900000
v -0.03596068 -0.02535408 0.07900000
v -0.03581715 -0.02521055 0.07900000
v -0.02497671 -0.03622380 0.07992078
v -0.02510349 -0.03613606 0.07982547
v -0.02502068 -0.03619345 0.07960000
v -0.02520906 -0.03606249 0.07969880
v -0.02528832 -0.03600696 0.07954712
v -0.02533744 -0.03597241 0.07937803
v -0.02535408 -0.03596068 0.07920000
v -0.02535408 -0.03596068 0.07900000
v -0.02118217 -0.03856573 0.09181116
v -0.02104017 -0.03864338 0.09136731
v -0.02206888 -0.03806527 0.09279204
v -0.02171102 -0.03827051 0.09254185
v -0.02140999 -0.03843972 0.09220935
v -0.02099194 -0.03866961 0.09090001
v -0.02099194 -0.03866961 0.08210000
v -0.01839026 -0.03997247 0.07900000
v -0.02104017 -0.03864338 0.08163272
v -0.02118217 -0.03856573 0.08118885
v -0.02140999 -0.03843972 0.08079068
v -0.02171102 -0.03827051 0.08045816
v -0.02206888 -0.03806527 0.08020797
v -0.02316302 -0.03740955 0.07900000
v -0.02246448 -0.03783315 0.08005265
v -0.02287720 -0.03758502 0.08000000
v -0.02316302 -0.03740955 0.08000000
v -0.02468515 -0.03642312 0.08000000
v -0.02483493 -0.03632115 0.07997995
v -0.02758465 -0.03427954 0.09300000
v -0.02316302 -0.03740955 0.09300000
v -0.02287720 -0.03758502 0.09300000
v -0.02246448 -0.03783315 0.09294735
v -0.03158813 -0.03062989 0.09300000
v -0.03511276 -0.02651592 0.09300000
v -0.03806319 -0.02207160 0.09278300
v -0.03783315 -0.02246448 0.09294735
v -0.03758502 -0.02287720 0.09300000
v -0.03864338 -0.02104017 0.09136731
v -0.03985913 -0.01863463 0.08897995
v -0.03978693 -0.01878830 0.08892077
v -0.03972164 -0.01892595 0.08882547
v -0.03866961 -0.02099194 0.09090001
v -0.03966673 -0.01904077 0.08869880
v -0.03962518 -0.01912708 0.08854712
v -0.03959929 -0.01918062 0.08837803
v -0.03959050 -0.01919876 0.08820002
v -0.03866961 -0.02099194 0.08210000
v -0.03959050 -0.01919876 0.08480001
v -0.03959929 -0.01918062 0.08462198
v -0.03852889 -0.02124911 0.08105001
v -0.03858953 -0.02113878 0.08129491
v -0.03972164 -0.01892595 0.08417454
v -0.03962518 -0.01912708 0.08445289
v -0.03966673 -0.01904077 0.08430121
v -0.03866061 -0.02100850 0.08182508
v -0.03863395 -0.02105748 0.08155648
v -0.03813716 -0.02194441 0.08028135
v -0.03836011 -0.02155230 0.08061509
v -0.03810512 -0.02200000 0.07900000
v -0.03845175 -0.02138839 0.08082106
v -0.03978693 -0.01878830 0.08407924
v -0.03985913 -0.01863463 0.08402006
v -0.04051984 -0.01715058 0.07900000
v -0.03856573 -0.02118217 0.09181116
v -0.03843972 -0.02140999 0.09220935
v -0.03827051 -0.02171102 0.09254185
v -0.03810512 -0.02200000 0.09275306
v -0.03758502 -0.02287720 0.08000000
v -0.03787326 -0.02239679 0.08007157
v -0.03810483 -0.02199983 0.08025566
v -0.03613606 -0.02510349 0.07982547
v -0.03622380 -0.02497671 0.07992078
v -0.03619345 -0.02502068 0.07960000
v -0.03632115 -0.02483493 0.07997995
v -0.03642312 -0.02468515 0.08000000
v -0.03597241 -0.02533744 0.07937803
v -0.03600696 -0.02528832 0.07954712
v -0.03606249 -0.02520906 0.07969880
v -0.03596068 -0.02535408 0.07900000
v -0.03596068 -0.02535408 0.07920000
v -0.04196395 -0.01322978 0.08445289
v -0.04198172 -0.01317328 0.08462198
v -0.04232033 -0.01204117 0.07900000
v -0.04193516 -0.01332073 0.08430121
v -0.04179744 -0.01374677 0.08402006
v -0.04184999 -0.01358595 0.08407924
v -0.04189661 -0.01344150 0.08417454
v -0.03993448 -0.01847262 0.08400000
v -0.04051984 -0.01715058 0.08400000
v -0.04174146 -0.01391583 0.08400000
v -0.04198772 -0.01315412 0.08480001
v -0.04198772 -0.01315412 0.08820002
v -0.04198172 -0.01317328 0.08837803
v -0.04196395 -0.01322978 0.08854712
v -0.04193516 -0.01332073 0.08869880
v -0.04189661 -0.01344150 0.08882547
v -0.04184999 -0.01358595 0.08892077
v -0.04179744 -0.01374677 0.08897995
v -0.04174146 -0.01391583 0.08900000
v -0.04051984 -0.01715058 0.08900000
v -0.03993448 -0.01847262 0.08900000
v -0.00540709 0.04366650 0.07900000
v 0.00000000 0.04400000 0.07900000
v -0.01073220 0.04267107 0.07900000
v -0.01589463 0.04102878 0.07900000
v -0.02081612 0.03876454 0.07900000
v -0.02542205 0.03591266 0.07900000
v -0.02964261 0.03251639 0.07900000
v -0.03341381 0.02862721 0.07900000
v -0.03667850 0.02430406 0.07900000
v -0.03938718 0.01961249 0.07900000
v -0.04149879 0.01462361 0.07900000
v -0.04298133 0.00941306 0.07900000
v -0.04381230 0.00405981 0.07900000
v -0.04397913 -0.00135498 0.07900000
v -0.04347928 -0.00674923 0.07900000
v -0.01333872 -0.04192945 0.07900000
v -0.00808498 -0.04325082 0.07900000
v -0.00270868 -0.04391654 0.07900000
v 0.00270868 -0.04391654 0.07900000
v 0.00808498 -0.04325082 0.07900000
v 0.01333872 -0.04192945 0.07900000
v 0.01839026 -0.03997247 0.07900000
v 0.02316302 -0.03740955 0.07900000
v 0.02758465 -0.03427954 0.07900000
v 0.03158813 -0.03062989 0.07900000
v 0.03511276 -0.02651592 0.07900000
v 0.03810512 -0.02200000 0.07900000
v 0.04051984 -0.01715058 0.07900000
v 0.04232033 -0.01204117 0.07900000
v 0.04347928 -0.00674923 0.07900000
v 0.04397913 -0.00135498 0.07900000
v 0.04381230 0.00405981 0.07900000
v 0.04298133 0.00941306 0.07900000
v 0.04149879 0.01462361 0.07900000
v 0.03938718 0.01961249 0.07900000
v 0.03667850 0.02430406 0.07900000
v 0.03341381 0.02862721 0.07900000
v 0.02964261 0.03251639 0.07900000
v 0.02542205 0.03591266 0.07900000
v 0.02081612 0.03876454 0.07900000
v 0.01589463 0.04102878 0.07900000
v 0.01073220 0.04267107 0.07900000
v 0.00540709 0.04366650 0.07900000
v 0.01767767 0.01489767 0.09670000
v 0.01767767 0.01489767 0.10653000
v 0.01839719 0.01499240 0.09670000
v 0.01839719 0.01499240 0.10653000
v 0.01906767 0.01527012 0.09670000
v 0.01906767 0.01527012 0.10653000
v 0.01964343 0.01571191 0.09670000
v 0.01964343 0.01571191 0.10653000
v 0.02008522 0.01628767 0.09670000
v 0.02008522 0.01628767 0.10653000
v 0.02036294 0.01695815 0.09670000
v 0.02036294 0.01695815 0.10653000
v 0.02045767 0.01767767 0.09670000
v 0.02045767 0.01767767 0.10653000
v 0.02036294 0.01839719 0.09670000
v 0.02036294 0.01839719 0.10653000
v 0.02008522 0.01906767 0.09670000
v 0.02008522 0.01906767 0.10653000
v 0.01964343 0.01964343 0.09670000
v 0.01964343 0.01964343 0.10653000
v 0.01906767 0.02008522 0.09670000
v 0.01906767 0.02008522 0.10653000
v 0.01839719 0.02036294 0.09670000
v 0.01839719 0.02036294 0.10653000
v 0.01767767 0.02045767 0.09670000
v 0.01767767 0.02045767 0.10653000
v 0.01695815 0.02036294 0.09670000
v 0.01695815 0.02036294 0.10653000
v 0.01628767 0.02008522 0.09670000
v 0.01628767 0.02008522 0.10653000
v 0.01571191 0.01964343 0.09670000
v 0.01571191 0.01964343 0.10653000
v 0.01527012 0.01906767 0.09670000
v 0.01527012 0.01906767 0.10653000
v 0.01499240 0.01839719 0.09670000
v 0.01499240 0.01839719 0.10653000
v 0.01489767 0.01767767 0.09670000
v 0.01489767 0.01767767 0.10653000
v 0.01499240 0.01695815 0.09670000
v 0.01499240 0.01695815 0.10653000
v 0.01527012 0.01628767 0.09670000
v 0.01527012 0.01628767 0.10653000
v 0.01571191 0.01571191 0.09670000
v 0.01571191 0.01571191 0.10653000
v 0.01628767 0.01527012 0.09670000
v 0.01628767 0.01527012 0.10653000
v 0.01695815 0.01499240 0.09670000
v 0.01695815 0.01499240 0.10653000
v -0.01767767 0.01489767 0.09670000
v -0.01767767 0.01489767 0.10653000
v -0.01695815 0.01499240 0.09670000
v -0.01695815 0.01499240 0.10653000
v -0.01628767 0.01527012 0.09670000
v -0.01628767 0.01527012 0.10653000
v -0.01571191 0.01571191 0.09670000
v -0.01571191 0.01571191 0.10653000
v -0.01527012 0.01628767 0.09670000
v -0.01527012 0.01628767 0.10653000
v -0.01499240 0.01695815 0.09670000
v -0.01499240 0.01695815 0.10653000
v -0.01489767 0.01767767 0.09670000
v -0.01489767 0.01767767 0.10653000
v -0.01499240 0.01839719 0.09670000
v -0.01499240 0.01839719 0.10653000
v -0.01527012 0.01906767 0.09670000
v -0.01527012 0.01906767 0.10653000
v -0.01571191 0.01964343 0.09670000
v -0.01571191 0.01964343 0.10653000
v -0.01628767 0.02008522 0.09670000
v -0.01628767 0.02008522 0.10653000
v -0.01695815 0.02036294 0.09670000
v -0.01695815 0.02036294 0.10653000
v -0.01767767 0.02045767 0.09670000
v -0.01767767 0.02045767 0.10653000
v -0.01839719 0.02036294 0.09670000
v -0.01839719 0.02036294 0.10653000
v -0.01906767 0.02008522 0.09670000
v -0.01906767 0.02008522 0.10653000
v -0.01964343 0.01964343 0.09670000
v -0.01964343 0.01964343 0.10653000
v -0.02008522 0.01906767 0.09670000
v -0.02008522 0.01906767 0.10653000
v -0.02036294 0.01839719 0.09670000
v -0.02036294 0.01839719 0.10653000
v -0.02045767 0.01767767 0.09670000
v -0.02045767 0.01767767 0.10653000
v -0.02036294 0.01695815 0.09670000
v -0.02036294 0.01695815 0.10653000
v -0.02008522 0.01628767 0.09670000
v -0.02008522 0.01628767 0.10653000
v -0.01964343 0.01571191 0.09670000
v -0.01964343 0.01571191 0.10653000
v -0.01906767 0.01527012 0.09670000
v -0.01906767 0.01527012 0.10653000
v -0.01839719 0.01499240 0.09670000
v -0.01839719 0.01499240 0.10653000
v -0.01767767 -0.02045767 0.09670000
v -0.01767767 -0.02045767 0.10653000
v -0.01695815 -0.02036294 0.09670000
v -0.01695815 -0.02036294 0.10653000
v -0.01628767 -0.02008522 0.09670000
v -0.01628767 -0.02008522 0.10653000
v -0.01571191 -0.01964343 0.09670000
v -0.01571191 -0.01964343 0.10653000
v -0.01527012 -0.01906767 0.09670000
v -0.01527012 -0.01906767 0.10653000
v -0.01499240 -0.01839719 0.09670000
v -0.01499240 -0.01839719 0.10653000
v -0.01489767 -0.01767767 0.09670000
v -0.01489767 -0.01767767 0.10653000
v -0.01499240 -0.01695815 0.09670000
v -0.01499240 -0.01695815 0.10653000
v -0.01527012 -0.01628767 0.09670000
v -0.01527012 -0.01628767 0.10653000
v -0.01571191 -0.01571191 0.09670000
v -0.01571191 -0.01571191 0.10653000
v -0.01628767 -0.01527012 0.09670000
v -0.01628767 -0.01527012 0.10653000
v -0.01695815 -0.01499240 0.09670000
v -0.01695815 -0.01499240 0.10653000
v -0.01767767 -0.01489767 0.09670000
v -0.01767767 -0.01489767 0.10653000
v -0.01839719 -0.01499240 0.09670000
v -0.01839719 -0.01499240 0.10653000
v -0.01906767 -0.01527012 0.09670000
v -0.01906767 -0.01527012 0.10653000
v -0.01964343 -0.01571191 0.09670000
v -0.01964343 -0.01571191 0.10653000
v -0.02008522 -0.01628767 0.09670000
v -0.02008522 -0.01628767 0.10653000
v -0.02036294 -0.01695815 0.09670000
v -0.02036294 -0.01695815 0.10653000
v -0.02045767 -0.01767767 0.09670000
v -0.02045767 -0.01767767 0.10653000
v -0.02036294 -0.01839719 0.09670000
v -0.02036294 -0.01839719 0.10653000
v -0.02008522 -0.01906767 0.09670000
v -0.02008522 -0.01906767 0.10653000
v -0.01964343 -0.01964343 0.09670000
v -0.01964343 -0.01964343 0.10653000
v -0.01906767 -0.02008522 0.09670000
v -0.01906767 -0.02008522 0.10653000
v -0.01839719 -0.02036294 0.09670000
v -0.01839719 -0.02036294 0.10653000
v 0.01767767 -0.02045767 0.09670000
v 0.01767767 -0.02045767 0.10653000
v 0.01839719 -0.02036294 0.09670000
v 0.01839719 -0.02036294 0.10653000
v 0.01906767 -0.02008522 0.09670000
v 0.01906767 -0.02008522 0.10653000
v 0.01964343 -0.01964343 0.09670000
v 0.01964343 -0.01964343 0.10653000
v 0.02008522 -0.01906767 0.09670000
v 0.02008522 -0.01906767 0.10653000
v 0.02036294 -0.01839719 0.09670000
v 0.02036294 -0.01839719 0.10653000
v 0.02045767 -0.01767767 0.09670000
v 0.02045767 -0.01767767 0.10653000
v 0.02036294 -0.01695815 0.09670000
v 0.02036294 -0.01695815 0.10653000
v 0.02008522 -0.01628767 0.09670000
v 0.02008522 -0.01628767 0.10653000
v 0.01964343 -0.01571191 0.09670000
v 0.01964343 -0.01571191 0.10653000
v 0.01906767 -0.01527012 0.09670000
v 0.01906767 -0.01527012 0.10653000
v 0.01839719 -0.01499240 0.09670000
v 0.01839719 -0.01499240 0.10653000
v 0.01767767 -0.01489767 0.09670000
v 0.01767767 -0.01489767 0.10653000
v 0.01695815 -0.01499240 0.09670000
v 0.01695815 -0.01499240 0.10653000
v 0.01628767 -0.01527012 0.09670000
v 0.01628767 -0.01527012 0.10653000
v 0.01571191 -0.01571191 0.09670000
v 0.01571191 -0.01571191 0.10653000
v 0.01527012 -0.01628767 0.09670000
v 0.01527012 -0.01628767 0.10653000
v 0.01499240 -0.01695815 0.09670000
v 0.01499240 -0.01695815 0.10653000
v 0.01489767 -0.01767767 0.09670000
v 0.01489767 -0.01767767 0.10653000
v 0.01499240 -0.01839719 0.09670000
v 0.01499240 -0.01839719 0.10653000
v 0.01527012 -0.01906767 0.09670000
v 0.01527012 -0.01906767 0.10653000
v 0.01571191 -0.01964343 0.09670000
v 0.01571191 -0.01964343 0.10653000
v 0.01628767 -0.02008522 0.09670000
v 0.01628767 -0.02008522 0.10653000
v 0.01695815 -0.02036294 0.09670000
v 0.01695815 -0.02036294 0.10653000
v -0.04001520 0.01399868 0.09670000
v -0.04031490 0.01472222 0.09670000
v -0.04029610 0.01466677 0.09779232
v -0.04028790 0.01464259 0.09779924
v -0.04018959 0.01435263 0.09788247
v -0.04004669 0.01406260 0.09794680
v -0.04039184 0.01588735 0.09742435
v -0.04041712 0.01549868 0.09753102
v -0.04041712 0.01549868 0.09670000
v -0.04040521 0.01540820 0.09755961
v -0.04031490 0.01472222 0.09777639
v -0.04031490 0.01627514 0.09734951
v -0.04031490 0.01627514 0.09670000
v -0.04018852 0.01664732 0.09732289
v -0.04001520 0.01699868 0.09670000
v -0.04001520 0.01699868 0.09734951
v -0.03979409 0.01732898 0.09742486
v -0.03953844 0.01762000 0.09670000
v -0.03953844 0.01762000 0.09753102
v -0.03946604 0.01767555 0.09755961
v -0.03891712 0.01809675 0.09670000
v -0.03891712 0.01809675 0.09777639
v -0.03826105 0.01837350 0.09794680
v -0.03856884 0.01826880 0.09788203
v -0.03819358 0.01839646 0.09670000
v -0.03884172 0.01813400 0.09779927
v -0.03886463 0.01812268 0.09779232
v -0.03741712 0.01849868 0.09670000
v -0.03771397 0.01848396 0.09800000
v -0.03819358 0.01839646 0.09796099
v -0.04001520 0.01399868 0.09796099
v -0.03973793 0.01359767 0.09800000
v -0.03953844 0.01337736 0.09670000
v -0.03953844 0.01337736 0.09800000
v -0.03891712 0.01290060 0.09670000
v -0.03891712 0.01290060 0.09800000
v -0.03819358 0.01260090 0.09670000
v -0.03819358 0.01260090 0.09800000
v -0.03741712 0.01249868 0.09670000
v -0.03741712 0.01249868 0.09800000
v -0.03664066 0.01260090 0.09670000
v -0.03664066 0.01260090 0.09800000
v -0.03591712 0.01290060 0.09670000
v -0.03591712 0.01290060 0.09800000
v -0.03529580 0.01337736 0.09670000
v -0.03529580 0.01337736 0.09800000
v -0.03481904 0.01399868 0.09670000
v -0.03481904 0.01399868 0.09800000
v -0.03451934 0.01472222 0.09670000
v -0.03451934 0.01472222 0.09800000
v -0.03441712 0.01549868 0.09670000
v -0.03441712 0.01549868 0.09800000
v -0.03451934 0.01627514 0.09670000
v -0.03451934 0.01627514 0.09800000
v -0.03481904 0.01699868 0.09670000
v -0.03481904 0.01699868 0.09800000
v -0.03529580 0.01762000 0.09670000
v -0.03529580 0.01762000 0.09800000
v -0.03591712 0.01809675 0.09670000
v -0.03591712 0.01809675 0.09800000
v -0.03664066 0.01839646 0.09670000
v -0.03664066 0.01839646 0.09800000
v -0.03741712 0.01849868 0.09800000
v -0.03856717 -0.01826949 0.09788247
v -0.03826104 -0.01837353 0.09794680
v -0.03819358 -0.01839646 0.09670000
v -0.03891712 -0.01809675 0.09670000
v -0.03891712 -0.01809675 0.09777639
v -0.03886462 -0.01812267 0.09779232
v -0.03884172 -0.01813397 0.09779924
v -0.03946604 -0.01767555 0.09755961
v -0.03953844 -0.01762000 0.09670000
v -0.03953844 -0.01762000 0.09753102
v -0.04031490 -0.01627514 0.09670000
v -0.04018900 -0.01664614 0.09732289
v -0.04001520 -0.01699868 0.09670000
v -0.04001520 -0.01699868 0.09734951
v -0.03979539 -0.01732729 0.09742435
v -0.04041712 -0.01549868 0.09670000
v -0.04039211 -0.01588523 0.09742486
v -0.04031490 -0.01627514 0.09734951
v -0.04031490 -0.01472222 0.09670000
v -0.04040521 -0.01540820 0.09755961
v -0.04041712 -0.01549868 0.09753102
v -0.04001520 -0.01399868 0.09670000
v -0.04004668 -0.01406262 0.09794680
v -0.04019028 -0.01435429 0.09788203
v -0.04028792 -0.01464257 0.09779927
v -0.04029612 -0.01466678 0.09779232
v -0.04031490 -0.01472222 0.09777639
v -0.03953844 -0.01337736 0.09670000
v -0.03973793 -0.01359767 0.09800000
v -0.04001520 -0.01399868 0.09796099
v -0.03819358 -0.01839646 0.09796099
v -0.03771397 -0.01848396 0.09800000
v -0.03741712 -0.01849868 0.09670000
v -0.03741712 -0.01849868 0.09800000
v -0.03664066 -0.01839646 0.09670000
v -0.03664066 -0.01839646 0.09800000
v -0.03591712 -0.01809675 0.09670000
v -0.03591712 -0.01809675 0.09800000
v -0.03529580 -0.01762000 0.09670000
v -0.03529580 -0.01762000 0.09800000
v -0.03481904 -0.01699868 0.09670000
v -0.03481904 -0.01699868 0.09800000
v -0.03451934 -0.01627514 0.09670000
v -0.03451934 -0.01627514 0.09800000
v -0.03441712 -0.01549868 0.09670000
v -0.03441712 -0.01549868 0.09800000
v -0.03451934 -0.01472222 0.09670000
v -0.03451934 -0.01472222 0.09800000
v -0.03481904 -0.01399868 0.09670000
v -0.03481904 -0.01399868 0.09800000
v -0.03529580 -0.01337736 0.09670000
v -0.03529580 -0.01337736 0.09800000
v -0.03591712 -0.01290060 0.09670000
v -0.03591712 -0.01290060 0.09800000
v -0.03664066 -0.01260090 0.09670000
v -0.03664066 -0.01260090 0.09800000
v -0.03741712 -0.01249868 0.09670000
v -0.03741712 -0.01249868 0.09800000
v -0.03819358 -0.01260090 0.09670000
v -0.03819358 -0.01260090 0.09800000
v -0.03891712 -0.01290060 0.09670000
v -0.03891712 -0.01290060 0.09800000
v -0.03953844 -0.01337736 0.09800000
v -0.01435263 -0.04018959 0.09788247
v -0.01406260 -0.04004669 0.09794680
v -0.01399868 -0.04001520 0.09670000
v -0.01472222 -0.04031490 0.09670000
v -0.01472222 -0.04031490 0.09777639
v -0.01466677 -0.04029610 0.09779232
v -0.01464259 -0.04028790 0.09779924
v -0.01540820 -0.04040521 0.09755961
v -0.01549868 -0.04041712 0.09670000
v -0.01549868 -0.04041712 0.09753102
v -0.01699868 -0.04001520 0.09670000
v -0.01664732 -0.04018852 0.09732289
v -0.01627514 -0.04031490 0.09670000
v -0.01627514 -0.04031490 0.09734951
v -0.01588735 -0.04039184 0.09742435
v -0.01762000 -0.03953844 0.09670000
v -0.01732898 -0.03979409 0.09742486
v -0.01699868 -0.04001520 0.09734951
v -0.01809675 -0.03891712 0.09670000
v -0.01767555 -0.03946604 0.09755961
v -0.01762000 -0.03953844 0.09753102
v -0.01839646 -0.03819358 0.09670000
v -0.01837350 -0.03826105 0.09794680
v -0.01826880 -0.03856884 0.09788203
v -0.01813400 -0.03884172 0.09779927
v -0.01812268 -0.03886463 0.09779232
v -0.01809675 -0.03891712 0.09777639
v -0.01849868 -0.03741712 0.09670000
v -0.01848396 -0.03771397 0.09800000
v -0.01839646 -0.03819358 0.09796099
v -0.01399868 -0.04001520 0.09796099
v -0.01359767 -0.03973793 0.09800000
v -0.01337736 -0.03953844 0.09670000
v -0.01337736 -0.03953844 0.09800000
v -0.01290060 -0.03891712 0.09670000
v -0.01290060 -0.03891712 0.09800000
v -0.01260090 -0.03819358 0.09670000
v -0.01260090 -0.03819358 0.09800000
v -0.01249868 -0.03741712 0.09670000
v -0.01249868 -0.03741712 0.09800000
v -0.01260090 -0.03664066 0.09670000
v -0.01260090 -0.03664066 0.09800000
v -0.01290060 -0.03591712 0.09670000
v -0.01290060 -0.03591712 0.09800000
v -0.01337736 -0.03529580 0.09670000
v -0.01337736 -0.03529580 0.09800000
v -0.01399868 -0.03481904 0.09670000
v -0.01399868 -0.03481904 0.09800000
v -0.01472222 -0.03451934 0.09670000
v -0.01472222 -0.03451934 0.09800000
v -0.01549868 -0.03441712 0.09670000
v -0.01549868 -0.03441712 0.09800000
v -0.01627514 -0.03451934 0.09670000
v -0.01627514 -0.03451934 0.09800000
v -0.01699868 -0.03481904 0.09670000
v -0.01699868 -0.03481904 0.09800000
v -0.01762000 -0.03529580 0.09670000
v -0.01762000 -0.03529580 0.09800000
v -0.01809675 -0.03591712 0.09670000
v -0.01809675 -0.03591712 0.09800000
v -0.01839646 -0.03664066 0.09670000
v -0.01839646 -0.03664066 0.09800000
v -0.01849868 -0.03741712 0.09800000
v 0.01839646 -0.03819358 0.09670000
v 0.01809675 -0.03891712 0.09670000
v 0.01812267 -0.03886462 0.09779232
v 0.01813397 -0.03884172 0.09779924
v 0.01826949 -0.03856717 0.09788247
v 0.01837353 -0.03826104 0.09794680
v 0.01732729 -0.03979539 0.09742435
v 0.01762000 -0.03953844 0.09753102
v 0.01762000 -0.03953844 0.09670000
v 0.01767555 -0.03946604 0.09755961
v 0.01809675 -0.03891712 0.09777639
v 0.01699868 -0.04001520 0.09734951
v 0.01699868 -0.04001520 0.09670000
v 0.01664614 -0.04018900 0.09732289
v 0.01627514 -0.04031490 0.09670000
v 0.01627514 -0.04031490 0.09734951
v 0.01588523 -0.04039211 0.09742486
v 0.01549868 -0.04041712 0.09670000
v 0.01549868 -0.04041712 0.09753102
v 0.01540820 -0.04040521 0.09755961
v 0.01472222 -0.04031490 0.09670000
v 0.01472222 -0.04031490 0.09777639
v 0.01406262 -0.04004668 0.09794680
v 0.01435429 -0.04019028 0.09788203
v 0.01399868 -0.04001520 0.09670000
v 0.01464257 -0.04028792 0.09779927
v 0.01466678 -0.04029612 0.09779232
v 0.01337736 -0.03953844 0.09670000
v 0.01359767 -0.03973793 0.09800000
v 0.01399868 -0.04001520 0.09796099
v 0.01839646 -0.03819358 0.09796099
v 0.01848396 -0.03771397 0.09800000
v 0.01849868 -0.03741712 0.09670000
v 0.01849868 -0.03741712 0.09800000
v 0.01839646 -0.03664066 0.09670000
v 0.01839646 -0.03664066 0.09800000
v 0.01809675 -0.03591712 0.09670000
v 0.01809675 -0.03591712 0.09800000
v 0.01762000 -0.03529580 0.09670000
v 0.01762000 -0.03529580 0.09800000
v 0.01699868 -0.03481904 0.09670000
v 0.01699868 -0.03481904 0.09800000
v 0.01627514 -0.03451934 0.09670000
v 0.01627514 -0.03451934 0.09800000
v 0.01549868 -0.03441712 0.09670000
v 0.01549868 -0.03441712 0.09800000
v 0.01472222 -0.03451934 0.09670000
v 0.01472222 -0.03451934 0.09800000
v 0.01399868 -0.03481904 0.09670000
v 0.01399868 -0.03481904 0.09800000
v 0.01337736 -0.03529580 0.09670000
v 0.01337736 -0.03529580 0.09800000
v 0.01290060 -0.03591712 0.09670000
v 0.01290060 -0.03591712 0.09800000
v 0.01260090 -0.03664066 0.09670000
v 0.01260090 -0.03664066 0.09800000
v 0.01249868 -0.03741712 0.09670000
v 0.01249868 -0.03741712 0.09800000
v 0.01260090 -0.03819358 0.09670000
v 0.01260090 -0.03819358 0.09800000
v 0.01290060 -0.03891712 0.09670000
v 0.01290060 -0.03891712 0.09800000
v 0.01337736 -0.03953844 0.09800000
v 0.04001520 -0.01399868 0.09670000
v 0.04031490 -0.01472222 0.09670000
v 0.04029610 -0.01466677 0.09779232
v 0.04028790 -0.01464259 0.09779924
v 0.04018959 -0.01435263 0.09788247
v 0.04004669 -0.01406260 0.09794680
v 0.04039184 -0.01588735 0.09742435
v 0.04041712 -0.01549868 0.09753102
v 0.04041712 -0.01549868 0.09670000
v 0.04040521 -0.01540820 0.09755961
v 0.04031490 -0.01472222 0.09777639
v 0.04031490 -0.01627514 0.09734951
v 0.04031490 -0.01627514 0.09670000
v 0.04018852 -0.01664732 0.09732289
v 0.04001520 -0.01699868 0.09670000
v 0.04001520 -0.01699868 0.09734951
v 0.03979409 -0.01732898 0.09742486
v 0.03953844 -0.01762000 0.09670000
v 0.03953844 -0.01762000 0.09753102
v 0.03946604 -0.01767555 0.09755961
v 0.03891712 -0.01809675 0.09670000
v 0.03891712 -0.01809675 0.09777639
v 0.03826105 -0.01837350 0.09794680
v 0.03856884 -0.01826880 0.09788203
v 0.03819358 -0.01839646 0.09670000
v 0.03884172 -0.01813400 0.09779927
v 0.03886463 -0.01812268 0.09779232
v 0.03741712 -0.01849868 0.09670000
v 0.03771397 -0.01848396 0.09800000
v 0.03819358 -0.01839646 0.09796099
v 0.04001520 -0.01399868 0.09796099
v 0.03973793 -0.01359767 0.09800000
v 0.03953844 -0.01337736 0.09670000
v 0.03953844 -0.01337736 0.09800000
v 0.03891712 -0.01290060 0.09670000
v 0.03891712 -0.01290060 0.09800000
v 0.03819358 -0.01260090 0.09670000
v 0.03819358 -0.01260090 0.09800000
v 0.03741712 -0.01249868 0.09670000
v 0.03741712 -0.01249868 0.09800000
v 0.03664066 -0.01260090 0.09670000
v 0.03664066 -0.01260090 0.09800000
v 0.03591712 -0.01290060 0.09670000
v 0.03591712 -0.01290060 0.09800000
v 0.03529580 -0.01337736 0.09670000
v 0.03529580 -0.01337736 0.09800000
v 0.03481904 -0.01399868 0.09670000
v 0.03481904 -0.01399868 0.09800000
v 0.03451934 -0.01472222 0.09670000
v 0.03451934 -0.01472222 0.09800000
v 0.03441712 -0.01549868 0.09670000
v 0.03441712 -0.01549868 0.09800000
v 0.03451934 -0.01627514 0.09670000
v 0.03451934 -0.01627514 0.09800000
v 0.03481904 -0.01699868 0.09670000
v 0.03481904 -0.01699868 0.09800000
v 0.03529580 -0.01762000 0.09670000
v 0.03529580 -0.01762000 0.09800000
v 0.03591712 -0.01809675 0.09670000
v 0.03591712 -0.01809675 0.09800000
v 0.03664066 -0.01839646 0.09670000
v 0.03664066 -0.01839646 0.09800000
v 0.03741712 -0.01849868 0.09800000
v 0.03856717 0.01826949 0.09788247
v 0.03826104 0.01837353 0.09794680
v 0.03819358 0.01839646 0.09670000
v 0.03891712 0.01809675 0.09670000
v 0.03891712 0.01809675 0.09777639
v 0.03886462 0.01812267 0.09779232
v 0.03884172 0.01813397 0.09779924
v 0.03946604 0.01767555 0.09755961
v 0.03953844 0.01762000 0.09670000
v 0.03953844 0.01762000 0.09753102
v 0.04031490 0.01627514 0.09670000
v 0.04018900 0.01664614 0.09732289
v 0.04001520 0.01699868 0.09670000
v 0.04001520 0.01699868 0.09734951
v 0.03979539 0.01732729 0.09742435
v 0.04041712 0.01549868 0.09670000
v 0.04039211 0.01588523 0.09742486
v 0.04031490 0.01627514 0.09734951
v 0.04031490 0.01472222 0.09670000
v 0.04040521 0.01540820 0.09755961
v 0.04041712 0.01549868 0.09753102
v 0.04001520 0.01399868 0.09670000
v 0.04004668 0.01406262 0.09794680
v 0.04019028 0.01435429 0.09788203
v 0.04028792 0.01464257 0.09779927
v 0.04029612 0.01466678 0.09779232
v 0.04031490 0.01472222 0.09777639
v 0.03953844 0.01337736 0.09670000
v 0.03973793 0.01359767 0.09800000
v 0.04001520 0.01399868 0.09796099
v 0.03819358 0.01839646 0.09796099
v 0.03771397 0.01848396 0.09800000
v 0.03741712 0.01849868 0.09670000
v 0.03741712 0.01849868 0.09800000
v 0.03664066 0.01839646 0.09670000
v 0.03664066 0.01839646 0.09800000
v 0.03591712 0.01809675 0.09670000
v 0.03591712 0.01809675 0.09800000
v 0.03529580 0.01762000 0.09670000
v 0.03529580 0.01762000 0.09800000
v 0.03481904 0.01699868 0.09670000
v 0.03481904 0.01699868 0.09800000
v 0.03451934 0.01627514 0.09670000
v 0.03451934 0.01627514 0.09800000
v 0.03441712 0.01549868 0.09670000
v 0.03441712 0.01549868 0.09800000
v 0.03451934 0.01472222 0.09670000
v 0.03451934 0.01472222 0.09800000
v 0.03481904 0.01399868 0.09670000
v 0.03481904 0.01399868 0.09800000
v 0.03529580 0.01337736 0.09670000
v 0.03529580 0.01337736 0.09800000
v 0.03591712 0.01290060 0.09670000
v 0.03591712 0.01290060 0.09800000
v 0.03664066 0.01260090 0.09670000
v 0.03664066 0.01260090 0.09800000
v 0.03741712 0.01249868 0.09670000
v 0.03741712 0.01249868 0.09800000
v 0.03819358 0.01260090 0.09670000
v 0.03819358 0.01260090 0.09800000
v 0.03891712 0.01290060 0.09670000
v 0.03891712 0.01290060 0.09800000
v 0.03953844 0.01337736 0.09800000
v 0.01399868 0.04001520 0.09670000
v 0.01472222 0.04031490 0.09670000
v 0.01466677 0.04029610 0.09779232
v 0.01464259 0.04028790 0.09779924
v 0.01435263 0.04018959 0.09788247
v 0.01406260 0.04004669 0.09794680
v 0.01588735 0.04039184 0.09742435
v 0.01549868 0.04041712 0.09753102
v 0.01549868 0.04041712 0.09670000
v 0.01540820 0.04040521 0.09755961
v 0.01472222 0.04031490 0.09777639
v 0.01627514 0.04031490 0.09734951
v 0.01627514 0.04031490 0.09670000
v 0.01664732 0.04018852 0.09732289
v 0.01699868 0.04001520 0.09670000
v 0.01699868 0.04001520 0.09734951
v 0.01732898 0.03979409 0.09742486
v 0.01762000 0.03953844 0.09670000
v 0.01762000 0.03953844 0.09753102
v 0.01767555 0.03946604 0.09755961
v 0.01809675 0.03891712 0.09670000
v 0.01809675 0.03891712 0.09777639
v 0.01837350 0.03826105 0.09794680
v 0.01826880 0.03856884 0.09788203
v 0.01839646 0.03819358 0.09670000
v 0.01813400 0.03884172 0.09779927
v 0.01812268 0.03886463 0.09779232
v 0.01849868 0.03741712 0.09670000
v 0.01848396 0.03771397 0.09800000
v 0.01839646 0.03819358 0.09796099
v 0.01399868 0.04001520 0.09796099
v 0.01359767 0.03973793 0.09800000
v 0.01337736 0.03953844 0.09670000
v 0.01337736 0.03953844 0.09800000
v 0.01290060 0.03891712 0.09670000
v 0.01290060 0.03891712 0.09800000
v 0.01260090 0.03819358 0.09670000
v 0.01260090 0.03819358 0.09800000
v 0.01249868 0.03741712 0.09670000
v 0.01249868 0.03741712 0.09800000
v 0.01260090 0.03664066 0.09670000
v 0.01260090 0.03664066 0.09800000
v 0.01290060 0.03591712 0.09670000
v 0.01290060 0.03591712 0.09800000
v 0.01337736 0.03529580 0.09670000
v 0.01337736 0.03529580 0.09800000
v 0.01399868 0.03481904 0.09670000
v 0.01399868 0.03481904 0.09800000
v 0.01472222 0.03451934 0.09670000
v 0.01472222 0.03451934 0.09800000
v 0.01549868 0.03441712 0.09670000
v 0.01549868 0.03441712 0.09800000
v 0.01627514 0.03451934 0.09670000
v 0.01627514 0.03451934 0.09800000
v 0.01699868 0.03481904 0.09670000
v 0.01699868 0.03481904 0.09800000
v 0.01762000 0.03529580 0.09670000
v 0.01762000 0.03529580 0.09800000
v 0.01809675 0.03591712 0.09670000
v 0.01809675 0.03591712 0.09800000
v 0.01839646 0.03664066 0.09670000
v 0.01839646 0.03664066 0.09800000
v 0.01849868 0.03741712 0.09800000
v -0.01826949 0.03856717 0.09788247
v -0.01837353 0.03826104 0.09794680
v -0.01839646 0.03819358 0.09670000
v -0.01809675 0.03891712 0.09670000
v -0.01809675 0.03891712 0.09777639
v -0.01812267 0.03886462 0.09779232
v -0.01813397 0.03884172 0.09779924
v -0.01767555 0.03946604 0.09755961
v -0.01762000 0.03953844 0.09670000
v -0.01762000 0.03953844 0.09753102
v -0.01627514 0.04031490 0.09670000
v -0.01664614 0.04018900 0.09732289
v -0.01699868 0.04001520 0.09670000
v -0.01699868 0.04001520 0.09734951
v -0.01732729 0.03979539 0.09742435
v -0.01549868 0.04041712 0.09670000
v -0.01588523 0.04039211 0.09742486
v -0.01627514 0.04031490 0.09734951
v -0.01472222 0.04031490 0.09670000
v -0.01540820 0.04040521 0.09755961
v -0.01549868 0.04041712 0.09753102
v -0.01399868 0.04001520 0.09670000
v -0.01406262 0.04004668 0.09794680
v -0.01435429 0.04019028 0.09788203
v -0.01464257 0.04028792 0.09779927
v -0.01466678 0.04029612 0.09779232
v -0.01472222 0.04031490 0.09777639
v -0.01337736 0.03953844 0.09670000
v -0.01359767 0.03973793 0.09800000
v -0.01399868 0.04001520 0.09796099
v -0.01839646 0.03819358 0.09796099
v -0.01848396 0.03771397 0.09800000
v -0.01849868 0.03741712 0.09670000
v -0.01849868 0.03741712 0.09800000
v -0.01839646 0.03664066 0.09670000
v -0.01839646 0.03664066 0.09800000
v -0.01809675 0.03591712 0.09670000
v -0.01809675 0.03591712 0.09800000
v -0.01762000 0.03529580 0.09670000
v -0.01762000 0.03529580 0.09800000
v -0.01699868 0.03481904 0.09670000
v -0.01699868 0.03481904 0.09800000
v -0.01627514 0.03451934 0.09670000
v -0.01627514 0.03451934 0.09800000
v -0.01549868 0.03441712 0.09670000
v -0.01549868 0.03441712 0.09800000
v -0.01472222 0.03451934 0.09670000
v -0.01472222 0.03451934 0.09800000
v -0.01399868 0.03481904 0.09670000
v -0.01399868 0.03481904 0.09800000
v -0.01337736 0.03529580 0.09670000
v -0.01337736 0.03529580 0.09800000
v -0.01290060 0.03591712 0.09670000
v -0.01290060 0.03591712 0.09800000
v -0.01260090 0.03664066 0.09670000
v -0.01260090 0.03664066 0.09800000
v -0.01249868 0.03741712 0.09670000
v -0.01249868 0.03741712 0.09800000
v -0.01260090 0.03819358 0.09670000
v -0.01260090 0.03819358 0.09800000
v -0.01290060 0.03891712 0.09670000
v -0.01290060 0.03891712 0.09800000
v -0.01337736 0.03953844 0.09800000
v -0.01147355 -0.04211508 0.05745250
v -0.01891724 -0.03950415 0.05745250
v -0.02166683 -0.03789289 0.05745250
v -0.02362846 -0.03688002 0.05745250
v -0.02615418 -0.03494684 0.05745250
v -0.02798149 -0.03369683 0.05745250
v -0.03024598 -0.03147226 0.05745250
v -0.03191035 -0.03000283 0.05745250
v -0.03388035 -0.02752171 0.05745250
v -0.03535548 -0.02585401 0.05745250
v -0.03700232 -0.02315493 0.05745250
v -0.03826466 -0.02131328 0.05745250
v -0.03956468 -0.01843796 0.05745250
v -0.04059378 -0.01644945 0.05745250
v -0.04152868 -0.01344214 0.05745250
v -0.04230755 -0.01133627 0.05745250
v -0.04286461 -0.00824303 0.05745250
v -0.04337998 -0.00605125 0.05745250
v -0.04355227 -0.00291925 0.05745250
v -0.04379481 -0.00067449 0.05745250
v -0.04358126 0.00244868 0.05745250
v -0.04354575 0.00471249 0.05745250
v -0.04295114 0.00777957 0.05745250
v -0.04263659 0.01002803 0.05745250
v -0.04167145 0.01299281 0.05745250
v -0.04108110 0.01519156 0.05745250
v -0.03976152 0.01800955 0.05745250
v -0.03890285 0.02012481 0.05745250
v -0.03725026 0.02275392 0.05745250
v -0.03613489 0.02475298 0.05745250
v -0.03417563 0.02715417 0.05745250
v -0.03281916 0.02900592 0.05745250
v -0.03058415 0.03114374 0.05745250
v -0.03097128 0.03097128 0.05745250
v -0.02900592 0.03281916 0.05745250
v -0.02653011 0.03466231 0.05745250
v -0.02475298 0.03613489 0.05745250
v -0.02207485 0.03765665 0.05745250
v -0.02012481 0.03890285 0.05745250
v -0.01728573 0.04008149 0.05745250
v -0.01519156 0.04108110 0.05745250
v -0.01223519 0.04190015 0.05745250
v -0.01002803 0.04263659 0.05745250
v -0.00699961 0.04308512 0.05745250
v -0.00471249 0.04354575 0.05745250
v -0.00165817 0.04361849 0.05745250
v 0.00067449 0.04379481 0.05745250
v 0.00370835 0.04349219 0.05745250
v 0.00605125 0.04337998 0.05745250
v 0.00901879 0.04270812 0.05745250
v 0.01133627 0.04230755 0.05745250
v 0.01419283 0.04127816 0.05745250
v 0.01644945 0.04059378 0.05745250
v 0.01915222 0.03922391 0.05745250
v 0.02131328 0.03826466 0.05745250
v 0.02382196 0.03657645 0.05745250
v 0.02585401 0.03535548 0.05745250
v 0.02813142 0.03337582 0.05745250
v 0.03000283 0.03191035 0.05745250
v 0.03201543 0.02967043 0.05745250
v 0.03369683 0.02798149 0.05745250
v 0.03541525 0.02551631 0.05745250
v 0.03688002 0.02362846 0.05745250
v 0.03827946 0.02097629 0.05745250
v 0.03950415 0.01891724 0.05745250
v 0.04056475 0.01611904 0.05745250
v 0.04152943 0.01391926 0.05745250
v 0.04223655 0.01101800 0.05745250
v 0.04292518 0.00871028 0.05745250
v 0.04326957 0.00575033 0.05745250
v 0.04367022 0.00336926 0.05745250
v 0.04364820 0.00039569 0.05745250
v 0.04375326 -0.00202284 0.05745250
v 0.04336671 -0.00496493 0.05745250
v 0.04317305 -0.00738427 0.05745250
v 0.04242936 -0.01025046 0.05745250
v 0.04193838 -0.01263376 0.05745250
v 0.04085031 -0.01538097 0.05745250
v 0.04006797 -0.01769174 0.05745250
v 0.03865346 -0.02027886 0.05745250
v 0.03759017 -0.02248153 0.05745250
v 0.03587203 -0.02487006 0.05745250
v 0.03454254 -0.02693053 0.05745250
v 0.03254808 -0.02908513 0.05745250
v 0.03097128 -0.03097128 0.05745250
v 0.02873188 -0.03286033 0.05745250
v 0.02693053 -0.03454254 0.05745250
v 0.02448116 -0.03613856 0.05745250
v 0.02248153 -0.03759017 0.05745250
v 0.01986018 -0.03887024 0.05745250
v 0.01769174 -0.04006797 0.05745250
v 0.01493885 -0.04101406 0.05745250
v 0.01263376 -0.04193838 0.05745250
v 0.00979159 -0.04253760 0.05745250
v 0.00738427 -0.04317305 0.05745250
v 0.00449624 -0.04341781 0.05745250
v 0.00202284 -0.04375326 0.05745250
v -0.00086711 -0.04364138 0.05745250
v -0.00336926 -0.04367022 0.05745250
v -0.00621735 -0.04320494 0.05745250
v -0.00871028 -0.04292518 0.05745250
v -0.01391926 -0.04152943 0.05745250
v 0.02693053 -0.03454254 0.05745250
v 0.03097128 -0.03097128 0.05745250
v 0.02908310 -0.03290648 0.05765250
v 0.02705349 -0.03470027 0.05765250
v 0.02481884 -0.03623104 0.05765250
v 0.02248153 -0.03759017 0.05745250
v 0.02258419 -0.03776181 0.05765250
v 0.02017836 -0.03900637 0.05765250
v 0.01769174 -0.04006797 0.05745250
v 0.01777252 -0.04025093 0.05765250
v 0.01523199 -0.04119041 0.05765250
v 0.01263376 -0.04193838 0.05745250
v 0.01269145 -0.04212989 0.05765250
v 0.01005472 -0.04275004 0.05765250
v 0.00738427 -0.04317305 0.05745250
v -0.00067629 -0.04391134 0.05765250
v -0.00336926 -0.04367022 0.05745250
v 0.00202284 -0.04375326 0.05745250
v 0.00741799 -0.04337019 0.05765250
v 0.00472503 -0.04366162 0.05765250
v 0.00203207 -0.04395305 0.05765250
v -0.00338465 -0.04386962 0.05765250
v -0.00606735 -0.04349541 0.05765250
v -0.00871028 -0.04292518 0.05745250
v -0.01649322 -0.04070180 0.05765250
v -0.01891724 -0.03950415 0.05745250
v -0.01391926 -0.04152943 0.05745250
v -0.00875006 -0.04312118 0.05765250
v -0.01136644 -0.04242013 0.05765250
v -0.01398282 -0.04171907 0.05765250
v -0.02592281 -0.03544956 0.05765250
v -0.02798149 -0.03369683 0.05745250
v -0.02362846 -0.03688002 0.05745250
v -0.01900362 -0.03968453 0.05765250
v -0.02136999 -0.03836648 0.05765250
v -0.02373635 -0.03704842 0.05765250
v -0.02810926 -0.03385070 0.05765250
v -0.03008266 -0.03199526 0.05765250
v -0.03191035 -0.03000283 0.05745250
v -0.03697816 -0.02369133 0.05765250
v -0.03826466 -0.02131328 0.05745250
v -0.03535548 -0.02585401 0.05745250
v -0.03205606 -0.03013982 0.05765250
v -0.03378649 -0.02805595 0.05765250
v -0.03551692 -0.02597207 0.05765250
v -0.04163994 -0.01395630 0.05765250
v -0.04230755 -0.01133627 0.05745250
v -0.04059378 -0.01644945 0.05745250
v -0.03843938 -0.02141060 0.05765250
v -0.03960926 -0.01896758 0.05765250
v -0.04077915 -0.01652457 0.05765250
v -0.04378642 -0.00337823 0.05765250
v -0.04379481 -0.00067449 0.05745250
v -0.04337998 -0.00605125 0.05745250
v -0.04250074 -0.01138804 0.05765250
v -0.04303940 -0.00873346 0.05765250
v -0.04357806 -0.00607888 0.05765250
v -0.04378642 -0.00337823 0.05765250
v -0.04328793 0.00740392 0.05765250
v -0.04263659 0.01002803 0.05745250
v -0.04354575 0.00471249 0.05745250
v -0.04399478 -0.00067757 0.05765250
v -0.04386968 0.00202822 0.05765250
v -0.04374459 0.00473401 0.05765250
v -0.04017459 0.01773882 0.05765250
v -0.03890285 0.02012481 0.05745250
v -0.04108110 0.01519156 0.05745250
v -0.04283127 0.01007382 0.05765250
v -0.04204998 0.01266738 0.05765250
v -0.04126868 0.01526093 0.05765250
v -0.03908049 0.02021670 0.05765250
v -0.03769019 0.02254135 0.05765250
v -0.03613489 0.02475298 0.05745250
v -0.02700218 0.03463445 0.05765250
v -0.02475298 0.03613489 0.05745250
v -0.02900592 0.03281916 0.05745250
v -0.03629989 0.02486600 0.05765250
v -0.03463445 0.02700218 0.05765250
v -0.03281916 0.02900592 0.05745250
v -0.03296901 0.02913836 0.05765250
v -0.03097128 0.03097128 0.05745250
v -0.03111270 0.03111270 0.05765250
v -0.02913836 0.03296901 0.05765250
v -0.01773882 0.04017459 0.05765250
v -0.01519156 0.04108110 0.05745250
v -0.02012481 0.03890285 0.05745250
v -0.02486600 0.03629989 0.05765250
v -0.02254135 0.03769019 0.05765250
v -0.02021670 0.03908049 0.05765250
v -0.00740392 0.04328793 0.05765250
v -0.00471249 0.04354575 0.05745250
v -0.01002803 0.04263659 0.05745250
v -0.01526093 0.04126868 0.05765250
v -0.01266738 0.04204998 0.05765250
v -0.01007382 0.04283127 0.05765250
v 0.00337823 0.04378642 0.05765250
v 0.00605125 0.04337998 0.05745250
v 0.00067449 0.04379481 0.05745250
v -0.00473401 0.04374459 0.05765250
v -0.00202822 0.04386968 0.05765250
v 0.00067757 0.04399478 0.05765250
v 0.00337823 0.04378642 0.05765250
v 0.00607888 0.04357806 0.05765250
v 0.00873346 0.04303940 0.05765250
v 0.01133627 0.04230755 0.05745250
v 0.01138804 0.04250074 0.05765250
v 0.01395630 0.04163994 0.05765250
v 0.01644945 0.04059378 0.05745250
v 0.02369133 0.03697816 0.05765250
v 0.02585401 0.03535548 0.05745250
v 0.02131328 0.03826466 0.05745250
v 0.01652457 0.04077915 0.05765250
v 0.01896758 0.03960926 0.05765250
v 0.02141060 0.03843938 0.05765250
v 0.03199526 0.03008266 0.05765250
v 0.03369683 0.02798149 0.05745250
v 0.03000283 0.03191035 0.05745250
v 0.02597207 0.03551692 0.05765250
v 0.02805595 0.03378649 0.05765250
v 0.03013982 0.03205606 0.05765250
v 0.03836648 0.02136999 0.05765250
v 0.03950415 0.01891724 0.05745250
v 0.03688002 0.02362846 0.05745250
v 0.03385070 0.02810926 0.05765250
v 0.03544956 0.02592281 0.05765250
v 0.03704842 0.02373635 0.05765250
v 0.04242013 0.01136644 0.05765250
v 0.04292518 0.00871028 0.05745250
v 0.04152943 0.01391926 0.05745250
v 0.03968453 0.01900362 0.05765250
v 0.04070180 0.01649322 0.05765250
v 0.04171907 0.01398282 0.05765250
v 0.04391134 0.00067629 0.05765250
v 0.04375326 -0.00202284 0.05745250
v 0.04367022 0.00336926 0.05745250
v 0.04312118 0.00875006 0.05765250
v 0.04349541 0.00606735 0.05765250
v 0.04386962 0.00338465 0.05765250
v 0.04275004 -0.01005472 0.05765250
v 0.04193838 -0.01263376 0.05745250
v 0.04317305 -0.00738427 0.05745250
v 0.04395305 -0.00203207 0.05765250
v 0.04366162 -0.00472503 0.05765250
v 0.04337019 -0.00741799 0.05765250
v 0.04212989 -0.01269145 0.05765250
v 0.04119041 -0.01523199 0.05765250
v 0.04006797 -0.01769174 0.05745250
v 0.03623104 -0.02481884 0.05765250
v 0.03454254 -0.02693053 0.05745250
v 0.03759017 -0.02248153 0.05745250
v 0.04025093 -0.01777252 0.05765250
v 0.03900637 -0.02017836 0.05765250
v 0.03776181 -0.02258419 0.05765250
v 0.03470027 -0.02705349 0.05765250
v 0.03290648 -0.02908310 0.05765250
v 0.03111270 -0.03111270 0.05765250
v -0.03111270 0.03111270 0.07520000
v -0.03470027 0.02705349 0.07520000
v -0.03454254 0.02693053 0.07540001
v -0.03776181 0.02258419 0.07520000
v -0.03759017 0.02248153 0.07540001
v -0.03492317 0.02637486 0.07540001
v -0.04025093 0.01777252 0.07520000
v -0.04212989 0.01269145 0.07520000
v -0.04193838 0.01263376 0.07540001
v -0.04030158 0.01706002 0.07540001
v -0.04006797 0.01769174 0.07540001
v -0.03789963 0.02188330 0.07540001
v -0.04337019 0.00741799 0.07520000
v -0.04395305 0.00203207 0.07520000
v -0.04375326 0.00202284 0.07540001
v -0.04324552 0.00671465 0.07540001
v -0.04317305 0.00738427 0.07540001
v -0.04209259 0.01197812 0.07540001
v -0.04386962 -0.00338465 0.07520000
v -0.04312118 -0.00875006 0.07520000
v -0.04292518 -0.00871028 0.07540001
v -0.04357717 -0.00403633 0.07540001
v -0.04367022 -0.00336926 0.07540001
v -0.04374289 0.00134938 0.07540001
v -0.04171907 -0.01398282 0.07520000
v -0.03968453 -0.01900362 0.07520000
v -0.03950415 -0.01891724 0.07540001
v -0.04127648 -0.01454349 0.07540001
v -0.04152943 -0.01391926 0.07540001
v -0.04275086 -0.00936086 0.07540001
v -0.03704842 -0.02373635 0.07520000
v -0.03385070 -0.02810926 0.07520000
v -0.03369683 -0.02798149 0.07540001
v -0.03648245 -0.02417214 0.07540001
v -0.03688002 -0.02362846 0.07540001
v -0.03917640 -0.01950566 0.07540001
v -0.03013982 -0.03205606 0.07520000
v -0.02597207 -0.03551692 0.07520000
v -0.02585401 -0.03535548 0.07540001
v -0.02948465 -0.03234063 0.07540001
v -0.03000283 -0.03191035 0.07540001
v -0.03323546 -0.02847219 0.07540001
v -0.02141060 -0.03843938 0.07520000
v -0.01652457 -0.04077915 0.07520000
v -0.01644945 -0.04059378 0.07540001
v -0.02070580 -0.03855556 0.07540001
v -0.02131328 -0.03826466 0.07540001
v -0.02528689 -0.03571883 0.07540001
v -0.01138804 -0.04250074 0.07520000
v -0.00607888 -0.04357806 0.07520000
v -0.00605125 -0.04337998 0.07540001
v -0.01067619 -0.04244149 0.07540001
v -0.01133627 -0.04230755 0.07540001
v -0.01581084 -0.04080783 0.07540001
v -0.00067757 -0.04399478 0.07520000
v 0.00473401 -0.04374459 0.07520000
v 0.00471249 -0.04354575 0.07540001
v 0.00000000 -0.04380000 0.07540001
v -0.00067449 -0.04379481 0.07540001
v -0.00537971 -0.04343179 0.07540001
v 0.01007382 -0.04283127 0.07520000
v 0.01526093 -0.04126868 0.07520000
v 0.01519156 -0.04108110 0.07540001
v 0.01067294 -0.04244231 0.07540001
v 0.01002803 -0.04263659 0.07540001
v 0.00537638 -0.04343220 0.07540001
v 0.02021670 -0.03908049 0.07520000
v 0.02486600 -0.03629989 0.07520000
v 0.02475298 -0.03613489 0.07540001
v 0.02070285 -0.03855714 0.07540001
v 0.02012481 -0.03890285 0.07540001
v 0.01580771 -0.04080904 0.07540001
v 0.03296901 -0.02913836 0.07520000
v 0.03281916 -0.02900592 0.07540001
v 0.03111270 -0.03111270 0.07520000
v 0.02948217 -0.03234289 0.07540001
v 0.02913836 -0.03296901 0.07520000
v 0.02900592 -0.03281916 0.07540001
v 0.02528415 -0.03572076 0.07540001
v 0.03629989 -0.02486600 0.07520000
v 0.03908049 -0.02021670 0.07520000
v 0.03890285 -0.02012481 0.07540001
v 0.03648060 -0.02417494 0.07540001
v 0.03613489 -0.02475298 0.07540001
v 0.03323328 -0.02847474 0.07540001
v 0.04126868 -0.01526093 0.07520000
v 0.04283127 -0.01007382 0.07520000
v 0.04263659 -0.01002803 0.07540001
v 0.04127537 -0.01454666 0.07540001
v 0.04108110 -0.01519156 0.07540001
v 0.03917491 -0.01950866 0.07540001
v 0.04374459 -0.00473401 0.07520000
v 0.04399478 0.00067757 0.07520000
v 0.04379481 0.00067449 0.07540001
v 0.04357686 -0.00403968 0.07540001
v 0.04354575 -0.00471249 0.07540001
v 0.04275014 -0.00936414 0.07540001
v 0.04357806 0.00607888 0.07520000
v 0.04250074 0.01138804 0.07520000
v 0.04230755 0.01133627 0.07540001
v 0.04324603 0.00671133 0.07540001
v 0.04337998 0.00605125 0.07540001
v 0.04374300 0.00134603 0.07540001
v 0.04077915 0.01652457 0.07520000
v 0.03843938 0.02141060 0.07520000
v 0.03826466 0.02131328 0.07540001
v 0.04030289 0.01705693 0.07540001
v 0.04059378 0.01644945 0.07540001
v 0.04209351 0.01197489 0.07540001
v 0.03551692 0.02597207 0.07520000
v 0.03205606 0.03013982 0.07520000
v 0.03191035 0.03000283 0.07540001
v 0.03492520 0.02637218 0.07540001
v 0.03535548 0.02585401 0.07540001
v 0.03790132 0.02188040 0.07540001
v 0.02810926 0.03385070 0.07520000
v 0.02373635 0.03704842 0.07520000
v 0.02362846 0.03688002 0.07540001
v 0.02743781 0.03409440 0.07540001
v 0.02798149 0.03369683 0.07540001
v 0.03141965 0.03046419 0.07540001
v 0.01900362 0.03968453 0.07520000
v 0.01398282 0.04171907 0.07520000
v 0.01391926 0.04152943 0.07540001
v 0.01829302 0.03975710 0.07540001
v 0.01891724 0.03950415 0.07540001
v 0.02304005 0.03720776 0.07540001
v 0.00875006 0.04312118 0.07520000
v 0.00338465 0.04386962 0.07520000
v 0.00336926 0.04367022 0.07540001
v 0.00804321 0.04301823 0.07540001
v 0.00871028 0.04292518 0.07540001
v 0.01326868 0.04170376 0.07540001
v -0.00203207 0.04395305 0.07520000
v -0.00741799 0.04337019 0.07520000
v -0.00738427 0.04317305 0.07540001
v -0.00269246 0.04368080 0.07540001
v -0.00202284 0.04375326 0.07540001
v 0.00269581 0.04368059 0.07540001
v -0.01269145 0.04212989 0.07520000
v -0.01777252 0.04025093 0.07520000
v -0.01769174 0.04006797 0.07540001
v -0.01326548 0.04170478 0.07540001
v -0.01263376 0.04193838 0.07540001
v -0.00803991 0.04301885 0.07540001
v -0.02258419 0.03776181 0.07520000
v -0.02705349 0.03470027 0.07520000
v -0.02693053 0.03454254 0.07540001
v -0.02303719 0.03720953 0.07540001
v -0.02248153 0.03759017 0.07540001
v -0.01828997 0.03975850 0.07540001
v -0.03141732 0.03046660 0.07540001
v -0.03097128 0.03097128 0.07540001
v -0.02743520 0.03409650 0.07540001
v -0.01584396 -0.04104837 0.06335457
v -0.01583612 -0.04105140 0.06331915
v -0.01136644 -0.04242013 0.05765250
v -0.01585953 -0.04104236 0.06338692
v -0.01138804 -0.04250074 0.07520000
v -0.01594147 -0.04101060 0.06344808
v -0.01590976 -0.04102291 0.06343509
v -0.01588190 -0.04103371 0.06341430
v -0.01597515 -0.04099750 0.06345249
v -0.01652457 -0.04077915 0.07520000
v -0.01652457 -0.04077915 0.06345249
v -0.01638904 -0.04083380 0.06068764
v -0.01635961 -0.04084560 0.06069874
v -0.01583647 -0.04105126 0.06328276
v -0.01632862 -0.04085800 0.06070250
v -0.01561557 -0.04113580 0.06068764
v -0.01564522 -0.04112453 0.06069874
v -0.01567643 -0.04111265 0.06070250
v -0.01555002 -0.04116062 0.06061758
v -0.01556674 -0.04115430 0.06064602
v -0.01558897 -0.04114588 0.06066978
v -0.01553963 -0.04116454 0.06058588
v -0.01553611 -0.04116587 0.06055250
v -0.01553611 -0.04116587 0.05960250
v -0.01556510 -0.04115492 0.05951121
v -0.01557723 -0.04115033 0.05949643
v -0.01398282 -0.04171907 0.05765250
v -0.01555492 -0.04115877 0.05952750
v -0.01553732 -0.04116542 0.05958287
v -0.01554090 -0.04116407 0.05956368
v -0.01554683 -0.04116183 0.05954503
v -0.01645405 -0.04080765 0.06061758
v -0.01643747 -0.04081433 0.06064602
v -0.01641544 -0.04082320 0.06066978
v -0.01646434 -0.04080350 0.06058588
v -0.01652457 -0.04077915 0.06045250
v -0.01646782 -0.04080209 0.06055250
v -0.01646782 -0.04080209 0.06045250
v -0.01584499 -0.04104797 0.06324752
v -0.01652342 -0.04077629 0.06139240
v -0.01686715 -0.04063864 0.06045250
v -0.01560629 -0.04113932 0.05947260
v -0.01564013 -0.04112647 0.05945761
v -0.01649322 -0.04070180 0.05765250
v -0.01698571 -0.04058923 0.06338896
v -0.01696360 -0.04059847 0.06341553
v -0.02141060 -0.03843938 0.07520000
v -0.01567643 -0.04111265 0.05945250
v -0.01652457 -0.04077915 0.05945250
v -0.01900362 -0.03968453 0.05765250
v -0.01798612 -0.04015594 0.05945250
v -0.01801659 -0.04014228 0.05945626
v -0.01804553 -0.04012928 0.05946736
v -0.01807147 -0.04011760 0.05948522
v -0.02136999 -0.03836648 0.05765250
v -0.01809314 -0.04010783 0.05950897
v -0.01810943 -0.04010048 0.05953742
v -0.01811955 -0.04009591 0.05956912
v -0.01812298 -0.04009436 0.05960250
v -0.01812298 -0.04009436 0.06022402
v -0.01812058 -0.04009544 0.06025200
v -0.01811346 -0.04009866 0.06027899
v -0.01700139 -0.04058267 0.06335747
v -0.01693631 -0.04060987 0.06343567
v -0.01690538 -0.04062275 0.06344823
v -0.01687258 -0.04063639 0.06345249
v -0.03296901 0.02913836 0.05765250
v -0.03470027 0.02705349 0.07520000
v -0.03111270 0.03111270 0.07520000
v -0.03463445 0.02700218 0.05765250
v -0.03629989 0.02486600 0.05765250
v -0.03776181 0.02258419 0.07520000
v -0.03629989 0.02486600 0.05765250
v -0.03769019 0.02254135 0.05765250
v -0.03908049 0.02021670 0.05765250
v -0.04025093 0.01777252 0.07520000
v -0.04017459 0.01773882 0.05765250
v -0.04126868 0.01526093 0.05765250
v -0.04212989 0.01269145 0.07520000
v -0.04204998 0.01266738 0.05765250
v -0.04283127 0.01007382 0.05765250
v -0.04337019 0.00741799 0.07520000
v -0.04328793 0.00740392 0.05765250
v -0.04374459 0.00473401 0.05765250
v -0.04395305 0.00203207 0.07520000
v -0.04386968 0.00202822 0.05765250
v -0.04399478 -0.00067757 0.05765250
v -0.04386962 -0.00338465 0.07520000
v -0.04378642 -0.00337823 0.05765250
v -0.04357806 -0.00607888 0.05765250
v -0.04312118 -0.00875006 0.07520000
v -0.04303940 -0.00873346 0.05765250
v -0.04250074 -0.01138804 0.05765250
v -0.04171907 -0.01398282 0.07520000
v -0.04163994 -0.01395630 0.05765250
v -0.04077915 -0.01652457 0.05765250
v -0.03968453 -0.01900362 0.07520000
v -0.03960926 -0.01896758 0.05765250
v -0.03843938 -0.02141060 0.05765250
v -0.03704842 -0.02373635 0.07520000
v -0.03697816 -0.02369133 0.05765250
v -0.03551692 -0.02597207 0.05765250
v -0.03385070 -0.02810926 0.07520000
v -0.03378649 -0.02805595 0.05765250
v -0.03205606 -0.03013982 0.05765250
v -0.03013982 -0.03205606 0.07520000
v -0.03205606 -0.03013982 0.05765250
v -0.03008266 -0.03199526 0.05765250
v -0.02810926 -0.03385070 0.05765250
v -0.02597207 -0.03551692 0.07520000
v -0.02373635 -0.03704842 0.05765250
v -0.02592281 -0.03544956 0.05765250
v -0.00875006 -0.04312118 0.05765250
v -0.00607888 -0.04357806 0.07520000
v -0.00606735 -0.04349541 0.05765250
v -0.00338465 -0.04386962 0.05765250
v -0.00067757 -0.04399478 0.07520000
v -0.00067629 -0.04391134 0.05765250
v 0.00203207 -0.04395305 0.05765250
v 0.00473401 -0.04374459 0.07520000
v 0.00472503 -0.04366162 0.05765250
v 0.00741799 -0.04337019 0.05765250
v 0.01007382 -0.04283127 0.07520000
v 0.01005472 -0.04275004 0.05765250
v 0.01269145 -0.04212989 0.05765250
v 0.01526093 -0.04126868 0.07520000
v 0.01523199 -0.04119041 0.05765250
v 0.01777252 -0.04025093 0.05765250
v 0.02021670 -0.03908049 0.07520000
v 0.02017836 -0.03900637 0.05765250
v 0.02258419 -0.03776181 0.05765250
v 0.02486600 -0.03629989 0.07520000
v 0.02481884 -0.03623104 0.05765250
v 0.02705349 -0.03470027 0.05765250
v 0.02913836 -0.03296901 0.07520000
v 0.02908310 -0.03290648 0.05765250
v 0.03111270 -0.03111270 0.07520000
v 0.03111270 -0.03111270 0.05765250
v 0.03296901 -0.02913836 0.07520000
v 0.03290648 -0.02908310 0.05765250
v 0.03470027 -0.02705349 0.05765250
v 0.03629989 -0.02486600 0.07520000
v 0.03623104 -0.02481884 0.05765250
v 0.03629989 -0.02486600 0.07520000
v 0.03776181 -0.02258419 0.05765250
v 0.03908049 -0.02021670 0.07520000
v 0.03900637 -0.02017836 0.05765250
v 0.04025093 -0.01777252 0.05765250
v 0.04126868 -0.01526093 0.07520000
v 0.04119041 -0.01523199 0.05765250
v 0.04212989 -0.01269145 0.05765250
v 0.04283127 -0.01007382 0.07520000
v 0.04275004 -0.01005472 0.05765250
v 0.04337019 -0.00741799 0.05765250
v 0.04374459 -0.00473401 0.07520000
v 0.04366162 -0.00472503 0.05765250
v 0.04395305 -0.00203207 0.05765250
v 0.04399478 0.00067757 0.07520000
v 0.04391134 0.00067629 0.05765250
v 0.04386962 0.00338465 0.05765250
v 0.04357806 0.00607888 0.07520000
v 0.04349541 0.00606735 0.05765250
v 0.04312118 0.00875006 0.05765250
v 0.04250074 0.01138804 0.07520000
v 0.04242013 0.01136644 0.05765250
v 0.04171907 0.01398282 0.05765250
v 0.04077915 0.01652457 0.07520000
v 0.04070180 0.01649322 0.05765250
v 0.03968453 0.01900362 0.05765250
v 0.03843938 0.02141060 0.07520000
v 0.03836648 0.02136999 0.05765250
v 0.03704842 0.02373635 0.05765250
v 0.03551692 0.02597207 0.07520000
v 0.03544956 0.02592281 0.05765250
v 0.03385070 0.02810926 0.05765250
v 0.03205606 0.03013982 0.07520000
v 0.03199526 0.03008266 0.05765250
v 0.03205606 0.03013982 0.07520000
v 0.03013982 0.03205606 0.05765250
v 0.02810926 0.03385070 0.07520000
v 0.03013982 0.03205606 0.05765250
v 0.02805595 0.03378649 0.05765250
v 0.02597207 0.03551692 0.05765250
v 0.02373635 0.03704842 0.07520000
v 0.02369133 0.03697816 0.05765250
v 0.02141060 0.03843938 0.05765250
v 0.01900362 0.03968453 0.07520000
v 0.01896758 0.03960926 0.05765250
v 0.01652457 0.04077915 0.05765250
v 0.01398282 0.04171907 0.07520000
v 0.01395630 0.04163994 0.05765250
v 0.01138804 0.04250074 0.05765250
v 0.00875006 0.04312118 0.07520000
v 0.00873346 0.04303940 0.05765250
v 0.00607888 0.04357806 0.05765250
v 0.00338465 0.04386962 0.07520000
v 0.00337823 0.04378642 0.05765250
v 0.00067757 0.04399478 0.05765250
v -0.00203207 0.04395305 0.07520000
v -0.00202822 0.04386968 0.05765250
v -0.00473401 0.04374459 0.05765250
v -0.00741799 0.04337019 0.07520000
v -0.00740392 0.04328793 0.05765250
v -0.01007382 0.04283127 0.05765250
v -0.01269145 0.04212989 0.07520000
v -0.01266738 0.04204998 0.05765250
v -0.01526093 0.04126868 0.05765250
v -0.01777252 0.04025093 0.07520000
v -0.01773882 0.04017459 0.05765250
v -0.02021670 0.03908049 0.05765250
v -0.02258419 0.03776181 0.07520000
v -0.02254135 0.03769019 0.05765250
v -0.02486600 0.03629989 0.05765250
v -0.02705349 0.03470027 0.07520000
v -0.02486600 0.03629989 0.05765250
v -0.02700218 0.03463445 0.05765250
v -0.02913836 0.03296901 0.05765250
v -0.03111270 0.03111270 0.05765250
v 0.04380000 0.00000000 0.07550000
v 0.04361320 -0.00404080 0.07550000
v 0.04357686 -0.00403968 0.07540001
v 0.04361312 -0.00404135 0.07550000
v 0.04354575 -0.00471249 0.07540001
v 0.04278607 -0.00936973 0.07550000
v 0.04275014 -0.00936414 0.07540001
v 0.04278592 -0.00937026 0.07550000
v 0.04263659 -0.01002803 0.07540001
v 0.04131035 -0.01455662 0.07550000
v 0.04127537 -0.01454666 0.07540001
v 0.04131013 -0.01455713 0.07550000
v 0.04108110 -0.01519156 0.07540001
v 0.03920840 -0.01952284 0.07550000
v 0.03917491 -0.01950866 0.07540001
v 0.03920812 -0.01952332 0.07550000
v 0.03890285 -0.02012481 0.07540001
v 0.03651209 -0.02419312 0.07550000
v 0.03648060 -0.02417494 0.07540001
v 0.03651176 -0.02419357 0.07550000
v 0.03613489 -0.02475298 0.07540001
v 0.03326230 -0.02849666 0.07550000
v 0.03323328 -0.02847474 0.07540001
v 0.03326191 -0.02849706 0.07550000
v 0.03281916 -0.02900592 0.07540001
v 0.02950828 -0.03236822 0.07550000
v 0.02948217 -0.03234289 0.07540001
v 0.02950785 -0.03236856 0.07550000
v 0.02900592 -0.03281916 0.07540001
v 0.02530695 -0.03574910 0.07550000
v 0.02528415 -0.03572076 0.07540001
v 0.02530648 -0.03574939 0.07550000
v 0.02475298 -0.03613489 0.07540001
v 0.02072199 -0.03858807 0.07550000
v 0.02070285 -0.03855714 0.07540001
v 0.02072148 -0.03858830 0.07550000
v 0.02012481 -0.03890285 0.07540001
v 0.01582290 -0.04084208 0.07550000
v 0.01580771 -0.04080904 0.07540001
v 0.01582238 -0.04084225 0.07550000
v 0.01519156 -0.04108110 0.07540001
v 0.01068396 -0.04247697 0.07550000
v 0.01067294 -0.04244231 0.07540001
v 0.01068341 -0.04247707 0.07550000
v 0.01002803 -0.04263659 0.07540001
v 0.00538306 -0.04346795 0.07550000
v 0.00537638 -0.04343220 0.07540001
v 0.00538251 -0.04346798 0.07550000
v 0.00471249 -0.04354575 0.07540001
v 0.00000056 -0.04380000 0.07550000
v 0.00000000 -0.04380000 0.07540001
v 0.00000000 -0.04379996 0.07550000
v -0.00067449 -0.04379481 0.07540001
v -0.00538196 -0.04346809 0.07550000
v -0.00537971 -0.04343179 0.07540001
v -0.00538250 -0.04346798 0.07550000
v -0.00605125 -0.04337998 0.07540001
v -0.01068288 -0.04247724 0.07550000
v -0.01067619 -0.04244149 0.07540001
v -0.01068341 -0.04247707 0.07550000
v -0.01133627 -0.04230755 0.07540001
v -0.01582187 -0.04084248 0.07550000
v -0.01581084 -0.04080783 0.07540001
v -0.01582237 -0.04084225 0.07550000
v -0.01644945 -0.04059378 0.07540001
v -0.02072101 -0.03858860 0.07550000
v -0.02070580 -0.03855556 0.07540001
v -0.02072148 -0.03858830 0.07550000
v -0.02131328 -0.03826466 0.07540001
v -0.02530604 -0.03574974 0.07550000
v -0.02528689 -0.03571883 0.07540001
v -0.02530647 -0.03574940 0.07550000
v -0.02585401 -0.03535548 0.07540001
v -0.02950746 -0.03236896 0.07550000
v -0.02948465 -0.03234063 0.07540001
v -0.02950784 -0.03236857 0.07550000
v -0.03000283 -0.03191035 0.07540001
v -0.03326157 -0.02849750 0.07550000
v -0.03323546 -0.02847219 0.07540001
v -0.03326190 -0.02849706 0.07550000
v -0.03369683 -0.02798149 0.07540001
v -0.03651148 -0.02419405 0.07550000
v -0.03648245 -0.02417214 0.07540001
v -0.03651176 -0.02419357 0.07550000
v -0.03688002 -0.02362846 0.07540001
v -0.03920790 -0.01952384 0.07550000
v -0.03917640 -0.01950566 0.07540001
v -0.03920812 -0.01952333 0.07550000
v -0.03950415 -0.01891724 0.07540001
v -0.04130998 -0.01455766 0.07550000
v -0.04127648 -0.01454349 0.07540001
v -0.04131013 -0.01455713 0.07550000
v -0.04152943 -0.01391926 0.07540001
v -0.04278584 -0.00937081 0.07550000
v -0.04275086 -0.00936086 0.07540001
v -0.04278592 -0.00937027 0.07550000
v -0.04292518 -0.00871028 0.07540001
v -0.04361310 -0.00404191 0.07550000
v -0.04357717 -0.00403633 0.07540001
v -0.04361312 -0.00404135 0.07550000
v -0.04367022 -0.00336926 0.07540001
v -0.04377924 0.00134827 0.07550000
v -0.04374289 0.00134938 0.07540001
v -0.04377919 0.00134882 0.07550000
v -0.04375326 0.00202284 0.07540001
v -0.04328173 0.00671801 0.07550000
v -0.04324552 0.00671465 0.07540001
v -0.04328162 0.00671855 0.07550000
v -0.04317305 0.00738427 0.07540001
v -0.04212812 0.01198590 0.07550000
v -0.04209259 0.01197812 0.07540001
v -0.04212793 0.01198643 0.07550000
v -0.04193838 0.01263376 0.07540001
v -0.04033588 0.01707211 0.07550000
v -0.04030158 0.01706002 0.07540001
v -0.04033563 0.01707261 0.07550000
v -0.04006797 0.01769174 0.07540001
v -0.03793219 0.02189952 0.07550000
v -0.03789963 0.02188330 0.07540001
v -0.03793188 0.02189998 0.07550000
v -0.03759017 0.02248153 0.07540001
v -0.03495349 0.02639496 0.07550000
v -0.03492317 0.02637486 0.07540001
v -0.03495313 0.02639538 0.07550000
v -0.03454254 0.02693053 0.07540001
v -0.03144493 0.03049027 0.07550000
v -0.03141732 0.03046660 0.07540001
v -0.03144452 0.03049064 0.07550000
v -0.03097128 0.03097128 0.07540001
v -0.02745970 0.03412338 0.07550000
v -0.02743520 0.03409650 0.07540001
v -0.02745924 0.03412370 0.07550000
v -0.02693053 0.03454254 0.07540001
v -0.02305820 0.03723921 0.07550000
v -0.02303719 0.03720953 0.07540001
v -0.02305771 0.03723948 0.07550000
v -0.02248153 0.03759017 0.07540001
v -0.01830717 0.03979055 0.07550000
v -0.01828997 0.03975850 0.07540001
v -0.01830665 0.03979074 0.07550000
v -0.01769174 0.04006797 0.07540001
v -0.01327862 0.04173869 0.07550000
v -0.01326548 0.04170478 0.07540001
v -0.01327808 0.04173883 0.07550000
v -0.01263376 0.04193838 0.07540001
v -0.00804878 0.04305412 0.07550000
v -0.00803991 0.04301885 0.07540001
v -0.00804823 0.04305419 0.07550000
v -0.00738427 0.04317305 0.07540001
v -0.00269692 0.04371689 0.07550000
v -0.00269246 0.04368080 0.07540001
v -0.00269637 0.04371689 0.07550000
v -0.00202284 0.04375326 0.07540001
v 0.00269581 0.04371696 0.07550000
v 0.00269581 0.04368059 0.07540001
v 0.00269636 0.04371689 0.07550000
v 0.00336926 0.04367022 0.07540001
v 0.00804768 0.04305432 0.07550000
v 0.00804321 0.04301823 0.07540001
v 0.00804822 0.04305419 0.07550000
v 0.00871028 0.04292518 0.07540001
v 0.01327756 0.04173903 0.07550000
v 0.01326868 0.04170376 0.07540001
v 0.01327807 0.04173883 0.07550000
v 0.01391926 0.04152943 0.07540001
v 0.01830616 0.03979101 0.07550000
v 0.01829302 0.03975710 0.07540001
v 0.01830665 0.03979075 0.07550000
v 0.01891724 0.03950415 0.07540001
v 0.02305726 0.03723980 0.07550000
v 0.02304005 0.03720776 0.07540001
v 0.02305771 0.03723948 0.07550000
v 0.02362846 0.03688002 0.07540001
v 0.02745883 0.03412408 0.07550000
v 0.02743781 0.03409440 0.07540001
v 0.02745924 0.03412370 0.07550000
v 0.02798149 0.03369683 0.07540001
v 0.03144416 0.03049107 0.07550000
v 0.03141965 0.03046419 0.07540001
v 0.03144452 0.03049065 0.07550000
v 0.03191035 0.03000283 0.07540001
v 0.03495282 0.02639584 0.07550000
v 0.03492520 0.02637218 0.07540001
v 0.03495312 0.02639538 0.07550000
v 0.03535548 0.02585401 0.07540001
v 0.03793164 0.02190048 0.07550000
v 0.03790132 0.02188040 0.07540001
v 0.03793188 0.02189999 0.07550000
v 0.03826466 0.02131328 0.07540001
v 0.04033544 0.01707313 0.07550000
v 0.04030289 0.01705693 0.07540001
v 0.04033563 0.01707261 0.07550000
v 0.04059378 0.01644945 0.07540001
v 0.04212781 0.01198697 0.07550000
v 0.04209351 0.01197489 0.07540001
v 0.04212793 0.01198643 0.07550000
v 0.04230755 0.01133627 0.07540001
v 0.04328156 0.00671910 0.07550000
v 0.04324603 0.00671133 0.07540001
v 0.04328162 0.00671855 0.07550000
v 0.04337998 0.00605125 0.07540001
v 0.04377921 0.00134938 0.07550000
v 0.04374300 0.00134603 0.07540001
v 0.04377922 0.00134882 0.07550000
v 0.04379481 0.00067449 0.07540001
v 0.04380000 0.00000000 0.07550000
v 0.04377922 0.00134882 0.07550000
v 0.04397911 0.00135554 0.07570000
v 0.04377921 0.00134938 0.07550000
v 0.04372916 0.00405266 0.07570000
v 0.04328162 0.00671855 0.07550000
v 0.04347920 0.00674978 0.07570000
v 0.04328156 0.00671910 0.07550000
v 0.04289969 0.00939575 0.07570000
v 0.04212793 0.01198643 0.07550000
v 0.04232017 0.01204171 0.07570000
v 0.04212781 0.01198697 0.07550000
v 0.04141990 0.01459640 0.07570000
v 0.04033563 0.01707261 0.07550000
v 0.04051963 0.01715109 0.07570000
v 0.04033544 0.01707313 0.07550000
v 0.03931223 0.01957579 0.07570000
v 0.03793188 0.02189999 0.07550000
v 0.03810484 0.02200049 0.07570000
v 0.03793164 0.02190048 0.07550000
v 0.03660863 0.02425843 0.07570000
v 0.03495312 0.02639538 0.07550000
v 0.03511242 0.02651637 0.07570000
v 0.03495282 0.02639584 0.07550000
v 0.03335008 0.02857333 0.07570000
v 0.03144452 0.03049065 0.07550000
v 0.03158773 0.03063030 0.07570000
v 0.03144416 0.03049107 0.07550000
v 0.02958597 0.03245509 0.07570000
v 0.02745924 0.03412370 0.07550000
v 0.02758421 0.03427989 0.07570000
v 0.02745883 0.03412408 0.07550000
v 0.02537338 0.03584487 0.07570000
v 0.02305771 0.03723948 0.07550000
v 0.02316254 0.03740985 0.07570000
v 0.02305726 0.03723980 0.07550000
v 0.02077614 0.03869128 0.07570000
v 0.01830665 0.03979075 0.07550000
v 0.01838975 0.03997270 0.07570000
v 0.01830616 0.03979101 0.07550000
v 0.01586397 0.04095116 0.07570000
v 0.01327807 0.04173883 0.07550000
v 0.01333819 0.04192962 0.07570000
v 0.01327756 0.04173903 0.07550000
v 0.01071131 0.04259027 0.07570000
v 0.00804822 0.04305419 0.07550000
v 0.00808443 0.04325092 0.07570000
v 0.00804768 0.04305432 0.07550000
v 0.00539628 0.04358375 0.07570000
v 0.00269636 0.04371689 0.07550000
v 0.00270812 0.04391658 0.07570000
v 0.00269581 0.04371696 0.07550000
v -0.00000056 0.04391654 0.07570000
v -0.00269637 0.04371689 0.07550000
v -0.00270924 0.04391651 0.07570000
v -0.00269692 0.04371689 0.07550000
v -0.00539738 0.04358361 0.07570000
v -0.00804823 0.04305419 0.07550000
v -0.00808553 0.04325071 0.07570000
v -0.00804878 0.04305412 0.07550000
v -0.01071239 0.04259000 0.07570000
v -0.01327808 0.04173883 0.07550000
v -0.01333925 0.04192928 0.07570000
v -0.01327862 0.04173869 0.07550000
v -0.01586501 0.04095076 0.07570000
v -0.01830665 0.03979074 0.07550000
v -0.01839076 0.03997224 0.07570000
v -0.01830717 0.03979055 0.07550000
v -0.02077713 0.03869075 0.07570000
v -0.02305771 0.03723948 0.07550000
v -0.02316349 0.03740926 0.07570000
v -0.02305820 0.03723921 0.07550000
v -0.02537429 0.03584423 0.07570000
v -0.02745924 0.03412370 0.07550000
v -0.02758508 0.03427919 0.07570000
v -0.02745970 0.03412338 0.07550000
v -0.02958680 0.03245434 0.07570000
v -0.03144452 0.03049064 0.07550000
v -0.03158852 0.03062949 0.07570000
v -0.03144493 0.03049027 0.07550000
v -0.03335080 0.02857249 0.07570000
v -0.03495313 0.02639538 0.07550000
v -0.03511310 0.02651548 0.07570000
v -0.03495349 0.02639496 0.07550000
v -0.03660925 0.02425750 0.07570000
v -0.03793188 0.02189998 0.07550000
v -0.03810540 0.02199952 0.07570000
v -0.03793219 0.02189952 0.07550000
v -0.03931273 0.01957479 0.07570000
v -0.04033563 0.01707261 0.07550000
v -0.04052006 0.01715007 0.07570000
v -0.04033588 0.01707211 0.07550000
v -0.04142027 0.01459535 0.07570000
v -0.04212793 0.01198643 0.07550000
v -0.04232048 0.01204063 0.07570000
v -0.04212812 0.01198590 0.07550000
v -0.04289992 0.00939466 0.07570000
v -0.04328162 0.00671855 0.07550000
v -0.04347937 0.00674868 0.07570000
v -0.04328173 0.00671801 0.07550000
v -0.04372925 0.00405155 0.07570000
v -0.04377919 0.00134882 0.07550000
v -0.04397915 0.00135442 0.07570000
v -0.04377924 0.00134827 0.07550000
v -0.04389570 -0.00135297 0.07570000
v -0.04361312 -0.00404135 0.07550000
v -0.04381225 -0.00406036 0.07570000
v -0.04361310 -0.00404191 0.07550000
v -0.04339673 -0.00673698 0.07570000
v -0.04278592 -0.00937027 0.07550000
v -0.04298121 -0.00941360 0.07570000
v -0.04278584 -0.00937081 0.07550000
v -0.04223991 -0.01201887 0.07570000
v -0.04131013 -0.01455713 0.07550000
v -0.04149861 -0.01462414 0.07570000
v -0.04130998 -0.01455766 0.07550000
v -0.04044277 -0.01711856 0.07570000
v -0.03920812 -0.01952333 0.07550000
v -0.03938694 -0.01961299 0.07570000
v -0.03920790 -0.01952384 0.07550000
v -0.03803256 -0.02195876 0.07570000
v -0.03651176 -0.02419357 0.07550000
v -0.03667819 -0.02430452 0.07570000
v -0.03651148 -0.02419405 0.07550000
v -0.03504582 -0.02646608 0.07570000
v -0.03326190 -0.02849706 0.07550000
v -0.03341345 -0.02862763 0.07570000
v -0.03326157 -0.02849750 0.07550000
v -0.03152783 -0.03057220 0.07570000
v -0.02950784 -0.03236857 0.07550000
v -0.02964220 -0.03251677 0.07570000
v -0.02950746 -0.03236896 0.07550000
v -0.02753190 -0.03421488 0.07570000
v -0.02530647 -0.03574940 0.07550000
v -0.02542159 -0.03591299 0.07570000
v -0.02530604 -0.03574974 0.07550000
v -0.02311861 -0.03733889 0.07570000
v -0.02072148 -0.03858830 0.07550000
v -0.02081562 -0.03876480 0.07570000
v -0.02072101 -0.03858860 0.07550000
v -0.01835487 -0.03989689 0.07570000
v -0.01582237 -0.04084225 0.07550000
v -0.01589411 -0.04102898 0.07570000
v -0.01582187 -0.04084248 0.07550000
v -0.01331289 -0.04185009 0.07570000
v -0.01068341 -0.04247707 0.07550000
v -0.01073166 -0.04267120 0.07570000
v -0.01068288 -0.04247724 0.07550000
v -0.00806910 -0.04316889 0.07570000
v -0.00538250 -0.04346798 0.07550000
v -0.00540653 -0.04366657 0.07570000
v -0.00538196 -0.04346809 0.07550000
v -0.00270299 -0.04383329 0.07570000
v 0.00000000 -0.04379996 0.07550000
v 0.00000056 -0.04400000 0.07570000
v 0.00000056 -0.04380000 0.07550000
v 0.00270410 -0.04383322 0.07570000
v 0.00538251 -0.04346798 0.07550000
v 0.00540764 -0.04366643 0.07570000
v 0.00538306 -0.04346795 0.07550000
v 0.00807019 -0.04316868 0.07570000
v 0.01068341 -0.04247707 0.07550000
v 0.01073274 -0.04267093 0.07570000
v 0.01068396 -0.04247697 0.07550000
v 0.01331395 -0.04184975 0.07570000
v 0.01582238 -0.04084225 0.07550000
v 0.01589515 -0.04102858 0.07570000
v 0.01582290 -0.04084208 0.07550000
v 0.01835588 -0.03989642 0.07570000
v 0.02072148 -0.03858830 0.07550000
v 0.02081661 -0.03876427 0.07570000
v 0.02072199 -0.03858807 0.07550000
v 0.02311956 -0.03733831 0.07570000
v 0.02530648 -0.03574939 0.07550000
v 0.02542251 -0.03591234 0.07570000
v 0.02530695 -0.03574910 0.07550000
v 0.02753276 -0.03421418 0.07570000
v 0.02950785 -0.03236856 0.07550000
v 0.02964302 -0.03251602 0.07570000
v 0.02950828 -0.03236822 0.07550000
v 0.03152860 -0.03057140 0.07570000
v 0.03326191 -0.02849706 0.07550000
v 0.03341418 -0.02862678 0.07570000
v 0.03326230 -0.02849666 0.07550000
v 0.03504650 -0.02646519 0.07570000
v 0.03651176 -0.02419357 0.07550000
v 0.03667881 -0.02430359 0.07570000
v 0.03651209 -0.02419312 0.07550000
v 0.03803312 -0.02195779 0.07570000
v 0.03920812 -0.01952332 0.07550000
v 0.03938743 -0.01961199 0.07570000
v 0.03920840 -0.01952284 0.07550000
v 0.04044321 -0.01711754 0.07570000
v 0.04131013 -0.01455713 0.07550000
v 0.04149898 -0.01462308 0.07570000
v 0.04131035 -0.01455662 0.07550000
v 0.04224021 -0.01201780 0.07570000
v 0.04278592 -0.00937026 0.07550000
v 0.04298144 -0.00941251 0.07570000
v 0.04278607 -0.00936973 0.07550000
v 0.04339690 -0.00673588 0.07570000
v 0.04361312 -0.00404135 0.07550000
v 0.04381235 -0.00405925 0.07570000
v 0.04361320 -0.00404080 0.07550000
v 0.04389574 -0.00135186 0.07570000
v -0.00000056 0.04400000 0.07870000
v -0.00540764 0.04366643 0.07870000
v -0.00269125 0.04363401 0.07890001
v -0.00538306 0.04346795 0.07890001
v -0.00803296 0.04297256 0.07890001
v -0.01073274 0.04267093 0.07870000
v -0.01068396 0.04247697 0.07890001
v -0.01325290 0.04165969 0.07890001
v -0.01589515 0.04102858 0.07870000
v -0.01582290 0.04084208 0.07890001
v -0.01827194 0.03971531 0.07890001
v -0.02081661 0.03876427 0.07870000
v -0.02072199 0.03858807 0.07890001
v -0.02301399 0.03716888 0.07890001
v -0.02542251 0.03591234 0.07870000
v -0.02530695 0.03574910 0.07890001
v -0.02740718 0.03405900 0.07890001
v -0.02964302 0.03251602 0.07870000
v -0.02950828 0.03236822 0.07890001
v -0.03138490 0.03043284 0.07890001
v -0.03341418 0.02862678 0.07870000
v -0.03326230 0.02849666 0.07890001
v -0.03488686 0.02634534 0.07890001
v -0.03667881 0.02430359 0.07870000
v -0.03651209 0.02419312 0.07890001
v -0.03785997 0.02185846 0.07890001
v -0.03938743 0.01961199 0.07870000
v -0.03920840 0.01952284 0.07890001
v -0.04025915 0.01704024 0.07890001
v -0.04149898 0.01462308 0.07870000
v -0.04131035 0.01455662 0.07890001
v -0.04131035 0.01455662 0.07890001
v -0.04149898 0.01462308 0.07870000
v -0.04204806 0.01196370 0.07890001
v -0.04298144 0.00941251 0.07870000
v -0.04278607 0.00936973 0.07890001
v -0.04319956 0.00670581 0.07890001
v -0.04381235 0.00405925 0.07870000
v -0.04361320 0.00404080 0.07890001
v -0.04373773 0.00134691 0.07890001
v -0.04397911 -0.00135554 0.07870000
v -0.04380000 0.00000000 0.07890001
v -0.04347920 -0.00674978 0.07870000
v -0.04353044 -0.00403369 0.07890001
v -0.04377921 -0.00134938 0.07890001
v -0.04232017 -0.01204171 0.07870000
v -0.04270481 -0.00935250 0.07890001
v -0.04328156 -0.00671910 0.07890001
v -0.04051963 -0.01715109 0.07870000
v -0.04123181 -0.01452953 0.07890001
v -0.04212781 -0.01198697 0.07890001
v -0.03810484 -0.02200049 0.07870000
v -0.03913379 -0.01948631 0.07890001
v -0.04033544 -0.01707313 0.07890001
v -0.03511242 -0.02651637 0.07870000
v -0.03644253 -0.02414770 0.07890001
v -0.03793164 -0.02190048 0.07890001
v -0.03158773 -0.03063030 0.07870000
v -0.03319885 -0.02844303 0.07890001
v -0.03495282 -0.02639584 0.07890001
v -0.02758421 -0.03427989 0.07870000
v -0.02945190 -0.03230720 0.07890001
v -0.03144416 -0.03049107 0.07890001
v -0.02316254 -0.03740985 0.07870000
v -0.02525850 -0.03568162 0.07890001
v -0.02745883 -0.03412408 0.07890001
v -0.01838975 -0.03997270 0.07870000
v -0.02068220 -0.03851514 0.07890001
v -0.02305726 -0.03723980 0.07890001
v -0.01333819 -0.04192962 0.07870000
v -0.01579238 -0.04076482 0.07890001
v -0.01830616 -0.03979101 0.07890001
v -0.00808443 -0.04325092 0.07870000
v -0.01066316 -0.04239654 0.07890001
v -0.01327756 -0.04173903 0.07890001
v -0.00270812 -0.04391658 0.07870000
v -0.00537230 -0.04338557 0.07890001
v -0.00804768 -0.04305432 0.07890001
v 0.00270924 -0.04391651 0.07870000
v -0.00000000 -0.04371693 0.07890001
v -0.00269581 -0.04371696 0.07890001
v 0.00808553 -0.04325071 0.07870000
v 0.00537230 -0.04338557 0.07890001
v 0.00269692 -0.04371689 0.07890001
v 0.01333925 -0.04192928 0.07870000
v 0.01066316 -0.04239654 0.07890001
v 0.00804878 -0.04305412 0.07890001
v 0.01839076 -0.03997224 0.07870000
v 0.01579237 -0.04076482 0.07890001
v 0.01327862 -0.04173869 0.07890001
v 0.02316349 -0.03740926 0.07870000
v 0.02068220 -0.03851515 0.07890001
v 0.01830717 -0.03979055 0.07890001
v 0.02758508 -0.03427919 0.07870000
v 0.02525850 -0.03568162 0.07890001
v 0.02305820 -0.03723921 0.07890001
v 0.03158852 -0.03062949 0.07870000
v 0.02945190 -0.03230720 0.07890001
v 0.02745970 -0.03412338 0.07890001
v 0.03511310 -0.02651548 0.07870000
v 0.03319885 -0.02844303 0.07890001
v 0.03144493 -0.03049027 0.07890001
v 0.03810540 -0.02199952 0.07870000
v 0.03644253 -0.02414770 0.07890001
v 0.03495349 -0.02639496 0.07890001
v 0.04052006 -0.01715007 0.07870000
v 0.03913379 -0.01948631 0.07890001
v 0.03793219 -0.02189952 0.07890001
v 0.04232048 -0.01204063 0.07870000
v 0.04123181 -0.01452953 0.07890001
v 0.04033588 -0.01707211 0.07890001
v 0.04347937 -0.00674868 0.07870000
v 0.04270481 -0.00935250 0.07890001
v 0.04212812 -0.01198590 0.07890001
v 0.04397915 -0.00135442 0.07870000
v 0.04353044 -0.00403369 0.07890001
v 0.04328173 -0.00671801 0.07890001
v 0.04381225 0.00406036 0.07870000
v 0.04369619 0.00134626 0.07890001
v 0.04377924 -0.00134827 0.07890001
v 0.04298121 0.00941360 0.07870000
v 0.04319956 0.00670581 0.07890001
v 0.04361310 0.00404191 0.07890001
v 0.04149861 0.01462414 0.07870000
v 0.04204806 0.01196370 0.07890001
v 0.04278584 0.00937081 0.07890001
v 0.03938694 0.01961299 0.07870000
v 0.04025916 0.01704024 0.07890001
v 0.04130998 0.01455766 0.07890001
v 0.03667819 0.02430452 0.07870000
v 0.03785997 0.02185846 0.07890001
v 0.03920790 0.01952384 0.07890001
v 0.03341345 0.02862763 0.07870000
v 0.03488686 0.02634533 0.07890001
v 0.03651148 0.02419405 0.07890001
v 0.02964220 0.03251677 0.07870000
v 0.03138491 0.03043284 0.07890001
v 0.03326157 0.02849750 0.07890001
v 0.02542159 0.03591299 0.07870000
v 0.02740718 0.03405900 0.07890001
v 0.02950746 0.03236896 0.07890001
v 0.02081562 0.03876480 0.07870000
v 0.02301400 0.03716888 0.07890001
v 0.02530604 0.03574974 0.07890001
v 0.01589411 0.04102898 0.07870000
v 0.01827194 0.03971531 0.07890001
v 0.02072101 0.03858860 0.07890001
v 0.01073166 0.04267120 0.07870000
v 0.01325290 0.04165969 0.07890001
v 0.01582187 0.04084248 0.07890001
v 0.00540653 0.04366657 0.07870000
v 0.00803297 0.04297256 0.07890001
v 0.01068288 0.04247724 0.07890001
v -0.00000056 0.04380000 0.07890001
v 0.00269126 0.04363401 0.07890001
v 0.00538196 0.04346809 0.07890001
v 0.00803297 0.04297256 0.07890001
v -0.00540764 0.04366643 0.07870000
v -0.00000056 0.04400000 0.07870000
v -0.00000056 0.04391654 0.07570000
v -0.00270924 0.04391651 0.07570000
v -0.00539738 0.04358361 0.07570000
v -0.01073274 0.04267093 0.07870000
v -0.00808553 0.04325071 0.07570000
v -0.01071239 0.04259000 0.07570000
v -0.01589515 0.04102858 0.07870000
v -0.01333925 0.04192928 0.07570000
v -0.01586501 0.04095076 0.07570000
v -0.02081661 0.03876427 0.07870000
v -0.01839076 0.03997224 0.07570000
v -0.02077713 0.03869075 0.07570000
v -0.02542251 0.03591234 0.07870000
v -0.02316349 0.03740926 0.07570000
v -0.02537429 0.03584423 0.07570000
v -0.02964302 0.03251602 0.07870000
v -0.02758508 0.03427919 0.07570000
v -0.02958680 0.03245434 0.07570000
v -0.03341418 0.02862678 0.07870000
v -0.03158852 0.03062949 0.07570000
v -0.03335080 0.02857249 0.07570000
v -0.03667881 0.02430359 0.07870000
v -0.03511310 0.02651548 0.07570000
v -0.03660925 0.02425750 0.07570000
v -0.03938743 0.01961199 0.07870000
v -0.03810540 0.02199952 0.07570000
v -0.03931273 0.01957479 0.07570000
v -0.04149898 0.01462308 0.07870000
v -0.04052006 0.01715007 0.07570000
v -0.04142027 0.01459535 0.07570000
v -0.04232048 0.01204063 0.07570000
v -0.04298144 0.00941251 0.07870000
v -0.04289992 0.00939466 0.07570000
v -0.04381235 0.00405925 0.07870000
v -0.04347937 0.00674868 0.07570000
v -0.04372925 0.00405155 0.07570000
v -0.04397911 -0.00135554 0.07870000
v -0.04397915 0.00135442 0.07570000
v -0.04389570 -0.00135297 0.07570000
v -0.04381225 -0.00406036 0.07570000
v -0.04347920 -0.00674978 0.07870000
v -0.04339673 -0.00673698 0.07570000
v -0.04298121 -0.00941360 0.07570000
v -0.04232017 -0.01204171 0.07870000
v -0.04223991 -0.01201887 0.07570000
v -0.04149861 -0.01462414 0.07570000
v -0.04051963 -0.01715109 0.07870000
v -0.04044277 -0.01711856 0.07570000
v -0.03810484 -0.02200049 0.07870000
v -0.03938694 -0.01961299 0.07570000
v -0.03803256 -0.02195876 0.07570000
v -0.03667819 -0.02430452 0.07570000
v -0.03511242 -0.02651637 0.07870000
v -0.03504582 -0.02646608 0.07570000
v -0.03341345 -0.02862763 0.07570000
v -0.03158773 -0.03063030 0.07870000
v -0.03152783 -0.03057220 0.07570000
v -0.02964220 -0.03251677 0.07570000
v -0.02758421 -0.03427989 0.07870000
v -0.02753190 -0.03421488 0.07570000
v -0.02542159 -0.03591299 0.07570000
v -0.02316254 -0.03740985 0.07870000
v -0.02311861 -0.03733889 0.07570000
v -0.02081562 -0.03876480 0.07570000
v -0.01838975 -0.03997270 0.07870000
v -0.01835487 -0.03989689 0.07570000
v -0.01589411 -0.04102898 0.07570000
v -0.01333819 -0.04192962 0.07870000
v -0.01331289 -0.04185009 0.07570000
v -0.01073166 -0.04267120 0.07570000
v -0.00808443 -0.04325092 0.07870000
v -0.00806910 -0.04316889 0.07570000
v -0.00540653 -0.04366657 0.07570000
v -0.00270812 -0.04391658 0.07870000
v -0.00270299 -0.04383329 0.07570000
v 0.00000056 -0.04400000 0.07570000
v 0.00270924 -0.04391651 0.07870000
v 0.00270410 -0.04383322 0.07570000
v 0.00808553 -0.04325071 0.07870000
v 0.00540764 -0.04366643 0.07570000
v 0.00807019 -0.04316868 0.07570000
v 0.01333925 -0.04192928 0.07870000
v 0.01073274 -0.04267093 0.07570000
v 0.01331395 -0.04184975 0.07570000
v 0.01839076 -0.03997224 0.07870000
v 0.01589515 -0.04102858 0.07570000
v 0.01835588 -0.03989642 0.07570000
v 0.02316349 -0.03740926 0.07870000
v 0.02081661 -0.03876427 0.07570000
v 0.02311956 -0.03733831 0.07570000
v 0.02758508 -0.03427919 0.07870000
v 0.02542251 -0.03591234 0.07570000
v 0.02753276 -0.03421418 0.07570000
v 0.03158852 -0.03062949 0.07870000
v 0.02964302 -0.03251602 0.07570000
v 0.03152860 -0.03057140 0.07570000
v 0.03511310 -0.02651548 0.07870000
v 0.03341418 -0.02862678 0.07570000
v 0.03504650 -0.02646519 0.07570000
v 0.03810540 -0.02199952 0.07870000
v 0.03667881 -0.02430359 0.07570000
v 0.03803312 -0.02195779 0.07570000
v 0.04052006 -0.01715007 0.07870000
v 0.03938743 -0.01961199 0.07570000
v 0.04044321 -0.01711754 0.07570000
v 0.04232048 -0.01204063 0.07870000
v 0.04149898 -0.01462308 0.07570000
v 0.04224021 -0.01201780 0.07570000
v 0.04347937 -0.00674868 0.07870000
v 0.04298144 -0.00941251 0.07570000
v 0.04339690 -0.00673588 0.07570000
v 0.04397915 -0.00135442 0.07870000
v 0.04381235 -0.00405925 0.07570000
v 0.04389574 -0.00135186 0.07570000
v 0.04381225 0.00406036 0.07870000
v 0.04397911 0.00135554 0.07570000
v 0.04372916 0.00405266 0.07570000
v 0.04298121 0.00941360 0.07870000
v 0.04347920 0.00674978 0.07570000
v 0.04289969 0.00939575 0.07570000
v 0.04232017 0.01204171 0.07570000
v 0.04149861 0.01462414 0.07870000
v 0.04141990 0.01459640 0.07570000
v 0.03938694 0.01961299 0.07870000
v 0.04051963 0.01715109 0.07570000
v 0.03931223 0.01957579 0.07570000
v 0.03667819 0.02430452 0.07870000
v 0.03810484 0.02200049 0.07570000
v 0.03660863 0.02425843 0.07570000
v 0.03511242 0.02651637 0.07570000
v 0.03341345 0.02862763 0.07870000
v 0.03335008 0.02857333 0.07570000
v 0.02964220 0.03251677 0.07870000
v 0.03158773 0.03063030 0.07570000
v 0.02958597 0.03245509 0.07570000
v 0.02542159 0.03591299 0.07870000
v 0.02758421 0.03427989 0.07570000
v 0.02537338 0.03584487 0.07570000
v 0.02081562 0.03876480 0.07870000
v 0.02316254 0.03740985 0.07570000
v 0.02077614 0.03869128 0.07570000
v 0.01838975 0.03997270 0.07570000
v 0.01589411 0.04102898 0.07870000
v 0.01586397 0.04095116 0.07570000
v 0.01073166 0.04267120 0.07870000
v 0.01333819 0.04192962 0.07570000
v 0.01071131 0.04259027 0.07570000
v 0.00808443 0.04325092 0.07570000
v 0.00540653 0.04366657 0.07870000
v 0.00539628 0.04358375 0.07570000
v 0.00270812 0.04391658 0.07570000
v -0.01047329 -0.04252940 0.05035000
v -0.01053584 -0.04271997 0.05055000
v -0.02266710 -0.03747856 0.05035000
v -0.02275762 -0.03765755 0.05055000
v -0.02584853 -0.03535949 0.05035000
v -0.02266710 -0.03747856 0.05035000
v -0.02275762 -0.03765755 0.05055000
v -0.02596656 -0.03552095 0.05055000
v -0.02721665 -0.03448286 0.05055000
v -0.03000855 -0.03190497 0.05035000
v -0.03014557 -0.03205066 0.05055000
v -0.03129070 -0.03083188 0.05055000
v -0.03371119 -0.02796418 0.05035000
v -0.03386512 -0.02809187 0.05055000
v -0.03487932 -0.02670298 0.05055000
v -0.03690004 -0.02359719 0.05035000
v -0.03706853 -0.02370494 0.05055000
v -0.03792690 -0.02216019 0.05055000
v -0.03952648 -0.01887054 0.05035000
v -0.03970697 -0.01895670 0.05055000
v -0.04038620 -0.01727398 0.05055000
v -0.04155049 -0.01385628 0.05035000
v -0.04174022 -0.01391955 0.05055000
v -0.04221913 -0.01212011 0.05055000
v -0.04294122 -0.00863083 0.05035000
v -0.04313731 -0.00867024 0.05055000
v -0.04339730 -0.00677851 0.05055000
v -0.04367747 -0.00327384 0.05035000
v -0.04387691 -0.00328879 0.05055000
v -0.04390245 -0.00133201 0.05055000
v -0.04374803 0.00213305 0.05035000
v -0.04394779 0.00214279 0.05055000
v -0.04372679 0.00413495 0.05055000
v -0.04315180 0.00750742 0.05035000
v -0.04334885 0.00754170 0.05055000
v -0.04287305 0.00953760 0.05055000
v -0.04189790 0.01276738 0.05035000
v -0.04208922 0.01282567 0.05055000
v -0.04135451 0.01479217 0.05055000
v -0.04000542 0.01783274 0.05035000
v -0.04018809 0.01791417 0.05055000
v -0.03919471 0.01981721 0.05055000
v -0.03750320 0.02262631 0.05035000
v -0.03767444 0.02272963 0.05055000
v -0.03642718 0.02453479 0.05055000
v -0.03442938 0.02707503 0.05035000
v -0.03458660 0.02719866 0.05055000
v -0.03309484 0.02887179 0.05055000
v -0.03083083 0.03111109 0.05035000
v -0.03097161 0.03125315 0.05055000
v -0.02924936 0.03276096 0.05055000
v -0.02676237 0.03467298 0.05035000
v -0.02688457 0.03483130 0.05055000
v -0.02495038 0.03614202 0.05055000
v -0.02228602 0.03770641 0.05035000
v -0.02238778 0.03787858 0.05055000
v -0.02026457 0.03896256 0.05055000
v -0.01747000 0.04016515 0.05035000
v -0.01754977 0.04034855 0.05055000
v -0.01526458 0.04117884 0.05055000
v -0.01238772 0.04201171 0.05035000
v -0.01244428 0.04220355 0.05055000
v -0.01002795 0.04275651 0.05055000
v -0.00711663 0.04321797 0.05035000
v -0.00714913 0.04341532 0.05055000
v -0.00463587 0.04367113 0.05055000
v -0.00173708 0.04376554 0.05035000
v -0.00174501 0.04396538 0.05055000
v 0.00082805 0.04390851 0.05055000
v 0.00366895 0.04364606 0.05035000
v 0.00368570 0.04384536 0.05055000
v 0.00627908 0.04346499 0.05055000
v 0.00901906 0.04286137 0.05035000
v 0.00906024 0.04305708 0.05055000
v 0.01163273 0.04234743 0.05055000
v 0.01423170 0.04142340 0.05035000
v 0.01429669 0.04161255 0.05055000
v 0.01680596 0.04057318 0.05055000
v 0.01922744 0.03935410 0.05035000
v 0.02629441 0.03517437 0.05055000
v 0.02826809 0.03345676 0.05035000
v 0.02393013 0.03668500 0.05035000
v 0.01931524 0.03953380 0.05055000
v 0.02171858 0.03816974 0.05055000
v 0.02403940 0.03685251 0.05055000
v 0.03415821 0.02760210 0.05055000
v 0.03559194 0.02552750 0.05035000
v 0.03217521 0.02971861 0.05035000
v 0.02839717 0.03360953 0.05055000
v 0.03046249 0.03163353 0.05055000
v 0.03232213 0.02985431 0.05055000
v 0.03991152 0.01832415 0.05055000
v 0.04075421 0.01604789 0.05035000
v 0.03846621 0.02094733 0.05035000
v 0.03575446 0.02564407 0.05055000
v 0.03732425 0.02314259 0.05055000
v 0.03864185 0.02104298 0.05055000
v 0.04319885 0.00791369 0.05055000
v 0.04344135 0.00559365 0.05035000
v 0.04242105 0.01090386 0.05035000
v 0.04094029 0.01612117 0.05055000
v 0.04187990 0.01322148 0.05055000
v 0.04261476 0.01095365 0.05055000
v 0.04381702 -0.00298615 0.05055000
v 0.04349019 -0.00520032 0.05035000
v 0.04379955 0.00019818 0.05035000
v 0.04363972 0.00561919 0.05055000
v 0.04384792 0.00248308 0.05055000
v 0.04399955 0.00019908 0.05055000
v 0.04172773 -0.01370197 0.05055000
v 0.04089775 -0.01567845 0.05035000
v 0.04251799 -0.01051955 0.05035000
v 0.04368878 -0.00522406 0.05055000
v 0.04310662 -0.00840919 0.05055000
v 0.04271213 -0.01056758 0.05055000
v 0.03705993 -0.02357172 0.05055000
v 0.03582149 -0.02520439 0.05035000
v 0.03865419 -0.02059839 0.05035000
v 0.04108450 -0.01575004 0.05055000
v 0.03970170 -0.01878241 0.05055000
v 0.03883069 -0.02069245 0.05055000
v 0.03010185 -0.03198559 0.05055000
v 0.02856968 -0.03319960 0.05035000
v 0.03244282 -0.02942624 0.05035000
v 0.03598505 -0.02531948 0.05055000
v 0.03384336 -0.02799566 0.05055000
v 0.03259096 -0.02956061 0.05055000
v 0.02128322 -0.03842365 0.05055000
v 0.01958277 -0.03917850 0.05035000
v 0.02426111 -0.03646695 0.05035000
v 0.02870014 -0.03335119 0.05055000
v 0.02589339 -0.03547966 0.05055000
v 0.02437189 -0.03663346 0.05055000
v 0.01114875 -0.04248799 0.05055000
v 0.00940654 -0.04277799 0.05035000
v 0.01460596 -0.04129293 0.05035000
v 0.01967219 -0.03935740 0.05055000
v 0.01634281 -0.04077190 0.05055000
v 0.01467265 -0.04148148 0.05055000
v 0.00032443 -0.04392729 0.05055000
v -0.00134098 -0.04377946 0.05035000
v 0.00406375 -0.04361108 0.05035000
v 0.00944949 -0.04297333 0.05055000
v 0.00578155 -0.04354526 0.05055000
v 0.00408231 -0.04381021 0.05055000
v -0.00134710 -0.04397937 0.05055000
v -0.00513799 -0.04362814 0.05055000
v -0.00672526 -0.04328060 0.05035000
v -0.00675597 -0.04347824 0.05055000
v -0.01047329 -0.04252940 0.05035000
v -0.01053584 -0.04271997 0.05055000
v -0.01047329 -0.04252940 0.05735000
v -0.01147355 -0.04211508 0.05735000
v -0.01053584 -0.04271997 0.05715000
v -0.02166683 -0.03789289 0.05735000
v -0.02275762 -0.03765755 0.05715000
v -0.02266710 -0.03747856 0.05735000
v -0.00672526 -0.04328060 0.05735000
v -0.01047329 -0.04252940 0.05735000
v -0.01053584 -0.04271997 0.05715000
v -0.00675597 -0.04347824 0.05715000
v -0.00513799 -0.04362814 0.05715000
v -0.00134098 -0.04377946 0.05735000
v -0.00134710 -0.04397937 0.05715000
v 0.00032443 -0.04392729 0.05715000
v 0.00406375 -0.04361108 0.05735000
v 0.00408231 -0.04381021 0.05715000
v 0.00578155 -0.04354526 0.05715000
v 0.00940654 -0.04277799 0.05735000
v 0.00944949 -0.04297333 0.05715000
v 0.01114875 -0.04248799 0.05715000
v 0.01460596 -0.04129293 0.05735000
v 0.01467265 -0.04148148 0.05715000
v 0.01634281 -0.04077190 0.05715000
v 0.01958277 -0.03917850 0.05735000
v 0.01967219 -0.03935740 0.05715000
v 0.02128322 -0.03842365 0.05715000
v 0.02426111 -0.03646695 0.05735000
v 0.02437189 -0.03663346 0.05715000
v 0.02589339 -0.03547966 0.05715000
v 0.02856968 -0.03319960 0.05735000
v 0.02870014 -0.03335119 0.05715000
v 0.03010185 -0.03198559 0.05715000
v 0.03244282 -0.02942624 0.05735000
v 0.03259096 -0.02956061 0.05715000
v 0.03384336 -0.02799566 0.05715000
v 0.03582149 -0.02520439 0.05735000
v 0.03598505 -0.02531948 0.05715000
v 0.03705993 -0.02357172 0.05715000
v 0.03865419 -0.02059839 0.05735000
v 0.03883069 -0.02069245 0.05715000
v 0.03970170 -0.01878241 0.05715000
v 0.04089775 -0.01567845 0.05735000
v 0.04108450 -0.01575004 0.05715000
v 0.04172773 -0.01370197 0.05715000
v 0.04251799 -0.01051955 0.05735000
v 0.04271213 -0.01056758 0.05715000
v 0.04310662 -0.00840919 0.05715000
v 0.04349019 -0.00520032 0.05735000
v 0.04368878 -0.00522406 0.05715000
v 0.04381702 -0.00298615 0.05715000
v 0.04379955 0.00019818 0.05735000
v 0.04399955 0.00019908 0.05715000
v 0.04384792 0.00248308 0.05715000
v 0.04344135 0.00559365 0.05735000
v 0.04363972 0.00561919 0.05715000
v 0.04319885 0.00791369 0.05715000
v 0.04242105 0.01090386 0.05735000
v 0.04261476 0.01095365 0.05715000
v 0.04187990 0.01322148 0.05715000
v 0.04075421 0.01604789 0.05735000
v 0.04094029 0.01612117 0.05715000
v 0.03991152 0.01832415 0.05715000
v 0.03846621 0.02094733 0.05735000
v 0.03864185 0.02104298 0.05715000
v 0.03732425 0.02314259 0.05715000
v 0.03559194 0.02552750 0.05735000
v 0.03575446 0.02564407 0.05715000
v 0.03415821 0.02760210 0.05715000
v 0.03217521 0.02971861 0.05735000
v 0.03232213 0.02985431 0.05715000
v 0.03046249 0.03163353 0.05715000
v 0.02826809 0.03345676 0.05735000
v 0.02839717 0.03360953 0.05715000
v 0.02629441 0.03517437 0.05715000
v 0.02393013 0.03668500 0.05735000
v 0.01680596 0.04057318 0.05715000
v 0.01423170 0.04142340 0.05735000
v 0.01922744 0.03935410 0.05735000
v 0.02403940 0.03685251 0.05715000
v 0.02171858 0.03816974 0.05715000
v 0.01931524 0.03953380 0.05715000
v 0.00627908 0.04346499 0.05715000
v 0.00366895 0.04364606 0.05735000
v 0.00901906 0.04286137 0.05735000
v 0.01429669 0.04161255 0.05715000
v 0.01163273 0.04234743 0.05715000
v 0.00906024 0.04305708 0.05715000
v -0.00463587 0.04367113 0.05715000
v -0.00711663 0.04321797 0.05735000
v -0.00173708 0.04376554 0.05735000
v 0.00368570 0.04384536 0.05715000
v 0.00082805 0.04390851 0.05715000
v -0.00174501 0.04396538 0.05715000
v -0.01526458 0.04117884 0.05715000
v -0.01747000 0.04016515 0.05735000
v -0.01238772 0.04201171 0.05735000
v -0.00714913 0.04341532 0.05715000
v -0.01002795 0.04275651 0.05715000
v -0.01244428 0.04220355 0.05715000
v -0.02495038 0.03614202 0.05715000
v -0.02676237 0.03467298 0.05735000
v -0.02228602 0.03770641 0.05735000
v -0.01754977 0.04034855 0.05715000
v -0.02026457 0.03896256 0.05715000
v -0.02238778 0.03787858 0.05715000
v -0.03309484 0.02887179 0.05715000
v -0.03442938 0.02707503 0.05735000
v -0.03083083 0.03111109 0.05735000
v -0.02688457 0.03483130 0.05715000
v -0.02924936 0.03276096 0.05715000
v -0.03097161 0.03125315 0.05715000
v -0.03919471 0.01981721 0.05715000
v -0.04000542 0.01783274 0.05735000
v -0.03750320 0.02262631 0.05735000
v -0.03458660 0.02719866 0.05715000
v -0.03642718 0.02453479 0.05715000
v -0.03767444 0.02272963 0.05715000
v -0.04287305 0.00953760 0.05715000
v -0.04315180 0.00750742 0.05735000
v -0.04189790 0.01276738 0.05735000
v -0.04018809 0.01791417 0.05715000
v -0.04135451 0.01479217 0.05715000
v -0.04208922 0.01282567 0.05715000
v -0.04390245 -0.00133201 0.05715000
v -0.04367747 -0.00327384 0.05735000
v -0.04374803 0.00213305 0.05735000
v -0.04334885 0.00754170 0.05715000
v -0.04372679 0.00413495 0.05715000
v -0.04394779 0.00214279 0.05715000
v -0.04221913 -0.01212011 0.05715000
v -0.04155049 -0.01385628 0.05735000
v -0.04294122 -0.00863083 0.05735000
v -0.04387691 -0.00328879 0.05715000
v -0.04339730 -0.00677851 0.05715000
v -0.04313731 -0.00867024 0.05715000
v -0.03792690 -0.02216019 0.05715000
v -0.03690004 -0.02359719 0.05735000
v -0.03952648 -0.01887054 0.05735000
v -0.04174022 -0.01391955 0.05715000
v -0.04038620 -0.01727398 0.05715000
v -0.03970697 -0.01895670 0.05715000
v -0.03129070 -0.03083188 0.05715000
v -0.03000855 -0.03190497 0.05735000
v -0.03371119 -0.02796418 0.05735000
v -0.03706853 -0.02370494 0.05715000
v -0.03487932 -0.02670298 0.05715000
v -0.03386512 -0.02809187 0.05715000
v -0.03014557 -0.03205066 0.05715000
v -0.02721665 -0.03448286 0.05715000
v -0.02584853 -0.03535949 0.05735000
v -0.02596656 -0.03552095 0.05715000
v -0.02266710 -0.03747856 0.05735000
v -0.02275762 -0.03765755 0.05715000
v -0.02266710 -0.03747856 0.05735000
v -0.02166683 -0.03789289 0.05735000
v -0.02615418 -0.03494684 0.05735000
v -0.00621735 -0.04320494 0.05735000
v -0.01147355 -0.04211508 0.05735000
v -0.01047329 -0.04252940 0.05735000
v -0.00672526 -0.04328060 0.05735000
v -0.00134098 -0.04377946 0.05735000
v -0.00086711 -0.04364138 0.05735000
v 0.00406375 -0.04361108 0.05735000
v 0.00449624 -0.04341781 0.05735000
v 0.00940654 -0.04277799 0.05735000
v 0.00979159 -0.04253760 0.05735000
v 0.01460596 -0.04129293 0.05735000
v 0.01493885 -0.04101406 0.05735000
v 0.01958277 -0.03917850 0.05735000
v 0.01986018 -0.03887024 0.05735000
v 0.02426111 -0.03646695 0.05735000
v 0.02448116 -0.03613856 0.05735000
v 0.02873188 -0.03286033 0.05735000
v 0.02856968 -0.03319960 0.05735000
v 0.03254808 -0.02908513 0.05735000
v 0.03244282 -0.02942624 0.05735000
v 0.03587203 -0.02487006 0.05735000
v 0.03582149 -0.02520439 0.05735000
v 0.03865346 -0.02027886 0.05735000
v 0.03865419 -0.02059839 0.05735000
v 0.04085031 -0.01538097 0.05735000
v 0.04089775 -0.01567845 0.05735000
v 0.04242936 -0.01025046 0.05735000
v 0.04251799 -0.01051955 0.05735000
v 0.04336671 -0.00496493 0.05735000
v 0.04349019 -0.00520032 0.05735000
v 0.04364820 0.00039569 0.05735000
v 0.04379955 0.00019818 0.05735000
v 0.04326957 0.00575033 0.05735000
v 0.04344135 0.00559365 0.05735000
v 0.04223655 0.01101800 0.05735000
v 0.04242105 0.01090386 0.05735000
v 0.04056475 0.01611904 0.05735000
v 0.04075421 0.01604789 0.05735000
v 0.03827946 0.02097629 0.05735000
v 0.03846621 0.02094733 0.05735000
v 0.03541525 0.02551631 0.05735000
v 0.03559194 0.02552750 0.05735000
v 0.03201543 0.02967043 0.05735000
v 0.03217521 0.02971861 0.05735000
v 0.02813142 0.03337582 0.05735000
v 0.02826809 0.03345676 0.05735000
v 0.02382196 0.03657645 0.05735000
v 0.02393013 0.03668500 0.05735000
v 0.01915222 0.03922391 0.05735000
v 0.01922744 0.03935410 0.05735000
v 0.01419283 0.04127816 0.05735000
v 0.01423170 0.04142340 0.05735000
v 0.00901879 0.04270812 0.05735000
v 0.00901906 0.04286137 0.05735000
v 0.00370835 0.04349219 0.05735000
v 0.00366895 0.04364606 0.05735000
v -0.00165817 0.04361849 0.05735000
v -0.00173708 0.04376554 0.05735000
v -0.00699961 0.04308512 0.05735000
v -0.00711663 0.04321797 0.05735000
v -0.01223519 0.04190015 0.05735000
v -0.01238772 0.04201171 0.05735000
v -0.01728573 0.04008149 0.05735000
v -0.01747000 0.04016515 0.05735000
v -0.02207485 0.03765665 0.05735000
v -0.02228602 0.03770641 0.05735000
v -0.02653011 0.03466231 0.05735000
v -0.02676237 0.03467298 0.05735000
v -0.03058415 0.03114374 0.05735000
v -0.03083083 0.03111109 0.05735000
v -0.03417563 0.02715417 0.05735000
v -0.03442938 0.02707503 0.05735000
v -0.03725026 0.02275392 0.05735000
v -0.03750320 0.02262631 0.05735000
v -0.03976152 0.01800955 0.05735000
v -0.04000542 0.01783274 0.05735000
v -0.04167145 0.01299281 0.05735000
v -0.04189790 0.01276738 0.05735000
v -0.04295114 0.00777957 0.05735000
v -0.04315180 0.00750742 0.05735000
v -0.04358126 0.00244868 0.05735000
v -0.04374803 0.00213305 0.05735000
v -0.04355227 -0.00291925 0.05735000
v -0.04367747 -0.00327384 0.05735000
v -0.04286461 -0.00824303 0.05735000
v -0.04294122 -0.00863083 0.05735000
v -0.04152868 -0.01344214 0.05735000
v -0.04155049 -0.01385628 0.05735000
v -0.03956468 -0.01843796 0.05735000
v -0.03952648 -0.01887054 0.05735000
v -0.03700232 -0.02315493 0.05735000
v -0.03690004 -0.02359719 0.05735000
v -0.03388035 -0.02752171 0.05735000
v -0.03371119 -0.02796418 0.05735000
v -0.03024598 -0.03147226 0.05735000
v -0.03000855 -0.03190497 0.05735000
v -0.02584853 -0.03535949 0.05735000
v -0.03083083 0.03111109 0.05035000
v -0.02676237 0.03467298 0.05035000
v 0.02826809 0.03345676 0.05035000
v 0.00406375 -0.04361108 0.05035000
v -0.00134098 -0.04377946 0.05035000
v -0.00672526 -0.04328060 0.05035000
v -0.01047329 -0.04252940 0.05035000
v -0.02266710 -0.03747856 0.05035000
v -0.02584853 -0.03535949 0.05035000
v -0.03000855 -0.03190497 0.05035000
v -0.03371119 -0.02796418 0.05035000
v 0.01958277 -0.03917850 0.05035000
v 0.01460596 -0.04129293 0.05035000
v 0.00940654 -0.04277799 0.05035000
v 0.04242105 0.01090386 0.05035000
v 0.04344135 0.00559365 0.05035000
v 0.02426111 -0.03646695 0.05035000
v 0.04379955 0.00019818 0.05035000
v 0.02856968 -0.03319960 0.05035000
v 0.03244282 -0.02942624 0.05035000
v -0.03690004 -0.02359719 0.05035000
v -0.03952648 -0.01887054 0.05035000
v -0.04155049 -0.01385628 0.05035000
v -0.04294122 -0.00863083 0.05035000
v -0.04367747 -0.00327384 0.05035000
v -0.04374803 0.00213305 0.05035000
v -0.04315180 0.00750742 0.05035000
v -0.04189790 0.01276738 0.05035000
v -0.04000542 0.01783274 0.05035000
v -0.03750320 0.02262631 0.05035000
v -0.03442938 0.02707503 0.05035000
v -0.01238772 0.04201171 0.05035000
v -0.00711663 0.04321797 0.05035000
v 0.00901906 0.04286137 0.05035000
v -0.00173708 0.04376554 0.05035000
v 0.00366895 0.04364606 0.05035000
v -0.01747000 0.04016515 0.05035000
v 0.01423170 0.04142340 0.05035000
v 0.01922744 0.03935410 0.05035000
v -0.02228602 0.03770641 0.05035000
v 0.02393013 0.03668500 0.05035000
v 0.03217521 0.02971861 0.05035000
v 0.03559194 0.02552750 0.05035000
v 0.04251799 -0.01051955 0.05035000
v 0.04089775 -0.01567845 0.05035000
v 0.04349019 -0.00520032 0.05035000
v 0.03865419 -0.02059839 0.05035000
v 0.03582149 -0.02520439 0.05035000
v 0.03846621 0.02094733 0.05035000
v 0.04075421 0.01604789 0.05035000
v -0.01147355 -0.04211508 0.05735000
v -0.01147355 -0.04211508 0.05745250
v -0.02166683 -0.03789289 0.05735000
v -0.02166683 -0.03789289 0.05745250
v -0.01147355 -0.04211508 0.05745250
v -0.01147355 -0.04211508 0.05735000
v -0.00621735 -0.04320494 0.05735000
v -0.00621735 -0.04320494 0.05745250
v -0.00086711 -0.04364138 0.05735000
v -0.00086711 -0.04364138 0.05745250
v 0.00449624 -0.04341781 0.05735000
v 0.00449624 -0.04341781 0.05745250
v 0.00979159 -0.04253760 0.05735000
v 0.00979159 -0.04253760 0.05745250
v 0.01493885 -0.04101406 0.05735000
v 0.01493885 -0.04101406 0.05745250
v 0.01986018 -0.03887024 0.05735000
v 0.01986018 -0.03887024 0.05745250
v 0.02448116 -0.03613856 0.05735000
v 0.02448116 -0.03613856 0.05745250
v 0.02873188 -0.03286033 0.05735000
v 0.02873188 -0.03286033 0.05745250
v 0.03254808 -0.02908513 0.05735000
v 0.03254808 -0.02908513 0.05745250
v 0.03587203 -0.02487006 0.05735000
v 0.03587203 -0.02487006 0.05745250
v 0.03865346 -0.02027886 0.05735000
v 0.03865346 -0.02027886 0.05745250
v 0.04085031 -0.01538097 0.05735000
v 0.04085031 -0.01538097 0.05745250
v 0.04242936 -0.01025046 0.05735000
v 0.04242936 -0.01025046 0.05745250
v 0.04336671 -0.00496493 0.05735000
v 0.04336671 -0.00496493 0.05745250
v 0.04364820 0.00039569 0.05735000
v 0.04364820 0.00039569 0.05745250
v 0.04326957 0.00575033 0.05735000
v 0.04326957 0.00575033 0.05745250
v 0.04223655 0.01101800 0.05735000
v 0.04223655 0.01101800 0.05745250
v 0.04056475 0.01611904 0.05735000
v 0.04056475 0.01611904 0.05745250
v 0.03827946 0.02097629 0.05735000
v 0.03827946 0.02097629 0.05745250
v 0.03541525 0.02551631 0.05735000
v 0.03541525 0.02551631 0.05745250
v 0.03201543 0.02967043 0.05735000
v 0.03201543 0.02967043 0.05745250
v 0.02813142 0.03337582 0.05735000
v 0.02813142 0.03337582 0.05745250
v 0.02382196 0.03657645 0.05735000
v 0.02382196 0.03657645 0.05745250
v 0.01915222 0.03922391 0.05735000
v 0.01915222 0.03922391 0.05745250
v 0.01419283 0.04127816 0.05735000
v 0.01419283 0.04127816 0.05745250
v 0.00901879 0.04270812 0.05735000
v 0.00901879 0.04270812 0.05745250
v 0.00370835 0.04349219 0.05735000
v 0.00370835 0.04349219 0.05745250
v -0.00165817 0.04361849 0.05735000
v -0.00165817 0.04361849 0.05745250
v -0.00699961 0.04308512 0.05735000
v -0.00699961 0.04308512 0.05745250
v -0.01223519 0.04190015 0.05735000
v -0.01223519 0.04190015 0.05745250
v -0.01728573 0.04008149 0.05735000
v -0.01728573 0.04008149 0.05745250
v -0.02207485 0.03765665 0.05735000
v -0.02207485 0.03765665 0.05745250
v -0.02653011 0.03466231 0.05735000
v -0.02653011 0.03466231 0.05745250
v -0.03058415 0.03114374 0.05735000
v -0.03058415 0.03114374 0.05745250
v -0.03417563 0.02715417 0.05735000
v -0.03417563 0.02715417 0.05745250
v -0.03725026 0.02275392 0.05735000
v -0.03725026 0.02275392 0.05745250
v -0.03976152 0.01800955 0.05735000
v -0.03976152 0.01800955 0.05745250
v -0.04167145 0.01299281 0.05735000
v -0.04167145 0.01299281 0.05745250
v -0.04295114 0.00777957 0.05735000
v -0.04295114 0.00777957 0.05745250
v -0.04358126 0.00244868 0.05735000
v -0.04358126 0.00244868 0.05745250
v -0.04355227 -0.00291925 0.05735000
v -0.04355227 -0.00291925 0.05745250
v -0.04286461 -0.00824303 0.05735000
v -0.04286461 -0.00824303 0.05745250
v -0.04152868 -0.01344214 0.05735000
v -0.04152868 -0.01344214 0.05745250
v -0.03956468 -0.01843796 0.05735000
v -0.03956468 -0.01843796 0.05745250
v -0.03700232 -0.02315493 0.05735000
v -0.03700232 -0.02315493 0.05745250
v -0.03388035 -0.02752171 0.05735000
v -0.03388035 -0.02752171 0.05745250
v -0.03024598 -0.03147226 0.05735000
v -0.03024598 -0.03147226 0.05745250
v -0.02615418 -0.03494684 0.05735000
v -0.02615418 -0.03494684 0.05745250
v -0.02166683 -0.03789289 0.05735000
v -0.02166683 -0.03789289 0.05745250
v -0.00428418 -0.04379093 0.05223000
v -0.00428418 -0.04379093 0.05338000
v -0.00514448 -0.04369822 0.05338000
v -0.02695477 -0.03477701 0.05457373
v -0.02596656 -0.03552095 0.05715000
v -0.02700033 -0.03474164 0.05458000
v -0.02721665 -0.03448286 0.05715000
v -0.02691146 -0.03481053 0.05455524
v -0.02687259 -0.03484055 0.05452545
v -0.02275762 -0.03765755 0.05715000
v -0.02684010 -0.03486558 0.05448587
v -0.02681566 -0.03488439 0.05443847
v -0.02680047 -0.03489605 0.05438563
v -0.02679533 -0.03490000 0.05433000
v -0.02275762 -0.03765755 0.05055000
v -0.02679533 -0.03490000 0.05363000
v -0.02680047 -0.03489605 0.05357437
v -0.02681566 -0.03488439 0.05352153
v -0.02684010 -0.03486558 0.05347413
v -0.02596656 -0.03552095 0.05055000
v -0.02687259 -0.03484055 0.05343454
v -0.02691146 -0.03481053 0.05340476
v -0.02695477 -0.03477701 0.05338627
v -0.02721665 -0.03448286 0.05055000
v -0.02700033 -0.03474164 0.05338000
v -0.02726161 -0.03453700 0.05338000
v -0.03014557 -0.03205066 0.05055000
v -0.02980525 -0.03236738 0.05338000
v -0.02985593 -0.03232064 0.05338851
v -0.03129070 -0.03083188 0.05055000
v -0.02990311 -0.03227699 0.05341349
v -0.02994359 -0.03223943 0.05345322
v -0.02999415 -0.03219240 0.05356529
v -0.02999912 -0.03218777 0.05359726
v -0.02998587 -0.03220011 0.05353412
v -0.02996036 -0.03222385 0.05347767
v -0.02997464 -0.03221057 0.05350500
v -0.03000080 -0.03218621 0.05363000
v -0.03000080 -0.03218621 0.05433000
v -0.03129070 -0.03083188 0.05715000
v -0.02999591 -0.03219076 0.05438563
v -0.02998147 -0.03220422 0.05443847
v -0.02995820 -0.03222586 0.05448587
v -0.02992725 -0.03225461 0.05452545
v -0.02989018 -0.03228896 0.05455524
v -0.03014557 -0.03205066 0.05715000
v -0.02984882 -0.03232720 0.05457373
v -0.02980525 -0.03236738 0.05458000
v -0.02726161 -0.03453700 0.05458000
v -0.00157172 -0.04397192 0.05443847
v -0.00155200 -0.04397262 0.05438563
v 0.00032443 -0.04392729 0.05715000
v -0.00513799 -0.04362814 0.05715000
v -0.00514448 -0.04369822 0.05458000
v -0.00428418 -0.04379093 0.05458000
v -0.00428418 -0.04379093 0.05573000
v -0.00427766 -0.04379157 0.05578563
v -0.00425842 -0.04379344 0.05583847
v -0.00422743 -0.04379645 0.05588587
v -0.00418622 -0.04380041 0.05592546
v -0.00413686 -0.04380509 0.05595524
v -0.00323302 -0.04388106 0.05597373
v -0.00317751 -0.04388512 0.05595524
v -0.00134710 -0.04397937 0.05715000
v -0.00408180 -0.04381026 0.05597373
v -0.00402381 -0.04381562 0.05598000
v -0.00329144 -0.04387672 0.05598000
v -0.00312769 -0.04388869 0.05592546
v -0.00308606 -0.04389164 0.05588587
v -0.00160349 -0.04397077 0.05448587
v -0.00175248 -0.04396509 0.05457373
v -0.00169620 -0.04396730 0.05455524
v -0.00164569 -0.04396921 0.05452545
v -0.00305473 -0.04389383 0.05583847
v -0.00303527 -0.04389518 0.05578563
v -0.00302868 -0.04389564 0.05573000
v -0.00302868 -0.04389564 0.05458000
v -0.00181170 -0.04396269 0.05458000
v -0.00154531 -0.04397285 0.05433000
v -0.00154531 -0.04397285 0.05363000
v 0.00032443 -0.04392729 0.05055000
v -0.00155200 -0.04397262 0.05357437
v -0.00157172 -0.04397192 0.05352153
v -0.00160349 -0.04397077 0.05347413
v -0.00164569 -0.04396921 0.05343454
v -0.00169620 -0.04396730 0.05340476
v -0.00302868 -0.04389564 0.05338000
v -0.00302868 -0.04389564 0.05223000
v -0.00181170 -0.04396269 0.05338000
v -0.00175248 -0.04396509 0.05338627
v -0.00425842 -0.04379344 0.05212153
v -0.00427766 -0.04379157 0.05217437
v -0.00513799 -0.04362814 0.05055000
v -0.00422743 -0.04379645 0.05207413
v -0.00303527 -0.04389518 0.05217437
v -0.00305473 -0.04389383 0.05212153
v -0.00134710 -0.04397937 0.05055000
v -0.00408180 -0.04381026 0.05198627
v -0.00413686 -0.04380509 0.05200476
v -0.00418622 -0.04380041 0.05203454
v -0.00308606 -0.04389164 0.05207413
v -0.00312769 -0.04388869 0.05203454
v -0.00317751 -0.04388512 0.05200476
v -0.00323302 -0.04388106 0.05198627
v -0.00329144 -0.04387672 0.05198000
v -0.00402381 -0.04381562 0.05198000
v -0.00553116 -0.04365096 0.05338627
v -0.00675597 -0.04347824 0.05055000
v -0.00547394 -0.04365817 0.05338000
v -0.00558549 -0.04364404 0.05340476
v -0.00563421 -0.04363778 0.05343454
v -0.01053584 -0.04271997 0.05055000
v -0.00567487 -0.04363251 0.05347413
v -0.00570546 -0.04362852 0.05352153
v -0.00572444 -0.04362603 0.05357437
v -0.00573087 -0.04362519 0.05363000
v -0.01053584 -0.04271997 0.05715000
v -0.00573087 -0.04362519 0.05433000
v -0.00572444 -0.04362603 0.05438563
v -0.00570546 -0.04362852 0.05443847
v -0.00567487 -0.04363251 0.05448587
v -0.00675597 -0.04347824 0.05715000
v -0.00563421 -0.04363778 0.05452545
v -0.00558549 -0.04364404 0.05455524
v -0.00553116 -0.04365096 0.05457373
v -0.00547394 -0.04365817 0.05458000
v 0.00408231 -0.04381021 0.05715000
v 0.00408231 -0.04381021 0.05055000
v 0.00578155 -0.04354526 0.05715000
v 0.00578155 -0.04354526 0.05055000
v 0.00944949 -0.04297333 0.05715000
v 0.00944949 -0.04297333 0.05055000
v 0.01114875 -0.04248799 0.05715000
v 0.01114875 -0.04248799 0.05055000
v 0.01467265 -0.04148148 0.05715000
v 0.01467265 -0.04148148 0.05055000
v 0.01634281 -0.04077190 0.05715000
v 0.01634281 -0.04077190 0.05055000
v 0.01967219 -0.03935740 0.05715000
v 0.01967219 -0.03935740 0.05055000
v 0.02128322 -0.03842365 0.05715000
v 0.02128322 -0.03842365 0.05055000
v 0.02437189 -0.03663346 0.05715000
v 0.02437189 -0.03663346 0.05055000
v 0.02589339 -0.03547966 0.05715000
v 0.02589339 -0.03547966 0.05055000
v 0.02870014 -0.03335119 0.05715000
v 0.02870014 -0.03335119 0.05055000
v 0.03010185 -0.03198559 0.05715000
v 0.03010185 -0.03198559 0.05055000
v 0.03259096 -0.02956061 0.05715000
v 0.03259096 -0.02956061 0.05055000
v 0.03384336 -0.02799566 0.05715000
v 0.03384336 -0.02799566 0.05055000
v 0.03598505 -0.02531948 0.05715000
v 0.03598505 -0.02531948 0.05055000
v 0.03705993 -0.02357172 0.05715000
v 0.03705993 -0.02357172 0.05055000
v 0.03883069 -0.02069245 0.05715000
v 0.03883069 -0.02069245 0.05055000
v 0.03970170 -0.01878241 0.05715000
v 0.03970170 -0.01878241 0.05055000
v 0.04108450 -0.01575004 0.05715000
v 0.04108450 -0.01575004 0.05055000
v 0.04172773 -0.01370197 0.05715000
v 0.04172773 -0.01370197 0.05055000
v 0.04271213 -0.01056758 0.05715000
v 0.04271213 -0.01056758 0.05055000
v 0.04310662 -0.00840919 0.05715000
v 0.04310662 -0.00840919 0.05055000
v 0.04368878 -0.00522406 0.05715000
v 0.04368878 -0.00522406 0.05055000
v 0.04381702 -0.00298615 0.05715000
v 0.04381702 -0.00298615 0.05055000
v 0.04399955 0.00019908 0.05715000
v 0.04399955 0.00019908 0.05055000
v 0.04384792 0.00248308 0.05715000
v 0.04384792 0.00248308 0.05055000
v 0.04363972 0.00561919 0.05715000
v 0.04363972 0.00561919 0.05055000
v 0.04319885 0.00791369 0.05715000
v 0.04319885 0.00791369 0.05055000
v 0.04261476 0.01095365 0.05715000
v 0.04261476 0.01095365 0.05055000
v 0.04187990 0.01322148 0.05715000
v 0.04187990 0.01322148 0.05055000
v 0.04094029 0.01612117 0.05715000
v 0.04094029 0.01612117 0.05055000
v 0.03991152 0.01832415 0.05715000
v 0.03991152 0.01832415 0.05055000
v 0.03864185 0.02104298 0.05715000
v 0.03864185 0.02104298 0.05055000
v 0.03732425 0.02314259 0.05715000
v 0.03732425 0.02314259 0.05055000
v 0.03575446 0.02564407 0.05715000
v 0.03575446 0.02564407 0.05055000
v 0.03415821 0.02760210 0.05715000
v 0.03415821 0.02760210 0.05055000
v 0.03232213 0.02985431 0.05715000
v 0.03232213 0.02985431 0.05055000
v 0.03046249 0.03163353 0.05715000
v 0.03046249 0.03163353 0.05055000
v 0.02839717 0.03360953 0.05715000
v 0.02839717 0.03360953 0.05055000
v 0.02629441 0.03517437 0.05715000
v 0.02629441 0.03517437 0.05055000
v 0.02403940 0.03685251 0.05715000
v 0.02403940 0.03685251 0.05055000
v 0.02171858 0.03816974 0.05715000
v 0.02171858 0.03816974 0.05055000
v 0.01931524 0.03953380 0.05715000
v 0.01931524 0.03953380 0.05055000
v 0.01680596 0.04057318 0.05715000
v 0.01680596 0.04057318 0.05055000
v 0.01429669 0.04161255 0.05715000
v 0.01429669 0.04161255 0.05055000
v 0.01163273 0.04234743 0.05715000
v 0.01163273 0.04234743 0.05055000
v 0.00906024 0.04305708 0.05715000
v 0.00906024 0.04305708 0.05055000
v 0.00627908 0.04346499 0.05715000
v 0.00627908 0.04346499 0.05055000
v 0.00368570 0.04384536 0.05715000
v 0.00368570 0.04384536 0.05055000
v 0.00082805 0.04390851 0.05715000
v 0.00082805 0.04390851 0.05055000
v -0.00174501 0.04396538 0.05715000
v -0.00174501 0.04396538 0.05055000
v -0.00463587 0.04367113 0.05715000
v -0.00463587 0.04367113 0.05055000
v -0.00714913 0.04341532 0.05715000
v -0.00714913 0.04341532 0.05055000
v -0.01002795 0.04275651 0.05715000
v -0.01002795 0.04275651 0.05055000
v -0.01244428 0.04220355 0.05715000
v -0.01244428 0.04220355 0.05055000
v -0.01526458 0.04117884 0.05715000
v -0.01526458 0.04117884 0.05055000
v -0.01754977 0.04034855 0.05715000
v -0.01754977 0.04034855 0.05055000
v -0.02026457 0.03896256 0.05715000
v -0.02026457 0.03896256 0.05055000
v -0.02238778 0.03787858 0.05715000
v -0.02238778 0.03787858 0.05055000
v -0.02495038 0.03614202 0.05715000
v -0.02495038 0.03614202 0.05055000
v -0.02688457 0.03483130 0.05715000
v -0.02688457 0.03483130 0.05055000
v -0.02924936 0.03276096 0.05715000
v -0.02924936 0.03276096 0.05055000
v -0.03097161 0.03125315 0.05715000
v -0.03097161 0.03125315 0.05055000
v -0.03309484 0.02887179 0.05715000
v -0.03309484 0.02887179 0.05055000
v -0.03458660 0.02719866 0.05715000
v -0.03458660 0.02719866 0.05055000
v -0.03642718 0.02453479 0.05715000
v -0.03642718 0.02453479 0.05055000
v -0.03767444 0.02272963 0.05715000
v -0.03767444 0.02272963 0.05055000
v -0.03919471 0.01981721 0.05715000
v -0.03919471 0.01981721 0.05055000
v -0.04018809 0.01791417 0.05715000
v -0.04018809 0.01791417 0.05055000
v -0.04135451 0.01479217 0.05715000
v -0.04135451 0.01479217 0.05055000
v -0.04208922 0.01282567 0.05715000
v -0.04208922 0.01282567 0.05055000
v -0.04287305 0.00953760 0.05715000
v -0.04287305 0.00953760 0.05055000
v -0.04334885 0.00754170 0.05715000
v -0.04334885 0.00754170 0.05055000
v -0.04372679 0.00413495 0.05715000
v -0.04372679 0.00413495 0.05055000
v -0.04394779 0.00214279 0.05715000
v -0.04394779 0.00214279 0.05055000
v -0.04390245 -0.00133201 0.05715000
v -0.04390245 -0.00133201 0.05055000
v -0.04387691 -0.00328879 0.05715000
v -0.04387691 -0.00328879 0.05055000
v -0.04339730 -0.00677851 0.05715000
v -0.04339730 -0.00677851 0.05055000
v -0.04313731 -0.00867024 0.05715000
v -0.04313731 -0.00867024 0.05055000
v -0.04221913 -0.01212011 0.05715000
v -0.04221913 -0.01212011 0.05055000
v -0.04174022 -0.01391955 0.05715000
v -0.04174022 -0.01391955 0.05055000
v -0.04038620 -0.01727398 0.05715000
v -0.04038620 -0.01727398 0.05055000
v -0.03970697 -0.01895670 0.05715000
v -0.03970697 -0.01895670 0.05055000
v -0.03792690 -0.02216019 0.05715000
v -0.03792690 -0.02216019 0.05055000
v -0.03706853 -0.02370494 0.05715000
v -0.03706853 -0.02370494 0.05055000
v -0.03487932 -0.02670298 0.05715000
v -0.03487932 -0.02670298 0.05055000
v -0.03386512 -0.02809187 0.05715000
v -0.03386512 -0.02809187 0.05055000
v -0.01053584 -0.04271997 0.05715000
v -0.01553026 -0.04065122 0.05597307
v -0.01547924 -0.04067235 0.05595265
v -0.01642730 -0.04027965 0.05215196
v -0.01645204 -0.04026940 0.05209549
v -0.01053584 -0.04271997 0.05055000
v -0.01648895 -0.04025411 0.05204742
v -0.01653573 -0.04023474 0.05201076
v -0.01658944 -0.04021249 0.05198781
v -0.01664673 -0.04018876 0.05198000
v -0.02275762 -0.03765755 0.05055000
v -0.01670402 -0.04016503 0.05198781
v -0.01675773 -0.04014278 0.05201076
v -0.01680451 -0.04012340 0.05204742
v -0.01684142 -0.04010812 0.05209549
v -0.01543405 -0.04069107 0.05591990
v -0.01539719 -0.04070634 0.05587661
v -0.01537070 -0.04071731 0.05582519
v -0.01686616 -0.04009787 0.05215196
v -0.01792862 -0.03965778 0.05565196
v -0.02275762 -0.03765755 0.05715000
v -0.01793940 -0.03965332 0.05570967
v -0.01793741 -0.03965414 0.05576850
v -0.01792276 -0.03966021 0.05582519
v -0.01789627 -0.03967118 0.05587661
v -0.01785941 -0.03968645 0.05591990
v -0.01781422 -0.03970517 0.05595265
v -0.01535605 -0.04072338 0.05576850
v -0.01535406 -0.04072420 0.05570967
v -0.01536484 -0.04071974 0.05565196
v -0.01776320 -0.03972630 0.05597307
v -0.01770919 -0.03974867 0.05598000
v -0.01558427 -0.04062884 0.05598000
v -0.04080400 -0.01618542 0.08770778
v -0.04080476 -0.01618572 0.08511992
v -0.04053179 -0.01686370 0.08641401
v -0.04130519 -0.01486913 0.08529177
v -0.04127774 -0.01494517 0.08538792
v -0.04134402 -0.01476082 0.08596322
v -0.04090915 -0.01592644 0.08462500
v -0.04164746 -0.01388162 0.08400000
v -0.04080691 -0.01618659 0.08400000
v -0.04108100 -0.01547778 0.08529571
v -0.04113182 -0.01534220 0.08503756
v -0.04119906 -0.01516072 0.08482854
v -0.04125811 -0.01499927 0.08471553
v -0.04132788 -0.01480596 0.08464415
v -0.04139244 -0.01462448 0.08462500
v -0.04146298 -0.01442330 0.08465117
v -0.04151577 -0.01427062 0.08471496
v -0.04170343 -0.01371255 0.08402006
v -0.04156247 -0.01413403 0.08481518
v -0.04186989 -0.01319554 0.08445289
v -0.04184111 -0.01328650 0.08430121
v -0.04160599 -0.01400541 0.08496955
v -0.04180257 -0.01340727 0.08417454
v -0.04175597 -0.01355173 0.08407924
v -0.04148066 -0.01437235 0.08564773
v -0.04145812 -0.01443726 0.08596202
v -0.04166836 -0.01381874 0.08555034
v -0.04150891 -0.01429057 0.08602475
v -0.04155551 -0.01415447 0.08612504
v -0.04161179 -0.01398817 0.08632216
v -0.04164260 -0.01389618 0.08649197
v -0.04166961 -0.01381499 0.08674373
v -0.04188765 -0.01313904 0.08462198
v -0.04164279 -0.01389559 0.08520228
v -0.04189366 -0.01311989 0.08480001
v -0.04189366 -0.01311989 0.08820002
v -0.04168367 -0.01377249 0.08716281
v -0.04167324 -0.01380404 0.08754126
v -0.04164624 -0.01388526 0.08782814
v -0.04188765 -0.01313904 0.08837803
v -0.04160193 -0.01401745 0.08806653
v -0.04186989 -0.01319554 0.08854712
v -0.04184111 -0.01328650 0.08869880
v -0.04180257 -0.01340727 0.08882547
v -0.04154818 -0.01417599 0.08823817
v -0.04175597 -0.01355173 0.08892077
v -0.04170343 -0.01371255 0.08897995
v -0.04149420 -0.01433322 0.08834356
v -0.04164746 -0.01388162 0.08900000
v -0.04142758 -0.01452463 0.08840870
v -0.04137263 -0.01468043 0.08842370
v -0.04129965 -0.01488451 0.08839573
v -0.04124080 -0.01504680 0.08832672
v -0.04094439 -0.01583562 0.08837500
v -0.04118679 -0.01519401 0.08821576
v -0.04112202 -0.01536846 0.08800380
v -0.04107492 -0.01549390 0.08774817
v -0.04106261 -0.01552650 0.08765081
v -0.04102160 -0.01563451 0.08704020
v -0.04101427 -0.01565374 0.08654567
v -0.04103672 -0.01559478 0.08573655
v -0.04130484 -0.01487011 0.08601342
v -0.04125804 -0.01499945 0.08550265
v -0.04126423 -0.01498243 0.08610193
v -0.04123281 -0.01506869 0.08581672
v -0.04121902 -0.01510635 0.08625802
v -0.04147045 -0.01440179 0.08546897
v -0.04139954 -0.01460439 0.08593995
v -0.04145577 -0.01444400 0.08535759
v -0.04144221 -0.01448286 0.08529808
v -0.04142782 -0.01452395 0.08525789
v -0.04140966 -0.01457566 0.08522799
v -0.04138935 -0.01463324 0.08521271
v -0.04137442 -0.01467541 0.08520942
v -0.04134872 -0.01474767 0.08521917
v -0.04132613 -0.01481083 0.08524608
v -0.04080691 -0.01618659 0.08900000
v -0.04070198 -0.01644867 0.08837500
v -0.04040392 -0.01716780 0.08699691
v -0.04009255 -0.01788289 0.08837500
v -0.04080691 -0.01618659 0.08837500
v -0.03984017 -0.01843829 0.08900000
v -0.03976480 -0.01860030 0.08897995
v -0.03981907 -0.01848382 0.08837500
v -0.03969256 -0.01875395 0.08892077
v -0.03953073 -0.01909270 0.08854712
v -0.03957230 -0.01900640 0.08869880
v -0.03962723 -0.01889159 0.08882547
v -0.03953073 -0.01909270 0.08445289
v -0.03950483 -0.01914624 0.08462198
v -0.03986013 -0.01839511 0.08462500
v -0.03949603 -0.01916438 0.08480001
v -0.04027372 -0.01747105 0.08641401
v -0.03949603 -0.01916438 0.08820002
v -0.03950483 -0.01914624 0.08837803
v -0.04013222 -0.01779367 0.08462500
v -0.04040392 -0.01716780 0.08583036
v -0.04066536 -0.01653900 0.08462500
v -0.03984017 -0.01843829 0.08400000
v -0.03976480 -0.01860030 0.08402006
v -0.03969256 -0.01875395 0.08407924
v -0.03962723 -0.01889159 0.08417454
v -0.03957230 -0.01900640 0.08430121
v -0.04080691 -0.01618659 0.08462500
v 0.00269692 -0.04371689 0.07890001
v 0.00538251 -0.04346802 0.07900000
v 0.00000000 -0.04380000 0.07900000
v 0.00537230 -0.04338557 0.07890001
v 0.00804878 -0.04305412 0.07890001
v 0.01068342 -0.04247710 0.07900000
v 0.01830717 -0.03979055 0.07890001
v 0.02072150 -0.03858833 0.07900000
v 0.01582238 -0.04084228 0.07900000
v 0.01066316 -0.04239654 0.07890001
v 0.01327862 -0.04173869 0.07890001
v 0.01579237 -0.04076482 0.07890001
v 0.02745970 -0.03412338 0.07890001
v 0.02950787 -0.03236859 0.07900000
v 0.02530649 -0.03574942 0.07900000
v 0.02068220 -0.03851515 0.07890001
v 0.02305820 -0.03723921 0.07890001
v 0.02525850 -0.03568162 0.07890001
v 0.03495349 -0.02639496 0.07890001
v 0.03651179 -0.02419359 0.07900000
v 0.03326194 -0.02849708 0.07900000
v 0.02945190 -0.03230720 0.07890001
v 0.03144493 -0.03049027 0.07890001
v 0.03319885 -0.02844303 0.07890001
v 0.04033588 -0.01707211 0.07890001
v 0.04131016 -0.01455714 0.07900000
v 0.03920815 -0.01952334 0.07900000
v 0.03644253 -0.02414770 0.07890001
v 0.03793219 -0.02189952 0.07890001
v 0.03913379 -0.01948631 0.07890001
v 0.04328173 -0.00671801 0.07890001
v 0.04361316 -0.00404135 0.07900000
v 0.04278596 -0.00937027 0.07900000
v 0.04123181 -0.01452953 0.07890001
v 0.04212812 -0.01198590 0.07890001
v 0.04270481 -0.00935250 0.07890001
v 0.04361310 0.00404191 0.07890001
v 0.04328165 0.00671855 0.07900000
v 0.04377923 0.00134882 0.07900000
v 0.04353044 -0.00403369 0.07890001
v 0.04377924 -0.00134827 0.07890001
v 0.04369619 0.00134626 0.07890001
v 0.04130998 0.01455766 0.07890001
v 0.04033566 0.01707262 0.07900000
v 0.04212796 0.01198644 0.07900000
v 0.04319956 0.00670581 0.07890001
v 0.04278584 0.00937081 0.07890001
v 0.04204806 0.01196370 0.07890001
v 0.03651148 0.02419405 0.07890001
v 0.03495315 0.02639540 0.07900000
v 0.03793191 0.02190000 0.07900000
v 0.04025916 0.01704024 0.07890001
v 0.03920790 0.01952384 0.07890001
v 0.03785997 0.02185846 0.07890001
v 0.02950746 0.03236896 0.07890001
v 0.02745926 0.03412373 0.07900000
v 0.03144454 0.03049067 0.07900000
v 0.03488686 0.02634533 0.07890001
v 0.03326157 0.02849750 0.07890001
v 0.03138491 0.03043284 0.07890001
v 0.02072101 0.03858860 0.07890001
v 0.01830666 0.03979078 0.07900000
v 0.02305773 0.03723951 0.07900000
v 0.02740718 0.03405900 0.07890001
v 0.02530604 0.03574974 0.07890001
v 0.02301400 0.03716888 0.07890001
v 0.01068288 0.04247724 0.07890001
v 0.00804823 0.04305422 0.07900000
v 0.01327809 0.04173886 0.07900000
v 0.01827194 0.03971531 0.07890001
v 0.01582187 0.04084248 0.07890001
v 0.01325290 0.04165969 0.07890001
v -0.00000056 0.04380000 0.07890001
v -0.00269637 0.04371693 0.07900000
v 0.00269637 0.04371693 0.07900000
v 0.00803297 0.04297256 0.07890001
v 0.00538196 0.04346809 0.07890001
v 0.00269126 0.04363401 0.07890001
v -0.01068396 0.04247697 0.07890001
v -0.01327809 0.04173886 0.07900000
v -0.00804823 0.04305422 0.07900000
v -0.00269125 0.04363401 0.07890001
v -0.00538306 0.04346795 0.07890001
v -0.00803296 0.04297256 0.07890001
v -0.02072199 0.03858807 0.07890001
v -0.02305773 0.03723951 0.07900000
v -0.01830666 0.03979078 0.07900000
v -0.01325290 0.04165969 0.07890001
v -0.01582290 0.04084208 0.07890001
v -0.01827194 0.03971531 0.07890001
v -0.02950828 0.03236822 0.07890001
v -0.03144454 0.03049067 0.07900000
v -0.02745926 0.03412373 0.07900000
v -0.02301399 0.03716888 0.07890001
v -0.02530695 0.03574910 0.07890001
v -0.02740718 0.03405900 0.07890001
v -0.03651209 0.02419312 0.07890001
v -0.03793191 0.02190000 0.07900000
v -0.03495315 0.02639540 0.07900000
v -0.03138490 0.03043284 0.07890001
v -0.03326230 0.02849666 0.07890001
v -0.03488686 0.02634534 0.07890001
v -0.04131035 0.01455662 0.07890001
v -0.04212796 0.01198644 0.07900000
v -0.04033566 0.01707262 0.07900000
v -0.03785997 0.02185846 0.07890001
v -0.03920840 0.01952284 0.07890001
v -0.04025915 0.01704024 0.07890001
v -0.04373773 0.00134691 0.07890001
v -0.04377923 0.00134882 0.07900000
v -0.04361320 0.00404080 0.07890001
v -0.04328165 0.00671855 0.07900000
v -0.04204806 0.01196370 0.07890001
v -0.04278607 0.00936973 0.07890001
v -0.04319956 0.00670581 0.07890001
v -0.04328156 -0.00671910 0.07890001
v -0.04278596 -0.00937027 0.07900000
v -0.04361316 -0.00404135 0.07900000
v -0.04380000 0.00000000 0.07890001
v -0.04377921 -0.00134938 0.07890001
v -0.04353044 -0.00403369 0.07890001
v -0.04033544 -0.01707313 0.07890001
v -0.03920815 -0.01952334 0.07900000
v -0.04131016 -0.01455714 0.07900000
v -0.04270481 -0.00935250 0.07890001
v -0.04212781 -0.01198697 0.07890001
v -0.04123181 -0.01452953 0.07890001
v -0.03144416 -0.03049107 0.07890001
v -0.02950787 -0.03236859 0.07900000
v -0.03326194 -0.02849708 0.07900000
v -0.03913379 -0.01948631 0.07890001
v -0.03793164 -0.02190048 0.07890001
v -0.03651179 -0.02419359 0.07900000
v -0.03644253 -0.02414770 0.07890001
v -0.03581715 -0.02521055 0.07900000
v -0.03495282 -0.02639584 0.07890001
v -0.03319885 -0.02844303 0.07890001
v -0.01830616 -0.03979101 0.07890001
v -0.01582238 -0.04084228 0.07900000
v -0.02072150 -0.03858833 0.07900000
v -0.02945190 -0.03230720 0.07890001
v -0.02745883 -0.03412408 0.07890001
v -0.02530649 -0.03574942 0.07900000
v -0.02525850 -0.03568162 0.07890001
v -0.02521055 -0.03581715 0.07900000
v -0.02305726 -0.03723980 0.07890001
v -0.02068220 -0.03851514 0.07890001
v -0.00804768 -0.04305432 0.07890001
v -0.00538251 -0.04346802 0.07900000
v -0.01068342 -0.04247710 0.07900000
v -0.01579238 -0.04076482 0.07890001
v -0.01327756 -0.04173903 0.07890001
v -0.01066316 -0.04239654 0.07890001
v -0.00537230 -0.04338557 0.07890001
v -0.00269581 -0.04371696 0.07890001
v -0.00000000 -0.04371693 0.07890001
v -0.03428554 -0.02254757 0.08000000
v -0.03415967 -0.02267345 0.07997995
v -0.03089140 -0.02594172 0.08406361
v -0.03050114 -0.02633198 0.08870351
v -0.03721817 -0.01961496 0.09136731
v -0.03089137 -0.02594175 0.08793660
v -0.03725539 -0.01957773 0.09090001
v -0.03725539 -0.01957773 0.08210000
v -0.03720479 -0.01962832 0.08155648
v -0.02875060 -0.02808252 0.08202806
v -0.03371986 -0.02311326 0.07900000
v -0.02808249 -0.02875063 0.08202806
v -0.02311326 -0.03371986 0.07900000
v -0.02743302 -0.02940010 0.08224966
v -0.02683843 -0.02999469 0.08268053
v -0.02940006 -0.02743306 0.08224969
v -0.02999465 -0.02683847 0.08268058
v -0.03371986 -0.02311326 0.07920000
v -0.03050118 -0.02633194 0.08329667
v -0.03373404 -0.02309908 0.07937803
v -0.03377588 -0.02305724 0.07954712
v -0.03577047 -0.02106265 0.09300000
v -0.02999460 -0.02683852 0.08931959
v -0.02279302 -0.03404010 0.07992078
v -0.02267345 -0.03415967 0.07997995
v -0.02594165 -0.03089146 0.08406353
v -0.02254757 -0.03428554 0.08000000
v -0.02743296 -0.02940015 0.08975043
v -0.02683838 -0.02999474 0.08931955
v -0.02106265 -0.03577047 0.09300000
v -0.02633184 -0.03050128 0.08870344
v -0.02073222 -0.03610090 0.09294735
v -0.02594162 -0.03089150 0.08793651
v -0.02041837 -0.03641475 0.09279204
v -0.02013681 -0.03669630 0.09254185
v -0.03610090 -0.02073222 0.09294735
v -0.03641475 -0.02041837 0.09279204
v -0.03669630 -0.02013681 0.09254185
v -0.03693143 -0.01990169 0.09220935
v -0.03710834 -0.01972478 0.09181116
v -0.02940000 -0.02743312 0.08975045
v -0.02875053 -0.02808259 0.08997207
v -0.02808243 -0.02875069 0.08997207
v -0.01961496 -0.03721817 0.09136731
v -0.01972478 -0.03710834 0.09181116
v -0.01990169 -0.03693143 0.09220935
v -0.02633189 -0.03050123 0.08329661
v -0.02311326 -0.03371986 0.07920000
v -0.02309908 -0.03373404 0.07937803
v -0.03705645 -0.01977667 0.08105001
v -0.03682047 -0.02001265 0.08061509
v -0.03651293 -0.02032019 0.08028135
v -0.03615480 -0.02067832 0.08007157
v -0.03577047 -0.02106265 0.08000000
v -0.01972478 -0.03710834 0.08118885
v -0.01961496 -0.03721817 0.08163272
v -0.01957773 -0.03725539 0.08210000
v -0.01957773 -0.03725539 0.09090001
v -0.02305724 -0.03377588 0.07954712
v -0.02298984 -0.03384328 0.07969880
v -0.02290027 -0.03393284 0.07982547
v -0.03404010 -0.02279302 0.07992078
v -0.03393284 -0.02290027 0.07982547
v -0.03384328 -0.02298984 0.07969880
v -0.02106265 -0.03577047 0.08000000
v -0.02073222 -0.03610090 0.08005265
v -0.02041837 -0.03641475 0.08020797
v -0.02013681 -0.03669630 0.08045816
v -0.01990169 -0.03693143 0.08079068
v 0.00000000 0.01656739 0.09700000
v 0.00225593 0.01641308 0.09700000
v 0.00000000 0.00000000 0.09700000
v -0.00660046 0.01519579 0.09700000
v -0.00446983 0.01595302 0.09700000
v -0.00225593 0.01641308 0.09700000
v -0.01210804 0.01130812 0.09700000
v -0.01045548 0.01285151 0.09700000
v -0.00860815 0.01415549 0.09700000
v -0.01561080 0.00554808 0.09700000
v -0.01470993 0.00762207 0.09700000
v -0.01353505 0.00955409 0.09700000
v -0.01652876 -0.00113060 0.09700000
v -0.01652876 0.00113060 0.09700000
v -0.01622086 0.00337073 0.09700000
v -0.01470993 -0.00762207 0.09700000
v -0.01561080 -0.00554808 0.09700000
v -0.01622086 -0.00337073 0.09700000
v -0.01045548 -0.01285151 0.09700000
v -0.01210804 -0.01130812 0.09700000
v -0.01353505 -0.00955409 0.09700000
v -0.00446983 -0.01595302 0.09700000
v -0.00660046 -0.01519579 0.09700000
v -0.00860815 -0.01415549 0.09700000
v 0.00225593 -0.01641308 0.09700000
v 0.00000000 -0.01656739 0.09700000
v -0.00225593 -0.01641308 0.09700000
v 0.00860815 -0.01415549 0.09700000
v 0.00660046 -0.01519579 0.09700000
v 0.00446983 -0.01595302 0.09700000
v 0.01353505 -0.00955409 0.09700000
v 0.01210804 -0.01130812 0.09700000
v 0.01045548 -0.01285151 0.09700000
v 0.01622086 -0.00337073 0.09700000
v 0.01561080 -0.00554808 0.09700000
v 0.01470993 -0.00762207 0.09700000
v 0.01622086 0.00337073 0.09700000
v 0.01652876 0.00113060 0.09700000
v 0.01652876 -0.00113060 0.09700000
v 0.01353505 0.00955409 0.09700000
v 0.01470993 0.00762207 0.09700000
v 0.01561080 0.00554808 0.09700000
v 0.00860815 0.01415549 0.09700000
v 0.01045548 0.01285151 0.09700000
v 0.01210804 0.01130812 0.09700000
v 0.00446983 0.01595302 0.09700000
v 0.00660046 0.01519579 0.09700000
v 0.00230600 0.01677742 0.09696590
v 0.00456905 0.01630715 0.09696590
v 0.00674698 0.01553311 0.09696590
v 0.00879924 0.01446972 0.09696590
v 0.01068757 0.01313679 0.09696590
v 0.01237682 0.01155914 0.09696590
v 0.01383551 0.00976617 0.09696590
v 0.01503647 0.00779127 0.09696590
v 0.01595733 0.00567124 0.09696590
v 0.01658094 0.00344556 0.09696590
v 0.01689567 0.00115570 0.09696590
v 0.01689567 -0.00115570 0.09696590
v 0.01658094 -0.00344556 0.09696590
v 0.01595733 -0.00567124 0.09696590
v 0.01503647 -0.00779127 0.09696590
v 0.01383551 -0.00976617 0.09696590
v 0.01237682 -0.01155914 0.09696590
v 0.01068757 -0.01313679 0.09696590
v 0.00879924 -0.01446972 0.09696590
v 0.00674698 -0.01553311 0.09696590
v 0.00456905 -0.01630715 0.09696590
v 0.00230600 -0.01677742 0.09696590
v 0.00000000 -0.01693515 0.09696590
v -0.00230600 -0.01677742 0.09696590
v -0.00456905 -0.01630715 0.09696590
v -0.00674698 -0.01553311 0.09696590
v -0.00879924 -0.01446972 0.09696590
v -0.01068757 -0.01313679 0.09696590
v -0.01237682 -0.01155914 0.09696590
v -0.01383551 -0.00976617 0.09696590
v -0.01503647 -0.00779127 0.09696590
v -0.01595733 -0.00567124 0.09696590
v -0.01658094 -0.00344556 0.09696590
v -0.01689567 -0.00115570 0.09696590
v -0.01689567 0.00115570 0.09696590
v -0.01658094 0.00344556 0.09696590
v -0.01595733 0.00567124 0.09696590
v -0.01503647 0.00779127 0.09696590
v -0.01383551 0.00976617 0.09696590
v -0.01237682 0.01155914 0.09696590
v -0.01068757 0.01313679 0.09696590
v -0.00879924 0.01446972 0.09696590
v -0.00674698 0.01553311 0.09696590
v -0.00456905 0.01630715 0.09696590
v -0.00230600 0.01677742 0.09696590
v 0.00000000 0.01693515 0.09696590
v 0.00235437 0.01712934 0.09686476
v 0.00466489 0.01664921 0.09686476
v 0.00688851 0.01585893 0.09686476
v 0.00898380 0.01477324 0.09686476
v 0.01091175 0.01341234 0.09686476
v 0.01263643 0.01180160 0.09686476
v 0.01412572 0.00997102 0.09686476
v 0.01535187 0.00795470 0.09686476
v 0.01629205 0.00579020 0.09686476
v 0.01692874 0.00351783 0.09686476
v 0.01725007 0.00117994 0.09686476
v 0.01725007 -0.00117994 0.09686476
v 0.01692874 -0.00351783 0.09686476
v 0.01629205 -0.00579020 0.09686476
v 0.01535187 -0.00795470 0.09686476
v 0.01412572 -0.00997102 0.09686476
v 0.01263643 -0.01180160 0.09686476
v 0.01091175 -0.01341234 0.09686476
v 0.00898380 -0.01477324 0.09686476
v 0.00688851 -0.01585893 0.09686476
v 0.00466489 -0.01664921 0.09686476
v 0.00235437 -0.01712934 0.09686476
v 0.00000000 -0.01729038 0.09686476
v -0.00235437 -0.01712934 0.09686476
v -0.00466489 -0.01664921 0.09686476
v -0.00688851 -0.01585893 0.09686476
v -0.00898380 -0.01477324 0.09686476
v -0.01091175 -0.01341234 0.09686476
v -0.01263643 -0.01180160 0.09686476
v -0.01412572 -0.00997102 0.09686476
v -0.01535187 -0.00795470 0.09686476
v -0.01629205 -0.00579020 0.09686476
v -0.01692874 -0.00351783 0.09686476
v -0.01725007 -0.00117994 0.09686476
v -0.01725007 0.00117994 0.09686476
v -0.01692874 0.00351783 0.09686476
v -0.01629205 0.00579020 0.09686476
v -0.01535187 0.00795470 0.09686476
v -0.01412572 0.00997102 0.09686476
v -0.01263643 0.01180160 0.09686476
v -0.01091175 0.01341234 0.09686476
v -0.00898380 0.01477324 0.09686476
v -0.00688851 0.01585893 0.09686476
v -0.00466489 0.01664921 0.09686476
v -0.00235437 0.01712934 0.09686476
v 0.00000000 0.01729038 0.09686476
v 0.00239939 0.01745683 0.09670000
v 0.00475408 0.01696752 0.09670000
v 0.00702021 0.01616213 0.09670000
v 0.00915556 0.01505568 0.09670000
v 0.01112037 0.01366877 0.09670000
v 0.01287802 0.01202723 0.09670000
v 0.01439579 0.01016166 0.09670000
v 0.01564538 0.00810678 0.09670000
v 0.01660353 0.00590090 0.09670000
v 0.01725239 0.00358509 0.09670000
v 0.01757987 0.00120250 0.09670000
v 0.01757987 -0.00120250 0.09670000
v 0.01725239 -0.00358509 0.09670000
v 0.01660353 -0.00590090 0.09670000
v 0.01564538 -0.00810678 0.09670000
v 0.01439579 -0.01016166 0.09670000
v 0.01287802 -0.01202723 0.09670000
v 0.01112037 -0.01366877 0.09670000
v 0.00915556 -0.01505568 0.09670000
v 0.00702021 -0.01616213 0.09670000
v 0.00475408 -0.01696752 0.09670000
v 0.00239939 -0.01745683 0.09670000
v 0.00000000 -0.01762095 0.09670000
v -0.00239939 -0.01745683 0.09670000
v -0.00475408 -0.01696752 0.09670000
v -0.00702021 -0.01616213 0.09670000
v -0.00915556 -0.01505568 0.09670000
v -0.01112037 -0.01366877 0.09670000
v -0.01287802 -0.01202723 0.09670000
v -0.01439579 -0.01016166 0.09670000
v -0.01564538 -0.00810678 0.09670000
v -0.01660353 -0.00590090 0.09670000
v -0.01725239 -0.00358509 0.09670000
v -0.01757987 -0.00120250 0.09670000
v -0.01757987 0.00120250 0.09670000
v -0.01725239 0.00358509 0.09670000
v -0.01660353 0.00590090 0.09670000
v -0.01564538 0.00810678 0.09670000
v -0.01439579 0.01016166 0.09670000
v -0.01287802 0.01202723 0.09670000
v -0.01112037 0.01366877 0.09670000
v -0.00915556 0.01505568 0.09670000
v -0.00702021 0.01616213 0.09670000
v -0.00475408 0.01696752 0.09670000
v -0.00239939 0.01745683 0.09670000
v 0.00000000 0.01762095 0.09670000
v 0.00000000 -0.01762095 0.09670000
v 0.00239939 -0.01745683 0.09670000
v 0.00000000 0.00000000 0.09670000
v -0.00702021 -0.01616213 0.09670000
v -0.00475408 -0.01696752 0.09670000
v -0.00239939 -0.01745683 0.09670000
v -0.01287802 -0.01202723 0.09670000
v -0.01112037 -0.01366877 0.09670000
v -0.00915556 -0.01505568 0.09670000
v -0.01660353 -0.00590090 0.09670000
v -0.01564538 -0.00810678 0.09670000
v -0.01439579 -0.01016166 0.09670000
v -0.01757987 0.00120250 0.09670000
v -0.01757987 -0.00120250 0.09670000
v -0.01725239 -0.00358509 0.09670000
v -0.01564538 0.00810678 0.09670000
v -0.01660353 0.00590090 0.09670000
v -0.01725239 0.00358509 0.09670000
v -0.01112037 0.01366877 0.09670000
v -0.01287802 0.01202723 0.09670000
v -0.01439579 0.01016166 0.09670000
v -0.00475408 0.01696752 0.09670000
v -0.00702021 0.01616213 0.09670000
v -0.00915556 0.01505568 0.09670000
v 0.00239939 0.01745683 0.09670000
v 0.00000000 0.01762095 0.09670000
v -0.00239939 0.01745683 0.09670000
v 0.00915556 0.01505568 0.09670000
v 0.00702021 0.01616213 0.09670000
v 0.00475408 0.01696752 0.09670000
v 0.01439579 0.01016166 0.09670000
v 0.01287802 0.01202723 0.09670000
v 0.01112037 0.01366877 0.09670000
v 0.01725239 0.00358509 0.09670000
v 0.01660353 0.00590090 0.09670000
v 0.01564538 0.00810678 0.09670000
v 0.01725239 -0.00358509 0.09670000
v 0.01757987 -0.00120250 0.09670000
v 0.01757987 0.00120250 0.09670000
v 0.01439579 -0.01016166 0.09670000
v 0.01564538 -0.00810678 0.09670000
v 0.01660353 -0.00590090 0.09670000
v 0.00915556 -0.01505568 0.09670000
v 0.01112037 -0.01366877 0.09670000
v 0.01287802 -0.01202723 0.09670000
v 0.00475408 -0.01696752 0.09670000
v 0.00702021 -0.01616213 0.09670000
f 1 2 3
f 2 4 3
f 3 4 5
f 1 6 2
f 6 7 2
f 2 7 8
f 7 9 8
f 10 11 12
f 11 13 12
f 12 13 14
f 15 16 9
f 16 17 9
f 9 17 8
f 10 18 19
f 20 21 4
f 21 22 4
f 4 22 5
f 14 13 23
f 13 24 23
f 23 24 25
f 24 26 25
f 25 26 9
f 26 27 9
f 9 27 15
f 28 29 30
f 29 31 30
f 30 31 10
f 31 32 10
f 32 33 10
f 10 33 34
f 4 35 20
f 35 36 20
f 20 36 37
f 36 38 37
f 37 38 39
f 19 40 10
f 40 41 10
f 10 41 11
f 34 42 10
f 42 43 10
f 10 43 18
f 44 45 46
f 47 46 48
f 48 49 47
f 49 50 47
f 47 50 51
f 52 53 54
f 53 55 54
f 54 55 56
f 55 57 56
f 56 57 58
f 57 59 58
f 58 59 60
f 59 61 60
f 60 61 62
f 61 63 62
f 62 63 64
f 63 65 64
f 64 65 30
f 65 66 30
f 30 66 28
f 39 67 37
f 67 68 37
f 37 68 69
f 68 70 69
f 69 70 46
f 70 71 46
f 46 71 44
f 45 72 46
f 72 73 46
f 46 73 48
f 51 74 47
f 74 75 47
f 47 75 54
f 75 76 54
f 54 76 52
f 77 78 79
f 78 80 79
f 80 81 79
f 79 81 82
f 81 83 82
f 82 83 84
f 85 86 87
f 88 89 90
f 82 91 92
f 91 93 92
f 92 93 94
f 93 95 94
f 94 95 96
f 95 97 96
f 84 98 82
f 98 99 82
f 82 99 91
f 100 101 102
f 87 103 85
f 103 104 85
f 85 104 105
f 86 106 107
f 106 86 108
f 86 109 108
f 108 109 110
f 109 111 110
f 111 112 110
f 110 112 113
f 112 90 113
f 113 90 114
f 90 89 114
f 107 115 86
f 115 116 86
f 86 116 87
f 97 117 118
f 117 119 118
f 118 119 120
f 95 121 97
f 121 122 97
f 97 122 123
f 105 124 85
f 124 125 85
f 85 125 126
f 125 127 126
f 126 127 128
f 129 130 90
f 130 131 90
f 90 131 88
f 123 132 97
f 132 133 97
f 97 133 117
f 102 134 100
f 134 135 100
f 100 135 79
f 135 136 79
f 79 136 77
f 101 100 137
f 100 138 137
f 137 138 139
f 138 140 139
f 139 140 141
f 128 142 126
f 142 143 126
f 126 143 144
f 143 145 144
f 144 145 146
f 145 147 146
f 146 147 148
f 147 141 148
f 148 141 149
f 141 140 149
f 90 150 129
f 150 151 129
f 129 151 152
f 152 153 129
f 153 154 129
f 129 154 119
f 154 155 119
f 119 155 120
f 156 157 158
f 157 159 158
f 160 161 162
f 161 163 162
f 162 163 164
f 163 165 164
f 164 165 166
f 165 167 166
f 166 167 168
f 167 169 168
f 168 169 170
f 169 171 170
f 170 171 172
f 171 173 172
f 174 175 176
f 175 177 176
f 175 174 178
f 174 179 178
f 178 179 180
f 179 181 180
f 180 181 182
f 181 183 182
f 182 183 184
f 183 185 184
f 184 185 186
f 185 187 186
f 186 187 188
f 187 189 188
f 188 189 190
f 189 191 190
f 190 191 192
f 191 193 192
f 192 193 194
f 193 195 194
f 194 195 196
f 195 197 196
f 196 197 198
f 197 199 198
f 198 199 200
f 199 201 200
f 202 203 201
f 203 200 201
f 203 202 204
f 203 204 205
f 204 206 205
f 205 206 207
f 206 208 207
f 207 208 209
f 208 210 209
f 209 210 211
f 210 212 211
f 211 212 213
f 212 214 213
f 213 214 215
f 216 217 214
f 217 215 214
f 217 216 218
f 217 218 219
f 218 220 219
f 219 220 221
f 220 222 221
f 221 222 223
f 222 224 223
f 223 224 225
f 224 226 225
f 225 226 227
f 226 228 227
f 227 228 229
f 228 230 229
f 229 230 231
f 232 233 230
f 233 231 230
f 232 234 233
f 234 235 233
f 234 236 235
f 236 237 235
f 235 237 238
f 237 239 238
f 239 240 238
f 238 240 241
f 240 242 241
f 242 243 241
f 241 243 244
f 243 245 244
f 245 246 244
f 244 246 247
f 248 249 250
f 249 247 250
f 250 247 251
f 247 246 251
f 252 253 248
f 253 249 248
f 253 252 254
f 253 254 255
f 254 256 255
f 255 256 257
f 256 258 257
f 258 259 257
f 257 259 260
f 259 261 260
f 261 262 260
f 260 262 263
f 262 264 263
f 264 265 263
f 263 265 266
f 265 267 266
f 267 268 266
f 266 268 269
f 268 270 269
f 270 271 269
f 269 271 272
f 273 274 271
f 274 272 271
f 274 273 275
f 273 276 275
f 275 276 277
f 276 278 277
f 277 278 279
f 278 280 279
f 279 280 281
f 280 282 281
f 281 282 283
f 282 284 283
f 283 284 285
f 284 286 285
f 285 286 159
f 286 158 159
f 287 288 289
f 288 290 289
f 289 290 291
f 290 292 291
f 291 292 293
f 292 294 293
f 295 296 297
f 296 298 297
f 297 298 299
f 298 300 299
f 299 300 301
f 300 302 301
f 301 302 303
f 302 304 303
f 303 304 305
f 304 306 305
f 305 306 307
f 306 308 307
f 307 308 287
f 308 288 287
f 309 310 311
f 310 312 311
f 311 312 313
f 312 314 313
f 313 314 295
f 314 296 295
f 315 316 309
f 316 310 309
f 317 318 319
f 318 320 319
f 319 320 321
f 320 322 321
f 321 322 315
f 322 316 315
f 323 324 325
f 324 326 325
f 325 326 327
f 326 328 327
f 327 328 329
f 328 330 329
f 329 330 331
f 330 332 331
f 331 332 333
f 332 334 333
f 333 334 335
f 334 336 335
f 335 336 317
f 336 318 317
f 337 338 339
f 338 340 339
f 339 340 341
f 340 342 341
f 341 342 323
f 342 324 323
f 293 294 337
f 294 338 337
f 343 344 345
f 344 346 345
f 345 346 347
f 346 348 347
f 347 348 349
f 348 350 349
f 349 350 351
f 350 352 351
f 351 352 353
f 352 354 353
f 353 354 355
f 354 356 355
f 355 356 357
f 356 358 357
f 357 358 359
f 358 360 359
f 359 360 361
f 360 362 361
f 361 362 363
f 362 364 363
f 365 366 367
f 366 368 367
f 367 368 369
f 368 370 369
f 369 370 343
f 370 344 343
f 371 372 364
f 372 363 364
f 373 374 365
f 374 366 365
f 372 371 375
f 371 376 375
f 375 376 377
f 376 378 377
f 377 378 379
f 378 380 379
f 381 382 383
f 382 384 383
f 383 384 385
f 384 386 385
f 385 386 373
f 386 374 373
f 379 380 387
f 380 388 387
f 387 388 389
f 388 390 389
f 389 390 391
f 390 392 391
f 391 392 393
f 392 394 393
f 393 394 395
f 394 396 395
f 395 396 397
f 396 398 397
f 397 398 381
f 398 382 381
f 399 400 401
f 400 402 401
f 401 402 403
f 402 404 403
f 403 404 405
f 404 406 405
f 405 406 407
f 406 408 407
f 407 408 409
f 408 410 409
f 409 410 411
f 410 412 411
f 411 412 413
f 412 414 413
f 415 416 417
f 416 418 417
f 417 418 419
f 418 420 419
f 419 420 399
f 420 400 399
f 413 414 421
f 414 422 421
f 421 422 423
f 422 424 423
f 423 424 425
f 424 426 425
f 427 428 415
f 428 416 415
f 429 430 426
f 430 425 426
f 431 432 433
f 432 434 433
f 433 434 435
f 434 436 435
f 435 436 427
f 436 428 427
f 430 429 437
f 429 438 437
f 437 438 439
f 438 440 439
f 439 440 441
f 440 442 441
f 441 442 443
f 442 444 443
f 443 444 445
f 444 446 445
f 445 446 447
f 446 448 447
f 447 448 449
f 448 450 449
f 449 450 451
f 450 452 451
f 451 452 453
f 452 454 453
f 453 454 431
f 454 432 431
f 455 456 457
f 456 458 457
f 459 460 461
f 459 461 462
f 461 463 462
f 462 463 464
f 463 465 464
f 465 466 464
f 464 466 467
f 466 468 467
f 467 468 469
f 468 470 469
f 470 471 469
f 469 471 472
f 471 473 472
f 473 474 472
f 474 475 472
f 472 475 476
f 475 477 476
f 477 456 476
f 476 456 455
f 457 458 478
f 457 478 479
f 478 480 479
f 479 480 481
f 480 482 481
f 481 482 483
f 482 484 483
f 483 484 485
f 484 486 485
f 485 486 487
f 486 488 487
f 487 488 489
f 488 490 489
f 489 490 491
f 492 493 459
f 493 460 459
f 494 495 490
f 495 491 490
f 496 497 498
f 496 498 499
f 498 500 499
f 499 500 501
f 500 502 501
f 502 503 501
f 501 503 504
f 503 505 504
f 505 506 504
f 506 507 504
f 504 507 508
f 507 509 508
f 509 510 508
f 508 510 511
f 493 492 512
f 492 511 512
f 512 511 513
f 511 510 513
f 495 494 514
f 495 514 515
f 514 516 515
f 515 516 517
f 516 518 517
f 517 518 519
f 518 520 519
f 519 520 521
f 520 522 521
f 521 522 523
f 522 524 523
f 523 524 525
f 526 527 496
f 527 497 496
f 528 529 524
f 529 525 524
f 530 531 532
f 527 526 533
f 526 534 533
f 533 534 535
f 534 536 535
f 535 536 537
f 536 538 537
f 537 538 539
f 538 540 539
f 539 540 541
f 540 542 541
f 541 542 532
f 542 543 532
f 532 543 530
f 543 544 530
f 531 530 545
f 546 547 548
f 548 549 550
f 551 529 528
f 528 552 551
f 552 553 551
f 551 553 554
f 553 555 554
f 555 556 554
f 554 556 557
f 556 558 557
f 558 559 557
f 557 559 560
f 559 561 560
f 561 562 560
f 560 562 563
f 546 548 564
f 548 550 564
f 564 550 565
f 550 563 565
f 565 563 566
f 563 562 566
f 567 568 569
f 570 571 572
f 567 569 573
f 574 570 575
f 570 572 575
f 575 572 576
f 572 577 576
f 576 577 578
f 577 579 578
f 578 579 580
f 579 581 580
f 580 581 569
f 581 582 569
f 569 582 573
f 583 584 585
f 584 586 585
f 584 583 587
f 584 587 588
f 587 589 588
f 588 589 590
f 589 591 590
f 590 591 592
f 591 593 592
f 592 593 594
f 593 595 594
f 594 595 596
f 595 597 596
f 596 597 598
f 599 600 601
f 599 601 602
f 601 603 602
f 602 603 604
f 603 605 604
f 604 605 606
f 605 607 606
f 606 607 608
f 607 609 608
f 608 609 610
f 609 611 610
f 610 611 612
f 611 585 612
f 612 585 586
f 613 614 597
f 614 598 597
f 615 600 616
f 600 599 616
f 614 613 617
f 614 617 618
f 617 619 618
f 618 619 620
f 619 621 620
f 620 621 622
f 621 623 622
f 622 623 624
f 623 625 624
f 624 625 626
f 625 627 626
f 626 627 628
f 627 629 628
f 628 629 630
f 631 632 633
f 631 633 634
f 633 635 634
f 634 635 636
f 635 637 636
f 636 637 638
f 637 639 638
f 638 639 640
f 639 641 640
f 640 641 642
f 641 615 642
f 642 615 616
f 643 644 629
f 644 630 629
f 645 646 631
f 646 632 631
f 647 648 649
f 649 650 651
f 647 649 652
f 649 651 652
f 652 651 653
f 651 654 653
f 653 654 655
f 654 656 655
f 655 656 657
f 656 658 657
f 657 658 659
f 658 660 659
f 659 660 661
f 660 662 661
f 661 662 643
f 662 644 643
f 663 664 665
f 666 667 663
f 663 665 666
f 665 668 666
f 666 668 669
f 668 670 669
f 670 671 669
f 669 671 672
f 671 673 672
f 672 673 674
f 673 675 674
f 675 676 674
f 676 677 674
f 674 677 678
f 646 645 679
f 645 680 679
f 679 680 681
f 680 678 681
f 681 678 682
f 678 677 682
f 664 663 683
f 684 685 686
f 687 688 689
f 690 691 684
f 684 686 690
f 686 692 690
f 690 692 693
f 692 694 693
f 693 694 695
f 694 696 695
f 695 696 697
f 696 698 697
f 697 698 689
f 698 699 689
f 689 699 687
f 700 701 702
f 703 704 705
f 703 705 702
f 705 706 702
f 702 706 700
f 707 708 709
f 708 710 709
f 709 711 712
f 711 713 712
f 714 715 711
f 715 716 711
f 711 716 713
f 710 717 709
f 717 718 709
f 709 718 711
f 718 719 711
f 711 719 714
f 720 721 722
f 721 723 722
f 722 723 724
f 723 725 724
f 724 725 709
f 725 726 709
f 709 726 707
f 722 727 720
f 727 728 720
f 720 728 729
f 730 731 732
f 731 733 732
f 729 734 720
f 734 733 720
f 720 733 735
f 733 731 735
f 736 737 738
f 737 739 738
f 736 740 737
f 740 741 737
f 737 741 742
f 741 743 742
f 742 743 744
f 743 745 744
f 744 745 746
f 745 747 746
f 746 747 748
f 747 749 748
f 748 749 750
f 750 749 751
f 749 752 751
f 751 752 753
f 752 754 753
f 753 754 755
f 754 756 755
f 755 756 757
f 756 758 757
f 757 758 759
f 758 760 759
f 759 760 761
f 760 762 761
f 761 762 763
f 762 764 763
f 763 764 765
f 764 766 765
f 765 766 767
f 766 768 767
f 767 768 769
f 768 770 769
f 769 770 771
f 770 772 771
f 771 772 773
f 772 774 773
f 773 774 775
f 774 776 775
f 775 776 777
f 776 778 777
f 777 778 779
f 778 780 779
f 779 780 781
f 780 782 781
f 781 782 783
f 782 784 783
f 783 784 785
f 784 786 785
f 785 786 787
f 786 788 787
f 787 788 789
f 788 739 789
f 789 739 790
f 739 737 790
f 790 737 791
f 737 792 791
f 791 792 793
f 792 794 793
f 793 794 795
f 794 796 795
f 795 796 797
f 796 798 797
f 797 798 799
f 798 800 799
f 799 800 801
f 800 802 801
f 801 802 803
f 802 804 803
f 804 805 803
f 803 805 806
f 805 807 806
f 806 807 808
f 807 809 808
f 808 809 810
f 809 811 810
f 812 813 814
f 813 815 814
f 814 815 816
f 815 811 816
f 816 811 817
f 811 809 817
f 818 819 820
f 818 820 821
f 820 822 821
f 821 822 823
f 822 824 823
f 823 824 825
f 824 826 825
f 825 826 827
f 826 828 827
f 827 828 829
f 828 830 829
f 829 830 831
f 830 832 831
f 831 832 833
f 834 835 836
f 834 836 837
f 836 838 837
f 837 838 839
f 838 840 839
f 839 840 841
f 840 842 841
f 841 842 843
f 842 844 843
f 843 844 845
f 844 846 845
f 845 846 847
f 846 848 847
f 847 848 849
f 850 851 852
f 850 852 853
f 852 854 853
f 853 854 855
f 854 856 855
f 855 856 857
f 856 858 857
f 857 858 859
f 858 860 859
f 859 860 861
f 860 862 861
f 861 862 863
f 862 864 863
f 863 864 865
f 866 867 868
f 866 868 869
f 868 870 869
f 869 870 871
f 870 872 871
f 871 872 873
f 872 874 873
f 873 874 875
f 874 876 875
f 875 876 877
f 876 878 877
f 877 878 879
f 878 880 879
f 879 880 881
f 882 883 884
f 882 884 885
f 884 886 885
f 885 886 887
f 886 888 887
f 887 888 889
f 888 890 889
f 889 890 891
f 890 892 891
f 891 892 893
f 892 894 893
f 893 894 895
f 896 897 898
f 896 898 899
f 898 900 899
f 899 900 901
f 900 902 901
f 901 902 903
f 902 904 903
f 903 904 905
f 904 906 905
f 905 906 907
f 906 908 907
f 907 908 909
f 908 910 909
f 909 910 911
f 912 913 914
f 912 914 915
f 914 916 915
f 915 916 917
f 916 918 917
f 917 918 919
f 918 920 919
f 919 920 921
f 920 922 921
f 921 922 923
f 922 924 923
f 923 924 925
f 924 926 925
f 925 926 927
f 926 928 927
f 927 928 929
f 930 931 932
f 930 932 933
f 932 934 933
f 933 934 935
f 934 936 935
f 935 936 937
f 936 938 937
f 937 938 939
f 938 940 939
f 939 940 941
f 940 942 941
f 941 942 943
f 942 944 943
f 943 944 945
f 946 947 948
f 946 948 949
f 948 950 949
f 949 950 951
f 950 952 951
f 951 952 953
f 952 954 953
f 953 954 955
f 954 956 955
f 955 956 957
f 956 958 957
f 957 958 959
f 958 960 959
f 959 960 961
f 962 963 964
f 962 964 965
f 964 966 965
f 965 966 967
f 966 968 967
f 967 968 969
f 968 970 969
f 969 970 971
f 972 973 974
f 972 974 975
f 974 976 975
f 975 976 977
f 976 978 977
f 977 978 979
f 978 980 979
f 979 980 981
f 980 982 981
f 981 982 983
f 982 984 983
f 983 984 985
f 984 986 985
f 985 986 987
f 988 989 990
f 988 990 991
f 990 992 991
f 991 992 993
f 992 994 993
f 993 994 995
f 994 996 995
f 995 996 997
f 996 998 997
f 997 998 999
f 998 1000 999
f 999 1000 1001
f 1000 1002 1001
f 1001 1002 1003
f 1004 1005 1006
f 1005 1007 1006
f 1008 1009 1010
f 1009 1011 1010
f 1012 1013 1014
f 1013 1015 1014
f 1016 1017 1018
f 1017 1019 1018
f 1020 1021 1022
f 1021 1023 1022
f 1022 1023 1024
f 1025 1026 1027
f 1026 1028 1027
f 1027 1028 1029
f 1030 1031 1032
f 1031 1033 1032
f 1032 1033 1034
f 1035 1036 1037
f 1036 1038 1037
f 1037 1038 1039
f 1040 1041 1042
f 1041 1043 1042
f 1044 1045 1046
f 1045 1047 1046
f 1048 1049 1050
f 1049 1051 1050
f 1052 1053 1054
f 1053 1055 1054
f 1056 1057 1058
f 1057 1059 1058
f 1060 1061 1062
f 1061 1063 1062
f 1064 1065 1066
f 1065 1067 1066
f 1068 1069 1067
f 1069 1062 1067
f 1067 1062 1066
f 1062 1063 1066
f 1066 1063 1070
f 1063 1071 1070
f 1072 1073 1074
f 1073 1075 1074
f 1072 1074 1076
f 1072 1076 1077
f 1076 1078 1077
f 1077 1078 1079
f 1078 1080 1079
f 1079 1080 1081
f 1080 1082 1081
f 1081 1082 1083
f 1082 1084 1083
f 1083 1084 1085
f 1084 1086 1085
f 1085 1086 1087
f 1086 1088 1087
f 1087 1088 1089
f 1090 1091 1092
f 1090 1092 1093
f 1092 1089 1093
f 1093 1089 1088
f 1091 1090 1094
f 1091 1094 1095
f 1094 1096 1095
f 1095 1096 1097
f 1096 1098 1097
f 1097 1098 1099
f 1098 1100 1099
f 1099 1100 1101
f 1100 1102 1101
f 1101 1102 1103
f 1102 1104 1103
f 1103 1104 1105
f 1104 1106 1105
f 1105 1106 1107
f 1107 1106 1108
f 1106 1109 1108
f 1108 1109 1110
f 1108 1110 1111
f 1110 1112 1111
f 1111 1112 1113
f 1112 1114 1113
f 1113 1114 1115
f 1114 1116 1115
f 1115 1116 1117
f 1116 1118 1117
f 1117 1118 1119
f 1118 1120 1119
f 1119 1120 1121
f 1120 1122 1121
f 1121 1122 1123
f 1123 1122 1124
f 1122 1125 1124
f 1124 1125 1126
f 1125 1127 1126
f 1126 1127 1128
f 1126 1128 1129
f 1128 1130 1129
f 1129 1130 1131
f 1130 1132 1131
f 1131 1132 1133
f 1132 1134 1133
f 1133 1134 1135
f 1134 1136 1135
f 1135 1136 1137
f 1136 1138 1137
f 1137 1138 1139
f 1138 1075 1139
f 1139 1075 1073
f 1140 1141 1142
f 1141 1143 1142
f 1144 1145 1146
f 1144 1146 1147
f 1146 1148 1147
f 1147 1148 1149
f 1148 1150 1149
f 1149 1150 1151
f 1150 1152 1151
f 1151 1152 1153
f 1152 1154 1153
f 1153 1154 1155
f 1154 1156 1155
f 1155 1156 1157
f 1156 1158 1157
f 1157 1158 1159
f 1158 1140 1159
f 1159 1140 1142
f 1160 1145 1161
f 1145 1144 1161
f 1162 1163 1164
f 1162 1164 1165
f 1164 1166 1165
f 1165 1166 1167
f 1166 1168 1167
f 1167 1168 1169
f 1168 1170 1169
f 1169 1170 1171
f 1170 1172 1171
f 1171 1172 1173
f 1172 1174 1173
f 1173 1174 1175
f 1174 1176 1175
f 1175 1176 1177
f 1176 1160 1177
f 1177 1160 1161
f 1178 1163 1179
f 1163 1162 1179
f 1143 1141 1180
f 1143 1180 1181
f 1180 1182 1181
f 1181 1182 1183
f 1182 1184 1183
f 1183 1184 1185
f 1184 1186 1185
f 1185 1186 1187
f 1186 1188 1187
f 1187 1188 1189
f 1188 1190 1189
f 1189 1190 1191
f 1190 1192 1191
f 1191 1192 1193
f 1192 1194 1193
f 1193 1194 1195
f 1194 1196 1195
f 1195 1196 1197
f 1196 1178 1197
f 1197 1178 1179
f 1198 1199 1200
f 1198 1200 1201
f 1200 1202 1201
f 1201 1202 1203
f 1202 1204 1203
f 1203 1204 1205
f 1204 1206 1205
f 1205 1206 1207
f 1206 1208 1207
f 1207 1208 1209
f 1208 1210 1209
f 1209 1210 1211
f 1210 1212 1211
f 1211 1212 1213
f 1214 1215 1216
f 1215 1199 1216
f 1216 1199 1198
f 1217 1218 1219
f 1217 1219 1220
f 1219 1221 1220
f 1220 1221 1222
f 1221 1223 1222
f 1222 1223 1224
f 1223 1225 1224
f 1224 1225 1226
f 1225 1227 1226
f 1226 1227 1228
f 1227 1229 1228
f 1228 1229 1230
f 1229 1215 1230
f 1230 1215 1214
f 1231 1218 1232
f 1218 1217 1232
f 1233 1234 1235
f 1234 1236 1235
f 1235 1236 1237
f 1238 1239 1240
f 1238 1240 1241
f 1240 1242 1241
f 1241 1242 1243
f 1242 1244 1243
f 1243 1244 1245
f 1244 1246 1245
f 1245 1246 1247
f 1246 1248 1247
f 1247 1248 1249
f 1248 1250 1249
f 1249 1250 1251
f 1250 1235 1251
f 1251 1235 1237
f 1212 1239 1213
f 1239 1238 1213
f 1231 1232 1252
f 1232 1253 1252
f 1252 1253 1254
f 1253 1255 1254
f 1254 1255 1256
f 1255 1257 1256
f 1256 1257 1258
f 1257 1259 1258
f 1258 1259 1260
f 1259 1261 1260
f 1260 1261 1262
f 1261 1263 1262
f 1263 1264 1262
f 1262 1264 1265
f 1264 1266 1265
f 1265 1266 1267
f 1266 1234 1267
f 1267 1234 1233
f 1268 1269 1270
f 1268 1270 1271
f 1270 1272 1271
f 1271 1272 1273
f 1272 1274 1273
f 1273 1274 1275
f 1274 1276 1275
f 1275 1276 1277
f 1276 1278 1277
f 1277 1278 1279
f 1278 1280 1279
f 1279 1280 1281
f 1280 1282 1281
f 1281 1282 1283
f 1284 1285 1286
f 1284 1286 1287
f 1286 1288 1287
f 1287 1288 1289
f 1288 1290 1289
f 1289 1290 1291
f 1290 1292 1291
f 1291 1292 1293
f 1292 1294 1293
f 1293 1294 1295
f 1294 1296 1295
f 1295 1296 1297
f 1296 1298 1297
f 1297 1298 1299
f 1300 1301 1302
f 1301 1303 1302
f 1304 1305 1306
f 1305 1307 1306
f 1306 1307 1308
f 1309 1310 1311
f 1310 1312 1311
f 1313 1314 1315
f 1314 1316 1315
f 1317 1318 1319
f 1317 1319 1320
f 1319 1321 1320
f 1320 1321 1322
f 1321 1323 1322
f 1322 1323 1324
f 1323 1325 1324
f 1324 1325 1326
f 1325 1327 1326
f 1326 1327 1328
f 1327 1329 1328
f 1328 1329 1330
f 1329 1331 1330
f 1330 1331 1332
f 1333 1332 1334
f 1332 1331 1334
f 1282 1335 1283
f 1335 1336 1283
f 1337 1269 1338
f 1269 1268 1338
f 1337 1338 1339
f 1337 1339 1340
f 1339 1341 1340
f 1340 1341 1342
f 1341 1343 1342
f 1342 1343 1344
f 1343 1345 1344
f 1344 1345 1346
f 1345 1347 1346
f 1346 1347 1348
f 1347 1349 1348
f 1348 1349 1350
f 1349 1351 1350
f 1350 1351 1352
f 1353 1352 1354
f 1352 1351 1354
f 1298 1355 1299
f 1355 1356 1299
f 1357 1285 1358
f 1285 1284 1358
f 1357 1358 1359
f 1357 1359 1360
f 1359 1361 1360
f 1360 1361 1362
f 1361 1363 1362
f 1362 1363 1364
f 1363 1365 1364
f 1364 1365 1366
f 1365 1367 1366
f 1366 1367 1368
f 1367 1369 1368
f 1368 1369 1370
f 1369 1303 1370
f 1370 1303 1301
f 1306 1308 1371
f 1306 1371 1372
f 1371 1373 1372
f 1372 1373 1374
f 1373 1375 1374
f 1374 1375 1376
f 1375 1377 1376
f 1376 1377 1378
f 1377 1379 1378
f 1378 1379 1380
f 1379 1381 1380
f 1380 1381 1382
f 1381 1312 1382
f 1382 1312 1310
f 1309 1311 1383
f 1309 1383 1384
f 1383 1385 1384
f 1384 1385 1386
f 1385 1387 1386
f 1386 1387 1388
f 1387 1389 1388
f 1388 1389 1390
f 1389 1391 1390
f 1390 1391 1392
f 1391 1393 1392
f 1392 1393 1394
f 1393 1395 1394
f 1394 1395 1396
f 1397 1398 1399
f 1398 1396 1399
f 1399 1396 1395
f 1313 1315 1400
f 1313 1400 1401
f 1400 1402 1401
f 1401 1402 1403
f 1402 1404 1403
f 1403 1404 1405
f 1404 1406 1405
f 1405 1406 1407
f 1406 1408 1407
f 1407 1408 1409
f 1408 1410 1409
f 1409 1410 1411
f 1410 1412 1411
f 1411 1412 1413
f 1317 1413 1318
f 1413 1412 1318
f 1414 1415 1416
f 1415 1417 1416
f 1418 1419 1420
f 1419 1421 1420
f 1420 1421 1422
f 1423 1424 1425
f 1424 1426 1425
f 1425 1426 1427
f 1426 1428 1427
f 1427 1428 1429
f 1428 1430 1429
f 1429 1430 1431
f 1430 1432 1431
f 1431 1432 1433
f 1432 1434 1433
f 1433 1434 1435
f 1434 1436 1435
f 1436 1437 1435
f 1435 1437 1438
f 1437 1439 1438
f 1438 1439 1440
f 1439 1419 1440
f 1440 1419 1418
f 1424 1423 1441
f 1423 1442 1441
f 1443 1444 1445
f 1444 1446 1445
f 1445 1446 1447
f 1444 1443 1448
f 1444 1448 1449
f 1448 1450 1449
f 1449 1450 1451
f 1450 1452 1451
f 1451 1452 1453
f 1452 1454 1453
f 1453 1454 1455
f 1454 1415 1455
f 1455 1415 1414
f 1416 1417 1456
f 1416 1456 1457
f 1456 1458 1457
f 1457 1458 1459
f 1459 1458 1460
f 1458 1461 1460
f 1460 1461 1462
f 1460 1462 1463
f 1462 1464 1463
f 1463 1464 1465
f 1464 1466 1465
f 1465 1466 1467
f 1466 1468 1467
f 1467 1468 1469
f 1468 1470 1469
f 1469 1470 1471
f 1470 1472 1471
f 1471 1472 1473
f 1472 1422 1473
f 1473 1422 1421
f 1441 1442 1474
f 1441 1474 1475
f 1474 1476 1475
f 1475 1476 1477
f 1476 1478 1477
f 1477 1478 1479
f 1478 1480 1479
f 1479 1480 1481
f 1480 1482 1481
f 1481 1482 1483
f 1482 1484 1483
f 1483 1484 1485
f 1484 1486 1485
f 1485 1486 1487
f 1487 1486 1488
f 1486 1489 1488
f 1488 1489 1490
f 1488 1490 1491
f 1490 1492 1491
f 1491 1492 1493
f 1492 1494 1493
f 1493 1494 1495
f 1494 1496 1495
f 1495 1496 1497
f 1496 1498 1497
f 1497 1498 1499
f 1498 1500 1499
f 1499 1500 1501
f 1500 1502 1501
f 1501 1502 1503
f 1503 1502 1504
f 1502 1505 1504
f 1506 1507 1508
f 1507 1509 1508
f 1508 1509 1510
f 1511 1512 1513
f 1512 1514 1513
f 1513 1514 1515
f 1512 1511 1516
f 1512 1516 1517
f 1516 1518 1517
f 1517 1518 1519
f 1518 1520 1519
f 1519 1520 1521
f 1520 1522 1521
f 1521 1522 1523
f 1522 1524 1523
f 1523 1524 1525
f 1524 1526 1525
f 1525 1526 1527
f 1526 1528 1527
f 1527 1528 1529
f 1528 1447 1529
f 1529 1447 1446
f 1530 1531 1532
f 1531 1533 1532
f 1532 1533 1534
f 1535 1536 1532
f 1536 1537 1532
f 1532 1537 1530
f 1538 1539 1532
f 1539 1540 1532
f 1532 1540 1535
f 1541 1542 1532
f 1542 1543 1532
f 1532 1543 1538
f 1544 1545 1532
f 1545 1546 1532
f 1532 1546 1541
f 1547 1548 1532
f 1548 1549 1532
f 1532 1549 1544
f 1550 1551 1532
f 1551 1552 1532
f 1532 1552 1547
f 1534 1553 1532
f 1553 1554 1532
f 1532 1554 1550
f 1555 1556 1557
f 1556 1558 1557
f 1557 1558 1559
f 1560 1561 1557
f 1561 1562 1557
f 1557 1562 1555
f 1563 1564 1557
f 1564 1565 1557
f 1557 1565 1560
f 1566 1567 1557
f 1567 1568 1557
f 1557 1568 1563
f 1569 1570 1557
f 1570 1571 1557
f 1557 1571 1566
f 1572 1573 1557
f 1573 1574 1557
f 1557 1574 1569
f 1575 1576 1557
f 1576 1577 1557
f 1557 1577 1572
f 1559 1578 1557
f 1578 1579 1557
f 1557 1579 1575
f 1580 1581 1582
f 1581 1583 1582
f 1582 1583 1584
f 1585 1586 1582
f 1586 1587 1582
f 1582 1587 1580
f 1588 1589 1582
f 1589 1590 1582
f 1582 1590 1585
f 1591 1592 1582
f 1592 1593 1582
f 1582 1593 1588
f 1594 1595 1582
f 1595 1596 1582
f 1582 1596 1591
f 1597 1598 1582
f 1598 1599 1582
f 1582 1599 1594
f 1600 1601 1582
f 1601 1602 1582
f 1582 1602 1597
f 1584 1603 1582
f 1603 1604 1582
f 1582 1604 1600
f 1605 1606 1607
f 1606 1608 1607
f 1607 1608 1609
f 1610 1611 1607
f 1611 1612 1607
f 1607 1612 1605
f 1613 1614 1607
f 1614 1615 1607
f 1607 1615 1610
f 1616 1617 1607
f 1617 1618 1607
f 1607 1618 1613
f 1619 1620 1607
f 1620 1621 1607
f 1607 1621 1616
f 1622 1623 1607
f 1623 1624 1607
f 1607 1624 1619
f 1625 1626 1607
f 1626 1627 1607
f 1607 1627 1622
f 1609 1628 1607
f 1628 1629 1607
f 1607 1629 1625
f 1630 1631 1632
f 1631 1633 1632
f 1632 1633 1634
f 1635 1636 1632
f 1636 1637 1632
f 1632 1637 1630
f 1638 1639 1632
f 1639 1640 1632
f 1632 1640 1635
f 1641 1642 1632
f 1642 1643 1632
f 1632 1643 1638
f 1644 1645 1632
f 1645 1646 1632
f 1632 1646 1641
f 1647 1648 1632
f 1648 1649 1632
f 1632 1649 1644
f 1650 1651 1632
f 1651 1652 1632
f 1632 1652 1647
f 1634 1653 1632
f 1653 1654 1632
f 1632 1654 1650
f 1655 1656 1657
f 1656 1658 1657
f 1657 1658 1659
f 1660 1661 1657
f 1661 1662 1657
f 1657 1662 1655
f 1663 1664 1657
f 1664 1665 1657
f 1657 1665 1660
f 1666 1667 1657
f 1667 1668 1657
f 1657 1668 1663
f 1669 1670 1657
f 1670 1671 1657
f 1657 1671 1666
f 1672 1673 1657
f 1673 1674 1657
f 1657 1674 1669
f 1675 1676 1657
f 1676 1677 1657
f 1657 1677 1672
f 1659 1678 1657
f 1678 1679 1657
f 1657 1679 1675
f 1680 1681 1682
f 1681 1683 1682
f 1682 1683 1684
f 1685 1686 1682
f 1686 1687 1682
f 1682 1687 1680
f 1688 1689 1682
f 1689 1690 1682
f 1682 1690 1685
f 1691 1692 1682
f 1692 1693 1682
f 1682 1693 1688
f 1694 1695 1682
f 1695 1696 1682
f 1682 1696 1691
f 1697 1698 1682
f 1698 1699 1682
f 1682 1699 1694
f 1700 1701 1682
f 1701 1702 1682
f 1682 1702 1697
f 1684 1703 1682
f 1703 1704 1682
f 1682 1704 1700
f 1705 1706 1707
f 1706 1708 1707
f 1707 1708 1709
f 1710 1711 1707
f 1711 1712 1707
f 1707 1712 1705
f 1713 1714 1707
f 1714 1715 1707
f 1707 1715 1710
f 1716 1717 1707
f 1717 1718 1707
f 1707 1718 1713
f 1719 1720 1707
f 1720 1721 1707
f 1707 1721 1716
f 1722 1723 1707
f 1723 1724 1707
f 1707 1724 1719
f 1725 1726 1707
f 1726 1727 1707
f 1707 1727 1722
f 1709 1728 1707
f 1728 1729 1707
f 1707 1729 1725
f 1730 1731 1732
f 1731 1733 1732
f 1732 1733 1734
f 1735 1736 1732
f 1736 1737 1732
f 1732 1737 1730
f 1738 1739 1732
f 1739 1740 1732
f 1732 1740 1735
f 1741 1742 1732
f 1742 1743 1732
f 1732 1743 1738
f 1744 1745 1732
f 1745 1746 1732
f 1732 1746 1741
f 1747 1748 1732
f 1748 1749 1732
f 1732 1749 1744
f 1750 1751 1732
f 1751 1752 1732
f 1732 1752 1747
f 1734 1753 1732
f 1753 1754 1732
f 1732 1754 1750
f 1755 1756 1757
f 1756 1758 1757
f 1757 1758 1759
f 1760 1761 1757
f 1761 1762 1757
f 1757 1762 1755
f 1763 1764 1757
f 1764 1765 1757
f 1757 1765 1760
f 1766 1767 1757
f 1767 1768 1757
f 1757 1768 1763
f 1769 1770 1757
f 1770 1771 1757
f 1757 1771 1766
f 1772 1773 1757
f 1773 1774 1757
f 1757 1774 1769
f 1775 1776 1757
f 1776 1777 1757
f 1757 1777 1772
f 1759 1778 1757
f 1778 1779 1757
f 1757 1779 1775
f 1780 1781 1782
f 1781 1783 1782
f 1782 1783 1784
f 1785 1786 1782
f 1786 1787 1782
f 1782 1787 1780
f 1788 1789 1782
f 1789 1790 1782
f 1782 1790 1785
f 1791 1792 1782
f 1792 1793 1782
f 1782 1793 1788
f 1794 1795 1782
f 1795 1796 1782
f 1782 1796 1791
f 1797 1798 1782
f 1798 1799 1782
f 1782 1799 1794
f 1800 1801 1782
f 1801 1802 1782
f 1782 1802 1797
f 1784 1803 1782
f 1803 1804 1782
f 1782 1804 1800
f 1805 1806 1807
f 1806 1808 1807
f 1807 1808 1809
f 1810 1811 1807
f 1811 1812 1807
f 1807 1812 1805
f 1813 1814 1807
f 1814 1815 1807
f 1807 1815 1810
f 1816 1817 1807
f 1817 1818 1807
f 1807 1818 1813
f 1819 1820 1807
f 1820 1821 1807
f 1807 1821 1816
f 1822 1823 1807
f 1823 1824 1807
f 1807 1824 1819
f 1825 1826 1807
f 1826 1827 1807
f 1807 1827 1822
f 1809 1828 1807
f 1828 1829 1807
f 1807 1829 1825
f 1830 1831 1832
f 1831 1833 1832
f 1832 1833 1834
f 1833 1835 1834
f 1834 1835 1836
f 1835 1837 1836
f 1836 1837 1838
f 1837 1839 1838
f 1838 1839 1840
f 1839 1841 1840
f 1840 1841 1842
f 1843 1844 1845
f 1844 1846 1845
f 1845 1846 1847
f 1846 1848 1847
f 1847 1848 1830
f 1848 1849 1830
f 1830 1849 1831
f 1850 1851 1852
f 1851 1853 1852
f 1852 1853 1854
f 1853 1855 1854
f 1854 1855 1856
f 1855 1857 1856
f 1856 1857 1858
f 1857 1859 1858
f 1858 1859 1860
f 1859 1861 1860
f 1860 1861 1843
f 1861 1862 1843
f 1843 1862 1844
f 1841 1863 1842
f 1863 1864 1842
f 1842 1864 1865
f 1864 1866 1865
f 1865 1866 1867
f 1866 1868 1867
f 1867 1868 1869
f 1868 1870 1869
f 1869 1870 1871
f 1870 1872 1871
f 1871 1872 1873
f 1872 1874 1873
f 1873 1874 1875
f 1874 1876 1875
f 1875 1876 1877
f 1876 1878 1877
f 1877 1878 1879
f 1878 1880 1879
f 1879 1880 1850
f 1880 1881 1850
f 1850 1881 1851
f 1882 1883 1884
f 1883 1885 1884
f 1884 1885 1886
f 1885 1887 1886
f 1886 1887 1888
f 1887 1889 1888
f 1888 1889 1890
f 1889 1891 1890
f 1890 1891 1892
f 1891 1893 1892
f 1892 1893 1894
f 1895 1896 1897
f 1896 1898 1897
f 1897 1898 1899
f 1898 1900 1899
f 1899 1900 1882
f 1900 1901 1882
f 1882 1901 1883
f 1902 1903 1904
f 1903 1905 1904
f 1904 1905 1906
f 1905 1907 1906
f 1906 1907 1908
f 1907 1909 1908
f 1908 1909 1910
f 1909 1911 1910
f 1910 1911 1912
f 1911 1913 1912
f 1912 1913 1895
f 1913 1914 1895
f 1895 1914 1896
f 1893 1915 1894
f 1915 1916 1894
f 1894 1916 1917
f 1916 1918 1917
f 1917 1918 1919
f 1918 1920 1919
f 1919 1920 1921
f 1920 1922 1921
f 1921 1922 1923
f 1922 1924 1923
f 1923 1924 1925
f 1924 1926 1925
f 1925 1926 1927
f 1926 1928 1927
f 1927 1928 1929
f 1928 1930 1929
f 1929 1930 1931
f 1930 1932 1931
f 1931 1932 1902
f 1932 1933 1902
f 1902 1933 1903
f 1934 1935 1936
f 1935 1937 1936
f 1936 1937 1938
f 1937 1939 1938
f 1938 1939 1940
f 1939 1941 1940
f 1940 1941 1942
f 1941 1943 1942
f 1942 1943 1944
f 1943 1945 1944
f 1944 1945 1946
f 1945 1947 1946
f 1946 1947 1948
f 1949 1950 1951
f 1950 1952 1951
f 1951 1952 1934
f 1952 1953 1934
f 1934 1953 1935
f 1954 1955 1956
f 1955 1957 1956
f 1956 1957 1958
f 1957 1959 1958
f 1958 1959 1960
f 1959 1961 1960
f 1960 1961 1962
f 1961 1963 1962
f 1962 1963 1949
f 1963 1964 1949
f 1949 1964 1950
f 1947 1965 1948
f 1965 1966 1948
f 1948 1966 1967
f 1966 1968 1967
f 1967 1968 1969
f 1968 1970 1969
f 1969 1970 1971
f 1970 1972 1971
f 1971 1972 1973
f 1972 1974 1973
f 1973 1974 1975
f 1974 1976 1975
f 1975 1976 1977
f 1976 1978 1977
f 1977 1978 1979
f 1978 1980 1979
f 1979 1980 1981
f 1980 1982 1981
f 1981 1982 1983
f 1982 1984 1983
f 1983 1984 1954
f 1984 1985 1954
f 1954 1985 1955
f 1986 1987 1988
f 1987 1989 1988
f 1988 1989 1990
f 1989 1991 1990
f 1990 1991 1992
f 1991 1993 1992
f 1992 1993 1994
f 1993 1995 1994
f 1994 1995 1996
f 1997 1998 1999
f 1998 2000 1999
f 1999 2000 1986
f 2000 2001 1986
f 1986 2001 1987
f 2002 2003 2004
f 2003 2005 2004
f 2004 2005 2006
f 2005 2007 2006
f 2006 2007 2008
f 2007 2009 2008
f 2008 2009 2010
f 2009 2011 2010
f 2010 2011 2012
f 2011 2013 2012
f 2012 2013 2014
f 2013 2015 2014
f 2014 2015 1997
f 2015 2016 1997
f 1997 2016 1998
f 1995 2017 1996
f 2017 2018 1996
f 1996 2018 2019
f 2018 2020 2019
f 2019 2020 2021
f 2020 2022 2021
f 2021 2022 2023
f 2022 2024 2023
f 2023 2024 2025
f 2024 2026 2025
f 2025 2026 2027
f 2026 2028 2027
f 2027 2028 2029
f 2028 2030 2029
f 2029 2030 2031
f 2030 2032 2031
f 2031 2032 2033
f 2032 2034 2033
f 2033 2034 2035
f 2034 2036 2035
f 2035 2036 2002
f 2036 2037 2002
f 2002 2037 2003
f 2038 2039 2040
f 2039 2041 2040
f 2040 2041 2042
f 2041 2043 2042
f 2042 2043 2044
f 2043 2045 2044
f 2044 2045 2046
f 2045 2047 2046
f 2046 2047 2048
f 2047 2049 2048
f 2048 2049 2050
f 2049 2051 2050
f 2050 2051 2052
f 2051 2053 2052
f 2054 2055 2056
f 2055 2057 2056
f 2056 2057 2058
f 2057 2059 2058
f 2058 2059 2060
f 2059 2061 2060
f 2060 2061 2062
f 2061 2063 2062
f 2062 2063 2038
f 2063 2064 2038
f 2038 2064 2039
f 2052 2053 2065
f 2053 2066 2065
f 2065 2066 2067
f 2066 2068 2067
f 2067 2068 2069
f 2068 2070 2069
f 2069 2070 2071
f 2070 2072 2071
f 2055 2054 2073
f 2055 2073 2074
f 2073 2075 2074
f 2074 2075 2076
f 2075 2077 2076
f 2076 2077 2078
f 2078 2077 2079
f 2077 2080 2079
f 2079 2080 2081
f 2080 2082 2081
f 2081 2082 2083
f 2082 2084 2083
f 2083 2084 2085
f 2084 2086 2085
f 2085 2086 2087
f 2086 2088 2087
f 2071 2072 2089
f 2072 2090 2089
f 2089 2090 2091
f 2090 2092 2091
f 2091 2092 2093
f 2092 2094 2093
f 2093 2094 2095
f 2094 2096 2095
f 2095 2096 2097
f 2096 2098 2097
f 2097 2098 2099
f 2098 2100 2099
f 2099 2100 2101
f 2100 2102 2101
f 2101 2102 2088
f 2102 2103 2088
f 2088 2103 2087
f 2104 2105 2106
f 2105 2107 2106
f 2106 2107 2108
f 2107 2109 2108
f 2108 2109 2110
f 2109 2111 2110
f 2110 2111 2112
f 2111 2113 2112
f 2112 2113 2114
f 2113 2115 2114
f 2116 2117 2118
f 2117 2119 2118
f 2118 2119 2120
f 2119 2121 2120
f 2120 2121 2122
f 2121 2123 2122
f 2122 2123 2124
f 2123 2125 2124
f 2124 2125 2126
f 2125 2127 2126
f 2126 2127 2128
f 2127 2129 2128
f 2128 2129 2115
f 2129 2130 2115
f 2115 2130 2114
f 2131 2132 2133
f 2131 2133 2134
f 2133 2135 2134
f 2134 2135 2136
f 2135 2105 2136
f 2136 2105 2104
f 2117 2116 2137
f 2116 2138 2137
f 2137 2138 2139
f 2138 2140 2139
f 2139 2140 2141
f 2140 2142 2141
f 2141 2142 2143
f 2142 2144 2143
f 2143 2144 2145
f 2146 2132 2131
f 2147 2148 2149
f 2148 2150 2149
f 2149 2150 2151
f 2150 2152 2151
f 2151 2152 2153
f 2152 2154 2153
f 2153 2154 2155
f 2154 2156 2155
f 2155 2156 2157
f 2156 2158 2157
f 2157 2158 2159
f 2158 2160 2159
f 2159 2160 2144
f 2160 2145 2144
f 2131 2161 2146
f 2161 2162 2146
f 2146 2162 2163
f 2162 2164 2163
f 2163 2164 2165
f 2164 2166 2165
f 2165 2166 2167
f 2166 2168 2167
f 2167 2168 2147
f 2168 2169 2147
f 2147 2169 2148
f 2170 2171 2172
f 2171 2173 2172
f 2172 2173 2174
f 2173 2175 2174
f 2174 2175 2176
f 2175 2177 2176
f 2176 2177 2178
f 2177 2179 2178
f 2178 2179 2180
f 2179 2181 2180
f 2180 2181 2182
f 2181 2183 2182
f 2182 2183 2184
f 2183 2185 2184
f 2184 2185 2186
f 2185 2187 2186
f 2186 2187 2188
f 2187 2189 2188
f 2188 2189 2190
f 2189 2191 2190
f 2190 2191 2192
f 2191 2193 2192
f 2192 2193 2194
f 2193 2195 2194
f 2196 2197 2198
f 2196 2198 2199
f 2198 2200 2199
f 2199 2200 2201
f 2200 2194 2201
f 2201 2194 2195
f 2202 2203 2204
f 2203 2205 2204
f 2204 2205 2206
f 2205 2207 2206
f 2206 2207 2208
f 2207 2209 2208
f 2208 2209 2170
f 2209 2171 2170
f 2197 2196 2210
f 2196 2211 2210
f 2210 2211 2212
f 2211 2213 2212
f 2212 2213 2214
f 2213 2215 2214
f 2214 2215 2216
f 2215 2217 2216
f 2216 2217 2218
f 2217 2219 2218
f 2218 2219 2220
f 2219 2221 2220
f 2220 2221 2222
f 2221 2223 2222
f 2222 2223 2224
f 2223 2225 2224
f 2224 2225 2226
f 2225 2227 2226
f 2226 2227 2228
f 2227 2229 2228
f 2228 2229 2230
f 2229 2231 2230
f 2230 2231 2202
f 2231 2203 2202
f 2232 2233 2234
f 2233 2235 2234
f 2234 2235 2236
f 2234 2237 2232
f 2237 2238 2232
f 2232 2238 2239
f 2238 2240 2239
f 2239 2240 2241
f 2242 2243 2244
f 2245 2246 2247
f 2245 2247 2248
f 2240 2249 2241
f 2249 2244 2241
f 2241 2244 2250
f 2244 2251 2250
f 2236 2235 2252
f 2235 2253 2252
f 2252 2253 2254
f 2255 2256 2257
f 2256 2258 2257
f 2248 2247 2244
f 2247 2259 2244
f 2244 2259 2242
f 2243 2260 2244
f 2260 2261 2244
f 2244 2261 2251
f 2255 2262 2256
f 2262 2252 2256
f 2256 2252 2263
f 2252 2254 2263
f 2264 2265 2266
f 2265 2267 2266
f 2266 2267 2268
f 2267 2269 2268
f 2268 2269 2270
f 2269 2271 2270
f 2270 2271 2272
f 2271 2273 2272
f 2272 2273 2274
f 2273 2275 2274
f 2274 2275 2276
f 2275 2277 2276
f 2276 2277 2278
f 2277 2279 2278
f 2278 2279 2280
f 2279 2281 2280
f 2280 2281 2282
f 2281 2283 2282
f 2282 2283 2284
f 2283 2285 2284
f 2284 2285 2286
f 2285 2287 2286
f 2286 2287 2288
f 2287 2289 2288
f 2288 2289 2290
f 2289 2291 2290
f 2290 2291 2292
f 2291 2293 2292
f 2292 2293 2294
f 2293 2295 2294
f 2294 2295 2296
f 2295 2297 2296
f 2296 2297 2298
f 2297 2299 2298
f 2298 2299 2300
f 2298 2300 2301
f 2300 2302 2301
f 2301 2302 2303
f 2302 2304 2303
f 2303 2304 2305
f 2305 2304 2306
f 2304 2307 2306
f 2306 2307 2308
f 2307 2309 2308
f 2308 2309 2310
f 2309 2311 2310
f 2310 2311 2312
f 2311 2313 2312
f 2312 2313 2314
f 2313 2315 2314
f 2314 2315 2316
f 2315 2317 2316
f 2316 2317 2318
f 2317 2319 2318
f 2318 2319 2320
f 2319 2321 2320
f 2320 2321 2322
f 2321 2323 2322
f 2322 2323 2324
f 2323 2325 2324
f 2324 2325 2326
f 2325 2327 2326
f 2326 2327 2264
f 2327 2265 2264
f 2328 2329 2330
f 2331 2332 2333
f 2332 2334 2333
f 2333 2334 2335
f 2334 2336 2335
f 2335 2336 2337
f 2337 2336 2329
f 2336 2338 2329
f 2329 2338 2330
f 2331 2339 2332
f 2339 2340 2332
f 2332 2340 2341
f 2341 2342 2332
f 2342 2343 2332
f 2332 2343 2344
f 2345 2332 2346
f 2332 2347 2346
f 2344 2348 2332
f 2348 2349 2332
f 2332 2349 2347
f 2350 2351 2330
f 2351 2352 2330
f 2330 2352 2328
f 2353 2354 2355
f 2354 2356 2355
f 2350 2357 2351
f 2357 2354 2351
f 2351 2354 2358
f 2354 2353 2358
f 2359 2360 2361
f 2360 2362 2361
f 2361 2362 2363
f 2362 2364 2363
f 2363 2364 2365
f 2364 2366 2365
f 2365 2366 2367
f 2366 2368 2367
f 2367 2368 2369
f 2368 2370 2369
f 2369 2370 2371
f 2370 2372 2371
f 2371 2372 2373
f 2372 2374 2373
f 2373 2374 2375
f 2374 2376 2375
f 2375 2376 2377
f 2376 2378 2377
f 2377 2378 2379
f 2378 2380 2379
f 2379 2380 2381
f 2380 2382 2381
f 2381 2382 2383
f 2382 2384 2383
f 2383 2384 2385
f 2384 2386 2385
f 2385 2386 2387
f 2386 2388 2387
f 2387 2388 2389
f 2388 2390 2389
f 2389 2390 2391
f 2390 2392 2391
f 2391 2392 2393
f 2391 2393 2394
f 2393 2395 2394
f 2394 2395 2396
f 2395 2397 2396
f 2396 2397 2398
f 2398 2397 2399
f 2397 2400 2399
f 2399 2400 2401
f 2400 2402 2401
f 2401 2402 2403
f 2402 2404 2403
f 2403 2404 2405
f 2404 2406 2405
f 2405 2406 2407
f 2406 2408 2407
f 2407 2408 2409
f 2408 2410 2409
f 2409 2410 2411
f 2410 2412 2411
f 2411 2412 2413
f 2412 2414 2413
f 2413 2414 2415
f 2414 2416 2415
f 2415 2416 2417
f 2416 2418 2417
f 2417 2418 2419
f 2418 2420 2419
f 2419 2420 2359
f 2420 2360 2359
f 2421 2422 2423
f 2422 2421 2424
f 2421 2425 2424
f 2424 2425 2426
f 2425 2427 2426
f 2426 2427 2428
f 2428 2427 2429
f 2427 2430 2429
f 2429 2430 2431
f 2432 2433 2434
f 2433 2435 2434
f 2434 2435 2436
f 2423 2437 2421
f 2437 2434 2421
f 2421 2434 2438
f 2434 2439 2438
f 2436 2440 2434
f 2440 2441 2434
f 2434 2441 2439
f 2442 2443 2431
f 2443 2444 2431
f 2431 2444 2429
f 2445 2446 2447
f 2446 2448 2447
f 2447 2448 2449
f 2442 2450 2443
f 2450 2446 2443
f 2443 2446 2451
f 2446 2445 2451
f 2452 2453 2454
f 2453 2455 2454
f 2454 2455 2456
f 2455 2457 2456
f 2456 2457 2458
f 2457 2459 2458
f 2458 2459 2460
f 2459 2461 2460
f 2460 2461 2462
f 2461 2463 2462
f 2462 2463 2464
f 2463 2465 2464
f 2464 2465 2466
f 2465 2467 2466
f 2466 2467 2468
f 2467 2469 2468
f 2468 2469 2470
f 2469 2471 2470
f 2470 2471 2472
f 2471 2473 2472
f 2472 2473 2474
f 2473 2475 2474
f 2474 2475 2476
f 2475 2477 2476
f 2476 2477 2478
f 2477 2479 2478
f 2478 2479 2480
f 2479 2481 2480
f 2480 2481 2482
f 2481 2483 2482
f 2482 2483 2484
f 2483 2485 2484
f 2484 2485 2486
f 2484 2486 2487
f 2486 2488 2487
f 2487 2488 2489
f 2488 2490 2489
f 2489 2490 2491
f 2491 2490 2492
f 2490 2493 2492
f 2492 2493 2494
f 2493 2495 2494
f 2494 2495 2496
f 2495 2497 2496
f 2496 2497 2498
f 2497 2499 2498
f 2498 2499 2500
f 2499 2501 2500
f 2500 2501 2502
f 2501 2503 2502
f 2502 2503 2504
f 2503 2505 2504
f 2504 2505 2506
f 2505 2507 2506
f 2506 2507 2508
f 2507 2509 2508
f 2508 2509 2510
f 2509 2511 2510
f 2510 2511 2512
f 2511 2513 2512
f 2512 2513 2452
f 2513 2453 2452
f 2514 2515 2516
f 2514 2516 2517
f 2516 2518 2517
f 2517 2518 2519
f 2518 2520 2519
f 2519 2520 2521
f 2520 2522 2521
f 2521 2522 2523
f 2522 2524 2523
f 2523 2524 2525
f 2524 2526 2525
f 2525 2526 2527
f 2526 2528 2527
f 2527 2528 2529
f 2530 2531 2532
f 2530 2532 2533
f 2532 2534 2533
f 2533 2534 2535
f 2534 2536 2535
f 2535 2536 2537
f 2536 2538 2537
f 2537 2538 2539
f 2538 2540 2539
f 2539 2540 2541
f 2540 2542 2541
f 2541 2542 2543
f 2542 2544 2543
f 2543 2544 2545
f 2546 2547 2548
f 2549 2550 2551
f 2550 2552 2551
f 2551 2552 2548
f 2552 2553 2548
f 2548 2553 2546
f 2554 2555 2556
f 2554 2556 2557
f 2556 2558 2557
f 2557 2558 2559
f 2558 2560 2559
f 2559 2560 2561
f 2560 2562 2561
f 2561 2562 2563
f 2563 2562 2564
f 2562 2565 2564
f 2564 2565 2566
f 2565 2567 2566
f 2566 2567 2568
f 2567 2548 2568
f 2568 2548 2547
f 2555 2554 2569
f 2554 2570 2569
f 2571 2572 2573
f 2572 2574 2573
f 2574 2572 2575
f 2572 2576 2575
f 2575 2576 2577
f 2576 2578 2577
f 2577 2578 2579
f 2580 2581 2578
f 2581 2582 2578
f 2578 2582 2579
f 2583 2569 2570
f 2570 2584 2583
f 2584 2585 2583
f 2583 2585 2580
f 2585 2586 2580
f 2580 2586 2581
f 2587 2588 2589
f 2588 2531 2589
f 2589 2531 2530
f 2590 2591 2592
f 2590 2592 2593
f 2592 2594 2593
f 2593 2594 2595
f 2594 2596 2595
f 2595 2596 2597
f 2596 2598 2597
f 2597 2598 2599
f 2598 2600 2599
f 2599 2600 2601
f 2600 2602 2601
f 2601 2602 2603
f 2602 2588 2603
f 2603 2588 2587
f 2591 2590 2604
f 2590 2605 2604
f 2549 2551 2606
f 2549 2606 2607
f 2606 2608 2607
f 2607 2608 2609
f 2608 2610 2609
f 2609 2610 2611
f 2610 2612 2611
f 2611 2612 2613
f 2612 2614 2613
f 2613 2614 2615
f 2614 2616 2615
f 2615 2616 2617
f 2616 2604 2617
f 2617 2604 2605
f 2571 2573 2528
f 2573 2529 2528
f 2544 2618 2545
f 2618 2619 2545
f 2545 2619 2620
f 2621 2515 2622
f 2515 2514 2622
f 2622 2514 2623
f 2624 2625 2626
f 2627 2628 2629
f 2630 2631 2632
f 2633 2634 2635
f 2636 2637 2638
f 2639 2640 2641
f 2642 2643 2644
f 2645 2646 2647
f 2648 2649 2650
f 2651 2652 2653
f 2654 2655 2656
f 2657 2658 2659
f 2660 2661 2662
f 2663 2664 2665
f 2666 2667 2668
f 2669 2670 2671
f 2672 2673 2674
f 2675 2676 2677
f 2678 2679 2680
f 2681 2682 2683
f 2684 2685 2686
f 2687 2688 2689
f 2690 2691 2692
f 2693 2694 2695
f 2696 2697 2698
f 2699 2700 2701
f 2702 2703 2704
f 2705 2706 2707
f 2708 2709 2710
f 2711 2712 2713
f 2714 2715 2716
f 2717 2718 2719
f 2720 2721 2722
f 2723 2724 2725
f 2726 2727 2728
f 2729 2730 2731
f 2732 2733 2734
f 2735 2736 2737
f 2738 2739 2740
f 2741 2742 2743
f 2744 2745 2746
f 2747 2748 2749
f 2750 2751 2752
f 2753 2754 2755
f 2756 2757 2758
f 2759 2760 2761
f 2762 2763 2764
f 2765 2766 2767
f 2768 2769 2770
f 2771 2772 2773
f 2772 2774 2773
f 2775 2776 2777
f 2776 2778 2777
f 2777 2778 2774
f 2778 2779 2774
f 2774 2779 2773
f 2780 2781 2782
f 2783 2784 2785
f 2785 2786 2783
f 2786 2787 2783
f 2783 2787 2770
f 2787 2788 2770
f 2770 2788 2768
f 2766 2789 2767
f 2789 2790 2767
f 2767 2790 2782
f 2790 2791 2782
f 2782 2791 2780
f 2792 2793 2794
f 2795 2796 2793
f 2796 2797 2793
f 2793 2797 2794
f 2798 2799 2800
f 2799 2801 2800
f 2802 2803 2804
f 2803 2805 2804
f 2804 2805 2801
f 2805 2806 2801
f 2801 2806 2800
f 2807 2808 2809
f 2810 2811 2812
f 2812 2813 2810
f 2813 2814 2810
f 2810 2814 2764
f 2814 2815 2764
f 2764 2815 2762
f 2760 2816 2761
f 2816 2817 2761
f 2761 2817 2809
f 2817 2818 2809
f 2809 2818 2807
f 2819 2820 2821
f 2822 2823 2820
f 2823 2824 2820
f 2820 2824 2821
f 2825 2826 2827
f 2826 2828 2827
f 2829 2830 2831
f 2830 2832 2831
f 2831 2832 2828
f 2832 2833 2828
f 2828 2833 2827
f 2834 2835 2836
f 2837 2838 2839
f 2839 2840 2837
f 2840 2841 2837
f 2837 2841 2758
f 2841 2842 2758
f 2758 2842 2756
f 2843 2844 2755
f 2844 2845 2755
f 2755 2845 2836
f 2845 2846 2836
f 2836 2846 2834
f 2847 2848 2849
f 2850 2851 2848
f 2851 2852 2848
f 2848 2852 2849
f 2853 2854 2855
f 2854 2856 2855
f 2857 2858 2859
f 2858 2860 2859
f 2859 2860 2856
f 2860 2861 2856
f 2856 2861 2855
f 2862 2863 2864
f 2865 2866 2867
f 2867 2868 2865
f 2868 2869 2865
f 2865 2869 2752
f 2869 2870 2752
f 2752 2870 2750
f 2748 2871 2749
f 2871 2872 2749
f 2749 2872 2864
f 2872 2873 2864
f 2864 2873 2862
f 2874 2875 2876
f 2877 2878 2875
f 2878 2879 2875
f 2875 2879 2876
f 2880 2881 2882
f 2881 2883 2882
f 2884 2885 2886
f 2885 2887 2886
f 2886 2887 2883
f 2887 2888 2883
f 2883 2888 2882
f 2889 2890 2891
f 2892 2893 2894
f 2894 2895 2892
f 2895 2896 2892
f 2892 2896 2746
f 2896 2897 2746
f 2746 2897 2744
f 2742 2898 2743
f 2898 2899 2743
f 2743 2899 2891
f 2899 2900 2891
f 2891 2900 2889
f 2901 2902 2903
f 2904 2905 2906
f 2905 2901 2906
f 2906 2901 2907
f 2901 2903 2907
f 2908 2909 2910
f 2909 2911 2910
f 2912 2913 2914
f 2913 2915 2914
f 2914 2915 2911
f 2915 2916 2911
f 2911 2916 2910
f 2917 2918 2919
f 2920 2921 2922
f 2922 2923 2920
f 2923 2924 2920
f 2920 2924 2740
f 2924 2925 2740
f 2740 2925 2738
f 2736 2926 2737
f 2926 2927 2737
f 2737 2927 2919
f 2927 2928 2919
f 2919 2928 2917
f 2929 2930 2931
f 2932 2933 2930
f 2933 2934 2930
f 2930 2934 2931
f 2935 2936 2937
f 2936 2938 2937
f 2939 2940 2941
f 2940 2942 2941
f 2941 2942 2938
f 2942 2943 2938
f 2938 2943 2937
f 2944 2945 2946
f 2947 2948 2949
f 2949 2950 2947
f 2950 2951 2947
f 2947 2951 2734
f 2951 2952 2734
f 2734 2952 2732
f 2953 2954 2731
f 2954 2955 2731
f 2731 2955 2946
f 2955 2956 2946
f 2946 2956 2944
f 2957 2958 2959
f 2960 2961 2958
f 2961 2962 2958
f 2958 2962 2959
f 2963 2964 2965
f 2964 2966 2965
f 2967 2968 2969
f 2968 2970 2969
f 2969 2970 2966
f 2970 2971 2966
f 2966 2971 2965
f 2972 2973 2974
f 2975 2976 2977
f 2977 2978 2975
f 2978 2979 2975
f 2975 2979 2728
f 2979 2980 2728
f 2728 2980 2726
f 2724 2981 2725
f 2981 2982 2725
f 2725 2982 2974
f 2982 2983 2974
f 2974 2983 2972
f 2984 2985 2986
f 2987 2988 2985
f 2988 2989 2985
f 2985 2989 2986
f 2990 2902 2991
f 2902 2901 2991
f 2991 2901 2992
f 2901 2905 2992
f 2992 2905 2993
f 2994 2990 2995
f 2990 2991 2995
f 2995 2991 2996
f 2991 2992 2996
f 2996 2992 2997
f 2992 2993 2997
f 2997 2993 2998
f 2999 2994 3000
f 2994 2995 3000
f 3000 2995 3001
f 2995 2996 3001
f 3001 2996 3002
f 2996 2997 3002
f 3002 2997 3003
f 2997 2998 3003
f 3003 2998 3004
f 3005 2999 3006
f 2999 3000 3006
f 3006 3000 3007
f 3000 3001 3007
f 3007 3001 3008
f 3001 3002 3008
f 3008 3002 3009
f 3002 3003 3009
f 3009 3003 3010
f 3003 3004 3010
f 3010 3004 2626
f 3011 3012 3013
f 2722 3014 3015
f 3014 3016 3015
f 3015 3016 3017
f 3016 3018 3017
f 3017 3018 3019
f 2881 3020 2883
f 3020 3021 2883
f 2883 3021 2886
f 3021 3022 2886
f 2886 3022 2884
f 3022 3023 2884
f 2884 3023 3024
f 3023 3025 3024
f 3024 3025 3026
f 3025 3027 3026
f 3026 3027 3028
f 3027 2716 3028
f 3029 3030 3031
f 3030 3032 3031
f 3031 3032 3033
f 3032 3034 3033
f 3033 3034 3035
f 3034 3036 3035
f 3035 3036 3037
f 3036 3038 3037
f 3037 3038 3039
f 3038 3040 3039
f 3039 3040 3041
f 3040 2713 3041
f 3042 3043 3044
f 3043 3045 3044
f 3044 3045 3046
f 3045 3047 3046
f 3046 3047 3048
f 3047 3049 3048
f 3048 3049 3050
f 3049 3051 3050
f 3050 3051 3052
f 3051 3053 3052
f 3052 3053 3054
f 3053 2704 3054
f 2757 2830 2758
f 2830 2829 2758
f 2758 2829 2837
f 2829 3055 2837
f 2837 3055 3056
f 3055 3057 3056
f 3056 3057 3058
f 3057 2692 3058
f 3059 3060 3061
f 3060 3062 3061
f 3061 3062 3063
f 3062 3064 3063
f 3063 3064 3065
f 3064 3066 3065
f 3065 3066 3067
f 3066 3068 3067
f 3067 3068 3069
f 3068 3070 3069
f 3069 3070 3071
f 3070 2689 3071
f 2821 3072 2819
f 3072 2759 2819
f 2819 2759 3073
f 2759 2761 3073
f 3073 2761 3074
f 2761 2809 3074
f 3074 2809 3075
f 2809 3076 3075
f 3075 3076 3077
f 3076 2683 3077
f 2799 3078 2801
f 3078 3079 2801
f 2801 3079 2804
f 3079 3080 2804
f 2804 3080 2802
f 3080 3081 2802
f 2802 3081 3082
f 3081 3083 3082
f 3082 3083 3084
f 3083 3085 3084
f 3084 3085 3086
f 3085 2680 3086
f 2781 2784 2782
f 2784 2783 2782
f 2782 2783 3087
f 2783 3088 3087
f 3087 3088 3089
f 3088 2671 3089
f 3090 2987 3091
f 2987 2985 3091
f 3091 2985 3092
f 2985 2984 3092
f 3092 2984 3093
f 2984 3094 3093
f 3093 3094 3095
f 3094 3096 3095
f 3095 3096 3097
f 3096 3098 3097
f 3097 3098 3099
f 3098 2659 3099
f 2727 2968 2728
f 2968 2967 2728
f 2728 2967 2975
f 2967 3100 2975
f 2975 3100 3101
f 3100 3102 3101
f 3101 3102 3103
f 3102 2656 3103
f 3104 3105 3106
f 3105 3107 3106
f 3106 3107 3108
f 3107 3109 3108
f 3108 3109 3110
f 3109 3111 3110
f 3110 3111 3112
f 3111 3113 3112
f 3112 3113 3114
f 3113 3115 3114
f 3114 3115 3116
f 3115 2650 3116
f 2959 3117 2957
f 3117 2729 2957
f 2957 2729 3118
f 2729 2731 3118
f 3118 2731 3119
f 2731 2946 3119
f 3119 2946 3120
f 2946 3121 3120
f 3120 3121 3122
f 3121 2647 3122
f 3123 3124 3125
f 3124 3126 3125
f 3125 3126 3127
f 3126 3128 3127
f 3127 3128 3129
f 3128 3130 3129
f 3129 3130 3131
f 3130 3132 3131
f 3131 3132 3133
f 3132 3134 3133
f 3133 3134 3135
f 3134 2638 3135
f 3136 3013 3137
f 3013 3012 3137
f 3137 3012 3138
f 3139 3138 3014
f 3138 3012 3014
f 3014 3012 3016
f 3012 3011 3016
f 3016 3011 3018
f 2722 2721 3014
f 2721 3140 3014
f 3014 3140 3139
f 2718 2720 2719
f 2720 2722 2719
f 2719 2722 3141
f 2722 3015 3141
f 3141 3015 2891
f 3015 3017 2891
f 2891 3017 2743
f 3017 3019 2743
f 2743 3019 2741
f 3142 2717 3143
f 2717 2719 3143
f 3143 2719 3144
f 2719 3141 3144
f 3144 3141 2892
f 3141 2891 2892
f 2892 2891 2893
f 2891 2890 2893
f 2745 2885 2746
f 2885 2884 2746
f 2746 2884 2892
f 2884 3024 2892
f 2892 3024 3144
f 3024 3026 3144
f 3144 3026 3143
f 3026 3028 3143
f 3143 3028 3142
f 3028 3145 3142
f 2716 2715 3028
f 2715 3146 3028
f 3028 3146 3145
f 3147 2714 3148
f 2714 2716 3148
f 3148 2716 3149
f 2716 3027 3149
f 3149 3027 3150
f 3027 3025 3150
f 3150 3025 3151
f 3025 3023 3151
f 3151 3023 3152
f 3023 3022 3152
f 3152 3022 3153
f 3022 3021 3153
f 3153 3021 3154
f 3021 3020 3154
f 3154 3029 3153
f 3029 3031 3153
f 3153 3031 3152
f 3031 3033 3152
f 3152 3033 3151
f 3033 3035 3151
f 3151 3035 3150
f 3035 3037 3150
f 3150 3037 3149
f 3037 3039 3149
f 3149 3039 3148
f 3039 3041 3148
f 3148 3041 3147
f 3041 3155 3147
f 2713 2712 3041
f 2712 3156 3041
f 3041 3156 3155
f 3157 2711 3158
f 2711 2713 3158
f 3158 2713 3159
f 2713 3040 3159
f 3159 3040 3160
f 3040 3038 3160
f 3160 3038 3161
f 3038 3036 3161
f 3161 3036 3162
f 3036 3034 3162
f 3162 3034 3163
f 3034 3032 3163
f 3163 3032 3164
f 3032 3030 3164
f 3164 2877 3163
f 2877 2875 3163
f 3163 2875 3162
f 2875 2874 3162
f 3162 2874 3161
f 2874 3165 3161
f 3161 3165 3160
f 3165 3166 3160
f 3160 3166 3159
f 3166 3167 3159
f 3159 3167 3158
f 3167 3168 3158
f 3158 3168 3157
f 3168 3169 3157
f 2876 3170 2874
f 3170 2747 2874
f 2874 2747 3165
f 2747 2749 3165
f 3165 2749 3166
f 2749 2864 3166
f 3166 2864 3167
f 2864 3171 3167
f 3167 3171 3168
f 3171 2710 3168
f 3168 2710 3169
f 2710 2709 3169
f 2863 2866 2864
f 2866 2865 2864
f 2864 2865 3171
f 2865 3172 3171
f 3171 3172 2710
f 3172 2707 2710
f 2710 2707 2708
f 2707 2706 2708
f 3173 2705 3174
f 2705 2707 3174
f 3174 2707 3175
f 2707 3172 3175
f 3175 3172 3176
f 3172 2865 3176
f 3176 2865 2857
f 2865 2752 2857
f 2857 2752 2858
f 2752 2751 2858
f 2854 3042 2856
f 3042 3044 2856
f 2856 3044 2859
f 3044 3046 2859
f 2859 3046 2857
f 3046 3048 2857
f 2857 3048 3176
f 3048 3050 3176
f 3176 3050 3175
f 3050 3052 3175
f 3175 3052 3174
f 3052 3054 3174
f 3174 3054 3173
f 3054 3177 3173
f 2704 2703 3054
f 2703 3178 3054
f 3054 3178 3177
f 3179 2702 3180
f 2702 2704 3180
f 3180 2704 3181
f 2704 3053 3181
f 3181 3053 3182
f 3053 3051 3182
f 3182 3051 3183
f 3051 3049 3183
f 3183 3049 3184
f 3049 3047 3184
f 3184 3047 3185
f 3047 3045 3185
f 3185 3045 3186
f 3045 3043 3186
f 3186 3187 3185
f 3187 3188 3185
f 3185 3188 3184
f 3188 3189 3184
f 3184 3189 3183
f 3189 3190 3183
f 3183 3190 3182
f 3190 3191 3182
f 3182 3191 3181
f 3191 3192 3181
f 3181 3192 3180
f 3192 2701 3180
f 3180 2701 3179
f 2701 2700 3179
f 2697 2699 2698
f 2699 2701 2698
f 2698 2701 3193
f 2701 3192 3193
f 3193 3192 3194
f 3192 3191 3194
f 3194 3191 3195
f 3191 3190 3195
f 3195 3190 3196
f 3190 3189 3196
f 3196 3189 3197
f 3189 3188 3197
f 3197 3188 3198
f 3188 3187 3198
f 3198 2850 3197
f 2850 2848 3197
f 3197 2848 3196
f 2848 2847 3196
f 3196 2847 3195
f 2847 3199 3195
f 3195 3199 3194
f 3199 3200 3194
f 3194 3200 3193
f 3200 3201 3193
f 3193 3201 2698
f 3201 2695 2698
f 2698 2695 2696
f 2695 2694 2696
f 3202 2693 3203
f 2693 2695 3203
f 3203 2695 3204
f 2695 3201 3204
f 3204 3201 2836
f 3201 3200 2836
f 2836 3200 2755
f 3200 3199 2755
f 2755 3199 2753
f 3199 2847 2753
f 2753 2847 3205
f 2847 2849 3205
f 2835 2838 2836
f 2838 2837 2836
f 2836 2837 3204
f 2837 3056 3204
f 3204 3056 3203
f 3056 3058 3203
f 3203 3058 3202
f 3058 3206 3202
f 2692 2691 3058
f 2691 3207 3058
f 3058 3207 3206
f 3208 2690 3209
f 2690 2692 3209
f 3209 2692 3210
f 2692 3057 3210
f 3210 3057 3211
f 3057 3055 3211
f 3211 3055 3212
f 3055 2829 3212
f 3212 2829 3213
f 2829 2831 3213
f 3213 2831 3214
f 2831 2828 3214
f 3214 2828 3215
f 2828 2826 3215
f 3215 3059 3214
f 3059 3061 3214
f 3214 3061 3213
f 3061 3063 3213
f 3213 3063 3212
f 3063 3065 3212
f 3212 3065 3211
f 3065 3067 3211
f 3211 3067 3210
f 3067 3069 3210
f 3210 3069 3209
f 3069 3071 3209
f 3209 3071 3208
f 3071 3216 3208
f 2689 2688 3071
f 2688 3217 3071
f 3071 3217 3216
f 2685 2687 2686
f 2687 2689 2686
f 2686 2689 3218
f 2689 3070 3218
f 3218 3070 3219
f 3070 3068 3219
f 3219 3068 3220
f 3068 3066 3220
f 3220 3066 3221
f 3066 3064 3221
f 3221 3064 3222
f 3064 3062 3222
f 3222 3062 3223
f 3062 3060 3223
f 3224 2684 3225
f 2684 2686 3225
f 3225 2686 3226
f 2686 3218 3226
f 3226 3218 3227
f 3218 3219 3227
f 3227 3219 3228
f 3219 3220 3228
f 3228 3220 3229
f 3220 3221 3229
f 3229 3221 3230
f 3221 3222 3230
f 3230 3222 3231
f 3222 3223 3231
f 3231 2822 3230
f 2822 2820 3230
f 3230 2820 3229
f 2820 2819 3229
f 3229 2819 3228
f 2819 3073 3228
f 3228 3073 3227
f 3073 3074 3227
f 3227 3074 3226
f 3074 3075 3226
f 3226 3075 3225
f 3075 3077 3225
f 3225 3077 3224
f 3077 3232 3224
f 2683 2682 3077
f 2682 3233 3077
f 3077 3233 3232
f 3234 2681 3235
f 2681 2683 3235
f 3235 2683 3236
f 2683 3076 3236
f 3236 3076 2810
f 3076 2809 2810
f 2810 2809 2811
f 2809 2808 2811
f 2763 2803 2764
f 2803 2802 2764
f 2764 2802 2810
f 2802 3082 2810
f 2810 3082 3236
f 3082 3084 3236
f 3236 3084 3235
f 3084 3086 3235
f 3235 3086 3234
f 3086 3237 3234
f 2680 2679 3086
f 2679 3238 3086
f 3086 3238 3237
f 3239 2678 3240
f 2678 2680 3240
f 3240 2680 3241
f 2680 3085 3241
f 3241 3085 3242
f 3085 3083 3242
f 3242 3083 3243
f 3083 3081 3243
f 3243 3081 3244
f 3081 3080 3244
f 3244 3080 3245
f 3080 3079 3245
f 3245 3079 3246
f 3079 3078 3246
f 3246 3247 3245
f 3247 3248 3245
f 3245 3248 3244
f 3248 3249 3244
f 3244 3249 3243
f 3249 3250 3243
f 3243 3250 3242
f 3250 3251 3242
f 3242 3251 3241
f 3251 3252 3241
f 3241 3252 3240
f 3252 3253 3240
f 3240 3253 3239
f 3253 3254 3239
f 3247 3255 3248
f 3255 3256 3248
f 3248 3256 3249
f 3256 3257 3249
f 3249 3257 3250
f 3257 3258 3250
f 3250 3258 3251
f 3258 3259 3251
f 3251 3259 3252
f 3259 3260 3252
f 3252 3260 3253
f 3260 2677 3253
f 3253 2677 3254
f 2677 2676 3254
f 3255 3261 3256
f 3261 3262 3256
f 3256 3262 3257
f 3262 3263 3257
f 3257 3263 3258
f 3263 3264 3258
f 3258 3264 3259
f 3264 3265 3259
f 3259 3265 3260
f 3265 3266 3260
f 3260 3266 2677
f 3266 2674 2677
f 2677 2674 2675
f 2674 2673 2675
f 3267 2672 3268
f 2672 2674 3268
f 3268 2674 3269
f 2674 3266 3269
f 3269 3266 3270
f 3266 3265 3270
f 3270 3265 3271
f 3265 3264 3271
f 3271 3264 2792
f 3264 3263 2792
f 2792 3263 2793
f 3263 3262 2793
f 2793 3262 2795
f 3262 3261 2795
f 2794 3272 2792
f 3272 2765 2792
f 2792 2765 3271
f 2765 2767 3271
f 3271 2767 3270
f 2767 2782 3270
f 3270 2782 3269
f 2782 3087 3269
f 3269 3087 3268
f 3087 3089 3268
f 3268 3089 3267
f 3089 3273 3267
f 2671 2670 3089
f 2670 3274 3089
f 3089 3274 3273
f 3275 2669 3276
f 2669 2671 3276
f 3276 2671 3277
f 2671 3088 3277
f 3277 3088 3278
f 3088 2783 3278
f 3278 2783 2775
f 2783 2770 2775
f 2775 2770 2776
f 2770 2769 2776
f 2772 3279 2774
f 3279 3280 2774
f 2774 3280 2777
f 3280 3281 2777
f 2777 3281 2775
f 3281 3282 2775
f 2775 3282 3278
f 3282 3283 3278
f 3278 3283 3277
f 3283 3284 3277
f 3277 3284 3276
f 3284 2668 3276
f 3276 2668 3275
f 2668 2667 3275
f 2664 2666 2665
f 2666 2668 2665
f 2665 2668 3285
f 2668 3284 3285
f 3285 3284 3286
f 3284 3283 3286
f 3286 3283 3287
f 3283 3282 3287
f 3287 3282 3288
f 3282 3281 3288
f 3288 3281 3289
f 3281 3280 3289
f 3289 3280 3290
f 3280 3279 3290
f 3290 3291 3289
f 3291 3292 3289
f 3289 3292 3288
f 3292 3293 3288
f 3288 3293 3287
f 3293 3294 3287
f 3287 3294 3286
f 3294 3295 3286
f 3286 3295 3285
f 3295 3296 3285
f 3285 3296 2665
f 3296 2662 2665
f 2665 2662 2663
f 2662 2661 2663
f 3297 2660 3298
f 2660 2662 3298
f 3298 2662 3299
f 2662 3296 3299
f 3299 3296 3300
f 3296 3295 3300
f 3300 3295 3301
f 3295 3294 3301
f 3301 3294 3302
f 3294 3293 3302
f 3302 3293 3303
f 3293 3292 3303
f 3303 3292 3304
f 3292 3291 3304
f 3304 3090 3303
f 3090 3091 3303
f 3303 3091 3302
f 3091 3092 3302
f 3302 3092 3301
f 3092 3093 3301
f 3301 3093 3300
f 3093 3095 3300
f 3300 3095 3299
f 3095 3097 3299
f 3299 3097 3298
f 3097 3099 3298
f 3298 3099 3297
f 3099 3305 3297
f 2659 2658 3099
f 2658 3306 3099
f 3099 3306 3305
f 3307 2657 3308
f 2657 2659 3308
f 3308 2659 3309
f 2659 3098 3309
f 3309 3098 2974
f 3098 3096 2974
f 2974 3096 2725
f 3096 3094 2725
f 2725 3094 2723
f 3094 2984 2723
f 2723 2984 3310
f 2984 2986 3310
f 2973 2976 2974
f 2976 2975 2974
f 2974 2975 3309
f 2975 3101 3309
f 3309 3101 3308
f 3101 3103 3308
f 3308 3103 3307
f 3103 3311 3307
f 2656 2655 3103
f 2655 3312 3103
f 3103 3312 3311
f 2652 2654 2653
f 2654 2656 2653
f 2653 2656 3313
f 2656 3102 3313
f 3313 3102 3314
f 3102 3100 3314
f 3314 3100 3315
f 3100 2967 3315
f 3315 2967 3316
f 2967 2969 3316
f 3316 2969 3317
f 2969 2966 3317
f 3317 2966 3318
f 2966 2964 3318
f 3319 2651 3320
f 2651 2653 3320
f 3320 2653 3321
f 2653 3313 3321
f 3321 3313 3322
f 3313 3314 3322
f 3322 3314 3323
f 3314 3315 3323
f 3323 3315 3324
f 3315 3316 3324
f 3324 3316 3325
f 3316 3317 3325
f 3325 3317 3326
f 3317 3318 3326
f 3326 3104 3325
f 3104 3106 3325
f 3325 3106 3324
f 3106 3108 3324
f 3324 3108 3323
f 3108 3110 3323
f 3323 3110 3322
f 3110 3112 3322
f 3322 3112 3321
f 3112 3114 3321
f 3321 3114 3320
f 3114 3116 3320
f 3320 3116 3319
f 3116 3327 3319
f 2650 2649 3116
f 2649 3328 3116
f 3116 3328 3327
f 3329 2648 3330
f 2648 2650 3330
f 3330 2650 3331
f 2650 3115 3331
f 3331 3115 3332
f 3115 3113 3332
f 3332 3113 3333
f 3113 3111 3333
f 3333 3111 3334
f 3111 3109 3334
f 3334 3109 3335
f 3109 3107 3335
f 3335 3107 3336
f 3107 3105 3336
f 3336 2960 3335
f 2960 2958 3335
f 3335 2958 3334
f 2958 2957 3334
f 3334 2957 3333
f 2957 3118 3333
f 3333 3118 3332
f 3118 3119 3332
f 3332 3119 3331
f 3119 3120 3331
f 3331 3120 3330
f 3120 3122 3330
f 3330 3122 3329
f 3122 3337 3329
f 2647 2646 3122
f 2646 3338 3122
f 3122 3338 3337
f 3339 2645 3340
f 2645 2647 3340
f 3340 2647 3341
f 2647 3121 3341
f 3341 3121 2947
f 3121 2946 2947
f 2947 2946 2948
f 2946 2945 2948
f 2733 2940 2734
f 2940 2939 2734
f 2734 2939 2947
f 2939 3342 2947
f 2947 3342 3341
f 3342 3343 3341
f 3341 3343 3340
f 3343 3344 3340
f 3340 3344 3339
f 3344 3345 3339
f 2936 3346 2938
f 3346 3347 2938
f 2938 3347 2941
f 3347 3348 2941
f 2941 3348 2939
f 3348 3349 2939
f 2939 3349 3342
f 3349 3350 3342
f 3342 3350 3343
f 3350 3351 3343
f 3343 3351 3344
f 3351 2644 3344
f 3344 2644 3345
f 2644 2643 3345
f 3346 3352 3347
f 3352 3353 3347
f 3347 3353 3348
f 3353 3354 3348
f 3348 3354 3349
f 3354 3355 3349
f 3349 3355 3350
f 3355 3356 3350
f 3350 3356 3351
f 3356 3357 3351
f 3351 3357 2644
f 3357 2641 2644
f 2644 2641 2642
f 2641 2640 2642
f 3358 2639 3359
f 2639 2641 3359
f 3359 2641 3360
f 2641 3357 3360
f 3360 3357 3361
f 3357 3356 3361
f 3361 3356 3362
f 3356 3355 3362
f 3362 3355 3363
f 3355 3354 3363
f 3363 3354 3364
f 3354 3353 3364
f 3364 3353 3365
f 3353 3352 3365
f 3365 3123 3364
f 3123 3125 3364
f 3364 3125 3363
f 3125 3127 3363
f 3363 3127 3362
f 3127 3129 3362
f 3362 3129 3361
f 3129 3131 3361
f 3361 3131 3360
f 3131 3133 3360
f 3360 3133 3359
f 3133 3135 3359
f 3359 3135 3358
f 3135 3366 3358
f 2638 2637 3135
f 2637 3367 3135
f 3135 3367 3366
f 3368 2636 3369
f 2636 2638 3369
f 3369 2638 3370
f 2638 3134 3370
f 3370 3134 3371
f 3134 3132 3371
f 3371 3132 3372
f 3132 3130 3372
f 3372 3130 2929
f 3130 3128 2929
f 2929 3128 2930
f 3128 3126 2930
f 2930 3126 2932
f 3126 3124 2932
f 2931 3373 2929
f 3373 2735 2929
f 2929 2735 3372
f 2735 2737 3372
f 3372 2737 3371
f 2737 2919 3371
f 3371 2919 3370
f 2919 3374 3370
f 3370 3374 3369
f 3374 2635 3369
f 3369 2635 3368
f 2635 2634 3368
f 2631 2633 2632
f 2633 2635 2632
f 2632 2635 3375
f 2635 3374 3375
f 3375 3374 2920
f 3374 2919 2920
f 2920 2919 2921
f 2919 2918 2921
f 2739 2913 2740
f 2913 2912 2740
f 2740 2912 2920
f 2912 3376 2920
f 2920 3376 3375
f 3376 3377 3375
f 3375 3377 2632
f 3377 2629 2632
f 2632 2629 2630
f 2629 2628 2630
f 3378 2627 3379
f 2627 2629 3379
f 3379 2629 3380
f 2629 3377 3380
f 3380 3377 3381
f 3377 3376 3381
f 3381 3376 3382
f 3376 2912 3382
f 3382 2912 3383
f 2912 2914 3383
f 3383 2914 3384
f 2914 2911 3384
f 3384 2911 3385
f 2911 2909 3385
f 3385 3005 3384
f 3005 3006 3384
f 3384 3006 3383
f 3006 3007 3383
f 3383 3007 3382
f 3007 3008 3382
f 3382 3008 3381
f 3008 3009 3381
f 3381 3009 3380
f 3009 3010 3380
f 3380 3010 3379
f 3010 2626 3379
f 3379 2626 3378
f 2626 2625 3378
f 2904 2741 2905
f 2741 3019 2905
f 2905 3019 2993
f 3019 3018 2993
f 2993 3018 2998
f 3018 3011 2998
f 2998 3011 3004
f 3011 3013 3004
f 3004 3013 2626
f 3013 3136 2626
f 2626 3136 2624
f 3386 3387 3388
f 3387 3389 3388
f 3388 3389 3390
f 3389 3391 3390
f 3390 3391 3392
f 3391 3393 3392
f 3392 3393 3394
f 3393 3395 3394
f 3394 3395 3396
f 3395 3397 3396
f 3396 3397 3398
f 3397 3399 3398
f 3398 3399 3400
f 3399 3401 3400
f 3400 3401 3402
f 3401 3403 3402
f 3402 3403 3404
f 3403 3405 3404
f 3404 3405 3406
f 3405 3407 3406
f 3406 3407 3408
f 3407 3409 3408
f 3408 3409 3410
f 3409 3411 3410
f 3410 3411 3412
f 3411 3413 3412
f 3412 3413 3414
f 3413 3415 3414
f 3414 3415 3416
f 3415 3417 3416
f 3416 3417 3418
f 3417 3419 3418
f 3418 3419 3420
f 3419 3421 3420
f 3420 3421 3422
f 3421 3423 3422
f 3422 3423 3424
f 3423 3425 3424
f 3424 3425 3426
f 3425 3427 3426
f 3426 3427 3428
f 3427 3429 3428
f 3428 3429 3430
f 3429 3431 3430
f 3430 3431 3432
f 3431 3433 3432
f 3432 3433 3386
f 3433 3387 3386
f 3434 3435 3436
f 3435 3437 3436
f 3436 3437 3438
f 3437 3439 3438
f 3438 3439 3440
f 3439 3441 3440
f 3440 3441 3442
f 3441 3443 3442
f 3442 3443 3444
f 3443 3445 3444
f 3444 3445 3446
f 3445 3447 3446
f 3446 3447 3448
f 3447 3449 3448
f 3448 3449 3450
f 3449 3451 3450
f 3450 3451 3452
f 3451 3453 3452
f 3452 3453 3454
f 3453 3455 3454
f 3454 3455 3456
f 3455 3457 3456
f 3456 3457 3458
f 3457 3459 3458
f 3458 3459 3460
f 3459 3461 3460
f 3460 3461 3462
f 3461 3463 3462
f 3462 3463 3464
f 3463 3465 3464
f 3464 3465 3466
f 3465 3467 3466
f 3466 3467 3468
f 3467 3469 3468
f 3468 3469 3470
f 3469 3471 3470
f 3470 3471 3472
f 3471 3473 3472
f 3472 3473 3474
f 3473 3475 3474
f 3474 3475 3476
f 3475 3477 3476
f 3476 3477 3478
f 3477 3479 3478
f 3478 3479 3480
f 3479 3481 3480
f 3480 3481 3434
f 3481 3435 3434
f 3482 3483 3484
f 3485 3483 3486
f 3487 3488 3489
f 3490 3488 3491
f 3484 3490 3492
f 3493 3494 3495
f 3496 3494 3497
f 3489 3496 3498
f 3499 3500 3501
f 3502 3500 3503
f 3495 3502 3504
f 3505 3506 3507
f 3508 3506 3509
f 3501 3508 3510
f 3511 3512 3513
f 3514 3512 3515
f 3507 3514 3516
f 3517 3518 3519
f 3520 3518 3521
f 3513 3520 3522
f 3523 3524 3525
f 3526 3524 3527
f 3519 3526 3528
f 3525 3485 3529
f 3530 3531 3532
f 3533 3534 3535
f 3536 3537 3538
f 3539 3540 3541
f 3542 3543 3544
f 3545 3546 3547
f 3548 3549 3550
f 3551 3552 3553
f 3552 3554 3553
f 3553 3554 3555
f 3554 3556 3555
f 3555 3556 3557
f 3556 3558 3557
f 3557 3558 3559
f 3558 3560 3559
f 3559 3560 3561
f 3560 3562 3561
f 3563 3564 3565
f 3564 3566 3565
f 3565 3566 3567
f 3566 3568 3567
f 3567 3568 3569
f 3568 3570 3569
f 3569 3570 3571
f 3570 3572 3571
f 3571 3572 3573
f 3572 3574 3573
f 3564 3575 3566
f 3575 3576 3566
f 3566 3576 3568
f 3576 3577 3568
f 3568 3577 3570
f 3577 3578 3570
f 3570 3578 3572
f 3578 3579 3572
f 3572 3579 3574
f 3579 3580 3574
f 3574 3580 3581
f 3580 3582 3581
f 3583 3584 3585
f 3584 3586 3585
f 3585 3586 3587
f 3586 3588 3587
f 3587 3588 3589
f 3588 3590 3589
f 3589 3590 3591
f 3590 3592 3591
f 3591 3592 3593
f 3592 3594 3593
f 3584 3595 3586
f 3595 3596 3586
f 3586 3596 3588
f 3596 3597 3588
f 3588 3597 3590
f 3597 3598 3590
f 3590 3598 3592
f 3598 3599 3592
f 3592 3599 3594
f 3599 3600 3594
f 3594 3600 3601
f 3600 3602 3601
f 3603 3604 3605
f 3604 3606 3605
f 3605 3606 3607
f 3606 3608 3607
f 3607 3608 3609
f 3608 3610 3609
f 3609 3610 3611
f 3610 3612 3611
f 3611 3612 3613
f 3612 3614 3613
f 3604 3615 3606
f 3615 3616 3606
f 3606 3616 3608
f 3616 3617 3608
f 3608 3617 3610
f 3617 3618 3610
f 3610 3618 3612
f 3618 3619 3612
f 3612 3619 3614
f 3619 3620 3614
f 3614 3620 3621
f 3620 3622 3621
f 3623 3624 3625
f 3624 3626 3625
f 3625 3626 3627
f 3626 3628 3627
f 3627 3628 3629
f 3628 3630 3629
f 3629 3630 3631
f 3630 3632 3631
f 3631 3632 3633
f 3632 3634 3633
f 3624 3635 3626
f 3635 3636 3626
f 3626 3636 3628
f 3636 3637 3628
f 3628 3637 3630
f 3637 3638 3630
f 3630 3638 3632
f 3638 3639 3632
f 3632 3639 3634
f 3639 3640 3634
f 3634 3640 3641
f 3640 3642 3641
f 3643 3644 3645
f 3644 3646 3645
f 3645 3646 3647
f 3646 3648 3647
f 3647 3648 3649
f 3648 3650 3649
f 3649 3650 3651
f 3650 3652 3651
f 3651 3652 3653
f 3652 3654 3653
f 3655 3656 3657
f 3656 3658 3657
f 3657 3658 3659
f 3658 3660 3659
f 3659 3660 3661
f 3660 3662 3661
f 3661 3662 3663
f 3662 3664 3663
f 3663 3664 3665
f 3664 3666 3665
f 3656 3667 3658
f 3667 3668 3658
f 3658 3668 3660
f 3668 3669 3660
f 3660 3669 3662
f 3669 3670 3662
f 3662 3670 3664
f 3670 3671 3664
f 3664 3671 3666
f 3671 3672 3666
f 3666 3672 3673
f 3672 3674 3673
f 3675 3676 3677
f 3676 3678 3677
f 3677 3678 3679
f 3678 3680 3679
f 3679 3680 3681
f 3680 3682 3681
f 3681 3682 3683
f 3682 3684 3683
f 3683 3684 3685
f 3684 3686 3685
f 3687 3688 3689
f 3688 3690 3689
f 3689 3690 3691
f 3690 3692 3691
f 3691 3692 3693
f 3692 3694 3693
f 3693 3694 3695
f 3694 3696 3695
f 3695 3696 3697
f 3696 3698 3697
f 3688 3699 3690
f 3699 3700 3690
f 3690 3700 3692
f 3700 3701 3692
f 3692 3701 3694
f 3701 3702 3694
f 3694 3702 3696
f 3702 3703 3696
f 3696 3703 3698
f 3703 3704 3698
f 3698 3704 3705
f 3704 3706 3705
f 3707 3708 3709
f 3708 3710 3709
f 3709 3710 3711
f 3710 3712 3711
f 3711 3712 3713
f 3712 3714 3713
f 3713 3714 3715
f 3714 3716 3715
f 3715 3716 3717
f 3716 3718 3717
f 3708 3719 3710
f 3719 3720 3710
f 3710 3720 3712
f 3720 3721 3712
f 3712 3721 3714
f 3721 3722 3714
f 3714 3722 3716
f 3722 3723 3716
f 3716 3723 3718
f 3723 3724 3718
f 3718 3724 3725
f 3724 3726 3725
f 3727 3728 3729
f 3728 3730 3729
f 3729 3730 3731
f 3730 3732 3731
f 3731 3732 3733
f 3732 3734 3733
f 3733 3734 3735
f 3734 3736 3735
f 3735 3736 3737
f 3736 3738 3737
f 3739 3740 3741
f 3740 3742 3741
f 3741 3742 3743
f 3742 3744 3743
f 3743 3744 3745
f 3744 3746 3745
f 3745 3746 3747
f 3746 3748 3747
f 3747 3748 3749
f 3748 3750 3749
f 3740 3751 3742
f 3751 3752 3742
f 3742 3752 3744
f 3752 3753 3744
f 3744 3753 3746
f 3753 3754 3746
f 3746 3754 3748
f 3754 3755 3748
f 3748 3755 3750
f 3755 3756 3750
f 3750 3756 3757
f 3756 3758 3757
f 3759 3551 3760
f 3551 3553 3760
f 3760 3553 3761
f 3553 3555 3761
f 3761 3555 3762
f 3555 3557 3762
f 3762 3557 3763
f 3557 3559 3763
f 3763 3559 3550
f 3559 3561 3550
f 3550 3561 3548
f 3764 3765 3766
f 3765 3562 3766
f 3766 3562 3767
f 3562 3560 3767
f 3767 3560 3768
f 3560 3558 3768
f 3768 3558 3769
f 3558 3556 3769
f 3769 3556 3770
f 3556 3554 3770
f 3770 3554 3771
f 3554 3552 3771
f 3765 3772 3562
f 3772 3773 3562
f 3562 3773 3561
f 3773 3774 3561
f 3561 3774 3548
f 3771 3563 3770
f 3563 3565 3770
f 3770 3565 3769
f 3565 3567 3769
f 3769 3567 3768
f 3567 3569 3768
f 3768 3569 3767
f 3569 3571 3767
f 3767 3571 3766
f 3571 3573 3766
f 3766 3573 3764
f 3581 3775 3574
f 3775 3776 3574
f 3574 3776 3573
f 3776 3777 3573
f 3573 3777 3764
f 3575 3583 3576
f 3583 3585 3576
f 3576 3585 3577
f 3585 3587 3577
f 3577 3587 3578
f 3587 3589 3578
f 3578 3589 3579
f 3589 3591 3579
f 3579 3591 3580
f 3591 3593 3580
f 3580 3593 3582
f 3601 3778 3594
f 3778 3779 3594
f 3594 3779 3593
f 3779 3780 3593
f 3593 3780 3582
f 3546 3602 3547
f 3602 3600 3547
f 3547 3600 3781
f 3600 3599 3781
f 3781 3599 3782
f 3599 3598 3782
f 3782 3598 3783
f 3598 3597 3783
f 3783 3597 3784
f 3597 3596 3784
f 3784 3596 3785
f 3596 3595 3785
f 3785 3603 3784
f 3603 3605 3784
f 3784 3605 3783
f 3605 3607 3783
f 3783 3607 3782
f 3607 3609 3782
f 3782 3609 3781
f 3609 3611 3781
f 3781 3611 3547
f 3611 3613 3547
f 3547 3613 3545
f 3621 3786 3614
f 3786 3787 3614
f 3614 3787 3613
f 3787 3788 3613
f 3613 3788 3545
f 3615 3789 3616
f 3789 3790 3616
f 3616 3790 3617
f 3790 3791 3617
f 3617 3791 3618
f 3791 3792 3618
f 3618 3792 3619
f 3792 3793 3619
f 3619 3793 3620
f 3793 3544 3620
f 3620 3544 3622
f 3544 3543 3622
f 3789 3623 3790
f 3623 3625 3790
f 3790 3625 3791
f 3625 3627 3791
f 3791 3627 3792
f 3627 3629 3792
f 3792 3629 3793
f 3629 3631 3793
f 3793 3631 3544
f 3631 3633 3544
f 3544 3633 3542
f 3641 3794 3634
f 3794 3795 3634
f 3634 3795 3633
f 3795 3796 3633
f 3633 3796 3542
f 3635 3797 3636
f 3797 3798 3636
f 3636 3798 3637
f 3798 3799 3637
f 3637 3799 3638
f 3799 3800 3638
f 3638 3800 3639
f 3800 3801 3639
f 3639 3801 3640
f 3801 3541 3640
f 3640 3541 3642
f 3541 3540 3642
f 3797 3643 3798
f 3643 3645 3798
f 3798 3645 3799
f 3645 3647 3799
f 3799 3647 3800
f 3647 3649 3800
f 3800 3649 3801
f 3649 3651 3801
f 3801 3651 3541
f 3651 3653 3541
f 3541 3653 3539
f 3802 3803 3804
f 3803 3654 3804
f 3804 3654 3805
f 3654 3652 3805
f 3805 3652 3806
f 3652 3650 3806
f 3806 3650 3807
f 3650 3648 3807
f 3807 3648 3808
f 3648 3646 3808
f 3808 3646 3809
f 3646 3644 3809
f 3803 3810 3654
f 3810 3811 3654
f 3654 3811 3653
f 3811 3812 3653
f 3653 3812 3539
f 3809 3655 3808
f 3655 3657 3808
f 3808 3657 3807
f 3657 3659 3807
f 3807 3659 3806
f 3659 3661 3806
f 3806 3661 3805
f 3661 3663 3805
f 3805 3663 3804
f 3663 3665 3804
f 3804 3665 3802
f 3673 3813 3666
f 3813 3814 3666
f 3666 3814 3665
f 3814 3815 3665
f 3665 3815 3802
f 3667 3816 3668
f 3816 3817 3668
f 3668 3817 3669
f 3817 3818 3669
f 3669 3818 3670
f 3818 3819 3670
f 3670 3819 3671
f 3819 3820 3671
f 3671 3820 3672
f 3820 3538 3672
f 3672 3538 3674
f 3538 3537 3674
f 3816 3675 3817
f 3675 3677 3817
f 3817 3677 3818
f 3677 3679 3818
f 3818 3679 3819
f 3679 3681 3819
f 3819 3681 3820
f 3681 3683 3820
f 3820 3683 3538
f 3683 3685 3538
f 3538 3685 3536
f 3821 3822 3823
f 3822 3686 3823
f 3823 3686 3824
f 3686 3684 3824
f 3824 3684 3825
f 3684 3682 3825
f 3825 3682 3826
f 3682 3680 3826
f 3826 3680 3827
f 3680 3678 3827
f 3827 3678 3828
f 3678 3676 3828
f 3822 3829 3686
f 3829 3830 3686
f 3686 3830 3685
f 3830 3831 3685
f 3685 3831 3536
f 3828 3687 3827
f 3687 3689 3827
f 3827 3689 3826
f 3689 3691 3826
f 3826 3691 3825
f 3691 3693 3825
f 3825 3693 3824
f 3693 3695 3824
f 3824 3695 3823
f 3695 3697 3823
f 3823 3697 3821
f 3705 3832 3698
f 3832 3833 3698
f 3698 3833 3697
f 3833 3834 3697
f 3697 3834 3821
f 3699 3835 3700
f 3835 3836 3700
f 3700 3836 3701
f 3836 3837 3701
f 3701 3837 3702
f 3837 3838 3702
f 3702 3838 3703
f 3838 3839 3703
f 3703 3839 3704
f 3839 3535 3704
f 3704 3535 3706
f 3535 3534 3706
f 3835 3707 3836
f 3707 3709 3836
f 3836 3709 3837
f 3709 3711 3837
f 3837 3711 3838
f 3711 3713 3838
f 3838 3713 3839
f 3713 3715 3839
f 3839 3715 3535
f 3715 3717 3535
f 3535 3717 3533
f 3725 3840 3718
f 3840 3841 3718
f 3718 3841 3717
f 3841 3842 3717
f 3717 3842 3533
f 3719 3843 3720
f 3843 3844 3720
f 3720 3844 3721
f 3844 3845 3721
f 3721 3845 3722
f 3845 3846 3722
f 3722 3846 3723
f 3846 3847 3723
f 3723 3847 3724
f 3847 3532 3724
f 3724 3532 3726
f 3532 3531 3726
f 3843 3727 3844
f 3727 3729 3844
f 3844 3729 3845
f 3729 3731 3845
f 3845 3731 3846
f 3731 3733 3846
f 3846 3733 3847
f 3733 3735 3847
f 3847 3735 3532
f 3735 3737 3532
f 3532 3737 3530
f 3848 3849 3850
f 3849 3738 3850
f 3850 3738 3851
f 3738 3736 3851
f 3851 3736 3852
f 3736 3734 3852
f 3852 3734 3853
f 3734 3732 3853
f 3853 3732 3854
f 3732 3730 3854
f 3854 3730 3855
f 3730 3728 3855
f 3849 3856 3738
f 3856 3857 3738
f 3738 3857 3737
f 3857 3858 3737
f 3737 3858 3530
f 3855 3739 3854
f 3739 3741 3854
f 3854 3741 3853
f 3741 3743 3853
f 3853 3743 3852
f 3743 3745 3852
f 3852 3745 3851
f 3745 3747 3851
f 3851 3747 3850
f 3747 3749 3850
f 3850 3749 3848
f 3757 3859 3750
f 3859 3860 3750
f 3750 3860 3749
f 3860 3861 3749
f 3749 3861 3848
f 3751 3759 3752
f 3759 3760 3752
f 3752 3760 3753
f 3760 3761 3753
f 3753 3761 3754
f 3761 3762 3754
f 3754 3762 3755
f 3762 3763 3755
f 3755 3763 3756
f 3763 3550 3756
f 3756 3550 3758
f 3550 3549 3758
f 3862 3863 3864
f 3865 3866 3867
f 3866 3868 3867
f 3867 3868 3869
f 3870 3871 3865
f 3871 3872 3865
f 3865 3872 3866
f 3873 3874 3875
f 3874 3876 3875
f 3875 3876 3877
f 3876 3878 3877
f 3877 3878 3870
f 3878 3879 3870
f 3870 3879 3871
f 3873 3875 3880
f 3875 3881 3880
f 3880 3881 3882
f 3881 3883 3882
f 3882 3883 3884
f 3884 3883 3885
f 3883 3886 3885
f 3885 3886 3887
f 3887 3886 3888
f 3886 3889 3888
f 3888 3889 3890
f 3889 3891 3890
f 3890 3891 3892
f 3892 3891 3893
f 3891 3894 3893
f 3893 3894 3895
f 3894 3896 3895
f 3895 3896 3897
f 3897 3896 3898
f 3896 3899 3898
f 3898 3899 3900
f 3863 3862 3899
f 3862 3901 3899
f 3899 3901 3900
f 3902 3903 3904
f 3903 3905 3904
f 3904 3905 3864
f 3905 3906 3864
f 3864 3906 3862
f 3907 3908 3902
f 3908 3909 3902
f 3902 3909 3903
f 3902 3910 3907
f 3910 3911 3907
f 3907 3911 3912
f 3911 3913 3912
f 3912 3913 3914
f 3914 3913 3915
f 3913 3916 3915
f 3915 3916 3917
f 3918 3919 3920
f 3919 3917 3920
f 3920 3917 3921
f 3917 3916 3921
f 3922 3923 3924
f 3923 3925 3924
f 3924 3925 3918
f 3925 3926 3918
f 3918 3926 3919
f 3927 3928 3929
f 3928 3930 3929
f 3929 3930 3922
f 3930 3931 3922
f 3922 3931 3923
f 3932 3933 3927
f 3933 3934 3927
f 3927 3934 3928
f 3935 3936 3937
f 3936 3938 3937
f 3937 3938 3939
f 3938 3940 3939
f 3939 3940 3941
f 3940 3942 3941
f 3941 3942 3943
f 3942 3944 3943
f 3943 3944 3932
f 3944 3945 3932
f 3932 3945 3933
f 3946 3947 3948
f 3947 3949 3948
f 3948 3949 3935
f 3949 3950 3935
f 3935 3950 3936
f 3946 3948 3951
f 3948 3952 3951
f 3951 3952 3953
f 3952 3954 3953
f 3953 3954 3955
f 3954 3956 3955
f 3955 3956 3957
f 3958 3959 3960
f 3959 3961 3960
f 3960 3961 3962
f 3961 3963 3962
f 3962 3963 3956
f 3963 3964 3956
f 3956 3964 3957
f 3868 3965 3869
f 3965 3966 3869
f 3869 3966 3967
f 3966 3968 3967
f 3967 3968 3969
f 3968 3970 3969
f 3969 3970 3958
f 3970 3971 3958
f 3958 3971 3959
f 3972 3973 3974
f 3974 3975 3972
f 3975 3976 3972
f 3972 3976 3977
f 3976 3978 3977
f 3976 3979 3978
f 3979 3980 3978
f 3978 3980 3981
f 3980 3982 3981
f 3980 3983 3982
f 3983 3984 3982
f 3982 3984 3985
f 3984 3986 3985
f 3985 3986 3987
f 3986 3988 3987
f 3987 3988 3989
f 3988 3990 3989
f 3990 3991 3989
f 3989 3991 3992
f 3991 3993 3992
f 3993 3994 3992
f 3992 3994 3995
f 3994 3996 3995
f 3996 3997 3995
f 3997 3998 3995
f 3995 3998 3999
f 3998 4000 3999
f 4000 4001 3999
f 3999 4001 4002
f 4001 4003 4002
f 4002 4003 4004
f 4003 4005 4004
f 4004 4005 4006
f 4005 4007 4006
f 4006 4007 4008
f 4007 4009 4008
f 4008 4009 4010
f 4009 4011 4010
f 4010 4011 4012
f 4011 4013 4012
f 4012 4013 4014
f 4013 4015 4014
f 4015 4016 4014
f 4014 4016 4017
f 4016 4018 4017
f 4018 4019 4017
f 4017 4019 4020
f 4019 4021 4020
f 4020 4021 4022
f 4021 4023 4022
f 4022 4023 4024
f 4023 4025 4024
f 4025 4026 4024
f 4024 4026 4027
f 4026 4028 4027
f 4028 4029 4027
f 4027 4029 4030
f 4029 4031 4030
f 4030 4031 4032
f 4031 4033 4032
f 4032 4033 4034
f 4033 4035 4034
f 4035 4036 4034
f 4034 4036 4037
f 4036 4038 4037
f 4037 4038 4039
f 4039 4038 4040
f 4038 4041 4040
f 4040 4041 4042
f 4041 4043 4042
f 4043 4044 4042
f 4042 4044 4045
f 4044 4046 4045
f 4046 4047 4045
f 4045 4047 4048
f 4047 4049 4048
f 4049 4050 4048
f 4048 4050 4051
f 4050 4052 4051
f 4052 4053 4051
f 4051 4053 4054
f 4053 4055 4054
f 4055 4056 4054
f 4054 4056 4057
f 4056 4058 4057
f 4057 4058 4059
f 4058 4060 4059
f 4059 4060 4061
f 4060 4062 4061
f 4062 4063 4061
f 4061 4063 4064
f 4063 4065 4064
f 4064 4065 4066
f 4065 4067 4066
f 4066 4067 4068
f 4067 4069 4068
f 4068 4069 4070
f 4069 4071 4070
f 4070 4071 4072
f 4071 4073 4072
f 4073 4074 4072
f 4072 4074 4075
f 4074 4076 4075
f 4075 4076 3973
f 4076 4077 3973
f 3973 4077 3974
f 4078 4079 4080
f 4079 4081 4080
f 4080 4081 4082
f 4081 4083 4082
f 4082 4083 3104
f 4083 4084 3104
f 4084 4085 3104
f 3104 4085 3105
f 4086 4087 4088
f 4087 4089 4088
f 4088 4089 4090
f 2771 4091 2772
f 4091 4092 2772
f 2772 4092 3279
f 4092 4093 3279
f 3279 4093 3290
f 3304 3291 4094
f 3223 3060 4095
f 3186 4096 4097
f 3105 4085 3336
f 4085 4098 3336
f 3336 4098 2960
f 4098 4099 2960
f 2960 4099 2961
f 4100 3318 4101
f 3318 2964 4101
f 4101 2964 4102
f 2964 2963 4102
f 4103 4104 4105
f 4106 2796 2795
f 4094 3291 4107
f 4088 4108 4086
f 4108 4109 4086
f 4086 4109 4110
f 4109 4111 4110
f 4110 4111 4112
f 4113 4114 4115
f 3186 3043 4096
f 3043 3042 4096
f 4096 3042 4116
f 3042 2854 4116
f 4116 2854 4117
f 2854 2853 4117
f 4118 4119 4120
f 4119 4121 4120
f 4120 4121 4122
f 4121 4123 4122
f 4122 4123 4124
f 4123 4125 4124
f 4124 4125 4126
f 4125 4127 4126
f 2999 4128 4129
f 4130 4131 4132
f 4131 4133 4132
f 4132 4133 4134
f 4105 4104 4135
f 4104 4082 4135
f 4135 4082 4136
f 4082 3104 4136
f 4136 3104 4100
f 3104 3326 4100
f 4100 3326 3318
f 3290 4093 3291
f 4093 4137 3291
f 3291 4137 4107
f 3304 4094 3090
f 4094 4138 3090
f 3090 4138 2987
f 4138 4139 2987
f 2987 4139 2988
f 3029 4140 4141
f 4142 4143 4127
f 4143 4144 4127
f 4127 4144 4145
f 4144 4146 4145
f 4145 4146 4147
f 4148 4149 4150
f 4149 4151 4150
f 4150 4151 4152
f 4151 4153 4152
f 4152 4153 4154
f 4153 4155 4154
f 4154 4155 4078
f 4155 4156 4078
f 4078 4156 4079
f 4105 4157 4103
f 4157 4158 4103
f 4103 4158 4159
f 4158 4160 4159
f 4159 4160 4161
f 4160 4162 4161
f 4161 4162 4163
f 4162 4164 4163
f 4165 4166 4107
f 4111 4167 4112
f 4167 4168 4112
f 4112 4168 4113
f 4168 4169 4113
f 4113 4169 4114
f 4170 4171 4172
f 4171 4173 4172
f 4172 4173 4118
f 4173 4174 4118
f 4118 4174 4119
f 3187 4175 3198
f 4175 4176 3198
f 3198 4176 2850
f 4176 4177 2850
f 2850 4177 2851
f 4127 4125 4142
f 4125 4178 4142
f 4142 4178 4141
f 4129 4179 4180
f 4179 4181 4180
f 4180 4181 4130
f 4181 4182 4130
f 4130 4182 4131
f 2994 4183 2990
f 4183 4184 2990
f 2990 4184 2902
f 4184 4185 2902
f 2902 4185 2903
f 3365 4186 4148
f 3030 4187 3164
f 4187 4188 3164
f 3164 4188 2877
f 4188 4189 2877
f 2877 4189 2878
f 2994 2999 4183
f 2999 4129 4183
f 4183 4129 4190
f 4129 4180 4190
f 4190 4180 4191
f 4180 4192 4191
f 4191 4192 4193
f 4192 4194 4193
f 4193 4194 4195
f 4194 4147 4195
f 4195 4147 4196
f 4147 4146 4196
f 3365 3352 4186
f 3352 3346 4186
f 4186 3346 4197
f 3346 2936 4197
f 4197 2936 4198
f 2936 2935 4198
f 4164 4162 4165
f 4162 4199 4165
f 4165 4199 4166
f 3247 4200 4201
f 4202 4203 4204
f 4203 4205 4204
f 4204 4205 4090
f 4170 4113 4171
f 4113 4115 4171
f 4171 4115 4097
f 4115 4175 4097
f 4097 4175 3186
f 4175 3187 3186
f 3030 3029 4187
f 3029 4141 4187
f 4187 4141 4206
f 4141 4178 4206
f 2999 3005 4128
f 3005 3385 4128
f 4128 3385 4207
f 3385 2909 4207
f 4207 2909 4208
f 2909 2908 4208
f 3123 3365 4209
f 3365 4148 4209
f 4209 4148 4210
f 4148 4150 4210
f 4210 4150 4211
f 4150 4212 4211
f 4211 4212 4213
f 4212 4134 4213
f 4213 4134 4214
f 4134 4133 4214
f 3123 4209 3124
f 4209 4215 3124
f 3124 4215 2932
f 4215 4216 2932
f 2932 4216 2933
f 4137 4217 4107
f 4217 4218 4107
f 4107 4218 4165
f 4218 4219 4165
f 4165 4219 4220
f 4219 4221 4220
f 4220 4221 4222
f 4221 4223 4222
f 4223 4224 4222
f 4222 4224 4225
f 4224 4226 4225
f 4225 4226 4227
f 4226 4228 4227
f 4227 4228 4229
f 3223 4095 3231
f 4095 4230 3231
f 3231 4230 2822
f 4230 4231 2822
f 2822 4231 2823
f 3029 3154 4140
f 3154 3020 4140
f 4140 3020 4232
f 3020 2881 4232
f 4232 2881 4233
f 2881 2880 4233
f 4106 2795 4234
f 2795 3261 4234
f 4234 3261 4235
f 3247 3246 4200
f 3246 3078 4200
f 4200 3078 4236
f 3078 2799 4236
f 4236 2799 4237
f 2799 2798 4237
f 3261 3255 4235
f 3255 3247 4235
f 4235 3247 4229
f 3247 4201 4229
f 4229 4201 4227
f 4201 4238 4227
f 4227 4238 4239
f 4238 4240 4239
f 4239 4240 4202
f 4240 4241 4202
f 4202 4241 4203
f 4242 3215 4243
f 3215 2826 4243
f 4243 2826 4244
f 2826 2825 4244
f 4245 4246 4247
f 4246 4088 4247
f 4247 4088 4248
f 4088 4090 4248
f 4248 4090 4249
f 4090 4205 4249
f 4245 4095 4246
f 4095 3060 4246
f 4246 3060 4242
f 3060 3059 4242
f 4242 3059 3215
f 4250 4251 4252
f 4251 4253 4252
f 4250 4252 4254
f 4252 4255 4254
f 4254 4255 4256
f 4256 4255 4257
f 4255 4258 4257
f 4257 4258 4259
f 4259 4258 4260
f 4258 4261 4260
f 4260 4261 4262
f 4262 4261 4263
f 4261 4264 4263
f 4263 4264 4265
f 4265 4264 4266
f 4264 4267 4266
f 4266 4267 4268
f 4268 4267 4269
f 4267 4270 4269
f 4269 4270 4271
f 4272 4273 4270
f 4273 4274 4270
f 4270 4274 4271
f 4275 4276 4277
f 4277 4278 4275
f 4278 4279 4275
f 4275 4279 4272
f 4279 4280 4272
f 4272 4280 4273
f 4281 4282 4283
f 4283 4284 4281
f 4284 4285 4281
f 4281 4285 4276
f 4285 4286 4276
f 4276 4286 4277
f 4287 4288 4289
f 4289 4290 4287
f 4290 4291 4287
f 4287 4291 4282
f 4291 4292 4282
f 4282 4292 4283
f 4293 4294 4295
f 4295 4296 4293
f 4296 4297 4293
f 4293 4297 4288
f 4297 4298 4288
f 4288 4298 4289
f 4299 4300 4301
f 4301 4302 4299
f 4302 4303 4299
f 4299 4303 4294
f 4303 4304 4294
f 4294 4304 4295
f 4305 4306 4307
f 4307 4308 4305
f 4308 4309 4305
f 4305 4309 4300
f 4309 4310 4300
f 4300 4310 4301
f 4311 4312 4313
f 4312 4314 4313
f 4313 4314 4306
f 4314 4315 4306
f 4306 4315 4307
f 4316 4317 4311
f 4317 4318 4311
f 4311 4318 4312
f 4319 4320 4316
f 4320 4321 4316
f 4316 4321 4317
f 4322 4323 4319
f 4323 4324 4319
f 4319 4324 4320
f 4325 4326 4322
f 4326 4327 4322
f 4322 4327 4323
f 4328 4329 4325
f 4329 4330 4325
f 4325 4330 4326
f 4331 4332 4328
f 4332 4333 4328
f 4328 4333 4329
f 4334 4335 4331
f 4335 4336 4331
f 4331 4336 4332
f 4337 4338 4334
f 4338 4339 4334
f 4334 4339 4335
f 4340 4341 4337
f 4341 4342 4337
f 4337 4342 4338
f 4343 4344 4340
f 4344 4345 4340
f 4340 4345 4341
f 4346 4347 4343
f 4347 4348 4343
f 4343 4348 4344
f 4349 4350 4346
f 4350 4351 4346
f 4346 4351 4347
f 4352 4353 4349
f 4353 4354 4349
f 4349 4354 4350
f 4355 4356 4352
f 4356 4357 4352
f 4352 4357 4353
f 4358 4359 4355
f 4359 4360 4355
f 4355 4360 4356
f 4361 4362 4358
f 4362 4363 4358
f 4358 4363 4359
f 4364 4365 4361
f 4365 4366 4361
f 4361 4366 4362
f 4367 4368 4364
f 4368 4369 4364
f 4364 4369 4365
f 4370 4371 4367
f 4371 4372 4367
f 4367 4372 4368
f 4251 4373 4253
f 4373 4374 4253
f 4253 4374 4375
f 4374 4376 4375
f 4375 4376 4377
f 4376 4378 4377
f 4377 4378 4370
f 4378 4379 4370
f 4370 4379 4371
f 4380 4381 4382
f 4380 4383 4381
f 4383 4384 4381
f 4381 4384 4385
f 4384 4386 4385
f 4386 4387 4385
f 4385 4387 4388
f 4387 4389 4388
f 4389 4390 4388
f 4388 4390 4391
f 4390 4392 4391
f 4392 4393 4391
f 4391 4393 4394
f 4393 4395 4394
f 4395 4396 4394
f 4394 4396 4397
f 4396 4398 4397
f 4398 4399 4397
f 4397 4399 4400
f 4399 4401 4400
f 4401 4402 4400
f 4400 4402 4403
f 4402 4404 4403
f 4404 4405 4403
f 4403 4405 4406
f 4405 4407 4406
f 4407 4408 4406
f 4406 4408 4409
f 4408 4410 4409
f 4410 4411 4409
f 4409 4411 4412
f 4411 4413 4412
f 4413 4414 4412
f 4412 4414 4415
f 4414 4416 4415
f 4416 4417 4415
f 4415 4417 4418
f 4417 4419 4418
f 4419 4420 4418
f 4418 4420 4421
f 4420 4422 4421
f 4422 4423 4421
f 4421 4423 4424
f 4423 4425 4424
f 4425 4426 4424
f 4424 4426 4427
f 4426 4428 4427
f 4428 4429 4427
f 4427 4429 4430
f 4429 4431 4430
f 4431 4432 4430
f 4430 4432 4433
f 4432 4434 4433
f 4434 4435 4433
f 4433 4435 4436
f 4435 4437 4436
f 4437 4438 4436
f 4436 4438 4439
f 4438 4440 4439
f 4440 4441 4439
f 4439 4441 4442
f 4441 4443 4442
f 4442 4443 4444
f 4443 4445 4444
f 4444 4445 4446
f 4445 4447 4446
f 4447 4448 4446
f 4446 4448 4449
f 4448 4450 4449
f 4450 4451 4449
f 4449 4451 4452
f 4451 4453 4452
f 4453 4454 4452
f 4452 4454 4455
f 4454 4456 4455
f 4456 4457 4455
f 4455 4457 4458
f 4457 4459 4458
f 4459 4460 4458
f 4458 4460 4461
f 4460 4462 4461
f 4462 4463 4461
f 4461 4463 4464
f 4463 4465 4464
f 4465 4466 4464
f 4464 4466 4467
f 4466 4468 4467
f 4468 4469 4467
f 4467 4469 4470
f 4469 4471 4470
f 4471 4472 4470
f 4470 4472 4473
f 4472 4474 4473
f 4474 4475 4473
f 4473 4475 4476
f 4475 4477 4476
f 4477 4478 4476
f 4476 4478 4479
f 4478 4480 4479
f 4480 4481 4479
f 4479 4481 4482
f 4481 4483 4482
f 4483 4484 4482
f 4482 4484 4485
f 4484 4486 4485
f 4486 4487 4485
f 4485 4487 4488
f 4487 4489 4488
f 4489 4490 4488
f 4488 4490 4491
f 4490 4492 4491
f 4492 4493 4491
f 4491 4493 4494
f 4493 4495 4494
f 4495 4496 4494
f 4494 4496 4497
f 4496 4498 4497
f 4498 4499 4497
f 4497 4499 4500
f 4499 4501 4500
f 4501 4502 4500
f 4500 4502 4503
f 4502 4504 4503
f 4504 4505 4503
f 4503 4505 4506
f 4505 4507 4506
f 4507 4508 4506
f 4506 4508 4382
f 4508 4509 4382
f 4382 4509 4380
f 4510 4511 4512
f 4513 4514 4515
f 4516 4517 4518
f 4519 4520 4521
f 4522 4523 4524
f 4525 4526 4527
f 4526 4528 4527
f 4528 4529 4527
f 4529 4530 4527
f 4527 4530 4531
f 4523 4532 4524
f 4532 4533 4524
f 4524 4533 4534
f 4533 4535 4534
f 4536 4537 4538
f 4537 4539 4538
f 4535 4540 4534
f 4540 4541 4534
f 4534 4541 4542
f 4541 4543 4542
f 4542 4543 4544
f 4545 4546 4547
f 4546 4548 4547
f 4547 4548 4549
f 4548 4550 4549
f 4549 4550 4551
f 4550 4552 4551
f 4551 4552 4553
f 4552 4554 4553
f 4553 4554 4524
f 4554 4555 4524
f 4524 4555 4522
f 4539 4537 4556
f 4537 4557 4556
f 4556 4557 4558
f 4557 4559 4558
f 4558 4559 4560
f 4559 4561 4560
f 4560 4561 4562
f 4561 4563 4562
f 4562 4563 4564
f 4563 4565 4564
f 4564 4565 4544
f 4565 4566 4544
f 4544 4566 4542
f 4567 4568 4527
f 4568 4569 4527
f 4527 4569 4570
f 4537 4571 4572
f 4536 4525 4537
f 4525 4527 4537
f 4537 4527 4571
f 4527 4570 4571
f 4573 4574 4575
f 4574 4576 4575
f 4575 4576 4577
f 4576 4578 4577
f 4577 4578 4579
f 4578 4537 4579
f 4579 4537 4580
f 4537 4572 4580
f 4573 4581 4574
f 4581 4582 4574
f 4574 4582 4583
f 4582 4584 4583
f 4584 4585 4583
f 4583 4585 4586
f 4585 4587 4586
f 4587 4588 4586
f 4586 4588 4589
f 4588 4590 4589
f 4519 4521 4591
f 4592 4593 4594
f 4595 4596 4521
f 4596 4592 4521
f 4592 4594 4521
f 4521 4594 4591
f 4594 4597 4591
f 4591 4597 4598
f 4597 4589 4598
f 4598 4589 4599
f 4589 4590 4599
f 4593 4600 4594
f 4600 4601 4594
f 4594 4601 4602
f 4603 4604 4605
f 4604 4606 4605
f 4601 4607 4602
f 4607 4608 4602
f 4602 4608 4609
f 4608 4610 4609
f 4609 4610 4604
f 4610 4611 4604
f 4604 4611 4606
f 4611 4612 4606
f 4606 4612 4613
f 4612 4614 4613
f 4613 4614 4615
f 4614 4616 4615
f 4615 4616 4617
f 4616 4618 4617
f 4618 4619 4617
f 4617 4619 4620
f 4619 4621 4620
f 4620 4621 4622
f 4512 4623 4624
f 4511 4625 4512
f 4625 4620 4512
f 4512 4620 4623
f 4620 4622 4623
f 4625 4626 4620
f 4626 4627 4620
f 4620 4627 4628
f 4627 4629 4628
f 4629 4630 4628
f 4628 4630 4631
f 4632 4633 4634
f 4630 4635 4631
f 4635 4636 4631
f 4631 4636 4637
f 4636 4638 4637
f 4637 4638 4633
f 4638 4639 4633
f 4633 4639 4634
f 4516 4518 4640
f 4634 4641 4632
f 4641 4642 4632
f 4632 4642 4643
f 4642 4644 4643
f 4643 4644 4645
f 4644 4646 4645
f 4645 4646 4647
f 4648 4649 4650
f 4649 4651 4650
f 4650 4651 4652
f 4651 4653 4652
f 4648 4654 4649
f 4654 4655 4649
f 4649 4655 4656
f 4655 4657 4656
f 4658 4659 4518
f 4659 4660 4518
f 4518 4660 4661
f 4662 4663 4653
f 4663 4664 4653
f 4653 4664 4652
f 4647 4640 4645
f 4640 4518 4645
f 4645 4518 4665
f 4518 4661 4665
f 4665 4666 4645
f 4666 4667 4645
f 4645 4667 4668
f 4667 4669 4668
f 4668 4669 4670
f 4669 4671 4670
f 4671 4672 4670
f 4670 4672 4673
f 4672 4674 4673
f 4673 4674 4675
f 4676 4677 4678
f 4677 4673 4678
f 4678 4673 4662
f 4673 4675 4662
f 4662 4675 4663
f 4679 4680 4649
f 4649 4680 4681
f 4680 4682 4681
f 4681 4682 4683
f 4684 4685 4656
f 4685 4686 4656
f 4656 4686 4649
f 4686 4687 4649
f 4649 4687 4679
f 4688 4689 4690
f 4689 4691 4690
f 4690 4691 4692
f 4682 4693 4683
f 4693 4694 4683
f 4683 4694 4688
f 4694 4695 4688
f 4688 4695 4689
f 4513 4515 4696
f 4691 4697 4692
f 4697 4698 4692
f 4692 4698 4699
f 4698 4700 4699
f 4700 4701 4699
f 4699 4701 4702
f 4701 4703 4702
f 4704 4705 4706
f 4707 4708 4709
f 4708 4710 4709
f 4709 4710 4711
f 4712 4713 4714
f 4715 4716 4705
f 4716 4717 4705
f 4705 4717 4706
f 4707 4718 4719
f 4719 4720 4707
f 4720 4721 4707
f 4707 4721 4722
f 4711 4723 4709
f 4723 4724 4709
f 4709 4724 4725
f 4714 4713 4726
f 4706 4727 4704
f 4727 4728 4704
f 4704 4728 4729
f 4728 4730 4729
f 4729 4730 4718
f 4730 4731 4718
f 4718 4731 4719
f 4722 4732 4707
f 4732 4733 4707
f 4707 4733 4708
f 4703 4696 4702
f 4696 4515 4702
f 4702 4515 4734
f 4515 4709 4734
f 4734 4709 4714
f 4709 4725 4714
f 4714 4725 4712
f 4713 4735 4726
f 4735 4736 4726
f 4726 4736 4715
f 4736 4737 4715
f 4715 4737 4716
f 4738 4739 4740
f 4741 4742 4707
f 4742 4743 4707
f 4707 4743 4718
f 4743 4738 4718
f 4718 4738 4744
f 4738 4740 4744
f 4745 4746 4747
f 4747 4748 4745
f 4748 4749 4745
f 4745 4749 4750
f 4749 4751 4750
f 4739 4752 4740
f 4752 4753 4740
f 4740 4753 4746
f 4753 4754 4746
f 4746 4754 4747
f 4751 4755 4750
f 4755 4756 4750
f 4750 4756 4757
f 4756 4758 4757
f 4757 4758 4759
f 4758 4760 4759
f 4759 4760 4534
f 4760 4761 4534
f 4534 4761 4762
f 4762 4763 4534
f 4763 4764 4534
f 4534 4764 4524
f 4764 4765 4524
f 4524 4765 4766
f 4767 4768 4769
f 4768 4770 4769
f 4769 4770 4524
f 4770 4771 4524
f 4524 4771 4553
f 4767 4769 4772
f 4769 4707 4772
f 4772 4707 4773
f 4774 4775 4709
f 4775 4776 4709
f 4709 4776 4707
f 4776 4777 4707
f 4707 4777 4773
f 4778 4779 4780
f 4779 4781 4780
f 4780 4781 4515
f 4781 4782 4515
f 4515 4782 4709
f 4782 4783 4709
f 4709 4783 4774
f 4657 4784 4656
f 4784 4785 4656
f 4656 4785 4780
f 4785 4786 4780
f 4786 4787 4780
f 4780 4787 4788
f 4778 4780 4789
f 4780 4788 4789
f 4789 4788 4790
f 4788 4791 4790
f 4790 4791 4792
f 4658 4518 4793
f 4518 4794 4793
f 4793 4794 4795
f 4791 4796 4792
f 4796 4797 4792
f 4792 4797 4798
f 4797 4799 4798
f 4798 4799 4800
f 4799 4801 4800
f 4800 4801 4802
f 4801 4803 4802
f 4802 4803 4804
f 4803 4805 4804
f 4804 4805 4806
f 4805 4795 4806
f 4795 4794 4806
f 4806 4794 4807
f 4794 4808 4807
f 4624 4809 4512
f 4809 4810 4512
f 4512 4810 4794
f 4810 4811 4794
f 4811 4812 4794
f 4794 4812 4813
f 4808 4794 4814
f 4794 4813 4814
f 4814 4813 4815
f 4813 4816 4815
f 4815 4816 4817
f 4816 4818 4817
f 4817 4818 4819
f 4820 4821 4822
f 4821 4823 4822
f 4822 4823 4521
f 4823 4824 4521
f 4521 4824 4595
f 4818 4825 4819
f 4825 4826 4819
f 4819 4826 4827
f 4826 4828 4827
f 4827 4828 4829
f 4828 4830 4829
f 4829 4830 4831
f 4830 4832 4831
f 4831 4832 4820
f 4832 4833 4820
f 4820 4833 4821
f 4834 4835 4822
f 4835 4836 4822
f 4822 4836 4820
f 4834 4822 4837
f 4822 4527 4837
f 4837 4527 4838
f 4527 4531 4838
f 4838 4531 4839
f 4531 4840 4839
f 4839 4840 4545
f 4840 4841 4545
f 4545 4841 4546
f 4842 4843 4769
f 4769 4843 4707
f 4843 4844 4707
f 4707 4844 4741
f 4766 4845 4524
f 4845 4846 4524
f 4524 4846 4769
f 4846 4847 4769
f 4769 4847 4842
f 4567 4527 4848
f 4527 4822 4848
f 4848 4822 4849
f 4520 4850 4521
f 4850 4851 4521
f 4521 4851 4822
f 4851 4852 4822
f 4822 4852 4849
f 4853 4854 4794
f 4517 4855 4518
f 4855 4856 4518
f 4518 4856 4794
f 4856 4857 4794
f 4794 4857 4853
f 4854 4858 4794
f 4858 4859 4794
f 4794 4859 4512
f 4859 4860 4512
f 4512 4860 4510
f 4861 4862 4780
f 4514 4863 4515
f 4863 4864 4515
f 4515 4864 4780
f 4864 4865 4780
f 4780 4865 4861
f 4862 4866 4780
f 4866 4867 4780
f 4780 4867 4656
f 4867 4868 4656
f 4656 4868 4684
f 4869 3815 4870
f 3815 3814 4870
f 4870 3814 4871
f 3814 3813 4871
f 4871 3813 4872
f 3813 3673 4872
f 4872 3673 4873
f 3673 3674 4873
f 3674 3537 4873
f 4873 3537 4874
f 3537 3536 4874
f 4874 3536 4875
f 3536 3831 4875
f 4875 3831 4876
f 3831 3830 4876
f 4876 3830 4877
f 3830 3829 4877
f 4877 3829 4878
f 3829 3822 4878
f 4878 3822 4879
f 3822 3821 4879
f 3821 3834 4879
f 4879 3834 4880
f 3834 3833 4880
f 4880 3833 4881
f 3833 3832 4881
f 4881 3832 4882
f 3832 3705 4882
f 4882 3705 4883
f 3705 3706 4883
f 4883 3706 4884
f 3706 3534 4884
f 4884 3534 4885
f 3534 3533 4885
f 3533 3842 4885
f 4885 3842 4886
f 3842 3841 4886
f 4886 3841 4887
f 3841 3840 4887
f 4887 3840 4888
f 3840 3725 4888
f 4888 3725 4889
f 3725 3726 4889
f 4889 3726 4890
f 3726 3531 4890
f 4890 3531 4891
f 3531 3530 4891
f 3530 3858 4891
f 4891 3858 4892
f 3858 3857 4892
f 4892 3857 4893
f 3857 3856 4893
f 4893 3856 4894
f 3856 3849 4894
f 4894 3849 4895
f 3849 3848 4895
f 4895 3848 4896
f 3848 3861 4896
f 4896 3861 4897
f 3861 3860 4897
f 3860 3859 4897
f 4897 3859 4898
f 3859 3757 4898
f 4898 3757 4899
f 3757 3758 4899
f 4899 3758 4900
f 3758 3549 4900
f 4900 3549 4901
f 3549 3548 4901
f 3548 3774 4901
f 4901 3774 4902
f 3774 3773 4902
f 4902 3773 4903
f 3773 3772 4903
f 4903 3772 4904
f 3772 3765 4904
f 4904 3765 4905
f 3765 3764 4905
f 4905 3764 4906
f 3764 3777 4906
f 4906 3777 4907
f 3777 3776 4907
f 3776 3775 4907
f 4907 3775 4908
f 3775 3581 4908
f 4908 3581 4909
f 3581 3582 4909
f 4909 3582 4910
f 3582 3780 4910
f 4910 3780 4911
f 3780 3779 4911
f 4911 3779 4912
f 3779 3778 4912
f 3778 3601 4912
f 4912 3601 4913
f 3601 3602 4913
f 4913 3602 4914
f 3602 3546 4914
f 4914 3546 4915
f 3546 3545 4915
f 4915 3545 4916
f 3545 3788 4916
f 4916 3788 4917
f 3788 3787 4917
f 4917 3787 4918
f 3787 3786 4918
f 3786 3621 4918
f 4918 3621 4919
f 3621 3622 4919
f 4919 3622 4920
f 3622 3543 4920
f 4920 3543 4921
f 3543 3542 4921
f 4921 3542 4922
f 3542 3796 4922
f 4922 3796 4923
f 3796 3795 4923
f 4923 3795 4924
f 3795 3794 4924
f 4924 3794 4925
f 3794 3641 4925
f 3641 3642 4925
f 4925 3642 4926
f 3642 3540 4926
f 4926 3540 4927
f 3540 3539 4927
f 4927 3539 4928
f 3539 3812 4928
f 4928 3812 4929
f 3812 3811 4929
f 3811 3810 4929
f 4929 3810 4930
f 3810 3803 4930
f 4930 3803 4869
f 3803 3802 4869
f 4869 3802 3815
f 3564 3563 4931
f 3584 3583 4931
f 3583 3575 4931
f 4931 3575 3564
f 3603 3785 4931
f 3785 3595 4931
f 4931 3595 3584
f 3789 3615 4931
f 3615 3604 4931
f 4931 3604 3603
f 3635 3624 4931
f 3624 3623 4931
f 4931 3623 3789
f 3644 3643 4931
f 3643 3797 4931
f 4931 3797 3635
f 3656 3655 4931
f 3655 3809 4931
f 4931 3809 3644
f 3675 3816 4931
f 3816 3667 4931
f 4931 3667 3656
f 3687 3828 4931
f 3828 3676 4931
f 4931 3676 3675
f 3835 3699 4931
f 3699 3688 4931
f 4931 3688 3687
f 3719 3708 4931
f 3708 3707 4931
f 4931 3707 3835
f 3728 3727 4931
f 3727 3843 4931
f 4931 3843 3719
f 3740 3739 4931
f 3739 3855 4931
f 4931 3855 3728
f 3551 3759 4931
f 3759 3751 4931
f 4931 3751 3740
f 3563 3771 4931
f 3771 3552 4931
f 4931 3552 3551
f 4932 4933 4934
f 4933 4935 4934
f 4934 4935 4936
f 4935 4937 4936
f 4936 4937 4938
f 4937 4939 4938
f 4938 4939 4940
f 4939 4941 4940
f 4940 4941 4942
f 4941 4943 4942
f 4942 4943 4944
f 4943 4945 4944
f 4944 4945 4946
f 4945 4947 4946
f 4946 4947 4948
f 4947 4949 4948
f 4948 4949 4950
f 4949 4951 4950
f 4950 4951 4952
f 4951 4953 4952
f 4952 4953 4954
f 4953 4955 4954
f 4954 4955 4956
f 4955 4957 4956
f 4956 4957 4958
f 4957 4959 4958
f 4958 4959 4960
f 4959 4961 4960
f 4960 4961 4962
f 4961 4963 4962
f 4962 4963 4964
f 4963 4965 4964
f 4964 4965 4966
f 4965 4967 4966
f 4966 4967 4968
f 4967 4969 4968
f 4968 4969 4970
f 4969 4971 4970
f 4970 4971 4972
f 4971 4973 4972
f 4972 4973 4974
f 4973 4975 4974
f 4974 4975 4976
f 4975 4977 4976
f 4976 4977 4978
f 4977 4979 4978
f 4978 4979 4980
f 4979 4981 4980
f 4980 4981 4982
f 4981 4983 4982
f 4982 4983 4984
f 4983 4985 4984
f 4984 4985 4986
f 4985 4987 4986
f 4986 4987 4988
f 4987 4989 4988
f 4988 4989 4990
f 4989 4991 4990
f 4990 4991 4992
f 4991 4993 4992
f 4992 4993 4994
f 4993 4995 4994
f 4994 4995 4996
f 4995 4997 4996
f 4996 4997 4998
f 4997 4999 4998
f 4998 4999 5000
f 4999 5001 5000
f 5000 5001 5002
f 5001 5003 5002
f 5002 5003 5004
f 5003 5005 5004
f 5004 5005 5006
f 5005 5007 5006
f 5006 5007 5008
f 5007 5009 5008
f 5008 5009 5010
f 5009 5011 5010
f 5010 5011 5012
f 5011 5013 5012
f 5012 5013 5014
f 5013 5015 5014
f 5014 5015 5016
f 5015 5017 5016
f 5016 5017 5018
f 5017 5019 5018
f 5018 5019 5020
f 5019 5021 5020
f 5020 5021 5022
f 5021 5023 5022
f 5022 5023 5024
f 5023 5025 5024
f 5024 5025 5026
f 5025 5027 5026
f 5026 5027 5028
f 5027 5029 5028
f 5028 5029 5030
f 5029 5031 5030
f 5032 5033 5034
f 5033 5035 5034
f 5034 5035 5036
f 5036 5037 5034
f 5037 5038 5034
f 5034 5038 5039
f 5040 5041 2717
f 3145 5042 3142
f 5042 5043 3142
f 3142 5043 2717
f 5043 5044 2717
f 2717 5044 5040
f 5045 5046 5047
f 5046 5048 5047
f 5048 5049 5047
f 5047 5049 5050
f 5050 5051 5047
f 5051 5052 5047
f 5047 5052 5053
f 5052 5054 5053
f 5054 5055 5053
f 5055 5056 5053
f 5053 5056 5039
f 5056 5057 5039
f 5039 5057 5034
f 5057 5058 5034
f 5034 5058 5032
f 2714 5059 2715
f 5059 5060 2715
f 2715 5060 3146
f 5060 5061 3146
f 3146 5061 3145
f 5061 5062 3145
f 3145 5062 5042
f 2714 3147 5059
f 3147 3155 5059
f 5059 3155 5063
f 3155 3156 5063
f 5063 3156 5064
f 3156 2712 5064
f 5065 5066 3169
f 5066 5067 3169
f 3169 5067 3157
f 5067 5064 3157
f 3157 5064 2711
f 5064 2712 2711
f 5068 2708 5069
f 5069 5070 5068
f 5070 5071 5068
f 5068 5071 5072
f 5071 5073 5072
f 5072 5073 5074
f 5074 5075 5072
f 5075 5076 5072
f 5072 5076 5077
f 5076 5078 5077
f 5077 5078 5079
f 5080 5081 5082
f 5079 5083 5077
f 5083 5084 5077
f 5077 5084 5085
f 5084 5082 5085
f 5085 5082 5086
f 5082 5081 5086
f 5087 5088 5089
f 5088 5090 5089
f 5080 5082 5090
f 5082 5091 5090
f 5090 5091 5089
f 5091 5092 5089
f 5089 5092 5093
f 5068 5094 2708
f 5094 5095 2708
f 2708 5095 2709
f 5095 5096 2709
f 2709 5096 3169
f 5096 5097 3169
f 3169 5097 5065
f 5098 5099 5089
f 5099 5100 5089
f 5089 5100 5087
f 5101 5102 5103
f 5102 5104 5103
f 5103 5104 5105
f 5106 5107 5103
f 5107 5108 5103
f 5103 5108 5101
f 5098 5089 5105
f 5089 5109 5105
f 5105 5109 5103
f 5109 5110 5103
f 5103 5110 5106
f 5111 5112 5113
f 5111 5113 5114
f 5115 5116 5113
f 5116 5117 5113
f 5113 5117 5114
f 5092 5118 5093
f 5118 5119 5093
f 5093 5119 5113
f 5119 5120 5113
f 5113 5120 5115
f 5112 5121 5113
f 5121 5122 5113
f 5113 5122 2705
f 5122 5123 2705
f 2705 5123 5124
f 5124 5125 2705
f 5125 5126 2705
f 2705 5126 5127
f 5127 5128 2705
f 5128 5129 2705
f 2705 5129 2706
f 5129 5130 2706
f 2706 5130 2708
f 5130 5131 2708
f 2708 5131 5069
f 5132 2678 3239
f 5132 3239 5133
f 2678 5132 2679
f 5132 5134 2679
f 2679 5134 3238
f 5135 3234 5134
f 3234 3237 5134
f 5134 3237 3238
f 3232 3233 5136
f 3233 2682 5136
f 5136 2682 5135
f 2682 2681 5135
f 5135 2681 3234
f 3232 5136 3224
f 5136 5137 3224
f 3224 5137 2684
f 2684 5137 2685
f 5137 5138 2685
f 2685 5138 2687
f 2687 5138 2688
f 5138 5139 2688
f 2688 5139 3217
f 5140 3208 5139
f 3208 3216 5139
f 5139 3216 3217
f 3206 3207 5141
f 3207 2691 5141
f 5141 2691 5140
f 2691 2690 5140
f 5140 2690 3208
f 3206 5141 3202
f 5141 5142 3202
f 3202 5142 2693
f 2693 5142 2694
f 5142 5143 2694
f 2694 5143 2696
f 2696 5143 2697
f 5143 5144 2697
f 2697 5144 2699
f 2699 5144 2700
f 5144 5145 2700
f 2700 5145 3179
f 5146 2703 5145
f 2703 2702 5145
f 5145 2702 3179
f 2705 3173 5113
f 3173 3177 5113
f 5113 3177 5146
f 3177 3178 5146
f 5146 3178 2703
f 5041 5045 2717
f 5045 5047 2717
f 2717 5047 2718
f 5047 5147 2718
f 5148 2721 5147
f 2721 2720 5147
f 5147 2720 2718
f 3137 3138 5149
f 3138 3139 5149
f 5149 3139 5148
f 3139 3140 5148
f 5148 3140 2721
f 3137 5149 3136
f 5149 5150 3136
f 3136 5150 2624
f 2624 5150 2625
f 5150 5151 2625
f 2625 5151 3378
f 5152 2628 5151
f 2628 2627 5151
f 5151 2627 3378
f 2634 2633 5153
f 2633 2631 5153
f 5153 2631 5152
f 2631 2630 5152
f 5152 2630 2628
f 2634 5153 3368
f 5153 5154 3368
f 3368 5154 2636
f 2636 5154 2637
f 5154 5155 2637
f 2637 5155 3367
f 5156 3358 5155
f 3358 3366 5155
f 5155 3366 3367
f 5157 2640 5156
f 2640 2639 5156
f 5156 2639 3358
f 5158 2643 5157
f 2643 2642 5157
f 5157 2642 2640
f 5159 3339 5158
f 3339 3345 5158
f 5158 3345 2643
f 3337 3338 5160
f 3338 2646 5160
f 5160 2646 5159
f 2646 2645 5159
f 5159 2645 3339
f 3337 5160 3329
f 5160 5161 3329
f 3329 5161 2648
f 2648 5161 2649
f 5161 5162 2649
f 2649 5162 3328
f 3328 5162 3327
f 5162 5163 3327
f 3327 5163 3319
f 5164 2652 5163
f 2652 2651 5163
f 5163 2651 3319
f 3311 3312 5165
f 3312 2655 5165
f 5165 2655 5164
f 2655 2654 5164
f 5164 2654 2652
f 3311 5165 3307
f 5165 5166 3307
f 3307 5166 2657
f 2657 5166 2658
f 5166 5167 2658
f 2658 5167 3306
f 5168 3297 5167
f 3297 3305 5167
f 5167 3305 3306
f 5169 2661 5168
f 2661 2660 5168
f 5168 2660 3297
f 2667 2666 5170
f 2666 2664 5170
f 5170 2664 5169
f 2664 2663 5169
f 5169 2663 2661
f 2667 5170 3275
f 5170 5171 3275
f 3275 5171 2669
f 2669 5171 2670
f 5171 5172 2670
f 2670 5172 3274
f 5173 3267 5172
f 3267 3273 5172
f 5172 3273 3274
f 5174 2673 5173
f 2673 2672 5173
f 5173 2672 3267
f 3239 3254 5133
f 3254 2676 5133
f 5133 2676 5174
f 2676 2675 5174
f 5174 2675 2673
f 5175 5176 5177
f 5176 5178 5177
f 5177 5178 5179
f 5178 5180 5179
f 5179 5180 5181
f 5180 5182 5181
f 5181 5182 5183
f 5182 5184 5183
f 5183 5184 5185
f 5184 5186 5185
f 5185 5186 5187
f 5186 5188 5187
f 5187 5188 5189
f 5188 5190 5189
f 5189 5190 5191
f 5190 5192 5191
f 5191 5192 5193
f 5192 5194 5193
f 5193 5194 5195
f 5194 5196 5195
f 5195 5196 5197
f 5196 5198 5197
f 5197 5198 5199
f 5198 5200 5199
f 5199 5200 5201
f 5200 5202 5201
f 5201 5202 5203
f 5202 5204 5203
f 5203 5204 5205
f 5204 5206 5205
f 5205 5206 5207
f 5206 5208 5207
f 5207 5208 5209
f 5208 5210 5209
f 5209 5210 5211
f 5210 5212 5211
f 5211 5212 5213
f 5212 5214 5213
f 5213 5214 5215
f 5214 5216 5215
f 5215 5216 5217
f 5216 5218 5217
f 5217 5218 5219
f 5218 5220 5219
f 5219 5220 5221
f 5220 5222 5221
f 5221 5222 5175
f 5222 5176 5175
f 5223 5224 5225
f 5224 5226 5225
f 5225 5226 5227
f 5226 5228 5227
f 5227 5228 5229
f 5228 5230 5229
f 5229 5230 5231
f 5230 5232 5231
f 5231 5232 5233
f 5232 5234 5233
f 5233 5234 5235
f 5234 5236 5235
f 5235 5236 5237
f 5236 5238 5237
f 5237 5238 5239
f 5238 5240 5239
f 5239 5240 5241
f 5240 5242 5241
f 5241 5242 5243
f 5242 5244 5243
f 5243 5244 5245
f 5244 5246 5245
f 5245 5246 5247
f 5246 5248 5247
f 5247 5248 5249
f 5248 5250 5249
f 5249 5250 5251
f 5250 5252 5251
f 5251 5252 5253
f 5252 5254 5253
f 5253 5254 5255
f 5254 5256 5255
f 5255 5256 5257
f 5256 5258 5257
f 5257 5258 5259
f 5258 5260 5259
f 5259 5260 5261
f 5260 5262 5261
f 5261 5262 5263
f 5262 5264 5263
f 5263 5264 5265
f 5264 5266 5265
f 5265 5266 5267
f 5266 5268 5267
f 5267 5268 5269
f 5268 5270 5269
f 5269 5270 5223
f 5270 5224 5223
f 5271 5272 5273
f 5272 5274 5273
f 5273 5274 5275
f 5274 5276 5275
f 5275 5276 5277
f 5276 5278 5277
f 5277 5278 5279
f 5278 5280 5279
f 5279 5280 5281
f 5280 5282 5281
f 5281 5282 5283
f 5282 5284 5283
f 5283 5284 5285
f 5284 5286 5285
f 5285 5286 5287
f 5286 5288 5287
f 5287 5288 5289
f 5288 5290 5289
f 5289 5290 5291
f 5290 5292 5291
f 5291 5292 5293
f 5292 5294 5293
f 5293 5294 5295
f 5294 5296 5295
f 5295 5296 5297
f 5296 5298 5297
f 5297 5298 5299
f 5298 5300 5299
f 5299 5300 5301
f 5300 5302 5301
f 5301 5302 5303
f 5302 5304 5303
f 5303 5304 5305
f 5304 5306 5305
f 5305 5306 5307
f 5306 5308 5307
f 5307 5308 5309
f 5308 5310 5309
f 5309 5310 5311
f 5310 5312 5311
f 5311 5312 5313
f 5312 5314 5313
f 5313 5314 5315
f 5314 5316 5315
f 5315 5316 5317
f 5316 5318 5317
f 5317 5318 5271
f 5318 5272 5271
f 5319 5320 5321
f 5320 5322 5321
f 5321 5322 5323
f 5322 5324 5323
f 5323 5324 5325
f 5324 5326 5325
f 5325 5326 5327
f 5326 5328 5327
f 5327 5328 5329
f 5328 5330 5329
f 5329 5330 5331
f 5330 5332 5331
f 5331 5332 5333
f 5332 5334 5333
f 5333 5334 5335
f 5334 5336 5335
f 5335 5336 5337
f 5336 5338 5337
f 5337 5338 5339
f 5338 5340 5339
f 5339 5340 5341
f 5340 5342 5341
f 5341 5342 5343
f 5342 5344 5343
f 5343 5344 5345
f 5344 5346 5345
f 5345 5346 5347
f 5346 5348 5347
f 5347 5348 5349
f 5348 5350 5349
f 5349 5350 5351
f 5350 5352 5351
f 5351 5352 5353
f 5352 5354 5353
f 5353 5354 5355
f 5354 5356 5355
f 5355 5356 5357
f 5356 5358 5357
f 5357 5358 5359
f 5358 5360 5359
f 5359 5360 5361
f 5360 5362 5361
f 5361 5362 5363
f 5362 5364 5363
f 5363 5364 5365
f 5364 5366 5365
f 5365 5366 5319
f 5366 5320 5319
f 5367 5368 5369
f 5369 5370 5367
f 5370 5371 5367
f 5367 5371 5372
f 5373 5374 5375
f 5374 5376 5375
f 5375 5376 5368
f 5376 5377 5368
f 5368 5377 5369
f 5373 5375 5378
f 5375 5379 5378
f 5378 5379 5380
f 5379 5381 5380
f 5380 5381 5382
f 5382 5381 5383
f 5381 5384 5383
f 5383 5384 5385
f 5385 5384 5386
f 5384 5387 5386
f 5386 5387 5388
f 5389 5390 5391
f 5390 5392 5391
f 5391 5392 5387
f 5392 5393 5387
f 5387 5393 5388
f 5394 5395 5391
f 5395 5396 5391
f 5391 5396 5389
f 5372 5397 5367
f 5397 5398 5367
f 5367 5398 5399
f 5398 5400 5399
f 5399 5400 5401
f 5400 5402 5401
f 5401 5402 5403
f 5402 5404 5403
f 5403 5404 5405
f 5404 5406 5405
f 5405 5406 5407
f 5406 5408 5407
f 5407 5408 5409
f 5408 5410 5409
f 5409 5410 5411
f 5410 5412 5411
f 5411 5412 5413
f 5412 5414 5413
f 5413 5414 5415
f 5414 5416 5415
f 5415 5416 5417
f 5416 5418 5417
f 5417 5418 5419
f 5418 5420 5419
f 5419 5420 5421
f 5420 5422 5421
f 5421 5422 5423
f 5422 5424 5423
f 5423 5424 5425
f 5424 5426 5425
f 5425 5426 5427
f 5426 5428 5427
f 5427 5428 5394
f 5428 5429 5394
f 5394 5429 5395
f 5430 5431 5432
f 5433 5434 5435
f 5433 5435 5432
f 5435 5436 5432
f 5432 5436 5430
f 5434 5433 5437
f 5433 5438 5437
f 5437 5438 5439
f 5440 5441 5442
f 5441 5443 5442
f 5442 5443 5438
f 5443 5444 5438
f 5438 5444 5439
f 5445 5446 5440
f 5446 5447 5440
f 5440 5447 5441
f 5448 5449 5445
f 5449 5450 5445
f 5445 5450 5446
f 5451 5452 5453
f 5453 5454 5451
f 5454 5455 5451
f 5451 5455 5448
f 5455 5456 5448
f 5448 5456 5449
f 5457 5458 5451
f 5458 5459 5451
f 5451 5459 5452
f 5431 5460 5432
f 5460 5461 5432
f 5432 5461 5462
f 5461 5463 5462
f 5462 5463 5464
f 5463 5465 5464
f 5464 5465 5466
f 5465 5467 5466
f 5466 5467 5468
f 5467 5469 5468
f 5468 5469 5470
f 5469 5471 5470
f 5470 5471 5472
f 5471 5473 5472
f 5472 5473 5474
f 5473 5475 5474
f 5474 5475 5476
f 5475 5477 5476
f 5476 5477 5478
f 5477 5479 5478
f 5478 5479 5480
f 5479 5481 5480
f 5480 5481 5482
f 5481 5483 5482
f 5482 5483 5484
f 5483 5485 5484
f 5484 5485 5486
f 5485 5487 5486
f 5486 5487 5488
f 5487 5489 5488
f 5488 5489 5490
f 5489 5491 5490
f 5490 5491 5457
f 5491 5492 5457
f 5457 5492 5458
f 5493 5494 5495
f 5496 5497 5498
f 5496 5498 5495
f 5498 5499 5495
f 5495 5499 5493
f 5497 5496 5500
f 5496 5501 5500
f 5500 5501 5502
f 5503 5504 5505
f 5504 5506 5505
f 5505 5506 5501
f 5506 5507 5501
f 5501 5507 5502
f 5508 5509 5503
f 5509 5510 5503
f 5503 5510 5504
f 5511 5512 5508
f 5512 5513 5508
f 5508 5513 5509
f 5514 5515 5516
f 5516 5517 5514
f 5517 5518 5514
f 5514 5518 5511
f 5518 5519 5511
f 5511 5519 5512
f 5520 5521 5514
f 5521 5522 5514
f 5514 5522 5515
f 5494 5523 5495
f 5523 5524 5495
f 5495 5524 5525
f 5524 5526 5525
f 5525 5526 5527
f 5526 5528 5527
f 5527 5528 5529
f 5528 5530 5529
f 5529 5530 5531
f 5530 5532 5531
f 5531 5532 5533
f 5532 5534 5533
f 5533 5534 5535
f 5534 5536 5535
f 5535 5536 5537
f 5536 5538 5537
f 5537 5538 5539
f 5538 5540 5539
f 5539 5540 5541
f 5540 5542 5541
f 5541 5542 5543
f 5542 5544 5543
f 5543 5544 5545
f 5544 5546 5545
f 5545 5546 5547
f 5546 5548 5547
f 5547 5548 5549
f 5548 5550 5549
f 5549 5550 5551
f 5550 5552 5551
f 5551 5552 5553
f 5552 5554 5553
f 5553 5554 5520
f 5554 5555 5520
f 5520 5555 5521
f 5556 5557 5558
f 5558 5559 5556
f 5559 5560 5556
f 5556 5560 5561
f 5562 5563 5564
f 5563 5565 5564
f 5564 5565 5557
f 5565 5566 5557
f 5557 5566 5558
f 5562 5564 5567
f 5564 5568 5567
f 5567 5568 5569
f 5568 5570 5569
f 5569 5570 5571
f 5571 5570 5572
f 5570 5573 5572
f 5572 5573 5574
f 5574 5573 5575
f 5573 5576 5575
f 5575 5576 5577
f 5578 5579 5580
f 5579 5581 5580
f 5580 5581 5576
f 5581 5582 5576
f 5576 5582 5577
f 5583 5584 5580
f 5584 5585 5580
f 5580 5585 5578
f 5561 5586 5556
f 5586 5587 5556
f 5556 5587 5588
f 5587 5589 5588
f 5588 5589 5590
f 5589 5591 5590
f 5590 5591 5592
f 5591 5593 5592
f 5592 5593 5594
f 5593 5595 5594
f 5594 5595 5596
f 5595 5597 5596
f 5596 5597 5598
f 5597 5599 5598
f 5598 5599 5600
f 5599 5601 5600
f 5600 5601 5602
f 5601 5603 5602
f 5602 5603 5604
f 5603 5605 5604
f 5604 5605 5606
f 5605 5607 5606
f 5606 5607 5608
f 5607 5609 5608
f 5608 5609 5610
f 5609 5611 5610
f 5610 5611 5612
f 5611 5613 5612
f 5612 5613 5614
f 5613 5615 5614
f 5614 5615 5616
f 5615 5617 5616
f 5616 5617 5583
f 5617 5618 5583
f 5583 5618 5584
f 5619 5620 5621
f 5621 5622 5619
f 5622 5623 5619
f 5619 5623 5624
f 5625 5626 5627
f 5626 5628 5627
f 5627 5628 5620
f 5628 5629 5620
f 5620 5629 5621
f 5625 5627 5630
f 5627 5631 5630
f 5630 5631 5632
f 5631 5633 5632
f 5632 5633 5634
f 5634 5633 5635
f 5633 5636 5635
f 5635 5636 5637
f 5637 5636 5638
f 5636 5639 5638
f 5638 5639 5640
f 5641 5642 5643
f 5642 5644 5643
f 5643 5644 5639
f 5644 5645 5639
f 5639 5645 5640
f 5646 5647 5643
f 5647 5648 5643
f 5643 5648 5641
f 5624 5649 5619
f 5649 5650 5619
f 5619 5650 5651
f 5650 5652 5651
f 5651 5652 5653
f 5652 5654 5653
f 5653 5654 5655
f 5654 5656 5655
f 5655 5656 5657
f 5656 5658 5657
f 5657 5658 5659
f 5658 5660 5659
f 5659 5660 5661
f 5660 5662 5661
f 5661 5662 5663
f 5662 5664 5663
f 5663 5664 5665
f 5664 5666 5665
f 5665 5666 5667
f 5666 5668 5667
f 5667 5668 5669
f 5668 5670 5669
f 5669 5670 5671
f 5670 5672 5671
f 5671 5672 5673
f 5672 5674 5673
f 5673 5674 5675
f 5674 5676 5675
f 5675 5676 5677
f 5676 5678 5677
f 5677 5678 5679
f 5678 5680 5679
f 5679 5680 5646
f 5680 5681 5646
f 5646 5681 5647
f 5682 5683 5684
f 5685 5686 5687
f 5685 5687 5684
f 5687 5688 5684
f 5684 5688 5682
f 5686 5685 5689
f 5685 5690 5689
f 5689 5690 5691
f 5692 5693 5694
f 5693 5695 5694
f 5694 5695 5690
f 5695 5696 5690
f 5690 5696 5691
f 5697 5698 5692
f 5698 5699 5692
f 5692 5699 5693
f 5700 5701 5697
f 5701 5702 5697
f 5697 5702 5698
f 5703 5704 5705
f 5705 5706 5703
f 5706 5707 5703
f 5703 5707 5700
f 5707 5708 5700
f 5700 5708 5701
f 5709 5710 5703
f 5710 5711 5703
f 5703 5711 5704
f 5683 5712 5684
f 5712 5713 5684
f 5684 5713 5714
f 5713 5715 5714
f 5714 5715 5716
f 5715 5717 5716
f 5716 5717 5718
f 5717 5719 5718
f 5718 5719 5720
f 5719 5721 5720
f 5720 5721 5722
f 5721 5723 5722
f 5722 5723 5724
f 5723 5725 5724
f 5724 5725 5726
f 5725 5727 5726
f 5726 5727 5728
f 5727 5729 5728
f 5728 5729 5730
f 5729 5731 5730
f 5730 5731 5732
f 5731 5733 5732
f 5732 5733 5734
f 5733 5735 5734
f 5734 5735 5736
f 5735 5737 5736
f 5736 5737 5738
f 5737 5739 5738
f 5738 5739 5740
f 5739 5741 5740
f 5740 5741 5742
f 5741 5743 5742
f 5742 5743 5709
f 5743 5744 5709
f 5709 5744 5710
f 5745 5746 5747
f 5747 5748 5745
f 5748 5749 5745
f 5745 5749 5750
f 5751 5752 5753
f 5752 5754 5753
f 5753 5754 5746
f 5754 5755 5746
f 5746 5755 5747
f 5751 5753 5756
f 5753 5757 5756
f 5756 5757 5758
f 5757 5759 5758
f 5758 5759 5760
f 5760 5759 5761
f 5759 5762 5761
f 5761 5762 5763
f 5763 5762 5764
f 5762 5765 5764
f 5764 5765 5766
f 5767 5768 5769
f 5768 5770 5769
f 5769 5770 5765
f 5770 5771 5765
f 5765 5771 5766
f 5772 5773 5769
f 5773 5774 5769
f 5769 5774 5767
f 5750 5775 5745
f 5775 5776 5745
f 5745 5776 5777
f 5776 5778 5777
f 5777 5778 5779
f 5778 5780 5779
f 5779 5780 5781
f 5780 5782 5781
f 5781 5782 5783
f 5782 5784 5783
f 5783 5784 5785
f 5784 5786 5785
f 5785 5786 5787
f 5786 5788 5787
f 5787 5788 5789
f 5788 5790 5789
f 5789 5790 5791
f 5790 5792 5791
f 5791 5792 5793
f 5792 5794 5793
f 5793 5794 5795
f 5794 5796 5795
f 5795 5796 5797
f 5796 5798 5797
f 5797 5798 5799
f 5798 5800 5799
f 5799 5800 5801
f 5800 5802 5801
f 5801 5802 5803
f 5802 5804 5803
f 5803 5804 5805
f 5804 5806 5805
f 5805 5806 5772
f 5806 5807 5772
f 5772 5807 5773
f 5808 5809 5810
f 5811 5812 5813
f 5811 5813 5810
f 5813 5814 5810
f 5810 5814 5808
f 5812 5811 5815
f 5811 5816 5815
f 5815 5816 5817
f 5818 5819 5820
f 5819 5821 5820
f 5820 5821 5816
f 5821 5822 5816
f 5816 5822 5817
f 5823 5824 5818
f 5824 5825 5818
f 5818 5825 5819
f 5826 5827 5823
f 5827 5828 5823
f 5823 5828 5824
f 5829 5830 5831
f 5831 5832 5829
f 5832 5833 5829
f 5829 5833 5826
f 5833 5834 5826
f 5826 5834 5827
f 5835 5836 5829
f 5836 5837 5829
f 5829 5837 5830
f 5809 5838 5810
f 5838 5839 5810
f 5810 5839 5840
f 5839 5841 5840
f 5840 5841 5842
f 5841 5843 5842
f 5842 5843 5844
f 5843 5845 5844
f 5844 5845 5846
f 5845 5847 5846
f 5846 5847 5848
f 5847 5849 5848
f 5848 5849 5850
f 5849 5851 5850
f 5850 5851 5852
f 5851 5853 5852
f 5852 5853 5854
f 5853 5855 5854
f 5854 5855 5856
f 5855 5857 5856
f 5856 5857 5858
f 5857 5859 5858
f 5858 5859 5860
f 5859 5861 5860
f 5860 5861 5862
f 5861 5863 5862
f 5862 5863 5864
f 5863 5865 5864
f 5864 5865 5866
f 5865 5867 5866
f 5866 5867 5868
f 5867 5869 5868
f 5868 5869 5835
f 5869 5870 5835
f 5835 5870 5836
f 5871 5872 5873
f 5872 5874 5873
f 5873 5874 5875
f 5874 5876 5875
f 5875 5876 5877
f 5876 5878 5877
f 5877 5878 5879
f 5878 5880 5879
f 5879 5880 5881
f 5880 5882 5881
f 5881 5882 5883
f 5882 5884 5883
f 5883 5884 5885
f 5884 5886 5885
f 5885 5886 5887
f 5886 5888 5887
f 5887 5888 5889
f 5888 5890 5889
f 5889 5890 5891
f 5890 5892 5891
f 5891 5892 5893
f 5892 5894 5893
f 5893 5894 5895
f 5894 5896 5895
f 5895 5896 5897
f 5896 5898 5897
f 5897 5898 5899
f 5898 5900 5899
f 5899 5900 5901
f 5900 5902 5901
f 5901 5902 5903
f 5902 5904 5903
f 5904 5905 5903
f 5903 5905 5906
f 5905 5907 5906
f 5906 5907 5908
f 5907 5909 5908
f 5908 5909 5910
f 5909 5911 5910
f 5910 5911 5912
f 5911 5913 5912
f 5912 5913 5914
f 5913 5915 5914
f 5914 5915 5916
f 5915 5917 5916
f 5916 5917 5918
f 5917 5919 5918
f 5918 5919 5920
f 5919 5921 5920
f 5920 5921 5922
f 5921 5923 5922
f 5922 5923 5924
f 5923 5925 5924
f 5924 5925 5926
f 5925 5927 5926
f 5926 5927 5928
f 5927 5929 5928
f 5928 5929 5930
f 5929 5931 5930
f 5930 5931 5932
f 5931 5933 5932
f 5932 5933 5934
f 5933 5935 5934
f 5934 5935 5936
f 5935 5937 5936
f 5936 5937 5938
f 5937 5939 5938
f 5938 5939 5940
f 5939 5941 5940
f 5940 5941 5942
f 5941 5943 5942
f 5942 5943 5944
f 5943 5945 5944
f 5944 5945 5946
f 5945 5947 5946
f 5946 5947 5948
f 5947 5949 5948
f 5948 5949 5950
f 5949 5951 5950
f 5950 5951 5952
f 5951 5953 5952
f 5952 5953 5954
f 5953 5955 5954
f 5954 5955 5956
f 5955 5957 5956
f 5956 5957 5958
f 5957 5959 5958
f 5958 5959 5960
f 5959 5961 5960
f 5960 5961 5962
f 5961 5963 5962
f 5962 5963 5964
f 5963 5965 5964
f 5964 5965 5966
f 5965 5967 5966
f 5966 5967 5968
f 5967 5969 5968
f 5968 5969 5970
f 5969 5971 5970
f 5970 5971 5871
f 5971 5972 5871
f 5871 5972 5872
f 5973 5974 5975
f 5975 5976 5973
f 5976 5977 5973
f 5973 5977 5978
f 5977 5979 5978
f 5979 5980 5978
f 5978 5980 5981
f 5980 5982 5981
f 5982 5983 5981
f 5981 5983 5984
f 5983 5985 5984
f 5985 5986 5984
f 5984 5986 5987
f 5988 5989 5990
f 5986 5991 5987
f 5991 5992 5987
f 5987 5992 5990
f 5992 5993 5990
f 5990 5993 5988
f 5988 5994 5989
f 5994 5995 5989
f 5989 5995 5996
f 5997 5998 5999
f 5995 6000 5996
f 6000 6001 5996
f 5996 6001 5999
f 6001 6002 5999
f 5999 6002 5997
f 6003 6004 6005
f 5997 6006 5998
f 6006 6007 5998
f 5998 6007 6005
f 6007 6008 6005
f 6005 6008 6003
f 6003 6009 6004
f 6009 6010 6004
f 6004 6010 6011
f 6012 6013 6014
f 6010 6015 6011
f 6015 6016 6011
f 6011 6016 6014
f 6016 6017 6014
f 6014 6017 6012
f 6018 6019 6020
f 6012 6021 6013
f 6021 6022 6013
f 6013 6022 6020
f 6022 6023 6020
f 6020 6023 6018
f 6024 6025 6026
f 6018 6027 6019
f 6027 6028 6019
f 6019 6028 6026
f 6028 6029 6026
f 6026 6029 6030
f 6031 6032 6033
f 6030 6034 6025
f 6034 6035 6025
f 6025 6035 6033
f 6035 6036 6033
f 6033 6036 6031
f 6037 6038 6039
f 6031 6040 6032
f 6040 6041 6032
f 6032 6041 6039
f 6041 6042 6039
f 6039 6042 6037
f 6037 6043 6038
f 6043 6044 6038
f 6038 6044 6045
f 6046 6047 6048
f 6044 6049 6045
f 6049 6050 6045
f 6045 6050 6051
f 6050 6052 6051
f 6051 6052 6053
f 6052 6054 6053
f 6053 6054 6048
f 6054 6055 6048
f 6048 6055 6046
f 6056 6057 6058
f 6046 6059 6047
f 6059 6060 6047
f 6047 6060 6058
f 6060 6061 6058
f 6058 6061 6056
f 6062 6063 6064
f 6056 6065 6057
f 6065 6066 6057
f 6057 6066 6064
f 6066 6067 6064
f 6064 6067 6062
f 6068 6069 6070
f 6062 6071 6063
f 6071 6072 6063
f 6063 6072 6070
f 6072 6073 6070
f 6070 6073 6074
f 6074 6075 6069
f 6075 6076 6069
f 6069 6076 6077
f 6076 6078 6077
f 6078 6079 6077
f 6077 6079 6080
f 6081 6082 6083
f 6079 6084 6080
f 6084 6085 6080
f 6080 6085 6083
f 6085 6086 6083
f 6083 6086 6081
f 6087 6088 6089
f 6081 6090 6082
f 6090 6091 6082
f 6082 6091 6089
f 6091 6092 6089
f 6089 6092 6087
f 6093 6094 6095
f 6087 6096 6088
f 6096 6097 6088
f 6088 6097 6095
f 6097 6098 6095
f 6095 6098 6093
f 6099 6100 6101
f 6093 6102 6094
f 6102 6103 6094
f 6094 6103 6101
f 6103 6104 6101
f 6101 6104 6099
f 6105 6106 6107
f 6099 6108 6100
f 6108 6109 6100
f 6100 6109 6107
f 6109 6110 6107
f 6107 6110 6105
f 6111 6112 6113
f 6105 6114 6106
f 6114 6115 6106
f 6106 6115 6113
f 6115 6116 6113
f 6113 6116 6111
f 6111 6117 6112
f 6117 6118 6112
f 6112 6118 6119
f 6120 6121 6122
f 6118 6123 6119
f 6123 6124 6119
f 6119 6124 6122
f 6124 6125 6122
f 6122 6125 6120
f 6120 6126 6121
f 6126 6127 6121
f 6121 6127 5974
f 6127 6128 5974
f 5974 6128 5975
f 6129 6130 6131
f 6132 6133 6130
f 6133 6134 6130
f 6130 6134 6131
f 6135 6136 6137
f 6137 6138 6135
f 6138 6139 6135
f 6135 6139 6132
f 6139 6140 6132
f 6132 6140 6133
f 6141 6142 6143
f 6143 6144 6141
f 6144 6145 6141
f 6141 6145 6136
f 6145 6146 6136
f 6136 6146 6137
f 6147 6148 6149
f 6149 6150 6147
f 6150 6151 6147
f 6147 6151 6142
f 6151 6152 6142
f 6142 6152 6143
f 6153 6154 6155
f 6155 6156 6153
f 6156 6157 6153
f 6153 6157 6148
f 6157 6158 6148
f 6148 6158 6149
f 6159 6160 6161
f 6161 6162 6159
f 6162 6163 6159
f 6159 6163 6154
f 6163 6164 6154
f 6154 6164 6155
f 6165 6166 6167
f 6167 6168 6165
f 6168 6169 6165
f 6165 6169 6160
f 6169 6170 6160
f 6160 6170 6161
f 6171 6172 6173
f 6173 6174 6171
f 6174 6175 6171
f 6171 6175 6166
f 6175 6176 6166
f 6166 6176 6167
f 6177 6178 6179
f 6179 6180 6177
f 6180 6181 6177
f 6177 6181 6172
f 6181 6182 6172
f 6172 6182 6173
f 6183 6184 6185
f 6185 6186 6183
f 6186 6187 6183
f 6183 6187 6178
f 6187 6188 6178
f 6178 6188 6179
f 6189 6190 6191
f 6191 6192 6189
f 6192 6193 6189
f 6189 6193 6184
f 6193 6194 6184
f 6184 6194 6185
f 6195 6196 6197
f 6197 6198 6195
f 6198 6199 6195
f 6195 6199 6190
f 6199 6200 6190
f 6190 6200 6191
f 6201 6202 6203
f 6202 6204 6203
f 6203 6204 6205
f 6204 6206 6205
f 6205 6206 6196
f 6206 6207 6196
f 6196 6207 6197
f 6208 6209 6210
f 6210 6211 6208
f 6211 6212 6208
f 6208 6212 6201
f 6212 6213 6201
f 6201 6213 6202
f 6214 6215 6216
f 6216 6217 6214
f 6217 6218 6214
f 6214 6218 6209
f 6218 6219 6209
f 6209 6219 6210
f 6220 6221 6222
f 6222 6223 6220
f 6223 6224 6220
f 6220 6224 6215
f 6224 6225 6215
f 6215 6225 6216
f 6226 6227 6228
f 6228 6229 6226
f 6229 6230 6226
f 6226 6230 6221
f 6230 6231 6221
f 6221 6231 6222
f 6232 6233 6234
f 6234 6235 6232
f 6235 6236 6232
f 6232 6236 6227
f 6236 6237 6227
f 6227 6237 6228
f 6238 6239 6240
f 6240 6241 6238
f 6241 6242 6238
f 6238 6242 6233
f 6242 6243 6233
f 6233 6243 6234
f 6244 6245 6246
f 6246 6247 6244
f 6247 6248 6244
f 6244 6248 6239
f 6248 6249 6239
f 6239 6249 6240
f 6250 6251 6252
f 6252 6253 6250
f 6253 6254 6250
f 6250 6254 6245
f 6254 6255 6245
f 6245 6255 6246
f 6256 6257 6258
f 6258 6259 6256
f 6259 6260 6256
f 6256 6260 6251
f 6260 6261 6251
f 6251 6261 6252
f 6262 6263 6264
f 6264 6265 6262
f 6265 6266 6262
f 6262 6266 6257
f 6266 6267 6257
f 6257 6267 6258
f 6268 6269 6270
f 6270 6271 6268
f 6271 6272 6268
f 6268 6272 6263
f 6272 6273 6263
f 6263 6273 6264
f 6274 6275 6276
f 6276 6277 6274
f 6277 6278 6274
f 6274 6278 6269
f 6278 6279 6269
f 6269 6279 6270
f 6131 6280 6129
f 6280 6281 6129
f 6129 6281 6275
f 6281 6282 6275
f 6275 6282 6276
f 6283 6284 6285
f 6286 6283 6287
f 6288 6289 6287
f 6289 6290 6287
f 6287 6290 6286
f 6288 6287 6291
f 6287 6292 6291
f 6291 6292 6293
f 6294 6295 6296
f 6295 6297 6296
f 6298 6284 6299
f 6284 6296 6299
f 6299 6296 6300
f 6296 6297 6300
f 6301 6285 6302
f 6285 6284 6302
f 6302 6284 6303
f 6284 6298 6303
f 6301 6304 6285
f 6304 6305 6285
f 6285 6305 6306
f 6307 6308 6309
f 6307 6309 6310
f 6306 6311 6285
f 6311 6312 6285
f 6285 6312 6309
f 6312 6313 6309
f 6309 6313 6310
f 6314 6315 6296
f 6315 6316 6296
f 6296 6316 6294
f 6317 6318 6319
f 6318 6320 6319
f 6314 6296 6317
f 6296 6321 6317
f 6317 6321 6318
f 6321 6322 6318
f 6318 6322 6323
f 6308 6324 6309
f 6324 6325 6309
f 6309 6325 6326
f 6327 6328 6329
f 6325 6330 6326
f 6330 6331 6326
f 6326 6331 6332
f 6331 6333 6332
f 6332 6333 6334
f 6334 6335 6332
f 6335 6336 6332
f 6332 6336 6337
f 6336 6338 6337
f 6337 6338 6339
f 6339 6340 6337
f 6340 6341 6337
f 6337 6341 6342
f 6343 6344 6329
f 6344 6345 6329
f 6329 6345 6327
f 6328 6346 6329
f 6346 6347 6329
f 6329 6347 6292
f 6347 6348 6292
f 6292 6348 6293
f 6349 6350 6351
f 6349 6352 6350
f 6352 6353 6350
f 6350 6353 6354
f 6355 6356 6354
f 6356 6357 6354
f 6354 6357 6358
f 6357 6359 6358
f 6359 6360 6358
f 6358 6360 6361
f 6360 6362 6361
f 6362 6363 6361
f 6361 6363 6364
f 6363 6365 6364
f 6365 6366 6364
f 6364 6366 6367
f 6366 6368 6367
f 6368 6369 6367
f 6367 6369 6370
f 6369 6371 6370
f 6371 6372 6370
f 6370 6372 6373
f 6372 6374 6373
f 6374 6375 6373
f 6373 6375 6376
f 6375 6377 6376
f 6377 6378 6376
f 6376 6378 6379
f 6378 6380 6379
f 6380 6381 6379
f 6379 6381 6382
f 6381 6383 6382
f 6383 6384 6382
f 6382 6384 6385
f 6384 6386 6385
f 6386 6387 6385
f 6385 6387 6388
f 6389 6390 6388
f 6390 6391 6388
f 6388 6391 6392
f 6342 6343 6337
f 6343 6329 6337
f 6337 6329 6393
f 6329 6392 6393
f 6393 6392 6394
f 6392 6391 6394
f 6283 6285 6287
f 6285 6395 6287
f 6287 6395 6396
f 6395 6397 6396
f 6397 6398 6396
f 6396 6398 6399
f 6398 6400 6399
f 6400 6401 6399
f 6399 6401 6402
f 6401 6403 6402
f 6403 6404 6402
f 6402 6404 6405
f 6404 6406 6405
f 6406 6407 6405
f 6405 6407 6408
f 6407 6409 6408
f 6409 6410 6408
f 6408 6410 6411
f 6410 6412 6411
f 6412 6413 6411
f 6411 6413 6414
f 6413 6415 6414
f 6415 6416 6414
f 6414 6416 6417
f 6416 6418 6417
f 6417 6418 6419
f 6418 6420 6419
f 6419 6420 6421
f 6420 6422 6421
f 6422 6423 6421
f 6421 6423 6424
f 6423 6425 6426
f 6425 6427 6426
f 6426 6427 6428
f 6427 6429 6428
f 6429 6430 6428
f 6428 6430 6431
f 6430 6432 6431
f 6432 6433 6431
f 6431 6433 6434
f 6433 6435 6434
f 6435 6436 6434
f 6434 6436 6437
f 6436 6438 6437
f 6438 6439 6437
f 6437 6439 6440
f 6439 6441 6440
f 6441 6442 6440
f 6440 6442 6443
f 6442 6444 6443
f 6444 6445 6443
f 6443 6445 6446
f 6445 6447 6446
f 6447 6448 6446
f 6446 6448 6449
f 6448 6450 6449
f 6450 6451 6449
f 6449 6451 6452
f 6451 6453 6452
f 6453 6454 6452
f 6452 6454 6455
f 6454 6456 6455
f 6456 6457 6455
f 6455 6457 6458
f 6457 6459 6460
f 6459 6461 6460
f 6460 6461 6462
f 6463 6464 6462
f 6464 6465 6462
f 6462 6465 6466
f 6465 6467 6466
f 6467 6468 6466
f 6466 6468 6469
f 6468 6470 6469
f 6470 6471 6469
f 6469 6471 6472
f 6471 6473 6472
f 6473 6474 6472
f 6472 6474 6475
f 6474 6476 6475
f 6476 6477 6475
f 6475 6477 6478
f 6477 6479 6478
f 6479 6480 6478
f 6478 6480 6481
f 6480 6482 6481
f 6482 6483 6481
f 6481 6483 6484
f 6483 6485 6484
f 6485 6486 6484
f 6484 6486 6487
f 6486 6488 6487
f 6488 6489 6487
f 6487 6489 6490
f 6489 6491 6490
f 6491 6492 6490
f 6490 6492 6493
f 6492 6494 6493
f 6494 6495 6493
f 6493 6495 6496
f 6497 6498 6496
f 6498 6499 6496
f 6496 6499 6351
f 6499 6500 6351
f 6351 6500 6349
f 6501 6502 6503
f 6502 6504 6503
f 6503 6504 6505
f 6504 6506 6505
f 6505 6506 6507
f 6506 6508 6507
f 6507 6508 6509
f 6508 6510 6509
f 6509 6510 6511
f 6510 6512 6511
f 6511 6512 6513
f 6512 6514 6513
f 6513 6514 6515
f 6514 6516 6515
f 6515 6516 6517
f 6516 6518 6517
f 6517 6518 6519
f 6518 6520 6519
f 6519 6520 6521
f 6520 6522 6521
f 6521 6522 6523
f 6522 6524 6523
f 6523 6524 6525
f 6524 6526 6525
f 6525 6526 6527
f 6526 6528 6527
f 6527 6528 6529
f 6528 6530 6529
f 6529 6530 6531
f 6530 6532 6531
f 6531 6532 6533
f 6532 6534 6533
f 6533 6534 6535
f 6534 6536 6535
f 6535 6536 6537
f 6536 6538 6537
f 6537 6538 6539
f 6538 6540 6539
f 6539 6540 6541
f 6540 6542 6541
f 6541 6542 6543
f 6542 6544 6543
f 6543 6544 6545
f 6544 6546 6545
f 6545 6546 6547
f 6546 6548 6547
f 6547 6548 6549
f 6548 6550 6549
f 6549 6550 6551
f 6550 6552 6551
f 6551 6552 6553
f 6552 6554 6553
f 6553 6554 6555
f 6554 6556 6555
f 6555 6556 6557
f 6556 6558 6557
f 6557 6558 6559
f 6558 6560 6559
f 6559 6560 6561
f 6560 6562 6561
f 6561 6562 6563
f 6562 6564 6563
f 6563 6564 6565
f 6564 6566 6565
f 6565 6566 6567
f 6566 6568 6567
f 6567 6568 6569
f 6568 6570 6569
f 6569 6570 6571
f 6570 6572 6571
f 6571 6572 6573
f 6572 6574 6573
f 6573 6574 6575
f 6574 6576 6575
f 6575 6576 6577
f 6576 6578 6577
f 6577 6578 6579
f 6578 6580 6579
f 6579 6580 6581
f 6580 6582 6581
f 6581 6582 6583
f 6582 6584 6583
f 6583 6584 6585
f 6584 6586 6585
f 6585 6586 6587
f 6586 6588 6587
f 6587 6588 6589
f 6588 6590 6589
f 6589 6590 6591
f 6590 6592 6591
f 6591 6592 6593
f 6592 6594 6593
f 6593 6594 6595
f 6594 6596 6595
f 6595 6596 6597
f 6596 6598 6597
f 6597 6598 6599
f 6598 6600 6599
f 6599 6600 6601
f 6600 6602 6601
f 6601 6602 6603
f 6602 6604 6603
f 6603 6604 6605
f 6604 6606 6605
f 6605 6606 6607
f 6606 6608 6607
f 6607 6608 6609
f 6608 6610 6609
f 6609 6610 6611
f 6610 6612 6611
f 6611 6612 6613
f 6612 6614 6613
f 6613 6614 6615
f 6614 6616 6615
f 6615 6616 6617
f 6616 6618 6617
f 6617 6618 6619
f 6618 6620 6619
f 6619 6620 6621
f 6620 6622 6621
f 6621 6622 6623
f 6622 6624 6623
f 6623 6624 6625
f 6624 6626 6625
f 6625 6626 6627
f 6626 6628 6627
f 6627 6628 6629
f 6628 6630 6629
f 6629 6630 6631
f 6630 6632 6631
f 6631 6632 6633
f 6632 6634 6633
f 6633 6634 6635
f 6634 6636 6635
f 6635 6636 6637
f 6636 6638 6637
f 6637 6638 6639
f 6638 6640 6639
f 6639 6640 6641
f 6640 6642 6641
f 6641 6642 6643
f 6642 6644 6643
f 6643 6644 6645
f 6644 6646 6645
f 6645 6646 6647
f 6646 6648 6647
f 6647 6648 6649
f 6648 6650 6649
f 6649 6650 6651
f 6650 6652 6651
f 6651 6652 6653
f 6652 6654 6653
f 6653 6654 6655
f 6654 6656 6655
f 6655 6656 6657
f 6656 6658 6657
f 6657 6658 6659
f 6658 6660 6659
f 6659 6660 6661
f 6660 6662 6661
f 6661 6662 6663
f 6662 6664 6663
f 6663 6664 6665
f 6664 6666 6665
f 6665 6666 6667
f 6666 6668 6667
f 6667 6668 6669
f 6668 6670 6669
f 6669 6670 6671
f 6670 6672 6671
f 6671 6672 6673
f 6672 6674 6673
f 6673 6674 6675
f 6674 6676 6675
f 6675 6676 6677
f 6676 6678 6677
f 6677 6678 6679
f 6678 6680 6679
f 6679 6680 6681
f 6680 6682 6681
f 6681 6682 6683
f 6682 6684 6683
f 6683 6684 6685
f 6684 6686 6685
f 6685 6686 6687
f 6686 6688 6687
f 6687 6688 6689
f 6688 6690 6689
f 6689 6690 6691
f 6690 6692 6691
f 6691 6692 6693
f 6692 6694 6693
f 6693 6694 6695
f 6694 6696 6695
f 6695 6696 6697
f 6696 6698 6697
f 6697 6698 6699
f 6698 6700 6699
f 6699 6700 6701
f 6700 6702 6701
f 6701 6702 6703
f 6702 6704 6703
f 6703 6704 6705
f 6704 6501 6705
f 6705 6501 6503
f 6706 6707 6708
f 6707 6709 6708
f 6708 6709 6710
f 6709 6711 6710
f 6710 6711 6712
f 6711 6713 6712
f 6712 6713 6714
f 6713 6715 6714
f 6714 6715 6716
f 6715 6717 6716
f 6716 6717 6718
f 6717 6719 6718
f 6718 6719 6720
f 6719 6721 6720
f 6720 6721 6722
f 6721 6723 6722
f 6722 6723 6724
f 6723 6725 6724
f 6724 6725 6726
f 6725 6727 6726
f 6726 6727 6728
f 6727 6729 6728
f 6728 6729 6730
f 6729 6731 6730
f 6730 6731 6732
f 6731 6733 6732
f 6732 6733 6734
f 6733 6735 6734
f 6734 6735 6736
f 6735 6737 6736
f 6736 6737 6738
f 6737 6739 6738
f 6738 6739 6740
f 6739 6741 6740
f 6740 6741 6742
f 6741 6743 6742
f 6742 6743 6744
f 6743 6745 6744
f 6744 6745 6746
f 6745 6747 6746
f 6746 6747 6748
f 6747 6749 6748
f 6748 6749 6750
f 6749 6751 6750
f 6750 6751 6752
f 6751 6753 6752
f 6752 6753 6754
f 6753 6755 6754
f 6754 6755 6756
f 6755 6757 6756
f 6756 6757 6758
f 6757 6759 6758
f 6758 6759 6760
f 6759 6761 6760
f 6760 6761 6762
f 6761 6763 6762
f 6762 6763 6764
f 6763 6765 6764
f 6764 6765 6766
f 6765 6767 6766
f 6766 6767 6768
f 6767 6769 6768
f 6768 6769 6770
f 6769 6771 6770
f 6770 6771 6772
f 6771 6773 6772
f 6772 6773 6774
f 6773 6775 6774
f 6774 6775 6776
f 6775 6777 6776
f 6776 6777 6778
f 6777 6779 6778
f 6778 6779 6780
f 6779 6781 6780
f 6780 6781 6782
f 6781 6783 6782
f 6782 6783 6784
f 6783 6785 6784
f 6784 6785 6786
f 6785 6787 6786
f 6786 6787 6788
f 6787 6789 6788
f 6788 6789 6790
f 6789 6791 6790
f 6790 6791 6792
f 6791 6793 6792
f 6792 6793 6794
f 6793 6795 6794
f 6794 6795 6796
f 6795 6797 6796
f 6796 6797 6798
f 6797 6799 6798
f 6798 6799 6800
f 6799 6801 6800
f 6800 6801 6802
f 6801 6803 6802
f 6802 6803 6804
f 6803 6805 6804
f 6804 6805 6806
f 6805 6807 6806
f 6806 6807 6808
f 6807 6809 6808
f 6808 6809 6810
f 6809 6811 6810
f 6810 6811 6812
f 6811 6813 6812
f 6812 6813 6814
f 6813 6815 6814
f 6814 6815 6816
f 6815 6817 6816
f 6816 6817 6818
f 6817 6819 6818
f 6818 6819 6820
f 6819 6821 6820
f 6820 6821 6822
f 6821 6823 6822
f 6822 6823 6824
f 6823 6825 6824
f 6824 6825 6826
f 6825 6827 6826
f 6826 6827 6828
f 6827 6829 6828
f 6828 6829 6830
f 6829 6831 6830
f 6830 6831 6832
f 6831 6833 6832
f 6832 6833 6834
f 6833 6835 6834
f 6834 6835 6836
f 6835 6837 6836
f 6836 6837 6838
f 6837 6839 6838
f 6838 6839 6840
f 6839 6841 6840
f 6840 6841 6842
f 6841 6843 6842
f 6842 6843 6844
f 6843 6845 6844
f 6844 6845 6846
f 6845 6847 6846
f 6846 6847 6848
f 6847 6849 6848
f 6848 6849 6850
f 6849 6851 6850
f 6850 6851 6852
f 6851 6853 6852
f 6852 6853 6854
f 6853 6855 6854
f 6854 6855 6856
f 6855 6857 6856
f 6856 6857 6858
f 6857 6859 6858
f 6858 6859 6860
f 6859 6861 6860
f 6860 6861 6862
f 6861 6863 6862
f 6862 6863 6864
f 6863 6865 6864
f 6864 6865 6866
f 6865 6867 6866
f 6866 6867 6868
f 6867 6869 6868
f 6868 6869 6870
f 6869 6871 6870
f 6870 6871 6872
f 6871 6873 6872
f 6872 6873 6874
f 6873 6875 6874
f 6874 6875 6876
f 6875 6877 6876
f 6876 6877 6878
f 6877 6879 6878
f 6878 6879 6880
f 6879 6881 6880
f 6880 6881 6882
f 6881 6883 6882
f 6882 6883 6884
f 6883 6885 6884
f 6884 6885 6886
f 6885 6887 6886
f 6886 6887 6888
f 6887 6889 6888
f 6888 6889 6890
f 6889 6891 6890
f 6890 6891 6892
f 6891 6893 6892
f 6892 6893 6894
f 6893 6895 6894
f 6894 6895 6896
f 6895 6897 6896
f 6896 6897 6898
f 6897 6899 6898
f 6898 6899 6900
f 6899 6901 6900
f 6900 6901 6902
f 6901 6903 6902
f 6902 6903 6904
f 6903 6905 6904
f 6904 6905 6906
f 6905 6907 6906
f 6906 6907 6908
f 6907 6909 6908
f 6908 6909 6910
f 6909 6706 6910
f 6910 6706 6708
f 6911 6912 6913
f 6912 6914 6913
f 6914 6912 6915
f 6912 6916 6915
f 6915 6916 6917
f 6917 6916 6918
f 6916 6919 6918
f 6918 6919 6920
f 6920 6919 6921
f 6919 6922 6921
f 6921 6922 6923
f 6923 6922 6924
f 6922 6925 6924
f 6924 6925 6926
f 6926 6925 6927
f 6925 6928 6927
f 6927 6928 6929
f 6929 6928 6930
f 6928 6931 6930
f 6930 6931 6932
f 6932 6931 6933
f 6931 6934 6933
f 6933 6934 6935
f 6935 6934 6936
f 6934 6937 6936
f 6936 6937 6938
f 6938 6937 6939
f 6937 6940 6939
f 6939 6940 6941
f 6942 6943 6944
f 6943 6945 6944
f 6944 6945 6946
f 6946 6945 6947
f 6945 6948 6947
f 6947 6948 6949
f 6949 6948 6950
f 6948 6951 6950
f 6950 6951 6952
f 6953 6954 6951
f 6954 6955 6951
f 6951 6955 6952
f 6956 6957 6953
f 6957 6958 6953
f 6953 6958 6954
f 6959 6960 6956
f 6960 6961 6956
f 6956 6961 6957
f 6962 6963 6959
f 6963 6964 6959
f 6959 6964 6960
f 6965 6966 6962
f 6966 6967 6962
f 6962 6967 6963
f 6968 6969 6965
f 6969 6970 6965
f 6965 6970 6966
f 6971 6972 6968
f 6972 6973 6968
f 6968 6973 6969
f 6974 6975 6971
f 6975 6976 6971
f 6971 6976 6972
f 6977 6978 6974
f 6978 6979 6974
f 6974 6979 6975
f 6980 6981 6977
f 6981 6982 6977
f 6977 6982 6978
f 6983 6984 6980
f 6984 6985 6980
f 6980 6985 6981
f 6986 6987 6983
f 6987 6988 6983
f 6983 6988 6984
f 6989 6990 6986
f 6990 6991 6986
f 6986 6991 6987
f 6992 6993 6989
f 6993 6994 6989
f 6989 6994 6990
f 6995 6996 6992
f 6996 6997 6992
f 6992 6997 6993
f 6998 6999 6995
f 6999 7000 6995
f 6995 7000 6996
f 7001 7002 6998
f 7002 7003 6998
f 6998 7003 6999
f 7004 7005 7001
f 7005 7006 7001
f 7001 7006 7002
f 7007 7008 7004
f 7008 7009 7004
f 7004 7009 7005
f 7010 7011 7007
f 7011 7012 7007
f 7007 7012 7008
f 7013 7014 7010
f 7014 7015 7010
f 7010 7015 7011
f 7016 7017 7013
f 7017 7018 7013
f 7013 7018 7014
f 7019 7020 7016
f 7020 7021 7016
f 7016 7021 7017
f 7022 7023 7019
f 7023 7024 7019
f 7019 7024 7020
f 7025 7026 7022
f 7026 7027 7022
f 7022 7027 7023
f 7028 7029 7025
f 7029 7030 7025
f 7025 7030 7026
f 7031 7032 7028
f 7032 7033 7028
f 7028 7033 7029
f 7034 7035 7031
f 7035 7036 7031
f 7031 7036 7032
f 7037 7038 7034
f 7038 7039 7034
f 7034 7039 7035
f 7040 7041 7037
f 7041 7042 7037
f 7037 7042 7038
f 7043 7044 7040
f 7044 7045 7040
f 7040 7045 7041
f 7046 7047 7043
f 7047 7048 7043
f 7043 7048 7044
f 7049 7050 7046
f 7050 7051 7046
f 7046 7051 7047
f 7052 7053 7049
f 7053 7054 7049
f 7049 7054 7050
f 7055 7056 7052
f 7056 7057 7052
f 7052 7057 7053
f 7058 7059 7055
f 7059 7060 7055
f 7055 7060 7056
f 7061 7062 7058
f 7062 7063 7058
f 7058 7063 7059
f 6913 7064 6911
f 7064 7065 6911
f 6911 7065 7061
f 7065 7066 7061
f 7061 7066 7067
f 7068 7069 7070
f 7070 7071 7068
f 7071 7072 7068
f 7068 7072 7073
f 7072 7074 7073
f 7074 7075 7073
f 7073 7075 7076
f 7075 7077 7076
f 7077 7078 7076
f 7076 7078 7079
f 7078 7080 7079
f 7080 7081 7079
f 7079 7081 7082
f 7081 7083 7082
f 7083 7084 7082
f 7082 7084 7085
f 7084 7086 7085
f 7086 7087 7085
f 7085 7087 7088
f 7087 7089 7088
f 7089 7090 7088
f 7088 7090 7091
f 7090 7092 7091
f 7092 7093 7091
f 7091 7093 7094
f 7093 7095 7094
f 7095 7096 7094
f 7094 7096 7097
f 7096 7098 7097
f 7098 7099 7097
f 7099 7100 7097
f 7097 7100 7101
f 7100 7102 7101
f 7101 7102 7103
f 7102 7104 7103
f 7104 7105 7103
f 7103 7105 7106
f 7105 7107 7106
f 7107 7108 7106
f 7108 7109 7106
f 7106 7109 7110
f 7109 7111 7110
f 7111 7112 7110
f 7110 7112 7113
f 7112 7114 7113
f 7114 7115 7113
f 7113 7115 7116
f 7115 7117 7116
f 7116 7117 7118
f 7117 7119 7118
f 7119 7120 7118
f 7120 7121 7118
f 7118 7121 7122
f 7121 7123 7122
f 7123 7124 7122
f 7122 7124 7125
f 7124 7126 7125
f 7126 7127 7125
f 7125 7127 7128
f 7127 7129 7128
f 7129 7130 7128
f 7128 7130 7131
f 7130 7132 7131
f 7132 7133 7131
f 7131 7133 7134
f 7133 7135 7134
f 7135 7136 7134
f 7134 7136 7137
f 7136 7138 7137
f 7138 7139 7137
f 7137 7139 7140
f 7139 7141 7140
f 7141 7142 7140
f 7140 7142 7143
f 7142 7144 7143
f 7144 7145 7143
f 7143 7145 7146
f 7145 7147 7146
f 7146 7147 7148
f 7147 7149 7148
f 7149 7150 7148
f 7148 7150 7151
f 7150 7152 7151
f 7152 7153 7151
f 7151 7153 7154
f 7153 7155 7154
f 7155 7156 7154
f 7154 7156 7157
f 7156 7158 7157
f 7158 7159 7157
f 7157 7159 7160
f 7159 7161 7160
f 7161 7162 7160
f 7160 7162 7163
f 7162 7164 7163
f 7164 7165 7163
f 7163 7165 7166
f 7165 7167 7166
f 7167 7168 7166
f 7166 7168 7169
f 7168 7170 7169
f 7170 7171 7169
f 7169 7171 7172
f 7171 7173 7172
f 7173 7174 7172
f 7172 7174 7175
f 7174 7176 7175
f 7176 7177 7175
f 7175 7177 7178
f 7177 7179 7178
f 7179 7180 7178
f 7178 7180 7181
f 7180 7182 7181
f 7182 7183 7181
f 7181 7183 7184
f 7183 7185 7184
f 7185 7186 7184
f 7184 7186 7187
f 7186 7188 7187
f 7188 7189 7187
f 7189 7190 7187
f 7187 7190 7191
f 7190 7192 7191
f 7191 7192 7193
f 7192 7194 7193
f 7194 7195 7193
f 7193 7195 7196
f 7195 7197 7196
f 7197 7198 7196
f 7198 7199 7196
f 7196 7199 7200
f 7199 7201 7200
f 7200 7201 7202
f 7201 7203 7202
f 7203 7204 7202
f 7202 7204 7205
f 7204 7206 7205
f 7206 7207 7205
f 7205 7207 7208
f 7207 7209 7208
f 7209 7210 7208
f 7210 7211 7208
f 7208 7211 7212
f 7211 7213 7212
f 7212 7213 7214
f 7213 7215 7214
f 7215 7216 7214
f 7216 7217 7214
f 7214 7217 7218
f 7217 7219 7218
f 7218 7219 7069
f 7219 7220 7069
f 7069 7220 7070
f 7221 7222 7223
f 7222 7224 7223
f 7225 7226 7227
f 7227 7228 7225
f 7228 7229 7225
f 7225 7229 7230
f 7229 7231 7230
f 7231 7232 7230
f 7230 7232 7233
f 7232 7234 7233
f 7234 7235 7233
f 7233 7235 7236
f 7235 7237 7236
f 7237 7238 7236
f 7236 7238 7239
f 7238 7240 7239
f 7240 7241 7239
f 7239 7241 7242
f 7241 7243 7242
f 7243 7244 7242
f 7242 7244 7245
f 7244 7246 7245
f 7246 7247 7245
f 7245 7247 7248
f 7247 7249 7248
f 7249 7250 7248
f 7248 7250 7251
f 7250 7252 7251
f 7252 7253 7251
f 7251 7253 7254
f 7253 7255 7254
f 7255 7256 7254
f 7254 7256 7257
f 7256 7258 7257
f 7258 7259 7257
f 7257 7259 7260
f 7259 7261 7260
f 7261 7262 7260
f 7260 7262 7263
f 7262 7264 7263
f 7264 7265 7263
f 7263 7265 7266
f 7265 7267 7266
f 7267 7268 7266
f 7266 7268 7269
f 7268 7270 7269
f 7270 7271 7269
f 7269 7271 7272
f 7271 7273 7272
f 7273 7274 7272
f 7272 7274 7275
f 7274 7276 7275
f 7276 7277 7275
f 7275 7277 7278
f 7277 7279 7278
f 7279 7280 7278
f 7278 7280 7281
f 7280 7282 7281
f 7282 7283 7281
f 7281 7283 7284
f 7283 7285 7284
f 7285 7286 7284
f 7284 7286 7287
f 7286 7288 7287
f 7288 7289 7287
f 7287 7289 7290
f 7289 7291 7290
f 7291 7292 7290
f 7290 7292 7293
f 7292 7294 7293
f 7294 7295 7293
f 7293 7295 7296
f 7295 7297 7296
f 7297 7298 7296
f 7296 7298 7299
f 7300 7301 7302
f 7298 7303 7299
f 7303 7304 7299
f 7299 7304 7302
f 7304 7305 7302
f 7302 7305 7300
f 7306 7307 7308
f 7300 7309 7301
f 7309 7310 7301
f 7301 7310 7308
f 7310 7311 7308
f 7308 7311 7306
f 7312 7313 7314
f 7306 7315 7307
f 7315 7316 7307
f 7307 7316 7314
f 7316 7317 7314
f 7314 7317 7312
f 7318 7319 7320
f 7312 7321 7313
f 7321 7322 7313
f 7313 7322 7320
f 7322 7323 7320
f 7320 7323 7318
f 7324 7325 7326
f 7318 7327 7319
f 7327 7328 7319
f 7319 7328 7326
f 7328 7329 7326
f 7326 7329 7324
f 7330 7331 7332
f 7324 7333 7325
f 7333 7334 7325
f 7325 7334 7332
f 7334 7335 7332
f 7332 7335 7330
f 7336 7337 7338
f 7330 7339 7331
f 7339 7340 7331
f 7331 7340 7338
f 7340 7341 7338
f 7338 7341 7336
f 7342 7343 7344
f 7336 7345 7337
f 7345 7346 7337
f 7337 7346 7344
f 7346 7347 7344
f 7344 7347 7342
f 7348 7349 7350
f 7342 7351 7343
f 7351 7352 7343
f 7343 7352 7350
f 7352 7353 7350
f 7350 7353 7348
f 7354 7355 7356
f 7348 7357 7349
f 7357 7358 7349
f 7349 7358 7356
f 7358 7359 7356
f 7356 7359 7354
f 7360 7361 7362
f 7354 7363 7355
f 7363 7364 7355
f 7355 7364 7362
f 7364 7365 7362
f 7362 7365 7360
f 7360 7366 7361
f 7366 7367 7361
f 7361 7367 7368
f 7367 7369 7368
f 7368 7369 7370
f 7369 7371 7370
f 7372 7373 7374
f 7373 7375 7374
f 7374 7375 7376
f 7375 7377 7376
f 7378 7379 7380
f 7380 7381 7378
f 7381 7382 7378
f 7378 7382 7383
f 7382 7384 7383
f 7384 7385 7383
f 7383 7385 7386
f 7385 7387 7386
f 7387 7388 7386
f 7386 7388 7389
f 7388 7390 7389
f 7390 7391 7389
f 7389 7391 7392
f 7391 7393 7392
f 7393 7394 7392
f 7392 7394 7395
f 7394 7396 7395
f 7396 7397 7395
f 7395 7397 7398
f 7397 7399 7398
f 7399 7400 7398
f 7398 7400 7401
f 7400 7402 7401
f 7402 7403 7401
f 7401 7403 7404
f 7403 7405 7404
f 7405 7406 7404
f 7404 7406 7407
f 7406 7408 7407
f 7408 7409 7407
f 7407 7409 7410
f 7409 7411 7410
f 7411 7412 7410
f 7410 7412 7413
f 7412 7414 7413
f 7414 7415 7413
f 7413 7415 7416
f 7415 7417 7416
f 7417 7418 7416
f 7416 7418 7419
f 7418 7420 7419
f 7420 7421 7419
f 7419 7421 7422
f 7421 7423 7422
f 7423 7424 7422
f 7422 7424 7425
f 7424 7426 7425
f 7426 7427 7425
f 7425 7427 7428
f 7427 7429 7428
f 7429 7430 7428
f 7428 7430 7431
f 7430 7432 7431
f 7432 7433 7431
f 7431 7433 7434
f 7433 7435 7434
f 7435 7436 7434
f 7434 7436 7437
f 7436 7438 7437
f 7438 7439 7437
f 7437 7439 7440
f 7439 7441 7440
f 7441 7442 7440
f 7440 7442 7443
f 7442 7444 7443
f 7444 7445 7443
f 7443 7445 7446
f 7447 7448 7449
f 7445 7450 7446
f 7450 7451 7446
f 7446 7451 7449
f 7451 7452 7449
f 7449 7452 7447
f 7453 7454 7455
f 7447 7456 7448
f 7456 7457 7448
f 7448 7457 7455
f 7457 7458 7455
f 7455 7458 7453
f 7459 7460 7461
f 7453 7462 7454
f 7462 7463 7454
f 7454 7463 7461
f 7463 7464 7461
f 7461 7464 7459
f 7465 7466 7467
f 7459 7468 7460
f 7468 7469 7460
f 7460 7469 7467
f 7469 7470 7467
f 7467 7470 7465
f 7471 7472 7473
f 7465 7474 7466
f 7474 7475 7466
f 7466 7475 7473
f 7475 7476 7473
f 7473 7476 7471
f 7477 7478 7479
f 7471 7480 7472
f 7480 7481 7472
f 7472 7481 7479
f 7481 7482 7479
f 7479 7482 7477
f 7483 7484 7485
f 7477 7486 7478
f 7486 7487 7478
f 7478 7487 7485
f 7487 7488 7485
f 7485 7488 7483
f 7489 7490 7491
f 7483 7492 7484
f 7492 7493 7484
f 7484 7493 7491
f 7493 7494 7491
f 7491 7494 7489
f 7495 7496 7497
f 7489 7498 7490
f 7498 7499 7490
f 7490 7499 7497
f 7499 7500 7497
f 7497 7500 7495
f 7501 7502 7503
f 7495 7504 7496
f 7504 7505 7496
f 7496 7505 7503
f 7505 7506 7503
f 7503 7506 7501
f 7507 7508 7509
f 7501 7510 7502
f 7510 7511 7502
f 7502 7511 7509
f 7511 7512 7509
f 7509 7512 7507
f 7513 7514 7515
f 7507 7516 7508
f 7516 7517 7508
f 7508 7517 7515
f 7517 7518 7515
f 7515 7518 7513
f 7513 7519 7514
f 7519 7520 7514
f 7514 7520 7521
f 7520 7522 7521
f 7521 7522 7523
f 7522 7524 7523
f 7525 7526 7527
f 7528 7529 7530
f 7530 7531 7528
f 7531 7532 7528
f 7528 7532 7533
f 7532 7534 7533
f 7533 7534 7535
f 7534 7536 7535
f 7535 7536 7537
f 7536 7538 7537
f 7537 7538 7539
f 7538 7540 7539
f 7539 7540 7541
f 7540 7542 7541
f 7541 7542 7543
f 7543 7542 7544
f 7542 7545 7544
f 7544 7545 7546
f 7545 7547 7546
f 7546 7547 7548
f 7547 7549 7548
f 7548 7549 7550
f 7549 7551 7550
f 7550 7551 7552
f 7551 7553 7552
f 7552 7553 7554
f 7553 7555 7554
f 7554 7555 7556
f 7555 7557 7556
f 7556 7557 7558
f 7557 7559 7558
f 7558 7559 7560
f 7559 7561 7560
f 7560 7561 7562
f 7561 7563 7562
f 7562 7563 7564
f 7563 7565 7564
f 7564 7565 7566
f 7565 7567 7566
f 7566 7567 7568
f 7567 7569 7568
f 7568 7569 7570
f 7569 7571 7570
f 7570 7571 7572
f 7571 7573 7572
f 7572 7573 7574
f 7573 7575 7574
f 7574 7575 7576
f 7575 7577 7576
f 7576 7577 7578
f 7577 7579 7578
f 7578 7579 7580
f 7579 7581 7580
f 7580 7581 7582
f 7581 7583 7582
f 7582 7583 7584
f 7583 7585 7584
f 7584 7585 7586
f 7585 7587 7586
f 7586 7587 7588
f 7587 7589 7588
f 7588 7589 7590
f 7589 7591 7590
f 7590 7591 7592
f 7591 7593 7592
f 7592 7593 7594
f 7593 7595 7594
f 7594 7595 7596
f 7595 7597 7596
f 7596 7597 7598
f 7597 7599 7598
f 7598 7599 7600
f 7599 7601 7600
f 7600 7601 7602
f 7601 7603 7602
f 7602 7603 7604
f 7603 7605 7604
f 7604 7605 7606
f 7605 7607 7606
f 7606 7607 7608
f 7607 7609 7608
f 7608 7609 7610
f 7609 7611 7610
f 7610 7611 7612
f 7611 7613 7612
f 7612 7613 7614
f 7613 7615 7614
f 7614 7615 7616
f 7615 7617 7616
f 7616 7617 7618
f 7617 7619 7618
f 7618 7619 7620
f 7619 7621 7620
f 7620 7621 7622
f 7621 7623 7622
f 7622 7623 7527
f 7623 7624 7527
f 7527 7624 7525
f 7625 7626 7627
f 7628 7629 7627
f 7629 7630 7627
f 7630 7631 7627
f 7627 7631 7632
f 7632 7633 7627
f 7633 7634 7627
f 7627 7634 7635
f 7636 7637 7627
f 7637 7638 7627
f 7627 7638 7628
f 7639 7640 7641
f 7640 7642 7641
f 7641 7642 7643
f 7642 7644 7643
f 7635 7645 7627
f 7645 7646 7627
f 7627 7646 7647
f 7647 7648 7627
f 7648 7649 7627
f 7627 7649 7650
f 7650 7651 7627
f 7651 7652 7627
f 7627 7652 7653
f 7653 7654 7627
f 7654 7655 7627
f 7627 7655 7625
f 7656 7657 7658
f 7657 7659 7658
f 7658 7659 7660
f 7656 7658 7661
f 7658 7662 7661
f 7661 7662 7663
f 7626 7664 7627
f 7664 7661 7627
f 7627 7661 7665
f 7661 7663 7665
f 7636 7627 7641
f 7627 7666 7641
f 7641 7666 7667
f 7668 7669 7670
f 7669 7671 7670
f 7670 7671 7642
f 7671 7672 7642
f 7642 7672 7644
f 7667 7673 7641
f 7673 7674 7641
f 7641 7674 7639
f 7675 7676 7677
f 7676 7678 7677
f 7679 7680 7681
f 7679 7681 7682
f 7681 7683 7682
f 7682 7683 7684
f 7683 7685 7684
f 7684 7685 7686
f 7685 7687 7686
f 7686 7687 7688
f 7687 7689 7688
f 7688 7689 7690
f 7689 7691 7690
f 7690 7691 7692
f 7691 7693 7692
f 7692 7693 7694
f 7693 7695 7694
f 7694 7695 7696
f 7695 7697 7696
f 7696 7697 7698
f 7697 7699 7698
f 7698 7699 7700
f 7699 7701 7700
f 7700 7701 7702
f 7701 7703 7702
f 7702 7703 7704
f 7703 7705 7704
f 7704 7705 7706
f 7705 7707 7706
f 7706 7707 7708
f 7707 7709 7708
f 7708 7709 7710
f 7709 7711 7710
f 7710 7711 7712
f 7711 7713 7712
f 7712 7713 7714
f 7713 7715 7714
f 7714 7715 7716
f 7715 7717 7716
f 7716 7717 7718
f 7717 7719 7718
f 7718 7719 7720
f 7719 7721 7720
f 7720 7721 7722
f 7721 7723 7722
f 7722 7723 7724
f 7723 7725 7724
f 7724 7725 7726
f 7725 7727 7726
f 7726 7727 7728
f 7727 7729 7728
f 7728 7729 7730
f 7729 7731 7730
f 7730 7731 7732
f 7731 7733 7732
f 7732 7733 7734
f 7733 7735 7734
f 7734 7735 7736
f 7735 7737 7736
f 7736 7737 7738
f 7737 7739 7738
f 7738 7739 7740
f 7739 7741 7740
f 7740 7741 7742
f 7741 7743 7742
f 7742 7743 7744
f 7743 7745 7744
f 7744 7745 7746
f 7745 7747 7746
f 7746 7747 7748
f 7747 7749 7748
f 7748 7749 7750
f 7749 7751 7750
f 7750 7751 7752
f 7751 7753 7752
f 7752 7753 7754
f 7753 7755 7754
f 7754 7755 7756
f 7755 7757 7756
f 7756 7757 7758
f 7757 7759 7758
f 7758 7759 7760
f 7759 7761 7760
f 7760 7761 7762
f 7761 7763 7762
f 7762 7763 7764
f 7763 7765 7764
f 7764 7765 7766
f 7765 7767 7766
f 7766 7767 7768
f 7767 7769 7768
f 7768 7769 7770
f 7769 7771 7770
f 7770 7771 7772
f 7771 7773 7772
f 7772 7773 7774
f 7773 7775 7774
f 7774 7775 7776
f 7775 7777 7776
f 7776 7777 7778
f 7779 7780 7781
f 7782 7783 7784
f 7783 7785 7784
f 7782 7786 7783
f 7786 7787 7783
f 7783 7787 7788
f 7787 7789 7788
f 7788 7789 7790
f 7790 7791 7788
f 7791 7792 7788
f 7788 7792 7793
f 7792 7794 7793
f 7793 7794 7795
f 7795 7796 7793
f 7796 7797 7793
f 7793 7797 7798
f 7797 7799 7798
f 7799 7800 7798
f 7800 7801 7798
f 7798 7801 7802
f 7801 7803 7802
f 7803 7804 7802
f 7802 7804 7805
f 7804 7806 7805
f 7806 7807 7805
f 7805 7807 7808
f 7807 7809 7808
f 7808 7809 7810
f 7811 7812 7808
f 7811 7808 7813
f 7810 7814 7808
f 7814 7815 7808
f 7808 7815 7813
f 7816 7817 7818
f 7817 7819 7818
f 7819 7820 7818
f 7818 7820 7821
f 7821 7822 7818
f 7822 7823 7818
f 7818 7823 7824
f 7823 7825 7824
f 7825 7826 7824
f 7824 7826 7785
f 7826 7827 7785
f 7785 7827 7784
f 7828 7829 7830
f 7831 7832 7833
f 7833 7834 7831
f 7834 7835 7831
f 7831 7835 7836
f 7836 7837 7831
f 7837 7838 7831
f 7831 7838 7839
f 7840 7841 7842
f 7839 7843 7831
f 7843 7844 7831
f 7831 7844 7842
f 7844 7845 7842
f 7842 7845 7840
f 7841 7846 7842
f 7846 7847 7842
f 7842 7847 7830
f 7828 7830 7848
f 7849 7850 7830
f 7850 7851 7830
f 7830 7851 7848
f 7847 7852 7830
f 7852 7853 7830
f 7830 7853 7854
f 7854 7855 7830
f 7855 7856 7830
f 7830 7856 7849
f 7857 7858 7859
f 7858 7860 7859
f 7859 7860 7861
f 7861 7862 7859
f 7862 7863 7859
f 7859 7863 7864
f 7865 7866 7867
f 7866 7859 7867
f 7867 7859 7868
f 7859 7864 7868
f 7869 7870 7871
f 7869 7871 7872
f 7866 7873 7859
f 7873 7874 7859
f 7859 7874 7875
f 7876 7877 7871
f 7877 7878 7871
f 7871 7878 7872
f 7874 7879 7875
f 7879 7880 7875
f 7875 7880 7881
f 7881 7882 7875
f 7882 7883 7875
f 7875 7883 7871
f 7883 7884 7871
f 7871 7884 7876
f 7885 7886 7887
f 7886 7871 7887
f 7887 7871 7781
f 7871 7870 7781
f 7781 7870 7779
f 7885 7888 7886
f 7888 7889 7886
f 7886 7889 7890
f 7889 7891 7890
f 7890 7891 7892
f 7892 7893 7890
f 7893 7894 7890
f 7890 7894 7895
f 7894 7896 7895
f 7895 7896 7897
f 7897 7898 7895
f 7898 7899 7895
f 7895 7899 7900
f 7899 7901 7900
f 7901 7902 7900
f 7902 7903 7900
f 7900 7903 7831
f 7903 7904 7831
f 7831 7904 7832
f 7829 7857 7830
f 7857 7859 7830
f 7830 7859 7905
f 7859 7906 7905
f 7905 7906 7907
f 7906 7908 7907
f 7907 7908 7909
f 7908 7910 7909
f 7909 7910 7911
f 7910 7912 7911
f 7911 7912 7913
f 7912 7914 7913
f 7913 7914 7915
f 7914 7916 7915
f 7915 7916 7917
f 7916 7918 7917
f 7917 7918 7919
f 7918 7920 7919
f 7919 7920 7921
f 7920 7922 7921
f 7921 7922 7923
f 7922 7924 7923
f 7923 7924 7925
f 7924 7926 7925
f 7925 7926 7927
f 7926 7928 7927
f 7927 7928 7929
f 7928 7930 7929
f 7929 7930 7931
f 7930 7932 7931
f 7931 7932 7933
f 7932 7934 7933
f 7933 7934 7935
f 7934 7936 7935
f 7935 7936 7937
f 7936 7938 7937
f 7937 7938 7939
f 7938 7940 7939
f 7939 7940 7941
f 7940 7942 7941
f 7941 7942 7943
f 7942 7944 7943
f 7943 7944 7945
f 7944 7946 7945
f 7945 7946 7947
f 7946 7948 7947
f 7947 7948 7949
f 7948 7950 7949
f 7949 7950 7951
f 7950 7952 7951
f 7951 7952 7953
f 7952 7954 7953
f 7953 7954 7955
f 7954 7956 7955
f 7955 7956 7957
f 7956 7958 7957
f 7957 7958 7959
f 7958 7960 7959
f 7959 7960 7961
f 7960 7962 7961
f 7961 7962 7963
f 7962 7964 7963
f 7963 7964 7965
f 7964 7966 7965
f 7965 7966 7967
f 7966 7968 7967
f 7967 7968 7969
f 7968 7970 7969
f 7969 7970 7971
f 7970 7972 7971
f 7971 7972 7973
f 7972 7974 7973
f 7973 7974 7975
f 7974 7976 7975
f 7975 7976 7977
f 7976 7978 7977
f 7977 7978 7979
f 7978 7980 7979
f 7979 7980 7981
f 7980 7982 7981
f 7981 7982 7983
f 7982 7984 7983
f 7983 7984 7985
f 7984 7986 7985
f 7985 7986 7987
f 7986 7988 7987
f 7987 7988 7989
f 7988 7990 7989
f 7989 7990 7991
f 7990 7992 7991
f 7991 7992 7993
f 7992 7994 7993
f 7993 7994 7995
f 7994 7996 7995
f 7995 7996 7997
f 7996 7998 7997
f 7997 7998 7999
f 7998 8000 7999
f 7999 8000 8001
f 8000 8002 8001
f 8001 8002 8003
f 8002 8004 8003
f 8003 8004 8005
f 8004 8006 8005
f 8005 8006 8007
f 8006 8008 8007
f 8007 8008 8009
f 8008 8010 8009
f 8009 8010 8011
f 8010 8012 8011
f 8011 8012 8013
f 8012 8014 8013
f 8013 8014 8015
f 8014 8016 8015
f 8015 8016 8017
f 8016 8018 8017
f 8017 8018 8019
f 8018 8020 8019
f 8019 8020 8021
f 8020 8022 8021
f 8021 8022 8023
f 8022 8024 8023
f 8023 8024 8025
f 8024 8026 8025
f 8025 8026 8027
f 8026 8028 8027
f 8027 8028 8029
f 8028 8030 8029
f 8029 8030 8031
f 8030 8032 8031
f 8031 8032 8033
f 8032 8034 8033
f 8033 8034 8035
f 8034 8036 8035
f 8035 8036 8037
f 8036 8038 8037
f 8037 8038 8039
f 8038 8040 8039
f 8039 8040 8041
f 8040 8042 8041
f 8041 8042 8043
f 8042 8044 8043
f 8043 8044 8045
f 8044 8046 8045
f 8045 8046 8047
f 8046 8048 8047
f 8047 8048 8049
f 8048 8050 8049
f 8049 8050 8051
f 8050 8052 8051
f 8051 8052 8053
f 8052 8054 8053
f 8053 8054 8055
f 8054 8056 8055
f 8055 8056 8057
f 8056 8058 8057
f 8057 8058 8059
f 8058 8060 8059
f 8059 8060 8061
f 8060 8062 8061
f 8061 8062 8063
f 8062 8064 8063
f 8063 8064 8065
f 8064 8066 8065
f 8065 8066 8067
f 8066 8068 8067
f 8067 8068 8069
f 8068 8070 8069
f 8069 8070 8071
f 8070 8072 8071
f 8071 8072 8073
f 8072 8074 8073
f 8073 8074 8075
f 8074 8076 8075
f 8075 8076 8077
f 8076 8078 8077
f 8077 8078 7818
f 8078 7808 7818
f 7818 7808 7816
f 7808 7812 7816
f 8079 8080 8081
f 8082 8083 8084
f 8083 8085 8084
f 8084 8085 8086
f 8086 8087 8084
f 8087 8088 8084
f 8084 8088 8089
f 8088 8090 8089
f 8090 8091 8089
f 8091 8092 8089
f 8089 8092 8093
f 8081 8094 8079
f 8094 8095 8079
f 8079 8095 8096
f 8093 8097 8089
f 8097 8098 8089
f 8089 8098 8099
f 8098 8100 8099
f 8100 8101 8099
f 8099 8101 8102
f 8102 8103 8099
f 8103 8104 8099
f 8099 8104 8105
f 8096 8106 8079
f 8106 8107 8079
f 8079 8107 8084
f 8107 8108 8084
f 8084 8108 8082
f 8105 8109 8099
f 8109 8110 8099
f 8099 8110 8079
f 8110 8111 8079
f 8079 8111 8080
f 8112 8113 8114
f 8115 8116 8117
f 8118 8119 8120
f 8113 8121 8118
f 8121 8122 8118
f 8118 8122 8123
f 8123 8124 8118
f 8124 8125 8118
f 8118 8125 8119
f 8125 8126 8119
f 8126 8127 8119
f 8127 8128 8119
f 8119 8128 8129
f 8128 8130 8129
f 8131 8132 8133
f 8132 8134 8133
f 8133 8134 8130
f 8134 8135 8130
f 8130 8135 8129
f 8136 8137 8138
f 8137 8139 8138
f 8138 8139 8140
f 8140 8141 8138
f 8141 8142 8138
f 8138 8142 8143
f 8131 8133 8144
f 8133 8145 8144
f 8144 8145 8146
f 8145 8138 8146
f 8146 8138 8147
f 8138 8143 8147
f 8147 8143 8148
f 8148 8149 8147
f 8149 8150 8147
f 8147 8150 8151
f 8150 8152 8151
f 8151 8152 8153
f 8152 8154 8153
f 8154 8152 8155
f 8152 8156 8155
f 8155 8156 8157
f 8157 8156 8158
f 8156 8159 8158
f 8158 8159 8160
f 8159 8161 8160
f 8160 8161 8162
f 8163 8164 8165
f 8164 8166 8165
f 8166 8167 8165
f 8165 8167 8112
f 8167 8168 8112
f 8112 8168 8169
f 8169 8170 8112
f 8170 8171 8112
f 8112 8171 8113
f 8171 8172 8113
f 8113 8172 8121
f 8117 8116 8173
f 8116 8174 8173
f 8173 8174 8175
f 8174 8176 8175
f 8175 8176 8177
f 8178 8117 8136
f 8117 8179 8136
f 8136 8179 8137
f 8178 8180 8117
f 8180 8181 8117
f 8117 8181 8182
f 8182 8183 8117
f 8183 8184 8117
f 8117 8184 8185
f 8185 8186 8117
f 8186 8187 8117
f 8117 8187 8115
f 8162 8163 8160
f 8163 8165 8160
f 8160 8165 8188
f 8189 8190 8191
f 8165 8192 8188
f 8192 8189 8188
f 8188 8189 8193
f 8189 8191 8193
f 8193 8191 8194
f 8191 8195 8194
f 8194 8195 8196
f 8197 8198 8195
f 8198 8199 8195
f 8195 8199 8196
f 8200 8201 8202
f 8201 8203 8202
f 8202 8203 8204
f 8203 8205 8204
f 8204 8205 8195
f 8205 8206 8195
f 8195 8206 8197
f 8207 8208 8209
f 8210 8211 8202
f 8211 8212 8202
f 8212 8213 8202
f 8213 8214 8202
f 8202 8214 8200
f 8202 8207 8210
f 8207 8209 8210
f 8210 8209 8120
f 8209 8215 8120
f 8120 8215 8118
f 8216 8217 8218
f 8216 8219 8217
f 8219 8220 8217
f 8217 8220 8221
f 8222 8223 8224
f 8220 8225 8221
f 8225 8226 8221
f 8221 8226 8224
f 8226 8227 8224
f 8224 8227 8222
f 8228 8229 8230
f 8222 8231 8223
f 8231 8232 8223
f 8223 8232 8230
f 8232 8233 8230
f 8230 8233 8228
f 8234 8235 8236
f 8228 8237 8229
f 8237 8238 8229
f 8229 8238 8236
f 8238 8239 8236
f 8236 8239 8234
f 8240 8241 8242
f 8234 8243 8235
f 8243 8244 8235
f 8235 8244 8242
f 8244 8245 8242
f 8242 8245 8240
f 8246 8247 8248
f 8240 8249 8241
f 8249 8250 8241
f 8241 8250 8248
f 8250 8251 8248
f 8248 8251 8246
f 8252 8253 8254
f 8246 8255 8247
f 8255 8256 8247
f 8247 8256 8254
f 8256 8257 8254
f 8254 8257 8252
f 8258 8259 8260
f 8252 8261 8253
f 8261 8262 8253
f 8253 8262 8260
f 8262 8263 8260
f 8260 8263 8258
f 8264 8265 8266
f 8258 8267 8259
f 8267 8268 8259
f 8259 8268 8266
f 8268 8269 8266
f 8266 8269 8264
f 8270 8271 8272
f 8264 8273 8265
f 8273 8274 8265
f 8265 8274 8272
f 8274 8275 8272
f 8272 8275 8270
f 8276 8277 8278
f 8270 8279 8271
f 8279 8280 8271
f 8271 8280 8278
f 8280 8281 8278
f 8278 8281 8276
f 8282 8283 8284
f 8276 8285 8277
f 8285 8286 8277
f 8277 8286 8284
f 8286 8287 8284
f 8284 8287 8282
f 8288 8289 8290
f 8282 8291 8283
f 8291 8292 8283
f 8283 8292 8290
f 8292 8293 8290
f 8290 8293 8288
f 8294 8295 8296
f 8288 8297 8289
f 8297 8298 8289
f 8289 8298 8296
f 8298 8299 8296
f 8296 8299 8294
f 8300 8301 8302
f 8294 8303 8295
f 8303 8304 8295
f 8295 8304 8302
f 8304 8305 8302
f 8302 8305 8300
f 8306 8307 8308
f 8300 8309 8301
f 8309 8310 8301
f 8301 8310 8308
f 8310 8311 8308
f 8308 8311 8306
f 8312 8313 8314
f 8306 8315 8307
f 8315 8316 8307
f 8307 8316 8314
f 8316 8317 8314
f 8314 8317 8312
f 8318 8319 8320
f 8312 8321 8313
f 8321 8322 8313
f 8313 8322 8320
f 8322 8323 8320
f 8320 8323 8318
f 8324 8325 8326
f 8325 8327 8326
f 8318 8328 8319
f 8328 8329 8319
f 8319 8329 8327
f 8329 8330 8327
f 8327 8330 8326
f 8331 8332 8333
f 8324 8334 8325
f 8334 8335 8325
f 8325 8335 8333
f 8335 8336 8333
f 8333 8336 8331
f 8337 8338 8339
f 8331 8340 8332
f 8340 8341 8332
f 8332 8341 8339
f 8341 8342 8339
f 8339 8342 8337
f 8343 8344 8345
f 8337 8346 8338
f 8346 8347 8338
f 8338 8347 8348
f 8347 8349 8348
f 8348 8349 8350
f 8349 8351 8350
f 8350 8351 8345
f 8351 8352 8345
f 8345 8352 8343
f 8353 8354 8355
f 8343 8356 8344
f 8356 8357 8344
f 8344 8357 8358
f 8357 8359 8358
f 8358 8359 8360
f 8359 8361 8360
f 8360 8361 8355
f 8361 8362 8355
f 8355 8362 8353
f 8363 8364 8365
f 8353 8366 8354
f 8366 8367 8354
f 8354 8367 8365
f 8367 8368 8365
f 8365 8368 8363
f 8363 8369 8364
f 8369 8370 8364
f 8364 8370 8218
f 8370 8371 8218
f 8218 8371 8216
f 8372 8373 8374
f 8375 8376 8377
f 8376 8378 8377
f 8377 8378 8374
f 8378 8379 8374
f 8374 8379 8380
f 8381 8382 8383
f 8382 8384 8383
f 8383 8384 8385
f 8384 8386 8385
f 8381 8387 8382
f 8387 8388 8382
f 8382 8388 8389
f 8388 8390 8389
f 8389 8390 8391
f 8390 8392 8391
f 8393 8375 8394
f 8395 8396 8397
f 8396 8398 8397
f 8399 8400 8401
f 8400 8402 8401
f 8401 8402 8403
f 8402 8404 8403
f 8403 8404 8405
f 8404 8406 8405
f 8393 8407 8375
f 8407 8408 8375
f 8375 8408 8409
f 8409 8410 8375
f 8410 8411 8375
f 8375 8411 8376
f 8394 8412 8393
f 8412 8413 8393
f 8393 8413 8401
f 8413 8414 8401
f 8401 8414 8399
f 8415 8416 8404
f 8416 8417 8404
f 8404 8417 8406
f 8386 8384 8418
f 8384 8419 8418
f 8418 8419 8420
f 8380 8421 8374
f 8421 8422 8374
f 8374 8422 8423
f 8423 8424 8374
f 8424 8425 8374
f 8374 8425 8372
f 8426 8427 8397
f 8427 8428 8397
f 8397 8428 8404
f 8428 8429 8404
f 8404 8429 8415
f 8420 8430 8418
f 8430 8431 8418
f 8418 8431 8397
f 8431 8432 8397
f 8397 8432 8395
f 8373 8433 8374
f 8433 8434 8374
f 8374 8434 8390
f 8434 8435 8390
f 8390 8435 8392
f 8398 8436 8397
f 8436 8437 8397
f 8397 8437 8438
f 8438 8439 8397
f 8439 8440 8397
f 8397 8440 8426
f 8441 8442 8443
f 8444 8445 8443
f 8445 8446 8443
f 8443 8446 8441
f 8447 8448 8443
f 8448 8449 8443
f 8443 8449 8444
f 8450 8451 8443
f 8451 8452 8443
f 8443 8452 8447
f 8453 8454 8443
f 8454 8455 8443
f 8443 8455 8450
f 8456 8457 8443
f 8457 8458 8443
f 8443 8458 8453
f 8459 8460 8443
f 8460 8461 8443
f 8443 8461 8456
f 8462 8463 8443
f 8463 8464 8443
f 8443 8464 8459
f 8465 8466 8443
f 8466 8467 8443
f 8443 8467 8462
f 8468 8469 8443
f 8469 8470 8443
f 8443 8470 8465
f 8471 8472 8443
f 8472 8473 8443
f 8443 8473 8468
f 8474 8475 8443
f 8475 8476 8443
f 8443 8476 8471
f 8477 8478 8443
f 8478 8479 8443
f 8443 8479 8474
f 8480 8481 8443
f 8481 8482 8443
f 8443 8482 8477
f 8483 8484 8443
f 8484 8485 8443
f 8443 8485 8480
f 8442 8486 8443
f 8486 8487 8443
f 8443 8487 8483
f 8442 8488 8486
f 8488 8489 8486
f 8486 8489 8487
f 8489 8490 8487
f 8487 8490 8483
f 8490 8491 8483
f 8483 8491 8484
f 8491 8492 8484
f 8484 8492 8485
f 8492 8493 8485
f 8485 8493 8480
f 8493 8494 8480
f 8480 8494 8481
f 8494 8495 8481
f 8481 8495 8482
f 8495 8496 8482
f 8482 8496 8477
f 8496 8497 8477
f 8477 8497 8478
f 8497 8498 8478
f 8478 8498 8479
f 8498 8499 8479
f 8479 8499 8474
f 8499 8500 8474
f 8474 8500 8475
f 8500 8501 8475
f 8475 8501 8476
f 8501 8502 8476
f 8476 8502 8471
f 8502 8503 8471
f 8471 8503 8472
f 8503 8504 8472
f 8472 8504 8473
f 8504 8505 8473
f 8473 8505 8468
f 8505 8506 8468
f 8468 8506 8469
f 8506 8507 8469
f 8469 8507 8470
f 8507 8508 8470
f 8470 8508 8465
f 8508 8509 8465
f 8465 8509 8466
f 8509 8510 8466
f 8466 8510 8467
f 8510 8511 8467
f 8467 8511 8462
f 8511 8512 8462
f 8462 8512 8463
f 8512 8513 8463
f 8463 8513 8464
f 8513 8514 8464
f 8464 8514 8459
f 8514 8515 8459
f 8459 8515 8460
f 8515 8516 8460
f 8460 8516 8461
f 8516 8517 8461
f 8461 8517 8456
f 8517 8518 8456
f 8456 8518 8457
f 8518 8519 8457
f 8457 8519 8458
f 8519 8520 8458
f 8458 8520 8453
f 8520 8521 8453
f 8453 8521 8454
f 8521 8522 8454
f 8454 8522 8455
f 8522 8523 8455
f 8455 8523 8450
f 8523 8524 8450
f 8450 8524 8451
f 8524 8525 8451
f 8451 8525 8452
f 8525 8526 8452
f 8452 8526 8447
f 8526 8527 8447
f 8447 8527 8448
f 8527 8528 8448
f 8448 8528 8449
f 8528 8529 8449
f 8449 8529 8444
f 8529 8530 8444
f 8444 8530 8445
f 8530 8531 8445
f 8445 8531 8446
f 8531 8532 8446
f 8446 8532 8441
f 8532 8533 8441
f 8441 8533 8442
f 8533 8488 8442
f 8488 8534 8489
f 8534 8535 8489
f 8489 8535 8490
f 8535 8536 8490
f 8490 8536 8491
f 8536 8537 8491
f 8491 8537 8492
f 8537 8538 8492
f 8492 8538 8493
f 8538 8539 8493
f 8493 8539 8494
f 8539 8540 8494
f 8494 8540 8495
f 8540 8541 8495
f 8495 8541 8496
f 8541 8542 8496
f 8496 8542 8497
f 8542 8543 8497
f 8497 8543 8498
f 8543 8544 8498
f 8498 8544 8499
f 8544 8545 8499
f 8499 8545 8500
f 8545 8546 8500
f 8500 8546 8501
f 8546 8547 8501
f 8501 8547 8502
f 8547 8548 8502
f 8502 8548 8503
f 8548 8549 8503
f 8503 8549 8504
f 8549 8550 8504
f 8504 8550 8505
f 8550 8551 8505
f 8505 8551 8506
f 8551 8552 8506
f 8506 8552 8507
f 8552 8553 8507
f 8507 8553 8508
f 8553 8554 8508
f 8508 8554 8509
f 8554 8555 8509
f 8509 8555 8510
f 8555 8556 8510
f 8510 8556 8511
f 8556 8557 8511
f 8511 8557 8512
f 8557 8558 8512
f 8512 8558 8513
f 8558 8559 8513
f 8513 8559 8514
f 8559 8560 8514
f 8514 8560 8515
f 8560 8561 8515
f 8515 8561 8516
f 8561 8562 8516
f 8516 8562 8517
f 8562 8563 8517
f 8517 8563 8518
f 8563 8564 8518
f 8518 8564 8519
f 8564 8565 8519
f 8519 8565 8520
f 8565 8566 8520
f 8520 8566 8521
f 8566 8567 8521
f 8521 8567 8522
f 8567 8568 8522
f 8522 8568 8523
f 8568 8569 8523
f 8523 8569 8524
f 8569 8570 8524
f 8524 8570 8525
f 8570 8571 8525
f 8525 8571 8526
f 8571 8572 8526
f 8526 8572 8527
f 8572 8573 8527
f 8527 8573 8528
f 8573 8574 8528
f 8528 8574 8529
f 8574 8575 8529
f 8529 8575 8530
f 8575 8576 8530
f 8530 8576 8531
f 8576 8577 8531
f 8531 8577 8532
f 8577 8578 8532
f 8532 8578 8533
f 8578 8579 8533
f 8533 8579 8488
f 8579 8534 8488
f 8534 8580 8535
f 8580 8581 8535
f 8535 8581 8536
f 8581 8582 8536
f 8536 8582 8537
f 8582 8583 8537
f 8537 8583 8538
f 8583 8584 8538
f 8538 8584 8539
f 8584 8585 8539
f 8539 8585 8540
f 8585 8586 8540
f 8540 8586 8541
f 8586 8587 8541
f 8541 8587 8542
f 8587 8588 8542
f 8542 8588 8543
f 8588 8589 8543
f 8543 8589 8544
f 8589 8590 8544
f 8544 8590 8545
f 8590 8591 8545
f 8545 8591 8546
f 8591 8592 8546
f 8546 8592 8547
f 8592 8593 8547
f 8547 8593 8548
f 8593 8594 8548
f 8548 8594 8549
f 8594 8595 8549
f 8549 8595 8550
f 8595 8596 8550
f 8550 8596 8551
f 8596 8597 8551
f 8551 8597 8552
f 8597 8598 8552
f 8552 8598 8553
f 8598 8599 8553
f 8553 8599 8554
f 8599 8600 8554
f 8554 8600 8555
f 8600 8601 8555
f 8555 8601 8556
f 8601 8602 8556
f 8556 8602 8557
f 8602 8603 8557
f 8557 8603 8558
f 8603 8604 8558
f 8558 8604 8559
f 8604 8605 8559
f 8559 8605 8560
f 8605 8606 8560
f 8560 8606 8561
f 8606 8607 8561
f 8561 8607 8562
f 8607 8608 8562
f 8562 8608 8563
f 8608 8609 8563
f 8563 8609 8564
f 8609 8610 8564
f 8564 8610 8565
f 8610 8611 8565
f 8565 8611 8566
f 8611 8612 8566
f 8566 8612 8567
f 8612 8613 8567
f 8567 8613 8568
f 8613 8614 8568
f 8568 8614 8569
f 8614 8615 8569
f 8569 8615 8570
f 8615 8616 8570
f 8570 8616 8571
f 8616 8617 8571
f 8571 8617 8572
f 8617 8618 8572
f 8572 8618 8573
f 8618 8619 8573
f 8573 8619 8574
f 8619 8620 8574
f 8574 8620 8575
f 8620 8621 8575
f 8575 8621 8576
f 8621 8622 8576
f 8576 8622 8577
f 8622 8623 8577
f 8577 8623 8578
f 8623 8624 8578
f 8578 8624 8579
f 8624 8625 8579
f 8579 8625 8534
f 8625 8580 8534
f 8626 8627 8628
f 8629 8630 8628
f 8630 8631 8628
f 8628 8631 8626
f 8632 8633 8628
f 8633 8634 8628
f 8628 8634 8629
f 8635 8636 8628
f 8636 8637 8628
f 8628 8637 8632
f 8638 8639 8628
f 8639 8640 8628
f 8628 8640 8635
f 8641 8642 8628
f 8642 8643 8628
f 8628 8643 8638
f 8644 8645 8628
f 8645 8646 8628
f 8628 8646 8641
f 8647 8648 8628
f 8648 8649 8628
f 8628 8649 8644
f 8650 8651 8628
f 8651 8652 8628
f 8628 8652 8647
f 8653 8654 8628
f 8654 8655 8628
f 8628 8655 8650
f 8656 8657 8628
f 8657 8658 8628
f 8628 8658 8653
f 8659 8660 8628
f 8660 8661 8628
f 8628 8661 8656
f 8662 8663 8628
f 8663 8664 8628
f 8628 8664 8659
f 8665 8666 8628
f 8666 8667 8628
f 8628 8667 8662
f 8668 8669 8628
f 8669 8670 8628
f 8628 8670 8665
f 8627 8671 8628
f 8671 8672 8628
f 8628 8672 8668

