# https://github.com/mikedh/trimesh

o FR3_Version2_Link0_0-mesh
v -0.05434347 -0.01716462 0.14000001
v -0.05383124 -0.01861658 0.14000001
v -0.05197962 -0.01797552 0.14000001
v -0.05443844 -0.01689543 0.14000001
v -0.03984676 -0.04075840 0.14000001
v -0.03855562 -0.04198173 0.14000001
v -0.03713298 -0.04057267 0.14000001
v -0.05499991 -0.00010000 0.14000001
v -0.05699991 -0.00010000 0.14000001
v -0.05423134 -0.00916306 0.14000001
v -0.05644766 -0.00791590 0.14000001
v -0.05479705 -0.01569342 0.14000001
v -0.00433544 -0.05482886 0.14000001
v 0.00000000 -0.05700000 0.14000001
v 0.00476008 -0.05479362 0.14000001
v 0.00488893 -0.05678995 0.14000001
v 0.01372542 -0.05325986 0.14000001
v 0.01373256 -0.05532103 0.14000001
v 0.02231538 -0.05026951 0.14000001
v 0.02223651 -0.05248369 0.14000001
v 0.03029505 -0.04590435 0.14000001
v 0.03019041 -0.04834811 0.14000001
v 0.03744619 -0.04028377 0.14000001
v 0.03739751 -0.04301658 0.14000001
v 0.04357323 -0.03356149 0.14000001
v 0.04367955 -0.03662099 0.14000001
v 0.04850859 -0.02592134 0.14000001
v 0.04888113 -0.02931954 0.14000001
v 0.05211732 -0.01757228 0.14000001
v 0.05287357 -0.02129284 0.14000001
v 0.05430070 -0.00874264 0.14000001
v 0.05555813 -0.01273944 0.14000001
v 0.05632553 -0.00874264 0.14000001
v -0.04628147 -0.03321556 0.14000001
v -0.04560472 -0.03419367 0.14000001
v -0.04331191 -0.03389805 0.14000001
v -0.04286065 -0.03757602 0.14000001
v -0.04136507 -0.03915522 0.14000001
v -0.00769256 -0.05643595 0.14000001
v -0.00565711 -0.05671842 0.14000001
v -0.00435187 -0.05683346 0.14000001
v -0.04807683 -0.03062072 0.14000001
v -0.04830632 -0.02629637 0.14000001
v -0.05015631 -0.02708022 0.14000001
v -0.05298920 -0.02100340 0.14000001
v -0.05277223 -0.02150699 0.14000001
v -0.05166217 -0.02408349 0.14000001
v -0.01000773 -0.05611467 0.14000001
v -0.01331239 -0.05336460 0.14000001
v -0.01426556 -0.05518599 0.14000001
v -0.03172853 -0.04735308 0.14000001
v -0.02993851 -0.04613768 0.14000001
v -0.03524274 -0.04479888 0.14000001
v -0.03571111 -0.04440060 0.14000001
v -0.02253302 -0.05235625 0.14000001
v -0.02248192 -0.05237913 0.14000001
v -0.02192527 -0.05044088 0.14000001
v -0.01842579 -0.05393964 0.14000001
v -0.01524703 -0.05489196 0.14000001
v -0.02937784 -0.04880093 0.14000001
v -0.02801740 -0.04963885 0.14000001
v -0.02411096 -0.05164941 0.14000001
v 0.00000000 0.05700000 0.14000001
v -0.00435187 0.05683346 0.14000001
v -0.00433544 0.05482886 0.14000001
v -0.03571111 0.04440060 0.14000001
v -0.03855562 0.04198173 0.14000001
v -0.03713298 0.04057267 0.14000001
v -0.02937784 0.04880093 0.14000001
v -0.03172853 0.04735308 0.14000001
v -0.02993851 0.04613768 0.14000001
v 0.00488893 0.05678995 0.14000001
v 0.00476008 0.05479362 0.14000001
v 0.01373256 0.05532103 0.14000001
v 0.01372542 0.05325986 0.14000001
v 0.02223651 0.05248369 0.14000001
v 0.02231538 0.05026951 0.14000001
v 0.03019041 0.04834811 0.14000001
v 0.03029505 0.04590435 0.14000001
v 0.03739751 0.04301658 0.14000001
v 0.03744619 0.04028377 0.14000001
v 0.04367955 0.03662099 0.14000001
v 0.04357323 0.03356149 0.14000001
v 0.04888113 0.02931954 0.14000001
v 0.04850859 0.02592134 0.14000001
v 0.05287357 0.02129284 0.14000001
v 0.05211732 0.01757228 0.14000001
v 0.05555813 0.01273944 0.14000001
v 0.05430070 0.00874264 0.14000001
v 0.05632553 0.00874264 0.14000001
v -0.05298920 0.02100340 0.14000001
v -0.05383124 0.01861658 0.14000001
v -0.05197962 0.01797552 0.14000001
v -0.05434347 0.01716462 0.14000001
v -0.04807683 0.03062072 0.14000001
v -0.04830632 0.02629637 0.14000001
v -0.04628147 0.03321556 0.14000001
v -0.04331191 0.03389805 0.14000001
v -0.04560472 0.03419367 0.14000001
v -0.03984676 0.04075840 0.14000001
v -0.04136507 0.03915522 0.14000001
v -0.04286065 0.03757602 0.14000001
v -0.00565711 0.05671842 0.14000001
v -0.00769256 0.05643595 0.14000001
v -0.01331239 0.05336460 0.14000001
v -0.01000773 0.05611467 0.14000001
v -0.05015631 0.02708022 0.14000001
v -0.05166217 0.02408349 0.14000001
v -0.05277223 0.02150699 0.14000001
v -0.03524274 0.04479888 0.14000001
v -0.05443844 0.01689543 0.14000001
v -0.05479705 0.01569342 0.14000001
v -0.05423134 0.00916306 0.14000001
v -0.05629071 0.00896415 0.14000001
v -0.05499991 0.00010000 0.14000001
v -0.05696116 0.00210379 0.14000001
v -0.05699991 0.00010000 0.14000001
v -0.02248192 0.05237913 0.14000001
v -0.02253302 0.05235625 0.14000001
v -0.02192527 0.05044088 0.14000001
v -0.02411096 0.05164941 0.14000001
v -0.02801740 0.04963885 0.14000001
v -0.01426556 0.05518599 0.14000001
v -0.01524703 0.05489196 0.14000001
v -0.01842579 0.05393964 0.14000001
v -0.04061198 -0.04770724 0.12455941
v -0.04061198 -0.04829520 0.12259151
v -0.03942855 -0.04851493 0.12455941
v -0.03942855 -0.04907047 0.12259151
v -0.03933773 -0.04912757 0.12259370
v -0.03924998 -0.04918130 0.12260020
v -0.03912241 -0.04925334 0.12262941
v -0.03891885 -0.04936830 0.12267591
v -0.03888843 -0.04938371 0.12268891
v -0.03885241 -0.04940195 0.12270431
v -0.03862580 -0.04950067 0.12285911
v -0.03890615 -0.04896439 0.12417850
v -0.03867887 -0.04948043 0.12281231
v -0.03871261 -0.04946517 0.12279130
v -0.03857265 -0.04951652 0.12292241
v -0.03852066 -0.04953202 0.12298430
v -0.03848534 -0.04953851 0.12304150
v -0.03846849 -0.04953864 0.12307991
v -0.03841635 -0.04953903 0.12319890
v -0.03839368 -0.04952924 0.12328801
v -0.03838055 -0.04952357 0.12333961
v -0.03835899 -0.04947034 0.12358851
v -0.03836632 -0.04942642 0.12373530
v -0.03837467 -0.04940448 0.12379741
v -0.03837627 -0.04940027 0.12380941
v -0.03843323 -0.04931061 0.12400921
v -0.03844070 -0.04929887 0.12403541
v -0.03850096 -0.04922948 0.12415091
v -0.03852463 -0.04920669 0.12417940
v -0.03863021 -0.04910501 0.12430620
v -0.03864092 -0.04909570 0.12431521
v -0.03868407 -0.04905820 0.12435141
v -0.03880491 -0.04896177 0.12441900
v -0.03889642 -0.04888874 0.12447011
v -0.03901957 -0.04879752 0.12451060
v -0.03902122 -0.04879631 0.12451111
v -0.03397574 -0.05225489 0.12194761
v -0.03220503 -0.05307515 0.12194761
v -0.03308168 -0.05221549 0.12423281
v -0.01399165 -0.05836018 0.12194761
v -0.01222094 -0.05863322 0.12194761
v -0.01309759 -0.05837679 0.12423281
v -0.00500960 -0.05931745 0.12455941
v -0.00500960 -0.05937858 0.12259151
v -0.00382616 -0.05945508 0.12259151
v -0.00351712 -0.05947183 0.12262630
v -0.00345070 -0.05947542 0.12263380
v -0.00336464 -0.05947950 0.12265861
v -0.00328858 -0.05948264 0.12269440
v -0.00314956 -0.05948838 0.12275981
v -0.00310880 -0.05948974 0.12278911
v -0.00290060 -0.05949454 0.12301160
v -0.00291988 -0.05946075 0.12418151
v -0.00294414 -0.05949402 0.12294820
v -0.00296952 -0.05949341 0.12292210
v -0.00286825 -0.05949430 0.12308101
v -0.00281543 -0.05949391 0.12319440
v -0.00278958 -0.05949266 0.12328760
v -0.00278644 -0.05949251 0.12329890
v -0.00275659 -0.05948601 0.12358861
v -0.00277847 -0.05947905 0.12379680
v -0.00278660 -0.05947646 0.12387420
v -0.00280624 -0.05947467 0.12390230
v -0.00279737 -0.05947470 0.12391720
v -0.00283398 -0.05947021 0.12400780
v -0.00287733 -0.05946490 0.12411520
v -0.00292906 -0.05945985 0.12419591
v -0.00307588 -0.05949084 0.12281280
v -0.00303977 -0.05945050 0.12431411
v -0.00305375 -0.05944932 0.12432901
v -0.00310949 -0.05944503 0.12437181
v -0.00320064 -0.05943852 0.12442061
v -0.00329124 -0.05943206 0.12446911
v -0.00341828 -0.05942363 0.12450680
v -0.00348631 -0.05941912 0.12452711
v -0.00382616 -0.05939772 0.12455941
v 0.00451820 -0.05941814 0.12303451
v 0.00448880 -0.05941769 0.12314061
v 0.00276139 -0.05952817 0.12293181
v 0.00439473 -0.05941625 0.12348021
v 0.00435306 -0.05941701 0.12356991
v 0.00432897 -0.05941745 0.12362170
v 0.00412204 -0.05942417 0.12392611
v 0.00409630 -0.05942501 0.12396400
v 0.00394512 -0.05943118 0.12411651
v 0.00381757 -0.05943690 0.12420501
v 0.00361510 -0.05944598 0.12434560
v 0.00343813 -0.05945426 0.12442401
v 0.00338805 -0.05945661 0.12444620
v 0.00297502 -0.05947604 0.12454210
v 0.00296615 -0.05947645 0.12454410
v 0.00284114 -0.05948228 0.12455440
v 0.00247610 -0.05949890 0.12453071
v 0.00236694 -0.05950388 0.12452370
v 0.00222445 -0.05951027 0.12449121
v 0.00204829 -0.05951821 0.12442041
v 0.00183187 -0.05952795 0.12433340
v 0.00166951 -0.05953549 0.12423131
v 0.00166487 -0.05953570 0.12422841
v 0.00136810 -0.05955047 0.12395801
v 0.00136264 -0.05955078 0.12395061
v 0.00121505 -0.05955920 0.12375151
v 0.00112881 -0.05956545 0.12357051
v 0.00103352 -0.05957236 0.12337060
v 0.00098129 -0.05957780 0.12318870
v 0.00097773 -0.05957862 0.12315721
v 0.00454289 -0.05942422 0.12270621
v 0.00454290 -0.05942422 0.12270630
v 0.00453352 -0.05942002 0.12291031
v 0.00092670 -0.05959041 0.12270630
v 0.00092670 -0.05959041 0.12270621
v 0.00165199 -0.05960797 0.12120761
v 0.00185530 -0.05960513 0.12106660
v 0.00236368 -0.05956833 0.12194391
v 0.00203138 -0.05960090 0.12098871
v 0.00208299 -0.05959966 0.12096590
v 0.00249439 -0.05958575 0.12087070
v 0.00250403 -0.05958543 0.12086851
v 0.00263048 -0.05958019 0.12085811
v 0.00299340 -0.05956224 0.12088211
v 0.00310405 -0.05955676 0.12088930
v 0.00324730 -0.05954846 0.12092210
v 0.00342129 -0.05953697 0.12099231
v 0.00093635 -0.05959515 0.12249950
v 0.00095176 -0.05959779 0.12237581
v 0.00098066 -0.05959965 0.12227211
v 0.00107609 -0.05960582 0.12192950
v 0.00111654 -0.05960698 0.12184280
v 0.00114155 -0.05960771 0.12178921
v 0.00134774 -0.05960990 0.12148671
v 0.00137482 -0.05961019 0.12144700
v 0.00152545 -0.05960973 0.12129531
v 0.00363984 -0.05952252 0.12108050
v 0.00380005 -0.05951041 0.12118151
v 0.00380625 -0.05950994 0.12118551
v 0.00410305 -0.05948450 0.12145650
v 0.00410711 -0.05948410 0.12146200
v 0.00425495 -0.05946940 0.12166191
v 0.00434080 -0.05945912 0.12184221
v 0.00443638 -0.05944768 0.12204301
v 0.00448847 -0.05943964 0.12222471
v 0.00449195 -0.05943865 0.12225551
v 0.01845934 -0.05666214 0.12289151
v 0.01844367 -0.05666380 0.12302581
v 0.01485085 -0.05771766 0.12270621
v 0.01841295 -0.05667076 0.12314071
v 0.01832852 -0.05668987 0.12345640
v 0.01827692 -0.05670348 0.12356971
v 0.01825429 -0.05670944 0.12361941
v 0.01804716 -0.05676726 0.12392681
v 0.01802785 -0.05677266 0.12395540
v 0.01785371 -0.05682280 0.12413010
v 0.01774212 -0.05685538 0.12420550
v 0.01751820 -0.05692074 0.12435660
v 0.01736185 -0.05696662 0.12442300
v 0.01728318 -0.05698970 0.12445640
v 0.01689808 -0.05710255 0.12453731
v 0.01684243 -0.05711885 0.12454901
v 0.01672500 -0.05715314 0.12455610
v 0.01565259 -0.05747598 0.12384231
v 0.01640113 -0.05724725 0.12452720
v 0.01623588 -0.05729526 0.12451250
v 0.01610392 -0.05733346 0.12447851
v 0.01597257 -0.05737149 0.12442131
v 0.01570849 -0.05744793 0.12430620
v 0.01559446 -0.05748107 0.12423021
v 0.01555907 -0.05749137 0.12420650
v 0.01528867 -0.05757090 0.12394851
v 0.01526593 -0.05757759 0.12392681
v 0.01512826 -0.05761913 0.12373391
v 0.01505259 -0.05764318 0.12357081
v 0.01495221 -0.05767508 0.12335431
v 0.01490262 -0.05769250 0.12317650
v 0.01490051 -0.05769353 0.12315741
v 0.01485084 -0.05771766 0.12270630
v 0.01691649 -0.05718761 0.12088611
v 0.01664236 -0.05723236 0.12248070
v 0.01660932 -0.05727873 0.12085611
v 0.01648500 -0.05731450 0.12086281
v 0.01709744 -0.05713393 0.12090371
v 0.01723106 -0.05709302 0.12093941
v 0.01734550 -0.05705695 0.12099071
v 0.01762665 -0.05696833 0.12111690
v 0.01772329 -0.05693687 0.12118281
v 0.01777057 -0.05692147 0.12121511
v 0.01802804 -0.05683482 0.12146541
v 0.01806289 -0.05682309 0.12149930
v 0.01819396 -0.05677703 0.12168590
v 0.01826548 -0.05675036 0.12184180
v 0.01836804 -0.05671211 0.12206550
v 0.01841656 -0.05669216 0.12224180
v 0.01485999 -0.05772023 0.12250490
v 0.01487599 -0.05771922 0.12237530
v 0.01490442 -0.05771429 0.12227201
v 0.01499530 -0.05769853 0.12194150
v 0.01504100 -0.05768888 0.12184301
v 0.01506773 -0.05768323 0.12178531
v 0.01527150 -0.05763626 0.12148640
v 0.01529649 -0.05763051 0.12144980
v 0.01547101 -0.05758769 0.12127671
v 0.01557545 -0.05756081 0.12120681
v 0.01580524 -0.05750166 0.12105321
v 0.01595608 -0.05746119 0.12099010
v 0.01604699 -0.05743680 0.12095211
v 0.01641974 -0.05733272 0.12087610
v 0.01841802 -0.05669136 0.12225531
v 0.01846704 -0.05666432 0.12270621
v 0.01846705 -0.05666431 0.12270630
v 0.00854440 -0.05894878 0.12399010
v 0.01090164 -0.05855911 0.12399460
v 0.01090119 -0.05855841 0.12402341
v 0.01088881 -0.05855841 0.12410850
v 0.01087576 -0.05855840 0.12419810
v 0.01085630 -0.05856047 0.12425421
v 0.01084947 -0.05856120 0.12427391
v 0.01078769 -0.05856964 0.12438170
v 0.01078134 -0.05857050 0.12439281
v 0.01071454 -0.05858068 0.12446760
v 0.01069469 -0.05858388 0.12448240
v 0.01059305 -0.05860024 0.12455820
v 0.01053479 -0.05860997 0.12458261
v 0.01036544 -0.05863825 0.12465340
v 0.01030909 -0.05864777 0.12466781
v 0.01028843 -0.05865126 0.12467300
v 0.00982512 -0.05872938 0.12471801
v 0.00854440 -0.05892933 0.12471801
v 0.00854440 -0.05896823 0.12326230
v 0.00982512 -0.05876840 0.12326230
v 0.01002861 -0.05873290 0.12328521
v 0.01033245 -0.05867988 0.12331961
v 0.01039873 -0.05866766 0.12333931
v 0.01040312 -0.05866685 0.12334060
v 0.01057968 -0.05863309 0.12342331
v 0.01061444 -0.05862645 0.12343950
v 0.01063846 -0.05862167 0.12345611
v 0.01064927 -0.05861952 0.12346361
v 0.01074772 -0.05859914 0.12355591
v 0.01076133 -0.05859632 0.12356861
v 0.01081290 -0.05858493 0.12364171
v 0.01082967 -0.05858082 0.12367950
v 0.01086960 -0.05857107 0.12376951
v 0.01088172 -0.05856762 0.12381470
v 0.01088308 -0.05856723 0.12381981
v 0.01090116 -0.05855932 0.12399010
v 0.00854440 -0.05902627 0.12069461
v 0.01007243 -0.05878480 0.12069461
v 0.00854440 -0.05900983 0.12145781
v 0.01013651 -0.05877378 0.12069520
v 0.01021927 -0.05875939 0.12069781
v 0.01049687 -0.05870910 0.12074110
v 0.01068751 -0.05867456 0.12077080
v 0.01075350 -0.05866204 0.12079330
v 0.01079296 -0.05865432 0.12081391
v 0.01094589 -0.05862441 0.12089341
v 0.01095742 -0.05862207 0.12090230
v 0.01098764 -0.05861594 0.12092550
v 0.01106177 -0.05860034 0.12100421
v 0.01108827 -0.05859477 0.12103231
v 0.01112050 -0.05858764 0.12108150
v 0.01113610 -0.05858391 0.12111741
v 0.01117706 -0.05857414 0.12121151
v 0.01118928 -0.05857082 0.12125770
v 0.01119070 -0.05857044 0.12126301
v 0.01121047 -0.05856256 0.12145341
v 0.01121039 -0.05856248 0.12145781
v 0.01120981 -0.05856190 0.12148990
v 0.01119522 -0.05856256 0.12158651
v 0.01118132 -0.05856320 0.12167850
v 0.01115966 -0.05856596 0.12174010
v 0.01115421 -0.05856666 0.12175570
v 0.01108632 -0.05857689 0.12187381
v 0.01108206 -0.05857753 0.12188121
v 0.01101526 -0.05858843 0.12195640
v 0.01098656 -0.05859330 0.12197800
v 0.01088908 -0.05860984 0.12205150
v 0.01081753 -0.05862229 0.12208191
v 0.01065581 -0.05865042 0.12215060
v 0.01057825 -0.05866399 0.12217041
v 0.01056305 -0.05866665 0.12217431
v 0.01007243 -0.05875179 0.12222111
v 0.00854440 -0.05899339 0.12222111
v 0.02580973 0.05367693 0.12420231
v 0.02624519 0.05349377 0.12308921
v 0.02538274 0.05390823 0.12308921
v 0.02668591 0.05330841 0.12196271
v 0.02495061 0.05414231 0.12196271
v -0.02119877 0.05674448 0.12308921
v -0.02117750 0.05676427 0.12294651
v -0.02288530 0.05638925 0.12208921
v -0.02116415 0.05679150 0.12270630
v -0.02295936 0.05649620 0.12089271
v -0.02306178 0.05646768 0.12089641
v -0.02317351 0.05643433 0.12091681
v -0.02350472 0.05633548 0.12097721
v -0.02362873 0.05629502 0.12102460
v -0.02370742 0.05626934 0.12105481
v -0.02400264 0.05616350 0.12123630
v -0.02405821 0.05614358 0.12127041
v -0.02422687 0.05607601 0.12142601
v -0.02429361 0.05604535 0.12151690
v -0.02447075 0.05596398 0.12175821
v -0.02452305 0.05593551 0.12186351
v -0.02455020 0.05592073 0.12191820
v -0.02121299 0.05682249 0.12226021
v -0.02121430 0.05682332 0.12224821
v -0.02126152 0.05682776 0.12207731
v -0.02136284 0.05682320 0.12185541
v -0.02142840 0.05682024 0.12171181
v -0.02156738 0.05680358 0.12151461
v -0.02159603 0.05679886 0.12148691
v -0.02184437 0.05675800 0.12124660
v -0.02189598 0.05674799 0.12121151
v -0.02189598 0.05674799 0.12121151
v -0.02199286 0.05672922 0.12114551
v -0.02226597 0.05666947 0.12102260
v -0.02236633 0.05664751 0.12097751
v -0.02249109 0.05661771 0.12094330
v -0.02268741 0.05656677 0.12092210
v -0.02121124 0.05673709 0.12312951
v -0.02132985 0.05666690 0.12351230
v -0.02465892 0.05584298 0.12228380
v -0.02299870 0.05621904 0.12333250
v -0.02467754 0.05582966 0.12234640
v -0.02469758 0.05580536 0.12249351
v -0.02470803 0.05577580 0.12270630
v -0.02465983 0.05573540 0.12315261
v -0.02465914 0.05573482 0.12315890
v -0.02461363 0.05572826 0.12332631
v -0.02450997 0.05573208 0.12355761
v -0.02445186 0.05573423 0.12368731
v -0.02431637 0.05575252 0.12388380
v -0.02427506 0.05576045 0.12392470
v -0.02404507 0.05580457 0.12415271
v -0.02397617 0.05582018 0.12420111
v -0.02390389 0.05583655 0.12425200
v -0.02360686 0.05591171 0.12439181
v -0.02353391 0.05593017 0.12442611
v -0.02341584 0.05596229 0.12446081
v -0.02318430 0.05602904 0.12449010
v -0.02294675 0.05609752 0.12452011
v -0.02284736 0.05612746 0.12451821
v -0.02269868 0.05617404 0.12449390
v -0.02239772 0.05626833 0.12444471
v -0.02224303 0.05631930 0.12438881
v -0.02219403 0.05633545 0.12437101
v -0.02186777 0.05644903 0.12417921
v -0.02184063 0.05645848 0.12416321
v -0.02165849 0.05652658 0.12400061
v -0.02157912 0.05655931 0.12389531
v -0.02141338 0.05662764 0.12367550
v -0.02134881 0.05665799 0.12354941
v -0.01699575 0.05770578 0.12341430
v -0.01708788 0.05768108 0.12348591
v -0.01727461 0.05759055 0.12414380
v -0.01711761 0.05767311 0.12350901
v -0.01715852 0.05766106 0.12355391
v -0.01717958 0.05765404 0.12358710
v -0.01723203 0.05763657 0.12367000
v -0.01724917 0.05762954 0.12371361
v -0.01728220 0.05761119 0.12385901
v -0.01729224 0.05760473 0.12391430
v -0.01729393 0.05760010 0.12396881
v -0.01726156 0.05762446 0.12374521
v -0.01727619 0.05759068 0.12413781
v -0.01693017 0.05772142 0.12338621
v -0.01726418 0.05758969 0.12418341
v -0.01722489 0.05759102 0.12427450
v -0.01721181 0.05759146 0.12430481
v -0.01716206 0.05759653 0.12437700
v -0.01714531 0.05759888 0.12439300
v -0.01705864 0.05761103 0.12447631
v -0.01670944 0.05777322 0.12330101
v -0.01676483 0.05776085 0.12331531
v -0.01704071 0.05761389 0.12448900
v -0.01702442 0.05761649 0.12450051
v -0.01696161 0.05762755 0.12453100
v -0.01682862 0.05765097 0.12459540
v -0.01623894 0.05787137 0.12325110
v -0.01668672 0.05777828 0.12329520
v -0.01676362 0.05766320 0.12461580
v -0.01673505 0.05766889 0.12461970
v -0.01630821 0.05775385 0.12467701
v -0.01498383 0.05801585 0.12467781
v -0.01498383 0.05810992 0.12325110
v -0.01623894 0.05776806 0.12467781
v -0.01630156 0.05775522 0.12467701
v -0.01691263 0.05791103 0.12076851
v -0.01699578 0.05789318 0.12079240
v -0.01725246 0.05775188 0.12207361
v -0.01719075 0.05785132 0.12084851
v -0.01722677 0.05784276 0.12086890
v -0.01734707 0.05781419 0.12093670
v -0.01738331 0.05780488 0.12096611
v -0.01739410 0.05780211 0.12097481
v -0.01747612 0.05777905 0.12106740
v -0.01748546 0.05777642 0.12107791
v -0.01751614 0.05776666 0.12112771
v -0.01754298 0.05775631 0.12119561
v -0.01757744 0.05771534 0.12166191
v -0.01757582 0.05771522 0.12166801
v -0.01756362 0.05774686 0.12126861
v -0.01757107 0.05774547 0.12126681
v -0.01759659 0.05772485 0.12147841
v -0.01758422 0.05773735 0.12134160
v -0.01758167 0.05773994 0.12131331
v -0.01756443 0.05771439 0.12171131
v -0.01752304 0.05771586 0.12180730
v -0.01750914 0.05771635 0.12183951
v -0.01747757 0.05771927 0.12188840
v -0.01743716 0.05772437 0.12193220
v -0.01737916 0.05773170 0.12199501
v -0.01733832 0.05773772 0.12202720
v -0.01732798 0.05773942 0.12203280
v -0.01648131 0.05799541 0.12073481
v -0.01715331 0.05776822 0.12212730
v -0.01708844 0.05777970 0.12215071
v -0.01701931 0.05779268 0.12216270
v -0.01665853 0.05786043 0.12222561
v -0.01657290 0.05787704 0.12222951
v -0.01498383 0.05817402 0.12223080
v -0.01498383 0.05826337 0.12073481
v -0.01648131 0.05789492 0.12223080
v -0.01657262 0.05787710 0.12222951
v -0.01013842 0.05894396 0.12109211
v -0.01035457 0.05891198 0.12123931
v -0.01002959 0.05884249 0.12382721
v -0.01046628 0.05889545 0.12131540
v -0.01061736 0.05887055 0.12146551
v -0.01065098 0.05886422 0.12151430
v -0.01084820 0.05882708 0.12180070
v -0.01087765 0.05882056 0.12186330
v -0.01091485 0.05881232 0.12194240
v -0.01101079 0.05878453 0.12228431
v -0.01103713 0.05877690 0.12237820
v -0.01105294 0.05876910 0.12250400
v -0.01106237 0.05875859 0.12270630
v -0.01101234 0.05874464 0.12315230
v -0.01100979 0.05874393 0.12317511
v -0.01095973 0.05874244 0.12335120
v -0.01086291 0.05874583 0.12355681
v -0.01078487 0.05874857 0.12372240
v -0.01063804 0.05875881 0.12392331
v -0.01063285 0.05875928 0.12392811
v -0.01035062 0.05878447 0.12418950
v -0.01033118 0.05878644 0.12420201
v -0.01019158 0.05880052 0.12429181
v -0.00995998 0.05882581 0.12438781
v -0.00980921 0.05884227 0.12445031
v -0.00967323 0.05885787 0.12448301
v -0.00953988 0.05887374 0.12449311
v -0.00920711 0.05891332 0.12451851
v -0.00908829 0.05892783 0.12451011
v -0.00905163 0.05893242 0.12450200
v -0.00866935 0.05898028 0.12441820
v -0.00859795 0.05898955 0.12438771
v -0.00812165 0.05906615 0.12377341
v -0.00844772 0.05900904 0.12432341
v -0.00822608 0.05903911 0.12417361
v -0.00811967 0.05905354 0.12410180
v -0.00796620 0.05907563 0.12395031
v -0.00793014 0.05908131 0.12389821
v -0.00773504 0.05911203 0.12361661
v -0.00770322 0.05911771 0.12354941
v -0.00766796 0.05912401 0.12347500
v -0.00756968 0.05914626 0.12312851
v -0.00754459 0.05915193 0.12304001
v -0.00752858 0.05915790 0.12291561
v -0.00751849 0.05916621 0.12270630
v -0.00756871 0.05917675 0.12226040
v -0.00757146 0.05917733 0.12223591
v -0.00762200 0.05917850 0.12205890
v -0.00771805 0.05917609 0.12185601
v -0.00779814 0.05917409 0.12168680
v -0.00794639 0.05916646 0.12148511
v -0.00794759 0.05916638 0.12148401
v -0.00823495 0.05914694 0.12121971
v -0.00824955 0.05914579 0.12121041
v -0.00839627 0.05913423 0.12111700
v -0.00862088 0.05911433 0.12102501
v -0.00877905 0.05910031 0.12096030
v -0.00891638 0.05908702 0.12092801
v -0.00904079 0.05907391 0.12091910
v -0.00938177 0.05903798 0.12089461
v -0.00950072 0.05902447 0.12090351
v -0.00952918 0.05902099 0.12090990
v -0.00991873 0.05897341 0.12099701
v -0.00998288 0.05896481 0.12102481
v -0.00170092 0.05955830 0.12259381
v -0.00286069 0.05950759 0.12259381
v -0.00170092 0.05950659 0.12452241
v -0.00318770 0.05948991 0.12262581
v -0.00321331 0.05948833 0.12263331
v -0.00335993 0.05947929 0.12267641
v -0.00343781 0.05947387 0.12271691
v -0.00354353 0.05946651 0.12277180
v -0.00380691 0.05944243 0.12308931
v -0.00380359 0.05941465 0.12405080
v -0.00378174 0.05944563 0.12302901
v -0.00372877 0.05945100 0.12294831
v -0.00384240 0.05943751 0.12318880
v -0.00386448 0.05943509 0.12322741
v -0.00387602 0.05943313 0.12327151
v -0.00387785 0.05943254 0.12328821
v -0.00390887 0.05942248 0.12357091
v -0.00388085 0.05941611 0.12384460
v -0.00387779 0.05941598 0.12385560
v -0.00385173 0.05941479 0.12394890
v -0.00377063 0.05941456 0.12412060
v -0.00360446 0.05946177 0.12281830
v -0.00370705 0.05945288 0.12292560
v -0.00372876 0.05941527 0.12418081
v -0.00370815 0.05941587 0.12420170
v -0.00360206 0.05941895 0.12430931
v -0.00357515 0.05941996 0.12432850
v -0.00353394 0.05942149 0.12435791
v -0.00340322 0.05942717 0.12441891
v -0.00332306 0.05943065 0.12445630
v -0.00324039 0.05943458 0.12448001
v -0.00313443 0.05943993 0.12449180
v -0.00360135 0.05946204 0.12281501
v -0.00286069 0.05945378 0.12452241
v 0.03318941 0.04947442 0.12355800
v 0.03318941 0.04950411 0.12259381
v 0.03202966 0.05026226 0.12259381
v 0.03167760 0.05048361 0.12263501
v 0.03164998 0.05050097 0.12263820
v 0.03155187 0.05056148 0.12266841
v 0.03145346 0.05062123 0.12271780
v 0.03134973 0.05068421 0.12276980
v 0.03130516 0.05071084 0.12280211
v 0.03128726 0.05072136 0.12281971
v 0.03118137 0.05078360 0.12292370
v 0.03117835 0.05078537 0.12292670
v 0.03110872 0.05082513 0.12302881
v 0.03108262 0.05083934 0.12308911
v 0.03103282 0.05086645 0.12320421
v 0.03101283 0.05087648 0.12327791
v 0.03101161 0.05087692 0.12328811
v 0.03098187 0.05088769 0.12353641
v 0.03098163 0.05088719 0.12355810
v 0.03098149 0.05088689 0.12357091
v 0.03100287 0.05086656 0.12381231
v 0.03101407 0.05085842 0.12385521
v 0.03103824 0.05084083 0.12394771
v 0.03108609 0.05080836 0.12405111
v 0.03111390 0.05078948 0.12411120
v 0.03115598 0.05076172 0.12417341
v 0.03118282 0.05074432 0.12420121
v 0.03128467 0.05067830 0.12430640
v 0.03131489 0.05065891 0.12432901
v 0.03133017 0.05064910 0.12434041
v 0.03148822 0.05054833 0.12441841
v 0.03156021 0.05050243 0.12445391
v 0.03164083 0.05045119 0.12447771
v 0.03175819 0.05037651 0.12449121
v 0.03202966 0.05020378 0.12452231
v 0.03318941 0.04944473 0.12452231
v 0.05911120 0.00849424 0.11528480
v 0.05901568 0.00916059 0.11394841
v 0.05840743 0.01248877 0.11394841
v 0.05892018 0.00982694 0.11261200
v 0.05840549 0.01249977 0.11394471
v 0.05970948 0.00012532 0.11620000
v 0.05969586 -0.00113080 0.11244600
v 0.05967648 0.00263264 0.11244600
v 0.05923979 0.00763306 0.11368801
v 0.05954940 0.00454953 0.11471971
v 0.05961884 0.00263042 0.11536181
v 0.05965796 0.00263233 0.11119471
v 0.05964733 0.00325640 0.11150590
v 0.05947176 0.00514194 0.11244600
v 0.05972204 -0.00113252 0.10931760
v 0.05968225 -0.00238683 0.10869220
v 0.05963817 -0.00253717 0.10468081
v 0.05964388 0.00101411 0.10468061
v 0.05972256 -0.00075218 0.10822330
v 0.05917897 -0.00780654 0.10468081
v 0.05937521 -0.00606077 0.10409661
v 0.05958403 -0.00253445 0.10291661
v 0.05963655 -0.00164753 0.10261980
v 0.05956521 0.00278028 0.10113810
v 0.05917551 -0.00783736 0.10469111
v 0.05961611 -0.00346964 0.10686860
v 0.05965261 -0.00253781 0.10733310
v 0.05959973 0.00100109 0.12225641
v 0.05956851 -0.00152520 0.12310141
v 0.05942330 -0.00445997 0.12163830
v 0.05959002 -0.00023832 0.12163840
v 0.05936196 -0.00569943 0.12102031
v 0.05956702 -0.00317313 0.12017501
v 0.05964631 0.00063270 0.11972610
v 0.05966516 0.00217967 0.11662401
v 0.05934143 0.00631995 0.11868821
v 0.05936678 0.00580244 0.11972610
v 0.05944255 0.00425557 0.12282841
v 0.05964000 0.00011508 0.12076410
v 0.05926581 -0.00727137 0.10617490
v 0.05871158 -0.01093663 0.10740130
v 0.05856859 -0.01154977 0.10556891
v 0.05842561 -0.01216291 0.10373651
v 0.05854543 -0.01159495 0.10401960
v 0.05906327 -0.00848696 0.10556891
v 0.05959612 0.00154686 0.10050811
v 0.05954368 0.00072874 0.09806237
v 0.05947077 0.00276641 0.09806221
v 0.05951754 0.00032082 0.09684288
v 0.05934543 0.00398588 0.09561641
v 0.05833222 -0.00886071 0.13797480
v 0.05836804 -0.00864154 0.13791181
v 0.05788776 -0.00843505 0.13842921
v 0.05840884 -0.00839188 0.13784011
v 0.05845268 -0.00813289 0.13770571
v 0.05792069 -0.00790119 0.13825831
v 0.05845735 -0.00810524 0.13769141
v 0.05846707 -0.00805056 0.13764780
v 0.05828125 -0.00918126 0.13800001
v 0.05639448 -0.00841149 0.13998171
v 0.05672410 -0.00854650 0.13963570
v 0.05644512 -0.00820389 0.13995121
v 0.05645309 -0.00815872 0.13993781
v 0.05657733 -0.00738070 0.13967301
v 0.05655519 -0.00758064 0.13976580
v 0.05683549 -0.00798978 0.13952991
v 0.05655265 -0.00759505 0.13977010
v 0.05650638 -0.00785700 0.13984801
v 0.05686501 -0.00744199 0.13934931
v 0.05658005 -0.00732226 0.13963471
v 0.05681157 -0.00692341 0.13910081
v 0.05660291 -0.00683111 0.13931211
v 0.05659106 -0.00708579 0.13947941
v 0.05853225 -0.00768378 0.13735531
v 0.05843112 -0.00763913 0.13745811
v 0.05787516 -0.00739360 0.13802251
v 0.05731896 -0.00714779 0.13858671
v 0.05736860 -0.00766120 0.13882911
v 0.05733742 -0.00820240 0.13900501
v 0.05777753 -0.00897647 0.13852930
v 0.05722656 -0.00875187 0.13910810
v 0.05439079 -0.00815887 0.13992991
v 0.05639448 -0.00841149 0.13998171
v 0.05644512 -0.00820389 0.13995121
v 0.05645309 -0.00815872 0.13993781
v 0.05441022 -0.00803290 0.13991480
v 0.05445199 -0.00774484 0.13982920
v 0.05650638 -0.00785700 0.13984801
v 0.05447159 -0.00760111 0.13975841
v 0.05655265 -0.00759505 0.13977010
v 0.05655519 -0.00758064 0.13976580
v 0.05453894 -0.00710751 0.13951520
v 0.05661412 -0.00662132 0.13912131
v 0.05460037 -0.00662132 0.13912131
v 0.05660291 -0.00683111 0.13931211
v 0.05457111 -0.00685700 0.13933330
v 0.05659106 -0.00708579 0.13947941
v 0.05454287 -0.00707694 0.13949300
v 0.05658005 -0.00732226 0.13963471
v 0.05657733 -0.00738070 0.13967301
v 0.05687639 -0.00240892 0.13522980
v 0.05687870 -0.00265512 0.13536550
v 0.05699388 -0.00270924 0.13523771
v 0.05912871 -0.00350441 0.13329450
v 0.05914852 -0.00327094 0.13316041
v 0.05900651 -0.00294887 0.13321590
v 0.05916616 -0.00300868 0.13307441
v 0.05916972 -0.00295573 0.13305701
v 0.05688117 -0.00291752 0.13551020
v 0.05704972 -0.00319518 0.13551740
v 0.05688181 -0.00298481 0.13554731
v 0.05689415 -0.00313706 0.13566190
v 0.05687692 -0.00239876 0.13522600
v 0.05693053 -0.00182854 0.13507201
v 0.05689597 -0.00214048 0.13514231
v 0.05701231 -0.00218798 0.13502471
v 0.05688568 -0.00223330 0.13516320
v 0.05710435 -0.00164977 0.13488581
v 0.05695669 -0.00159238 0.13501881
v 0.05761514 -0.00340608 0.13499190
v 0.05756212 -0.00292275 0.13471720
v 0.05818056 -0.00361646 0.13446621
v 0.05813039 -0.00313604 0.13419640
v 0.05902872 -0.00393121 0.13367721
v 0.05898282 -0.00345565 0.13341500
v 0.05908593 -0.00395241 0.13362400
v 0.05911162 -0.00370583 0.13341021
v 0.05815189 -0.00262265 0.13399140
v 0.05758211 -0.00240527 0.13450820
v 0.05710435 -0.00164977 0.13488581
v 0.05767440 -0.00187158 0.13437211
v 0.05824433 -0.00209373 0.13385801
v 0.05909901 -0.00242758 0.13308651
v 0.05919473 -0.00246502 0.13300001
v 0.05495864 -0.00239388 0.13524030
v 0.05495180 -0.00255635 0.13529581
v 0.05687870 -0.00265512 0.13536550
v 0.05688117 -0.00291752 0.13551020
v 0.05493820 -0.00282037 0.13543931
v 0.05493260 -0.00291384 0.13551290
v 0.05688181 -0.00298481 0.13554731
v 0.05492979 -0.00296080 0.13554981
v 0.05689415 -0.00313706 0.13566190
v 0.05490475 -0.00337868 0.13587870
v 0.05689978 -0.00337868 0.13587870
v 0.05687639 -0.00240892 0.13522980
v 0.05687692 -0.00239876 0.13522600
v 0.05498006 -0.00188493 0.13506641
v 0.05688568 -0.00223330 0.13516320
v 0.05689597 -0.00214048 0.13514231
v 0.05498178 -0.00183187 0.13505781
v 0.05693053 -0.00182854 0.13507201
v 0.05498971 -0.00158696 0.13501821
v 0.05695669 -0.00159238 0.13501881
v 0.05499832 -0.00125736 0.13500001
v 0.05698613 -0.00125736 0.13500001
v 0.05687641 0.00240839 0.13522961
v 0.05689962 0.00213768 0.13515061
v 0.05701231 0.00218798 0.13502471
v 0.05917827 0.00280719 0.13302721
v 0.05916553 0.00300549 0.13308440
v 0.05900651 0.00294887 0.13321590
v 0.05914820 0.00327533 0.13316221
v 0.05912924 0.00350938 0.13328341
v 0.05898282 0.00345565 0.13341500
v 0.05912583 0.00355158 0.13330530
v 0.05909901 0.00242758 0.13308651
v 0.05919473 0.00246502 0.13300001
v 0.05919027 0.00256733 0.13300240
v 0.05692478 0.00184415 0.13506501
v 0.05710435 0.00164977 0.13488581
v 0.05693062 0.00177616 0.13504520
v 0.05695669 0.00159238 0.13501881
v 0.05688558 0.00292369 0.13552590
v 0.05687496 0.00265885 0.13535711
v 0.05699388 0.00270924 0.13523771
v 0.05687191 0.00258279 0.13530871
v 0.05687631 0.00241189 0.13523121
v 0.05704972 0.00319518 0.13551740
v 0.05689415 0.00313706 0.13566190
v 0.05710435 0.00164977 0.13488581
v 0.05767440 0.00187158 0.13437211
v 0.05758211 0.00240527 0.13450820
v 0.05824433 0.00209373 0.13385801
v 0.05815189 0.00262265 0.13399140
v 0.05813039 0.00313604 0.13419640
v 0.05756212 0.00292275 0.13471720
v 0.05761514 0.00340608 0.13499190
v 0.05818056 0.00361646 0.13446621
v 0.05902872 0.00393121 0.13367721
v 0.05908593 0.00395241 0.13362400
v 0.05499832 0.00125736 0.13500001
v 0.05698613 0.00125736 0.13500001
v 0.05695669 0.00159238 0.13501881
v 0.05498078 0.00184472 0.13506991
v 0.05687631 0.00241189 0.13523121
v 0.05495820 0.00240510 0.13524500
v 0.05687641 0.00240839 0.13522961
v 0.05496581 0.00225018 0.13516901
v 0.05689962 0.00213768 0.13515061
v 0.05497729 0.00196165 0.13508381
v 0.05692478 0.00184415 0.13506501
v 0.05693062 0.00177616 0.13504520
v 0.05687191 0.00258279 0.13530871
v 0.05687496 0.00265885 0.13535711
v 0.05493450 0.00288790 0.13548180
v 0.05688558 0.00292369 0.13552590
v 0.05493196 0.00293159 0.13551331
v 0.05493026 0.00296085 0.13553440
v 0.05689415 0.00313706 0.13566190
v 0.05492041 0.00313067 0.13565681
v 0.05689978 0.00337868 0.13587870
v 0.05490475 0.00337868 0.13587870
v 0.05846783 0.00804464 0.13765241
v 0.05845246 0.00813559 0.13769831
v 0.05792069 0.00790119 0.13825831
v 0.05835806 0.00870071 0.13794260
v 0.05828125 0.00918126 0.13800001
v 0.05777753 0.00897647 0.13852930
v 0.05655598 0.00757437 0.13976321
v 0.05657540 0.00732629 0.13962450
v 0.05686501 0.00744199 0.13934931
v 0.05659540 0.00707087 0.13948180
v 0.05660083 0.00700145 0.13944300
v 0.05651114 0.00785449 0.13985801
v 0.05652661 0.00778062 0.13984161
v 0.05683549 0.00798978 0.13952991
v 0.05655400 0.00758824 0.13976841
v 0.05672410 0.00854650 0.13963570
v 0.05639448 0.00841149 0.13998171
v 0.05644766 0.00815754 0.13992530
v 0.05839088 0.00850022 0.13788241
v 0.05836826 0.00863838 0.13792391
v 0.05788776 0.00843505 0.13842921
v 0.05787516 0.00739360 0.13802251
v 0.05846992 0.00803270 0.13764381
v 0.05843112 0.00763913 0.13745811
v 0.05849379 0.00789657 0.13754491
v 0.05853225 0.00768378 0.13735531
v 0.05722656 0.00875187 0.13910810
v 0.05733742 0.00820240 0.13900501
v 0.05736860 0.00766120 0.13882911
v 0.05731896 0.00714779 0.13858671
v 0.05681157 0.00692341 0.13910081
v 0.05660291 0.00683111 0.13931211
v 0.05452952 0.00717928 0.13956040
v 0.05655598 0.00757437 0.13976321
v 0.05449380 0.00744518 0.13970490
v 0.05655400 0.00758824 0.13976841
v 0.05447269 0.00759276 0.13975510
v 0.05661412 0.00662132 0.13912131
v 0.05660291 0.00683111 0.13931211
v 0.05460037 0.00662132 0.13912131
v 0.05660083 0.00700145 0.13944300
v 0.05454276 0.00707505 0.13947840
v 0.05659540 0.00707087 0.13948180
v 0.05657540 0.00732629 0.13962450
v 0.05652661 0.00778062 0.13984161
v 0.05651114 0.00785449 0.13985801
v 0.05439713 0.00812110 0.13993491
v 0.05644766 0.00815754 0.13992530
v 0.05439211 0.00815414 0.13994021
v 0.05639448 0.00841149 0.13998171
v 0.05435299 0.00841145 0.13998171
v 0.05868113 -0.00678903 0.13646061
v 0.05689978 -0.00337868 0.13587870
v 0.05661412 -0.00662132 0.13912131
v 0.05678016 -0.00500136 0.13750141
v 0.05884228 -0.00582056 0.13549210
v 0.05749758 0.01318449 0.13800001
v -0.00000000 0.05900009 0.13800001
v 0.00000000 0.05700000 0.14000001
v 0.00432105 0.05884155 0.13800001
v 0.00488893 0.05678995 0.14000001
v 0.05555813 0.01273944 0.14000001
v 0.05632553 0.00874264 0.14000001
v 0.05551197 0.01998554 0.13800001
v 0.05287357 0.02129284 0.14000001
v 0.05744115 0.01347270 0.13800001
v 0.05465001 0.02200636 0.13800001
v 0.05284699 0.02623348 0.13800001
v 0.04888113 0.02931954 0.14000001
v 0.05052358 0.03030685 0.13800001
v 0.04948156 0.03213370 0.13800001
v 0.04367955 0.03662099 0.14000001
v 0.04546028 0.03760802 0.13800001
v 0.04519675 0.03789161 0.13800001
v 0.03739751 0.04301658 0.14000001
v 0.04083644 0.04258385 0.13800001
v 0.03121358 0.04999076 0.13800001
v 0.03019041 0.04834811 0.14000001
v 0.03567135 0.04699526 0.13800001
v 0.03864764 0.04445327 0.13800001
v 0.03003344 0.05078378 0.13800001
v 0.02399746 0.05389918 0.13800001
v 0.02223651 0.05248369 0.14000001
v 0.02299840 0.05427670 0.13800001
v 0.01373256 0.05532103 0.14000001
v 0.01764341 0.05630018 0.13800001
v 0.01419063 0.05716746 0.13800001
v 0.01105550 0.05795495 0.13800001
v 0.00505550 0.05874486 0.13800001
v 0.05749758 -0.01318449 0.13800001
v 0.05555813 -0.01273944 0.14000001
v 0.05632553 -0.00874264 0.14000001
v 0.01105550 -0.05795495 0.13800001
v 0.01373256 -0.05532103 0.14000001
v 0.00505550 -0.05874486 0.13800001
v 0.00488893 -0.05678995 0.14000001
v 0.00432105 -0.05884155 0.13800001
v 0.00000000 -0.05700000 0.14000001
v -0.00000000 -0.05900009 0.13800001
v 0.01419063 -0.05716746 0.13800001
v 0.01764341 -0.05630018 0.13800001
v 0.02223651 -0.05248369 0.14000001
v 0.02299840 -0.05427670 0.13800001
v 0.02399746 -0.05389918 0.13800001
v 0.03019041 -0.04834811 0.14000001
v 0.03003344 -0.05078378 0.13800001
v 0.03121358 -0.04999076 0.13800001
v 0.03739751 -0.04301658 0.14000001
v 0.03567135 -0.04699526 0.13800001
v 0.03864764 -0.04445327 0.13800001
v 0.04083644 -0.04258385 0.13800001
v 0.04367955 -0.03662099 0.14000001
v 0.04519675 -0.03789161 0.13800001
v 0.04546028 -0.03760802 0.13800001
v 0.04888113 -0.02931954 0.14000001
v 0.04948156 -0.03213370 0.13800001
v 0.05052358 -0.03030685 0.13800001
v 0.05287357 -0.02129284 0.14000001
v 0.05284699 -0.02623348 0.13800001
v 0.05465001 -0.02200636 0.13800001
v 0.05551197 -0.01998554 0.13800001
v 0.05744115 -0.01347270 0.13800001
v -0.07275000 -0.01010198 0.12336300
v -0.07288395 -0.01002465 0.12020431
v -0.07275000 -0.01010198 0.12175220
v -0.07273188 -0.01011244 0.12159401
v -0.07243830 -0.01028195 0.12116981
v -0.07257917 -0.01020062 0.12129400
v -0.07267611 -0.01014465 0.12143921
v -0.07273207 -0.01011234 0.11315741
v -0.07257049 -0.01020562 0.11089901
v -0.07120209 -0.01099567 0.11475040
v -0.07005152 -0.01165996 0.11798871
v -0.07285183 -0.01004319 0.11557721
v -0.06947496 -0.01199283 0.11945720
v -0.07240000 -0.01030405 0.12114601
v -0.07275000 0.01010198 0.12336300
v -0.07275000 0.01010198 0.12175220
v -0.07288395 0.01002465 0.12020431
v -0.07274907 0.01010253 0.12171590
v -0.07272255 0.01011784 0.12155810
v -0.07265768 0.01015529 0.12140481
v -0.07255080 0.01021699 0.12126311
v -0.07240000 0.01030405 0.12114601
v -0.06947496 0.01199283 0.11945720
v -0.07108606 0.01106267 0.11520861
v -0.07285183 0.01004319 0.11557721
v -0.07123799 0.01097494 0.11476751
v -0.07273207 0.01011234 0.11315741
v -0.07257049 0.01020562 0.11089901
v -0.07150951 -0.00699625 0.12940801
v -0.07140850 -0.00714072 0.12945771
v -0.07144899 -0.00712901 0.12916120
v -0.07110881 -0.00751465 0.12960781
v -0.07108905 -0.00752939 0.12961831
v -0.07114409 -0.00750070 0.12910731
v -0.07068763 -0.00782859 0.12983010
v -0.07076629 -0.00778318 0.12907551
v -0.07079986 -0.00775800 0.12905611
v -0.07140850 -0.00714072 0.12945771
v -0.07124975 -0.00736779 0.12953571
v -0.07174485 -0.00622572 0.12931360
v -0.07171292 -0.00644467 0.12932081
v -0.07165557 -0.00669417 0.12920861
v -0.07163182 -0.00670050 0.12935381
v -0.07159053 -0.00683082 0.12937061
v -0.07171757 -0.00665120 0.12852631
v -0.07180429 -0.00636764 0.12847620
v -0.07175177 -0.00622163 0.12924691
v -0.07183184 -0.00617449 0.12846030
v -0.07134137 -0.00730901 0.12874351
v -0.07149044 -0.00709226 0.12865740
v -0.07160463 -0.00692623 0.12859151
v -0.07168474 -0.00675852 0.12854531
v -0.07116857 -0.00748141 0.12884331
v -0.07120080 -0.00745723 0.12882471
v -0.07174485 0.00622572 0.12931360
v -0.07175177 0.00622164 0.12924700
v -0.07166700 0.00662400 0.12933781
v -0.07165554 0.00669424 0.12920870
v -0.07144889 0.00712913 0.12916120
v -0.07159978 0.00680915 0.12936651
v -0.07163862 0.00670215 0.12934991
v -0.07076629 0.00778318 0.12907551
v -0.07068738 0.00782874 0.12983021
v -0.07092982 0.00766717 0.12970130
v -0.07080014 0.00776201 0.12905601
v -0.07107978 0.00752181 0.12962391
v -0.07114392 0.00750085 0.12910731
v -0.07129898 0.00730932 0.12951090
v -0.07137966 0.00720330 0.12947080
v -0.07115947 0.00747405 0.12884850
v -0.07098376 0.00764052 0.12895000
v -0.07090384 0.00769712 0.12899610
v -0.07137205 0.00727264 0.12872581
v -0.07144908 0.00717350 0.12868131
v -0.07168032 0.00676889 0.12854781
v -0.07172346 0.00665251 0.12852291
v -0.07175067 0.00657913 0.12850721
v -0.07183184 0.00617449 0.12846030
v -0.07203486 -0.00679011 0.11546280
v -0.07207022 -0.00676967 0.12022890
v -0.07176667 -0.00713949 0.12021701
v -0.07200255 -0.00632352 0.11076461
v -0.07205227 -0.00610000 0.11075020
v -0.07218631 -0.00610000 0.11304741
v -0.07174086 -0.00697229 0.11081570
v -0.07175065 -0.00695218 0.11081401
v -0.07191636 -0.00685870 0.11309170
v -0.07164891 -0.00710178 0.11082911
v -0.07163861 -0.00718397 0.11244001
v -0.07163810 -0.00719101 0.11304320
v -0.07163301 -0.00726046 0.11900001
v -0.07163562 -0.00722482 0.11594281
v -0.07173156 -0.00715977 0.11548201
v -0.07163600 -0.00721946 0.11548321
v -0.07163678 -0.00720902 0.11458810
v -0.07140142 -0.00741420 0.11900001
v -0.07138396 -0.00742657 0.12020431
v -0.07154097 -0.00732061 0.12137170
v -0.07135234 -0.00744482 0.12126281
v -0.07200000 -0.00681012 0.12220021
v -0.07200000 -0.00682986 0.12175220
v -0.07202668 -0.00679483 0.12160090
v -0.07199807 -0.00683384 0.12172441
v -0.07199598 -0.00683740 0.12171231
v -0.07199253 -0.00684291 0.12170070
v -0.07198614 -0.00685311 0.12167911
v -0.07198146 -0.00686028 0.12166810
v -0.07197203 -0.00687406 0.12165291
v -0.07195568 -0.00689794 0.12162671
v -0.07194626 -0.00691109 0.12161580
v -0.07194085 -0.00691822 0.12161151
v -0.07191761 -0.00694884 0.12159301
v -0.07190000 -0.00697203 0.12157901
v -0.07171630 -0.00715038 0.12147301
v -0.07200000 -0.00655146 0.12515391
v -0.07200000 -0.00680257 0.12237170
v -0.07223342 -0.00636362 0.12161921
v -0.07205146 -0.00610000 0.12600731
v -0.07200000 -0.00610000 0.12664751
v -0.07200000 -0.00621244 0.12646901
v -0.07200000 -0.00625448 0.12637620
v -0.07200000 -0.00649483 0.12538701
v -0.07227401 -0.00610000 0.12162700
v -0.07228530 -0.00610000 0.11474401
v -0.07229216 -0.00610000 0.11543770
v -0.07224166 -0.00635887 0.11544591
v -0.07234045 -0.00610000 0.12031951
v -0.07227719 -0.00633828 0.12023951
v -0.07212262 -0.00642796 0.11306350
v -0.07179174 -0.00686789 0.11080681
v -0.07192047 -0.00660363 0.11078421
v -0.07195685 -0.00652894 0.11077781
v -0.07195813 -0.00652323 0.11077740
v -0.07163803 -0.00719189 0.11311880
v -0.07200000 -0.00681012 0.12220021
v -0.07180255 -0.00665905 0.10898700
v -0.07190300 -0.00619162 0.10900880
v -0.07198336 -0.00610000 0.10986980
v -0.07200869 -0.00610000 0.11018400
v -0.07184990 -0.00646098 0.10899801
v -0.07189492 -0.00627265 0.10900841
v -0.07173622 -0.00682024 0.10896921
v -0.07166108 -0.00697776 0.10915150
v -0.07172142 -0.00684438 0.10896480
v -0.07166217 -0.00696656 0.10900001
v -0.07163382 -0.00698729 0.10893911
v -0.07164823 -0.00698752 0.10900001
v -0.07150969 -0.00718970 0.10890261
v -0.07150268 -0.00720621 0.10900001
v -0.07149724 -0.00721288 0.10897551
v -0.07149306 -0.00722066 0.10900001
v -0.07165725 -0.00701688 0.10968071
v -0.07177175 -0.00673390 0.10897870
v -0.07165142 -0.00707620 0.11048311
v -0.07150969 -0.00718970 0.10890261
v -0.07149724 -0.00721288 0.10897551
v -0.07146978 -0.00723551 0.10889100
v -0.07118306 -0.00756442 0.10880820
v -0.07131620 -0.00742319 0.10900181
v -0.07149306 -0.00722066 0.10900001
v -0.07125969 -0.00748789 0.10900241
v -0.07106877 -0.00770649 0.10900441
v -0.07096104 -0.00781912 0.10874411
v -0.07096395 -0.00782652 0.10900551
v -0.07093827 -0.00784523 0.10873751
v -0.07069678 -0.00805203 0.10900351
v -0.07022692 -0.00844863 0.10900001
v -0.07006673 -0.00873717 0.10848001
v -0.07022694 -0.00844862 0.10900001
v -0.07056980 -0.00826796 0.10863111
v -0.07061129 -0.00822035 0.10864310
v -0.07421115 0.00853850 0.10700001
v -0.07411296 0.00874270 0.10700001
v -0.07216143 0.00815621 0.10600651
v 0.00000000 0.05971916 0.10700001
v 0.00000000 0.05778219 0.10500000
v -0.00556527 0.05955132 0.10700020
v -0.00626310 0.05759043 0.10500000
v -0.01305873 0.05707987 0.10500000
v -0.01112120 0.05919923 0.10699991
v -0.00974164 0.05737916 0.10500000
v -0.00974164 0.05932223 0.10699991
v -0.00653746 0.05757377 0.10500000
v -0.00658009 0.05951236 0.10700020
v -0.00630127 0.05952913 0.10700030
v -0.01955000 0.05629992 0.10500000
v -0.01665934 0.05863407 0.10700001
v -0.01485360 0.05691793 0.10500000
v -0.01491972 0.05886058 0.10700001
v -0.01314542 0.05901877 0.10699991
v -0.01978816 0.05626858 0.10500000
v -0.01992232 0.05820921 0.10700001
v -0.01968375 0.05824028 0.10700001
v -0.02911573 0.05431945 0.10500000
v -0.02761235 0.05667229 0.10700001
v -0.02596773 0.05507031 0.10500000
v -0.02615403 0.05701599 0.10700001
v -0.02454313 0.05541010 0.10500000
v -0.02474743 0.05734751 0.10700001
v -0.02216412 0.05780885 0.10700001
v -0.03350242 0.05297119 0.10500000
v -0.03297014 0.05516826 0.10700001
v -0.03226802 0.05335059 0.10500000
v -0.03251495 0.05530625 0.10700001
v -0.02939269 0.05625270 0.10700001
v -0.03836617 0.05102745 0.10500000
v -0.03817585 0.05320516 0.10700001
v -0.03474427 0.05252618 0.10500000
v -0.03540758 0.05434785 0.10699991
v -0.03385508 0.05490001 0.10700001
v -0.04234278 0.04902544 0.10500000
v -0.04315192 0.05079447 0.10699981
v -0.03866169 0.05090516 0.10500000
v -0.03939894 0.05270029 0.10700010
v -0.03868433 0.05299526 0.10700010
v -0.05096718 0.04293177 0.10500000
v -0.05034414 0.04594849 0.10699991
v -0.04943951 0.04419079 0.10500000
v -0.04996973 0.04622233 0.10699991
v -0.04940195 0.04422175 0.10500000
v -0.04785947 0.04776580 0.10700001
v -0.04588167 0.04682176 0.10500000
v -0.04676712 0.04856474 0.10700010
v -0.04410201 0.04792996 0.10500000
v -0.04452544 0.04994733 0.10699991
v -0.04318109 0.05077648 0.10699981
v -0.05497254 0.04191143 0.10700001
v -0.05226739 0.04436863 0.10700010
v -0.05219523 0.04443418 0.10700010
v -0.05415229 0.04003355 0.10500000
v -0.05431170 0.03986684 0.10500000
v -0.05543772 0.04148889 0.10699991
v -0.05632703 0.04056255 0.10700001
v -0.05842467 0.03837757 0.10700001
v -0.05708205 0.03696963 0.10500000
v -0.05949227 0.03709162 0.10700001
v -0.05867343 0.03503886 0.10500000
v -0.06004597 0.03642468 0.10700001
v -0.05974964 0.03373312 0.10500000
v -0.06114977 0.03509514 0.10700001
v -0.06337200 0.03196475 0.10700001
v -0.06214818 0.03031820 0.10500000
v -0.06347970 0.03181304 0.10700001
v -0.06248404 0.02977562 0.10500000
v -0.06360630 0.03163470 0.10700010
v -0.06317472 0.02865985 0.10500000
v -0.06483007 0.02967079 0.10700001
v -0.06618611 0.02716585 0.10700001
v -0.06516649 0.02496640 0.10500000
v -0.06677945 0.02606982 0.10700010
v -0.06556245 0.02406130 0.10500000
v -0.06684352 0.02595142 0.10700010
v -0.06683993 0.02114122 0.10500000
v -0.06853749 0.02212394 0.10699991
v -0.06926369 0.01307600 0.10500000
v -0.07120306 0.01413155 0.10700001
v -0.07108956 0.01445486 0.10700001
v -0.06820542 0.01717821 0.10500000
v -0.07017434 0.01736255 0.10700001
v -0.06995143 0.01810491 0.10700001
v -0.06791532 0.01802018 0.10500000
v -0.06930669 0.01994037 0.10700001
v -0.06854805 0.02210008 0.10699991
v -0.07148436 0.01344519 0.10700001
v -0.07048318 0.01270092 0.10600651
v -0.07169345 0.01293507 0.10700001
v -0.07097142 0.01113676 0.10600651
v -0.07217543 0.01175910 0.10700010
v -0.07271061 0.01079331 0.10699991
v -0.07251364 0.01108277 0.10699991
v -0.07154309 0.00962318 0.10600651
v -0.07221942 0.01165173 0.10700010
v -0.07405844 0.00885605 0.10700001
v -0.07395140 0.00900725 0.10700001
v -0.07376770 0.00926668 0.10700001
v -0.07330146 0.00992511 0.10700001
v -0.07325544 0.00999274 0.10700001
v -0.07310614 0.01021213 0.10700001
v -0.07429415 0.00836591 0.10700001
v -0.07251265 0.00656394 0.10600651
v -0.07449079 0.00768568 0.10700001
v -0.07469381 0.00677036 0.10700001
v -0.07465789 0.00705198 0.10700001
v -0.07464518 0.00715161 0.10700001
v -0.07033580 0.00606916 0.10500000
v -0.07053546 0.00304265 0.10500000
v -0.07485022 0.00352170 0.10700001
v -0.07056044 0.00266376 0.10500000
v -0.07061216 0.00010000 0.10500000
v -0.07209993 0.00010000 0.10567811
v -0.07499874 0.00043674 0.10700001
v -0.07210000 0.00000000 0.10567811
v -0.07500000 0.00000000 0.10700001
v -0.07033336 0.00610595 0.10500000
v -0.06994935 0.00904013 0.10500000
v -0.06975245 0.01054458 0.10500000
v -0.06948021 0.01195465 0.10500000
v -0.07476758 -0.00590000 0.10700001
v -0.07193360 -0.00489566 0.10568030
v -0.07296741 -0.00590000 0.10618420
v -0.07185820 -0.00590000 0.10568171
v -0.07513257 -0.00610000 0.11200120
v -0.07520663 -0.00619177 0.11286431
v -0.07525666 -0.00610000 0.11362990
v -0.07533248 -0.00611753 0.11540551
v -0.07536243 -0.00610000 0.11638290
v -0.07469381 -0.00677036 0.10700001
v -0.07482351 -0.00653211 0.10818140
v -0.07475152 -0.00610000 0.10700001
v -0.07503862 -0.00629208 0.11051921
v -0.07514466 -0.00622876 0.11199940
v -0.07538292 -0.00590000 0.12028131
v -0.07534169 -0.00590000 0.12106730
v -0.07559162 0.00044019 0.12106840
v -0.07554386 0.00043991 0.11450061
v -0.07528769 0.00614396 0.11450091
v -0.07520663 0.00619177 0.11286431
v -0.07503862 0.00629208 0.11051921
v -0.07499874 0.00043674 0.10700001
v -0.07484006 0.00650647 0.10834250
v -0.07485022 0.00352170 0.10700001
v -0.07469381 0.00677036 0.10700001
v -0.07532658 0.00612117 0.12106750
v -0.07536647 0.00609764 0.12031431
v -0.07533248 0.00611753 0.11540551
v -0.07489109 0.00276547 0.12960770
v -0.07471921 0.00648382 0.12960770
v -0.07508088 0.00626617 0.12570761
v -0.07499874 0.00043674 0.12960770
v -0.07507204 -0.00590000 0.12620781
v -0.07476758 -0.00590000 0.12960770
v -0.07500000 0.00000000 0.10700001
v -0.07476758 -0.00590000 0.10700001
v -0.07527262 -0.00590000 0.11362990
v -0.07529341 -0.00590000 0.11450110
v -0.07540107 -0.00590000 0.11900811
v -0.07209993 0.00010000 0.13128200
v -0.05699991 0.00010000 0.14000001
v -0.05696116 0.00210379 0.14000001
v -0.07227121 0.01034707 0.13075721
v -0.07310234 0.00973027 0.13033100
v -0.07311338 0.00972207 0.13032540
v -0.07347863 0.00934352 0.13014440
v -0.07388797 0.00875874 0.12995011
v -0.07413003 0.00841289 0.12983521
v -0.07433432 0.00799547 0.12974451
v -0.07443888 0.00766384 0.12970360
v -0.07464155 0.00702088 0.12962441
v -0.05629071 0.00896415 0.14000001
v -0.05479705 0.01569342 0.14000001
v -0.06032381 0.01727624 0.13668081
v -0.06402204 0.01514107 0.13492620
v -0.07082930 0.01121090 0.13148711
v -0.07208100 0.01048824 0.13085471
v -0.07476758 -0.00590000 0.12960770
v -0.07185820 -0.00590000 0.13128200
v -0.07499874 0.00043674 0.12960770
v -0.07489109 0.00276547 0.12960770
v -0.07471921 0.00648382 0.12960770
v 0.04207056 0.03958396 0.10500000
v 0.04158097 0.03702676 0.10500000
v 0.03929083 0.04236764 0.10500000
v 0.03751524 0.04114080 0.10500000
v 0.03716778 0.04419176 0.10500000
v 0.04640149 0.03443376 0.10500000
v 0.04375243 0.03443376 0.10500000
v 0.04365693 0.03785263 0.10500000
v 0.04241655 0.03923748 0.10500000
v 0.03596331 0.04522662 0.10500000
v 0.03304463 0.04481083 0.10500000
v 0.03243743 0.04781815 0.10500000
v -0.04010209 0.04873647 0.10499901
v -0.04126457 0.04814958 0.10499850
v -0.04234278 0.04902544 0.10500000
v 0.01934716 0.05229724 0.10500000
v 0.01634656 0.05336592 0.10500000
v 0.01822265 0.05483342 0.10500000
v 0.01398009 0.05606577 0.10500000
v 0.01525753 0.05375378 0.10500000
v 0.01433302 0.05399974 0.10500000
v 0.01334286 0.05619915 0.10500000
v 0.01208614 0.05459750 0.10500000
v 0.00968690 0.05696435 0.10500000
v -0.03790023 0.04984811 0.10500000
v -0.06840095 0.01237118 0.10500000
v -0.06926369 0.01307600 0.10500000
v -0.06760337 0.01555600 0.10500000
v -0.06820542 0.01717821 0.10500000
v -0.06742894 0.01625250 0.10500000
v -0.06791532 0.01802018 0.10500000
v -0.06625486 0.01975180 0.10500000
v -0.06683993 0.02114122 0.10500000
v -0.06604930 0.02023023 0.10500000
v 0.02424255 0.05012324 0.10500000
v 0.02704380 0.05106303 0.10500000
v 0.02821741 0.04799726 0.10500000
v 0.02872334 0.05013732 0.10500000
v 0.03178549 0.04822524 0.10500000
v 0.01900466 0.05456726 0.10500000
v 0.01978455 0.05426200 0.10500000
v 0.02084623 0.05163152 0.10500000
v 0.02309103 0.05296778 0.10500000
v 0.02595797 0.05158626 0.10500000
v -0.04135374 0.04809590 0.10499961
v -0.04243534 0.04744486 0.10501191
v -0.04410201 0.04792996 0.10500000
v -0.04255071 0.04737929 0.10500000
v -0.04588167 0.04682176 0.10500000
v -0.06961216 0.00010000 0.10500000
v -0.07061216 0.00010000 0.10500000
v -0.06947838 0.00429433 0.10500000
v -0.07056044 0.00266376 0.10500000
v -0.07053546 0.00304265 0.10500000
v -0.05602420 0.03617009 0.10500000
v -0.05708205 0.03696963 0.10500000
v -0.05407054 0.03818059 0.10500000
v -0.05431170 0.03986684 0.10500000
v -0.05322127 0.03905456 0.10500000
v -0.05415229 0.04003355 0.10500000
v -0.05643175 0.03575069 0.10500000
v -0.05670672 0.03543005 0.10500000
v -0.05867343 0.03503886 0.10500000
v -0.05784781 0.03409948 0.10500000
v -0.05974964 0.03373312 0.10500000
v -0.07033580 0.00606916 0.10500000
v -0.07033336 0.00610595 0.10500000
v -0.06907933 0.00838497 0.10500000
v -0.06994935 0.00904013 0.10500000
v -0.06870026 0.01061242 0.10500000
v -0.06975245 0.01054458 0.10500000
v -0.06948021 0.01195465 0.10500000
v -0.04765539 0.04373525 0.10500000
v -0.04961267 0.04223562 0.10500000
v -0.05096718 0.04293177 0.10500000
v -0.05146624 0.04060165 0.10500000
v -0.05220800 0.03994778 0.10500000
v -0.05927302 0.03222311 0.10500000
v -0.05942951 0.03201708 0.10500000
v -0.06214818 0.03031820 0.10500000
v -0.06039632 0.03074422 0.10500000
v -0.06248404 0.02977562 0.10500000
v -0.06176659 0.02861267 0.10500000
v -0.06317472 0.02865985 0.10500000
v -0.06266748 0.02721129 0.10500000
v -0.06516649 0.02496640 0.10500000
v -0.06406256 0.02459857 0.10500000
v -0.06556245 0.02406130 0.10500000
v -0.06462461 0.02354596 0.10500000
v -0.06569677 0.02105067 0.10500000
v -0.04564654 0.04527440 0.10500000
v -0.04631869 0.04475941 0.10500000
v -0.04940195 0.04422175 0.10500000
v -0.04943951 0.04419079 0.10500000
v -0.03866169 0.05090516 0.10500000
v -0.03836617 0.05102745 0.10500000
v -0.03754491 0.04998780 0.10500000
v -0.03474427 0.05252618 0.10500000
v -0.03401210 0.05137663 0.10500000
v -0.03350242 0.05297119 0.10500000
v -0.03207118 0.05197132 0.10500000
v -0.03226802 0.05335059 0.10500000
v -0.03000834 0.05260338 0.10500010
v -0.02911573 0.05431945 0.10500000
v -0.02633401 0.05346861 0.10500010
v -0.02596773 0.05507031 0.10500000
v -0.02529698 0.05371280 0.10500010
v -0.02454313 0.05541010 0.10500000
v -0.02051233 0.05454926 0.10500020
v -0.01978816 0.05626858 0.10500000
v -0.02032223 0.05458249 0.10500020
v -0.01955000 0.05629992 0.10500000
v -0.01417361 0.05532958 0.10500071
v 0.01078725 0.05494306 0.10500000
v 0.00799222 0.05542461 0.10500000
v 0.00671451 0.05735452 0.10500000
v 0.00641467 0.05569639 0.10500000
v 0.00534928 0.05753372 0.10500000
v 0.00398628 0.05589696 0.10500000
v 0.00097702 0.05777391 0.10500000
v 0.00215669 0.05604807 0.10500000
v 0.00000000 0.05778219 0.10500000
v 0.00000000 0.05609255 0.10499501
v -0.00626310 0.05759043 0.10500000
v -0.00659795 0.05587126 0.10500130
v -0.01485360 0.05691793 0.10500000
v -0.01305873 0.05707987 0.10500000
v -0.00933709 0.05567541 0.10500100
v -0.00974164 0.05737916 0.10500000
v -0.00653746 0.05757377 0.10500000
v -0.05390452 0.01764284 0.13814330
v -0.05362254 0.01783550 0.13826461
v -0.05334251 0.01538386 0.13883871
v -0.05284984 0.01854077 0.13855370
v -0.05259968 0.01876910 0.13864730
v -0.05201749 0.01941887 0.13883440
v -0.05201269 0.01943178 0.13883431
v -0.05508043 0.01683941 0.13763750
v -0.05388498 0.01317421 0.13884070
v -0.05918450 0.01446992 0.13571450
v -0.05436080 0.01123605 0.13884251
v -0.06981607 0.00833180 0.13027601
v -0.07174485 0.00622572 0.12931360
v -0.07166700 0.00662400 0.12933781
v -0.05534022 0.00423422 0.13884711
v -0.07163862 0.00670215 0.12934991
v -0.07159978 0.00680915 0.12936651
v -0.07137966 0.00720330 0.12947080
v -0.07129898 0.00730932 0.12951090
v -0.07107978 0.00752181 0.12962391
v -0.05485844 0.00845462 0.13884470
v -0.05506626 0.00663409 0.13884571
v -0.07068738 0.00782874 0.12983021
v -0.07092982 0.00766717 0.12970130
v -0.07201426 0.00016978 0.12931360
v -0.05550039 0.00010000 0.13884791
v -0.07201438 0.00010000 0.12931360
v -0.06877549 0.01007207 0.10800001
v -0.06885810 0.00999180 0.10800001
v -0.06921648 0.00867443 0.10800001
v -0.06996068 0.00010000 0.10800001
v -0.06866986 0.00010000 0.10800001
v -0.06989656 0.00295458 0.10800001
v -0.06852325 0.00457986 0.10800001
v -0.06973381 0.00515275 0.10800001
v -0.06964085 0.00640826 0.10800001
v -0.06811962 0.00867425 0.10800001
v -0.06775013 0.01106819 0.10800001
v -0.06942469 0.00760050 0.10800001
v -0.06963160 0.00653316 0.10800001
v -0.07200000 0.00409992 0.12824781
v -0.07199987 0.00408995 0.12825541
v -0.07245832 0.00017083 0.12389770
v -0.07218389 0.00596833 0.12389611
v -0.07200000 0.00607570 0.12667390
v -0.07200000 0.00467456 0.12786811
v -0.07201426 0.00016978 0.12931360
v -0.07199965 0.00408665 0.12825960
v -0.07199945 0.00408526 0.12826261
v -0.07199929 0.00408476 0.12826470
v -0.07199904 0.00408468 0.12826740
v -0.07199892 0.00408485 0.12826861
v -0.07199858 0.00408585 0.12827161
v -0.07199852 0.00408615 0.12827221
v -0.07199794 0.00408917 0.12827640
v -0.07199778 0.00409021 0.12827750
v -0.07199652 0.00410019 0.12828501
v -0.07199599 0.00410503 0.12828760
v -0.07199554 0.00411013 0.12828931
v -0.07198984 0.00417450 0.12831071
v -0.07197766 0.00433697 0.12832570
v -0.07195176 0.00468210 0.12835741
v -0.07192588 0.00502729 0.12838921
v -0.07190000 0.00537233 0.12842101
v -0.07233207 0.00588181 0.12165790
v -0.07261853 0.00017120 0.11999071
v -0.07237696 0.00585577 0.12024830
v -0.07237506 0.00585687 0.11999071
v -0.07259726 0.00017115 0.11598781
v -0.07234542 0.00587409 0.11598791
v -0.07205774 0.00604213 0.11074711
v -0.07213453 0.00599717 0.11181991
v -0.07238817 0.00017066 0.11181961
v -0.07222190 0.00594604 0.11304020
v -0.07234130 0.00587648 0.11543191
v -0.07195098 0.00556859 0.10900831
v -0.07190300 0.00619162 0.10900880
v -0.07200241 -0.00490051 0.10900770
v -0.07216888 0.00000000 0.10900651
v -0.07216310 0.00016995 0.10900651
v -0.07200241 0.00490057 0.10900770
v -0.07192749 -0.00590000 0.10900850
v -0.07211950 -0.00590000 0.11182151
v -0.07230085 -0.00590000 0.11447811
v -0.07237696 -0.00585577 0.12024830
v -0.07237513 -0.00585684 0.11999071
v -0.07234642 -0.00587350 0.11598791
v -0.07234272 -0.00587565 0.11547071
v -0.07200949 -0.00490250 0.12759540
v -0.07200000 -0.00590000 0.12684711
v -0.07219790 -0.00590000 0.12389641
v -0.07201438 0.00010000 0.12931360
v -0.07209993 0.00010000 0.12842551
v -0.07189210 -0.00547143 0.12842551
v -0.07200000 -0.00390558 0.12836321
v -0.07230076 -0.00590000 0.12236261
v -0.07200000 -0.00539190 0.12730810
v -0.07190300 -0.00619162 0.10900880
v -0.07191082 -0.00610000 0.10900870
v -0.07210000 0.00000000 0.10897510
v -0.07216888 0.00000000 0.10900651
v -0.07193357 -0.00489621 0.10897631
v -0.07200241 -0.00490051 0.10900770
v -0.07185820 -0.00590000 0.10897710
v -0.07192749 -0.00590000 0.10900850
v -0.06921648 0.00867443 0.10800001
v -0.06885810 0.00999180 0.10800001
v -0.07006673 0.00873717 0.10848001
v -0.06996068 0.00010000 0.10800001
v -0.06989656 0.00295458 0.10800001
v -0.07209993 0.00010000 0.10897510
v -0.07216310 0.00016995 0.10900651
v -0.07182606 0.00658899 0.10899311
v -0.07190300 0.00619162 0.10900880
v -0.06973381 0.00515275 0.10800001
v -0.07195098 0.00556859 0.10900831
v -0.07200241 0.00490057 0.10900770
v -0.06963160 0.00653316 0.10800001
v -0.07172193 0.00683296 0.10896460
v -0.06964085 0.00640826 0.10800001
v -0.07176182 0.00676294 0.10897620
v -0.07181411 0.00662133 0.10898990
v -0.07101960 0.00780051 0.10876181
v -0.07108069 0.00774046 0.10877990
v -0.07123246 0.00754562 0.10882331
v -0.07147890 0.00722924 0.10889380
v -0.07150969 0.00718970 0.10890261
v -0.07154660 0.00714084 0.10891391
v -0.07161402 0.00702245 0.10893341
v -0.06942469 0.00760050 0.10800001
v -0.07057318 0.00823934 0.10862980
v -0.07096435 0.00785482 0.10874550
v -0.07101258 0.00780743 0.10875970
v 0.00097702 0.05777391 0.10500000
v 0.04879114 0.03443376 0.10700001
v 0.04640149 0.03443376 0.10500000
v 0.04608575 0.03797846 0.10700030
v 0.04365693 0.03785263 0.10500000
v 0.04431747 0.03998751 0.10700030
v 0.04493114 0.03933768 0.10700040
v 0.04601243 0.03806477 0.10700030
v 0.04241655 0.03923748 0.10500000
v 0.04207056 0.03958396 0.10500000
v 0.04184341 0.04260737 0.10700001
v 0.03929083 0.04236764 0.10500000
v 0.03596331 0.04522662 0.10500000
v 0.03854492 0.04561302 0.10699971
v 0.03716778 0.04419176 0.10500000
v 0.03923153 0.04498738 0.10699981
v 0.04131849 0.04308570 0.10700001
v 0.03178549 0.04822524 0.10500000
v 0.03358120 0.04933384 0.10700010
v 0.03243743 0.04781815 0.10500000
v 0.03504387 0.04835480 0.10700010
v 0.03608422 0.04754007 0.10700001
v 0.02745728 0.05298404 0.10699991
v 0.02937726 0.05199265 0.10699991
v 0.02872334 0.05013732 0.10500000
v 0.03039346 0.05139252 0.10700001
v 0.03134596 0.05083001 0.10700010
v 0.02704380 0.05106303 0.10500000
v 0.02595797 0.05158626 0.10500000
v 0.02538128 0.05405599 0.10699991
v 0.02309103 0.05296778 0.10500000
v 0.01413143 0.05798495 0.10699981
v 0.01706258 0.05722873 0.10699991
v 0.01822265 0.05483342 0.10500000
v 0.01785008 0.05696163 0.10700001
v 0.01900466 0.05456726 0.10500000
v 0.02095441 0.05590873 0.10700020
v 0.01978455 0.05426200 0.10500000
v 0.02127385 0.05580038 0.10700020
v 0.02427675 0.05452508 0.10700001
v 0.01398009 0.05606577 0.10500000
v 0.01334286 0.05619915 0.10500000
v 0.01275374 0.05834039 0.10699981
v 0.00968690 0.05696435 0.10500000
v 0.01118827 0.05865135 0.10700001
v 0.00164280 0.05969557 0.10700010
v 0.00437110 0.05951842 0.10700030
v 0.00534928 0.05753372 0.10500000
v 0.00609022 0.05940681 0.10700040
v 0.00671451 0.05735452 0.10500000
v 0.00711699 0.05926259 0.10700030
v 0.01051130 0.05878582 0.10700010
v 0.04657318 0.03420115 0.10499460
v 0.05211745 0.02909436 0.10449830
v 0.05249848 0.02837158 0.10350000
v 0.04932093 0.03010363 0.10250000
v 0.05205302 0.02921659 0.10466710
v 0.05190864 0.02947994 0.10494600
v 0.04893389 0.03072777 0.10333841
v 0.05185037 0.02958197 0.10502881
v 0.04889099 0.03079695 0.10343130
v 0.04877936 0.03097230 0.10359550
v 0.05126306 0.03061054 0.10586381
v 0.04860410 0.03124758 0.10385341
v 0.05098198 0.03108121 0.10614020
v 0.04843107 0.03151049 0.10402080
v 0.04807591 0.03205011 0.10436441
v 0.05092600 0.03117495 0.10619530
v 0.04791801 0.03229002 0.10451710
v 0.05008142 0.03252326 0.10673091
v 0.05006264 0.03255324 0.10674280
v 0.04784287 0.03240085 0.10456601
v 0.04994144 0.03273733 0.10678360
v 0.04774312 0.03254801 0.10463080
v 0.04726855 0.03322514 0.10481090
v 0.04957717 0.03329061 0.10690620
v 0.04714413 0.03340268 0.10485811
v 0.04688727 0.03376918 0.10495560
v 0.05569977 0.02005438 0.08909418
v 0.05580694 0.01971133 0.08850000
v 0.05365598 0.02144338 0.08750000
v 0.05135326 0.02648821 0.09623793
v 0.05338005 0.02649872 0.10025600
v 0.05365966 0.02590470 0.09922712
v 0.05168811 0.02579858 0.09504345
v 0.05439213 0.02406432 0.09603955
v 0.05257372 0.02397470 0.09188440
v 0.05464776 0.02342204 0.09492711
v 0.05563089 0.02027490 0.08947615
v 0.05635630 0.01784553 0.08709066
v 0.05657800 0.01711325 0.08700000
v 0.05518984 0.01711325 0.08500000
v 0.05485558 0.01815020 0.08512968
v 0.05479292 0.01834457 0.08515400
v 0.05634590 0.01787986 0.08710122
v 0.05477478 0.01839797 0.08517058
v 0.05626698 0.01814060 0.08718133
v 0.05462310 0.01884434 0.08530923
v 0.05613100 0.01859235 0.08741098
v 0.05452013 0.01913342 0.08545855
v 0.05436011 0.01958267 0.08569059
v 0.05607302 0.01878496 0.08750888
v 0.05423411 0.01993638 0.08587327
v 0.05599358 0.01905254 0.08771099
v 0.05376622 0.02116534 0.08707074
v 0.05585678 0.01952762 0.08821934
v 0.05419230 0.02004872 0.08595943
v 0.05407382 0.02036695 0.08620350
v 0.05594736 0.01921306 0.08788274
v 0.05397829 0.02061491 0.08647285
v 0.05390561 0.02080355 0.08667775
v 0.05896953 0.00339263 0.08700000
v 0.05910950 0.00000000 0.08700000
v 0.05778219 0.00000000 0.08500000
v 0.05769163 0.00323386 0.08500000
v 0.05767634 0.00339609 0.08500000
v 0.05890862 0.00486908 0.08700000
v 0.05727994 0.00760204 0.08500000
v 0.05867004 0.00678794 0.08700000
v 0.05830733 0.00970506 0.08700000
v 0.05721368 0.00808559 0.08500000
v 0.05818061 0.01032232 0.08700000
v 0.05681024 0.01032364 0.08500000
v 0.05752950 0.01349396 0.08700000
v 0.05643562 0.01240175 0.08500000
v 0.05632884 0.01287805 0.08500000
v 0.05741496 0.01405190 0.08700000
v -0.07465789 0.00705198 0.10700001
v -0.07465931 0.00751238 0.10850911
v -0.07464518 0.00715161 0.10700001
v -0.07427349 0.00845664 0.10868731
v -0.07429415 0.00836591 0.10700001
v -0.07449079 0.00768568 0.10700001
v -0.07405844 0.00885605 0.10700001
v -0.07411296 0.00874270 0.10700001
v -0.07421115 0.00853850 0.10700001
v -0.07395140 0.00900725 0.10700001
v -0.07379461 0.00928286 0.10709270
v -0.07376770 0.00926668 0.10700001
v -0.07325476 0.00992159 0.10733440
v -0.07330146 0.00992511 0.10700001
v -0.07369915 0.00929876 0.10886960
v -0.07296090 0.01000261 0.10904821
v -0.07305537 0.00997656 0.10849721
v -0.07352871 0.00948501 0.11078860
v -0.07428638 0.00855510 0.11068461
v -0.07479961 0.00746981 0.11059301
v -0.07464155 0.00702088 0.12962441
v -0.07443888 0.00766384 0.12970360
v -0.07484201 0.00744442 0.12563511
v -0.07208100 0.01048824 0.13085471
v -0.07209394 0.01048076 0.13073040
v -0.07227121 0.01034707 0.13075721
v -0.07228218 0.01037208 0.12892200
v -0.07241214 0.01029470 0.12885570
v -0.07310234 0.00973027 0.13033100
v -0.07248165 0.01025138 0.12881551
v -0.07262382 0.01015874 0.12869460
v -0.07270121 0.01010636 0.12859061
v -0.07272197 0.01009214 0.12855361
v -0.07277398 0.01005673 0.12841770
v -0.07278090 0.01005215 0.12838781
v -0.07279380 0.01004476 0.12825370
v -0.07357074 0.00946063 0.12544291
v -0.07276937 0.01008480 0.12580761
v -0.07388797 0.00875874 0.12995011
v -0.07347863 0.00934352 0.13014440
v -0.07311338 0.00972207 0.13032540
v -0.07433432 0.00799547 0.12974451
v -0.07432870 0.00853024 0.12554510
v -0.07413003 0.00841289 0.12983521
v -0.07276577 0.01008801 0.12535131
v -0.07384719 0.00930075 0.12023630
v -0.07509193 0.00729809 0.11543891
v -0.07496698 0.00737119 0.11292131
v -0.07381449 0.00931966 0.11552730
v -0.07369269 0.00939009 0.11307220
v -0.07512561 0.00727849 0.12029291
v -0.07460917 0.00836728 0.12026641
v -0.07457595 0.00838655 0.11548031
v -0.07445237 0.00845834 0.11299190
v -0.07082930 0.01121090 0.13148711
v -0.06402204 0.01514107 0.13492620
v -0.06032381 0.01727624 0.13668081
v -0.06680764 0.01353281 0.13118171
v -0.06676075 0.01355988 0.13102570
v -0.06374088 0.01530340 0.13132851
v -0.06675000 0.01356608 0.13090360
v -0.06449652 0.01486713 0.12990491
v -0.06675000 0.01356608 0.12565931
v -0.06689482 0.01348247 0.13132990
v -0.06702560 0.01340697 0.13146030
v -0.06719857 0.01330711 0.13155691
v -0.06780001 0.01295986 0.13150980
v -0.06761097 0.01306900 0.13158480
v -0.06740161 0.01318988 0.13160190
v -0.06245273 0.01657986 0.13052100
v -0.06041578 0.01912494 0.13079731
v -0.06466001 0.01674700 0.12311391
v -0.05813219 0.01901036 0.13745200
v -0.05802248 0.01912923 0.13747480
v -0.07310614 0.01021213 0.10700001
v -0.07325544 0.00999274 0.10700001
v -0.07050840 0.01155549 0.11489181
v -0.07087568 0.01122518 0.11483541
v -0.07305537 0.00997656 0.10849721
v -0.07251364 0.01108277 0.10699991
v -0.07271061 0.01079331 0.10699991
v -0.06978096 0.01241395 0.11498041
v -0.06839924 0.01468914 0.11508191
v -0.07217543 0.01175910 0.10700010
v -0.07221942 0.01165173 0.10700010
v -0.07108956 0.01445486 0.10700001
v -0.07120306 0.01413155 0.10700001
v -0.06626860 0.01961754 0.11513791
v -0.06681810 0.01930028 0.11409381
v -0.06720013 0.01726465 0.11512240
v -0.07017434 0.01736255 0.10700001
v -0.07148436 0.01344519 0.10700001
v -0.07169345 0.01293507 0.10700001
v -0.05574652 0.02178142 0.13786510
v -0.05553096 0.02208788 0.13788001
v -0.05856077 0.02205745 0.13088660
v -0.05180295 0.02796927 0.13800001
v -0.05257605 0.02752295 0.13701751
v -0.05365199 0.02487016 0.13798331
v -0.05408834 0.02413880 0.13797941
v -0.05681205 0.02044073 0.13772611
v -0.05581652 0.02168191 0.13786031
v -0.05774650 0.01942826 0.13753211
v -0.06349695 0.01558458 0.13027361
v -0.05948516 0.01783386 0.13703060
v -0.05918595 0.01809404 0.13712380
v -0.05898940 0.01826495 0.13718500
v -0.06685836 0.01385213 0.12285570
v -0.06684536 0.01370272 0.12347880
v -0.06639418 0.01433144 0.12292750
v -0.06683274 0.01368462 0.12376761
v -0.06826124 0.01330090 0.11876880
v -0.06795099 0.01373920 0.11859501
v -0.06767620 0.01418130 0.11851371
v -0.06758937 0.01431698 0.11851320
v -0.06734073 0.01468877 0.11857451
v -0.06729280 0.01475628 0.11859830
v -0.06715660 0.01493580 0.11869411
v -0.06707505 0.01502968 0.11877961
v -0.06702463 0.01507867 0.11885010
v -0.06698207 0.01511038 0.11892811
v -0.06696927 0.01511702 0.11895711
v -0.06694198 0.01512271 0.11903531
v -0.06693123 0.01511886 0.11907780
v -0.06691752 0.01509608 0.11916720
v -0.06691597 0.01508780 0.11918851
v -0.06691484 0.01507246 0.11922251
v -0.06689014 0.01421720 0.12133301
v -0.06687835 0.01408178 0.12189780
v -0.06870125 0.01267928 0.11901520
v -0.06917962 0.01222529 0.11928740
v -0.06896689 0.01239274 0.11916520
v -0.06886409 0.01250362 0.11910711
v -0.05617832 0.02544320 0.13213721
v -0.05699988 0.02496888 0.13089321
v -0.05731336 0.02478790 0.13041851
v -0.06185128 0.02216794 0.12318631
v -0.06311513 0.01950951 0.12317921
v -0.05992431 0.02328052 0.12646480
v -0.05732484 0.02478127 0.13040110
v -0.06215136 0.02199469 0.12267570
v -0.06358615 0.02116629 0.12023450
v -0.06378876 0.02104931 0.11984961
v -0.00000000 0.05900009 0.13800001
v -0.00435187 0.05683346 0.14000001
v -0.00479295 0.05857844 0.13800001
v -0.00565711 0.05671842 0.14000001
v -0.00769256 0.05643595 0.14000001
v -0.03172853 0.04735308 0.14000001
v -0.02937784 0.04880093 0.14000001
v -0.03142820 0.04968382 0.13800001
v -0.05180295 0.02796927 0.13800001
v -0.05098048 0.02752520 0.13900091
v -0.05161579 0.02827587 0.13800001
v -0.05015631 0.02708022 0.14000001
v -0.04908242 0.03242611 0.13800001
v -0.04807683 0.03062072 0.14000001
v -0.04880510 0.03288041 0.13800001
v -0.04628147 0.03321556 0.14000001
v -0.04766018 0.03433972 0.13800001
v -0.04560472 0.03419367 0.14000001
v -0.04613572 0.03628277 0.13800001
v -0.04286065 0.03757602 0.14000001
v -0.03954828 0.04338024 0.13800001
v -0.04256020 0.04046170 0.13800001
v -0.04136507 0.03915522 0.14000001
v -0.04303304 0.04000352 0.13800001
v -0.04379845 0.03926184 0.13800001
v -0.03984676 0.04075840 0.14000001
v -0.03855562 0.04198173 0.14000001
v -0.03799483 0.04488554 0.13800001
v -0.03571111 0.04440060 0.14000001
v -0.03669197 0.04583754 0.13800001
v -0.03524274 0.04479888 0.14000001
v -0.03583049 0.04646703 0.13800001
v -0.03192094 0.04932378 0.13800001
v -0.00788241 0.05830665 0.13800001
v -0.00822957 0.05827611 0.13800001
v -0.01000773 0.05611467 0.14000001
v -0.00956160 0.05797873 0.13800001
v -0.01426556 0.05518599 0.14000001
v -0.01426833 0.05692794 0.13800001
v -0.01524703 0.05489196 0.14000001
v -0.01562398 0.05662528 0.13800001
v -0.01635550 0.05646197 0.13800001
v -0.01842579 0.05393964 0.14000001
v -0.01887184 0.05553100 0.13800001
v -0.02248192 0.05237913 0.14000001
v -0.02309354 0.05396909 0.13800001
v -0.02253302 0.05235625 0.14000001
v -0.02340071 0.05385545 0.13800001
v -0.02411096 0.05164941 0.14000001
v -0.02416805 0.05357155 0.13800001
v -0.02801740 0.04963885 0.14000001
v -0.02770439 0.05167788 0.13800001
v -0.03016094 0.05036242 0.13800001
v 0.04807591 0.03205011 0.10436441
v 0.04843107 0.03151049 0.10402080
v 0.04595561 0.03150160 0.10403380
v 0.04455171 0.03339707 0.10486970
v 0.04657318 0.03420115 0.10499460
v 0.04688727 0.03376918 0.10495560
v 0.04714413 0.03340268 0.10485811
v 0.04526775 0.03244495 0.10458741
v 0.04529840 0.03240291 0.10456280
v 0.04726855 0.03322514 0.10481090
v 0.04521024 0.03252194 0.10461381
v 0.04470664 0.03319612 0.10484440
v 0.04774312 0.03254801 0.10463080
v 0.04784287 0.03240085 0.10456601
v 0.04791801 0.03229002 0.10451710
v 0.04877936 0.03097230 0.10359550
v 0.04650461 0.03073967 0.10332780
v 0.04860410 0.03124758 0.10385341
v 0.04634499 0.03096153 0.10359771
v 0.04603088 0.03139837 0.10397320
v 0.04893389 0.03072777 0.10333841
v 0.04932093 0.03010363 0.10250000
v 0.04696340 0.03010363 0.10250000
v 0.04889099 0.03079695 0.10343130
v 0.04687014 0.03023162 0.10270961
v 0.05365598 0.02144338 0.08750000
v 0.05239201 0.02144338 0.08750000
v 0.05192784 0.02229934 0.08898257
v 0.05257372 0.02397470 0.09188440
v 0.05163843 0.02278805 0.08982904
v 0.05084919 0.02412080 0.09213745
v 0.05168811 0.02579858 0.09504345
v 0.04955197 0.02631133 0.09593155
v 0.05135326 0.02648821 0.09623793
v 0.04855905 0.02776599 0.09845109
v 0.05397261 0.01763398 0.08502720
v 0.05379064 0.01814432 0.08514589
v 0.05485558 0.01815020 0.08512968
v 0.05270475 0.02081463 0.08666521
v 0.05397829 0.02061491 0.08647285
v 0.05407382 0.02036695 0.08620350
v 0.05305440 0.02003517 0.08598122
v 0.05376622 0.02116534 0.08707074
v 0.05390561 0.02080355 0.08667775
v 0.05275600 0.02071161 0.08652843
v 0.05293302 0.02032406 0.08616716
v 0.05479292 0.01834457 0.08515400
v 0.05419230 0.02004872 0.08595943
v 0.05423411 0.01993638 0.08587327
v 0.05337502 0.01927202 0.08549006
v 0.05436011 0.01958267 0.08569059
v 0.05342423 0.01914516 0.08543647
v 0.05452013 0.01913342 0.08545855
v 0.05354243 0.01884042 0.08530780
v 0.05462310 0.01884434 0.08530923
v 0.05477478 0.01839797 0.08517058
v 0.05404269 0.01741851 0.08501594
v 0.05518984 0.01711325 0.08500000
v 0.05414199 0.01711325 0.08500000
v -0.05681205 0.02044073 0.13772611
v -0.05774650 0.01942826 0.13753211
v -0.05383124 0.01861658 0.14000001
v -0.05813219 0.01901036 0.13745200
v -0.05898940 0.01826495 0.13718500
v -0.05434347 0.01716462 0.14000001
v -0.05948516 0.01783386 0.13703060
v -0.05443844 0.01689543 0.14000001
v -0.05918595 0.01809404 0.13712380
v -0.05802248 0.01912923 0.13747480
v -0.05277223 0.02150699 0.14000001
v -0.05553096 0.02208788 0.13788001
v -0.05298920 0.02100340 0.14000001
v -0.05574652 0.02178142 0.13786510
v -0.05581652 0.02168191 0.13786031
v -0.05166217 0.02408349 0.14000001
v -0.05365199 0.02487016 0.13798331
v -0.05408834 0.02413880 0.13797941
v 0.00000000 -0.05971916 0.10700001
v 0.00000000 -0.05778219 0.10500000
v 0.00164280 -0.05969557 0.10700010
v 0.00097702 -0.05777391 0.10500000
v 0.00437110 -0.05951842 0.10700030
v 0.00534928 -0.05753372 0.10500000
v 0.00968690 -0.05696435 0.10500000
v 0.01051130 -0.05878582 0.10700010
v 0.00671451 -0.05735452 0.10500000
v 0.00711699 -0.05926259 0.10700030
v 0.00609022 -0.05940681 0.10700040
v 0.02095441 -0.05590873 0.10700020
v 0.01785008 -0.05696163 0.10700001
v 0.01822265 -0.05483342 0.10500000
v 0.01706258 -0.05722873 0.10699991
v 0.01398009 -0.05606577 0.10500000
v 0.01413143 -0.05798495 0.10699981
v 0.01334286 -0.05619915 0.10500000
v 0.01275374 -0.05834039 0.10699981
v 0.01118827 -0.05865135 0.10700001
v 0.01900466 -0.05456726 0.10500000
v 0.01978455 -0.05426200 0.10500000
v 0.02127385 -0.05580038 0.10700020
v 0.02309103 -0.05296778 0.10500000
v 0.02427675 -0.05452508 0.10700001
v 0.02538128 -0.05405599 0.10699991
v 0.02595797 -0.05158626 0.10500000
v 0.02745728 -0.05298404 0.10699991
v 0.02704380 -0.05106303 0.10500000
v 0.02937726 -0.05199265 0.10699991
v 0.02872334 -0.05013732 0.10500000
v 0.03039346 -0.05139252 0.10700001
v 0.03134596 -0.05083001 0.10700010
v 0.03178549 -0.04822524 0.10500000
v 0.03358120 -0.04933384 0.10700010
v 0.03243743 -0.04781815 0.10500000
v 0.03504387 -0.04835480 0.10700010
v 0.03608422 -0.04754007 0.10700001
v 0.03596331 -0.04522662 0.10500000
v 0.03854492 -0.04561302 0.10699971
v 0.03716778 -0.04419176 0.10500000
v 0.03923153 -0.04498738 0.10699981
v 0.04131849 -0.04308570 0.10700001
v 0.03929083 -0.04236764 0.10500000
v 0.04184341 -0.04260737 0.10700001
v 0.04207056 -0.03958396 0.10500000
v 0.04431747 -0.03998751 0.10700030
v 0.04241655 -0.03923748 0.10500000
v 0.04493114 -0.03933768 0.10700040
v 0.04365693 -0.03785263 0.10500000
v 0.04601243 -0.03806477 0.10700030
v 0.04608575 -0.03797846 0.10700030
v 0.04640149 -0.03443376 0.10500000
v 0.04879114 -0.03443376 0.10700001
v 0.04657318 -0.03420115 0.10499460
v 0.04688727 -0.03376918 0.10495560
v 0.04714413 -0.03340268 0.10485811
v 0.04957717 -0.03329061 0.10690620
v 0.04726855 -0.03322514 0.10481090
v 0.04994144 -0.03273733 0.10678360
v 0.04774312 -0.03254801 0.10463080
v 0.04784287 -0.03240085 0.10456601
v 0.05006264 -0.03255324 0.10674280
v 0.04791801 -0.03229002 0.10451710
v 0.05008142 -0.03252326 0.10673091
v 0.05092600 -0.03117495 0.10619530
v 0.04807591 -0.03205011 0.10436441
v 0.05098198 -0.03108121 0.10614020
v 0.04843107 -0.03151049 0.10402080
v 0.04860410 -0.03124758 0.10385341
v 0.05126306 -0.03061054 0.10586381
v 0.04877936 -0.03097230 0.10359550
v 0.05185037 -0.02958197 0.10502881
v 0.04932093 -0.03010363 0.10250000
v 0.05249848 -0.02837158 0.10350000
v 0.05211745 -0.02909436 0.10449830
v 0.04889099 -0.03079695 0.10343130
v 0.04893389 -0.03072777 0.10333841
v 0.05190864 -0.02947994 0.10494600
v 0.05205302 -0.02921659 0.10466710
v 0.05338005 -0.02649872 0.10025600
v 0.05135326 -0.02648821 0.09623793
v 0.05580694 -0.01971133 0.08850000
v 0.05569977 -0.02005438 0.08909418
v 0.05365598 -0.02144338 0.08750000
v 0.05563089 -0.02027490 0.08947615
v 0.05257372 -0.02397470 0.09188440
v 0.05464776 -0.02342204 0.09492711
v 0.05168811 -0.02579858 0.09504345
v 0.05439213 -0.02406432 0.09603955
v 0.05365966 -0.02590470 0.09922712
v 0.05594736 -0.01921306 0.08788274
v 0.05585678 -0.01952762 0.08821934
v 0.05390561 -0.02080355 0.08667775
v 0.05376622 -0.02116534 0.08707074
v 0.05599358 -0.01905254 0.08771099
v 0.05423411 -0.01993638 0.08587327
v 0.05607302 -0.01878496 0.08750888
v 0.05436011 -0.01958267 0.08569059
v 0.05613100 -0.01859235 0.08741098
v 0.05397829 -0.02061491 0.08647285
v 0.05407382 -0.02036695 0.08620350
v 0.05419230 -0.02004872 0.08595943
v 0.05518984 -0.01711325 0.08500000
v 0.05657800 -0.01711325 0.08700000
v 0.05485558 -0.01815020 0.08512968
v 0.05635630 -0.01784553 0.08709066
v 0.05479292 -0.01834457 0.08515400
v 0.05634590 -0.01787986 0.08710122
v 0.05477478 -0.01839797 0.08517058
v 0.05626698 -0.01814060 0.08718133
v 0.05462310 -0.01884434 0.08530923
v 0.05452013 -0.01913342 0.08545855
v 0.05769163 -0.00323386 0.08500000
v 0.05896953 -0.00339263 0.08700000
v 0.05767634 -0.00339609 0.08500000
v 0.05890862 -0.00486908 0.08700000
v 0.05727994 -0.00760204 0.08500000
v 0.05867004 -0.00678794 0.08700000
v 0.05721368 -0.00808559 0.08500000
v 0.05830733 -0.00970506 0.08700000
v 0.05681024 -0.01032364 0.08500000
v 0.05818061 -0.01032232 0.08700000
v 0.05643562 -0.01240175 0.08500000
v 0.05752950 -0.01349396 0.08700000
v 0.05632884 -0.01287805 0.08500000
v 0.05741496 -0.01405190 0.08700000
v -0.07179069 -0.00318355 0.10558851
v -0.07189994 -0.00010000 0.10558700
v -0.07061216 -0.00010000 0.10500000
v -0.07164077 -0.00610000 0.10559121
v -0.07251265 -0.00656394 0.10600651
v -0.07275011 -0.00610000 0.10609340
v -0.07469381 -0.00677036 0.10700001
v -0.07475152 -0.00610000 0.10700001
v -0.07056044 -0.00266376 0.10500000
v -0.07053546 -0.00304265 0.10500000
v -0.07172674 -0.00498845 0.10558941
v -0.07033580 -0.00606916 0.10500000
v -0.07449627 -0.00768597 0.10700001
v -0.07421923 -0.00853569 0.10700001
v -0.07216143 -0.00815621 0.10600651
v -0.07461322 -0.00732730 0.10700001
v -0.07465316 -0.00705124 0.10700001
v -0.07330146 -0.00992511 0.10700001
v -0.07376784 -0.00926678 0.10700001
v -0.07405722 -0.00885830 0.10700001
v -0.07411486 -0.00874355 0.10700001
v -0.07154309 -0.00962318 0.10600651
v -0.07097142 -0.01113676 0.10600651
v -0.07221942 -0.01165173 0.10700010
v -0.07251364 -0.01108277 0.10699991
v -0.07271061 -0.01079331 0.10699991
v -0.07310614 -0.01021213 0.10700001
v -0.07048318 -0.01270092 0.10600651
v -0.06948021 -0.01195465 0.10500000
v -0.06926369 -0.01307600 0.10500000
v -0.07108956 -0.01445486 0.10700001
v -0.07120306 -0.01413155 0.10700001
v -0.07148436 -0.01344519 0.10700001
v -0.07169345 -0.01293507 0.10700001
v -0.07217543 -0.01175910 0.10700010
v -0.07017434 -0.01736255 0.10700001
v -0.06820542 -0.01717821 0.10500000
v -0.06995143 -0.01810491 0.10700001
v -0.06930669 -0.01994037 0.10700001
v -0.06791532 -0.01802018 0.10500000
v -0.06854805 -0.02210008 0.10699991
v -0.06683993 -0.02114122 0.10500000
v -0.06853749 -0.02212394 0.10699991
v -0.06684352 -0.02595142 0.10700010
v -0.06556245 -0.02406130 0.10500000
v -0.06677945 -0.02606982 0.10700010
v -0.06516649 -0.02496640 0.10500000
v -0.06618611 -0.02716585 0.10700001
v -0.06317472 -0.02865985 0.10500000
v -0.06483007 -0.02967079 0.10700001
v -0.06360630 -0.03163470 0.10700010
v -0.06248404 -0.02977562 0.10500000
v -0.06347970 -0.03181304 0.10700001
v -0.06214818 -0.03031820 0.10500000
v -0.06337200 -0.03196475 0.10700001
v -0.05974964 -0.03373312 0.10500000
v -0.06114977 -0.03509514 0.10700001
v -0.06004597 -0.03642468 0.10700001
v -0.05867343 -0.03503886 0.10500000
v -0.05949227 -0.03709162 0.10700001
v -0.05842467 -0.03837757 0.10700001
v -0.05708205 -0.03696963 0.10500000
v -0.05632703 -0.04056255 0.10700001
v -0.05431170 -0.03986684 0.10500000
v -0.05543772 -0.04148889 0.10699991
v -0.05497254 -0.04191143 0.10700001
v -0.05415229 -0.04003355 0.10500000
v -0.05226739 -0.04436863 0.10700010
v -0.05096718 -0.04293177 0.10500000
v -0.05219523 -0.04443418 0.10700010
v -0.05034414 -0.04594849 0.10699991
v -0.04943951 -0.04419079 0.10500000
v -0.04996973 -0.04622233 0.10699991
v -0.04940195 -0.04422175 0.10500000
v -0.04785947 -0.04776580 0.10700001
v -0.04588167 -0.04682176 0.10500000
v -0.04676712 -0.04856474 0.10700010
v -0.04452544 -0.04994733 0.10699991
v -0.04410201 -0.04792996 0.10500000
v -0.04318109 -0.05077648 0.10699981
v -0.04234278 -0.04902544 0.10500000
v -0.04315192 -0.05079447 0.10699981
v -0.03866169 -0.05090516 0.10500000
v -0.03939894 -0.05270029 0.10700010
v -0.03868433 -0.05299526 0.10700010
v -0.03836617 -0.05102745 0.10500000
v -0.03817585 -0.05320516 0.10700001
v -0.03474427 -0.05252618 0.10500000
v -0.03540758 -0.05434785 0.10699991
v -0.03385508 -0.05490001 0.10700001
v -0.03350242 -0.05297119 0.10500000
v -0.03297014 -0.05516826 0.10700001
v -0.03226802 -0.05335059 0.10500000
v -0.03251495 -0.05530625 0.10700001
v -0.02939269 -0.05625270 0.10700001
v -0.02911573 -0.05431945 0.10500000
v -0.02761235 -0.05667229 0.10700001
v -0.02596773 -0.05507031 0.10500000
v -0.02615403 -0.05701599 0.10700001
v -0.02474743 -0.05734751 0.10700001
v -0.02454313 -0.05541010 0.10500000
v -0.02216412 -0.05780885 0.10700001
v -0.01978816 -0.05626858 0.10500000
v -0.01992232 -0.05820921 0.10700001
v -0.01968375 -0.05824028 0.10700001
v -0.01955000 -0.05629992 0.10500000
v -0.01665934 -0.05863407 0.10700001
v -0.01485360 -0.05691793 0.10500000
v -0.01491972 -0.05886058 0.10700001
v -0.01314542 -0.05901877 0.10699991
v -0.01305873 -0.05707987 0.10500000
v -0.01112120 -0.05919923 0.10699991
v -0.00974164 -0.05737916 0.10500000
v -0.00974164 -0.05932223 0.10699991
v -0.00658009 -0.05951236 0.10700020
v -0.00653746 -0.05757377 0.10500000
v -0.00630127 -0.05952913 0.10700030
v -0.00626310 -0.05759043 0.10500000
v -0.00556527 -0.05955132 0.10700020
v -0.06994935 -0.00904013 0.10500000
v -0.07033336 -0.00610595 0.10500000
v -0.06975245 -0.01054458 0.10500000
v -0.07305526 -0.00997702 0.10849771
v -0.07298732 -0.00999134 0.10891101
v -0.07370927 -0.00929088 0.10872721
v -0.07330146 -0.00992511 0.10700001
v -0.07376784 -0.00926678 0.10700001
v -0.07405722 -0.00885830 0.10700001
v -0.07427031 -0.00845691 0.10853920
v -0.07461322 -0.00732730 0.10700001
v -0.07449627 -0.00768597 0.10700001
v -0.07464698 -0.00752432 0.10835470
v -0.07421923 -0.00853569 0.10700001
v -0.07411486 -0.00874355 0.10700001
v -0.07465316 -0.00705124 0.10700001
v -0.07479961 -0.00746981 0.11059301
v -0.07428638 -0.00855510 0.11068461
v -0.07352871 -0.00948501 0.11078860
v -0.07464155 -0.00702088 0.12962441
v -0.07471921 -0.00648382 0.12960770
v -0.07508088 -0.00626617 0.12570761
v -0.07432870 -0.00853024 0.12554510
v -0.07433432 -0.00799547 0.12974451
v -0.07484201 -0.00744442 0.12563511
v -0.07443888 -0.00766384 0.12970360
v -0.07347863 -0.00934352 0.13014440
v -0.07388797 -0.00875874 0.12995011
v -0.07413003 -0.00841289 0.12983521
v -0.07279229 -0.01004510 0.12830480
v -0.07278142 -0.01005180 0.12838520
v -0.07310234 -0.00973027 0.13033100
v -0.07276937 -0.01008480 0.12580761
v -0.07279380 -0.01004476 0.12825370
v -0.07357074 -0.00946063 0.12544291
v -0.07311338 -0.00972207 0.13032540
v -0.07273944 -0.01008019 0.12851720
v -0.07271502 -0.01009691 0.12856661
v -0.07262382 -0.01015874 0.12869460
v -0.07256636 -0.01019680 0.12875121
v -0.07241214 -0.01029470 0.12885570
v -0.07251414 -0.01016678 0.13063261
v -0.07228218 -0.01037208 0.12892200
v -0.07227121 -0.01034707 0.13075721
v -0.07209394 -0.01048076 0.13073040
v -0.07208100 -0.01048824 0.13085471
v -0.07276577 -0.01008801 0.12535131
v -0.07369269 -0.00939009 0.11307220
v -0.07445237 -0.00845834 0.11299190
v -0.07496698 -0.00737119 0.11292131
v -0.07509193 -0.00729809 0.11543891
v -0.07381449 -0.00931966 0.11552730
v -0.07457595 -0.00838655 0.11548031
v -0.07384719 -0.00930075 0.12023630
v -0.07460917 -0.00836728 0.12026641
v -0.07512561 -0.00727849 0.12029291
v -0.07536242 -0.00610000 0.12031431
v -0.07513215 -0.00623590 0.12475580
v -0.07536242 -0.00610000 0.12048191
v -0.07513215 -0.00623590 0.12475580
v -0.07512951 -0.00610000 0.12475490
v -0.07503791 -0.00610000 0.12643571
v -0.07475152 -0.00610000 0.12960770
v -0.06032381 -0.01727624 0.13668081
v -0.05479705 -0.01569342 0.14000001
v -0.07208100 -0.01048824 0.13085471
v -0.05644766 -0.00791590 0.14000001
v -0.07227121 -0.01034707 0.13075721
v -0.05699991 -0.00010000 0.14000001
v -0.07189994 -0.00010000 0.13139751
v -0.07164077 -0.00610000 0.13139751
v -0.07475152 -0.00610000 0.12960770
v -0.07471921 -0.00648382 0.12960770
v -0.07464155 -0.00702088 0.12962441
v -0.07443888 -0.00766384 0.12970360
v -0.07433432 -0.00799547 0.12974451
v -0.07413003 -0.00841289 0.12983521
v -0.07388797 -0.00875874 0.12995011
v -0.07347863 -0.00934352 0.13014440
v -0.07311338 -0.00972207 0.13032540
v -0.07310234 -0.00973027 0.13033100
v -0.07251414 -0.01016678 0.13063261
v -0.06156176 -0.01656152 0.13485050
v -0.06676812 -0.01355562 0.13106180
v -0.06430030 -0.01498042 0.13035300
v -0.06675000 -0.01356608 0.13090360
v -0.06452395 -0.01485129 0.12992440
v -0.06675000 -0.01356608 0.12565931
v -0.06724311 -0.01328139 0.13157230
v -0.06706171 -0.01338612 0.13148600
v -0.06032381 -0.01727624 0.13668081
v -0.06692086 -0.01346744 0.13136181
v -0.06682390 -0.01352342 0.13121660
v -0.06780001 -0.01295986 0.13150980
v -0.06765692 -0.01304248 0.13157230
v -0.06745002 -0.01316194 0.13160361
v -0.07087568 -0.01122518 0.11483541
v -0.05898940 -0.01826495 0.13718500
v -0.05918595 -0.01809404 0.13712380
v -0.06349695 -0.01558458 0.13027361
v -0.05948516 -0.01783386 0.13703060
v -0.05553096 -0.02208788 0.13788001
v -0.05574652 -0.02178142 0.13786510
v -0.06041578 -0.01912494 0.13079731
v -0.05581652 -0.02168191 0.13786031
v -0.05681205 -0.02044073 0.13772611
v -0.05774650 -0.01942826 0.13753211
v -0.06245273 -0.01657986 0.13052100
v -0.05802248 -0.01912923 0.13747480
v -0.05813219 -0.01901036 0.13745200
v -0.05856077 -0.02205745 0.13088660
v -0.05365199 -0.02487016 0.13798331
v -0.05408834 -0.02413880 0.13797941
v -0.07148436 -0.01344519 0.10700001
v -0.07120306 -0.01413155 0.10700001
v -0.06839924 -0.01468914 0.11508191
v -0.07108956 -0.01445486 0.10700001
v -0.07251364 -0.01108277 0.10699991
v -0.07221942 -0.01165173 0.10700010
v -0.06978096 -0.01241395 0.11498041
v -0.07217543 -0.01175910 0.10700010
v -0.07169345 -0.01293507 0.10700001
v -0.07050840 -0.01155549 0.11489181
v -0.07310614 -0.01021213 0.10700001
v -0.07271061 -0.01079331 0.10699991
v -0.07305526 -0.00997702 0.10849771
v -0.06923317 -0.01215742 0.11931691
v -0.06917541 -0.01221566 0.11928421
v -0.06887484 -0.01251883 0.11911390
v -0.06862361 -0.01277223 0.11897161
v -0.06825819 -0.01329756 0.11876700
v -0.06683863 -0.01366942 0.12370550
v -0.06685749 -0.01385950 0.12285691
v -0.06639418 -0.01433144 0.12292750
v -0.06687896 -0.01407587 0.12189091
v -0.06466001 -0.01674700 0.12311391
v -0.06688736 -0.01416063 0.12151250
v -0.06691484 -0.01507246 0.11922251
v -0.06692180 -0.01510791 0.11913000
v -0.06692654 -0.01511482 0.11910100
v -0.06699869 -0.01509944 0.11889490
v -0.06696218 -0.01511984 0.11897481
v -0.06694635 -0.01512294 0.11902061
v -0.06701158 -0.01508960 0.11887170
v -0.06707479 -0.01502996 0.11877991
v -0.06709807 -0.01500465 0.11875251
v -0.06722007 -0.01485484 0.11864361
v -0.06725409 -0.01480938 0.11862091
v -0.06748864 -0.01447112 0.11852650
v -0.06755184 -0.01437483 0.11851641
v -0.06783628 -0.01392596 0.11854481
v -0.06795099 -0.01373920 0.11859501
v -0.06683629 -0.01366670 0.12375711
v -0.06311513 -0.01950951 0.12317921
v -0.05733822 -0.02477348 0.13031650
v -0.05728058 -0.02480676 0.13039760
v -0.05695775 -0.02499314 0.13085171
v -0.05255540 -0.02753484 0.13704401
v -0.05180295 -0.02796927 0.13800001
v -0.06720013 -0.01726465 0.11512240
v -0.06380098 -0.02104220 0.11977971
v -0.06208997 -0.02203005 0.12266521
v -0.06180355 -0.02219542 0.12314831
v -0.05863290 -0.02402600 0.12849541
v -0.07017434 -0.01736255 0.10700001
v -0.06619082 -0.01966243 0.11508761
v -0.06426580 -0.02077384 0.11899580
v -0.02309354 -0.05396909 0.13800001
v -0.02340071 -0.05385545 0.13800001
v -0.02462798 -0.05474864 0.13027631
v -0.04315432 -0.04629740 0.12312980
v -0.04315432 -0.04647976 0.12257171
v -0.04217237 -0.04717276 0.12256341
v -0.03067154 -0.05368683 0.12206920
v -0.03061407 -0.05365645 0.12252041
v -0.03086138 -0.05351838 0.12252260
v -0.02507249 -0.05568333 0.12249871
v -0.02545848 -0.05554010 0.12250251
v -0.02507249 -0.05575114 0.12198291
v -0.02781630 -0.05474474 0.12250911
v -0.02714033 -0.05495888 0.12251040
v -0.02781630 -0.05461274 0.12342110
v -0.01667411 -0.05758990 0.12579451
v -0.01895334 -0.05728811 0.12323581
v -0.01844379 -0.05744983 0.12247661
v -0.01527845 -0.05810393 0.12246541
v -0.01560141 -0.05804716 0.12246271
v -0.01567959 -0.05809066 0.12152961
v -0.01224719 -0.05842448 0.12579451
v -0.01084736 -0.05876449 0.12245111
v -0.01043462 -0.05885209 0.12244271
v -0.01045969 -0.05885865 0.12152521
v -0.00822957 -0.05827611 0.13800001
v -0.00956160 -0.05797873 0.13800001
v -0.00657001 -0.05914260 0.12579461
v -0.04746737 -0.04400112 0.11961811
v -0.04746737 -0.04282718 0.12258810
v -0.04805965 -0.04231626 0.12259450
v -0.00041819 -0.05961190 0.12185271
v -0.00042523 -0.05961130 0.12187440
v -0.00238846 -0.05955305 0.12165631
v 0.00000000 -0.05971916 0.10700001
v 0.00000000 -0.05963715 0.12095501
v -0.00109972 -0.05964195 0.11961800
v -0.00011910 -0.05963081 0.12118011
v -0.00032738 -0.05961972 0.12157371
v -0.00211392 -0.05956088 0.12182091
v -0.00182711 -0.05956598 0.12208121
v -0.00177365 -0.05956693 0.12212971
v -0.00218134 -0.05955907 0.12177750
v -0.00226796 -0.05955674 0.12172171
v -0.00378221 -0.05948962 0.12135641
v -0.00500960 -0.05941296 0.12135641
v -0.00287045 -0.05957557 0.11961800
v -0.00500960 -0.05945616 0.11961800
v -0.00556527 -0.05955132 0.10700020
v -0.00529448 -0.05943560 0.11961800
v -0.00630127 -0.05952913 0.10700030
v -0.00657001 -0.05934355 0.11961800
v -0.00658009 -0.05951236 0.10700020
v -0.00974164 -0.05932223 0.10699991
v -0.01112120 -0.05919923 0.10699991
v -0.00966119 -0.05905260 0.11961811
v -0.00657001 -0.05925215 0.12242731
v -0.01132688 -0.05885716 0.11961811
v -0.01176492 -0.05875211 0.12075641
v -0.01444738 -0.05835184 0.12075641
v -0.01057082 -0.05894587 0.11961811
v -0.01489455 -0.05834125 0.11961811
v -0.01649889 -0.05806356 0.11961811
v -0.01665934 -0.05863407 0.10700001
v -0.01581180 -0.05818249 0.11961811
v -0.01491972 -0.05886058 0.10700001
v -0.01314542 -0.05901877 0.10699991
v -0.01839231 -0.05769720 0.11961811
v -0.02001405 -0.05714119 0.12204471
v -0.02082935 -0.05702516 0.12113581
v -0.02082935 -0.05716056 0.11961811
v -0.01652515 -0.05805878 0.11961811
v -0.02238974 -0.05677607 0.11961811
v -0.02216412 -0.05780885 0.10700001
v -0.02099687 -0.05711928 0.11961811
v -0.01992232 -0.05820921 0.10700001
v -0.01968375 -0.05824028 0.10700001
v -0.02671858 -0.05612165 0.11467881
v -0.02761235 -0.05667229 0.10700001
v -0.02615403 -0.05701599 0.10700001
v -0.02361711 -0.05644992 0.11961811
v -0.02499344 -0.05605819 0.11961811
v -0.02474743 -0.05734751 0.10700001
v -0.02939269 -0.05625270 0.10700001
v -0.03185155 -0.05444836 0.11469240
v -0.03251495 -0.05530625 0.10700001
v -0.03540758 -0.05434785 0.10699991
v -0.03385508 -0.05490001 0.10700001
v -0.03297014 -0.05516826 0.10700001
v -0.03779130 -0.05027333 0.12178821
v -0.03799087 -0.05019080 0.12165631
v -0.03670215 -0.05138277 0.11961811
v -0.03544029 -0.05149603 0.12205070
v -0.03712491 -0.05047880 0.12250461
v -0.03716621 -0.05047324 0.12243140
v -0.03744549 -0.05040678 0.12205350
v -0.03648299 -0.05149682 0.11961811
v -0.03742685 -0.05041153 0.12207751
v -0.03720536 -0.05046797 0.12236201
v -0.03757603 -0.05036235 0.12193040
v -0.03847286 -0.05041530 0.11961811
v -0.04318109 -0.05077648 0.10699981
v -0.04315192 -0.05079447 0.10699981
v -0.03939894 -0.05270029 0.10700010
v -0.03682924 -0.05235651 0.11470581
v -0.03868433 -0.05299526 0.10700010
v -0.03817585 -0.05320516 0.10700001
v -0.03487865 -0.05229593 0.11961811
v -0.03590923 -0.05178260 0.11961811
v -0.04217237 -0.04809969 0.11961811
v -0.04012913 -0.04895672 0.12135641
v -0.04061198 -0.04864871 0.12135641
v -0.04061198 -0.04912784 0.11961811
v -0.04785947 -0.04776580 0.10700001
v -0.04676712 -0.04856474 0.10700010
v -0.04452544 -0.04994733 0.10699991
v -0.03938460 -0.04943167 0.12135641
v -0.04426365 -0.04581652 0.12189441
v -0.04590698 -0.04450619 0.12189441
v -0.04590698 -0.04531020 0.11961811
v -0.04315432 -0.04647976 0.12257171
v -0.04315432 -0.04670106 0.12189441
v -0.04996973 -0.04622233 0.10699991
v -0.05034414 -0.04594849 0.10699991
v -0.05219523 -0.04443418 0.10700010
v -0.05226739 -0.04436863 0.10700010
v -0.05497254 -0.04191143 0.10700001
v -0.06004597 -0.03642468 0.10700001
v -0.05949227 -0.03709162 0.10700001
v -0.05504928 -0.03452620 0.12263151
v -0.05842467 -0.03837757 0.10700001
v -0.05172001 -0.03857030 0.12261291
v -0.05632703 -0.04056255 0.10700001
v -0.05543772 -0.04148889 0.10699991
v -0.06114977 -0.03509514 0.10700001
v -0.05800466 -0.03019948 0.12265021
v -0.06337200 -0.03196475 0.10700001
v -0.06483007 -0.02967079 0.10700001
v -0.06360630 -0.03163470 0.10700010
v -0.06347970 -0.03181304 0.10700001
v -0.06677945 -0.02606982 0.10700010
v -0.06618611 -0.02716585 0.10700001
v -0.06054911 -0.02561761 0.12266910
v -0.06853749 -0.02212394 0.10699991
v -0.06684352 -0.02595142 0.10700010
v -0.06930669 -0.01994037 0.10700001
v -0.06995143 -0.01810491 0.10700001
v -0.06854805 -0.02210008 0.10699991
v -0.06180355 -0.02219542 0.12314831
v -0.05733822 -0.02477348 0.13031650
v -0.05497078 -0.02928444 0.13039150
v -0.05728058 -0.02480676 0.13039760
v -0.00291652 -0.05941436 0.12569160
v -0.00251140 -0.05943932 0.12557071
v -0.00000000 -0.05900009 0.13800001
v -0.00235651 -0.05944914 0.12548730
v -0.00207358 -0.05946708 0.12533510
v -0.00194940 -0.05947533 0.12524010
v -0.00194328 -0.05947577 0.12523360
v -0.00165858 -0.05949626 0.12493300
v 0.00000000 -0.05955347 0.12445781
v -0.00153098 -0.05950685 0.12473440
v -0.00145160 -0.05951531 0.12453590
v -0.00028668 -0.05956318 0.12393941
v -0.00165619 -0.05949646 0.12492921
v -0.00002553 -0.05955434 0.12441160
v -0.00049991 -0.05959749 0.12240330
v -0.00052976 -0.05959197 0.12261471
v -0.00144391 -0.05956529 0.12267871
v -0.00053199 -0.05959156 0.12263051
v -0.00136487 -0.05956137 0.12293901
v -0.00052840 -0.05958557 0.12287980
v -0.00133851 -0.05956006 0.12302581
v -0.00051187 -0.05958341 0.12297821
v -0.00127522 -0.05954607 0.12364171
v -0.00040676 -0.05956972 0.12360431
v -0.00131802 -0.05953271 0.12408140
v -0.00035491 -0.05956689 0.12374901
v -0.00132696 -0.05952991 0.12417331
v -0.00135663 -0.05952543 0.12429831
v -0.00157354 -0.05956668 0.12243661
v -0.00158899 -0.05956685 0.12240771
v -0.00165873 -0.05956760 0.12227750
v -0.00788241 -0.05830665 0.13800001
v -0.00514296 -0.05925451 0.12579461
v -0.00479295 -0.05857844 0.13800001
v -0.00382616 -0.05935776 0.12579461
v -0.00299653 -0.05940943 0.12571551
v -0.01498084 -0.05759634 0.13024621
v -0.01426833 -0.05692794 0.13800001
v -0.01385153 -0.05815113 0.12579451
v -0.02566611 -0.05542657 0.12278200
v -0.02462798 -0.05474864 0.13027631
v -0.02507249 -0.05525006 0.12579451
v -0.02361711 -0.05573393 0.12579451
v -0.02238974 -0.05611503 0.12579451
v -0.02082935 -0.05656538 0.12579451
v -0.01985652 -0.05634664 0.13026140
v -0.01847992 -0.05717476 0.12579451
v -0.02061473 -0.05686853 0.12336520
v -0.02082935 -0.05683775 0.12312091
v -0.02591651 -0.05558553 0.12086161
v -0.02781630 -0.05516315 0.11961811
v -0.02964528 -0.05451224 0.11961811
v -0.02928024 -0.05464688 0.11961811
v -0.03035270 -0.05396973 0.12130771
v -0.02928024 -0.05417499 0.12251311
v -0.02790391 -0.05420300 0.12579451
v -0.02928024 -0.05364012 0.12579451
v -0.03108456 -0.05395436 0.11961811
v -0.03131098 -0.05386659 0.11961811
v -0.03174901 -0.05348952 0.12075641
v -0.03443148 -0.05227906 0.12075641
v -0.03487865 -0.05229593 0.11961811
v -0.03223128 -0.05230288 0.12579451
v -0.02926351 -0.05278982 0.13029101
v -0.03383563 -0.05149481 0.12579451
v -0.03372702 -0.05045883 0.13030541
v -0.03523104 -0.05149587 0.12253891
v -0.03534320 -0.05144112 0.12253911
v -0.03710869 -0.05047779 0.12254631
v -0.04197063 -0.04465940 0.13033411
v -0.04324089 -0.04530295 0.12579451
v -0.04291775 -0.04556901 0.12579451
v -0.04217237 -0.04615591 0.12579451
v -0.03942855 -0.04815023 0.12579451
v -0.03797648 -0.04774657 0.13031980
v -0.03910231 -0.04837791 0.12575831
v -0.03851863 -0.04878527 0.12569350
v -0.03848607 -0.04880799 0.12568991
v -0.03795470 -0.04920263 0.12549531
v -0.03792324 -0.04922599 0.12548381
v -0.03755085 -0.04952719 0.12522700
v -0.03748530 -0.04958021 0.12518181
v -0.03738294 -0.04966992 0.12507991
v -0.03726985 -0.04977980 0.12492100
v -0.03712153 -0.04992390 0.12471261
v -0.03704446 -0.05001433 0.12453930
v -0.03701169 -0.05005278 0.12446570
v -0.03687765 -0.05033932 0.12364171
v -0.03692991 -0.05044886 0.12307860
v -0.03692245 -0.05020320 0.12407931
v -0.03689575 -0.05024821 0.12396371
v -0.03688138 -0.05029996 0.12379061
v -0.03696354 -0.05046434 0.12293770
v -0.03697471 -0.05046949 0.12289091
v -0.04590698 -0.04350146 0.12455941
v -0.04590698 -0.04404959 0.12312980
v -0.04356314 -0.04545963 0.12455941
v -0.04394280 -0.04565353 0.12312980
v -0.04291775 -0.04599883 0.12455941
v -0.04414336 -0.04455991 0.12579451
v -0.04568788 -0.04123751 0.13034841
v -0.04709905 -0.04187028 0.12579451
v -0.04746737 -0.04182690 0.12511880
v -0.04746737 -0.04153511 0.12579451
v -0.04911326 -0.03752056 0.13036271
v -0.04746737 -0.04204708 0.12456180
v -0.03799483 -0.04488554 0.13800001
v -0.04379845 -0.03926184 0.13800001
v -0.03954828 -0.04338024 0.13800001
v -0.04256020 -0.04046170 0.13800001
v -0.04303304 -0.04000352 0.13800001
v -0.05221859 -0.03352972 0.13037701
v -0.04908242 -0.03242611 0.13800001
v -0.05161579 -0.02827587 0.13800001
v -0.04613572 -0.03628277 0.13800001
v -0.04766018 -0.03433972 0.13800001
v -0.04880510 -0.03288041 0.13800001
v -0.01887184 -0.05553100 0.13800001
v -0.01635550 -0.05646197 0.13800001
v -0.01562398 -0.05662528 0.13800001
v -0.02238974 -0.05646897 0.12248751
v -0.02361711 -0.05611676 0.12249211
v -0.02416805 -0.05357155 0.13800001
v -0.03142820 -0.04968382 0.13800001
v -0.03016094 -0.05036242 0.13800001
v -0.02770439 -0.05167788 0.13800001
v -0.03192094 -0.04932378 0.13800001
v -0.03583049 -0.04646703 0.13800001
v -0.03669197 -0.04583754 0.13800001
v -0.05015631 -0.02708022 0.14000001
v -0.05180295 -0.02796927 0.13800001
v -0.05161579 -0.02827587 0.13800001
v -0.04807683 -0.03062072 0.14000001
v -0.00479295 -0.05857844 0.13800001
v -0.00000000 -0.05900009 0.13800001
v -0.04908242 -0.03242611 0.13800001
v -0.04880510 -0.03288041 0.13800001
v -0.04628147 -0.03321556 0.14000001
v -0.04766018 -0.03433972 0.13800001
v -0.04560472 -0.03419367 0.14000001
v -0.04613572 -0.03628277 0.13800001
v -0.04286065 -0.03757602 0.14000001
v -0.04379845 -0.03926184 0.13800001
v -0.04303304 -0.04000352 0.13800001
v -0.04136507 -0.03915522 0.14000001
v -0.04256020 -0.04046170 0.13800001
v -0.03984676 -0.04075840 0.14000001
v -0.03954828 -0.04338024 0.13800001
v -0.03855562 -0.04198173 0.14000001
v -0.03799483 -0.04488554 0.13800001
v -0.03571111 -0.04440060 0.14000001
v -0.03669197 -0.04583754 0.13800001
v -0.03524274 -0.04479888 0.14000001
v -0.03583049 -0.04646703 0.13800001
v -0.03172853 -0.04735308 0.14000001
v -0.00435187 -0.05683346 0.14000001
v -0.00565711 -0.05671842 0.14000001
v -0.00788241 -0.05830665 0.13800001
v -0.00769256 -0.05643595 0.14000001
v -0.00822957 -0.05827611 0.13800001
v -0.01000773 -0.05611467 0.14000001
v -0.02309354 -0.05396909 0.13800001
v -0.01887184 -0.05553100 0.13800001
v -0.01842579 -0.05393964 0.14000001
v -0.01635550 -0.05646197 0.13800001
v -0.01524703 -0.05489196 0.14000001
v -0.01562398 -0.05662528 0.13800001
v -0.01426556 -0.05518599 0.14000001
v -0.01426833 -0.05692794 0.13800001
v -0.00956160 -0.05797873 0.13800001
v -0.02248192 -0.05237913 0.14000001
v -0.02253302 -0.05235625 0.14000001
v -0.02340071 -0.05385545 0.13800001
v -0.02411096 -0.05164941 0.14000001
v -0.03192094 -0.04932378 0.13800001
v -0.03142820 -0.04968382 0.13800001
v -0.02937784 -0.04880093 0.14000001
v -0.03016094 -0.05036242 0.13800001
v -0.02801740 -0.04963885 0.14000001
v -0.02770439 -0.05167788 0.13800001
v -0.02416805 -0.05357155 0.13800001
v 0.03596331 -0.04522662 0.10500000
v 0.03304463 -0.04481083 0.10500000
v 0.03716778 -0.04419176 0.10500000
v 0.03751524 -0.04114080 0.10500000
v 0.04375243 -0.03443376 0.10500000
v 0.04640149 -0.03443376 0.10500000
v 0.04158097 -0.03702676 0.10500000
v 0.04365693 -0.03785263 0.10500000
v 0.04241655 -0.03923748 0.10500000
v 0.04207056 -0.03958396 0.10500000
v 0.03929083 -0.04236764 0.10500000
v -0.06742894 -0.01625250 0.10500000
v -0.06625486 -0.01975180 0.10500000
v -0.06683993 -0.02114122 0.10500000
v 0.01334286 -0.05619915 0.10500000
v 0.00968690 -0.05696435 0.10500000
v 0.00799131 -0.05544813 0.10499971
v -0.04234278 -0.04902544 0.10500000
v -0.04033218 -0.04862978 0.10500000
v -0.03866169 -0.05090516 0.10500000
v -0.03960116 -0.04904183 0.10500000
v -0.03836617 -0.05102745 0.10500000
v 0.00743384 -0.05555511 0.10499971
v 0.00671451 -0.05735452 0.10500000
v 0.00398610 -0.05590985 0.10499981
v 0.00534928 -0.05753372 0.10500000
v 0.00307248 -0.05600386 0.10499981
v -0.06791532 -0.01802018 0.10500000
v -0.06820542 -0.01717821 0.10500000
v -0.06760353 -0.01555533 0.10500000
v -0.06840095 -0.01237118 0.10500000
v -0.03775825 -0.04987474 0.10500000
v -0.03648453 -0.05045040 0.10500000
v -0.03474427 -0.05252618 0.10500000
v -0.03267499 -0.05182032 0.10500000
v -0.00494843 -0.05594506 0.10500000
v 0.00000000 -0.05609117 0.10500091
v 0.00000000 -0.05778219 0.10500000
v 0.01161264 -0.05475329 0.10499961
v 0.01208298 -0.05462196 0.10499950
v 0.01398009 -0.05606577 0.10500000
v 0.01430595 -0.05400126 0.10499881
v 0.01822265 -0.05483342 0.10500000
v -0.05415229 -0.04003355 0.10500000
v -0.05322127 -0.03905456 0.10500000
v -0.05220800 -0.03994778 0.10500000
v 0.01568914 -0.05361504 0.10499840
v 0.01634321 -0.05337660 0.10499860
v 0.01900466 -0.05456726 0.10500000
v 0.01974659 -0.05213594 0.10499950
v 0.02424255 -0.05012324 0.10500000
v 0.02595797 -0.05158626 0.10500000
v 0.02083662 -0.05164797 0.10499961
v 0.02309103 -0.05296778 0.10500000
v 0.01978455 -0.05426200 0.10500000
v 0.03243743 -0.04781815 0.10500000
v 0.03178549 -0.04822524 0.10500000
v 0.02821741 -0.04799726 0.10500000
v 0.02872334 -0.05013732 0.10500000
v 0.02704380 -0.05106303 0.10500000
v -0.07061216 -0.00010000 0.10500000
v -0.06961216 -0.00010000 0.10500000
v -0.07056044 -0.00266376 0.10500000
v -0.06947838 -0.00429433 0.10500000
v -0.07053546 -0.00304265 0.10500000
v -0.07033580 -0.00606916 0.10500000
v -0.06604966 -0.02022940 0.10500000
v -0.06569677 -0.02105067 0.10500000
v -0.06556245 -0.02406130 0.10500000
v -0.06462461 -0.02354596 0.10500000
v -0.06516649 -0.02496640 0.10500000
v -0.06406308 -0.02459761 0.10500000
v -0.06317472 -0.02865985 0.10500000
v -0.06266748 -0.02721129 0.10500000
v -0.06248404 -0.02977562 0.10500000
v -0.06176727 -0.02861162 0.10500000
v -0.06214818 -0.03031820 0.10500000
v -0.06039632 -0.03074422 0.10500000
v -0.05974964 -0.03373312 0.10500000
v -0.05096718 -0.04293177 0.10500000
v -0.04765539 -0.04373525 0.10500000
v -0.04632010 -0.04475833 0.10500000
v -0.04588167 -0.04682176 0.10500000
v -0.04564654 -0.04527440 0.10500000
v -0.04410201 -0.04792996 0.10500000
v -0.04255101 -0.04737911 0.10500000
v -0.04156308 -0.04793597 0.10500000
v 0.00097702 -0.05777391 0.10500000
v -0.06926369 -0.01307600 0.10500000
v -0.06948021 -0.01195465 0.10500000
v -0.06870034 -0.01061196 0.10500000
v -0.06975245 -0.01054458 0.10500000
v -0.06907933 -0.00838497 0.10500000
v -0.06994935 -0.00904013 0.10500000
v -0.07033336 -0.00610595 0.10500000
v -0.05407160 -0.03817949 0.10500000
v -0.05431170 -0.03986684 0.10500000
v -0.05602420 -0.03617009 0.10500000
v -0.05708205 -0.03696963 0.10500000
v -0.05643175 -0.03575069 0.10500000
v -0.05942951 -0.03201708 0.10500000
v -0.05927385 -0.03222202 0.10500000
v -0.05867343 -0.03503886 0.10500000
v -0.05784781 -0.03409948 0.10500000
v -0.05670767 -0.03542894 0.10500000
v -0.05146744 -0.04060060 0.10500000
v -0.04961267 -0.04223562 0.10500000
v -0.04943951 -0.04419079 0.10500000
v -0.04940195 -0.04422175 0.10500000
v -0.01186404 -0.05553116 0.10500000
v -0.01485360 -0.05691793 0.10500000
v -0.01824660 -0.05486984 0.10500000
v -0.01955000 -0.05629992 0.10500000
v -0.02064750 -0.05449925 0.10500000
v -0.01978816 -0.05626858 0.10500000
v -0.02349752 -0.05405936 0.10500000
v -0.02454313 -0.05541010 0.10500000
v -0.02650597 -0.05341503 0.10500000
v -0.02596773 -0.05507031 0.10500000
v -0.02867084 -0.05295139 0.10500000
v -0.02911573 -0.05431945 0.10500000
v -0.03228202 -0.05193132 0.10500000
v -0.03226802 -0.05335059 0.10500000
v -0.03350242 -0.05297119 0.10500000
v -0.00626310 -0.05759043 0.10500000
v -0.00653746 -0.05757377 0.10500000
v -0.00940127 -0.05567856 0.10500000
v -0.00974164 -0.05737916 0.10500000
v -0.01305873 -0.05707987 0.10500000
v 0.04657318 -0.03420115 0.10499460
v 0.04455171 -0.03339707 0.10486970
v 0.04470664 -0.03319612 0.10484440
v 0.04714413 -0.03340268 0.10485811
v 0.04688727 -0.03376918 0.10495560
v 0.04521024 -0.03252194 0.10461381
v 0.04526775 -0.03244495 0.10458741
v 0.04726855 -0.03322514 0.10481090
v 0.04529840 -0.03240291 0.10456280
v 0.04774312 -0.03254801 0.10463080
v 0.04843107 -0.03151049 0.10402080
v 0.04807591 -0.03205011 0.10436441
v 0.04595561 -0.03150160 0.10403380
v 0.04791801 -0.03229002 0.10451710
v 0.04784287 -0.03240085 0.10456601
v 0.04603088 -0.03139837 0.10397320
v 0.04634499 -0.03096153 0.10359771
v 0.04860410 -0.03124758 0.10385341
v 0.04650461 -0.03073967 0.10332780
v 0.04877936 -0.03097230 0.10359550
v 0.04696340 -0.03010363 0.10250000
v 0.04932093 -0.03010363 0.10250000
v 0.04687014 -0.03023162 0.10270961
v 0.04893389 -0.03072777 0.10333841
v 0.04889099 -0.03079695 0.10343130
v 0.05135326 -0.02648821 0.09623793
v 0.04855905 -0.02776599 0.09845109
v 0.04955197 -0.02631133 0.09593155
v 0.05168811 -0.02579858 0.09504345
v 0.05257372 -0.02397470 0.09188440
v 0.05084919 -0.02412080 0.09213745
v 0.05163843 -0.02278805 0.08982904
v 0.05365598 -0.02144338 0.08750000
v 0.05192784 -0.02229934 0.08898257
v 0.05239201 -0.02144338 0.08750000
v 0.05423411 -0.01993638 0.08587327
v 0.05419230 -0.02004872 0.08595943
v 0.05305440 -0.02003517 0.08598122
v 0.05407382 -0.02036695 0.08620350
v 0.05293302 -0.02032406 0.08616716
v 0.05397829 -0.02061491 0.08647285
v 0.05275600 -0.02071161 0.08652843
v 0.05390561 -0.02080355 0.08667775
v 0.05270475 -0.02081463 0.08666521
v 0.05376622 -0.02116534 0.08707074
v 0.05436011 -0.01958267 0.08569059
v 0.05337502 -0.01927202 0.08549006
v 0.05452013 -0.01913342 0.08545855
v 0.05342423 -0.01914516 0.08543647
v 0.05354243 -0.01884042 0.08530780
v 0.05485558 -0.01815020 0.08512968
v 0.05479292 -0.01834457 0.08515400
v 0.05379064 -0.01814432 0.08514589
v 0.05477478 -0.01839797 0.08517058
v 0.05462310 -0.01884434 0.08530923
v 0.05414199 -0.01711325 0.08500000
v 0.05518984 -0.01711325 0.08500000
v 0.05404269 -0.01741851 0.08501594
v 0.05397261 -0.01763398 0.08502720
v 0.05632884 -0.01287805 0.08500000
v 0.05555989 -0.01171821 0.08500000
v 0.05643562 -0.01240175 0.08500000
v 0.05767634 -0.00339609 0.08500000
v 0.05727994 -0.00760204 0.08500000
v 0.05647579 -0.00589089 0.08500000
v 0.05721368 -0.00808559 0.08500000
v 0.05681024 -0.01032364 0.08500000
v 0.05555989 0.01171821 0.08500000
v 0.05632884 0.01287805 0.08500000
v 0.05727994 0.00760204 0.08500000
v 0.05767634 0.00339609 0.08500000
v 0.05647579 0.00589089 0.08500000
v 0.05769163 0.00323386 0.08500000
v 0.05678219 0.00000000 0.08500000
v 0.05778219 0.00000000 0.08500000
v 0.05769163 -0.00323386 0.08500000
v 0.05643562 0.01240175 0.08500000
v 0.05681024 0.01032364 0.08500000
v 0.05721368 0.00808559 0.08500000
v -0.05365199 -0.02487016 0.13798331
v -0.05166217 -0.02408349 0.14000001
v -0.05408834 -0.02413880 0.13797941
v -0.05277223 -0.02150699 0.14000001
v -0.05553096 -0.02208788 0.13788001
v -0.05298920 -0.02100340 0.14000001
v -0.05574652 -0.02178142 0.13786510
v -0.05383124 -0.01861658 0.14000001
v -0.05581652 -0.02168191 0.13786031
v -0.05681205 -0.02044073 0.13772611
v -0.05434347 -0.01716462 0.14000001
v -0.05802248 -0.01912923 0.13747480
v -0.05774650 -0.01942826 0.13753211
v -0.05948516 -0.01783386 0.13703060
v -0.05918595 -0.01809404 0.13712380
v -0.05443844 -0.01689543 0.14000001
v -0.05898940 -0.01826495 0.13718500
v -0.05813219 -0.01901036 0.13745200
v -0.05516785 0.01678894 0.13707601
v -0.05508043 0.01683941 0.13763750
v -0.05918450 0.01446992 0.13571450
v -0.06521218 0.01098984 0.11515030
v -0.06346717 0.01199732 0.11668811
v -0.06704679 0.00993063 0.11896791
v -0.06708057 0.00991113 0.13106400
v -0.06704679 0.00993063 0.13103211
v -0.06702127 0.00994536 0.13099331
v -0.06700539 0.00995453 0.13094971
v -0.06199536 0.01284708 0.11829400
v -0.06700539 0.00995453 0.11905031
v -0.06702127 0.00994536 0.11900661
v -0.05580846 0.01641909 0.13351380
v -0.05657210 0.01597819 0.13017760
v -0.06721163 0.00983546 0.13110320
v -0.06716527 0.00986223 0.13110061
v -0.06712078 0.00988791 0.13108721
v -0.06700000 0.00995765 0.13090360
v -0.06700000 0.00995765 0.11909640
v -0.06700135 0.00995686 0.11907320
v -0.06708057 0.00991113 0.11893600
v -0.06712078 0.00988791 0.11891281
v -0.06738266 0.00973672 0.11355450
v -0.06716527 0.00986223 0.11889950
v -0.06721163 0.00983546 0.11889670
v -0.06725737 0.00980906 0.11890481
v -0.07109112 0.00759564 0.11115870
v -0.06730001 0.00978444 0.11892321
v -0.06981607 0.00833180 0.13027601
v -0.06730001 0.00978444 0.13107680
v -0.06725737 0.00980906 0.13109521
v -0.07135234 0.00744482 0.12126281
v -0.07138396 0.00742657 0.12020431
v -0.07134909 0.00744670 0.11550220
v -0.07123207 0.00751426 0.11315741
v -0.06028885 0.01383233 0.12072261
v -0.05923518 0.01444066 0.12266581
v -0.06700135 0.00995686 0.13092681
v -0.05828675 0.01498824 0.12482071
v -0.05746938 0.01546015 0.12708841
v -0.06145586 0.01315855 0.11898360
v -0.05920349 -0.01445896 0.13570541
v -0.05508043 -0.01683941 0.13763750
v -0.05520506 -0.01676746 0.13684341
v -0.06712078 -0.00988791 0.11891281
v -0.06708057 -0.00991113 0.11893600
v -0.06546302 -0.01084503 0.11495190
v -0.06372221 -0.01185008 0.11644281
v -0.07083078 -0.00774408 0.11900001
v -0.06704679 -0.00993063 0.13103211
v -0.06708057 -0.00991113 0.13106400
v -0.06712078 -0.00988791 0.13108721
v -0.06716527 -0.00986223 0.13110061
v -0.05590210 -0.01636502 0.13305950
v -0.06700135 -0.00995686 0.13092681
v -0.06700539 -0.00995453 0.13094971
v -0.06702127 -0.00994536 0.13099331
v -0.06730001 -0.00978444 0.13107680
v -0.06725737 -0.00980906 0.13109521
v -0.06700135 -0.00995686 0.11907320
v -0.05674306 -0.01587949 0.12952981
v -0.06716527 -0.00986223 0.11889950
v -0.06638201 -0.01031445 0.11425960
v -0.06721163 -0.00983546 0.11889670
v -0.06838993 -0.00915517 0.11288021
v -0.06725737 -0.00980906 0.11890481
v -0.06838993 -0.00915517 0.11486011
v -0.06730001 -0.00978444 0.11892321
v -0.06838993 -0.00915517 0.11900001
v -0.07001712 -0.00821448 0.11900001
v -0.06700000 -0.00995765 0.11909640
v -0.06700000 -0.00995765 0.13090360
v -0.06721163 -0.00983546 0.13110320
v -0.06986103 -0.00830583 0.13025301
v -0.05754207 -0.01541818 0.12686821
v -0.05842618 -0.01490774 0.12447510
v -0.05941518 -0.01433674 0.12230381
v -0.06704679 -0.00993063 0.11896791
v -0.06702127 -0.00994536 0.11900661
v -0.06225355 -0.01269800 0.11798520
v -0.06700539 -0.00995453 0.11905031
v -0.06096095 -0.01344429 0.11967580
v -0.06051561 -0.01370141 0.12035451
v -0.07108905 -0.00752939 0.12961831
v -0.07164077 -0.00610000 0.12937971
v -0.07068763 -0.00782859 0.12983010
v -0.06986103 -0.00830583 0.13025301
v -0.07110881 -0.00751465 0.12960781
v -0.07124975 -0.00736779 0.12953571
v -0.07140850 -0.00714072 0.12945771
v -0.07150951 -0.00699625 0.12940801
v -0.07159053 -0.00683082 0.12937061
v -0.07163182 -0.00670050 0.12935381
v -0.07171292 -0.00644467 0.12932081
v -0.07174485 -0.00622572 0.12931360
v -0.07175563 -0.00610000 0.12931360
v -0.07189994 -0.00010000 0.12937971
v -0.05550039 -0.00010000 0.13884791
v -0.05534021 -0.00423435 0.13884711
v -0.05506940 -0.00660666 0.13884571
v -0.05485843 -0.00845472 0.13884470
v -0.05920349 -0.01445896 0.13570541
v -0.05435356 -0.01127130 0.13884251
v -0.05388839 -0.01316080 0.13884070
v -0.05201269 -0.01943178 0.13883431
v -0.05233008 -0.01905952 0.13873681
v -0.05333261 -0.01541836 0.13883860
v -0.05286565 -0.01855298 0.13854101
v -0.05363360 -0.01782663 0.13826011
v -0.05390387 -0.01764222 0.13814381
v -0.05508043 -0.01683941 0.13763750
v -0.06866986 -0.00010000 0.10800001
v -0.06996068 -0.00010000 0.10800001
v -0.06993375 -0.00192216 0.10800001
v -0.06852491 -0.00455447 0.10800001
v -0.06885810 -0.00999180 0.10800001
v -0.06877549 -0.01007207 0.10800001
v -0.06803331 -0.00929791 0.10800001
v -0.06826480 -0.01056818 0.10800001
v -0.06775013 -0.01106819 0.10800001
v -0.06980664 -0.00455571 0.10800001
v -0.06974817 -0.00516940 0.10800001
v -0.06962909 -0.00641941 0.10800001
v -0.06958535 -0.00687871 0.10800001
v -0.06943523 -0.00760955 0.10800001
v -0.06921660 -0.00867396 0.10800001
v -0.07183857 -0.00610000 0.12845641
v -0.07175563 -0.00610000 0.12931360
v -0.07006673 -0.00873717 0.10848001
v -0.06885810 -0.00999180 0.10800001
v -0.06921660 -0.00867396 0.10800001
v -0.07056980 -0.00826796 0.10863111
v -0.06943523 -0.00760955 0.10800001
v -0.07061129 -0.00822035 0.10864310
v -0.07146978 -0.00723551 0.10889100
v -0.07118306 -0.00756442 0.10880820
v -0.06958535 -0.00687871 0.10800001
v -0.07096104 -0.00781912 0.10874411
v -0.07093827 -0.00784523 0.10873751
v -0.06962909 -0.00641941 0.10800001
v -0.07163382 -0.00698729 0.10893911
v -0.07150969 -0.00718970 0.10890261
v -0.07190300 -0.00619162 0.10900880
v -0.07189492 -0.00627265 0.10900841
v -0.07184990 -0.00646098 0.10899801
v -0.07180255 -0.00665905 0.10898700
v -0.07177175 -0.00673390 0.10897870
v -0.07173622 -0.00682024 0.10896921
v -0.07172142 -0.00684438 0.10896480
v -0.07191082 -0.00610000 0.10900870
v -0.07164077 -0.00610000 0.10888640
v -0.07168445 -0.00553532 0.10888591
v -0.06974817 -0.00516940 0.10800001
v -0.07172670 -0.00498911 0.10888540
v -0.06980664 -0.00455571 0.10800001
v -0.07189994 -0.00010000 0.10888391
v -0.06993375 -0.00192216 0.10800001
v -0.06996068 -0.00010000 0.10800001
v -0.07207405 0.00676363 0.12022911
v -0.07202958 0.00678933 0.12162450
v -0.07223590 0.00635400 0.12164300
v -0.07161631 0.00722537 0.11312330
v -0.07145378 0.00731930 0.11085490
v -0.07115905 0.00755328 0.11088940
v -0.07200000 0.00646736 0.12562591
v -0.07200000 0.00629494 0.12627190
v -0.07218389 0.00596833 0.12389611
v -0.07200000 0.00614079 0.12659370
v -0.07200000 0.00648927 0.12547220
v -0.07196148 0.00688958 0.12163491
v -0.07196559 0.00688380 0.12164001
v -0.07198199 0.00685930 0.12167121
v -0.07198627 0.00685291 0.12167940
v -0.07199527 0.00683859 0.12170891
v -0.07199556 0.00683809 0.12171071
v -0.07199861 0.00683285 0.12172870
v -0.07200000 0.00682986 0.12175220
v -0.07200000 0.00680390 0.12215271
v -0.07200000 0.00667169 0.12419281
v -0.07176924 0.00713701 0.12021711
v -0.07172985 0.00715962 0.12148080
v -0.07184973 0.00703278 0.12155001
v -0.07190000 0.00697203 0.12157901
v -0.07193274 0.00692893 0.12160490
v -0.07194567 0.00691190 0.12161520
v -0.07194834 0.00690815 0.12161851
v -0.07172779 0.00716180 0.12147960
v -0.07196675 0.00649055 0.11077521
v -0.07196215 0.00651322 0.11077661
v -0.07212603 0.00641780 0.11306301
v -0.07177662 0.00690552 0.11080971
v -0.07192018 0.00685266 0.11309121
v -0.07175685 0.00694734 0.11081331
v -0.07149759 0.00726552 0.11084891
v -0.07224508 0.00634869 0.11544551
v -0.07173413 0.00715730 0.11548180
v -0.07234542 0.00587409 0.11598791
v -0.07228061 0.00632811 0.12023971
v -0.07203869 0.00678407 0.11546251
v -0.07119696 0.00752626 0.11068210
v -0.07122499 0.00749610 0.11052270
v -0.07161402 0.00702245 0.10893341
v -0.07154660 0.00714084 0.10891391
v -0.07150969 0.00718970 0.10890261
v -0.07149884 0.00720137 0.10896431
v -0.07140954 0.00729748 0.10947240
v -0.07138904 0.00731954 0.10958911
v -0.07133728 0.00737524 0.10988360
v -0.07181411 0.00662133 0.10898990
v -0.07176182 0.00676294 0.10897620
v -0.07172193 0.00683296 0.10896460
v -0.07190300 0.00619162 0.10900880
v -0.07182606 0.00658899 0.10899311
v -0.07209993 0.00010000 0.13128200
v -0.07209993 0.00010000 0.12842551
v -0.07201438 0.00010000 0.12931360
v -0.05531093 0.00010000 0.13898960
v -0.05529435 0.00010000 0.13900710
v -0.05699991 0.00010000 0.14000001
v -0.05524191 0.00010000 0.13906231
v -0.05513893 0.00010000 0.13921570
v -0.05550039 0.00010000 0.13884791
v -0.05511004 0.00010000 0.13925870
v -0.05506895 0.00010000 0.13935001
v -0.05504170 0.00010000 0.13945531
v -0.05500940 0.00010000 0.13958001
v -0.05500038 0.00010000 0.13971171
v -0.05499991 0.00010000 0.14000001
v -0.06842694 0.00010000 0.10796590
v -0.06961216 0.00010000 0.10500000
v -0.06824144 0.00010000 0.10790361
v -0.06819684 0.00010000 0.10787961
v -0.07209993 0.00010000 0.10897510
v -0.07209993 0.00010000 0.10567811
v -0.06996068 0.00010000 0.10800001
v -0.07061216 0.00010000 0.10500000
v -0.06866986 0.00010000 0.10800001
v -0.06804528 0.00010000 0.10621911
v -0.06787929 0.00010000 0.10638761
v -0.06787384 0.00010000 0.10639551
v -0.06768760 0.00010000 0.10684511
v -0.06766999 0.00010000 0.10701571
v -0.06789891 0.00010000 0.10763691
v -0.06796649 0.00010000 0.10771081
v -0.06815317 0.00010000 0.10785621
v -0.06846569 0.00010000 0.10797890
v -0.06856466 0.00010000 0.10799450
v -0.06782199 0.00010000 0.10646981
v -0.06775561 0.00010000 0.10661071
v -0.06772116 0.00010000 0.10668380
v -0.06769429 0.00010000 0.10678041
v -0.06767659 0.00010000 0.10711570
v -0.06772792 0.00010000 0.10733050
v -0.06773156 0.00010000 0.10734581
v -0.06777085 0.00010000 0.10743790
v -0.06784146 0.00010000 0.10754760
v -0.07185820 -0.00590000 0.10897710
v -0.07185820 -0.00590000 0.10568171
v -0.07193357 -0.00489621 0.10897631
v -0.07193360 -0.00489566 0.10568030
v -0.07210000 0.00000000 0.10897510
v -0.07210000 0.00000000 0.10567811
v -0.07209993 0.00010000 0.10897510
v -0.07209993 0.00010000 0.10567811
v -0.07296741 -0.00590000 0.10618420
v -0.07185820 -0.00590000 0.10568171
v -0.07185820 -0.00590000 0.10897710
v -0.07476758 -0.00590000 0.10700001
v -0.07192749 -0.00590000 0.10900850
v -0.07527262 -0.00590000 0.11362990
v -0.07211950 -0.00590000 0.11182151
v -0.07529341 -0.00590000 0.11450110
v -0.07230085 -0.00590000 0.11447811
v -0.07232365 -0.00590000 0.11547150
v -0.07540107 -0.00590000 0.11900811
v -0.07239267 -0.00590000 0.11847800
v -0.07538292 -0.00590000 0.12028131
v -0.07235081 -0.00590000 0.12024721
v -0.07534169 -0.00590000 0.12106730
v -0.07230076 -0.00590000 0.12236261
v -0.07507204 -0.00590000 0.12620781
v -0.07185820 -0.00590000 0.12844510
v -0.07185820 -0.00590000 0.13128200
v -0.07200000 -0.00590000 0.12836321
v -0.07476758 -0.00590000 0.12960770
v -0.07200000 -0.00590000 0.12684711
v -0.07219790 -0.00590000 0.12389641
v -0.07209993 0.00010000 0.12842551
v -0.07209993 0.00010000 0.13128200
v -0.07189210 -0.00547143 0.12842551
v -0.07185820 -0.00590000 0.13128200
v -0.07185820 -0.00590000 0.12844510
v -0.05505751 -0.00010000 0.13938080
v -0.05513925 -0.00010000 0.13921511
v -0.05699991 -0.00010000 0.14000001
v -0.05499991 -0.00010000 0.14000001
v -0.05500038 -0.00010000 0.13971171
v -0.05502891 -0.00010000 0.13947681
v -0.05503578 -0.00010000 0.13945371
v -0.05516217 -0.00010000 0.13916860
v -0.05522094 -0.00010000 0.13908750
v -0.05529859 -0.00010000 0.13901151
v -0.07189994 -0.00010000 0.12937971
v -0.07189994 -0.00010000 0.13139751
v -0.05550039 -0.00010000 0.13884791
v -0.05539066 -0.00010000 0.13892141
v -0.07164077 -0.00610000 0.13139751
v -0.07189994 -0.00010000 0.13139751
v -0.07164077 -0.00610000 0.12937971
v -0.07189994 -0.00010000 0.12937971
v -0.07164077 -0.00610000 0.10559121
v -0.07164077 -0.00610000 0.10888640
v -0.07168445 -0.00553532 0.10888591
v -0.07172674 -0.00498845 0.10558941
v -0.07172670 -0.00498911 0.10888540
v -0.07179069 -0.00318355 0.10558851
v -0.07189994 -0.00010000 0.10888391
v -0.07189994 -0.00010000 0.10558700
v -0.07164077 -0.00610000 0.13139751
v -0.07164077 -0.00610000 0.12937971
v -0.07475152 -0.00610000 0.12960770
v -0.07175563 -0.00610000 0.12931360
v -0.07194142 -0.00610000 0.12838921
v -0.07197322 -0.00610000 0.12834780
v -0.07199319 -0.00610000 0.12829951
v -0.07183857 -0.00610000 0.12845641
v -0.07190000 -0.00610000 0.12842101
v -0.07200000 -0.00610000 0.12824781
v -0.07200000 -0.00610000 0.12664751
v -0.07503791 -0.00610000 0.12643571
v -0.07205146 -0.00610000 0.12600731
v -0.07512951 -0.00610000 0.12475490
v -0.07227401 -0.00610000 0.12162700
v -0.07536242 -0.00610000 0.12048191
v -0.07536242 -0.00610000 0.12031431
v -0.07234045 -0.00610000 0.12031951
v -0.07536243 -0.00610000 0.11638290
v -0.07229216 -0.00610000 0.11543770
v -0.07525666 -0.00610000 0.11362990
v -0.07205227 -0.00610000 0.11075020
v -0.07513257 -0.00610000 0.11200120
v -0.07218631 -0.00610000 0.11304741
v -0.07228530 -0.00610000 0.11474401
v -0.07200869 -0.00610000 0.11018400
v -0.07198336 -0.00610000 0.10986980
v -0.07475152 -0.00610000 0.10700001
v -0.07191082 -0.00610000 0.10900870
v -0.07275011 -0.00610000 0.10609340
v -0.07164077 -0.00610000 0.10888640
v -0.07164077 -0.00610000 0.10559121
v -0.07189994 -0.00010000 0.10558700
v -0.07189994 -0.00010000 0.10888391
v -0.07061216 -0.00010000 0.10500000
v -0.06996068 -0.00010000 0.10800001
v -0.06961216 -0.00010000 0.10500000
v -0.06804528 -0.00010000 0.10621911
v -0.06796659 -0.00010000 0.10628911
v -0.06789897 -0.00010000 0.10636300
v -0.06843494 -0.00010000 0.10797201
v -0.06842578 -0.00010000 0.10796930
v -0.06787686 -0.00010000 0.10639740
v -0.06833887 -0.00010000 0.10794361
v -0.06819903 -0.00010000 0.10787510
v -0.06812645 -0.00010000 0.10783951
v -0.06804518 -0.00010000 0.10778090
v -0.06799951 -0.00010000 0.10773450
v -0.06768088 -0.00010000 0.10708980
v -0.06777092 -0.00010000 0.10656200
v -0.06775106 -0.00010000 0.10660850
v -0.06866986 -0.00010000 0.10800001
v -0.06787921 -0.00010000 0.10761230
v -0.06782193 -0.00010000 0.10753010
v -0.06772779 -0.00010000 0.10733021
v -0.06772113 -0.00010000 0.10731601
v -0.06769426 -0.00010000 0.10721950
v -0.06773159 -0.00010000 0.10665410
v -0.06766999 -0.00010000 0.10698420
v -0.06767659 -0.00010000 0.10688421
v -0.07096435 0.00785482 0.10874550
v -0.07057318 0.00823934 0.10862980
v -0.07077772 0.00796169 0.10922150
v -0.07006673 0.00873717 0.10848001
v -0.07030848 0.00837346 0.10919880
v -0.07050901 0.00807174 0.10979500
v -0.07101258 0.00780743 0.10875970
v -0.07133728 0.00737524 0.10988360
v -0.07101960 0.00780051 0.10876181
v -0.07108069 0.00774046 0.10877990
v -0.07138904 0.00731954 0.10958911
v -0.07123246 0.00754562 0.10882331
v -0.07150969 0.00718970 0.10890261
v -0.07147890 0.00722924 0.10889380
v -0.07149884 0.00720137 0.10896431
v -0.07140954 0.00729748 0.10947240
v -0.07119696 0.00752626 0.11068210
v -0.07122499 0.00749610 0.11052270
v -0.06575338 0.01668505 0.10625241
v -0.06575251 0.01670666 0.10624781
v -0.06340126 0.01759955 0.10812130
v -0.05162034 0.02000218 0.13901101
v -0.05193862 0.01953947 0.13886771
v -0.05223538 0.01940111 0.13637121
v -0.05201269 0.01943178 0.13883431
v -0.05259968 0.01876910 0.13864730
v -0.05152070 0.02051153 0.13615610
v -0.05122871 0.02057153 0.13918720
v -0.05118014 0.02064213 0.13920911
v -0.05053220 0.02179664 0.13961111
v -0.05053959 0.02178073 0.13960531
v -0.05096080 0.02171035 0.13595740
v -0.05086075 0.02116267 0.13938210
v -0.05098018 0.02093283 0.13929911
v -0.06577581 0.01470489 0.10701861
v -0.06586663 0.01533532 0.10662070
v -0.06319369 0.01583228 0.10913660
v -0.06581150 0.01599252 0.10644140
v -0.06602063 0.01461555 0.10687651
v -0.06601763 0.01462880 0.10687170
v -0.06587239 0.01526687 0.10663940
v -0.06673893 0.01252784 0.10763901
v -0.06668255 0.01263076 0.10760351
v -0.06573037 0.01302662 0.10836741
v -0.06658454 0.01280974 0.10754191
v -0.06645726 0.01304215 0.10746200
v -0.06633985 0.01335185 0.10734170
v -0.06626084 0.01356027 0.10726081
v -0.06616587 0.01397747 0.10710891
v -0.06877549 0.01007207 0.10800001
v -0.06775013 0.01106819 0.10800001
v -0.06599346 0.01159741 0.10995671
v -0.06744155 0.01143509 0.10794710
v -0.06719841 0.01172418 0.10790551
v -0.06711333 0.01184414 0.10787430
v -0.06685850 0.01230946 0.10771411
v -0.06655287 0.01048356 0.11171290
v -0.06885810 0.00999180 0.10800001
v -0.05362254 0.01783550 0.13826461
v -0.05390452 0.01764284 0.13814330
v -0.05407543 0.01752300 0.13683541
v -0.05284984 0.01854077 0.13855370
v -0.05309208 0.01839895 0.13659901
v -0.06274439 0.01782490 0.10875040
v -0.06097828 0.01673130 0.11134951
v -0.06102190 0.01841584 0.11039981
v -0.06032258 0.01864337 0.11123281
v -0.05907285 0.01747958 0.11371020
v -0.05945362 0.01892609 0.11226790
v -0.05895910 0.01908698 0.11285701
v -0.05821306 0.01932960 0.11389831
v -0.05838364 0.01775078 0.11470681
v -0.05665058 0.01984675 0.11643541
v -0.05693458 0.01832904 0.11713491
v -0.05652201 0.01989057 0.11669340
v -0.05569088 0.01883698 0.11969700
v -0.05532065 0.02030011 0.11910400
v -0.05419548 0.02069032 0.12188850
v -0.05462887 0.01927744 0.12238460
v -0.05401340 0.02075311 0.12244140
v -0.05375705 0.01963945 0.12508440
v -0.05327957 0.02100620 0.12466990
v -0.05295624 0.02111347 0.12590121
v -0.05284537 0.02001129 0.12861761
v -0.05232904 0.02132156 0.12828971
v -0.05198206 0.02142686 0.12999970
v -0.05210818 0.02029888 0.13230871
v -0.05156570 0.02155322 0.13205170
v -0.05281890 0.01913698 0.13258901
v -0.05354416 0.01879776 0.12897811
v -0.05443210 0.01837432 0.12554420
v -0.05527265 0.01797079 0.12293980
v -0.05628579 0.01748597 0.12036811
v -0.05745864 0.01693097 0.11793751
v -0.05881055 0.01630114 0.11565120
v -0.05944998 0.01600608 0.11471570
v -0.06121484 0.01519365 0.11249891
v -0.06328068 0.01422525 0.11040420
v -0.05368412 0.01808998 0.13288711
v -0.05441082 0.01770636 0.12936370
v -0.05528942 0.01723949 0.12603911
v -0.05611118 0.01680211 0.12354081
v -0.05708972 0.01628260 0.12109961
v -0.05820770 0.01569271 0.11882020
v -0.05948024 0.01502672 0.11670141
v -0.06007798 0.01471548 0.11584031
v -0.06172276 0.01386044 0.11380510
v -0.06365859 0.01284590 0.11187111
v -0.05468710 0.01717814 0.13319741
v -0.05542721 0.01675991 0.12976641
v -0.05630956 0.01626070 0.12655771
v -0.05712409 0.01579981 0.12417290
v -0.05808155 0.01525853 0.12187221
v -0.05916022 0.01464984 0.11975751
v -0.06037144 0.01396798 0.11782410
v -0.06093594 0.01365068 0.11704641
v -0.06248302 0.01278154 0.11521911
v -0.06431156 0.01175213 0.11347561
v -0.05478156 -0.01921392 0.12196271
v -0.05435662 -0.02063434 0.12145241
v -0.05554191 -0.02022389 0.11861941
v -0.06838842 -0.00916712 0.11245861
v -0.05122433 -0.02056459 0.13918140
v -0.05117347 -0.02063768 0.13920380
v -0.05155395 -0.02050008 0.13590711
v -0.06832042 -0.01032282 0.10830350
v -0.06848546 -0.00984724 0.10900001
v -0.06826835 -0.01002161 0.10900001
v -0.06492853 -0.01217066 0.11078711
v -0.06877549 -0.01007207 0.10800001
v -0.06885810 -0.00999180 0.10800001
v -0.07006087 -0.00858200 0.10900001
v -0.06671794 -0.01253357 0.10764690
v -0.06680973 -0.01232736 0.10772441
v -0.06711333 -0.01184414 0.10787430
v -0.06713524 -0.01181674 0.10787931
v -0.06744276 -0.01143202 0.10794980
v -0.06764637 -0.01117732 0.10799650
v -0.06775013 -0.01106819 0.10800001
v -0.06826480 -0.01056818 0.10800001
v -0.06615887 -0.01397204 0.10710750
v -0.06626084 -0.01356027 0.10726081
v -0.06461963 -0.01357789 0.10924511
v -0.06634810 -0.01336426 0.10733451
v -0.06642160 -0.01319919 0.10739660
v -0.06659233 -0.01281567 0.10754081
v -0.06575338 -0.01668505 0.10625241
v -0.06582061 -0.01599819 0.10644831
v -0.06461190 -0.01522548 0.10792640
v -0.06588985 -0.01529047 0.10665020
v -0.06592740 -0.01490676 0.10675960
v -0.06490567 -0.01704003 0.10688981
v -0.06575251 -0.01670666 0.10624781
v -0.06599985 -0.01461419 0.10686850
v -0.06600025 -0.01461259 0.10686911
v -0.05099495 -0.02170240 0.13570501
v -0.05104261 -0.02082571 0.13926140
v -0.05091819 -0.02104198 0.13933781
v -0.05085736 -0.02116067 0.13938080
v -0.05053959 -0.02178073 0.13960531
v -0.05053220 -0.02179664 0.13961111
v -0.05201269 -0.01943178 0.13883431
v -0.05226857 -0.01938640 0.13612601
v -0.05233008 -0.01905952 0.13873681
v -0.05312595 -0.01838140 0.13635790
v -0.05286565 -0.01855298 0.13854101
v -0.05199975 -0.01945038 0.13884011
v -0.05193800 -0.01953911 0.13886721
v -0.05161806 -0.01999884 0.13900811
v -0.05363360 -0.01782663 0.13826011
v -0.05411069 -0.01750315 0.13659841
v -0.05390387 -0.01764222 0.13814381
v -0.06834733 -0.00946975 0.11047111
v -0.06552484 -0.01106646 0.11248381
v -0.06835212 -0.00943638 0.11056010
v -0.06835826 -0.00939089 0.11085781
v -0.06838782 -0.00917188 0.11229091
v -0.06350288 -0.01570238 0.10886130
v -0.06373064 -0.01748038 0.10784021
v -0.06130749 -0.01660056 0.11098980
v -0.06137729 -0.01829797 0.11002740
v -0.06274634 -0.01782234 0.10875500
v -0.05653612 -0.01988674 0.11670311
v -0.05694745 -0.01974726 0.11591021
v -0.05721073 -0.01821777 0.11663201
v -0.05754038 -0.01955037 0.11492501
v -0.05776101 -0.01799761 0.11568911
v -0.05931948 -0.01897022 0.11238630
v -0.05940554 -0.01734913 0.11325921
v -0.05943811 -0.01893147 0.11225040
v -0.06032530 -0.01864164 0.11123330
v -0.05589862 -0.01875141 0.11923080
v -0.06457270 -0.01160475 0.11325310
v -0.06275118 -0.01263080 0.11493950
v -0.06120682 -0.01349848 0.11669651
v -0.05985590 -0.01425801 0.11859871
v -0.05939432 -0.01451793 0.11935171
v -0.05826472 -0.01515507 0.12148160
v -0.05726401 -0.01572066 0.12380651
v -0.05638159 -0.01621994 0.12632741
v -0.06393307 -0.01270070 0.11162661
v -0.06200778 -0.01371191 0.11349360
v -0.06036550 -0.01456598 0.11545151
v -0.05893666 -0.01531054 0.11755430
v -0.05845236 -0.01556423 0.11837831
v -0.05727844 -0.01618272 0.12068130
v -0.05625335 -0.01672650 0.12315441
v -0.05536169 -0.01720102 0.12579901
v -0.06357133 -0.01408623 0.11014161
v -0.06152036 -0.01505219 0.11216001
v -0.05975820 -0.01586423 0.11429271
v -0.05823121 -0.01656985 0.11657451
v -0.05771731 -0.01680967 0.11746280
v -0.05648266 -0.01739226 0.11992431
v -0.05541903 -0.01790054 0.12253461
v -0.05450564 -0.01833905 0.12529500
v -0.05383299 -0.01960805 0.12482680
v -0.05198469 -0.02142573 0.13000071
v -0.05250575 -0.02126459 0.12754351
v -0.05301538 -0.01994292 0.12788761
v -0.05371048 -0.01871892 0.12826661
v -0.05457626 -0.01761862 0.12867251
v -0.05559433 -0.01666539 0.12909650
v -0.05295146 -0.02111545 0.12590430
v -0.05335907 -0.02097906 0.12440520
v -0.05402132 -0.02075021 0.12244491
v -0.05165695 -0.02152709 0.13154630
v -0.05219655 -0.02026537 0.13181180
v -0.05290622 -0.01909665 0.13210181
v -0.05377210 -0.01804374 0.13241041
v -0.05477727 -0.01712723 0.13273180
v -0.07200000 -0.00610000 0.12664751
v -0.07200000 -0.00610000 0.12824781
v -0.07200000 -0.00621244 0.12646901
v -0.07200000 -0.00964023 0.12824781
v -0.07200000 -0.00625448 0.12637620
v -0.07200000 -0.00649483 0.12538701
v -0.07200000 -0.00966358 0.12580550
v -0.07200000 -0.00655146 0.12515391
v -0.07200000 -0.00680257 0.12237170
v -0.07200000 -0.00966897 0.12336300
v -0.07200000 -0.00681012 0.12220021
v -0.07200000 -0.00966897 0.12175220
v -0.07200000 -0.00682986 0.12175220
v -0.07168474 -0.00675852 0.12854531
v -0.07160463 -0.00692623 0.12859151
v -0.07190000 -0.00986894 0.12842101
v -0.07183857 -0.00610000 0.12845641
v -0.07183184 -0.00617449 0.12846030
v -0.07190000 -0.00610000 0.12842101
v -0.07180429 -0.00636764 0.12847620
v -0.07171757 -0.00665120 0.12852631
v -0.07149044 -0.00709226 0.12865740
v -0.07134137 -0.00730901 0.12874351
v -0.07120080 -0.00745723 0.12882471
v -0.06730001 -0.00978444 0.13107680
v -0.06730001 -0.01252685 0.13107680
v -0.07076629 -0.00778318 0.12907551
v -0.07178218 -0.00993907 0.12848900
v -0.07079986 -0.00775800 0.12905611
v -0.07116857 -0.00748141 0.12884331
v -0.06700000 -0.01482340 0.11909640
v -0.06700000 -0.01386030 0.12141370
v -0.06700000 -0.00995765 0.11909640
v -0.06700000 -0.01330654 0.12364511
v -0.06700000 -0.00995765 0.13090360
v -0.06700000 -0.01313307 0.12565931
v -0.06700000 -0.01313307 0.13090360
v -0.06897496 -0.01155981 0.11989020
v -0.06868560 -0.01175650 0.11972320
v -0.06730001 -0.00978444 0.11892321
v -0.06800756 -0.01243954 0.11933171
v -0.06730001 -0.01345951 0.11892321
v -0.07190000 -0.00697203 0.12157901
v -0.07190000 -0.00987104 0.12157901
v -0.07171630 -0.00715038 0.12147301
v -0.07154097 -0.00732061 0.12137170
v -0.07135234 -0.00744482 0.12126281
v -0.07185820 -0.00590000 0.12844510
v -0.07200000 -0.00590000 0.12836321
v -0.07189210 -0.00547143 0.12842551
v -0.07200000 -0.00390558 0.12836321
v -0.07200000 -0.00390558 0.12836321
v -0.07200000 -0.00590000 0.12836321
v -0.07200000 -0.00539190 0.12730810
v -0.07200000 -0.00590000 0.12684711
v -0.06700000 0.01482340 0.11909640
v -0.06700000 0.00995765 0.11909640
v -0.06700000 0.01392131 0.12123180
v -0.06700000 0.01334711 0.12341350
v -0.06700000 0.00995765 0.13090360
v -0.06700000 0.01313307 0.13090360
v -0.06700000 0.01313307 0.12565931
v -0.07190000 0.00697203 0.12157901
v -0.07184973 0.00703278 0.12155001
v -0.07190000 0.00987104 0.12157901
v -0.07172985 0.00715962 0.12148080
v -0.06730001 0.00978444 0.11892321
v -0.06730001 0.01345951 0.11892321
v -0.06809124 0.01233909 0.11938000
v -0.06838261 0.01202427 0.11954831
v -0.06897496 0.01155982 0.11989020
v -0.07135234 0.00744482 0.12126281
v -0.07172779 0.00716180 0.12147960
v -0.07144908 0.00717350 0.12868131
v -0.07168032 0.00676889 0.12854781
v -0.07190000 0.00986894 0.12842101
v -0.07172346 0.00665251 0.12852291
v -0.07175067 0.00657913 0.12850721
v -0.07183184 0.00617449 0.12846030
v -0.07190000 0.00537233 0.12842101
v -0.07098376 0.00764052 0.12895000
v -0.07115947 0.00747405 0.12884850
v -0.07137205 0.00727264 0.12872581
v -0.07178218 0.00993907 0.12848900
v -0.06730001 0.01252685 0.13107680
v -0.06730001 0.00978444 0.13107680
v -0.07076629 0.00778318 0.12907551
v -0.07080014 0.00776201 0.12905601
v -0.07090384 0.00769712 0.12899610
v -0.07200000 0.00607570 0.12667390
v -0.07200000 0.00964023 0.12824781
v -0.07200000 0.00467456 0.12786811
v -0.07200000 0.00409992 0.12824781
v -0.07200000 0.00614079 0.12659370
v -0.07200000 0.00629494 0.12627190
v -0.07200000 0.00966358 0.12580550
v -0.07200000 0.00682986 0.12175220
v -0.07200000 0.00966897 0.12175220
v -0.07200000 0.00680390 0.12215271
v -0.07200000 0.00966897 0.12336300
v -0.07200000 0.00646736 0.12562591
v -0.07200000 0.00648927 0.12547220
v -0.07200000 0.00667169 0.12419281
v 0.05475317 -0.00499353 0.13749351
v 0.05678016 -0.00500136 0.13750141
v 0.05500032 -0.00116672 0.13500001
v 0.05700000 0.00000031 0.13500001
v 0.05500032 0.00116672 0.13500001
v 0.05475317 0.00499353 0.13749351
v 0.05678016 0.00500136 0.13750141
v -0.07191095 -0.00984894 0.12158581
v -0.07199256 -0.00968404 0.12170070
v -0.07199253 -0.00684291 0.12170070
v -0.07199483 -0.00967943 0.12170701
v -0.07199598 -0.00683740 0.12171231
v -0.07199807 -0.00683384 0.12172441
v -0.07197203 -0.00687406 0.12165291
v -0.07198146 -0.00686028 0.12166810
v -0.07198614 -0.00685311 0.12167911
v -0.07194626 -0.00691109 0.12161580
v -0.07197226 -0.00972504 0.12165281
v -0.07194085 -0.00691822 0.12161151
v -0.07195119 -0.00976761 0.12162131
v -0.07194049 -0.00978926 0.12161191
v -0.07197889 -0.00971164 0.12166281
v -0.07195568 -0.00689794 0.12162671
v -0.07191761 -0.00694884 0.12159301
v -0.07199948 -0.00964083 0.12826241
v -0.07197240 -0.00970422 0.12834731
v -0.07197883 -0.00968900 0.12833730
v -0.07197322 -0.00610000 0.12834780
v -0.07198526 -0.00967365 0.12832311
v -0.07199319 -0.00610000 0.12829951
v -0.07199232 -0.00965705 0.12829931
v -0.07199646 -0.00964732 0.12828530
v -0.07195498 -0.00974546 0.12837421
v -0.07194142 -0.00610000 0.12838921
v -0.07194136 -0.00977701 0.12838911
v -0.07194002 -0.00978009 0.12839060
v -0.07193299 0.00980439 0.12160460
v -0.07196148 0.00688958 0.12163491
v -0.07194834 0.00690815 0.12161851
v -0.07194310 0.00978398 0.12161251
v -0.07194567 0.00691190 0.12161520
v -0.07193274 0.00692893 0.12160490
v -0.07196054 0.00974871 0.12163560
v -0.07197364 0.00972227 0.12165291
v -0.07196559 0.00688380 0.12164001
v -0.07198144 0.00970648 0.12167141
v -0.07198199 0.00685930 0.12167121
v -0.07199215 0.00968482 0.12169681
v -0.07198627 0.00685291 0.12167940
v -0.07199453 0.00968005 0.12171081
v -0.07199527 0.00683859 0.12170891
v -0.07199556 0.00683809 0.12171071
v -0.07199974 0.00966951 0.12174180
v -0.07199861 0.00683285 0.12172870
v -0.07199554 0.00411013 0.12828931
v -0.07199913 0.00410006 0.12826641
v -0.07199929 0.00408476 0.12826470
v -0.07199945 0.00408526 0.12826261
v -0.07199965 0.00408665 0.12825960
v -0.07199987 0.00408995 0.12825541
v -0.07199599 0.00410503 0.12828760
v -0.07199652 0.00410019 0.12828501
v -0.07199778 0.00409021 0.12827750
v -0.07199794 0.00408917 0.12827640
v -0.07199852 0.00408615 0.12827221
v -0.07199858 0.00408585 0.12827161
v -0.07199892 0.00408485 0.12826861
v -0.07199904 0.00408468 0.12826740
v -0.07197766 0.00433697 0.12832570
v -0.07198984 0.00417450 0.12831071
v -0.07199630 0.00964764 0.12828611
v -0.07199559 0.00964930 0.12828931
v -0.07199443 0.00965194 0.12829461
v -0.07198230 0.00968076 0.12832900
v -0.07195176 0.00468210 0.12835741
v -0.07198066 0.00968464 0.12833361
v -0.07197522 0.00969766 0.12834420
v -0.07196123 0.00973069 0.12836490
v -0.07192588 0.00502729 0.12838921
v -0.07195498 0.00974546 0.12837421
v -0.07193277 0.00979607 0.12839530
v -0.07191803 0.00982966 0.12840931
v -0.06725737 0.00980906 0.11890481
v -0.06716593 0.01420431 0.11890271
v -0.06716527 0.00986223 0.11889950
v -0.06712078 0.00988791 0.11891281
v -0.06700135 0.00995686 0.11907320
v -0.06700539 0.00995453 0.11905031
v -0.06700024 0.01483940 0.11908661
v -0.06700064 0.01484806 0.11908050
v -0.06700740 0.01487648 0.11904251
v -0.06700548 0.01487373 0.11905031
v -0.06700438 0.01487215 0.11905481
v -0.06702153 0.01485759 0.11900680
v -0.06702127 0.00994536 0.11900661
v -0.06701874 0.01486487 0.11901191
v -0.06701511 0.01487139 0.11902021
v -0.06704693 0.01477721 0.11896801
v -0.06704679 0.00993063 0.11896791
v -0.06704531 0.01478379 0.11896960
v -0.06703089 0.01483319 0.11898971
v -0.06706874 0.01468863 0.11894551
v -0.06708129 0.01463024 0.11893700
v -0.06708057 0.00991113 0.11893600
v -0.06710799 0.01450591 0.11891881
v -0.06712080 0.01444218 0.11891281
v -0.06712184 0.01443702 0.11891231
v -0.06719397 0.01405629 0.11889651
v -0.06721162 0.01395908 0.11889711
v -0.06721163 0.00983546 0.11889670
v -0.06721929 0.01391676 0.11889731
v -0.06725602 0.01370873 0.11890911
v -0.06700135 0.00995686 0.13092681
v -0.06700539 0.00995453 0.13094971
v -0.06700637 0.01312023 0.13094941
v -0.06721163 0.00983546 0.13110320
v -0.06725737 0.00980906 0.13109521
v -0.06725688 0.01261398 0.13109391
v -0.06724599 0.01263599 0.13109821
v -0.06721147 0.01270576 0.13110100
v -0.06716527 0.00986223 0.13110061
v -0.06718618 0.01275687 0.13110311
v -0.06716569 0.01279826 0.13109861
v -0.06712078 0.00988791 0.13108721
v -0.06712816 0.01287410 0.13109020
v -0.06712124 0.01288809 0.13108640
v -0.06708073 0.01296994 0.13106371
v -0.06708057 0.00991113 0.13106400
v -0.06704679 0.00993063 0.13103211
v -0.06707875 0.01297395 0.13106261
v -0.06704748 0.01303713 0.13103150
v -0.06702127 0.00994536 0.13099331
v -0.06704139 0.01304946 0.13102541
v -0.06702220 0.01308820 0.13099280
v -0.06701648 0.01309979 0.13098301
v -0.06700309 0.01312687 0.13093851
v -0.06700135 -0.00995686 0.11907320
v -0.06700539 -0.00995453 0.11905031
v -0.06700573 -0.01487214 0.11905041
v -0.06725737 -0.00980906 0.11890481
v -0.06726619 -0.01365323 0.11890771
v -0.06725706 -0.01370402 0.11890651
v -0.06721163 -0.00983546 0.11889670
v -0.06721122 -0.01395902 0.11890071
v -0.06716527 -0.00986223 0.11889950
v -0.06718306 -0.01411568 0.11889711
v -0.06716529 -0.01421126 0.11889950
v -0.06712078 -0.00988791 0.11891281
v -0.06709682 -0.01456003 0.11892511
v -0.06708057 -0.00991113 0.11893600
v -0.06712192 -0.01443221 0.11891561
v -0.06716469 -0.01421441 0.11889960
v -0.06708702 -0.01460632 0.11893140
v -0.06708107 -0.01463209 0.11893661
v -0.06704679 -0.00993063 0.11896791
v -0.06705191 -0.01475846 0.11896200
v -0.06704683 -0.01477795 0.11896791
v -0.06702127 -0.00994536 0.11900661
v -0.06704523 -0.01478407 0.11896971
v -0.06702716 -0.01484416 0.11899580
v -0.06700862 -0.01487685 0.11903831
v -0.06701310 -0.01487410 0.11902521
v -0.06702150 -0.01485783 0.11900680
v -0.06702347 -0.01485400 0.11900241
v -0.06700180 -0.01486049 0.11906981
v -0.06700309 -0.01486781 0.11906141
v -0.07193518 0.00994182 0.12158890
v -0.07195024 0.00997210 0.12159311
v -0.07198484 0.00989514 0.12163441
v -0.07201704 0.00979838 0.12175220
v -0.07206700 0.00991897 0.12175220
v -0.07201693 0.00979882 0.12174480
v -0.07214645 0.01002252 0.12175220
v -0.07206697 0.00991932 0.12174580
v -0.07225000 0.01010198 0.12175220
v -0.07214643 0.01002280 0.12174480
v -0.07237059 0.01015193 0.12175220
v -0.07224990 0.01010223 0.12174180
v -0.07262941 0.01015193 0.12175220
v -0.07250000 0.01016897 0.12175220
v -0.07249955 0.01016929 0.12173091
v -0.07262873 0.01015235 0.12172361
v -0.07201379 0.00981126 0.12171161
v -0.07200447 0.00984234 0.12167501
v -0.07206604 0.00992927 0.12171621
v -0.07214537 0.01003097 0.12171020
v -0.07206087 0.00995479 0.12167981
v -0.07213927 0.01005250 0.12166730
v -0.07204503 0.00999981 0.12163460
v -0.07212014 0.01009190 0.12161320
v -0.07224655 0.01010958 0.12169411
v -0.07223468 0.01012928 0.12163801
v -0.07220576 0.01016603 0.12157141
v -0.07237034 0.01015220 0.12173710
v -0.07236280 0.01015987 0.12166891
v -0.07234108 0.01018024 0.12159401
v -0.07229695 0.01021788 0.12151160
v -0.07248636 0.01017846 0.12163640
v -0.07260900 0.01016413 0.12159861
v -0.07245167 0.01020217 0.12153801
v -0.07255949 0.01019367 0.12147361
v -0.07238835 0.01024443 0.12143731
v -0.07247464 0.01024413 0.12135280
v -0.07193299 0.00980439 0.12160460
v -0.07199871 0.01004880 0.12158581
v -0.07201079 0.01006792 0.12158401
v -0.07207180 0.01014503 0.12155550
v -0.07207856 0.01015357 0.12155231
v -0.07215000 0.01022459 0.12149961
v -0.07222146 0.01027733 0.12142850
v -0.07222821 0.01028050 0.12142000
v -0.07228923 0.01030905 0.12134291
v -0.07230131 0.01031086 0.12132380
v -0.07234978 0.01031812 0.12124711
v -0.07236483 0.01031390 0.12121680
v -0.06943922 0.01200152 0.11952781
v -0.06941664 0.01200702 0.11957241
v -0.06937567 0.01199782 0.11963421
v -0.06934539 0.01199103 0.11967981
v -0.06930272 0.01196679 0.11972951
v -0.06926603 0.01194595 0.11977221
v -0.06922496 0.01191038 0.11980781
v -0.06918389 0.01187481 0.11984340
v -0.07207856 0.01015357 0.12155231
v -0.06914718 0.01183209 0.11986420
v -0.06910451 0.01178242 0.11988840
v -0.06907424 0.01173679 0.11989521
v -0.06903326 0.01167500 0.11990441
v -0.06901068 0.01163040 0.11989891
v -0.07201348 0.00978428 0.12336300
v -0.07201844 0.00979787 0.12336300
v -0.07205320 0.00989337 0.12336300
v -0.07206911 0.00991758 0.12336300
v -0.07211698 0.00999036 0.12336300
v -0.07214862 0.01002022 0.12336300
v -0.07220143 0.01007003 0.12336300
v -0.07225170 0.01009905 0.12336300
v -0.07230197 0.01012808 0.12336300
v -0.07237150 0.01014890 0.12336300
v -0.07241318 0.01016137 0.12336300
v -0.07250016 0.01016644 0.12336300
v -0.07252907 0.01016812 0.12336300
v -0.07262915 0.01015048 0.12336300
v -0.07264341 0.01014796 0.12336300
v -0.06865277 0.01229189 0.11953711
v -0.06874872 0.01235241 0.11947420
v -0.06883686 0.01239083 0.11938711
v -0.06857068 0.01267658 0.11923591
v -0.06864616 0.01268965 0.11913170
v -0.06891125 0.01240459 0.11928171
v -0.06789588 0.01374602 0.11870991
v -0.06826124 0.01330090 0.11876880
v -0.06781821 0.01373416 0.11881061
v -0.06772307 0.01370440 0.11889030
v -0.06855545 0.01221337 0.11957161
v -0.06846334 0.01212211 0.11957541
v -0.06817874 0.01242898 0.11941131
v -0.06917962 0.01222529 0.11928740
v -0.06847986 0.01264095 0.11932071
v -0.06761664 0.01365867 0.11894401
v -0.06837979 0.01258513 0.11938061
v -0.06750589 0.01359997 0.11896801
v -0.06827713 0.01251286 0.11941141
v -0.06739798 0.01353210 0.11896100
v -0.07201406 0.00978133 0.12580610
v -0.07266259 0.01013639 0.12580791
v -0.07254666 0.01016139 0.12580800
v -0.07242810 0.01015837 0.12580800
v -0.07231359 0.01012752 0.12580781
v -0.07220958 0.01007057 0.12580761
v -0.07212188 0.00999072 0.12580710
v -0.07205548 0.00989246 0.12580661
v -0.07201485 0.00976117 0.12824961
v -0.07205852 0.00987492 0.12825121
v -0.07212841 0.00997473 0.12825271
v -0.07222036 0.01005467 0.12825391
v -0.07232894 0.01011000 0.12825471
v -0.07244767 0.01013743 0.12825510
v -0.07256951 0.01013532 0.12825510
v -0.07268721 0.01010381 0.12825460
v -0.06725602 0.01370873 0.11890911
v -0.06730513 0.01397073 0.11889531
v -0.06727201 0.01410649 0.11888540
v -0.06716593 0.01420431 0.11890271
v -0.06717164 0.01447946 0.11888581
v -0.06715165 0.01454723 0.11889130
v -0.06708129 0.01463024 0.11893700
v -0.06709423 0.01472735 0.11891961
v -0.06699420 0.01488918 0.11912971
v -0.06699286 0.01489854 0.11913441
v -0.06699206 0.01491404 0.11911811
v -0.06697782 0.01495348 0.11916231
v -0.06697163 0.01497153 0.11917141
v -0.06697087 0.01498671 0.11914811
v -0.06695118 0.01501499 0.11919340
v -0.06693695 0.01504029 0.11920621
v -0.06693721 0.01505547 0.11917580
v -0.06695555 0.01502169 0.11916221
v -0.06695592 0.01500656 0.11918911
v -0.06698307 0.01495075 0.11913331
v -0.06698398 0.01493544 0.11915310
v -0.06699823 0.01486111 0.11911551
v -0.06699781 0.01487685 0.11910251
v -0.06699794 0.01488536 0.11909430
v -0.06700184 0.01490902 0.11906000
v -0.06700566 0.01491323 0.11904371
v -0.06701615 0.01490809 0.11901401
v -0.06702127 0.01490160 0.11900310
v -0.06702127 0.01490160 0.11900310
v -0.06703870 0.01487021 0.11897410
v -0.06705977 0.01482134 0.11894880
v -0.06693819 0.01506366 0.11915661
v -0.06694931 0.01508623 0.11907660
v -0.06695868 0.01509007 0.11903850
v -0.06698323 0.01508452 0.11896870
v -0.06699491 0.01507798 0.11894291
v -0.06703421 0.01504673 0.11887381
v -0.06708120 0.01499844 0.11881190
v -0.06715770 0.01490591 0.11873791
v -0.06695608 0.01502986 0.11914531
v -0.06696495 0.01505240 0.11907461
v -0.06697304 0.01505627 0.11904101
v -0.06699480 0.01505083 0.11897951
v -0.06700531 0.01504436 0.11895691
v -0.06704092 0.01501337 0.11889651
v -0.06708385 0.01496543 0.11884280
v -0.06715409 0.01487358 0.11877991
v -0.06697110 0.01499491 0.11913341
v -0.06697811 0.01501757 0.11907200
v -0.06698497 0.01502150 0.11904281
v -0.06700392 0.01501615 0.11898951
v -0.06701316 0.01500971 0.11897001
v -0.06704474 0.01497880 0.11891800
v -0.06708303 0.01493093 0.11887221
v -0.06714582 0.01483916 0.11881951
v -0.06698311 0.01495902 0.11912080
v -0.06698867 0.01498193 0.11906861
v -0.06699443 0.01498594 0.11904381
v -0.06701054 0.01498067 0.11899860
v -0.06701847 0.01497424 0.11898211
v -0.06704565 0.01494326 0.11893821
v -0.06707872 0.01489522 0.11889991
v -0.06713298 0.01480304 0.11885621
v -0.06699208 0.01492243 0.11910781
v -0.06699660 0.01494568 0.11906460
v -0.06700133 0.01494979 0.11904410
v -0.06701462 0.01494458 0.11900680
v -0.06702117 0.01493813 0.11899311
v -0.06704364 0.01490698 0.11895701
v -0.06707093 0.01485859 0.11892541
v -0.06711571 0.01476563 0.11888971
v -0.06704693 0.01477721 0.11896801
v -0.06719050 0.01458784 0.11885650
v -0.06722390 0.01462700 0.11881501
v -0.06725125 0.01466406 0.11876751
v -0.06727208 0.01469834 0.11871500
v -0.06728601 0.01472926 0.11865821
v -0.06721656 0.01452105 0.11885061
v -0.06725567 0.01456096 0.11880741
v -0.06728823 0.01459841 0.11875711
v -0.06731357 0.01463263 0.11870080
v -0.06733120 0.01466295 0.11863951
v -0.06734680 0.01415495 0.11885721
v -0.06741571 0.01419995 0.11881301
v -0.06747637 0.01423994 0.11875421
v -0.06752662 0.01427351 0.11868291
v -0.06756473 0.01429949 0.11860161
v -0.06738940 0.01402248 0.11887291
v -0.06746866 0.01406988 0.11883111
v -0.06753966 0.01411098 0.11877151
v -0.06759946 0.01414409 0.11869661
v -0.06764560 0.01416786 0.11860950
v -0.07201359 0.00976711 0.12827431
v -0.07201297 0.00977053 0.12828011
v -0.07200460 0.00980777 0.12831911
v -0.07242955 0.01027197 0.12872640
v -0.07201902 0.01001193 0.12838970
v -0.07200132 0.01004441 0.12841001
v -0.07196297 0.00992286 0.12839011
v -0.07195327 0.00996925 0.12840670
v -0.07194642 0.00995854 0.12840621
v -0.07215400 0.01016227 0.12844431
v -0.07208667 0.01014847 0.12844730
v -0.07208364 0.01009293 0.12840801
v -0.07206240 0.01012298 0.12843230
v -0.07201657 0.01006403 0.12841561
v -0.07222697 0.01021688 0.12849691
v -0.07215996 0.01021828 0.12850011
v -0.07212713 0.01019098 0.12847220
v -0.07229934 0.01025433 0.12856351
v -0.07223275 0.01026992 0.12857131
v -0.07219281 0.01024558 0.12852790
v -0.07236786 0.01027297 0.12864121
v -0.07230133 0.01030075 0.12865731
v -0.07225670 0.01028451 0.12859731
v -0.07236870 0.01030959 0.12876461
v -0.07236216 0.01030916 0.12875370
v -0.07231617 0.01030615 0.12867731
v -0.07193277 0.00979607 0.12839530
v -0.07199224 0.00984839 0.12834850
v -0.07255117 0.01019374 0.12861620
v -0.07246794 0.01020608 0.12854160
v -0.07237838 0.01019512 0.12847460
v -0.07228701 0.01016142 0.12841840
v -0.07219841 0.01010668 0.12837591
v -0.07211712 0.01003368 0.12834940
v -0.07204722 0.00994611 0.12834011
v -0.07261489 0.01015134 0.12852621
v -0.07251757 0.01017161 0.12846511
v -0.07241458 0.01016606 0.12841041
v -0.07231153 0.01013498 0.12836541
v -0.07221399 0.01008008 0.12833231
v -0.07212733 0.01000434 0.12831301
v -0.07205623 0.00991189 0.12830851
v -0.07263156 0.01014014 0.12849511
v -0.07253009 0.01016281 0.12843951
v -0.07242315 0.01015890 0.12839001
v -0.07231675 0.01012862 0.12834931
v -0.07221676 0.01007365 0.12831960
v -0.07212876 0.00999706 0.12830260
v -0.07205764 0.00990310 0.12829931
v -0.07200734 0.00979699 0.12830981
v -0.07267229 0.01011289 0.12838421
v -0.07255939 0.01014210 0.12835241
v -0.07244189 0.01014266 0.12832401
v -0.07232663 0.01011453 0.12830071
v -0.07222039 0.01005935 0.12828391
v -0.07212934 0.00998036 0.12827460
v -0.07205883 0.00988217 0.12827331
v -0.07267759 0.01010943 0.12836040
v -0.07267229 0.01011289 0.12838421
v -0.07256305 0.01013955 0.12833420
v -0.07244403 0.01014072 0.12831081
v -0.07232756 0.01011288 0.12829171
v -0.07222047 0.01005767 0.12827781
v -0.07212907 0.00997834 0.12827001
v -0.07205873 0.00987955 0.12826880
v -0.06699289 0.01400084 0.12125901
v -0.06697174 0.01407812 0.12128541
v -0.06683274 0.01368462 0.12376761
v -0.06691091 0.01362731 0.12346500
v -0.06689856 0.01342895 0.12565931
v -0.06685341 0.01348651 0.12565931
v -0.06685250 0.01348768 0.12565931
v -0.06682055 0.01351212 0.12565931
v -0.06695542 0.01333011 0.12565931
v -0.06692840 0.01339089 0.12565931
v -0.06695972 0.01354050 0.12344900
v -0.06698836 0.01322097 0.12565931
v -0.06698122 0.01326218 0.12565931
v -0.06698983 0.01344581 0.12343161
v -0.06697840 0.01327843 0.12565931
v -0.06699943 0.01315706 0.12565931
v -0.06685836 0.01385213 0.12285570
v -0.06687835 0.01408178 0.12189780
v -0.06693716 0.01415093 0.12131041
v -0.07223195 0.01038614 0.12882101
v -0.07222332 0.01038485 0.12880730
v -0.07217139 0.01037708 0.12872510
v -0.07230133 0.01030075 0.12865731
v -0.07215206 0.01036803 0.12870070
v -0.07210364 0.01034536 0.12863950
v -0.07207302 0.01032277 0.12860911
v -0.07203218 0.01029262 0.12856850
v -0.07199134 0.01025202 0.12853831
v -0.07196072 0.01022159 0.12851571
v -0.07191230 0.01016039 0.12849311
v -0.07189296 0.01013595 0.12848400
v -0.07184103 0.01005378 0.12847620
v -0.07183240 0.01004012 0.12847491
v -0.06681176 0.01352399 0.13090360
v -0.06682215 0.01351434 0.13090360
v -0.06699443 0.01320759 0.13090360
v -0.06699128 0.01322142 0.13090360
v -0.06697779 0.01328045 0.13090360
v -0.06695787 0.01333124 0.13090360
v -0.06695050 0.01335001 0.13090360
v -0.06691313 0.01341473 0.13090360
v -0.06690055 0.01343050 0.13090360
v -0.06686653 0.01347316 0.13090360
v -0.06735831 0.01264204 0.13106261
v -0.06742956 0.01274945 0.13107860
v -0.06750893 0.01284184 0.13112371
v -0.06759108 0.01291298 0.13119480
v -0.06767044 0.01295806 0.13128721
v -0.07215206 0.01036803 0.12870070
v -0.06774169 0.01297405 0.13139461
v -0.06692108 0.01340918 0.13098191
v -0.06699881 0.01320164 0.13094691
v -0.06698342 0.01327470 0.13095711
v -0.06695732 0.01334441 0.13096891
v -0.06687551 0.01346754 0.13099601
v -0.06682167 0.01351815 0.13101070
v -0.06701779 0.01317566 0.13100150
v -0.06705263 0.01312747 0.13105141
v -0.06710360 0.01305548 0.13109180
v -0.06704748 0.01303713 0.13103150
v -0.06716830 0.01296094 0.13111620
v -0.06712124 0.01288809 0.13108640
v -0.06723954 0.01285119 0.13111881
v -0.06716569 0.01279826 0.13109861
v -0.06730617 0.01273997 0.13109881
v -0.06725688 0.01261398 0.13109391
v -0.06700789 0.01324967 0.13102421
v -0.06705265 0.01320333 0.13108501
v -0.06711780 0.01313437 0.13113291
v -0.06719980 0.01304437 0.13115951
v -0.06728869 0.01294099 0.13115771
v -0.06736953 0.01283795 0.13112751
v -0.06698703 0.01332003 0.13105091
v -0.06704142 0.01327495 0.13112531
v -0.06712089 0.01320804 0.13118461
v -0.06722143 0.01312111 0.13121841
v -0.06733126 0.01302196 0.13121790
v -0.06743236 0.01292426 0.13118261
v -0.06695568 0.01338502 0.13108071
v -0.06701929 0.01334037 0.13117130
v -0.06711278 0.01327412 0.13124531
v -0.06723233 0.01318814 0.13129070
v -0.06736522 0.01309021 0.13129650
v -0.06749108 0.01299394 0.13126090
v -0.06691463 0.01344305 0.13111301
v -0.06698683 0.01339776 0.13122170
v -0.06709373 0.01333046 0.13131301
v -0.06723207 0.01324282 0.13137340
v -0.06738893 0.01314247 0.13138981
v -0.06754230 0.01304294 0.13135790
v -0.06686489 0.01349272 0.13114690
v -0.06694496 0.01344557 0.13127511
v -0.06706435 0.01337522 0.13138541
v -0.06722066 0.01328300 0.13146331
v -0.06740126 0.01317623 0.13149331
v -0.06758306 0.01306846 0.13146801
v -0.07264341 -0.01014796 0.12336300
v -0.07201406 -0.00978133 0.12580610
v -0.07201485 -0.00976117 0.12824961
v -0.07205548 -0.00989246 0.12580661
v -0.07205852 -0.00987492 0.12825121
v -0.07212188 -0.00999072 0.12580710
v -0.07212841 -0.00997473 0.12825271
v -0.07220958 -0.01007057 0.12580761
v -0.07222036 -0.01005467 0.12825391
v -0.07231359 -0.01012752 0.12580781
v -0.07232894 -0.01011000 0.12825471
v -0.07242810 -0.01015837 0.12580800
v -0.07244767 -0.01013743 0.12825510
v -0.07254666 -0.01016139 0.12580800
v -0.07256951 -0.01013532 0.12825510
v -0.07266259 -0.01013639 0.12580791
v -0.07268721 -0.01010381 0.12825460
v -0.07201348 -0.00978428 0.12336300
v -0.07205320 -0.00989337 0.12336300
v -0.07211698 -0.00999036 0.12336300
v -0.07220143 -0.01007003 0.12336300
v -0.07230197 -0.01012808 0.12336300
v -0.07241318 -0.01016137 0.12336300
v -0.07252907 -0.01016812 0.12336300
v -0.07236216 -0.01030916 0.12875370
v -0.07236870 -0.01030959 0.12876461
v -0.07250259 -0.01022545 0.12866711
v -0.07230133 -0.01030075 0.12865731
v -0.07231617 -0.01030615 0.12867731
v -0.07242863 -0.01023278 0.12858681
v -0.07223275 -0.01026992 0.12857131
v -0.07225670 -0.01028451 0.12859731
v -0.07234803 -0.01021842 0.12851411
v -0.07215996 -0.01021828 0.12850011
v -0.07219281 -0.01024558 0.12852790
v -0.07226467 -0.01018306 0.12845270
v -0.07208667 -0.01014847 0.12844730
v -0.07212713 -0.01019098 0.12847220
v -0.07218251 -0.01012840 0.12840540
v -0.07201657 -0.01006403 0.12841561
v -0.07206240 -0.01012298 0.12843230
v -0.07210551 -0.01005706 0.12837450
v -0.07195327 -0.00996925 0.12840670
v -0.07200132 -0.01004441 0.12841001
v -0.07203734 -0.00997245 0.12836141
v -0.07194642 -0.00995854 0.12840621
v -0.07198130 -0.00987863 0.12836690
v -0.07201462 -0.00976169 0.12825881
v -0.07205848 -0.00987537 0.12825771
v -0.07212847 -0.00997512 0.12825901
v -0.07222040 -0.01005502 0.12826261
v -0.07232885 -0.01011031 0.12826850
v -0.07244732 -0.01013772 0.12827610
v -0.07256884 -0.01013561 0.12828501
v -0.07268615 -0.01010412 0.12829481
v -0.07201364 -0.00976685 0.12827381
v -0.07200943 -0.00978800 0.12830131
v -0.07200644 -0.00980059 0.12831301
v -0.07197240 -0.00970422 0.12834731
v -0.07199224 -0.00984839 0.12834850
v -0.07205873 -0.00987935 0.12826850
v -0.07205841 -0.00989588 0.12829131
v -0.07205722 -0.00990602 0.12830240
v -0.07204722 -0.00994611 0.12834011
v -0.07212905 -0.00997818 0.12826961
v -0.07212944 -0.00999119 0.12829371
v -0.07212835 -0.00999946 0.12830611
v -0.07211712 -0.01003368 0.12834940
v -0.07222049 -0.01005754 0.12827730
v -0.07221852 -0.01006855 0.12830851
v -0.07221592 -0.01007576 0.12832390
v -0.07219841 -0.01010668 0.12837591
v -0.07232762 -0.01011276 0.12829090
v -0.07232061 -0.01012357 0.12833480
v -0.07231507 -0.01013071 0.12835480
v -0.07228701 -0.01016142 0.12841840
v -0.07244419 -0.01014057 0.12830970
v -0.07242990 -0.01015315 0.12837110
v -0.07242034 -0.01016126 0.12839710
v -0.07237838 -0.01019512 0.12847460
v -0.07256332 -0.01013935 0.12833271
v -0.07254026 -0.01015562 0.12841530
v -0.07252594 -0.01016573 0.12844840
v -0.07246794 -0.01020608 0.12854160
v -0.07267797 -0.01010917 0.12835831
v -0.07264541 -0.01013083 0.12846491
v -0.07262600 -0.01014388 0.12850600
v -0.07255117 -0.01019374 0.12861620
v -0.07201516 -0.00978406 0.12175220
v -0.07201704 -0.00979838 0.12175220
v -0.07205593 -0.00989224 0.12175220
v -0.07206700 -0.00991897 0.12175220
v -0.07212001 -0.00998805 0.12175220
v -0.07214645 -0.01002252 0.12175220
v -0.07220401 -0.01006668 0.12175220
v -0.07225000 -0.01010198 0.12175220
v -0.07230358 -0.01012417 0.12175220
v -0.07237059 -0.01015193 0.12175220
v -0.07241368 -0.01015760 0.12175220
v -0.07250000 -0.01016897 0.12175220
v -0.07252869 -0.01016519 0.12175220
v -0.07262941 -0.01015193 0.12175220
v -0.07264276 -0.01014640 0.12175220
v -0.07223195 -0.01038614 0.12882101
v -0.07222332 -0.01038485 0.12880730
v -0.07217139 -0.01037708 0.12872510
v -0.07230133 -0.01030075 0.12865731
v -0.07215206 -0.01036803 0.12870070
v -0.07210364 -0.01034536 0.12863950
v -0.07207302 -0.01032277 0.12860911
v -0.07203218 -0.01029262 0.12856850
v -0.07199134 -0.01025202 0.12853831
v -0.07196072 -0.01022159 0.12851571
v -0.07183240 -0.01004012 0.12847491
v -0.07184103 -0.01005378 0.12847620
v -0.07189296 -0.01013595 0.12848400
v -0.07191230 -0.01016039 0.12849311
v -0.07224784 -0.01010694 0.12170560
v -0.07214585 -0.01002805 0.12171870
v -0.07206646 -0.00992573 0.12172340
v -0.07210916 -0.01018400 0.12152971
v -0.07207856 -0.01015357 0.12155231
v -0.07209047 -0.01013736 0.12156631
v -0.07203012 -0.01009236 0.12157500
v -0.07201079 -0.01006792 0.12158401
v -0.07202060 -0.01005021 0.12159571
v -0.07195024 -0.00997210 0.12159311
v -0.07195887 -0.00998575 0.12159180
v -0.07195967 -0.00995233 0.12160231
v -0.07216555 -0.01020912 0.12151581
v -0.07215000 -0.01022459 0.12149961
v -0.07224186 -0.01026166 0.12144691
v -0.07222146 -0.01027733 0.12142850
v -0.07219085 -0.01025474 0.12145901
v -0.07234114 -0.01031683 0.12126070
v -0.07228923 -0.01030905 0.12134291
v -0.07231530 -0.01029219 0.12136320
v -0.07226989 -0.01030000 0.12136731
v -0.07238195 -0.01029907 0.12126910
v -0.07234978 -0.01031812 0.12124711
v -0.07199050 -0.00988096 0.12164390
v -0.07194049 -0.00978926 0.12161191
v -0.07197226 -0.00972504 0.12165281
v -0.07200734 -0.00983343 0.12168371
v -0.07201496 -0.00980686 0.12171940
v -0.07240580 -0.01023289 0.12146020
v -0.07249749 -0.01023056 0.12137971
v -0.07246186 -0.01019527 0.12156090
v -0.07257373 -0.01018519 0.12150210
v -0.07249108 -0.01017519 0.12165831
v -0.07261599 -0.01015996 0.12162730
v -0.07205001 -0.00998756 0.12164570
v -0.07206272 -0.00994739 0.12168891
v -0.07212617 -0.01008104 0.12162651
v -0.07214148 -0.01004618 0.12167811
v -0.07221444 -0.01015583 0.12158741
v -0.07223854 -0.01012345 0.12165181
v -0.07236555 -0.01015712 0.12168500
v -0.07234767 -0.01017424 0.12161191
v -0.07230954 -0.01020747 0.12153090
v -0.06735831 -0.01264204 0.13106261
v -0.06742956 -0.01274945 0.13107860
v -0.07191230 -0.01016039 0.12849311
v -0.07196072 -0.01022159 0.12851571
v -0.06750893 -0.01284184 0.13112371
v -0.06759108 -0.01291298 0.13119480
v -0.06767044 -0.01295806 0.13128721
v -0.06774169 -0.01297405 0.13139461
v -0.06903328 -0.01167500 0.11990441
v -0.06910453 -0.01178241 0.11988840
v -0.07203012 -0.01009236 0.12157500
v -0.06918389 -0.01187480 0.11984340
v -0.06926603 -0.01194594 0.11977221
v -0.06934540 -0.01199103 0.11967981
v -0.07226989 -0.01030000 0.12136731
v -0.06941665 -0.01200701 0.11957241
v -0.06725912 -0.01260947 0.13109461
v -0.06731964 -0.01271592 0.13109160
v -0.06738540 -0.01281597 0.13111750
v -0.06751677 -0.01297365 0.13124781
v -0.06757450 -0.01302181 0.13134450
v -0.06762217 -0.01304522 0.13145490
v -0.06725731 -0.01261312 0.13109490
v -0.06721146 -0.01270578 0.13110190
v -0.06725563 -0.01282528 0.13111611
v -0.06720000 -0.01272892 0.13110361
v -0.06716561 -0.01279841 0.13109841
v -0.06718441 -0.01293674 0.13111890
v -0.06714090 -0.01284838 0.13109461
v -0.06712160 -0.01288735 0.13108550
v -0.06711737 -0.01303568 0.13109901
v -0.06704882 -0.01303443 0.13103451
v -0.06706290 -0.01311311 0.13106171
v -0.06708129 -0.01296879 0.13106310
v -0.06708906 -0.01295310 0.13107001
v -0.06704709 -0.01303791 0.13103191
v -0.06702131 -0.01309001 0.13099331
v -0.06702434 -0.01316666 0.13101340
v -0.06730847 -0.01291680 0.13115311
v -0.06722005 -0.01302146 0.13116181
v -0.06713533 -0.01311545 0.13114121
v -0.06706581 -0.01318955 0.13109740
v -0.06701632 -0.01324100 0.13103890
v -0.06700180 -0.01319755 0.13095960
v -0.06698729 -0.01327076 0.13097280
v -0.06739547 -0.01306747 0.13129191
v -0.06742525 -0.01311906 0.13138671
v -0.06726223 -0.01316634 0.13129581
v -0.06726704 -0.01322054 0.13138140
v -0.06713816 -0.01325600 0.13125870
v -0.06712292 -0.01331202 0.13133001
v -0.06703808 -0.01332711 0.13119021
v -0.06700825 -0.01338431 0.13124460
v -0.06696762 -0.01337666 0.13110241
v -0.06692815 -0.01343458 0.13113891
v -0.06692654 -0.01340537 0.13100490
v -0.06688169 -0.01346368 0.13102311
v -0.06702112 -0.01309040 0.13099300
v -0.06700550 -0.01312197 0.13094971
v -0.06700518 -0.01312261 0.13094881
v -0.06699443 -0.01320759 0.13090360
v -0.06698777 -0.01323673 0.13090360
v -0.06697779 -0.01328045 0.13090360
v -0.06695594 -0.01333611 0.13090360
v -0.06745246 -0.01290364 0.13117060
v -0.06735588 -0.01299890 0.13121271
v -0.06724636 -0.01309906 0.13122161
v -0.06714234 -0.01318973 0.13119501
v -0.06705745 -0.01326156 0.13114060
v -0.06699726 -0.01331159 0.13106881
v -0.06696202 -0.01334057 0.13098801
v -0.06695050 -0.01335001 0.13090360
v -0.06691313 -0.01341473 0.13090360
v -0.06690381 -0.01342640 0.13090360
v -0.06686653 -0.01347316 0.13090360
v -0.06683366 -0.01350366 0.13090360
v -0.06744374 -0.01315108 0.13149230
v -0.06726059 -0.01325943 0.13147480
v -0.06709716 -0.01335589 0.13140670
v -0.06696881 -0.01343153 0.13130240
v -0.06687986 -0.01348391 0.13117731
v -0.06682847 -0.01351415 0.13104221
v -0.06681176 -0.01352399 0.13090360
v -0.06825819 -0.01329756 0.11876700
v -0.06789588 -0.01374602 0.11870991
v -0.06887484 -0.01251883 0.11911390
v -0.06856861 -0.01278218 0.11908800
v -0.06875656 -0.01186325 0.11974460
v -0.06883960 -0.01196279 0.11973540
v -0.06892916 -0.01204839 0.11969610
v -0.06901912 -0.01211427 0.11962931
v -0.06910345 -0.01215597 0.11953960
v -0.06917646 -0.01217069 0.11943310
v -0.06917541 -0.01221566 0.11928421
v -0.06809664 -0.01252730 0.11936390
v -0.06819648 -0.01260922 0.11936500
v -0.06830037 -0.01267981 0.11933510
v -0.06840142 -0.01273438 0.11927601
v -0.06849286 -0.01276928 0.11919181
v -0.06739798 -0.01353210 0.11896100
v -0.06750589 -0.01359997 0.11896801
v -0.06761664 -0.01365867 0.11894401
v -0.06772307 -0.01370440 0.11889030
v -0.06781821 -0.01373416 0.11881061
v -0.06698909 -0.01323703 0.12565931
v -0.06695678 -0.01333644 0.12565931
v -0.06690451 -0.01342696 0.12565931
v -0.06683458 -0.01350464 0.12565931
v -0.06700728 -0.01491357 0.11903811
v -0.06712104 -0.01464615 0.11890381
v -0.06708702 -0.01460632 0.11893140
v -0.06779281 -0.01392250 0.11865271
v -0.06772979 -0.01390445 0.11874891
v -0.06765062 -0.01387279 0.11882811
v -0.06755957 -0.01382923 0.11888601
v -0.06746160 -0.01377615 0.11891961
v -0.06736200 -0.01371640 0.11892691
v -0.06725734 -0.01416446 0.11888270
v -0.06712192 -0.01443221 0.11891561
v -0.06723218 -0.01426101 0.11888021
v -0.06713539 -0.01460053 0.11889731
v -0.06706948 -0.01479631 0.11893931
v -0.06708107 -0.01463209 0.11893661
v -0.06705967 -0.01482162 0.11894890
v -0.06703331 -0.01488107 0.11898211
v -0.06702801 -0.01489083 0.11899071
v -0.06701335 -0.01491079 0.11902070
v -0.06752964 -0.01435581 0.11860161
v -0.06749485 -0.01432901 0.11868011
v -0.06747037 -0.01444977 0.11860591
v -0.06744092 -0.01442173 0.11867971
v -0.06724951 -0.01478147 0.11867660
v -0.06723854 -0.01475010 0.11872941
v -0.06721743 -0.01482620 0.11869530
v -0.06720903 -0.01479447 0.11874460
v -0.06710276 -0.01497376 0.11878831
v -0.06710363 -0.01494093 0.11882261
v -0.06708094 -0.01499871 0.11881221
v -0.06708364 -0.01496570 0.11884311
v -0.06702211 -0.01505751 0.11889290
v -0.06702993 -0.01502406 0.11891311
v -0.06701020 -0.01506721 0.11891340
v -0.06701911 -0.01503368 0.11893101
v -0.06697679 -0.01508728 0.11898450
v -0.06698906 -0.01505356 0.11899341
v -0.06696257 -0.01509031 0.11902530
v -0.06697644 -0.01505652 0.11902941
v -0.06694532 -0.01508222 0.11909730
v -0.06696161 -0.01504839 0.11909301
v -0.06694142 -0.01507537 0.11912330
v -0.06695848 -0.01504155 0.11911590
v -0.06744854 -0.01429529 0.11874961
v -0.06740113 -0.01438781 0.11874580
v -0.06722132 -0.01471577 0.11877871
v -0.06719496 -0.01476011 0.11879071
v -0.06710070 -0.01490645 0.11885521
v -0.06708284 -0.01493120 0.11887250
v -0.06703498 -0.01498947 0.11893220
v -0.06702539 -0.01499907 0.11894771
v -0.06699887 -0.01501886 0.11900161
v -0.06698790 -0.01502177 0.11903271
v -0.06697533 -0.01501353 0.11908790
v -0.06697281 -0.01500665 0.11910781
v -0.06739228 -0.01425574 0.11880771
v -0.06735210 -0.01434896 0.11880221
v -0.06719813 -0.01467901 0.11882351
v -0.06717540 -0.01472359 0.11883301
v -0.06709397 -0.01487064 0.11888560
v -0.06707853 -0.01489549 0.11890001
v -0.06703722 -0.01495396 0.11895021
v -0.06702896 -0.01496358 0.11896321
v -0.06700624 -0.01498337 0.11900880
v -0.06699691 -0.01498623 0.11903531
v -0.06698639 -0.01497783 0.11908220
v -0.06698437 -0.01497088 0.11909910
v -0.06732785 -0.01421166 0.11885251
v -0.06729525 -0.01430629 0.11884751
v -0.06716935 -0.01464040 0.11886330
v -0.06715065 -0.01468542 0.11887091
v -0.06708355 -0.01483381 0.11891381
v -0.06707080 -0.01485886 0.11892560
v -0.06703666 -0.01491775 0.11896691
v -0.06702984 -0.01492743 0.11897761
v -0.06701107 -0.01494728 0.11901520
v -0.06700338 -0.01495010 0.11903711
v -0.06699473 -0.01494151 0.11907580
v -0.06699309 -0.01493445 0.11908980
v -0.06693695 -0.01504029 0.11920621
v -0.06694453 -0.01502680 0.11919941
v -0.06695592 -0.01500656 0.11918911
v -0.06697163 -0.01497153 0.11917141
v -0.06698398 -0.01493544 0.11915310
v -0.06699286 -0.01489854 0.11913441
v -0.06699607 -0.01487608 0.11912311
v -0.06700032 -0.01490477 0.11906891
v -0.06699891 -0.01489758 0.11908001
v -0.06699823 -0.01486111 0.11911551
v -0.06685749 -0.01385950 0.12285691
v -0.06689456 -0.01360949 0.12369561
v -0.06692688 -0.01410760 0.12149501
v -0.06695842 -0.01404994 0.12147600
v -0.06698138 -0.01398873 0.12145591
v -0.06699533 -0.01392512 0.12143500
v -0.06687896 -0.01407587 0.12189091
v -0.06699318 -0.01338772 0.12365861
v -0.06697290 -0.01346669 0.12367180
v -0.06693975 -0.01354129 0.12368420
v -0.05464938 -0.00588176 0.13969871
v -0.05436431 -0.00837976 0.13968900
v -0.05440208 -0.00838536 0.13943621
v -0.05506940 -0.00660666 0.13884571
v -0.05513507 -0.00421886 0.13900460
v -0.05374576 -0.01165298 0.13967181
v -0.05285323 -0.01528144 0.13965070
v -0.05289547 -0.01529334 0.13940700
v -0.05388839 -0.01316080 0.13884070
v -0.05415657 -0.01123088 0.13899541
v -0.05220441 -0.01725494 0.13963860
v -0.05153868 -0.01927985 0.13962621
v -0.05158303 -0.01929609 0.13938821
v -0.05314274 -0.01536396 0.13898810
v -0.05500038 -0.00010000 0.13971171
v -0.05484165 -0.00419690 0.13970531
v -0.05502891 -0.00010000 0.13947681
v -0.05487713 -0.00419949 0.13944860
v -0.05503578 -0.00010000 0.13945371
v -0.05529859 -0.00010000 0.13901151
v -0.05522094 -0.00010000 0.13908750
v -0.05516217 -0.00010000 0.13916860
v -0.05497718 -0.00420698 0.13920971
v -0.05513925 -0.00010000 0.13921511
v -0.05505751 -0.00010000 0.13938080
v -0.05539066 -0.00010000 0.13892141
v -0.05167979 -0.01933184 0.13916860
v -0.05161806 -0.01999884 0.13900811
v -0.05182326 -0.01938501 0.13898031
v -0.05193800 -0.01953911 0.13886721
v -0.05199975 -0.01945038 0.13884011
v -0.05085736 -0.02116067 0.13938080
v -0.05091819 -0.02104198 0.13933781
v -0.05104261 -0.02082571 0.13926140
v -0.05117347 -0.02063768 0.13920380
v -0.05122433 -0.02056459 0.13918140
v -0.05053959 -0.02178073 0.13960531
v -0.05299399 -0.01532142 0.13918151
v -0.05386425 -0.01117126 0.13967461
v -0.05390385 -0.01117921 0.13942521
v -0.05400341 -0.01119951 0.13919390
v -0.05450197 -0.00840047 0.13920141
v -0.05465748 -0.00842410 0.13899981
v -0.06716558 -0.01050840 0.10622960
v -0.06740586 -0.00920761 0.10622661
v -0.06723862 -0.00918354 0.10640391
v -0.06766999 -0.00010000 0.10698420
v -0.06768088 -0.00010000 0.10708980
v -0.06753128 -0.00448961 0.10709211
v -0.06812645 -0.00010000 0.10783951
v -0.06819903 -0.00010000 0.10787510
v -0.06805278 -0.00452365 0.10788100
v -0.06575338 -0.01668505 0.10625241
v -0.06609868 -0.01538709 0.10624321
v -0.06582061 -0.01599819 0.10644831
v -0.06649710 -0.01321641 0.10641430
v -0.06638240 -0.01319099 0.10662761
v -0.06588985 -0.01529047 0.10665020
v -0.06632138 -0.01317747 0.10686281
v -0.06599985 -0.01461419 0.10686850
v -0.06592740 -0.01490676 0.10675960
v -0.06631768 -0.01317665 0.10710631
v -0.06639292 -0.01319286 0.10733040
v -0.06634810 -0.01336426 0.10733451
v -0.06626084 -0.01356027 0.10726081
v -0.06615887 -0.01397204 0.10710750
v -0.06600025 -0.01461259 0.10686911
v -0.06721019 -0.00917945 0.10755540
v -0.06659233 -0.01281567 0.10754081
v -0.06642160 -0.01319919 0.10739660
v -0.06713524 -0.01181674 0.10787931
v -0.06711333 -0.01184414 0.10787430
v -0.06736846 -0.00920222 0.10774080
v -0.06680973 -0.01232736 0.10772441
v -0.06671794 -0.01253357 0.10764690
v -0.06756662 -0.00923074 0.10788190
v -0.06779274 -0.00926329 0.10797001
v -0.06744276 -0.01143202 0.10794980
v -0.06764637 -0.01117732 0.10799650
v -0.06828151 -0.00453858 0.10796981
v -0.06833887 -0.00010000 0.10794361
v -0.06842578 -0.00010000 0.10796930
v -0.06843494 -0.00010000 0.10797201
v -0.06782193 -0.00010000 0.10753010
v -0.06787921 -0.00010000 0.10761230
v -0.06785260 -0.00451058 0.10773900
v -0.06799951 -0.00010000 0.10773450
v -0.06804518 -0.00010000 0.10778090
v -0.06772113 -0.00010000 0.10731601
v -0.06772779 -0.00010000 0.10733021
v -0.06758372 -0.00449303 0.10733220
v -0.06769303 -0.00450017 0.10755230
v -0.06769426 -0.00010000 0.10721950
v -0.06767659 -0.00010000 0.10688421
v -0.06753887 -0.00449010 0.10684640
v -0.06773159 -0.00010000 0.10665410
v -0.06760605 -0.00449449 0.10661001
v -0.06775106 -0.00010000 0.10660850
v -0.06804528 -0.00010000 0.10621911
v -0.06796659 -0.00010000 0.10628911
v -0.06789952 -0.00451364 0.10622081
v -0.06789897 -0.00010000 0.10636300
v -0.06772873 -0.00450250 0.10639721
v -0.06787686 -0.00010000 0.10639740
v -0.06777092 -0.00010000 0.10656200
v -0.06665873 -0.01325222 0.10623581
v -0.06669249 -0.01306946 0.10623540
v -0.06711904 -0.00916633 0.10661690
v -0.06705429 -0.00915701 0.10685280
v -0.06704824 -0.00915614 0.10709771
v -0.06710128 -0.00916377 0.10733661
v -0.05506626 0.00663409 0.13884571
v -0.05465750 0.00842401 0.13899981
v -0.05388498 0.01317421 0.13884070
v -0.05315258 0.01532958 0.13898810
v -0.05374462 0.01165327 0.13967181
v -0.05387143 0.01113633 0.13967481
v -0.05391101 0.01114424 0.13942541
v -0.05511004 0.00010000 0.13925870
v -0.05513893 0.00010000 0.13921570
v -0.05497719 0.00420685 0.13920971
v -0.05159537 0.01926276 0.13938831
v -0.05086075 0.02116267 0.13938210
v -0.05155104 0.01924656 0.13962641
v -0.05053959 0.02178073 0.13960531
v -0.05122871 0.02057153 0.13918720
v -0.05118014 0.02064213 0.13920911
v -0.05098018 0.02093283 0.13929911
v -0.05169215 0.01929845 0.13916871
v -0.05183567 0.01935153 0.13898031
v -0.05162034 0.02000218 0.13901101
v -0.05193862 0.01953947 0.13886771
v -0.05513508 0.00421874 0.13900460
v -0.05524191 0.00010000 0.13906231
v -0.05529435 0.00010000 0.13900710
v -0.05531093 0.00010000 0.13898960
v -0.05464934 0.00588203 0.13969871
v -0.05484166 0.00419678 0.13970531
v -0.05487714 0.00419936 0.13944860
v -0.05500038 0.00010000 0.13971171
v -0.05500940 0.00010000 0.13958001
v -0.05504170 0.00010000 0.13945531
v -0.05506895 0.00010000 0.13935001
v -0.05300378 0.01528713 0.13918160
v -0.05290525 0.01525911 0.13940711
v -0.05220415 0.01725572 0.13963860
v -0.05286303 0.01524726 0.13965090
v -0.05416376 0.01119575 0.13899551
v -0.05401057 0.01116448 0.13919401
v -0.05450199 0.00840038 0.13920141
v -0.05440209 0.00838527 0.13943621
v -0.05436433 0.00837967 0.13968900
v -0.06716079 0.01050848 0.10622960
v -0.06678965 0.01265410 0.10623420
v -0.06662702 0.01262003 0.10641250
v -0.06772708 0.00452758 0.10639721
v -0.06787384 0.00010000 0.10639551
v -0.06789785 0.00453879 0.10622081
v -0.06787929 0.00010000 0.10638761
v -0.06804528 0.00010000 0.10621911
v -0.06753723 0.00451511 0.10684650
v -0.06768760 0.00010000 0.10684511
v -0.06769429 0.00010000 0.10678041
v -0.06760440 0.00451952 0.10661001
v -0.06772116 0.00010000 0.10668380
v -0.06775561 0.00010000 0.10661071
v -0.06782199 0.00010000 0.10646981
v -0.06766999 0.00010000 0.10701571
v -0.06752965 0.00451461 0.10709211
v -0.06767659 0.00010000 0.10711570
v -0.06758210 0.00451806 0.10733230
v -0.06772792 0.00010000 0.10733050
v -0.06769139 0.00452524 0.10755230
v -0.06777085 0.00010000 0.10743790
v -0.06773156 0.00010000 0.10734581
v -0.06785096 0.00453571 0.10773900
v -0.06789891 0.00010000 0.10763691
v -0.06784146 0.00010000 0.10754760
v -0.06805114 0.00454886 0.10788100
v -0.06815317 0.00010000 0.10785621
v -0.06796649 0.00010000 0.10771081
v -0.06827984 0.00456388 0.10796981
v -0.06824144 0.00010000 0.10790361
v -0.06819684 0.00010000 0.10787961
v -0.06856466 0.00010000 0.10799450
v -0.06846569 0.00010000 0.10797890
v -0.06842694 0.00010000 0.10796590
v -0.06787854 0.00864221 0.10797001
v -0.06744155 0.01143509 0.10794710
v -0.06719841 0.01172418 0.10790551
v -0.06765193 0.00861209 0.10788170
v -0.06711333 0.01184414 0.10787430
v -0.06745343 0.00858570 0.10774051
v -0.06685850 0.01230946 0.10771411
v -0.06673893 0.01252784 0.10763901
v -0.06729491 0.00856463 0.10755481
v -0.06668255 0.01263076 0.10760351
v -0.06658454 0.01280974 0.10754191
v -0.06662948 0.01261971 0.10753631
v -0.06645726 0.01304215 0.10746200
v -0.06649934 0.01259329 0.10734221
v -0.06644564 0.01258204 0.10710470
v -0.06626084 0.01356027 0.10726081
v -0.06633985 0.01335185 0.10734170
v -0.06587239 0.01526687 0.10663940
v -0.06651143 0.01259582 0.10662561
v -0.06601763 0.01462880 0.10687170
v -0.06644976 0.01258290 0.10686110
v -0.06602063 0.01461555 0.10687651
v -0.06616587 0.01397747 0.10710891
v -0.06575338 0.01668505 0.10625241
v -0.06581150 0.01599252 0.10644140
v -0.06586663 0.01533532 0.10662070
v -0.06609043 0.01538630 0.10624331
v -0.06669130 0.01303834 0.10623550
v -0.06749250 0.00859089 0.10622561
v -0.06732461 0.00856858 0.10640271
v -0.06720449 0.00855262 0.10661570
v -0.06713930 0.00854395 0.10685170
v -0.06713298 0.00854311 0.10709671
v -0.06718592 0.00855015 0.10733581
v 0.05698613 0.00125736 0.13500001
v 0.05698613 -0.00125736 0.13500001
v 0.05700000 0.00000031 0.13500001
v 0.05924603 0.00000000 0.13300001
v 0.05868113 0.00678903 0.13646061
v 0.05678016 0.00500136 0.13750141
v 0.05661412 0.00662132 0.13912131
v 0.05884228 0.00582056 0.13549210
v 0.05689978 0.00337868 0.13587870
v 0.05500032 -0.00116672 0.13500001
v 0.05500032 0.00116672 0.13500001
v 0.05499924 0.00133111 0.13449970
v 0.05499888 0.00139831 0.13427901
v 0.05499892 0.00139889 0.13427030
v 0.05499924 -0.00133111 0.13449970
v 0.05499887 0.00138751 0.13432801
v 0.05499898 0.00139997 0.13425400
v 0.05499935 0.00139561 0.13421160
v 0.05499949 0.00139392 0.13419521
v 0.05499980 0.00138721 0.13417101
v 0.05500008 0.00137985 0.13415540
v 0.05500075 0.00136202 0.13411750
v 0.05500107 0.00135227 0.13410351
v 0.05500123 0.00134769 0.13409701
v 0.05500231 0.00131200 0.13406071
v 0.05500249 0.00130620 0.13405480
v 0.05500305 0.00128589 0.13404021
v 0.05500365 0.00126292 0.13402891
v 0.05500443 0.00123277 0.13401411
v 0.05500501 0.00120875 0.13400701
v 0.05500501 0.00120846 0.13400701
v 0.05500631 0.00115000 0.13400001
v 0.05500631 -0.00115000 0.13400001
v 0.05500521 -0.00120009 0.13400510
v 0.05500092 -0.00135715 0.13411001
v 0.05500007 -0.00138041 0.13415520
v 0.05500204 -0.00130377 0.13413871
v 0.05500007 -0.00138041 0.13415520
v 0.05499993 -0.00138423 0.13416260
v 0.05499959 -0.00139180 0.13418650
v 0.05499935 -0.00139531 0.13421171
v 0.05499904 -0.00139995 0.13424511
v 0.05499891 -0.00139919 0.13427010
v 0.05499891 -0.00139914 0.13427030
v 0.05500365 -0.00126310 0.13402860
v 0.05500464 -0.00122434 0.13401131
v 0.05500501 -0.00120839 0.13400721
v 0.05500326 -0.00127835 0.13403551
v 0.05500269 -0.00129916 0.13404940
v 0.05500231 -0.00131160 0.13406110
v 0.05500141 -0.00134212 0.13409000
v 0.05500107 -0.00135228 0.13410351
v 0.05499887 -0.00138751 0.13432801
v -0.03251495 0.05530625 0.10700001
v -0.03297014 0.05516826 0.10700001
v -0.03185155 0.05444836 0.11469240
v -0.06995143 0.01810491 0.10700001
v -0.06681810 0.01930028 0.11409381
v -0.06684352 0.02595142 0.10700010
v -0.05257605 0.02752295 0.13701751
v -0.05161579 0.02827587 0.13800001
v -0.00553260 0.05941941 0.11967981
v -0.00529306 0.05943430 0.11967981
v -0.00556527 0.05955132 0.10700020
v -0.03496286 0.05141461 0.12354111
v -0.03508143 0.05128186 0.12384701
v -0.03372702 0.05045883 0.13030541
v -0.03964259 0.04854481 0.12396551
v -0.03950807 0.04860771 0.12405511
v -0.03985655 0.04880467 0.12255771
v -0.04785947 0.04776580 0.10700001
v -0.04476227 0.04608599 0.12001201
v -0.04467918 0.04616926 0.11995781
v -0.04423905 0.04655700 0.11979990
v -0.04423857 0.04655742 0.11979980
v -0.04676712 0.04856474 0.10700010
v -0.04323677 0.04733416 0.11967981
v -0.04452544 0.04994733 0.10699991
v -0.04234564 0.04793280 0.11977481
v -0.04318109 0.05077648 0.10699981
v -0.04220316 0.04802851 0.11979001
v -0.04136649 0.04851627 0.12005920
v -0.04324522 0.04699171 0.12076661
v -0.04362272 0.04670406 0.12079011
v -0.04325939 0.04655328 0.12210721
v -0.04370125 0.04664117 0.12080250
v -0.04374557 0.04660284 0.12081701
v -0.04402556 0.04636063 0.12090851
v -0.04407503 0.04631784 0.12092470
v -0.04412357 0.04627116 0.12095350
v -0.04417482 0.04621676 0.12099850
v -0.04379190 0.04622921 0.12185621
v -0.04426465 0.04612142 0.12107731
v -0.04427028 0.04611460 0.12108481
v -0.04428619 0.04609529 0.12110580
v -0.04431777 0.04605050 0.12116650
v -0.04434456 0.04601250 0.12121811
v -0.04435948 0.04598353 0.12127000
v -0.04436182 0.04597899 0.12127810
v -0.04437398 0.04593073 0.12139380
v -0.04436439 0.04590583 0.12149041
v -0.04435837 0.04590301 0.12151281
v -0.04435156 0.04589982 0.12153821
v -0.04432226 0.04590036 0.12160511
v -0.04432043 0.04590039 0.12160921
v -0.04430254 0.04590449 0.12163881
v -0.04425952 0.04592024 0.12169240
v -0.04424674 0.04592491 0.12170830
v -0.04414945 0.04597383 0.12178950
v -0.04413942 0.04597888 0.12179790
v -0.04394127 0.04609956 0.12189831
v -0.04388275 0.04613520 0.12192801
v -0.04380217 0.04618924 0.12195121
v -0.04263412 0.04741677 0.12082611
v -0.04206984 0.04730961 0.12247690
v -0.04245766 0.04752587 0.12087761
v -0.04180833 0.04747589 0.12255810
v -0.04170850 0.04796662 0.12115831
v -0.04197652 0.04782336 0.12101781
v -0.04135640 0.04852215 0.12006241
v -0.04085393 0.04877003 0.12035680
v -0.04131383 0.04817370 0.12137691
v -0.04137967 0.04814239 0.12133050
v -0.04524253 0.04481587 0.12258130
v -0.04538144 0.04474480 0.12245691
v -0.04805965 0.04231626 0.12259450
v -0.04538895 0.04474177 0.12244781
v -0.04544233 0.04472031 0.12238341
v -0.04556313 0.04468795 0.12219250
v -0.04556765 0.04468674 0.12218541
v -0.04560844 0.04468434 0.12209720
v -0.04567129 0.04470301 0.12189911
v -0.04567996 0.04470558 0.12187181
v -0.04569215 0.04471674 0.12181241
v -0.04571987 0.04480757 0.12149401
v -0.04571045 0.04487734 0.12132001
v -0.04570972 0.04488271 0.12130661
v -0.04563242 0.04506933 0.12095871
v -0.05226739 0.04436863 0.10700010
v -0.04562551 0.04508026 0.12094361
v -0.04550611 0.04526905 0.12068200
v -0.04543964 0.04535202 0.12059630
v -0.04524317 0.04559724 0.12034311
v -0.04519277 0.04565359 0.12029541
v -0.04518427 0.04566309 0.12028731
v -0.05219523 0.04443418 0.10700010
v -0.04478100 0.04606723 0.12002421
v -0.04996973 0.04622233 0.10699991
v -0.05034414 0.04594849 0.10699991
v -0.04343758 0.04517015 0.12573281
v -0.04381995 0.04486170 0.12570951
v -0.04197063 0.04465940 0.13033411
v -0.04400188 0.04471495 0.12569851
v -0.04568788 0.04123751 0.13034841
v -0.04456233 0.04427897 0.12559280
v -0.04474509 0.04414143 0.12554081
v -0.04482036 0.04408868 0.12550680
v -0.04413278 0.04553763 0.12310680
v -0.04413871 0.04502177 0.12454811
v -0.04401408 0.04511180 0.12458481
v -0.04395024 0.04566637 0.12315071
v -0.04546923 0.04363397 0.12521461
v -0.04505101 0.04439007 0.12418610
v -0.04513980 0.04486843 0.12267331
v -0.04511711 0.04488171 0.12268880
v -0.04453218 0.04473749 0.12443241
v -0.04440697 0.04534507 0.12302530
v -0.04492236 0.04447621 0.12424721
v -0.04463050 0.04519781 0.12292370
v -0.04505644 0.04491722 0.12273021
v -0.04319026 0.04575962 0.12463010
v -0.04322457 0.04617816 0.12332511
v -0.04342913 0.04556441 0.12464601
v -0.04355688 0.04546556 0.12463260
v -0.04306713 0.04586025 0.12462191
v -0.04298619 0.04592856 0.12460821
v -0.04281039 0.04608591 0.12454700
v -0.04262519 0.04625169 0.12448260
v -0.04261102 0.04626554 0.12447371
v -0.04257359 0.04630213 0.12445041
v -0.04256184 0.04631472 0.12443960
v -0.04245521 0.04642892 0.12434141
v -0.04243128 0.04645455 0.12431930
v -0.04240896 0.04648168 0.12428870
v -0.04237958 0.04652337 0.12422980
v -0.04234774 0.04656854 0.12416601
v -0.04231960 0.04666740 0.12392921
v -0.04232268 0.04667269 0.12390600
v -0.04277411 0.04642698 0.12361561
v -0.04233335 0.04659628 0.12411471
v -0.04233074 0.04660132 0.12410531
v -0.04231727 0.04665348 0.12397710
v -0.04292287 0.04638134 0.12341080
v -0.04290950 0.04638970 0.12341620
v -0.04232342 0.04667397 0.12390030
v -0.04234395 0.04668384 0.12382290
v -0.04235273 0.04668410 0.12380191
v -0.04235644 0.04668422 0.12379301
v -0.04239565 0.04667673 0.12372581
v -0.04240343 0.04667427 0.12371551
v -0.04241069 0.04667197 0.12370581
v -0.04248221 0.04664235 0.12363211
v -0.04250690 0.04662905 0.12361590
v -0.04265154 0.04655115 0.12352090
v -0.04268574 0.04652974 0.12350701
v -0.03915773 0.04840972 0.12553120
v -0.03944359 0.04824929 0.12542470
v -0.03797648 0.04774657 0.13031980
v -0.03964973 0.04813360 0.12534791
v -0.04012617 0.04789944 0.12503901
v -0.04243545 0.04601405 0.12561220
v -0.04243985 0.04601034 0.12561271
v -0.04326453 0.04531587 0.12571200
v -0.04343758 0.04517015 0.12573281
v -0.04179433 0.04748346 0.12256591
v -0.04170920 0.04752948 0.12261330
v -0.04158487 0.04758904 0.12270611
v -0.04139428 0.04768033 0.12284820
v -0.04133118 0.04770520 0.12291231
v -0.04130787 0.04771218 0.12294320
v -0.04117209 0.04775281 0.12312291
v -0.04113076 0.04775775 0.12320201
v -0.04109640 0.04776186 0.12326781
v -0.04101852 0.04774586 0.12350001
v -0.04101528 0.04774519 0.12350970
v -0.04100163 0.04773540 0.12357331
v -0.04097109 0.04765390 0.12391041
v -0.04097533 0.04761275 0.12403461
v -0.04098265 0.04758784 0.12409851
v -0.04011981 0.04790896 0.12502221
v -0.04099326 0.04755173 0.12419121
v -0.04107318 0.04740544 0.12447771
v -0.04109174 0.04737147 0.12454420
v -0.04114935 0.04729054 0.12466961
v -0.04125618 0.04716342 0.12482431
v -0.04138183 0.04701389 0.12500631
v -0.04150223 0.04688745 0.12512181
v -0.04156483 0.04682170 0.12518191
v -0.04190656 0.04649494 0.12539001
v -0.04205140 0.04635644 0.12547821
v -0.03494560 0.05143394 0.12349660
v -0.03388442 0.05148333 0.12573281
v -0.03486974 0.05156342 0.12309381
v -0.03388442 0.05215301 0.12253051
v -0.03485323 0.05163322 0.12281581
v -0.03491358 0.05176903 0.12205260
v -0.03486403 0.05168874 0.12253721
v -0.03484673 0.05166072 0.12270630
v -0.03388442 0.05274915 0.11967981
v -0.03536647 0.05176845 0.12099351
v -0.03521516 0.05179185 0.12123990
v -0.03520378 0.05179361 0.12125841
v -0.03497337 0.05178986 0.12181611
v -0.03494435 0.05177975 0.12193081
v -0.03235523 0.05287455 0.12252470
v -0.03061407 0.05365645 0.12252041
v -0.03235523 0.05342346 0.11967981
v -0.03682924 0.05235651 0.11470581
v -0.02592455 0.05553219 0.12156460
v -0.02586253 0.05556876 0.12143471
v -0.02671858 0.05612165 0.11467881
v -0.02575913 0.05562973 0.12121821
v -0.02573367 0.05564200 0.12118361
v -0.02534691 0.05582848 0.12065800
v -0.02530210 0.05584692 0.12061780
v -0.02519327 0.05589168 0.12052021
v -0.02498486 0.05597742 0.12033320
v -0.02455295 0.05613295 0.12008311
v -0.02433341 0.05621201 0.11995601
v -0.02761235 0.05667229 0.10700001
v -0.02384555 0.05636772 0.11979430
v -0.02615403 0.05701599 0.10700001
v -0.02380660 0.05638016 0.11978141
v -0.02474743 0.05734751 0.10700001
v -0.02259258 0.05671606 0.11969491
v -0.02216412 0.05780885 0.10700001
v -0.02277845 0.05666804 0.11968670
v -0.02293591 0.05662735 0.11967981
v -0.02240817 0.05676179 0.11971611
v -0.02193954 0.05686867 0.11983951
v -0.02160922 0.05694401 0.11992650
v -0.02141048 0.05698509 0.12001391
v -0.02123206 0.05701825 0.12012720
v -0.02092669 0.05707501 0.12032100
v -0.02600046 0.05546961 0.12185131
v -0.02822554 0.05501388 0.11967981
v -0.02822554 0.05458728 0.12251001
v -0.02975472 0.05446191 0.11967981
v -0.02975472 0.05399544 0.12251581
v -0.02613416 0.05533349 0.12254621
v -0.02613007 0.05534064 0.12250310
v -0.02610607 0.05538253 0.12225020
v -0.02635278 0.05498204 0.12452241
v -0.02592838 0.05523356 0.12379120
v -0.02822554 0.05428394 0.12452241
v -0.02602130 0.05523318 0.12356331
v -0.02609123 0.05525150 0.12325641
v -0.02610376 0.05527542 0.12304911
v -0.02613151 0.05532842 0.12259011
v -0.02635278 0.05480371 0.12573281
v -0.02560476 0.05525578 0.12443361
v -0.02577752 0.05523418 0.12416131
v -0.03162748 0.05260417 0.12573281
v -0.03005708 0.05327498 0.12573281
v -0.02926351 0.05278982 0.13029101
v -0.02740235 0.05440896 0.12573281
v -0.02462798 0.05474864 0.13027631
v -0.01985652 0.05634664 0.13026140
v -0.02066841 0.05670287 0.12489651
v -0.02067367 0.05670100 0.12490091
v -0.02090224 0.05661953 0.12509101
v -0.02131885 0.05647766 0.12532970
v -0.02154804 0.05639962 0.12546100
v -0.02310203 0.05590485 0.12572931
v -0.02327038 0.05585352 0.12571841
v -0.02202526 0.05624360 0.12561870
v -0.02205826 0.05623281 0.12562961
v -0.02293591 0.05595595 0.12573281
v -0.02378437 0.05570263 0.12561020
v -0.02411719 0.05560493 0.12554021
v -0.02428903 0.05555710 0.12547520
v -0.02451507 0.05549861 0.12534971
v -0.02493508 0.05538994 0.12511631
v -0.02512522 0.05534610 0.12496611
v -0.02512937 0.05534530 0.12496171
v -0.02543236 0.05528697 0.12463450
v -0.02557505 0.05525949 0.12448041
v -0.02022257 0.05687234 0.12437350
v -0.02047547 0.05677621 0.12467020
v -0.02056165 0.05674345 0.12477131
v -0.01641195 0.05765130 0.12573281
v -0.01664410 0.05760175 0.12572761
v -0.01498084 0.05759634 0.13024621
v -0.01700727 0.05752582 0.12566871
v -0.01753874 0.05741471 0.12558240
v -0.01769169 0.05738419 0.12552930
v -0.01770133 0.05738239 0.12552421
v -0.01806811 0.05731391 0.12533071
v -0.01811927 0.05730436 0.12530371
v -0.01818782 0.05729277 0.12525210
v -0.01865415 0.05724463 0.12454520
v -0.01866658 0.05724572 0.12449930
v -0.02003389 0.05695236 0.12404351
v -0.01870342 0.05726679 0.12415900
v -0.01870086 0.05727560 0.12406470
v -0.01985912 0.05704309 0.12353911
v -0.01860091 0.05733933 0.12359311
v -0.01980633 0.05707049 0.12338671
v -0.01867535 0.05729709 0.12388470
v -0.01868906 0.05728931 0.12393841
v -0.01851437 0.05724808 0.12488241
v -0.01853778 0.05724713 0.12483021
v -0.01863684 0.05724311 0.12460911
v -0.02012815 0.05691238 0.12420840
v -0.01842415 0.05725785 0.12501451
v -0.01834687 0.05726926 0.12509221
v -0.01851740 0.05737339 0.12341630
v -0.01975323 0.05716508 0.12247861
v -0.01857656 0.05734926 0.12354161
v -0.01975508 0.05713618 0.12279721
v -0.01975681 0.05710924 0.12309401
v -0.01844237 0.05739886 0.12331380
v -0.01831802 0.05744107 0.12314380
v -0.01822648 0.05746871 0.12305511
v -0.01831547 0.05748279 0.12263621
v -0.01821275 0.05747286 0.12304171
v -0.01805043 0.05753116 0.12275790
v -0.01789921 0.05755876 0.12282731
v -0.01838905 0.05747052 0.12258631
v -0.01840924 0.05746715 0.12257261
v -0.01851532 0.05745150 0.12247391
v -0.01864527 0.05743235 0.12235300
v -0.02059003 0.05713203 0.12059141
v -0.01893573 0.05748944 0.12084090
v -0.02064371 0.05712346 0.12054291
v -0.02080149 0.05709828 0.12040050
v -0.02023550 0.05717713 0.12103750
v -0.02017428 0.05718492 0.12111451
v -0.01897701 0.05746180 0.12107351
v -0.01999369 0.05719789 0.12145540
v -0.01900278 0.05744455 0.12121881
v -0.01975252 0.05717617 0.12235641
v -0.01878915 0.05741576 0.12216131
v -0.01883175 0.05741382 0.12206820
v -0.01979124 0.05718958 0.12209920
v -0.01866378 0.05742961 0.12233581
v -0.01975298 0.05716891 0.12243641
v -0.01892589 0.05740952 0.12186230
v -0.01895784 0.05741185 0.12174601
v -0.01992102 0.05719491 0.12168651
v -0.01896409 0.05741230 0.12172320
v -0.01900608 0.05743474 0.12133130
v -0.01889755 0.05750547 0.12074270
v -0.01886607 0.05751868 0.12066170
v -0.01873091 0.05756427 0.12044761
v -0.01869522 0.05757630 0.12039100
v -0.01860064 0.05760431 0.12028650
v -0.01850624 0.05762952 0.12021261
v -0.01831395 0.05768089 0.12006211
v -0.01825026 0.05769675 0.12002460
v -0.01813045 0.05772440 0.11997581
v -0.00929025 0.05909030 0.11967981
v -0.00913272 0.05910645 0.11968680
v -0.00894346 0.05912584 0.11969530
v -0.00873685 0.05914599 0.11971971
v -0.00829377 0.05918516 0.11983951
v -0.00794668 0.05921585 0.11993330
v -0.00772829 0.05923306 0.12003181
v -0.00758539 0.05924301 0.12012530
v -0.00712234 0.05927529 0.12042830
v -0.00699905 0.05928249 0.12054391
v -0.00648779 0.05930680 0.12118251
v -0.00528506 0.05942591 0.12007130
v -0.00659463 0.05930201 0.12104081
v -0.00689726 0.05928844 0.12063930
v -0.00612771 0.05930574 0.12220031
v -0.00522773 0.05936795 0.12242231
v -0.00627244 0.05930949 0.12168510
v -0.00631611 0.05931062 0.12152971
v -0.01090918 0.05888985 0.12008320
v -0.01055708 0.05893939 0.11991401
v -0.01112120 0.05919923 0.10699991
v -0.01046845 0.05895187 0.11987140
v -0.01020023 0.05898589 0.11979371
v -0.01014246 0.05899322 0.11977701
v -0.00974164 0.05932223 0.10699991
v -0.00658009 0.05951236 0.10700020
v -0.00630127 0.05952913 0.10700030
v -0.01775296 0.05781155 0.11982200
v -0.01760097 0.05784421 0.11978300
v -0.01992232 0.05820921 0.10700001
v -0.01759214 0.05784611 0.11978071
v -0.01968375 0.05824028 0.10700001
v -0.01658500 0.05804393 0.11967981
v -0.01665934 0.05863407 0.10700001
v -0.01580624 0.05817305 0.11967981
v -0.01491972 0.05886058 0.10700001
v -0.01345465 0.05856295 0.11967981
v -0.01314542 0.05901877 0.10699991
v -0.01245641 0.05858519 0.12222310
v -0.01240237 0.05860673 0.12195041
v -0.01345465 0.05840837 0.12245391
v -0.01236444 0.05861703 0.12184971
v -0.01215637 0.05867353 0.12129731
v -0.01208725 0.05868841 0.12118351
v -0.01196393 0.05871498 0.12098051
v -0.01164646 0.05877318 0.12062610
v -0.01154910 0.05879103 0.12051751
v -0.01150636 0.05879887 0.12046981
v -0.01113800 0.05885766 0.12019320
v -0.00956160 0.05797873 0.13800001
v -0.01065012 0.05868141 0.12547240
v -0.01086072 0.05865665 0.12537641
v -0.01087793 0.05865475 0.12536510
v -0.01146607 0.05858980 0.12497761
v -0.01345465 0.05822566 0.12573281
v -0.01148344 0.05858808 0.12496131
v -0.01168611 0.05856809 0.12477051
v -0.01194698 0.05854726 0.12442411
v -0.01209301 0.05853559 0.12423021
v -0.01247243 0.05854039 0.12304990
v -0.01248132 0.05854290 0.12297631
v -0.01226606 0.05852796 0.12387980
v -0.01228977 0.05852882 0.12379520
v -0.01245249 0.05853478 0.12321490
v -0.01246858 0.05856453 0.12259111
v -0.01246394 0.05857241 0.12245061
v -0.01534628 0.05785827 0.12573281
v -0.00612436 0.05927479 0.12319101
v -0.00617741 0.05926157 0.12345881
v -0.00536061 0.05932152 0.12362301
v -0.00620818 0.05925613 0.12354071
v -0.00530123 0.05930790 0.12418400
v -0.00642291 0.05921815 0.12411240
v -0.00528387 0.05930717 0.12424621
v -0.00610046 0.05930102 0.12242570
v -0.00609931 0.05930082 0.12243521
v -0.00609935 0.05930078 0.12243641
v -0.00611129 0.05928838 0.12279661
v -0.00521871 0.05935770 0.12278781
v -0.00532957 0.05933750 0.12318790
v -0.00531639 0.05934089 0.12310940
v -0.00531406 0.05934150 0.12309550
v -0.00648135 0.05920948 0.12420891
v -0.00517567 0.05930583 0.12453370
v -0.00524536 0.05930555 0.12438431
v -0.00661442 0.05918975 0.12442871
v -0.00691802 0.05914854 0.12476900
v -0.00479295 0.05857844 0.13800001
v -0.00703230 0.05913302 0.12489711
v -0.00706929 0.05912800 0.12493851
v -0.00744436 0.05907962 0.12522071
v -0.00767128 0.05905102 0.12532981
v -0.00811084 0.05899563 0.12554101
v -0.00837941 0.05896207 0.12561890
v -0.00843648 0.05895494 0.12563540
v -0.00788241 0.05830665 0.13800001
v -0.00929025 0.05884848 0.12573281
v -0.00822957 0.05827611 0.13800001
v -0.00965406 0.05880318 0.12571570
v -0.00985852 0.05877781 0.12569060
v -0.01013846 0.05874372 0.12561341
v -0.01027674 0.05872688 0.12557531
v -0.05732484 0.02478127 0.13040110
v -0.05731790 0.02480271 0.13039231
v -0.05731336 0.02478790 0.13041851
v -0.05497078 0.02928444 0.13039150
v -0.06054911 0.02561761 0.12266910
v -0.06185128 0.02216794 0.12318631
v -0.06853749 0.02212394 0.10699991
v -0.06854805 0.02210008 0.10699991
v -0.06930669 0.01994037 0.10700001
v -0.05800466 0.03019948 0.12265021
v -0.06337200 0.03196475 0.10700001
v -0.06347970 0.03181304 0.10700001
v -0.06360630 0.03163470 0.10700010
v -0.06483007 0.02967079 0.10700001
v -0.06618611 0.02716585 0.10700001
v -0.06677945 0.02606982 0.10700010
v -0.06114977 0.03509514 0.10700001
v -0.05504928 0.03452620 0.12263151
v -0.06004597 0.03642468 0.10700001
v -0.05543772 0.04148889 0.10699991
v -0.05632703 0.04056255 0.10700001
v -0.05172001 0.03857030 0.12261291
v -0.05842467 0.03837757 0.10700001
v -0.05949227 0.03709162 0.10700001
v -0.05497254 0.04191143 0.10700001
v -0.03662449 0.05097584 0.12158761
v -0.03684105 0.05091350 0.12134891
v -0.03694680 0.05076169 0.12174591
v -0.03685975 0.05090812 0.12132831
v -0.03697457 0.05086715 0.12123481
v -0.03718579 0.05077958 0.12111201
v -0.03729639 0.05073374 0.12104770
v -0.03757673 0.05060023 0.12095141
v -0.03637061 0.05099684 0.12208951
v -0.03640852 0.05099642 0.12200290
v -0.03633401 0.05098638 0.12221960
v -0.03651892 0.05099521 0.12175071
v -0.03659903 0.05098051 0.12162691
v -0.03629128 0.05093388 0.12254291
v -0.03630438 0.05094998 0.12244381
v -0.03803245 0.05035554 0.12089410
v -0.03803245 0.05035590 0.12089261
v -0.03803487 0.05035448 0.12089271
v -0.03803684 0.05035330 0.12089290
v -0.03804122 0.05035071 0.12089331
v -0.03804313 0.05034963 0.12089321
v -0.03805477 0.05034299 0.12089300
v -0.03806052 0.05033948 0.12089380
v -0.03807206 0.05033244 0.12089551
v -0.03858726 0.05001145 0.12097361
v -0.03875915 0.04990436 0.12099971
v -0.03914370 0.04963288 0.12115171
v -0.03922250 0.04957725 0.12118281
v -0.03964259 0.04924656 0.12144710
v -0.03760371 0.05058573 0.12094800
v -0.03804504 0.05034859 0.12089290
v -0.03804887 0.05034649 0.12089251
v -0.04011970 0.04923085 0.12039061
v -0.04012617 0.04923136 0.12037360
v -0.03967791 0.04957417 0.12011580
v -0.03934028 0.04983237 0.11992171
v -0.03892081 0.05010998 0.11980021
v -0.04315192 0.05079447 0.10699981
v -0.03871660 0.05024513 0.11974100
v -0.03939894 0.05270029 0.10700010
v -0.03804884 0.05063997 0.11967981
v -0.03868433 0.05299526 0.10700010
v -0.03781227 0.05076986 0.11968690
v -0.03817585 0.05320516 0.10700001
v -0.03765638 0.05085165 0.11970311
v -0.03749461 0.05093653 0.11971981
v -0.03685544 0.05123831 0.11989701
v -0.03666666 0.05132745 0.11994931
v -0.03652913 0.05138577 0.12001111
v -0.03618294 0.05151725 0.12022790
v -0.03593893 0.05160992 0.12038070
v -0.03577288 0.05166362 0.12052411
v -0.03572753 0.05167531 0.12057641
v -0.03564199 0.05169738 0.12067521
v -0.03540758 0.05434785 0.10699991
v -0.03385508 0.05490001 0.10700001
v -0.02939269 0.05625270 0.10700001
v -0.00170092 0.05958694 0.12138341
v -0.00170092 0.05962226 0.11967981
v -0.00290376 0.05953546 0.12138341
v -0.00379728 0.05952730 0.11967981
v 0.00000000 0.05971916 0.10700001
v -0.00017172 0.05965968 0.11967981
v 0.00000000 0.05961348 0.12118310
v -0.00017172 0.05959434 0.12240171
v 0.00000000 0.05960440 0.12240121
v 0.00000000 0.05960371 0.12249451
v -0.00017172 0.05951437 0.12573281
v -0.00000000 0.05900009 0.13800001
v -0.00286069 0.05941622 0.12573281
v -0.00345711 0.05938372 0.12566260
v -0.00382914 0.05936345 0.12561880
v -0.00402448 0.05935285 0.12555990
v -0.00414434 0.05934667 0.12550200
v -0.00452670 0.05932696 0.12531750
v -0.00456614 0.05932513 0.12528901
v -0.00466901 0.05932035 0.12521461
v -0.00488676 0.05931193 0.12499360
v -0.00496665 0.05930884 0.12491260
v -0.00506561 0.05930628 0.12476961
v -0.00511633 0.05930607 0.12466090
v -0.00515731 0.05936813 0.12258970
v -0.00506994 0.05937923 0.12242161
v -0.00506098 0.05938037 0.12240441
v -0.00493597 0.05939359 0.12224151
v -0.00479269 0.05940873 0.12205481
v -0.00466046 0.05942088 0.12193261
v -0.00464723 0.05942195 0.12192401
v -0.00426964 0.05945260 0.12167731
v -0.00517052 0.05936589 0.12263231
v -0.03235523 0.05225555 0.12573281
v -0.03162748 0.05284420 0.12452241
v -0.03027635 0.05343666 0.12452241
v -0.02975472 0.05366539 0.12452241
v -0.03934149 0.04868561 0.12416591
v -0.03929323 0.04871035 0.12418950
v -0.03903036 0.04884514 0.12431781
v -0.03868972 0.04903387 0.12442431
v -0.03858180 0.04909366 0.12445801
v -0.03807206 0.04939771 0.12451710
v -0.03804887 0.04941130 0.12452011
v -0.03804671 0.04941268 0.12451990
v -0.03806044 0.04940457 0.12451841
v -0.03806563 0.04940155 0.12451771
v -0.03804502 0.04941377 0.12451971
v -0.03804122 0.04941624 0.12451931
v -0.03803880 0.04941771 0.12451951
v -0.03803245 0.04942150 0.12452000
v -0.03803245 0.04942190 0.12451851
v -0.03803682 0.04941889 0.12451961
v -0.03779123 0.04957672 0.12449331
v -0.03765516 0.04966405 0.12447911
v -0.03752898 0.04974864 0.12444841
v -0.03737369 0.04985902 0.12438000
v -0.03708329 0.05006543 0.12425191
v -0.03700141 0.05012773 0.12419601
v -0.03697343 0.05014903 0.12417691
v -0.03671172 0.05036468 0.12392081
v -0.03665463 0.05041173 0.12386490
v -0.03655673 0.05050204 0.12372510
v -0.03647731 0.05058814 0.12355491
v -0.03637399 0.05070016 0.12333361
v -0.03632516 0.05077020 0.12315500
v -0.03632487 0.05077100 0.12315230
v -0.03627708 0.05090326 0.12270630
v -0.03627796 0.05091752 0.12264371
v -0.03519202 0.05115802 0.12413231
v -0.03523813 0.05111511 0.12420920
v -0.03534586 0.05101489 0.12438891
v -0.03567751 0.05074035 0.12476771
v -0.03579100 0.05064640 0.12489731
v -0.03582410 0.05061900 0.12493510
v -0.03608401 0.05042052 0.12514091
v -0.03643587 0.05016804 0.12532281
v -0.03683411 0.04988230 0.12552861
v -0.03704976 0.04973430 0.12559761
v -0.03714020 0.04967480 0.12560991
v -0.03804884 0.04907708 0.12573281
v -0.03861533 0.04872397 0.12568911
v -0.03865936 0.04869752 0.12568050
v -0.03886450 0.04857427 0.12564041
v -0.03799483 0.04488554 0.13800001
v -0.03669197 0.04583754 0.13800001
v -0.03954828 0.04338024 0.13800001
v -0.04256020 0.04046170 0.13800001
v -0.04303304 0.04000352 0.13800001
v -0.04908242 0.03242611 0.13800001
v -0.05221859 0.03352972 0.13037701
v -0.04880510 0.03288041 0.13800001
v -0.04766018 0.03433972 0.13800001
v -0.04911326 0.03752056 0.13036271
v -0.04613572 0.03628277 0.13800001
v -0.04379845 0.03926184 0.13800001
v -0.01635550 0.05646197 0.13800001
v -0.01562398 0.05662528 0.13800001
v -0.01426833 0.05692794 0.13800001
v -0.01887184 0.05553100 0.13800001
v -0.02309354 0.05396909 0.13800001
v -0.02340071 0.05385545 0.13800001
v -0.03016094 0.05036242 0.13800001
v -0.02770439 0.05167788 0.13800001
v -0.02416805 0.05357155 0.13800001
v -0.03583049 0.04646703 0.13800001
v -0.03192094 0.04932378 0.13800001
v -0.03142820 0.04968382 0.13800001
v 0.00622531 0.05923344 0.12420231
v 0.00666078 0.05921200 0.12308921
v 0.00579832 0.05930270 0.12308921
v 0.00710149 0.05919030 0.12196271
v 0.00536620 0.05937278 0.12196271
v 0.05465001 0.02200636 0.13800001
v 0.05551197 0.01998554 0.13800001
v 0.05610621 0.02019948 0.12118330
v 0.03605482 -0.04750045 0.12101091
v 0.03605321 -0.04749834 0.12118330
v 0.03572768 -0.04774143 0.12118330
v 0.01135286 -0.05856893 0.11975821
v 0.01117884 -0.05860151 0.11973481
v 0.01118827 -0.05865135 0.10700001
v 0.05365966 0.02590470 0.09922712
v 0.05338005 0.02649872 0.10025600
v 0.05346465 0.02654009 0.10449830
v 0.05712799 -0.01725272 0.10361780
v 0.05706031 -0.01751247 0.10449830
v 0.05616077 -0.02021912 0.10449830
v 0.03035218 0.05132299 0.12125261
v 0.03034740 0.05131464 0.12185691
v 0.03062073 0.05115706 0.12167731
v 0.00000000 0.05960371 0.12249451
v -0.00000000 0.05900009 0.13800001
v 0.00432105 0.05884155 0.13800001
v 0.01378805 0.05801554 0.12118330
v 0.01241898 0.05831736 0.12118330
v 0.01300345 0.05817713 0.12205791
v 0.01196395 0.05837150 0.12322520
v 0.01116722 0.05854363 0.12203821
v 0.01115916 0.05849541 0.12412871
v 0.03990770 0.04434805 0.11967981
v 0.03990770 0.04429979 0.12118310
v 0.04127360 0.04303971 0.12118330
v 0.03990770 0.04415374 0.12573281
v 0.03605321 0.04749834 0.12118330
v 0.03837852 0.04563861 0.12118330
v 0.03837852 0.04567782 0.11967981
v 0.03121358 0.04999076 0.13800001
v 0.03567135 0.04699526 0.13800001
v 0.03471860 0.04834042 0.12573281
v 0.03202966 0.05016252 0.12573281
v 0.03144004 0.05053342 0.12566180
v 0.03003344 0.05078378 0.13800001
v 0.03104376 0.05078271 0.12561420
v 0.03085530 0.05089945 0.12555620
v 0.03074759 0.05096581 0.12550191
v 0.03032434 0.05122658 0.12528860
v 0.03031179 0.05123432 0.12528221
v 0.03030307 0.05123968 0.12527571
v 0.03602658 0.04746326 0.12312140
v 0.03568091 0.04772367 0.12312140
v 0.03544907 0.04785062 0.12452231
v 0.03837852 0.04561964 0.12191070
v 0.03604375 0.04748589 0.12191070
v 0.03568091 0.04775913 0.12191070
v 0.03471860 0.04847387 0.12118310
v 0.03600446 0.04743413 0.12452231
v 0.03837852 0.04553469 0.12452231
v 0.03837852 0.04558251 0.12312140
v 0.02307156 0.05496646 0.12118341
v 0.02244205 0.05527864 0.11967981
v 0.02208431 0.05542253 0.11967981
v 0.02064965 0.05597290 0.11967981
v 0.01788325 0.05691716 0.11967981
v 0.02064965 0.05593847 0.12118320
v 0.01899935 0.05650177 0.12118351
v 0.02064965 0.05588755 0.12340681
v 0.02407443 0.05458750 0.11967981
v 0.02427675 0.05452508 0.10700001
v 0.02127385 0.05580038 0.10700020
v 0.02095441 0.05590873 0.10700020
v 0.01785008 0.05696163 0.10700001
v 0.01784092 0.05693045 0.11967981
v 0.02399746 0.05389918 0.13800001
v 0.02421804 0.05439790 0.12392161
v 0.02208431 0.05526718 0.12573281
v 0.02208431 0.05538395 0.12118310
v 0.02073551 0.05578724 0.12573281
v 0.01796072 0.05684403 0.12199740
v 0.01796072 0.05674143 0.12573281
v 0.02299840 0.05427670 0.13800001
v 0.01779777 0.05679275 0.12573281
v 0.01764341 0.05630018 0.13800001
v 0.03022130 0.05129002 0.12521451
v 0.03000423 0.05142438 0.12499331
v 0.02654859 0.05326678 0.12573281
v 0.02991895 0.05147718 0.12490631
v 0.02977606 0.05156710 0.12468590
v 0.02976715 0.05157291 0.12466411
v 0.02962043 0.05166869 0.12430550
v 0.02960602 0.05167877 0.12424640
v 0.02957762 0.05169865 0.12412990
v 0.02952977 0.05174130 0.12362301
v 0.02955590 0.05173805 0.12322230
v 0.02849855 0.05235843 0.12118341
v 0.02957420 0.05173081 0.12310940
v 0.02957734 0.05172957 0.12309011
v 0.02971323 0.05166432 0.12263491
v 0.02971527 0.05166325 0.12263090
v 0.02984156 0.05159710 0.12238411
v 0.02995297 0.05153610 0.12224051
v 0.03009468 0.05145852 0.12205791
v 0.03024391 0.05137429 0.12192490
v 0.03030840 0.05135004 0.12118330
v 0.03022189 0.05138699 0.12193941
v 0.02497634 0.05402185 0.12573281
v 0.02450371 0.05437312 0.12079541
v 0.02713252 0.05311021 0.12079541
v 0.02426214 0.05449376 0.12016761
v 0.02757075 0.05290773 0.11967981
v 0.02914300 0.05205823 0.11967981
v 0.02937726 0.05199265 0.10699991
v 0.02745728 0.05298404 0.10699991
v 0.02538128 0.05405599 0.10699991
v 0.02935778 0.05193741 0.11967981
v 0.03039346 0.05139252 0.10700001
v 0.00958432 0.05888561 0.11967981
v 0.01117926 0.05860374 0.11967981
v 0.01118827 0.05865135 0.10700001
v 0.01141414 0.05855844 0.11967981
v 0.01380244 0.05801257 0.12116720
v 0.01380244 0.05804194 0.11967981
v 0.01533162 0.05765687 0.11967981
v 0.01413143 0.05798495 0.10699981
v 0.01275374 0.05834039 0.10699981
v 0.01653445 0.05732352 0.11967981
v 0.01706258 0.05722873 0.10699991
v 0.01653445 0.05728622 0.12118310
v 0.01533162 0.05761979 0.12118310
v 0.01653445 0.05717333 0.12573281
v 0.01533162 0.05750756 0.12573281
v 0.01380244 0.05789361 0.12573281
v 0.01380244 0.05796718 0.12311261
v 0.01149999 0.05839459 0.12573281
v 0.01419063 0.05716746 0.13800001
v 0.01105550 0.05795495 0.13800001
v 0.00696418 0.05910734 0.12573281
v 0.00539192 0.05927145 0.12573281
v 0.00973030 0.05871541 0.12573281
v 0.00891416 0.05894383 0.12118330
v 0.01059351 0.05866758 0.12118341
v 0.00955859 0.05888979 0.11967981
v 0.00449002 0.05949129 0.11967981
v 0.01051130 0.05878582 0.10700010
v 0.00711699 0.05926259 0.10700030
v 0.00609022 0.05940681 0.10700040
v 0.00436943 0.05950027 0.11967981
v 0.00491930 0.05943626 0.12079541
v 0.00754811 0.05915990 0.12079541
v 0.00798634 0.05912353 0.11967981
v 0.00437110 0.05951842 0.10700030
v 0.00164280 0.05969557 0.10700010
v 0.00285764 0.05959201 0.11967981
v 0.00000000 0.05961348 0.12118310
v 0.00000000 0.05960440 0.12240121
v 0.00436071 0.05940189 0.12326980
v 0.00348713 0.05951239 0.12118330
v 0.00505550 0.05874486 0.13800001
v 0.01115222 0.05846200 0.12573281
v 0.03036966 0.05135229 0.11967981
v 0.03109308 0.05091753 0.11967981
v 0.03318941 0.04957658 0.11967981
v 0.03318941 0.04954142 0.12118330
v 0.03608422 0.04754007 0.10700001
v 0.03504387 0.04835480 0.10700010
v 0.03471860 0.04851796 0.11967981
v 0.03358120 0.04933384 0.10700010
v 0.03134596 0.05083001 0.10700010
v 0.03854492 0.04561302 0.10699971
v 0.03188163 0.05039178 0.12118330
v 0.03198660 0.05032180 0.12138341
v 0.03318941 0.04953674 0.12138341
v 0.05694971 -0.01793694 0.10593721
v 0.05689376 -0.01814981 0.10710100
v 0.05688136 -0.01819696 0.10735881
v 0.05683675 -0.01837866 0.10978200
v 0.05686132 -0.01830831 0.11156460
v 0.05610621 -0.02019948 0.12118330
v 0.05694725 -0.01801718 0.11344931
v 0.05697195 -0.01793350 0.11399110
v 0.05716302 -0.01724732 0.11632331
v 0.05728437 -0.01679240 0.11744311
v 0.05733385 -0.01659624 0.11781370
v 0.05766767 -0.01352583 0.08947661
v 0.05796284 -0.01359538 0.09765445
v 0.05573087 -0.02006435 0.08947661
v 0.05784008 -0.01421472 0.09831424
v 0.05771310 -0.01478610 0.09911464
v 0.05752210 -0.01564543 0.10031850
v 0.05737607 -0.01625936 0.10139151
v 0.05720349 -0.01695042 0.10294030
v 0.05887131 -0.00785175 0.09336751
v 0.05864301 -0.00966621 0.09432799
v 0.05832826 -0.01166865 0.09576255
v 0.05832089 -0.01170993 0.09579870
v 0.05817677 -0.01251614 0.09650473
v 0.05923266 0.00000000 0.08947661
v 0.05932446 0.00000003 0.09159266
v 0.05930805 -0.00160183 0.09165545
v 0.05884011 -0.00680803 0.08947661
v 0.05923062 -0.00348718 0.09194674
v 0.05920829 -0.00403071 0.09203073
v 0.05903099 -0.00636524 0.09271798
v 0.05898442 -0.00682477 0.09290475
v 0.05891774 -0.00748274 0.09317218
v 0.05884011 0.00680803 0.08947661
v 0.05903227 0.00635159 0.09271328
v 0.05920831 0.00402831 0.09202733
v 0.05926483 0.00286209 0.09181350
v 0.05927664 0.00261846 0.09176881
v 0.05932641 0.00019083 0.09158519
v 0.05799342 0.01346851 0.09745800
v 0.05832966 0.01166104 0.09575869
v 0.05766767 0.01352583 0.08947661
v 0.05845728 0.01084862 0.09517773
v 0.05864422 0.00965854 0.09432673
v 0.05878857 0.00858074 0.09370907
v 0.05895887 0.00702297 0.09301320
v 0.05898059 0.00682436 0.09292448
v 0.05573087 0.02006435 0.08947661
v 0.05616077 0.02021912 0.10449830
v 0.05712936 0.01724738 0.10360300
v 0.05724425 0.01679396 0.10248651
v 0.05729215 0.01659583 0.10211191
v 0.05752351 0.01563888 0.10030270
v 0.05784214 0.01420463 0.09829944
v 0.05785034 0.01416471 0.09825380
v 0.05796720 0.01359612 0.09760386
v 0.05692897 0.01801702 0.10647620
v 0.05695079 0.01793344 0.10593510
v 0.05706081 0.01751075 0.10449830
v 0.05777171 0.01478591 0.12081100
v 0.05757524 0.01563964 0.11961661
v 0.05742343 0.01625299 0.11854621
v 0.05724071 0.01695068 0.11698571
v 0.05716287 0.01724792 0.11632081
v 0.05697176 0.01793386 0.11400200
v 0.05690877 0.01814985 0.11282490
v 0.05689536 0.01819580 0.11257451
v 0.05683777 0.01837848 0.11015140
v 0.05685297 0.01830818 0.10836130
v 0.05744115 0.01347270 0.13800001
v 0.05802685 0.01361034 0.12225561
v 0.05790481 0.01420754 0.12162021
v 0.05783295 0.01451982 0.12118330
v 0.05828125 0.00918126 0.13800001
v 0.05835806 0.00870071 0.13794260
v 0.05901256 0.00747834 0.12675561
v 0.05836826 0.00863838 0.13792391
v 0.05839088 0.00850022 0.13788241
v 0.05845246 0.00813559 0.13769831
v 0.05846783 0.00804464 0.13765241
v 0.05846992 0.00803270 0.13764381
v 0.05749758 0.01318449 0.13800001
v 0.05896438 0.00785154 0.12655810
v 0.05873076 0.00966148 0.12560071
v 0.05840736 0.01166396 0.12416701
v 0.05839894 0.01170975 0.12412700
v 0.05825219 0.01250765 0.12342891
v 0.05884228 0.00582056 0.13549210
v 0.05908593 0.00395241 0.13362400
v 0.05907931 0.00683575 0.12701661
v 0.05849379 0.00789657 0.13754491
v 0.05853225 0.00768378 0.13735531
v 0.05868113 0.00678903 0.13646061
v 0.05912583 0.00355158 0.13330530
v 0.05912924 0.00350938 0.13328341
v 0.05912851 0.00636214 0.12720891
v 0.05924603 0.00000000 0.13300001
v 0.05942914 -0.00000003 0.12833381
v 0.05919473 0.00246502 0.13300001
v 0.05941217 0.00160170 0.12827050
v 0.05919027 0.00256733 0.13300240
v 0.05933286 0.00348699 0.12797921
v 0.05917827 0.00280719 0.13302721
v 0.05931006 0.00402898 0.12789551
v 0.05916553 0.00300549 0.13308440
v 0.05914820 0.00327533 0.13316221
v 0.05931050 -0.00402011 0.12790031
v 0.05936779 -0.00286218 0.12811190
v 0.05919473 -0.00246502 0.13300001
v 0.05938061 -0.00260305 0.12815920
v 0.05943102 -0.00017721 0.12834081
v 0.05916972 -0.00295573 0.13305701
v 0.05916616 -0.00300868 0.13307441
v 0.05913045 -0.00634192 0.12721611
v 0.05914852 -0.00327094 0.13316041
v 0.05907519 -0.00683528 0.12699611
v 0.05912871 -0.00350441 0.13329450
v 0.05911162 -0.00370583 0.13341021
v 0.05908593 -0.00395241 0.13362400
v 0.05803129 -0.01361115 0.12230461
v 0.05806246 -0.01346418 0.12247251
v 0.05744115 -0.01347270 0.13800001
v 0.05840869 -0.01165678 0.12417071
v 0.05853909 -0.01084891 0.12474801
v 0.05873186 -0.00965462 0.12560151
v 0.05888090 -0.00856991 0.12622251
v 0.05749758 -0.01318449 0.13800001
v 0.05884228 -0.00582056 0.13549210
v 0.05868113 -0.00678903 0.13646061
v 0.05905415 -0.00702308 0.12691231
v 0.05853225 -0.00768378 0.13735531
v 0.05846707 -0.00805056 0.13764780
v 0.05845735 -0.00810524 0.13769141
v 0.05845268 -0.00813289 0.13770571
v 0.05840884 -0.00839188 0.13784011
v 0.05836804 -0.00864154 0.13791181
v 0.05833222 -0.00886071 0.13797480
v 0.05828125 -0.00918126 0.13800001
v 0.05757587 -0.01563664 0.11962681
v 0.05783240 -0.01452169 0.12118330
v 0.05551197 -0.01998554 0.13800001
v 0.05790602 -0.01420172 0.12163000
v 0.05791380 -0.01416506 0.12167190
v 0.04493114 0.03933768 0.10700040
v 0.04431747 0.03998751 0.10700030
v 0.04594693 0.03801060 0.12118330
v 0.04184341 0.04260737 0.10700001
v 0.04131849 0.04308570 0.10700001
v 0.03923153 0.04498738 0.10699981
v 0.05006264 0.03255324 0.10674280
v 0.05008142 0.03252326 0.10673091
v 0.05001126 0.03247769 0.12118330
v 0.05092600 0.03117495 0.10619530
v 0.04994144 0.03273733 0.10678360
v 0.04957717 0.03329061 0.10690620
v 0.04879114 0.03443376 0.10700001
v 0.04608575 0.03797846 0.10700030
v 0.04601243 0.03806477 0.10700030
v 0.05341271 0.02651430 0.12118330
v 0.05190864 0.02947994 0.10494600
v 0.05185037 0.02958197 0.10502881
v 0.05126306 0.03061054 0.10586381
v 0.05098198 0.03108121 0.10614020
v 0.05249848 0.02837158 0.10350000
v 0.05211745 0.02909436 0.10449830
v 0.05205302 0.02921659 0.10466710
v 0.05563089 0.02027490 0.08947615
v 0.05464776 0.02342204 0.09492711
v 0.05439213 0.02406432 0.09603955
v 0.05752950 0.01349396 0.08700000
v 0.05741496 0.01405190 0.08700000
v 0.05657800 0.01711325 0.08700000
v 0.05635630 0.01784553 0.08709066
v 0.05634590 0.01787986 0.08710122
v 0.05626698 0.01814060 0.08718133
v 0.05613100 0.01859235 0.08741098
v 0.05607302 0.01878496 0.08750888
v 0.05599358 0.01905254 0.08771099
v 0.05594736 0.01921306 0.08788274
v 0.05585678 0.01952762 0.08821934
v 0.05580694 0.01971133 0.08850000
v 0.05569977 0.02005438 0.08909418
v 0.05890862 0.00486908 0.08700000
v 0.05867004 0.00678794 0.08700000
v 0.05830733 0.00970506 0.08700000
v 0.05818061 0.01032232 0.08700000
v 0.05896953 0.00339263 0.08700000
v 0.05910950 0.00000000 0.08700000
v 0.05867004 -0.00678794 0.08700000
v 0.05890862 -0.00486908 0.08700000
v 0.05896953 -0.00339263 0.08700000
v 0.05741496 -0.01405190 0.08700000
v 0.05752950 -0.01349396 0.08700000
v 0.05818061 -0.01032232 0.08700000
v 0.05830733 -0.00970506 0.08700000
v 0.05569977 -0.02005438 0.08909418
v 0.05580694 -0.01971133 0.08850000
v 0.05585678 -0.01952762 0.08821934
v 0.05594736 -0.01921306 0.08788274
v 0.05599358 -0.01905254 0.08771099
v 0.05607302 -0.01878496 0.08750888
v 0.05613100 -0.01859235 0.08741098
v 0.05626698 -0.01814060 0.08718133
v 0.05634590 -0.01787986 0.08710122
v 0.05635630 -0.01784553 0.08709066
v 0.05657800 -0.01711325 0.08700000
v 0.05338005 -0.02649872 0.10025600
v 0.05365966 -0.02590470 0.09922712
v 0.05439213 -0.02406432 0.09603955
v 0.05464776 -0.02342204 0.09492711
v 0.05563089 -0.02027490 0.08947615
v 0.05001126 -0.03247769 0.12118330
v 0.05008142 -0.03252326 0.10673091
v 0.05341271 -0.02651430 0.12118330
v 0.05092600 -0.03117495 0.10619530
v 0.05098198 -0.03108121 0.10614020
v 0.05126306 -0.03061054 0.10586381
v 0.05185037 -0.02958197 0.10502881
v 0.05190864 -0.02947994 0.10494600
v 0.05205302 -0.02921659 0.10466710
v 0.05346465 -0.02654009 0.10449830
v 0.05211745 -0.02909436 0.10449830
v 0.05249848 -0.02837158 0.10350000
v 0.04594693 -0.03801060 0.12118330
v 0.04608575 -0.03797846 0.10700030
v 0.04879114 -0.03443376 0.10700001
v 0.04957717 -0.03329061 0.10690620
v 0.04994144 -0.03273733 0.10678360
v 0.05006264 -0.03255324 0.10674280
v 0.04431747 -0.03998751 0.10700030
v 0.04493114 -0.03933768 0.10700040
v 0.04601243 -0.03806477 0.10700030
v 0.04184341 -0.04260737 0.10700001
v 0.04127360 -0.04303971 0.12118330
v 0.04131849 -0.04308570 0.10700001
v 0.03984440 -0.04437100 0.12100590
v 0.03985739 -0.04435778 0.12106180
v 0.03988017 -0.04433459 0.12116001
v 0.03948769 -0.04470486 0.12038161
v 0.03940257 -0.04478290 0.12027661
v 0.03972636 -0.04448468 0.12070981
v 0.03972274 -0.04448815 0.12070070
v 0.03966697 -0.04454047 0.12060290
v 0.03929609 -0.04487873 0.12018191
v 0.03914834 -0.04500857 0.12009550
v 0.03873329 -0.04537331 0.11985270
v 0.03871447 -0.04538948 0.11984581
v 0.03855744 -0.04552436 0.11978821
v 0.03923153 -0.04498738 0.10699981
v 0.03807335 -0.04592667 0.11971091
v 0.03854492 -0.04561302 0.10699971
v 0.03750156 -0.04640187 0.11961970
v 0.03608422 -0.04754007 0.10700001
v 0.03737393 -0.04650477 0.11961800
v 0.03635457 -0.04730357 0.11972310
v 0.03616865 -0.04744304 0.11977711
v 0.03606835 -0.04751828 0.11980630
v 0.03419984 -0.04887054 0.12032590
v 0.03564213 -0.04783802 0.11993020
v 0.03534716 -0.04805129 0.12008351
v 0.03350635 -0.04935692 0.11992151
v 0.03343526 -0.04940677 0.11988010
v 0.03504387 -0.04835480 0.10700010
v 0.03270272 -0.04989889 0.11967231
v 0.03358120 -0.04933384 0.10700010
v 0.03268217 -0.04991270 0.11966650
v 0.03134596 -0.05083001 0.10700010
v 0.03110276 -0.05091027 0.11974431
v 0.03039346 -0.05139252 0.10700001
v 0.03115143 -0.05088002 0.11973800
v 0.03208012 -0.05030278 0.11961800
v 0.03081444 -0.05108338 0.11983591
v 0.03043120 -0.05130684 0.12003221
v 0.03036546 -0.05134517 0.12006591
v 0.03011636 -0.05149041 0.12019340
v 0.02988726 -0.05161996 0.12036571
v 0.02783071 -0.05277268 0.11961811
v 0.02978128 -0.05167821 0.12047590
v 0.02965936 -0.05174522 0.12060271
v 0.02942306 -0.05187509 0.12084840
v 0.02921421 -0.05198496 0.12118330
v 0.02783071 -0.05273048 0.12118310
v 0.02921817 -0.05198294 0.12117511
v 0.02926589 -0.05195862 0.12107600
v 0.02745728 -0.05298404 0.10699991
v 0.02538128 -0.05405599 0.10699991
v 0.02627032 -0.05356654 0.11961811
v 0.02427675 -0.05452508 0.10700001
v 0.02937726 -0.05199265 0.10699991
v 0.02425435 -0.05447616 0.12118330
v 0.02361673 -0.05474975 0.12118320
v 0.02361673 -0.05478826 0.11961811
v 0.01785008 -0.05696163 0.10700001
v 0.02095441 -0.05590873 0.10700020
v 0.02205634 -0.05543484 0.11961811
v 0.02127385 -0.05580038 0.10700020
v 0.02627032 -0.05352498 0.12118310
v 0.01936758 -0.05640328 0.12095321
v 0.01913696 -0.05648914 0.12063550
v 0.01894803 -0.05655662 0.12044900
v 0.01889218 -0.05657576 0.12041001
v 0.01832722 -0.05676940 0.12001561
v 0.01827857 -0.05678547 0.11999190
v 0.01813409 -0.05683319 0.11992141
v 0.01783967 -0.05692647 0.11983250
v 0.01752304 -0.05702677 0.11973681
v 0.01522458 -0.05768109 0.11990320
v 0.01573010 -0.05754815 0.11973601
v 0.01275374 -0.05834039 0.10699981
v 0.01578291 -0.05753427 0.11971850
v 0.01413143 -0.05798495 0.10699981
v 0.01665876 -0.05728865 0.11961800
v 0.01706258 -0.05722873 0.10699991
v 0.01710288 -0.05715718 0.11964310
v 0.01731137 -0.05709383 0.11967290
v 0.01244356 -0.05833276 0.12050331
v 0.01500788 -0.05773463 0.12002801
v 0.01458717 -0.05783856 0.12027041
v 0.01435594 -0.05789263 0.12046151
v 0.01435091 -0.05789374 0.12046731
v 0.01263590 -0.05827740 0.12118330
v 0.01260734 -0.05828923 0.12091620
v 0.01379260 -0.05801467 0.12117380
v 0.01390813 -0.05799131 0.12097831
v 0.01259926 -0.05829159 0.12088621
v 0.01257566 -0.05829848 0.12079870
v 0.01423591 -0.05791909 0.12060000
v 0.01247725 -0.05832402 0.12057860
v 0.01202107 -0.05842984 0.12006010
v 0.01199977 -0.05843452 0.12004490
v 0.01202224 -0.05842958 0.12006090
v 0.01233524 -0.05835881 0.12034830
v 0.01228182 -0.05837096 0.12029700
v 0.01207624 -0.05841773 0.12009941
v 0.01162718 -0.05851280 0.11986310
v 0.01151858 -0.05853563 0.11981000
v 0.01091483 -0.05865092 0.11969931
v 0.01032389 -0.05876153 0.11961970
v 0.01051130 -0.05878582 0.10700010
v 0.01017824 -0.05878696 0.11961800
v 0.00711699 -0.05926259 0.10700030
v 0.00698401 -0.05925139 0.11961800
v 0.00609022 -0.05940681 0.10700040
v 0.00437110 -0.05951842 0.10700030
v 0.00698401 -0.05921382 0.12118310
v 0.00561261 -0.05936686 0.12118330
v 0.00561091 -0.05936710 0.12117981
v 0.00544378 -0.05938690 0.12095311
v 0.00519743 -0.05941608 0.12061901
v 0.00497237 -0.05943952 0.12040391
v 0.00496921 -0.05943985 0.12040091
v 0.00436900 -0.05949442 0.12000040
v 0.00435487 -0.05949571 0.11999090
v 0.00435281 -0.05949589 0.11998961
v 0.00412811 -0.05951380 0.11988611
v 0.00359916 -0.05954954 0.11973890
v 0.00180528 -0.05963205 0.11973450
v 0.00154342 -0.05963821 0.11980961
v 0.00332566 -0.05956803 0.11966281
v 0.00310651 -0.05958034 0.11963550
v 0.00164280 -0.05969557 0.10700010
v 0.00273462 -0.05959887 0.11961800
v 0.00187134 -0.05963050 0.11971560
v 0.00108222 -0.05964351 0.12002871
v 0.00086504 -0.05964601 0.12013180
v 0.00048913 -0.05964501 0.12041041
v 0.00043299 -0.05964411 0.12047291
v 0.00031548 -0.05964223 0.12060370
v 0.00000000 -0.05963715 0.12095501
v 0.00461076 -0.05935082 0.12527661
v 0.00498756 -0.05932844 0.12499580
v 0.00698401 -0.05910313 0.12579461
v 0.00432105 -0.05884155 0.13800001
v 0.00435954 -0.05936536 0.12539651
v 0.00438705 -0.05936377 0.12538331
v 0.00503895 -0.05932551 0.12493901
v 0.00513846 -0.05931985 0.12482901
v 0.00545387 -0.05930187 0.12448011
v 0.00558888 -0.05929520 0.12426070
v 0.00565094 -0.05929214 0.12415990
v 0.00587315 -0.05928566 0.12358140
v 0.00590520 -0.05928473 0.12349801
v 0.00596126 -0.05928600 0.12322610
v 0.00597759 -0.05929409 0.12282431
v 0.00599264 -0.05930155 0.12245401
v 0.00598154 -0.05930497 0.12235470
v 0.00596671 -0.05930955 0.12222191
v 0.00579721 -0.05934033 0.12159350
v 0.00578081 -0.05934331 0.12153271
v 0.01094958 -0.05850139 0.12569491
v 0.01114322 -0.05846643 0.12564361
v 0.01105550 -0.05795495 0.13800001
v 0.00505550 -0.05874486 0.13800001
v 0.01000166 -0.05866791 0.12579461
v 0.01092140 -0.05850649 0.12570231
v -0.00000000 -0.05900009 0.13800001
v 0.00000000 -0.05955347 0.12445781
v 0.00040143 -0.05953867 0.12490921
v 0.00046708 -0.05953625 0.12498301
v 0.00071403 -0.05952817 0.12517961
v 0.00099694 -0.05951869 0.12533371
v 0.00138177 -0.05950579 0.12554330
v 0.00162196 -0.05949720 0.12562881
v 0.00171308 -0.05949355 0.12564551
v 0.00248238 -0.05946279 0.12578660
v 0.00257383 -0.05945869 0.12578950
v 0.00273462 -0.05945148 0.12579461
v 0.00360085 -0.05940826 0.12569620
v 0.00366325 -0.05940484 0.12567821
v 0.00393072 -0.05939018 0.12560120
v 0.01115274 -0.05846469 0.12563951
v 0.01147580 -0.05840597 0.12550020
v 0.01419063 -0.05716746 0.13800001
v 0.01161369 -0.05838091 0.12544070
v 0.01764341 -0.05630018 0.13800001
v 0.01167744 -0.05836936 0.12540161
v 0.01184946 -0.05833866 0.12526201
v 0.01195459 -0.05831990 0.12517670
v 0.01204675 -0.05830401 0.12507191
v 0.01207613 -0.05829927 0.12502440
v 0.01221011 -0.05827768 0.12480741
v 0.01224000 -0.05827365 0.12472851
v 0.01227828 -0.05826848 0.12462741
v 0.01378697 -0.05801581 0.12118330
v 0.01372060 -0.05802923 0.12129561
v 0.01264873 -0.05827209 0.12130330
v 0.01231611 -0.05826672 0.12440520
v 0.01233748 -0.05826572 0.12427961
v 0.01361735 -0.05799058 0.12389110
v 0.01233990 -0.05826771 0.12418870
v 0.01357754 -0.05800364 0.12374711
v 0.01229881 -0.05828643 0.12381760
v 0.01229202 -0.05828850 0.12379341
v 0.01343036 -0.05805192 0.12321441
v 0.01226008 -0.05829825 0.12367981
v 0.01214804 -0.05832787 0.12344160
v 0.01340252 -0.05806427 0.12298091
v 0.01211550 -0.05833647 0.12337250
v 0.01340255 -0.05806428 0.12297990
v 0.01351423 -0.05806512 0.12185580
v 0.01347985 -0.05807110 0.12194921
v 0.01201292 -0.05836135 0.12322890
v 0.01342608 -0.05807712 0.12222651
v 0.01341395 -0.05807050 0.12261510
v 0.01174883 -0.05842147 0.12297500
v 0.01173020 -0.05842553 0.12296190
v 0.01191300 -0.05839611 0.12265381
v 0.01165814 -0.05844122 0.12291131
v 0.01151927 -0.05847076 0.12282981
v 0.01191824 -0.05839512 0.12265030
v 0.01199010 -0.05836655 0.12320701
v 0.01205016 -0.05837017 0.12256221
v 0.01220056 -0.05834215 0.12242071
v 0.01230181 -0.05832329 0.12232541
v 0.01238765 -0.05830779 0.12221200
v 0.01242136 -0.05830208 0.12214680
v 0.01254467 -0.05828120 0.12190851
v 0.01257393 -0.05827695 0.12181721
v 0.01259041 -0.05827456 0.12176591
v 0.01263763 -0.05827168 0.12143251
v 0.01264795 -0.05827105 0.12135971
v 0.01377947 -0.05794309 0.12422700
v 0.01390874 -0.05790687 0.12440340
v 0.01501590 -0.05760066 0.12541060
v 0.01521923 -0.05754434 0.12550721
v 0.01491728 -0.05762781 0.12534331
v 0.01418959 -0.05782819 0.12478670
v 0.01432032 -0.05779216 0.12491350
v 0.01439885 -0.05777053 0.12498971
v 0.01564316 -0.05742517 0.12563041
v 0.01603738 -0.05731436 0.12574501
v 0.01623350 -0.05725829 0.12577170
v 0.01649836 -0.05718169 0.12578590
v 0.01665876 -0.05713530 0.12579461
v 0.01754869 -0.05687154 0.12569050
v 0.01953459 -0.05634110 0.12118330
v 0.02205634 -0.05539678 0.12118320
v 0.01954545 -0.05633707 0.12119820
v 0.01990610 -0.05618369 0.12235470
v 0.01988445 -0.05619560 0.12218071
v 0.01984180 -0.05617835 0.12344710
v 0.01989658 -0.05616685 0.12315060
v 0.02205634 -0.05531468 0.12455951
v 0.01990413 -0.05617248 0.12282480
v 0.01991362 -0.05617955 0.12241511
v 0.01972007 -0.05626720 0.12159401
v 0.01969833 -0.05627667 0.12151630
v 0.01758710 -0.05685988 0.12567781
v 0.01779870 -0.05679568 0.12560770
v 0.01808347 -0.05670928 0.12551330
v 0.01830940 -0.05663978 0.12538351
v 0.01873332 -0.05650939 0.12514001
v 0.02014537 -0.05600108 0.12579461
v 0.01896727 -0.05643714 0.12494610
v 0.01896887 -0.05643665 0.12494420
v 0.01906563 -0.05640701 0.12483211
v 0.01941306 -0.05630057 0.12442950
v 0.01951176 -0.05627119 0.12426011
v 0.02014537 -0.05603892 0.12455951
v 0.01961108 -0.05624162 0.12408970
v 0.01979392 -0.05619149 0.12358040
v 0.02299840 -0.05427670 0.13800001
v 0.02420666 -0.05436905 0.12579461
v 0.02627032 -0.05340250 0.12579451
v 0.02783071 -0.05260617 0.12579451
v 0.03003344 -0.05078378 0.13800001
v 0.02552771 -0.05380086 0.12455951
v 0.02552771 -0.05376144 0.12579461
v 0.02399746 -0.05389918 0.13800001
v 0.02899134 -0.05209853 0.12164611
v 0.02893124 -0.05212667 0.12185361
v 0.02889130 -0.05214537 0.12199151
v 0.02891283 -0.05209219 0.12349750
v 0.02894906 -0.05206797 0.12363850
v 0.02882490 -0.05216615 0.12259501
v 0.02881266 -0.05216998 0.12270630
v 0.02888045 -0.05211384 0.12337131
v 0.02919147 -0.05191539 0.12420161
v 0.02920714 -0.05190553 0.12423800
v 0.02934838 -0.05181881 0.12446181
v 0.02962807 -0.05164862 0.12477511
v 0.02981708 -0.05153360 0.12498691
v 0.02995230 -0.05145141 0.12509930
v 0.03017774 -0.05131359 0.12523231
v 0.02361673 -0.05466669 0.12455951
v 0.02422115 -0.05440159 0.12455951
v 0.03370640 -0.04911114 0.12399121
v 0.03370640 -0.04918545 0.12142141
v 0.03419335 -0.04873710 0.12506951
v 0.03419984 -0.04873194 0.12508671
v 0.03325509 -0.04940880 0.12427221
v 0.03319709 -0.04944670 0.12429441
v 0.03277005 -0.04972579 0.12445771
v 0.03209204 -0.05016283 0.12455581
v 0.03208610 -0.05016661 0.12455640
v 0.03210382 -0.05015535 0.12455401
v 0.03262887 -0.04981681 0.12447811
v 0.03208676 -0.05016619 0.12455651
v 0.03208015 -0.05017039 0.12455710
v 0.03207624 -0.05017291 0.12455671
v 0.03207234 -0.05017541 0.12455630
v 0.03206787 -0.05017826 0.12455671
v 0.03206590 -0.05017951 0.12455691
v 0.03206563 -0.05017968 0.12455691
v 0.03206339 -0.05018111 0.12455701
v 0.03206339 -0.05018116 0.12455550
v 0.03334833 -0.04943447 0.12119281
v 0.03341749 -0.04938712 0.12122741
v 0.03154643 -0.05051010 0.12448311
v 0.03135125 -0.05063365 0.12441540
v 0.03332932 -0.04944749 0.12118330
v 0.03163146 -0.05045599 0.12449501
v 0.03120473 -0.05072628 0.12433191
v 0.03097437 -0.05087189 0.12420061
v 0.03084861 -0.05095153 0.12409540
v 0.03084193 -0.05095576 0.12408980
v 0.03059379 -0.05111403 0.12379861
v 0.03058523 -0.05111949 0.12378860
v 0.03046109 -0.05120011 0.12357081
v 0.03040532 -0.05123783 0.12341221
v 0.03033150 -0.05128777 0.12320221
v 0.03046949 -0.05124305 0.12184051
v 0.03050130 -0.05122618 0.12176301
v 0.03059940 -0.05117169 0.12160321
v 0.03071562 -0.05110509 0.12147081
v 0.03086081 -0.05102188 0.12130550
v 0.03095898 -0.05096438 0.12122371
v 0.03030187 -0.05123771 0.12530561
v 0.03065116 -0.05102417 0.12551171
v 0.03078114 -0.05094405 0.12556421
v 0.03085922 -0.05089523 0.12558160
v 0.03168182 -0.05038084 0.12576440
v 0.03175976 -0.05033210 0.12578171
v 0.03208012 -0.05012806 0.12579461
v 0.03278545 -0.04967203 0.12572751
v 0.03297017 -0.04955037 0.12567261
v 0.03341938 -0.04925453 0.12553911
v 0.03374359 -0.04903744 0.12535110
v 0.03501120 -0.04829419 0.12025811
v 0.03494245 -0.04834277 0.12030890
v 0.03419324 -0.04887476 0.12034340
v 0.03533669 -0.04803310 0.12118330
v 0.03381393 -0.04911683 0.12118330
v 0.03541174 -0.04797415 0.12134981
v 0.03556112 -0.04782303 0.12279061
v 0.03553287 -0.04784321 0.12281671
v 0.03546512 -0.04789161 0.12287931
v 0.03531927 -0.04799366 0.12306131
v 0.03528072 -0.04802063 0.12310950
v 0.03522692 -0.04805725 0.12320260
v 0.03517481 -0.04809128 0.12333391
v 0.03512335 -0.04812488 0.12346361
v 0.03509001 -0.04814464 0.12360801
v 0.03508400 -0.04814676 0.12367811
v 0.03506201 -0.04815452 0.12393500
v 0.03509424 -0.04811979 0.12427560
v 0.03511244 -0.04810398 0.12435071
v 0.03513017 -0.04808858 0.12442390
v 0.03524625 -0.04799385 0.12470640
v 0.03526055 -0.04798217 0.12474121
v 0.03532697 -0.04792941 0.12485271
v 0.03548393 -0.04780646 0.12503750
v 0.03101795 -0.05092908 0.12118931
v 0.03102827 -0.05092291 0.12118330
v 0.03133759 -0.05073780 0.12100300
v 0.03138840 -0.05070683 0.12098301
v 0.03142484 -0.05068463 0.12096870
v 0.03182360 -0.05043657 0.12088570
v 0.03206339 -0.05028582 0.12085560
v 0.03206785 -0.05028296 0.12085601
v 0.03206339 -0.05028578 0.12085711
v 0.03206983 -0.05028170 0.12085611
v 0.03207234 -0.05028009 0.12085631
v 0.03193789 -0.05036547 0.12086191
v 0.03209720 -0.05026419 0.12085801
v 0.03207625 -0.05027761 0.12085591
v 0.03208015 -0.05027512 0.12085551
v 0.03209196 -0.05026755 0.12085721
v 0.03207796 -0.05027652 0.12085570
v 0.03207623 -0.05027762 0.12085580
v 0.03210382 -0.05025994 0.12085860
v 0.03273225 -0.04984952 0.12095881
v 0.03311449 -0.04959457 0.12107570
v 0.03284426 -0.04977637 0.12097661
v 0.03028947 -0.05131945 0.12296251
v 0.03029209 -0.05131682 0.12300130
v 0.03032715 -0.05129071 0.12318991
v 0.03027220 -0.05133683 0.12270630
v 0.03031370 -0.05132382 0.12228411
v 0.03032073 -0.05132042 0.12225561
v 0.03034412 -0.05130910 0.12216090
v 0.03035332 -0.05130466 0.12212360
v 0.03625560 -0.04720462 0.12557281
v 0.03642940 -0.04706831 0.12563441
v 0.03567135 -0.04699526 0.13800001
v 0.03624641 -0.04721178 0.12556760
v 0.03559640 -0.04771837 0.12516990
v 0.03571041 -0.04762961 0.12526661
v 0.03121358 -0.04999076 0.13800001
v 0.03581457 -0.04754841 0.12532511
v 0.03598836 -0.04741294 0.12542270
v 0.03687811 -0.04670968 0.12569691
v 0.03757883 -0.04614963 0.12579461
v 0.03864764 -0.04445327 0.13800001
v 0.03849019 -0.04539580 0.12570581
v 0.03868503 -0.04523054 0.12565171
v 0.04083644 -0.04258385 0.13800001
v 0.03907968 -0.04489578 0.12554230
v 0.03941982 -0.04460230 0.12537791
v 0.03988648 -0.04431231 0.12173900
v 0.03990770 -0.04430106 0.12146931
v 0.03988225 -0.04433206 0.12118330
v 0.03965195 -0.04440202 0.12526581
v 0.03922518 -0.04481847 0.12421631
v 0.03942261 -0.04469972 0.12257300
v 0.03950957 -0.04462543 0.12250780
v 0.03767834 -0.04610948 0.12467631
v 0.03727823 -0.04647145 0.12338090
v 0.03805944 -0.04579737 0.12464341
v 0.03831316 -0.04563787 0.12310821
v 0.03838740 -0.04552490 0.12456180
v 0.03853130 -0.04540534 0.12452601
v 0.03757020 -0.04619805 0.12468561
v 0.03712636 -0.04655680 0.12464850
v 0.03708147 -0.04659284 0.12463491
v 0.03682340 -0.04680005 0.12455640
v 0.03681900 -0.04680358 0.12455391
v 0.03669539 -0.04690299 0.12448481
v 0.03664866 -0.04694088 0.12444330
v 0.03656707 -0.04700704 0.12437070
v 0.03654859 -0.04702233 0.12434370
v 0.03650041 -0.04706217 0.12427311
v 0.03647791 -0.04708131 0.12422340
v 0.03647203 -0.04708631 0.12421041
v 0.03643566 -0.04712145 0.12400310
v 0.03644343 -0.04711833 0.12391620
v 0.03644830 -0.04711528 0.12389490
v 0.03645130 -0.04711339 0.12388170
v 0.03644288 -0.04711270 0.12409711
v 0.03643627 -0.04712003 0.12403141
v 0.03648211 -0.04709218 0.12380191
v 0.03648678 -0.04708884 0.12379351
v 0.03649822 -0.04708064 0.12377311
v 0.03654882 -0.04704344 0.12370961
v 0.03657185 -0.04702651 0.12368071
v 0.03659867 -0.04700645 0.12365561
v 0.03666431 -0.04695648 0.12361361
v 0.03680577 -0.04684879 0.12352301
v 0.03689552 -0.04677942 0.12348331
v 0.03644339 -0.04711214 0.12410210
v 0.03690422 -0.04677269 0.12347951
v 0.03844583 -0.04552610 0.12305661
v 0.03906370 -0.04500551 0.12281631
v 0.03913555 -0.04494497 0.12278840
v 0.03964407 -0.04451108 0.12234021
v 0.03969224 -0.04447011 0.12228020
v 0.03974768 -0.04442353 0.12218390
v 0.03979109 -0.04438790 0.12207490
v 0.03984529 -0.04434342 0.12193891
v 0.03988439 -0.04431341 0.12176561
v 0.03771788 -0.04615808 0.12199211
v 0.03660761 -0.04704169 0.12229021
v 0.03852538 -0.04551390 0.12126610
v 0.03853056 -0.04550844 0.12130540
v 0.03852140 -0.04551139 0.12147841
v 0.03853248 -0.04550640 0.12132010
v 0.03853435 -0.04550353 0.12136700
v 0.03852682 -0.04550749 0.12145391
v 0.03851911 -0.04551304 0.12148871
v 0.03850173 -0.04553617 0.12118330
v 0.03850342 -0.04553458 0.12118921
v 0.03848895 -0.04553628 0.12156920
v 0.03848177 -0.04554198 0.12158250
v 0.03847360 -0.04554845 0.12159751
v 0.03841857 -0.04559285 0.12166881
v 0.03840096 -0.04560705 0.12169160
v 0.03837472 -0.04562841 0.12171691
v 0.03830122 -0.04568856 0.12176520
v 0.03816650 -0.04579881 0.12185361
v 0.03806781 -0.04587959 0.12189821
v 0.03806749 -0.04587984 0.12189831
v 0.03649186 -0.04712920 0.12233391
v 0.03603511 -0.04747451 0.12250631
v 0.03594535 -0.04754236 0.12254021
v 0.03589004 -0.04758277 0.12257621
v 0.03605992 -0.04749670 0.12100831
v 0.03615960 -0.04742327 0.12095571
v 0.03683811 -0.04690277 0.12077381
v 0.03684084 -0.04690067 0.12077311
v 0.03797730 -0.04598415 0.12080111
v 0.03738255 -0.04647123 0.12072700
v 0.03788124 -0.04606452 0.12076990
v 0.03820264 -0.04579560 0.12087440
v 0.03822016 -0.04578072 0.12088411
v 0.03826106 -0.04574596 0.12090661
v 0.03836845 -0.04565370 0.12098951
v 0.03838470 -0.04563973 0.12100210
v 0.03842900 -0.04560111 0.12105191
v 0.03844910 -0.04558329 0.12108401
v 0.03848458 -0.04555182 0.12114071
v 0.03849885 -0.04553888 0.12117321
v 0.04519675 -0.03789161 0.13800001
v 0.05465001 -0.02200636 0.13800001
v 0.05284699 -0.02623348 0.13800001
v 0.05052358 -0.03030685 0.13800001
v 0.04948156 -0.03213370 0.13800001
v 0.04546028 -0.03760802 0.13800001
v 0.04948156 0.03213370 0.13800001
v 0.05052358 0.03030685 0.13800001
v 0.05284699 0.02623348 0.13800001
v 0.04546028 0.03760802 0.13800001
v 0.04519675 0.03789161 0.13800001
v 0.04083644 0.04258385 0.13800001
v 0.03864764 0.04445327 0.13800001
v 0.03598344 0.04740643 0.12573281
v 0.03544907 0.04780733 0.12573281
v -0.07163861 -0.00718397 0.11244001
v -0.07163810 -0.00719101 0.11304320
v -0.07128355 -0.00750103 0.11327021
v -0.07140142 -0.00741420 0.11900001
v -0.07083078 -0.00774408 0.11900001
v -0.07086065 -0.00777142 0.11620201
v -0.07001712 -0.00821448 0.11900001
v -0.07166108 -0.00697776 0.10915150
v -0.07165725 -0.00701688 0.10968071
v -0.07150268 -0.00720621 0.10900001
v -0.07150141 -0.00721382 0.10975371
v -0.07149306 -0.00722066 0.10900001
v -0.07132750 -0.00739233 0.10982711
v -0.07131620 -0.00742319 0.10900181
v -0.07094327 -0.00771238 0.10997381
v -0.07106877 -0.00770649 0.10900441
v -0.07125969 -0.00748789 0.10900241
v -0.07009272 -0.00827027 0.11026720
v -0.07006087 -0.00858200 0.10900001
v -0.07022692 -0.00844863 0.10900001
v -0.07022694 -0.00844862 0.10900001
v -0.07069678 -0.00805203 0.10900351
v -0.07096395 -0.00782652 0.10900551
v -0.07163562 -0.00722482 0.11594281
v -0.07163600 -0.00721946 0.11548321
v -0.07163678 -0.00720902 0.11458810
v -0.06835826 -0.00939089 0.11085781
v -0.06835212 -0.00943638 0.11056010
v -0.06834733 -0.00946975 0.11047111
v -0.06848546 -0.00984724 0.10900001
v -0.06838993 -0.00915517 0.11288021
v -0.06838842 -0.00916712 0.11245861
v -0.07009237 -0.00818791 0.11147071
v -0.06838782 -0.00917188 0.11229091
v -0.07165142 -0.00707620 0.11048311
v -0.07131549 -0.00740798 0.11072990
v -0.07093140 -0.00769163 0.11097680
v -0.07164891 -0.00710178 0.11082911
v -0.07163803 -0.00719189 0.11311880
v -0.07089328 -0.00775976 0.11349730
v -0.07006440 -0.00822853 0.11395151
f 1 2 3
f 1 3 4
f 5 6 7
f 8 9 10
f 9 11 10
f 10 11 3
f 11 12 3
f 3 12 4
f 13 14 15
f 14 16 15
f 15 16 17
f 16 18 17
f 17 18 19
f 18 20 19
f 19 20 21
f 20 22 21
f 21 22 23
f 22 24 23
f 23 24 25
f 24 26 25
f 25 26 27
f 26 28 27
f 27 28 29
f 28 30 29
f 29 30 31
f 30 32 31
f 31 32 33
f 34 35 36
f 35 37 36
f 36 37 7
f 37 38 7
f 7 38 5
f 39 40 13
f 40 41 13
f 13 41 14
f 34 36 42
f 36 43 42
f 42 43 44
f 2 45 3
f 45 46 3
f 3 46 43
f 46 47 43
f 43 47 44
f 39 13 48
f 13 49 48
f 48 49 50
f 51 52 53
f 52 7 53
f 53 7 54
f 7 6 54
f 55 56 57
f 56 58 57
f 57 58 49
f 58 59 49
f 49 59 50
f 51 60 52
f 60 61 52
f 52 61 57
f 61 62 57
f 57 62 55
f 63 64 65
f 66 67 68
f 69 70 71
f 63 65 72
f 65 73 72
f 72 73 74
f 73 75 74
f 74 75 76
f 75 77 76
f 76 77 78
f 77 79 78
f 78 79 80
f 79 81 80
f 80 81 82
f 81 83 82
f 82 83 84
f 83 85 84
f 84 85 86
f 85 87 86
f 86 87 88
f 87 89 88
f 88 89 90
f 91 92 93
f 92 94 93
f 95 96 97
f 96 98 97
f 97 98 99
f 67 100 68
f 100 101 68
f 68 101 98
f 101 102 98
f 98 102 99
f 64 103 65
f 103 104 65
f 65 104 105
f 104 106 105
f 95 107 96
f 107 108 96
f 96 108 93
f 108 109 93
f 93 109 91
f 71 70 68
f 70 110 68
f 68 110 66
f 94 111 93
f 111 112 93
f 93 112 113
f 112 114 113
f 113 114 115
f 114 116 115
f 115 116 117
f 118 119 120
f 119 121 120
f 120 121 71
f 121 122 71
f 71 122 69
f 106 123 105
f 123 124 105
f 105 124 120
f 124 125 120
f 120 125 118
f 126 127 128
f 127 129 128
f 129 130 128
f 130 131 128
f 128 131 132
f 132 133 128
f 133 134 128
f 128 134 135
f 136 137 138
f 137 139 138
f 136 140 137
f 140 141 137
f 137 141 142
f 142 143 137
f 143 144 137
f 137 144 145
f 145 146 137
f 146 147 137
f 137 147 148
f 148 149 137
f 149 150 137
f 137 150 151
f 151 152 137
f 152 153 137
f 137 153 154
f 154 155 137
f 155 156 137
f 137 156 157
f 157 158 137
f 158 159 137
f 137 159 160
f 135 139 128
f 139 137 128
f 128 137 161
f 137 160 161
f 162 163 164
f 165 166 167
f 168 169 170
f 170 171 168
f 171 172 168
f 168 172 173
f 173 174 168
f 174 175 168
f 168 175 176
f 177 178 179
f 178 180 179
f 177 181 178
f 181 182 178
f 178 182 183
f 184 185 186
f 187 188 186
f 188 183 186
f 186 183 184
f 187 189 188
f 189 190 188
f 188 190 183
f 190 191 183
f 183 191 178
f 192 176 178
f 176 193 178
f 178 193 180
f 192 194 176
f 194 195 176
f 176 195 196
f 196 197 176
f 197 198 176
f 176 198 199
f 199 200 176
f 200 201 176
f 176 201 168
f 202 203 204
f 203 205 204
f 205 206 204
f 204 206 207
f 207 208 204
f 208 209 204
f 204 209 210
f 210 211 204
f 211 212 204
f 204 212 213
f 213 214 204
f 214 215 204
f 204 215 216
f 216 217 204
f 217 218 204
f 204 218 219
f 219 220 204
f 220 221 204
f 204 221 222
f 222 223 204
f 223 224 204
f 204 224 225
f 225 226 204
f 226 227 204
f 204 227 228
f 228 229 204
f 229 230 204
f 204 230 231
f 232 233 204
f 233 234 204
f 204 234 202
f 231 235 204
f 235 236 204
f 204 236 232
f 237 238 239
f 238 240 239
f 240 241 239
f 239 241 242
f 242 243 239
f 243 244 239
f 239 244 245
f 245 246 239
f 246 247 239
f 239 247 248
f 239 236 249
f 249 250 239
f 250 251 239
f 239 251 252
f 252 253 239
f 253 254 239
f 239 254 255
f 255 256 239
f 256 257 239
f 239 257 237
f 248 258 239
f 258 259 239
f 239 259 260
f 260 261 239
f 261 262 239
f 239 262 236
f 262 263 236
f 263 264 236
f 236 264 265
f 265 266 236
f 266 267 236
f 236 267 232
f 268 269 270
f 269 271 270
f 270 271 272
f 272 273 270
f 273 274 270
f 270 274 275
f 275 276 270
f 276 277 270
f 270 277 278
f 278 279 270
f 279 280 270
f 270 280 281
f 281 282 270
f 282 283 270
f 270 283 284
f 285 286 287
f 287 288 285
f 288 289 285
f 285 289 290
f 290 291 285
f 291 292 285
f 285 292 293
f 293 294 285
f 294 295 285
f 285 295 296
f 296 297 285
f 297 298 285
f 285 298 299
f 284 286 270
f 286 285 270
f 270 285 300
f 285 299 300
f 301 302 303
f 302 304 303
f 301 305 302
f 305 306 302
f 302 306 307
f 307 308 302
f 308 309 302
f 302 309 310
f 310 311 302
f 311 312 302
f 302 312 313
f 313 314 302
f 314 315 302
f 302 315 316
f 270 317 302
f 317 318 302
f 302 318 319
f 319 320 302
f 320 321 302
f 302 321 322
f 322 323 302
f 323 324 302
f 302 324 325
f 325 326 302
f 326 327 302
f 302 327 328
f 328 329 302
f 329 330 302
f 302 330 304
f 316 331 302
f 331 332 302
f 302 332 270
f 332 333 270
f 270 333 268
f 334 335 336
f 336 337 334
f 337 338 334
f 334 338 339
f 339 340 334
f 340 341 334
f 334 341 342
f 342 343 334
f 343 344 334
f 334 344 345
f 345 346 334
f 346 347 334
f 334 347 348
f 348 349 334
f 349 350 334
f 334 350 351
f 352 353 334
f 353 354 334
f 334 354 355
f 355 356 334
f 356 357 334
f 334 357 358
f 358 359 334
f 359 360 334
f 334 360 361
f 361 362 334
f 362 363 334
f 334 363 364
f 364 365 334
f 365 366 334
f 334 366 367
f 367 368 334
f 368 369 334
f 334 369 335
f 370 371 372
f 371 373 372
f 373 374 372
f 374 375 372
f 372 375 376
f 376 377 372
f 377 378 372
f 372 378 379
f 379 380 372
f 380 381 372
f 372 381 382
f 382 383 372
f 383 384 372
f 372 384 385
f 385 386 372
f 386 387 372
f 372 387 388
f 388 389 372
f 389 390 372
f 372 390 391
f 391 392 372
f 392 393 372
f 372 393 394
f 394 395 372
f 395 396 372
f 372 396 397
f 397 398 372
f 398 399 372
f 372 399 400
f 400 401 372
f 401 402 372
f 372 402 403
f 403 404 372
f 404 405 372
f 372 405 406
f 407 408 409
f 408 410 409
f 409 410 411
f 412 413 414
f 413 415 414
f 416 417 414
f 417 418 414
f 414 418 419
f 419 420 414
f 420 421 414
f 414 421 422
f 422 423 414
f 423 424 414
f 414 424 425
f 425 426 414
f 426 427 414
f 414 427 428
f 415 429 414
f 429 430 414
f 414 430 431
f 431 432 414
f 432 433 414
f 414 433 434
f 434 435 414
f 435 436 414
f 414 436 437
f 438 439 414
f 439 440 414
f 414 440 441
f 441 442 414
f 442 443 414
f 414 443 416
f 412 414 444
f 414 428 444
f 444 428 445
f 428 446 445
f 445 446 447
f 446 448 447
f 448 449 447
f 447 449 450
f 450 451 447
f 451 452 447
f 447 452 453
f 453 454 447
f 454 455 447
f 447 455 456
f 456 457 447
f 457 458 447
f 447 458 459
f 459 460 447
f 460 461 447
f 447 461 462
f 462 463 447
f 463 464 447
f 447 464 465
f 465 466 447
f 466 467 447
f 447 467 468
f 468 469 447
f 469 470 447
f 447 470 471
f 471 472 447
f 472 473 447
f 447 473 474
f 474 475 447
f 475 476 447
f 447 476 445
f 477 478 479
f 478 480 479
f 479 480 481
f 481 482 479
f 482 483 479
f 479 483 484
f 485 486 487
f 484 488 479
f 488 485 479
f 479 485 489
f 485 487 489
f 477 479 490
f 479 491 490
f 490 491 492
f 492 493 490
f 493 494 490
f 490 494 495
f 496 497 495
f 497 498 495
f 495 498 490
f 496 499 497
f 499 500 497
f 497 500 501
f 502 503 501
f 503 504 501
f 501 504 497
f 502 505 503
f 505 506 503
f 503 506 507
f 508 509 510
f 509 503 510
f 510 503 511
f 503 507 511
f 512 513 514
f 513 515 514
f 515 516 514
f 514 516 517
f 517 518 514
f 518 519 514
f 514 519 520
f 520 521 514
f 521 522 514
f 514 522 523
f 524 525 526
f 525 523 526
f 526 523 527
f 528 524 529
f 524 526 529
f 529 526 530
f 526 527 530
f 525 531 523
f 531 532 523
f 523 532 533
f 533 534 523
f 534 535 523
f 523 535 536
f 536 537 523
f 537 538 523
f 523 538 514
f 512 514 539
f 514 540 539
f 539 540 541
f 541 542 539
f 542 543 539
f 539 543 544
f 545 546 547
f 546 539 547
f 547 539 548
f 539 544 548
f 549 550 551
f 550 552 551
f 552 553 551
f 551 553 554
f 554 555 551
f 555 556 551
f 551 556 557
f 557 558 551
f 558 559 551
f 551 559 560
f 560 561 551
f 561 562 551
f 551 562 563
f 563 564 551
f 564 565 551
f 551 565 566
f 566 567 551
f 567 568 551
f 551 568 569
f 569 570 551
f 570 571 551
f 551 571 572
f 572 573 551
f 573 574 551
f 551 574 575
f 575 576 551
f 576 577 551
f 551 577 578
f 579 580 581
f 580 582 581
f 581 582 583
f 583 584 581
f 584 585 581
f 581 585 586
f 586 587 581
f 587 588 581
f 581 588 589
f 589 590 581
f 590 591 581
f 581 591 592
f 592 593 581
f 593 594 581
f 581 594 579
f 594 595 579
f 579 595 596
f 596 597 579
f 597 598 579
f 579 598 599
f 599 600 579
f 600 601 579
f 579 601 602
f 602 603 579
f 603 604 579
f 579 604 605
f 605 606 579
f 606 607 579
f 579 607 608
f 608 609 579
f 609 610 579
f 579 610 578
f 610 611 578
f 578 611 551
f 611 612 551
f 551 612 549
f 613 614 615
f 614 616 615
f 615 616 617
f 617 618 615
f 618 619 615
f 615 619 620
f 621 622 623
f 622 624 623
f 625 621 626
f 626 627 625
f 627 628 625
f 625 628 629
f 629 630 625
f 630 631 625
f 625 631 621
f 631 632 621
f 621 632 622
f 633 634 622
f 634 635 622
f 622 635 624
f 633 636 634
f 636 637 634
f 634 637 638
f 638 639 634
f 639 640 634
f 634 640 641
f 641 642 634
f 642 643 634
f 634 643 644
f 620 645 615
f 645 634 615
f 615 634 646
f 634 644 646
f 647 648 649
f 649 650 647
f 650 651 647
f 647 651 652
f 652 653 647
f 653 654 647
f 647 654 655
f 655 656 647
f 656 657 647
f 647 657 658
f 658 659 647
f 659 660 647
f 647 660 661
f 661 662 647
f 662 663 647
f 647 663 664
f 664 665 647
f 665 666 647
f 647 666 667
f 667 668 647
f 668 669 647
f 647 669 670
f 670 671 647
f 671 672 647
f 647 672 673
f 673 674 647
f 674 675 647
f 647 675 676
f 676 677 647
f 677 678 647
f 647 678 679
f 679 680 647
f 680 681 647
f 647 681 682
f 683 684 685
f 684 686 685
f 685 686 687
f 688 689 690
f 691 692 690
f 692 693 690
f 690 693 688
f 694 695 690
f 695 696 690
f 690 696 691
f 694 690 697
f 690 689 697
f 697 689 698
f 699 700 701
f 702 703 699
f 703 704 699
f 699 704 700
f 704 705 700
f 700 705 706
f 707 702 708
f 702 699 708
f 708 699 709
f 699 701 709
f 710 711 712
f 710 712 713
f 712 714 713
f 713 714 715
f 716 717 718
f 718 719 716
f 719 720 716
f 716 720 721
f 722 723 724
f 725 726 724
f 726 727 724
f 724 727 722
f 728 729 730
f 729 731 730
f 730 731 732
f 733 734 735
f 736 737 738
f 737 739 738
f 738 739 740
f 733 735 741
f 742 743 744
f 743 745 744
f 746 747 748
f 747 749 748
f 748 749 750
f 751 752 746
f 753 754 755
f 756 757 740
f 757 758 740
f 740 758 738
f 758 759 738
f 738 759 760
f 759 753 760
f 760 753 751
f 753 755 751
f 751 755 752
f 746 748 751
f 748 761 751
f 751 761 760
f 761 735 760
f 760 735 738
f 735 734 738
f 738 734 736
f 741 735 762
f 735 761 762
f 762 761 763
f 761 748 763
f 763 748 743
f 748 750 743
f 743 750 745
f 31 33 764
f 33 765 764
f 765 766 764
f 766 767 764
f 764 767 768
f 768 767 769
f 767 770 769
f 769 770 771
f 770 772 771
f 772 773 771
f 771 773 774
f 775 776 777
f 776 778 777
f 777 778 779
f 778 780 779
f 779 780 781
f 780 774 781
f 781 774 782
f 774 773 782
f 783 784 785
f 786 787 788
f 787 789 788
f 788 789 790
f 784 791 792
f 791 793 792
f 792 793 794
f 783 785 795
f 796 797 798
f 797 799 798
f 800 801 796
f 784 792 785
f 792 802 785
f 785 802 803
f 802 804 803
f 803 804 805
f 804 806 805
f 805 806 807
f 806 808 807
f 807 808 809
f 809 786 807
f 786 788 807
f 807 788 805
f 788 810 805
f 805 810 803
f 810 811 803
f 803 811 785
f 811 798 785
f 785 798 795
f 798 799 795
f 796 798 812
f 798 811 812
f 812 811 813
f 811 810 813
f 813 810 814
f 810 788 814
f 814 788 815
f 788 790 815
f 815 790 816
f 817 818 819
f 819 818 820
f 818 821 820
f 821 822 820
f 820 822 823
f 822 824 823
f 823 824 825
f 824 826 825
f 825 826 827
f 819 828 817
f 828 829 817
f 817 829 830
f 829 831 830
f 831 832 830
f 830 832 833
f 832 834 833
f 833 834 835
f 834 836 835
f 835 836 837
f 836 838 837
f 839 840 841
f 842 843 844
f 845 846 847
f 846 848 847
f 849 850 851
f 840 852 853
f 852 854 853
f 853 854 855
f 856 857 858
f 857 859 858
f 839 841 860
f 861 862 856
f 840 863 841
f 863 864 841
f 841 864 865
f 864 866 865
f 865 866 867
f 866 849 867
f 867 849 844
f 849 851 844
f 844 851 842
f 843 845 844
f 845 847 844
f 844 847 867
f 847 868 867
f 867 868 865
f 868 869 865
f 865 869 841
f 869 858 841
f 841 858 860
f 858 859 860
f 856 858 861
f 858 869 861
f 861 869 870
f 869 868 870
f 870 868 871
f 868 847 871
f 871 847 872
f 847 848 872
f 872 848 873
f 874 875 876
f 874 876 877
f 878 879 880
f 879 881 880
f 880 881 882
f 881 883 882
f 882 883 884
f 883 877 884
f 884 877 885
f 877 876 885
f 878 886 879
f 886 887 879
f 879 887 888
f 887 889 888
f 888 889 890
f 890 889 891
f 889 892 891
f 891 892 893
f 892 894 893
f 893 894 895
f 896 897 898
f 899 900 901
f 902 903 904
f 903 905 904
f 904 905 906
f 907 908 909
f 908 910 909
f 909 910 902
f 911 912 913
f 914 915 916
f 915 899 916
f 896 917 918
f 917 919 918
f 918 919 920
f 919 921 920
f 899 901 916
f 901 922 916
f 916 922 923
f 922 911 923
f 923 911 909
f 911 913 909
f 909 913 907
f 902 904 909
f 904 924 909
f 909 924 923
f 924 898 923
f 923 898 916
f 898 897 916
f 916 897 914
f 896 898 917
f 898 924 917
f 917 924 925
f 924 904 925
f 925 904 926
f 904 906 926
f 926 906 927
f 928 929 930
f 929 931 930
f 930 931 932
f 933 934 935
f 934 936 935
f 935 936 937
f 936 938 937
f 937 938 928
f 938 939 928
f 928 939 929
f 931 940 932
f 940 941 932
f 932 941 942
f 941 943 942
f 942 943 944
f 943 945 944
f 944 945 946
f 945 90 946
f 946 90 89
f 757 756 947
f 804 948 806
f 948 808 806
f 804 802 948
f 802 792 948
f 948 792 794
f 949 754 753
f 949 753 950
f 753 759 950
f 950 759 758
f 808 948 951
f 948 950 951
f 951 950 947
f 950 758 947
f 947 758 757
f 901 900 952
f 953 954 955
f 954 956 955
f 922 957 911
f 957 958 911
f 911 958 912
f 959 960 961
f 960 957 961
f 961 957 952
f 957 922 952
f 952 922 901
f 959 962 960
f 962 963 960
f 960 963 964
f 963 965 964
f 965 966 964
f 964 966 967
f 966 968 967
f 968 969 967
f 967 969 970
f 969 971 970
f 972 973 974
f 973 970 974
f 974 970 975
f 970 971 975
f 972 976 973
f 976 977 973
f 973 977 978
f 977 979 978
f 978 979 980
f 979 981 980
f 981 982 980
f 982 983 980
f 980 983 956
f 983 984 956
f 956 984 955
f 985 741 762
f 985 762 986
f 762 763 986
f 763 743 986
f 986 743 987
f 743 742 987
f 988 989 990
f 989 991 990
f 990 991 992
f 991 993 992
f 992 993 994
f 988 995 989
f 995 996 989
f 989 996 997
f 996 998 997
f 998 999 997
f 997 999 1000
f 999 1001 1000
f 1001 1002 1000
f 1000 1002 1003
f 1002 1004 1003
f 1004 1005 1003
f 1005 1006 1003
f 1003 1006 1007
f 1006 1008 1007
f 1008 1009 1007
f 1007 1009 1010
f 1009 1011 1010
f 1011 1012 1010
f 1010 1012 1013
f 1012 1014 1013
f 1014 1015 1013
f 1015 1016 1013
f 1013 1016 986
f 1016 1017 986
f 986 1017 985
f 1018 1019 1020
f 1019 1021 1020
f 1022 1023 1019
f 1023 1024 1019
f 1019 1024 1021
f 1025 1026 1027
f 1028 1019 1027
f 1019 1029 1027
f 1027 1029 1025
f 1028 1030 1019
f 1030 1031 1019
f 1019 1031 1022
f 1032 1033 1034
f 1033 1035 1034
f 1034 1035 1036
f 1036 1037 1034
f 1037 1038 1034
f 1034 1038 1039
f 1039 1040 1034
f 1040 1041 1034
f 1034 1041 1042
f 1041 1043 1042
f 1042 1043 1044
f 1043 1045 1044
f 1046 1047 1048
f 1049 1050 1051
f 1052 1053 1054
f 1052 1054 1050
f 1048 1055 1051
f 1055 1056 1051
f 1051 1056 1049
f 1057 1058 1059
f 1058 1060 1059
f 1059 1060 1048
f 1060 1061 1048
f 1048 1061 1046
f 1059 1062 1063
f 1057 1059 1064
f 1059 1063 1064
f 1064 1063 1065
f 1066 1067 1048
f 1067 1068 1048
f 1048 1068 1059
f 1068 1069 1059
f 1059 1069 1062
f 1050 1054 1051
f 1054 1070 1051
f 1051 1070 1048
f 1070 1071 1048
f 1048 1071 1066
f 1072 1073 1074
f 1073 1075 1074
f 1076 1077 1075
f 1077 1078 1075
f 1075 1078 1074
f 1079 1080 1081
f 1079 1081 1082
f 1081 1083 1082
f 1082 1083 1084
f 1083 1085 1084
f 1084 1085 1076
f 1085 1086 1076
f 1076 1086 1077
f 1087 1088 1084
f 1088 1089 1084
f 1084 1089 1082
f 1087 1084 1090
f 1084 1076 1090
f 1090 1076 1091
f 1091 1076 1092
f 1076 1075 1092
f 1092 1075 1093
f 1093 1075 1094
f 1075 1073 1094
f 1094 1073 1095
f 1096 1097 1098
f 1099 1100 1101
f 1102 1103 1104
f 1105 1102 1106
f 1102 1104 1106
f 1106 1104 1107
f 1108 1109 1110
f 1109 1111 1110
f 1110 1111 1112
f 1113 1098 1114
f 1098 1115 1114
f 1114 1115 1116
f 1117 1118 1119
f 1118 1120 1119
f 1119 1120 1121
f 1121 1122 1119
f 1122 1123 1119
f 1119 1123 1124
f 1124 1125 1119
f 1125 1126 1119
f 1119 1126 1127
f 1127 1128 1119
f 1128 1129 1119
f 1119 1129 1097
f 1129 1130 1097
f 1097 1130 1098
f 1130 1131 1098
f 1098 1131 1115
f 1132 1133 1134
f 1135 1136 1137
f 1137 1138 1135
f 1138 1139 1135
f 1135 1139 1140
f 1141 1142 1143
f 1142 1144 1143
f 1143 1144 1145
f 1144 1140 1145
f 1145 1140 1134
f 1140 1139 1134
f 1134 1139 1132
f 1141 1143 1101
f 1143 1146 1101
f 1101 1146 1099
f 1147 1148 1146
f 1148 1149 1146
f 1149 1150 1146
f 1146 1150 1099
f 1113 1108 1098
f 1108 1110 1098
f 1098 1110 1096
f 1110 1112 1096
f 1096 1112 1104
f 1112 1151 1104
f 1104 1151 1107
f 1133 1152 1134
f 1152 1119 1134
f 1134 1119 1145
f 1119 1097 1145
f 1145 1097 1143
f 1097 1096 1143
f 1143 1096 1146
f 1096 1104 1146
f 1146 1104 1147
f 1104 1103 1147
f 1149 1148 1153
f 1154 1155 1099
f 1155 1156 1099
f 1099 1156 1100
f 1149 1153 1150
f 1153 1157 1150
f 1150 1157 1099
f 1157 1158 1099
f 1099 1158 1154
f 1159 1160 1161
f 1160 1162 1161
f 1161 1162 1163
f 1162 1164 1163
f 1163 1164 1165
f 1164 1166 1165
f 1165 1166 1167
f 1166 1168 1167
f 1169 1160 1147
f 1160 1159 1147
f 1147 1159 1148
f 1159 1170 1148
f 1148 1170 1153
f 1147 1103 1169
f 1103 1102 1169
f 1169 1102 1171
f 1102 1105 1171
f 1172 1173 1174
f 1175 1174 1176
f 1174 1173 1176
f 1176 1173 1177
f 1176 1178 1175
f 1178 1179 1175
f 1175 1179 1180
f 1179 1181 1180
f 1180 1181 1182
f 1181 1183 1182
f 1184 1185 1186
f 1185 1187 1186
f 1186 1187 1183
f 1187 1188 1183
f 1183 1188 1182
f 1189 1190 1191
f 1192 1193 1194
f 1193 1195 1194
f 1196 1197 1198
f 1197 1199 1198
f 1198 1199 1200
f 1199 1201 1200
f 1200 1201 1195
f 1201 1202 1195
f 1195 1202 1194
f 1203 1204 1205
f 1204 1206 1205
f 1205 1206 1196
f 1206 1207 1196
f 1196 1207 1197
f 1208 1209 1203
f 1209 1210 1203
f 1203 1210 1204
f 1211 1212 1213
f 1212 1214 1213
f 1213 1214 1215
f 1214 1216 1215
f 1215 1216 1208
f 1216 1217 1208
f 1208 1217 1209
f 1218 1219 1220
f 1219 1221 1220
f 1220 1221 1211
f 1221 1222 1211
f 1211 1222 1212
f 1223 1224 1225
f 1224 1226 1225
f 1225 1226 1218
f 1226 1227 1218
f 1218 1227 1219
f 1228 1229 1230
f 1229 1231 1230
f 1230 1231 1223
f 1231 1232 1223
f 1223 1232 1224
f 1233 1234 1235
f 1234 1236 1235
f 1235 1236 1237
f 1236 1238 1237
f 1237 1238 1239
f 1238 1240 1239
f 1239 1240 1241
f 1240 1242 1241
f 1241 1242 1228
f 1242 1243 1228
f 1228 1243 1229
f 1244 1245 1233
f 1245 1246 1233
f 1233 1246 1234
f 1233 1247 1244
f 1247 1248 1244
f 1244 1248 1249
f 1248 1250 1249
f 1250 1248 1251
f 1248 1252 1251
f 1251 1252 1253
f 1252 1254 1253
f 1253 1254 1255
f 1254 1256 1255
f 1255 1256 1257
f 1257 1256 1258
f 1256 1259 1258
f 1258 1259 1260
f 1259 1261 1260
f 1260 1261 1262
f 1261 1263 1262
f 1262 1263 1264
f 1264 1263 1265
f 1263 1266 1265
f 1265 1266 1267
f 1266 1268 1267
f 1267 1268 1269
f 1268 1270 1269
f 1269 1270 1271
f 1272 1273 1274
f 1272 1274 1275
f 1274 1276 1275
f 1276 1277 1275
f 1275 1277 1278
f 1277 1279 1278
f 1278 1279 1270
f 1279 1280 1270
f 1270 1280 1271
f 1281 1282 1283
f 1282 1284 1283
f 1283 1284 1285
f 1286 1287 1288
f 1288 1287 1284
f 1287 1289 1284
f 1284 1289 1285
f 1190 1290 1191
f 1290 1291 1191
f 1191 1291 1292
f 1292 1293 1191
f 1293 1294 1191
f 1191 1294 1288
f 1294 1295 1288
f 1288 1295 1286
f 1189 1191 1296
f 1191 1297 1296
f 1296 1297 1298
f 1299 1300 1297
f 1300 1301 1297
f 1297 1301 1298
f 1302 1303 1297
f 1303 1304 1297
f 1297 1304 1299
f 1305 1306 1307
f 1303 1305 1304
f 1305 1307 1304
f 1304 1307 1308
f 1307 1309 1308
f 1308 1309 1310
f 1302 1297 1311
f 1297 1191 1311
f 1311 1191 1312
f 1191 1288 1312
f 1312 1288 1313
f 1288 1284 1313
f 1313 1284 1314
f 1284 1282 1314
f 1314 1282 1272
f 1282 1281 1272
f 1272 1281 1273
f 1310 1309 1315
f 1309 1316 1315
f 1315 1316 1317
f 1316 1318 1317
f 1319 1320 1321
f 1320 1322 1321
f 1321 1322 1323
f 1324 1325 1326
f 1325 1327 1326
f 1326 1327 1319
f 1327 1328 1319
f 1319 1328 1320
f 1329 1330 1331
f 1332 1333 1334
f 1334 1335 1336
f 1335 1337 1336
f 1336 1337 1338
f 1337 1339 1338
f 1331 1340 1341
f 1331 1341 1332
f 1341 1342 1332
f 1332 1342 1333
f 1343 1344 1345
f 1340 1331 1345
f 1331 1346 1345
f 1345 1346 1343
f 1331 1330 1346
f 1330 1347 1346
f 1346 1347 1348
f 1334 1336 1332
f 1336 1349 1332
f 1332 1349 1350
f 1350 1351 1332
f 1351 1352 1332
f 1332 1352 1331
f 1352 1353 1331
f 1331 1353 1329
f 1354 1355 1356
f 1357 1358 1356
f 1358 1359 1356
f 1359 1360 1356
f 1360 1361 1356
f 1356 1361 1362
f 1362 1363 1356
f 1363 1364 1356
f 1356 1364 1365
f 1366 1367 1368
f 1368 1369 1366
f 1369 1370 1366
f 1366 1370 1356
f 1370 1371 1356
f 1356 1371 1357
f 1372 1373 1374
f 1373 1354 1374
f 1374 1354 1375
f 1354 1356 1375
f 1375 1356 1376
f 1356 1365 1376
f 1377 1378 1379
f 1378 1380 1379
f 1379 1380 1381
f 1382 1383 1384
f 1383 1378 1384
f 1384 1378 1385
f 1378 1377 1385
f 1381 1380 1386
f 1380 1387 1386
f 1386 1387 1388
f 1389 1390 1391
f 1392 1393 1394
f 1394 1393 1395
f 1393 1396 1395
f 1396 1397 1395
f 1395 1397 1398
f 1397 1399 1398
f 1398 1399 1400
f 1389 1391 1401
f 1402 1403 1404
f 1403 1405 1404
f 1404 1405 1406
f 1405 1407 1406
f 1406 1407 1408
f 1407 1409 1408
f 1408 1409 1410
f 1411 1412 1413
f 1412 1414 1413
f 1413 1414 1387
f 1414 1415 1387
f 1387 1415 1388
f 1394 1416 1392
f 1416 1417 1392
f 1392 1417 1418
f 1417 1419 1418
f 1418 1419 1411
f 1419 1420 1411
f 1411 1420 1412
f 1390 1421 1391
f 1421 1422 1391
f 1391 1422 1423
f 1422 1424 1423
f 1423 1424 1425
f 1426 1427 1428
f 1427 1429 1428
f 1428 1429 1430
f 1431 1432 1433
f 1432 1434 1433
f 1433 1434 1435
f 1434 1436 1435
f 1431 1437 1432
f 1437 1438 1432
f 1432 1438 1439
f 1438 1440 1439
f 1439 1440 1441
f 1430 1442 1428
f 1442 1443 1428
f 1428 1443 1444
f 1443 1445 1444
f 1444 1445 1446
f 1445 1447 1446
f 1446 1447 1402
f 1447 1448 1402
f 1402 1448 1403
f 1449 1450 1451
f 1450 1452 1451
f 1451 1452 1436
f 1452 1453 1436
f 1436 1453 1435
f 1440 1454 1441
f 1454 1455 1441
f 1441 1455 1456
f 1455 1457 1456
f 1456 1457 1458
f 1457 1459 1458
f 1458 1459 1460
f 1459 1461 1460
f 1460 1461 1462
f 1461 1463 1462
f 1462 1463 1464
f 1463 1465 1464
f 1464 1465 1409
f 1465 1466 1409
f 1409 1466 1410
f 1424 1467 1425
f 1467 1468 1425
f 1425 1468 1469
f 1468 1449 1469
f 1469 1449 1470
f 1449 1451 1470
f 1391 1471 1401
f 1471 1472 1401
f 1401 1472 1473
f 1472 1474 1473
f 1473 1474 1475
f 1474 1476 1475
f 1475 1476 1477
f 1476 1478 1477
f 1477 1478 1479
f 1478 1480 1479
f 1479 1480 1481
f 1480 1482 1481
f 1481 1482 1483
f 1482 1484 1483
f 1483 1484 1485
f 1484 1486 1485
f 1485 1486 1487
f 1486 1488 1487
f 1487 1488 1489
f 1399 1490 1400
f 1490 1491 1400
f 1400 1491 1492
f 1491 1493 1492
f 1492 1493 1494
f 1493 1495 1494
f 1494 1495 1496
f 1495 1497 1496
f 1496 1497 1498
f 1497 1499 1498
f 1498 1499 1500
f 1499 1501 1500
f 1488 1502 1489
f 1502 1503 1489
f 1489 1503 1504
f 1503 1505 1504
f 1504 1505 1501
f 1505 1506 1501
f 1501 1506 1500
f 1507 1508 1509
f 1508 1510 1509
f 1510 1511 1509
f 1509 1511 1512
f 1511 1513 1512
f 1507 1509 1514
f 1509 1515 1514
f 1514 1515 1516
f 1515 1517 1516
f 1516 1517 1518
f 1519 1520 1521
f 1520 1522 1521
f 1521 1522 1523
f 1523 1524 1521
f 1524 1525 1521
f 1521 1525 1526
f 1517 1527 1518
f 1527 1528 1518
f 1518 1528 1529
f 1528 1521 1529
f 1529 1521 1530
f 1521 1526 1530
f 1519 1521 1531
f 1521 1532 1531
f 1531 1532 1533
f 1534 1535 1536
f 1537 1538 1539
f 1538 1540 1539
f 1539 1540 1541
f 1540 1542 1541
f 1543 1544 1534
f 1534 1536 1543
f 1536 1545 1543
f 1543 1545 1540
f 1545 1546 1540
f 1540 1546 1542
f 1547 1548 1549
f 1550 1551 1549
f 1551 1552 1549
f 1549 1552 1547
f 1553 1554 1555
f 1555 1556 1553
f 1556 1557 1553
f 1553 1557 1558
f 1558 1559 1553
f 1559 1560 1553
f 1553 1560 1561
f 1561 1562 1553
f 1562 1563 1553
f 1553 1563 1564
f 1564 1565 1553
f 1565 1566 1553
f 1553 1566 1072
f 1566 1567 1072
f 1072 1567 1568
f 1568 1569 1072
f 1569 1570 1072
f 1072 1570 1073
f 1570 1095 1073
f 1550 1549 1571
f 1549 1572 1571
f 1571 1572 1573
f 1573 1572 1574
f 1572 1575 1574
f 1574 1575 1576
f 1577 1578 1579
f 1578 1580 1579
f 1579 1580 1575
f 1580 1581 1575
f 1575 1581 1576
f 1582 1583 1577
f 1584 1585 1579
f 1585 1586 1579
f 1579 1586 1577
f 1586 1587 1577
f 1577 1587 1582
f 1588 1584 1589
f 1584 1579 1589
f 1589 1579 1590
f 1579 1575 1590
f 1591 1592 1572
f 1592 1593 1572
f 1572 1593 1575
f 1593 1594 1575
f 1575 1594 1590
f 1595 1596 1597
f 1553 1598 1599
f 1600 1601 1599
f 1601 1549 1599
f 1599 1549 1553
f 1549 1548 1553
f 1553 1548 1554
f 1591 1572 1602
f 1572 1549 1602
f 1602 1549 1597
f 1549 1601 1597
f 1597 1601 1595
f 1601 1603 1595
f 1595 1603 1596
f 1604 1605 1155
f 1606 1607 1608
f 1607 1609 1608
f 1608 1609 1610
f 1609 1611 1610
f 1612 1613 1614
f 1615 1616 1617
f 1616 1618 1617
f 1617 1618 1606
f 1618 1607 1606
f 1619 1620 1621
f 1620 1622 1621
f 1621 1622 1616
f 1622 1623 1616
f 1616 1623 1618
f 1624 1625 1626
f 1625 1627 1626
f 1626 1627 1621
f 1627 1628 1621
f 1621 1628 1619
f 1624 1629 1630
f 1630 1631 1624
f 1631 1632 1624
f 1624 1632 1633
f 1633 1634 1624
f 1634 1635 1624
f 1624 1635 1625
f 1612 1614 1636
f 1614 1637 1636
f 1637 1638 1636
f 1636 1638 1624
f 1638 1639 1624
f 1624 1639 1629
f 1640 1193 1192
f 1641 1642 1643
f 1642 1644 1643
f 1645 1646 1644
f 1646 1647 1644
f 1644 1647 1643
f 1644 1648 1645
f 1648 1649 1645
f 1645 1649 1650
f 1649 1651 1650
f 1652 1653 1654
f 1653 1655 1654
f 1654 1655 1651
f 1655 1656 1651
f 1651 1656 1650
f 1657 1658 1659
f 1658 1660 1659
f 1659 1660 1652
f 1660 1661 1652
f 1652 1661 1653
f 1662 1663 1664
f 1663 1665 1664
f 1664 1665 1657
f 1665 1666 1657
f 1657 1666 1658
f 1664 1667 1662
f 1667 1668 1662
f 1662 1668 1669
f 1668 1670 1669
f 1671 1672 1673
f 1672 1674 1673
f 1673 1674 1675
f 1674 1676 1675
f 1675 1676 1677
f 1676 1678 1677
f 1677 1678 1670
f 1678 1679 1670
f 1670 1679 1669
f 1673 1680 1671
f 1680 1681 1671
f 1671 1681 1682
f 1681 1683 1682
f 1682 1683 1684
f 1192 1685 1640
f 1685 1686 1640
f 1640 1686 1687
f 1686 1688 1687
f 1687 1688 1689
f 1688 1690 1689
f 1689 1690 1683
f 1690 1691 1683
f 1683 1691 1684
f 1692 1642 1641
f 1693 1694 1695
f 1693 1695 1696
f 1696 1695 1697
f 1695 1698 1697
f 1697 1698 1699
f 1698 1700 1699
f 1700 1701 1699
f 1699 1701 1702
f 1701 1703 1702
f 1702 1703 1704
f 1703 1705 1704
f 1705 1706 1704
f 1704 1706 1707
f 1706 1708 1707
f 1707 1708 1709
f 1709 1708 1710
f 1708 1711 1710
f 1710 1711 1712
f 1711 1713 1712
f 1713 1714 1712
f 1712 1714 1715
f 1714 1716 1715
f 1715 1716 1641
f 1716 1717 1641
f 1641 1717 1692
f 1718 1719 1720
f 1721 1695 1694
f 1694 1722 1721
f 1722 1723 1721
f 1721 1723 1724
f 1723 1725 1724
f 1724 1725 1726
f 1725 1727 1726
f 1726 1727 1720
f 1727 1728 1720
f 1720 1728 1718
f 1729 1730 1731
f 1731 1732 1729
f 1732 1733 1729
f 1729 1733 1734
f 1733 1735 1734
f 1734 1735 1736
f 1735 1737 1736
f 1736 1737 1738
f 1737 1739 1738
f 1739 1740 1738
f 1738 1740 1741
f 1740 1742 1741
f 1741 1742 1743
f 1720 1719 1744
f 1719 1745 1744
f 1742 1746 1743
f 1746 1747 1743
f 1743 1747 1748
f 1747 1749 1748
f 1748 1749 1745
f 1749 1750 1745
f 1745 1750 1744
f 1751 1752 1753
f 1753 1754 1751
f 1754 1755 1751
f 1751 1755 1756
f 1755 1757 1756
f 1756 1757 1758
f 1758 1757 1759
f 1757 1760 1759
f 1759 1760 1761
f 1760 1762 1761
f 1761 1762 1763
f 1762 1764 1763
f 1764 1765 1763
f 1763 1765 1766
f 1765 1731 1766
f 1766 1731 1730
f 1339 1337 1767
f 1337 1768 1767
f 1767 1768 1769
f 1770 1771 1768
f 1771 1772 1768
f 1768 1772 1769
f 1773 1774 1770
f 1774 1775 1770
f 1770 1775 1771
f 1776 1777 1778
f 1777 1779 1778
f 1778 1779 1780
f 1781 1782 1783
f 1773 1770 1776
f 1770 1781 1776
f 1776 1781 1777
f 1781 1783 1777
f 1777 1783 1779
f 1045 1782 1784
f 1782 1781 1784
f 1784 1781 1785
f 1781 1770 1785
f 1785 1770 1786
f 1770 1768 1786
f 1786 1768 1335
f 1768 1337 1335
f 1787 1788 1789
f 1790 1791 1792
f 1791 1793 1792
f 1793 1794 1792
f 1792 1794 1795
f 1794 1796 1795
f 1795 1796 1797
f 1797 1798 1795
f 1798 1799 1795
f 1795 1799 1800
f 1800 1801 1795
f 1801 1802 1795
f 1795 1802 1803
f 1802 1804 1803
f 1805 1806 1803
f 1806 1807 1803
f 1803 1807 1795
f 1788 1808 1809
f 1808 1810 1809
f 1809 1810 1805
f 1787 1789 1344
f 1804 1811 1803
f 1811 1032 1803
f 1803 1032 1812
f 1786 1335 1334
f 1333 1813 1334
f 1813 1814 1334
f 1334 1814 1786
f 1032 1034 1812
f 1034 1042 1812
f 1812 1042 1815
f 1042 1044 1815
f 1815 1044 1816
f 1044 1045 1816
f 1816 1045 1784
f 1333 1342 1813
f 1342 1341 1813
f 1813 1341 1817
f 1341 1340 1817
f 1817 1340 1789
f 1340 1345 1789
f 1789 1345 1344
f 1788 1809 1789
f 1809 1818 1789
f 1789 1818 1817
f 1818 1819 1817
f 1817 1819 1813
f 1819 1820 1813
f 1813 1820 1814
f 1820 1785 1814
f 1814 1785 1786
f 1805 1803 1809
f 1803 1812 1809
f 1809 1812 1818
f 1812 1815 1818
f 1818 1815 1819
f 1815 1816 1819
f 1819 1816 1820
f 1816 1784 1820
f 1820 1784 1785
f 1791 1790 1821
f 1822 1823 1824
f 1824 1823 1825
f 1823 1826 1825
f 1825 1826 1827
f 1826 1828 1827
f 1827 1828 1829
f 1824 1830 1822
f 1830 1831 1822
f 1822 1831 1832
f 1793 1791 1833
f 1791 1821 1833
f 1833 1821 1834
f 1821 1822 1834
f 1834 1822 1835
f 1822 1832 1835
f 1836 1837 1838
f 1839 1840 1836
f 1841 1842 1843
f 1844 1845 1782
f 1846 1847 1848
f 1847 1841 1848
f 1849 1850 1848
f 1850 1851 1848
f 1848 1851 1846
f 1852 1853 1849
f 1854 1855 1856
f 1855 1857 1856
f 1853 1858 1849
f 1858 1859 1849
f 1849 1859 1850
f 1860 1861 1862
f 1863 1864 1865
f 1864 1862 1865
f 1865 1862 1866
f 1862 1861 1866
f 1867 1868 1837
f 1836 1840 1837
f 1840 1869 1837
f 1837 1869 1867
f 1828 1826 1870
f 1826 1823 1870
f 1823 1871 1870
f 1871 1872 1870
f 1870 1872 1836
f 1872 1873 1836
f 1836 1873 1839
f 1874 1875 1876
f 1875 1877 1876
f 1848 1878 1879
f 1848 1879 1849
f 1879 1880 1849
f 1849 1880 1881
f 1881 1882 1849
f 1882 1883 1849
f 1849 1883 1884
f 1884 1885 1849
f 1885 1886 1849
f 1849 1886 1887
f 1857 1852 1856
f 1852 1849 1856
f 1856 1849 1838
f 1849 1887 1838
f 1838 1887 1888
f 1888 1889 1838
f 1889 1890 1838
f 1838 1890 1891
f 1876 1892 1893
f 1893 1894 1876
f 1894 1895 1876
f 1876 1895 1874
f 1841 1843 1848
f 1843 1896 1848
f 1848 1896 1878
f 1897 1898 1843
f 1898 1899 1843
f 1843 1899 1896
f 1782 1045 1844
f 1045 1043 1844
f 1844 1043 1041
f 1780 1779 1842
f 1779 1845 1842
f 1842 1845 1843
f 1845 1844 1843
f 1843 1844 1897
f 1844 1041 1897
f 1897 1041 1040
f 1864 1900 1862
f 1900 1901 1862
f 1862 1901 1902
f 1903 1904 1905
f 1904 1862 1905
f 1905 1862 1906
f 1862 1902 1906
f 1891 1892 1838
f 1892 1876 1838
f 1838 1876 1836
f 1876 1877 1836
f 1836 1877 1870
f 1877 1829 1870
f 1870 1829 1828
f 1903 1907 1904
f 1907 1908 1904
f 1904 1908 1909
f 1868 1860 1837
f 1860 1862 1837
f 1837 1862 1838
f 1862 1904 1838
f 1838 1904 1856
f 1904 1909 1856
f 1856 1909 1854
f 954 1910 1911
f 1910 1912 1911
f 1911 1912 1913
f 1912 1914 1913
f 1915 1916 1917
f 1918 1919 1920
f 1919 1921 1920
f 1920 1921 1922
f 1921 1923 1922
f 1922 1923 1924
f 1923 1925 1924
f 1924 1925 1926
f 1925 1927 1926
f 1926 1927 1928
f 1927 1929 1928
f 1930 1931 1932
f 1931 1933 1932
f 1932 1933 1929
f 1933 1934 1929
f 1929 1934 1928
f 1932 1935 1930
f 1935 1936 1930
f 1930 1936 1937
f 1936 1938 1937
f 1937 1938 1939
f 1938 1940 1939
f 1939 1940 1941
f 1940 1915 1941
f 1941 1915 1942
f 1915 1917 1942
f 1912 1943 1914
f 1943 1944 1914
f 1914 1944 1945
f 1944 1946 1945
f 1945 1946 1947
f 1946 1948 1947
f 1947 1948 1949
f 1948 1950 1949
f 1950 1951 1949
f 1949 1951 1952
f 1951 1953 1952
f 1952 1953 1954
f 1953 1955 1954
f 1954 1955 1956
f 1955 1957 1956
f 1956 1957 1958
f 1957 1959 1958
f 1958 1959 1960
f 1959 1961 1960
f 1960 1961 1916
f 1961 1962 1916
f 1916 1962 1917
f 1963 1964 1965
f 1966 1383 1382
f 1382 1967 1966
f 1967 1968 1966
f 1966 1968 1969
f 1970 1969 1971
f 1969 1972 1971
f 1970 1973 1969
f 1973 1974 1969
f 1969 1974 1966
f 1972 1975 1971
f 1975 1976 1971
f 1971 1976 1965
f 1976 1977 1965
f 1965 1977 1963
f 1978 1979 1980
f 1979 1981 1980
f 1980 1981 1964
f 1981 1982 1964
f 1964 1982 1965
f 1983 1984 1985
f 1978 1986 1979
f 1986 1983 1979
f 1979 1983 1987
f 1983 1985 1987
f 1988 1989 1990
f 1988 1990 1991
f 1990 1992 1991
f 1992 1993 1991
f 1991 1993 1994
f 1993 1995 1994
f 1994 1995 1996
f 1995 1997 1996
f 1996 1997 1984
f 1997 1985 1984
f 1998 1999 2000
f 2001 1989 1988
f 2002 2003 2004
f 1988 2005 2001
f 2005 2006 2001
f 2001 2006 2007
f 2006 2002 2007
f 2007 2002 2008
f 2002 2004 2008
f 2000 1999 2009
f 2003 2010 2004
f 2010 2011 2004
f 2004 2011 2012
f 2011 2013 2012
f 2012 2013 2014
f 2013 2015 2014
f 2014 2015 2016
f 2015 2017 2016
f 2016 2017 1999
f 2017 2018 1999
f 1999 2018 2009
f 1998 2000 2019
f 2000 2020 2019
f 2019 2020 2021
f 2022 2023 2024
f 2025 2026 2027
f 2028 1368 1367
f 2027 2026 2029
f 2029 2026 1367
f 2026 2030 1367
f 1367 2030 2028
f 2024 2023 2027
f 2023 2031 2027
f 2027 2031 2025
f 2032 2033 2034
f 2033 2035 2034
f 2034 2035 2024
f 2035 2036 2024
f 2024 2036 2022
f 2037 2038 2032
f 2038 2039 2032
f 2032 2039 2033
f 2037 1921 2038
f 1921 1919 2038
f 2038 1919 1918
f 2040 2041 2042
f 2041 2043 2042
f 2042 2043 2044
f 2043 2045 2044
f 2046 2047 2048
f 2047 2049 2048
f 2048 2049 2045
f 2049 2050 2045
f 2045 2050 2044
f 2051 2052 2053
f 2052 2054 2053
f 2053 2054 2055
f 2054 2056 2055
f 2055 2056 2057
f 2056 2058 2057
f 2057 2058 2046
f 2058 2059 2046
f 2046 2059 2047
f 2053 2060 2051
f 2060 2061 2051
f 2051 2061 2062
f 2061 2063 2062
f 2062 2063 2064
f 2064 2063 2065
f 2063 2066 2065
f 2065 2066 2067
f 2066 2068 2067
f 2067 2068 2069
f 2068 2070 2069
f 2069 2070 2071
f 2071 2070 2072
f 2070 2073 2072
f 2072 2073 2074
f 2073 2075 2074
f 2074 2075 2076
f 2076 2075 2077
f 2075 2078 2077
f 2077 2078 2079
f 2078 2080 2079
f 2079 2080 2081
f 2081 2080 2082
f 2080 2083 2082
f 2082 2083 2084
f 2083 2085 2084
f 2084 2085 2086
f 2085 2087 2086
f 2086 2087 2088
f 2087 2089 2088
f 2088 2089 2090
f 2090 2089 2091
f 2089 2092 2091
f 2091 2092 2093
f 2093 2092 2094
f 2094 2095 2093
f 2095 2096 2093
f 2093 2096 2097
f 2096 2098 2097
f 2097 2098 2099
f 2098 2100 2099
f 2100 2101 2099
f 2099 2101 2102
f 2101 2103 2102
f 2102 2103 2104
f 2104 2103 2105
f 2103 2106 2105
f 2105 2106 2107
f 2106 2108 2107
f 2108 2109 2107
f 2107 2109 2110
f 2109 2111 2110
f 2110 2111 2112
f 2113 2114 2115
f 2111 2116 2112
f 2116 2117 2112
f 2112 2117 2118
f 2117 2113 2118
f 2118 2113 2119
f 2113 2115 2119
f 2114 2113 2120
f 2113 2121 2120
f 2122 2123 2124
f 2123 2125 2124
f 2124 2125 2126
f 2125 2127 2126
f 2126 2127 2128
f 2127 2129 2128
f 2128 2129 2121
f 2129 2130 2121
f 2121 2130 2120
f 2131 2132 2133
f 2133 2132 2134
f 2132 2122 2134
f 2134 2122 2124
f 2135 2136 2137
f 2136 2138 2137
f 2137 2138 2139
f 2133 2140 2131
f 2140 2141 2131
f 2131 2141 2135
f 2141 2142 2135
f 2135 2142 2136
f 2143 2144 2145
f 2144 2146 2145
f 2145 2146 2147
f 2146 2148 2147
f 2147 2148 2149
f 2148 2150 2149
f 2149 2150 2151
f 2150 2139 2151
f 2151 2139 2152
f 2139 2138 2152
f 1753 1752 2153
f 1752 2154 2153
f 2153 2154 2155
f 2154 2156 2155
f 2155 2156 2157
f 2156 2158 2157
f 2157 2158 2159
f 2158 2160 2159
f 2159 2160 2161
f 2160 2162 2161
f 2161 2162 2163
f 2162 2164 2163
f 2163 2164 2165
f 2164 2166 2165
f 2165 2166 2143
f 2166 2144 2143
f 2167 2168 2169
f 2170 2171 2172
f 2171 2173 2172
f 2172 2173 2174
f 2169 2175 2167
f 2175 2176 2167
f 2167 2176 2177
f 2176 2178 2177
f 2179 2171 2180
f 2171 2181 2180
f 2179 2182 2171
f 2182 2183 2171
f 2171 2183 2173
f 2181 2184 2185
f 2185 2186 2181
f 2186 2187 2181
f 2181 2187 2180
f 2188 2189 2190
f 2190 2191 2188
f 2191 2192 2188
f 2188 2192 2193
f 2194 2195 2196
f 2197 2198 2196
f 2198 2199 2196
f 2196 2199 2194
f 2199 2200 2194
f 2194 2200 2189
f 2200 2201 2189
f 2189 2201 2190
f 2197 2196 2202
f 2196 2203 2202
f 2202 2203 2204
f 2204 2203 2205
f 2203 2206 2205
f 2205 2206 2207
f 2206 2208 2207
f 2207 2208 2209
f 2209 2208 2210
f 2208 2211 2210
f 2210 2211 2212
f 2211 2213 2212
f 2212 2213 2214
f 2213 2215 2214
f 2214 2215 2216
f 2216 2215 2217
f 2215 2218 2217
f 2217 2218 2219
f 2218 2220 2219
f 2219 2220 2221
f 2220 2222 2221
f 2221 2222 2223
f 2223 2222 2224
f 2222 2225 2224
f 2224 2225 2226
f 2226 2225 2227
f 2225 2228 2227
f 2227 2228 2229
f 2228 2230 2229
f 2229 2230 2231
f 2231 2230 2232
f 2230 2233 2232
f 2232 2233 2234
f 2233 2235 2234
f 2234 2235 2236
f 2236 2235 2237
f 2235 2238 2237
f 2237 2238 2239
f 2238 2240 2239
f 2239 2240 2241
f 2240 2242 2241
f 2241 2242 2243
f 2243 2242 2244
f 2242 2245 2244
f 2244 2245 2246
f 2245 2247 2246
f 2246 2247 2248
f 2247 2249 2248
f 2248 2249 2250
f 2250 2249 2251
f 2249 2252 2251
f 2251 2252 2253
f 2252 2254 2253
f 2253 2254 2255
f 2255 2254 2256
f 2254 2257 2256
f 2256 2257 2258
f 2257 2259 2258
f 2258 2259 2260
f 2260 2259 2261
f 2259 2262 2261
f 2261 2262 2263
f 2262 2264 2263
f 2263 2264 2265
f 2265 2264 2266
f 2264 2267 2266
f 2266 2267 2268
f 2267 2269 2268
f 2268 2269 2270
f 2270 2269 2271
f 2269 2272 2271
f 2271 2272 2273
f 2272 2274 2273
f 2273 2274 2275
f 2275 2274 2276
f 2274 2277 2276
f 2276 2277 2278
f 2277 2279 2278
f 2278 2279 2280
f 2280 2279 2281
f 2279 2282 2281
f 2281 2282 2283
f 2282 2284 2283
f 2283 2284 2285
f 2284 2041 2285
f 2285 2041 2040
f 2286 2181 2287
f 2181 2171 2287
f 2287 2171 2178
f 2171 2170 2178
f 2178 2170 2177
f 2195 2194 2288
f 2194 2189 2288
f 2288 2189 2286
f 2189 2188 2286
f 2286 2188 2181
f 2188 2193 2181
f 2181 2193 2184
f 2289 2290 2291
f 2292 2289 2293
f 2289 2291 2293
f 2293 2291 2294
f 2291 2295 2294
f 2296 2297 2298
f 2297 2299 2298
f 2298 2299 2295
f 2299 2300 2295
f 2295 2300 2294
f 2296 2298 2301
f 2298 1325 2301
f 2301 1325 1324
f 1327 1325 2302
f 1325 2298 2302
f 2302 2298 2303
f 2298 2295 2303
f 2303 2295 2304
f 2295 2291 2304
f 2304 2291 1026
f 2291 2290 1026
f 2305 2306 2307
f 2308 2309 2310
f 2309 2311 2310
f 2310 2311 2305
f 2312 2313 2308
f 2313 2314 2308
f 2308 2314 2309
f 2315 2316 2317
f 2318 2319 2320
f 2319 2315 2320
f 2315 2317 2320
f 2320 2317 2308
f 2317 2321 2308
f 2308 2321 2312
f 2316 2322 2317
f 2322 2323 2317
f 2317 2323 2324
f 2324 2325 2317
f 2325 2326 2317
f 2317 2326 2327
f 2326 2328 2327
f 2327 2328 2329
f 2328 2330 2329
f 2329 2330 2331
f 1019 1018 2320
f 1018 2332 2320
f 2320 2332 2318
f 2303 2304 2333
f 2302 2303 2334
f 1327 2302 1328
f 2302 2335 1328
f 1328 2335 1320
f 2335 2336 1320
f 1320 2336 1322
f 2303 2333 2334
f 2333 2337 2334
f 2334 2337 2338
f 2337 2339 2338
f 2338 2339 2340
f 2302 2334 2335
f 2334 2338 2335
f 2335 2338 2336
f 2338 2340 2336
f 2336 2340 2341
f 2341 2342 2336
f 2342 1323 2336
f 2336 1323 1322
f 2310 2341 2308
f 2341 2340 2308
f 2308 2340 2320
f 2340 2339 2320
f 2320 2339 1019
f 2339 2337 1019
f 1019 2337 1029
f 2337 2333 1029
f 1029 2333 1025
f 2333 2304 1025
f 1025 2304 1026
f 2305 2307 2310
f 2307 2343 2310
f 2310 2343 2341
f 2343 2344 2341
f 2341 2344 2342
f 2344 2345 2346
f 2345 2307 2346
f 2346 2307 2347
f 2307 2306 2347
f 2347 2306 2348
f 2349 2350 2351
f 2350 2352 2351
f 2351 2352 2353
f 2354 2355 2352
f 2355 2356 2352
f 2356 2357 2358
f 2358 2359 2356
f 2359 2360 2356
f 2356 2360 2361
f 2361 2362 2356
f 2362 2363 2356
f 2356 2363 2364
f 2364 2365 2356
f 2365 2366 2356
f 2356 2366 2352
f 2366 2367 2352
f 2352 2367 2353
f 2368 2369 2370
f 2369 2371 2370
f 2370 2371 2372
f 2371 2373 2372
f 2374 2375 2376
f 2375 2377 2376
f 2376 2377 2368
f 2377 2378 2368
f 2368 2378 2369
f 2330 2328 2379
f 2330 2379 2331
f 2379 2380 2331
f 2331 2380 2376
f 2380 2381 2376
f 2376 2381 2374
f 1028 1027 2382
f 2383 2384 2385
f 2370 2372 2385
f 2386 2376 2368
f 2370 2385 2368
f 2385 2384 2368
f 2368 2384 2386
f 2387 2388 2389
f 2388 2390 2389
f 2390 2391 2389
f 2391 2392 2389
f 2389 2392 2393
f 2392 2394 2393
f 2393 2394 2395
f 2396 2397 2398
f 2399 2400 2401
f 2400 2402 2401
f 2403 2404 2405
f 2404 2406 2405
f 2405 2406 2401
f 2406 2407 2401
f 2401 2407 2399
f 2408 2409 2405
f 2409 2410 2405
f 2405 2410 2403
f 2382 2411 2408
f 2411 2292 2408
f 2408 2292 2409
f 1027 1026 2382
f 1026 2290 2382
f 2382 2290 2411
f 1030 1028 2412
f 1028 2382 2412
f 2412 2382 2413
f 2382 2408 2413
f 2413 2408 2414
f 2414 2408 2415
f 2408 2405 2415
f 2415 2405 2416
f 2417 2418 2419
f 2418 2420 2419
f 2419 2420 2421
f 2420 2422 2421
f 2422 2423 2421
f 2423 2424 2421
f 2421 2424 2425
f 2426 2401 2427
f 2401 2421 2427
f 2427 2421 2428
f 2421 2425 2428
f 2426 2429 2401
f 2429 2430 2401
f 2401 2430 2431
f 2431 2432 2401
f 2432 2433 2401
f 2401 2433 2434
f 2434 2435 2401
f 2435 2436 2401
f 2401 2436 2405
f 2436 2437 2405
f 2405 2437 2416
f 2395 2383 2393
f 2383 2385 2393
f 2393 2385 2438
f 2385 2372 2438
f 2438 2372 2373
f 2398 2387 2396
f 2387 2389 2396
f 2396 2389 2439
f 2440 2441 2396
f 2441 2442 2396
f 2396 2442 2397
f 2442 2443 2397
f 2397 2443 2444
f 2402 2445 2401
f 2445 2439 2401
f 2401 2439 2421
f 2439 2389 2421
f 2421 2389 2419
f 2389 2393 2419
f 2419 2393 2417
f 2393 2438 2417
f 2446 2447 2439
f 2447 2448 2439
f 2439 2448 2396
f 2448 2449 2396
f 2396 2449 2440
f 2402 2450 2445
f 2450 2451 2445
f 2445 2451 2439
f 2451 2452 2439
f 2439 2452 2446
f 2453 2454 2455
f 2456 2457 2458
f 2459 2460 2461
f 2462 2463 2464
f 2465 2466 2467
f 2468 2469 2470
f 2471 2472 2473
f 2474 2475 2476
f 2476 2475 2477
f 2478 2479 2480
f 2481 2482 2483
f 2484 2485 2486
f 2487 2488 2489
f 2488 2490 2489
f 2489 2490 2486
f 2490 2491 2486
f 2486 2491 2484
f 2492 2485 2493
f 2485 2494 2493
f 2492 2495 2485
f 2495 2496 2485
f 2485 2496 2486
f 2497 2498 2499
f 2498 2500 2499
f 2489 2499 2487
f 2499 2500 2487
f 2487 2500 2501
f 2500 2502 2501
f 2501 2502 2503
f 2502 2504 2503
f 2503 2504 2505
f 2504 2506 2505
f 2507 2506 2508
f 2506 2504 2508
f 2508 2504 2477
f 2504 2509 2477
f 2477 2509 2476
f 2510 2511 2512
f 2508 2513 2507
f 2513 2510 2507
f 2507 2510 2514
f 2510 2512 2514
f 2515 2516 2517
f 2516 2518 2517
f 2517 2518 2514
f 2518 2519 2514
f 2514 2519 2507
f 2520 2521 2522
f 2522 2523 2520
f 2523 2516 2520
f 2520 2516 2524
f 2516 2515 2524
f 2524 2515 2470
f 2525 2526 2527
f 2526 2528 2527
f 2527 2528 2523
f 2528 2529 2523
f 2523 2529 2516
f 2530 2531 2532
f 2533 2534 2535
f 2531 2530 2536
f 2530 2537 2536
f 2536 2537 2538
f 2539 2540 2537
f 2540 2541 2537
f 2537 2541 2538
f 2542 2543 2544
f 2545 2546 2547
f 2548 2549 2550
f 2549 2545 2550
f 2550 2545 2551
f 2545 2547 2551
f 2542 2544 2552
f 2544 2553 2554
f 2555 2556 2557
f 2556 2558 2557
f 2557 2558 2559
f 2560 2561 2557
f 2561 2549 2557
f 2548 2552 2549
f 2552 2544 2549
f 2549 2544 2557
f 2544 2554 2557
f 2557 2554 2555
f 2458 2457 2562
f 2563 2564 2565
f 2566 2567 2562
f 2567 2568 2562
f 2562 2568 2565
f 2568 2554 2565
f 2565 2554 2563
f 2554 2553 2563
f 2563 2553 2569
f 2570 2571 2572
f 2573 2574 2562
f 2574 2570 2562
f 2562 2570 2566
f 2570 2572 2566
f 2566 2572 2575
f 2572 2481 2575
f 2575 2481 2576
f 2481 2577 2576
f 2577 2481 2578
f 2481 2483 2578
f 2578 2483 2579
f 2580 2581 2582
f 2581 2583 2582
f 2582 2583 2584
f 2583 2585 2584
f 2584 2585 2586
f 2580 2582 2587
f 2582 2588 2587
f 2587 2588 2589
f 2590 2591 2588
f 2591 2592 2588
f 2588 2592 2589
f 2593 2594 2595
f 2594 2590 2595
f 2446 2596 2447
f 2596 2597 2447
f 2598 2451 2599
f 2451 2450 2599
f 2446 2452 2596
f 2452 2451 2596
f 2596 2451 2600
f 2451 2598 2600
f 2597 2593 2447
f 2593 2595 2447
f 2447 2595 2601
f 2595 2449 2601
f 2590 2588 2595
f 2588 2602 2595
f 2595 2602 2449
f 2444 2443 2603
f 2443 2442 2603
f 2603 2442 2604
f 2605 2606 2607
f 2606 2608 2607
f 2608 2609 2607
f 2607 2609 2610
f 2610 2611 2607
f 2611 2612 2607
f 2607 2612 2613
f 2614 2615 2616
f 2612 2617 2613
f 2617 2614 2613
f 2613 2614 2618
f 2614 2616 2618
f 2619 2620 2621
f 2620 2622 2621
f 2621 2622 2623
f 2622 2624 2623
f 2623 2624 2625
f 2624 2626 2625
f 2625 2626 2627
f 2626 2628 2627
f 2627 2628 2629
f 2628 2630 2629
f 2629 2630 2631
f 2630 2616 2631
f 2631 2616 2632
f 2616 2615 2632
f 2621 2633 2619
f 2633 2634 2619
f 2619 2634 2485
f 2634 2635 2485
f 2485 2635 2494
f 2478 2480 2636
f 2480 2637 2636
f 2636 2637 2638
f 2637 2639 2638
f 2638 2639 2607
f 2639 2640 2607
f 2607 2640 2605
f 2472 2471 2641
f 2479 2642 2641
f 2471 2643 2641
f 2643 2474 2641
f 2641 2474 2479
f 2474 2476 2479
f 2479 2476 2480
f 2476 2509 2480
f 2463 2462 2644
f 2645 2646 2647
f 2648 2649 2650
f 2515 2473 2470
f 2473 2472 2470
f 2470 2472 2468
f 2472 2641 2468
f 2468 2641 2651
f 2641 2650 2651
f 2651 2650 2652
f 2650 2649 2652
f 2652 2649 2653
f 2466 2465 2654
f 2465 2655 2654
f 2655 2530 2654
f 2654 2530 2534
f 2530 2532 2534
f 2534 2532 2535
f 2656 2657 2658
f 2657 2659 2658
f 2462 2646 2644
f 2646 2645 2644
f 2644 2645 2660
f 2645 2661 2660
f 2655 2657 2530
f 2657 2656 2530
f 2530 2656 2537
f 2656 2662 2537
f 2537 2662 2663
f 2664 2665 2663
f 2665 2666 2663
f 2663 2666 2537
f 2666 2557 2537
f 2537 2557 2539
f 2557 2559 2539
f 2461 2460 2667
f 2460 2668 2667
f 2667 2668 2669
f 2668 2670 2669
f 2669 2670 2671
f 2670 2672 2671
f 2671 2672 2545
f 2672 2673 2545
f 2545 2673 2546
f 2674 2675 2676
f 2677 2678 2679
f 2678 2680 2679
f 2679 2680 2681
f 2681 2682 2679
f 2682 2683 2679
f 2679 2683 2670
f 2683 2684 2670
f 2670 2684 2685
f 2685 2686 2670
f 2686 2687 2670
f 2670 2687 2688
f 2688 2689 2670
f 2689 2690 2670
f 2670 2690 2691
f 2692 2693 2672
f 2691 2694 2670
f 2694 2695 2670
f 2670 2695 2672
f 2695 2696 2672
f 2672 2696 2692
f 2693 2697 2672
f 2697 2698 2672
f 2672 2698 2673
f 2699 2700 2701
f 2700 2702 2701
f 2701 2702 2703
f 2675 2674 2704
f 2674 2705 2704
f 2704 2705 2706
f 2707 2708 2709
f 2482 2710 2483
f 2710 2584 2483
f 2483 2584 2579
f 2584 2586 2579
f 2702 2456 2703
f 2456 2458 2703
f 2703 2458 2676
f 2458 2677 2676
f 2676 2677 2674
f 2677 2679 2674
f 2674 2679 2711
f 2712 2709 2705
f 2709 2708 2705
f 2705 2708 2706
f 2711 2713 2674
f 2713 2714 2674
f 2674 2714 2705
f 2714 2715 2705
f 2705 2715 2712
f 2716 2717 2603
f 2717 2718 2603
f 2603 2718 2444
f 2712 2719 2709
f 2719 2720 2709
f 2709 2720 2716
f 2720 2721 2716
f 2716 2721 2717
f 2604 2602 2603
f 2602 2588 2603
f 2603 2588 2716
f 2588 2582 2716
f 2716 2582 2709
f 2582 2584 2709
f 2709 2584 2707
f 2584 2710 2707
f 2722 2650 2723
f 2650 2641 2723
f 2723 2641 2724
f 2641 2642 2724
f 2722 2453 2650
f 2453 2645 2650
f 2650 2645 2648
f 2645 2647 2648
f 2648 2647 2725
f 2647 2726 2725
f 2725 2726 2525
f 2726 2533 2525
f 2525 2533 2526
f 2533 2535 2526
f 2454 2727 2645
f 2727 2668 2645
f 2645 2668 2661
f 2668 2460 2661
f 2661 2460 2659
f 2460 2459 2659
f 2659 2459 2658
f 2728 2670 2729
f 2670 2668 2729
f 2729 2668 2730
f 2668 2727 2730
f 2728 2731 2670
f 2731 2732 2670
f 2670 2732 2679
f 2732 2733 2679
f 2679 2733 2711
f 2734 2735 2736
f 2734 2736 2737
f 2738 2739 993
f 2736 2740 2737
f 2740 2741 2737
f 2737 2741 2742
f 2741 2743 2742
f 2742 2743 2744
f 2743 2745 2744
f 2744 2745 2746
f 2745 2747 2746
f 2747 2748 2746
f 2746 2748 2749
f 2748 2750 2749
f 2749 2750 2751
f 2750 2752 2751
f 2751 2752 2753
f 2752 2754 2753
f 2753 2754 2755
f 2754 2756 2755
f 2755 2756 2757
f 2756 2758 2757
f 2757 2758 2759
f 993 2760 2738
f 2760 2761 2738
f 2738 2761 2762
f 2761 2763 2762
f 2762 2763 2764
f 2763 2765 2764
f 2766 2767 2768
f 2767 2769 2768
f 2768 2769 2770
f 2769 2771 2770
f 2770 2771 2772
f 2771 2773 2772
f 2772 2773 2765
f 2773 2774 2765
f 2765 2774 2764
f 2768 2775 2766
f 2775 2776 2766
f 2766 2776 2777
f 2776 2778 2777
f 2758 2779 2759
f 2779 2780 2759
f 2759 2780 2781
f 2780 2782 2781
f 2781 2782 2783
f 2782 2784 2783
f 2783 2784 2778
f 2784 2785 2778
f 2778 2785 2777
f 2786 2787 2788
f 2787 2789 2788
f 2790 2791 2792
f 2791 2793 2792
f 2793 2794 2792
f 2794 2795 2792
f 2792 2795 2789
f 2795 2796 2789
f 2789 2796 2788
f 2797 2798 2799
f 2800 2801 2802
f 2803 2804 2805
f 2804 2806 2805
f 2805 2806 2807
f 2802 2801 2808
f 2801 2809 2808
f 2808 2809 2810
f 2809 2811 2810
f 2810 2811 2812
f 2799 2813 2797
f 2813 2814 2797
f 2797 2814 2815
f 2814 2816 2815
f 2806 2817 2807
f 2817 2818 2807
f 2807 2818 2819
f 2818 2820 2819
f 2821 2822 2823
f 2802 2824 2800
f 2824 2825 2800
f 2800 2825 2826
f 2825 2827 2826
f 2826 2827 2828
f 2829 2830 2831
f 2827 2832 2828
f 2832 2833 2828
f 2828 2833 2834
f 2833 2835 2834
f 2836 2837 2838
f 2837 2839 2838
f 2838 2839 2835
f 2839 2840 2835
f 2835 2840 2834
f 2786 2841 2787
f 2841 2842 2787
f 2787 2842 2843
f 2842 2844 2843
f 2843 2844 2836
f 2844 2845 2836
f 2836 2845 2837
f 2846 2847 2848
f 2847 2849 2848
f 2848 2849 2850
f 2849 2851 2850
f 2798 2852 2799
f 2852 2853 2799
f 2799 2853 2854
f 2853 2855 2854
f 2854 2855 2856
f 2855 2857 2856
f 2856 2857 2858
f 2857 2859 2858
f 2858 2859 2860
f 2859 2861 2860
f 2860 2861 2862
f 2861 2863 2862
f 2862 2863 2864
f 2829 2831 2865
f 2866 2867 2868
f 2867 2869 2868
f 2868 2869 2870
f 2869 2871 2870
f 2870 2871 2803
f 2871 2872 2803
f 2803 2872 2804
f 2812 2811 2822
f 2811 2873 2822
f 2822 2873 2823
f 2814 2874 2816
f 2874 2875 2816
f 2816 2875 2876
f 2875 2877 2876
f 2876 2877 2878
f 2877 2879 2878
f 2878 2879 2849
f 2879 2880 2849
f 2849 2880 2851
f 2830 2829 2881
f 2829 2882 2881
f 2881 2882 2883
f 2882 2884 2883
f 2883 2884 2885
f 2863 2886 2864
f 2886 2887 2864
f 2864 2887 2888
f 2887 2889 2888
f 2888 2889 2884
f 2889 2890 2884
f 2884 2890 2885
f 2831 2891 2865
f 2891 2892 2865
f 2865 2892 2893
f 2892 2866 2893
f 2893 2866 2894
f 2866 2868 2894
f 2895 2896 2897
f 2896 2898 2897
f 2897 2898 2899
f 2898 2900 2899
f 2899 2900 2901
f 2900 2902 2901
f 2901 2902 2903
f 2902 2904 2903
f 2903 2904 2905
f 2904 2906 2905
f 2905 2906 2907
f 2906 2908 2907
f 2907 2908 2820
f 2908 2909 2820
f 2820 2909 2819
f 2823 2910 2821
f 2910 2911 2821
f 2821 2911 2912
f 2911 2913 2912
f 2912 2913 2895
f 2913 2914 2895
f 2895 2914 2896
f 2791 2790 2915
f 2790 2916 2915
f 2917 2918 2916
f 2918 2919 2916
f 2916 2919 2915
f 2917 2920 2918
f 2920 2921 2918
f 2918 2921 2922
f 2921 2923 2922
f 2922 2923 2924
f 2925 2926 2927
f 2926 2928 2927
f 2927 2928 2923
f 2928 2929 2923
f 2923 2929 2924
f 2927 2930 2925
f 2930 2931 2925
f 2925 2931 2932
f 2931 2933 2932
f 2932 2933 2934
f 2935 2936 2937
f 2936 2938 2937
f 2937 2938 2933
f 2938 2939 2933
f 2933 2939 2934
f 2940 2936 2935
f 2935 2941 2940
f 2941 2942 2940
f 2940 2942 2943
f 2942 2944 2943
f 2942 2945 2944
f 2945 2946 2944
f 2944 2946 2947
f 2946 2948 2947
f 2947 2948 2949
f 2950 2951 2952
f 2951 2953 2952
f 2952 2953 2954
f 2953 2955 2954
f 2954 2955 2956
f 2955 2957 2956
f 2956 2957 2958
f 2957 2959 2958
f 2958 2959 2949
f 2959 2947 2949
f 2950 2952 2960
f 2952 2961 2960
f 2960 2961 2962
f 2961 2963 2962
f 2962 2963 2964
f 2965 2966 2967
f 2966 2968 2967
f 2967 2968 2964
f 2968 2969 2964
f 2964 2969 2962
f 2970 2971 2972
f 2971 2965 2972
f 2972 2965 2973
f 2965 2967 2973
f 2971 2970 2974
f 2970 2975 2974
f 2974 2975 2976
f 2977 2978 2979
f 2978 2980 2979
f 2979 2980 2975
f 2980 2981 2975
f 2975 2981 2976
f 2021 2020 2982
f 2020 2983 2982
f 2984 2985 2986
f 2985 2987 2986
f 2986 2987 2988
f 2987 2989 2988
f 2988 2989 2979
f 2989 2990 2979
f 2979 2990 2977
f 2983 2991 2982
f 2991 2992 2982
f 2982 2992 2986
f 2992 2993 2986
f 2986 2993 2984
f 2735 2734 2994
f 2734 2995 2994
f 2994 2995 2996
f 2995 2997 2996
f 2996 2997 2998
f 2997 2999 2998
f 2998 2999 3000
f 2999 3001 3000
f 3000 3001 3002
f 3001 3003 3002
f 3004 3005 3001
f 3005 3006 3001
f 3001 3006 3003
f 2349 3007 2350
f 3007 3008 2350
f 2350 3008 3009
f 3008 3010 3009
f 3009 3010 3004
f 3010 3011 3004
f 3004 3011 3005
f 3012 3013 3014
f 3015 3016 3017
f 3018 3019 3014
f 3019 3020 3014
f 3014 3020 3021
f 3022 3023 3016
f 3023 3024 3016
f 3016 3024 3017
f 3012 3014 3025
f 3014 3021 3025
f 3025 3021 3026
f 3027 3028 3014
f 3028 3029 3014
f 3014 3029 3018
f 3030 3031 3022
f 3031 3032 3022
f 3022 3032 3023
f 3017 3033 3015
f 3033 3034 3015
f 3015 3034 3035
f 3034 3036 3035
f 3036 3037 3035
f 3037 3038 3035
f 3035 3038 3039
f 3038 3040 3039
f 1080 1079 3041
f 1079 3042 3041
f 3041 3042 3014
f 3042 3043 3014
f 3014 3043 3027
f 3040 3044 3045
f 3045 3046 3040
f 3046 3047 3040
f 3040 3047 3039
f 3048 3049 3050
f 3049 3051 3050
f 3050 3051 3021
f 3051 3052 3021
f 3021 3052 3026
f 3030 3022 3050
f 3022 3053 3050
f 3050 3053 3048
f 3054 3055 3056
f 3057 3058 3059
f 3059 3058 3060
f 1116 3061 1114
f 3061 1113 1114
f 3062 3063 3054
f 3063 3064 3054
f 3054 3064 3065
f 3066 3067 3056
f 3067 3068 3056
f 3056 3068 3054
f 3068 3069 3054
f 3054 3069 3062
f 1053 1052 3070
f 1052 3071 3070
f 3072 3066 3073
f 3057 3059 3074
f 3059 3075 3074
f 3074 3075 3076
f 3075 3077 3076
f 3076 3077 3078
f 3077 3079 3078
f 3078 3079 3080
f 3079 3081 3080
f 3080 3081 1116
f 3081 3082 1116
f 1116 3082 3061
f 3072 3083 3066
f 3083 3084 3066
f 3066 3084 3067
f 3065 3085 3054
f 3085 3071 3054
f 3054 3071 3086
f 3071 1052 3086
f 3073 3087 3072
f 3087 3088 3072
f 3072 3088 3089
f 3058 3090 3060
f 3090 3091 3060
f 3060 3091 3092
f 3091 3093 3092
f 3092 3093 3094
f 3093 3072 3094
f 3094 3072 3095
f 3072 3089 3095
f 3096 3097 3098
f 3097 3099 3098
f 3096 3100 3097
f 3100 3101 3097
f 3097 3101 3102
f 3102 3103 3097
f 3103 3104 3097
f 3097 3104 3105
f 3105 3106 3097
f 3106 3107 3097
f 3097 3107 3108
f 3109 3110 3097
f 3110 3111 3097
f 3097 3111 3099
f 3111 3112 3099
f 3112 3113 3099
f 3099 3113 3114
f 3113 3115 3114
f 3114 3115 3116
f 3117 3118 3119
f 3118 3120 3119
f 3120 3121 3119
f 3121 3122 3119
f 3119 3122 3116
f 3122 3123 3116
f 3116 3123 3114
f 3124 3125 3126
f 3124 3126 3127
f 3128 3129 3130
f 3129 3131 3130
f 3130 3131 3132
f 3126 3133 3127
f 3133 3134 3127
f 3127 3134 3135
f 3135 3136 3127
f 3136 3137 3127
f 3127 3137 3130
f 3137 3138 3130
f 3130 3138 3128
f 1065 3139 1064
f 3139 3140 1064
f 1064 3140 1057
f 3141 3142 3143
f 3141 3143 3144
f 3143 3145 3144
f 3144 3145 3146
f 3147 3148 3149
f 3148 3150 3149
f 3149 3150 3145
f 3150 3151 3145
f 3145 3151 3146
f 3152 3153 3149
f 3153 3154 3149
f 3149 3154 3147
f 3152 3155 3156
f 3156 3157 3152
f 3157 3158 3152
f 3152 3158 3159
f 3159 3160 3152
f 3160 3161 3152
f 3152 3161 3153
f 3162 3155 3163
f 3155 3152 3163
f 3163 3152 3164
f 3152 3165 3164
f 3164 3165 3166
f 3165 3167 3166
f 3166 3167 3168
f 3167 3169 3168
f 3168 3169 3170
f 3171 3172 3173
f 3047 3174 3039
f 3174 3175 3039
f 3039 3175 3176
f 3177 3178 3179
f 3178 3180 3179
f 3179 3180 1551
f 1571 3173 3179
f 3173 3181 3179
f 3179 3181 3177
f 3182 3183 3172
f 3183 3184 3172
f 3172 3184 3185
f 3185 3186 3172
f 3186 3187 3172
f 3172 3187 3188
f 3188 3189 3172
f 3189 3190 3172
f 3172 3190 3173
f 3190 3191 3173
f 3173 3191 3181
f 3192 3193 3194
f 3195 3196 3171
f 3196 3197 3171
f 3171 3197 3172
f 3197 3198 3172
f 3172 3198 3182
f 3193 3192 3199
f 3192 3045 3199
f 3199 3045 3044
f 3200 3201 3202
f 3201 3203 3202
f 3202 3203 3204
f 3203 3205 3204
f 3204 3205 3206
f 3204 3207 3202
f 3207 1580 3202
f 3202 1580 3200
f 1580 1578 3200
f 3200 1578 1577
f 3046 3045 3208
f 3045 3192 3208
f 3208 3192 3171
f 3192 3194 3171
f 3171 3194 3195
f 1574 3209 3207
f 3209 1581 3207
f 3207 1581 1580
f 1573 1574 3210
f 1574 3207 3210
f 3210 3207 3211
f 3207 3204 3211
f 3211 3204 3174
f 3204 3206 3174
f 3174 3206 3175
f 1571 1573 3173
f 1573 3210 3173
f 3173 3210 3171
f 3210 3211 3171
f 3171 3211 3208
f 3211 3174 3208
f 3208 3174 3046
f 3174 3047 3046
f 3176 3175 3212
f 3175 3213 3212
f 3214 3215 3206
f 3216 3217 3215
f 3217 3218 3215
f 3215 3218 3206
f 3218 3219 3206
f 3206 3219 3175
f 3219 3220 3175
f 3175 3220 3213
f 3221 3222 3203
f 3206 3205 3214
f 3205 3203 3214
f 3214 3203 3223
f 3203 3222 3223
f 3200 1577 3224
f 3203 3201 3221
f 3201 3200 3221
f 3221 3200 3225
f 3200 3224 3225
f 3226 3227 3228
f 3229 3230 3231
f 3230 3232 3231
f 3231 3232 3233
f 3226 3228 3231
f 3228 3234 3231
f 3231 3234 3229
f 3233 3235 3231
f 3235 3236 3231
f 3231 3236 3237
f 3237 3238 3231
f 3238 3239 3231
f 3231 3239 3240
f 3241 3242 3243
f 3242 3244 3243
f 3245 3246 3247
f 3246 3248 3247
f 3247 3248 3249
f 3248 3242 3249
f 3250 3251 3252
f 3242 3253 3254
f 3255 3256 3242
f 3256 3257 3242
f 3242 3257 3244
f 3241 3258 3242
f 3258 3259 3242
f 3242 3259 3249
f 3250 3252 3242
f 3252 3260 3242
f 3242 3260 3261
f 3261 3262 3242
f 3262 3263 3242
f 3242 3263 3253
f 3254 3264 3242
f 3264 3265 3242
f 3242 3265 3266
f 3266 3267 3242
f 3267 3268 3242
f 3242 3268 3255
f 3269 3270 3271
f 3270 3272 3271
f 3271 3272 3273
f 3272 3274 3273
f 3273 3274 3275
f 3274 3276 3275
f 3277 3278 3279
f 3277 3279 3280
f 3279 3281 3280
f 3280 3281 3282
f 3281 3283 3282
f 3282 3283 3284
f 3283 3285 3284
f 3285 3286 3284
f 3284 3286 3287
f 3286 3288 3287
f 3287 3288 3289
f 3288 3290 3289
f 3289 3290 3291
f 3290 3292 3291
f 3291 3292 3293
f 3294 3295 3296
f 3295 3297 3296
f 3296 3297 3298
f 3297 3293 3298
f 3298 3293 3299
f 3293 3292 3299
f 3300 3301 3302
f 3301 3303 3302
f 3302 3303 3304
f 3305 3306 3307
f 3307 3308 3309
f 3309 3310 3307
f 3310 3311 3307
f 3307 3311 3305
f 3306 3312 3307
f 3312 3313 3307
f 3307 3313 3314
f 3315 3316 3317
f 3316 3307 3317
f 3317 3307 3318
f 3307 3314 3318
f 3319 3320 3321
f 3320 3322 3321
f 3323 3324 3325
f 3323 3325 3326
f 3325 3327 3326
f 3326 3327 3328
f 3327 3329 3328
f 3328 3329 3330
f 3331 3332 3333
f 3332 3334 3333
f 3335 3336 3333
f 3336 3337 3333
f 3334 3338 3333
f 3338 3339 3333
f 3333 3339 3335
f 3337 3340 3333
f 3340 3341 3333
f 3333 3341 3342
f 3341 3343 3342
f 3342 3343 3344
f 3343 3345 3344
f 3344 3345 3346
f 3346 3345 3347
f 3345 3348 3347
f 3347 3348 3349
f 3348 3350 3349
f 3349 3350 3351
f 3352 3353 3354
f 3353 3351 3354
f 3354 3351 3355
f 3351 3350 3355
f 3352 3356 3353
f 3356 3357 3353
f 3353 3357 3358
f 3357 3359 3358
f 3358 3359 3360
f 3359 3361 3360
f 3360 3361 3362
f 3363 3364 3365
f 3364 3366 3365
f 3367 3365 3368
f 3365 3366 3368
f 3368 3366 3369
f 3366 3370 3369
f 3371 3372 3373
f 3372 3374 3373
f 3373 3374 3375
f 3375 3376 3373
f 3376 3377 3373
f 3373 3377 3378
f 3373 3379 3380
f 3379 3381 3380
f 3370 3366 3373
f 3366 3382 3373
f 3373 3382 3371
f 3378 3383 3373
f 3383 3384 3373
f 3373 3384 3385
f 3385 3386 3373
f 3386 3387 3373
f 3373 3387 3379
f 3381 3379 3388
f 3379 3389 3388
f 3388 3389 3390
f 3391 3392 3393
f 3392 3394 3393
f 3394 3395 3393
f 3393 3395 3396
f 3391 3393 3397
f 3393 3398 3397
f 3397 3398 3399
f 3399 3398 3400
f 3398 3401 3400
f 3400 3401 3402
f 3403 3404 3405
f 3404 3402 3405
f 3405 3402 3406
f 3402 3401 3406
f 3039 3176 3396
f 3176 3407 3396
f 3396 3407 3393
f 3407 3408 3393
f 3393 3408 3398
f 3409 3410 3411
f 3412 3413 3414
f 3413 3415 3414
f 3414 3415 3416
f 3412 3417 3418
f 3417 3419 3418
f 3420 3421 3422
f 3421 3423 3422
f 3422 3423 3424
f 3425 3426 3427
f 3426 3428 3427
f 3427 3428 3409
f 3429 3430 3425
f 3430 3431 3425
f 3425 3431 3426
f 3432 3433 3434
f 3433 3435 3434
f 3434 3435 3436
f 3436 3437 3434
f 3437 3438 3434
f 3434 3438 3439
f 3440 3441 3442
f 3441 3443 3442
f 3443 3444 3442
f 3444 3445 3442
f 3442 3445 3446
f 3395 3394 3447
f 3394 3448 3447
f 3449 3450 3451
f 3450 3013 3451
f 3416 3452 3453
f 3452 3449 3453
f 3035 3039 3396
f 3409 3411 3427
f 3411 3454 3427
f 3427 3454 3455
f 3454 3456 3455
f 3456 3457 3455
f 3455 3457 3458
f 3457 3459 3458
f 3459 3460 3458
f 3460 3461 3458
f 3458 3461 3462
f 3461 3463 3462
f 3462 3463 3464
f 3463 3465 3464
f 3464 3465 3466
f 3465 3467 3466
f 3467 3468 3466
f 3466 3468 3469
f 3468 3470 3469
f 3469 3470 3471
f 3470 3472 3471
f 3472 3473 3471
f 3471 3473 3474
f 3473 3475 3474
f 3475 3476 3474
f 3474 3476 3477
f 3476 3478 3477
f 3478 3422 3477
f 3477 3422 3417
f 3422 3424 3417
f 3417 3424 3419
f 3412 3414 3417
f 3414 3479 3417
f 3417 3479 3477
f 3479 3480 3477
f 3477 3480 3474
f 3480 3481 3474
f 3474 3481 3471
f 3481 3482 3471
f 3471 3482 3469
f 3482 3483 3469
f 3469 3483 3466
f 3483 3484 3466
f 3466 3484 3464
f 3484 3485 3464
f 3464 3485 3462
f 3485 3486 3462
f 3462 3486 3458
f 3486 3487 3458
f 3458 3487 3455
f 3487 3488 3455
f 3455 3488 3427
f 3488 3434 3427
f 3427 3434 3425
f 3434 3439 3425
f 3425 3439 3429
f 3416 3453 3414
f 3453 3489 3414
f 3414 3489 3479
f 3489 3490 3479
f 3479 3490 3480
f 3490 3491 3480
f 3480 3491 3481
f 3491 3492 3481
f 3481 3492 3482
f 3492 3493 3482
f 3482 3493 3483
f 3493 3494 3483
f 3483 3494 3484
f 3494 3495 3484
f 3484 3495 3485
f 3495 3496 3485
f 3485 3496 3486
f 3496 3497 3486
f 3486 3497 3487
f 3497 3498 3487
f 3487 3498 3488
f 3498 3442 3488
f 3488 3442 3434
f 3442 3446 3434
f 3434 3446 3432
f 3449 3451 3453
f 3451 3499 3453
f 3453 3499 3489
f 3499 3500 3489
f 3489 3500 3490
f 3500 3501 3490
f 3490 3501 3491
f 3501 3502 3491
f 3491 3502 3492
f 3502 3503 3492
f 3492 3503 3493
f 3503 3504 3493
f 3493 3504 3494
f 3504 3505 3494
f 3494 3505 3495
f 3505 3506 3495
f 3495 3506 3496
f 3506 3507 3496
f 3496 3507 3497
f 3507 3508 3497
f 3497 3508 3498
f 3508 3447 3498
f 3498 3447 3442
f 3447 3448 3442
f 3442 3448 3440
f 3013 3012 3451
f 3012 3025 3451
f 3451 3025 3499
f 3025 3026 3499
f 3499 3026 3500
f 3026 3052 3500
f 3500 3052 3501
f 3052 3051 3501
f 3501 3051 3502
f 3051 3049 3502
f 3502 3049 3503
f 3049 3048 3503
f 3503 3048 3504
f 3048 3053 3504
f 3504 3053 3505
f 3053 3022 3505
f 3505 3022 3506
f 3022 3016 3506
f 3506 3016 3507
f 3016 3015 3507
f 3507 3015 3508
f 3015 3035 3508
f 3508 3035 3447
f 3035 3396 3447
f 3447 3396 3395
f 3509 3510 3511
f 3512 3077 3075
f 3513 3514 3515
f 3516 3517 3518
f 3516 3518 3519
f 3516 3520 3517
f 3520 3521 3517
f 3517 3521 3522
f 3521 1185 3522
f 3522 1185 1184
f 3523 3524 3519
f 3524 3525 3519
f 3525 3526 3519
f 3519 3526 3527
f 3527 3528 3519
f 3528 3529 3519
f 3519 3529 3516
f 3529 3530 3516
f 3516 3530 3520
f 3531 3532 3533
f 3532 3534 3533
f 3534 3535 3533
f 3535 3536 3533
f 3533 3536 3523
f 3537 3538 3539
f 3538 3540 3539
f 3539 3540 3541
f 3542 3543 3537
f 3541 3544 3539
f 3544 3545 3539
f 3539 3545 3531
f 3515 3514 3546
f 3514 3547 3546
f 3546 3547 3548
f 3548 3549 3546
f 3549 3550 3546
f 3546 3550 3551
f 3552 3553 3554
f 3553 3555 3554
f 3554 3555 3556
f 3552 3557 3553
f 3557 3558 3553
f 3553 3558 3515
f 3558 3559 3515
f 3515 3559 3513
f 3556 3555 3560
f 3555 3561 3560
f 3560 3561 3562
f 3561 3056 3562
f 3562 3056 3055
f 3518 3563 3564
f 3563 3565 3564
f 3565 3566 3564
f 3566 3567 3564
f 3564 3567 3512
f 3537 3539 3542
f 3539 3568 3542
f 3542 3568 3569
f 3570 3571 3568
f 3571 3572 3568
f 3568 3572 3569
f 3573 3574 3575
f 3574 3576 3575
f 3575 3576 3577
f 3576 3578 3577
f 3577 3578 3579
f 3578 3580 3579
f 3579 3580 3570
f 3580 3581 3570
f 3570 3581 3571
f 3573 3575 3511
f 3575 3582 3511
f 3511 3582 3509
f 3512 3075 3564
f 3075 3059 3564
f 3564 3059 3583
f 3059 3060 3583
f 3583 3060 3584
f 3060 3092 3584
f 3584 3092 3585
f 3092 3094 3585
f 3585 3094 3586
f 3094 3095 3586
f 3586 3095 3587
f 3095 3089 3587
f 3587 3089 3588
f 3089 3088 3588
f 3588 3088 3589
f 3088 3087 3589
f 3589 3087 3590
f 3518 3564 3519
f 3564 3583 3519
f 3519 3583 3591
f 3583 3584 3591
f 3591 3584 3592
f 3584 3585 3592
f 3592 3585 3593
f 3585 3586 3593
f 3593 3586 3594
f 3586 3587 3594
f 3594 3587 3595
f 3587 3588 3595
f 3595 3588 3596
f 3588 3589 3596
f 3596 3589 3597
f 3589 3590 3597
f 3597 3590 3598
f 3523 3519 3533
f 3519 3591 3533
f 3533 3591 3599
f 3591 3592 3599
f 3599 3592 3600
f 3592 3593 3600
f 3600 3593 3601
f 3593 3594 3601
f 3601 3594 3602
f 3594 3595 3602
f 3602 3595 3603
f 3595 3596 3603
f 3603 3596 3604
f 3596 3597 3604
f 3604 3597 3605
f 3597 3598 3605
f 3605 3598 3606
f 3531 3533 3539
f 3533 3599 3539
f 3539 3599 3568
f 3599 3600 3568
f 3568 3600 3570
f 3600 3601 3570
f 3570 3601 3579
f 3601 3602 3579
f 3579 3602 3577
f 3602 3603 3577
f 3577 3603 3575
f 3603 3604 3575
f 3575 3604 3582
f 3604 3605 3582
f 3582 3605 3509
f 3605 3606 3509
f 3509 3606 3607
f 3608 3609 3610
f 3609 3607 3610
f 3610 3607 3611
f 3607 3606 3611
f 3611 3606 3612
f 3606 3598 3612
f 3612 3598 3613
f 3598 3590 3613
f 3613 3590 3073
f 3590 3087 3073
f 3609 3614 3607
f 3614 3615 3607
f 3607 3615 3509
f 3615 3616 3509
f 3509 3616 3510
f 3617 3608 3618
f 3608 3610 3618
f 3618 3610 3619
f 3610 3611 3619
f 3619 3611 3620
f 3611 3612 3620
f 3620 3612 3621
f 3612 3613 3621
f 3621 3613 3066
f 3613 3073 3066
f 3546 3617 3515
f 3617 3618 3515
f 3515 3618 3553
f 3618 3619 3553
f 3553 3619 3555
f 3619 3620 3555
f 3555 3620 3561
f 3620 3621 3561
f 3561 3621 3056
f 3621 3066 3056
f 3622 3623 3624
f 3623 3625 3624
f 3624 3625 3626
f 3626 3625 3627
f 3625 3628 3627
f 3627 3628 3629
f 3629 3628 3630
f 3628 3631 3630
f 3630 3631 3632
f 3631 3633 3632
f 3632 3633 3634
f 3635 3636 3637
f 3638 3639 3640
f 3639 3641 3640
f 3640 3641 3637
f 3641 3642 3637
f 3637 3642 3635
f 3636 3643 3637
f 3643 3644 3637
f 3637 3644 3645
f 3646 3647 3648
f 3647 3649 3648
f 3648 3649 3650
f 3649 3637 3650
f 3650 3637 3651
f 3637 3645 3651
f 3652 3653 3654
f 3653 3655 3654
f 3654 3655 3656
f 3655 3657 3656
f 3656 3657 3658
f 3659 3660 3661
f 3660 3662 3661
f 3661 3662 3663
f 3664 3665 3666
f 3665 3667 3666
f 3659 3661 3665
f 3661 3668 3665
f 3665 3668 3667
f 3669 3670 3671
f 3670 3672 3671
f 3673 3674 3675
f 3674 3676 3675
f 3677 3678 3679
f 3678 3680 3679
f 3681 3682 3678
f 3682 3683 3678
f 3678 3683 3680
f 3684 3685 3686
f 3685 3687 3686
f 3688 3689 3690
f 3690 3691 3688
f 3691 3692 3688
f 3688 3692 3693
f 3692 3686 3693
f 3693 3686 3694
f 3686 3687 3694
f 3695 3696 3697
f 3696 3698 3697
f 3698 3699 3697
f 3699 3700 3697
f 3697 3700 3701
f 3702 3703 3697
f 3703 3704 3697
f 3697 3704 3695
f 3705 3706 3707
f 3707 3708 3705
f 3708 3709 3705
f 3705 3709 3697
f 3709 3710 3697
f 3697 3710 3702
f 3711 3712 3713
f 3712 3714 3713
f 3711 3715 3712
f 3715 3716 3712
f 3712 3716 3717
f 3718 3719 3720
f 3719 3721 3720
f 3716 3722 3717
f 3722 3723 3717
f 3717 3723 3721
f 3723 3724 3721
f 3721 3724 3720
f 776 775 3725
f 775 3726 3725
f 3725 3726 826
f 3726 827 826
f 837 838 3727
f 838 3728 3727
f 3727 3728 3729
f 3728 875 3729
f 3729 875 874
f 895 894 3730
f 894 3731 3730
f 3730 3731 935
f 3731 933 935
f 3732 3665 3664
f 3733 3734 3735
f 3734 3736 3735
f 3735 3736 3633
f 3736 3737 3633
f 3633 3737 3634
f 3738 3739 3733
f 3739 3740 3733
f 3733 3740 3734
f 3741 3742 3743
f 3742 3744 3743
f 3743 3744 3745
f 3733 3746 3738
f 3746 3742 3738
f 3738 3742 3747
f 3742 3741 3747
f 3732 3664 3745
f 3664 3748 3745
f 3745 3748 3743
f 3749 3625 3623
f 3750 3751 3752
f 3751 3753 3752
f 3752 3753 3754
f 3753 3755 3754
f 3754 3755 3623
f 3755 3756 3623
f 3623 3756 3749
f 3750 3752 3757
f 3752 3758 3757
f 3757 3758 3759
f 3759 3758 3760
f 3758 3640 3760
f 3760 3640 3637
f 3684 3686 3761
f 3762 3763 3764
f 3763 3765 3764
f 3764 3765 3761
f 3765 3766 3761
f 3761 3766 3684
f 3764 3767 3762
f 3767 3768 3762
f 3762 3768 3769
f 3768 3770 3769
f 3769 3770 3771
f 3770 3772 3771
f 3771 3772 3773
f 3772 3774 3773
f 3773 3774 3775
f 3775 3774 3776
f 3774 3777 3776
f 3776 3777 3778
f 3777 3719 3778
f 3778 3719 3718
f 3779 3780 3712
f 3781 3782 3780
f 3782 3783 3780
f 3783 3784 3780
f 3784 3714 3780
f 3780 3714 3712
f 3779 3785 3780
f 3785 3786 3780
f 3780 3786 3787
f 3787 3788 3780
f 3788 3789 3780
f 3780 3789 3790
f 3790 3791 3780
f 3791 3792 3780
f 3780 3792 3781
f 3793 3794 3779
f 3712 3795 3779
f 3795 3796 3779
f 3779 3796 3793
f 3796 3797 3793
f 3797 3798 3793
f 3793 3798 3799
f 3798 3800 3799
f 3800 3801 3799
f 3801 3802 3799
f 3799 3802 3803
f 3802 3804 3803
f 3804 3805 3803
f 3803 3805 3701
f 3805 3806 3701
f 3701 3806 3697
f 3689 3688 3807
f 3808 3809 3810
f 3811 3678 3677
f 3811 3677 3812
f 3677 3813 3812
f 3812 3813 3814
f 3815 3812 3816
f 3812 3814 3816
f 3816 3814 3817
f 3818 3819 3820
f 3819 3812 3820
f 3820 3812 3821
f 3812 3815 3821
f 3822 3823 3824
f 3823 3819 3824
f 3824 3819 3825
f 3819 3818 3825
f 3822 3826 3823
f 3826 3827 3823
f 3823 3827 3828
f 3827 3829 3828
f 3829 3830 3828
f 3828 3830 3810
f 3830 3831 3810
f 3810 3831 3808
f 3808 3832 3809
f 3832 3833 3809
f 3809 3833 3834
f 3833 3835 3834
f 3834 3835 3807
f 3835 3836 3807
f 3807 3836 3689
f 3837 3838 3839
f 3840 3841 3842
f 3841 3707 3842
f 3842 3707 3706
f 3842 3843 3840
f 3843 3844 3840
f 3840 3844 3845
f 3844 3846 3845
f 3846 3847 3845
f 3845 3847 3848
f 3847 3849 3848
f 3849 3850 3848
f 3850 3851 3848
f 3848 3851 3852
f 3851 3853 3852
f 3851 3854 3853
f 3854 3855 3853
f 3853 3855 3856
f 3855 3857 3856
f 3857 3858 3856
f 3856 3858 3838
f 3858 3859 3838
f 3838 3859 3839
f 3837 3839 3681
f 3839 3860 3681
f 3681 3860 3682
f 3861 3862 3863
f 3864 3661 3663
f 3663 3865 3864
f 3865 3866 3864
f 3864 3866 3867
f 3866 3868 3867
f 3867 3868 3869
f 3868 3870 3869
f 3870 3871 3869
f 3869 3871 3872
f 3873 3874 3875
f 3874 3872 3875
f 3875 3872 3876
f 3872 3871 3876
f 3873 3877 3874
f 3877 3878 3874
f 3874 3878 3879
f 3878 3880 3879
f 3880 3881 3879
f 3879 3881 3882
f 3881 3883 3882
f 3882 3883 3884
f 3885 3863 3886
f 3863 3862 3886
f 3886 3862 3887
f 3862 3882 3887
f 3887 3882 3888
f 3882 3884 3888
f 3652 3654 3889
f 3654 3861 3889
f 3889 3861 3890
f 3861 3863 3890
f 3891 3892 3893
f 3894 3719 3777
f 3895 3894 3896
f 3897 3895 3898
f 3899 3897 3900
f 3901 3899 3902
f 3903 3904 3905
f 1033 3903 3906
f 3894 3777 3896
f 3777 3774 3896
f 3896 3774 3907
f 3774 3772 3907
f 3772 3770 3907
f 3907 3770 3908
f 3770 3768 3908
f 3768 3767 3908
f 3908 3767 3893
f 3897 3898 3900
f 3898 3909 3900
f 3900 3909 3910
f 3909 3911 3910
f 3910 3911 3912
f 3911 3913 3912
f 3912 3913 3914
f 3899 3900 3902
f 3900 3910 3902
f 3902 3910 3915
f 3910 3912 3915
f 3915 3912 3916
f 3912 3914 3916
f 3916 3914 3917
f 3901 3902 3918
f 3902 3915 3918
f 3918 3915 3919
f 3915 3916 3919
f 3919 3916 3920
f 3916 3917 3920
f 3920 3917 3921
f 3903 3905 3906
f 3905 3922 3906
f 3906 3922 3923
f 3922 3924 3923
f 3923 3924 3925
f 3924 3926 3925
f 3925 3926 3927
f 3686 3891 3928
f 3891 3893 3928
f 3928 3893 3764
f 3893 3767 3764
f 3895 3896 3898
f 3896 3907 3898
f 3898 3907 3909
f 3907 3908 3909
f 3909 3908 3911
f 3908 3893 3911
f 3911 3893 3913
f 3893 3892 3913
f 3913 3892 3929
f 3929 3930 3913
f 3930 3931 3913
f 3913 3931 3914
f 3931 3932 3914
f 3914 3932 3917
f 3932 3933 3917
f 3917 3933 3921
f 3933 3934 3921
f 3921 3934 3935
f 3935 3926 3921
f 3926 3924 3921
f 3921 3924 3920
f 3924 3922 3920
f 3920 3922 3919
f 3922 3905 3919
f 3919 3905 3918
f 3905 3904 3918
f 3918 3904 3901
f 3935 3936 3926
f 3936 3937 3926
f 3926 3937 3927
f 3937 3938 3927
f 3927 3938 3939
f 1033 3906 1035
f 3906 3923 1035
f 1035 3923 1036
f 3923 3925 1036
f 1036 3925 1037
f 3925 3927 1037
f 1037 3927 1038
f 3927 3939 1038
f 1038 3939 1039
f 1040 1039 3940
f 1039 3939 3940
f 3940 3939 3941
f 3939 3938 3941
f 3941 3938 3942
f 3938 3937 3942
f 3942 3937 3943
f 3937 3936 3943
f 3943 3936 3944
f 3936 3935 3944
f 3944 3935 3945
f 3935 3934 3945
f 3945 3934 3946
f 3934 3933 3946
f 3946 3933 3947
f 3933 3948 3947
f 3947 3948 3949
f 3948 3931 3949
f 3949 3931 3950
f 3931 3930 3950
f 3950 3930 3951
f 3930 3929 3951
f 3951 3929 3952
f 3929 3892 3952
f 3952 3892 3953
f 3892 3891 3953
f 3891 3686 3953
f 3953 3686 3692
f 3721 3719 3954
f 3719 3894 3954
f 3954 3894 3955
f 3955 3894 3956
f 3894 3895 3956
f 3956 3895 3957
f 3957 3895 3958
f 3895 3897 3958
f 3958 3897 3959
f 3959 3897 3960
f 3897 3899 3960
f 3960 3899 3961
f 3961 3899 3962
f 3899 3901 3962
f 3962 3901 3963
f 3963 3901 3964
f 3901 3904 3964
f 3964 3904 3965
f 3965 3904 3966
f 3904 3903 3966
f 3966 3903 3967
f 3967 3903 3968
f 3903 1033 3968
f 3968 1033 1032
f 3946 3947 3969
f 3944 3945 3970
f 3942 3943 3971
f 3972 3973 3974
f 3975 1879 3976
f 3975 3973 3977
f 3973 3972 3977
f 3977 3972 3978
f 3975 3976 3973
f 3976 1896 3973
f 3973 1896 3974
f 3979 3980 3981
f 1896 1899 3974
f 1899 1898 3974
f 3974 1898 3982
f 3982 1040 3974
f 1040 3940 3974
f 3974 3940 3941
f 3941 3942 3974
f 3942 3971 3974
f 3974 3971 3972
f 3971 3983 3972
f 3972 3983 3978
f 3983 3984 3978
f 3943 3944 3971
f 3944 3970 3971
f 3971 3970 3983
f 3970 3985 3983
f 3983 3985 3984
f 3985 3986 3984
f 3945 3946 3970
f 3946 3969 3970
f 3970 3969 3985
f 3969 3987 3985
f 3985 3987 3986
f 3987 3988 3986
f 3947 3949 3969
f 3949 3979 3969
f 3969 3979 3987
f 3979 3981 3987
f 3987 3981 3988
f 3981 3689 3988
f 3949 3950 3979
f 3950 3951 3979
f 3979 3951 3980
f 3951 3952 3980
f 3980 3952 3953
f 3689 3981 3690
f 3981 3980 3690
f 3690 3980 3691
f 3980 3953 3691
f 3691 3953 3692
f 3989 3717 3721
f 1811 1804 3990
f 1032 1811 3968
f 1811 3990 3968
f 3968 3990 3967
f 3990 3991 3967
f 3992 3965 3991
f 3965 3966 3991
f 3991 3966 3967
f 3993 3963 3992
f 3963 3964 3992
f 3992 3964 3965
f 3994 3961 3993
f 3961 3962 3993
f 3993 3962 3963
f 3995 3959 3994
f 3959 3960 3994
f 3994 3960 3961
f 3996 3957 3995
f 3957 3958 3995
f 3995 3958 3959
f 3721 3954 3989
f 3954 3955 3989
f 3989 3955 3996
f 3955 3956 3996
f 3996 3956 3957
f 3712 3717 3997
f 3717 3989 3997
f 3997 3989 3998
f 3989 3996 3998
f 3998 3996 3999
f 3996 3995 3999
f 3999 3995 4000
f 3995 3994 4000
f 4000 3994 4001
f 3994 3993 4001
f 4001 3993 4002
f 3993 3992 4002
f 4002 3992 4003
f 3992 3991 4003
f 4003 3991 4004
f 3991 3990 4004
f 4004 3990 1802
f 3990 1804 1802
f 4005 3835 4006
f 3833 3832 4007
f 4008 3831 4009
f 3830 3829 4010
f 4011 3826 4012
f 4013 4014 4015
f 4016 4017 4018
f 4019 4020 4021
f 4020 1893 1892
f 4022 4023 4019
f 4023 4022 4017
f 4024 4025 4016
f 4025 4024 4014
f 4013 4015 4026
f 3677 4026 4027
f 3677 4027 3813
f 4027 4028 3813
f 3813 4028 3814
f 4028 4029 3814
f 3814 4029 3817
f 3817 4029 3816
f 4029 4030 3816
f 3816 4030 3815
f 4030 4031 3815
f 3815 4031 3821
f 4031 4032 3821
f 3821 4032 3820
f 3820 4033 3818
f 4033 4034 3818
f 3818 4034 3825
f 4034 4035 3825
f 3825 4035 3824
f 4020 1892 4021
f 1892 1891 4021
f 4021 1891 4036
f 1891 1890 4036
f 4036 1890 4037
f 1890 1889 4037
f 4037 1889 4038
f 1889 1888 4038
f 4038 1888 4039
f 1888 1887 4039
f 4039 1887 4040
f 1887 1886 4040
f 4040 1886 4041
f 1886 1885 4041
f 4041 1885 4042
f 1885 1884 4042
f 4042 1884 4043
f 4019 4021 4022
f 4021 4036 4022
f 4022 4036 4044
f 4036 4037 4044
f 4044 4037 4045
f 4037 4038 4045
f 4045 4038 4046
f 4038 4039 4046
f 4046 4039 4047
f 4039 4040 4047
f 4047 4040 4048
f 4040 4041 4048
f 4048 4041 4049
f 4041 4042 4049
f 4049 4042 4050
f 4042 4043 4050
f 4050 4043 4051
f 4017 4022 4018
f 4022 4044 4018
f 4018 4044 4052
f 4044 4045 4052
f 4052 4045 4053
f 4045 4046 4053
f 4053 4046 4054
f 4046 4047 4054
f 4054 4047 4055
f 4047 4048 4055
f 4055 4048 4056
f 4048 4049 4056
f 4056 4049 4057
f 4049 4050 4057
f 4057 4050 4058
f 4050 4051 4058
f 4058 4051 4059
f 4016 4018 4024
f 4018 4052 4024
f 4024 4052 4060
f 4052 4053 4060
f 4060 4053 4061
f 4053 4054 4061
f 4061 4054 4062
f 4054 4055 4062
f 4062 4055 4063
f 4055 4056 4063
f 4063 4056 4064
f 4056 4057 4064
f 4064 4057 4065
f 4057 4058 4065
f 4065 4058 4066
f 4058 4059 4066
f 4066 4059 4067
f 4014 4024 4015
f 4024 4060 4015
f 4015 4060 4068
f 4060 4061 4068
f 4068 4061 4069
f 4061 4062 4069
f 4069 4062 4070
f 4062 4063 4070
f 4070 4063 4071
f 4063 4064 4071
f 4071 4064 4072
f 4064 4065 4072
f 4072 4065 4073
f 4065 4066 4073
f 4073 4066 4074
f 4066 4067 4074
f 4074 4067 4075
f 4026 4015 4027
f 4015 4068 4027
f 4027 4068 4028
f 4068 4069 4028
f 4028 4069 4029
f 4069 4070 4029
f 4029 4070 4030
f 4070 4071 4030
f 4030 4071 4031
f 4071 4072 4031
f 4031 4072 4032
f 4072 4073 4032
f 4032 4073 4034
f 4073 4074 4034
f 4034 4074 4035
f 4074 4075 4035
f 4035 4075 4012
f 4012 3826 4035
f 3826 4076 4035
f 4035 4076 3824
f 3829 4011 4010
f 4011 4012 4010
f 4010 4012 4077
f 4012 4075 4077
f 4077 4075 4078
f 4075 4067 4078
f 4078 4067 4079
f 4067 4059 4079
f 4079 4059 4080
f 4059 4051 4080
f 4080 4051 4081
f 4051 4043 4081
f 4081 4043 1883
f 4043 1884 1883
f 3831 3830 4009
f 3830 4010 4009
f 4009 4010 4082
f 4010 4077 4082
f 4082 4077 4083
f 4077 4078 4083
f 4083 4078 4084
f 4078 4079 4084
f 4084 4079 4085
f 4079 4080 4085
f 4085 4080 4086
f 4080 4081 4086
f 4086 4081 1882
f 4081 1883 1882
f 3832 4008 4007
f 4008 4009 4007
f 4007 4009 4087
f 4009 4082 4087
f 4087 4082 4088
f 4082 4083 4088
f 4088 4083 4089
f 4083 4084 4089
f 4089 4084 4090
f 4084 4085 4090
f 4090 4085 4091
f 4085 4086 4091
f 4091 4086 1881
f 4086 1882 1881
f 3835 3833 4006
f 3833 4007 4006
f 4006 4007 4092
f 4007 4087 4092
f 4092 4087 4093
f 4087 4088 4093
f 4093 4088 4094
f 4088 4089 4094
f 4094 4089 4095
f 4089 4090 4095
f 4095 4090 4096
f 4090 4091 4096
f 4096 4091 1880
f 4091 1881 1880
f 3689 4005 3988
f 4005 4006 3988
f 3988 4006 3986
f 4006 4092 3986
f 3986 4092 3984
f 4092 4093 3984
f 3984 4093 3978
f 4093 4094 3978
f 3978 4094 3977
f 4094 4095 3977
f 3977 4095 3975
f 4095 4096 3975
f 3975 4096 1879
f 4096 1880 1879
f 3796 3795 4097
f 3798 3797 4098
f 3802 3801 4099
f 4100 1796 1794
f 4101 4102 4103
f 4102 4104 4103
f 4103 4104 4105
f 4106 4107 4108
f 4107 4109 4108
f 4108 4109 4101
f 4109 4110 4101
f 4101 4110 4102
f 4111 4112 4106
f 4112 4113 4106
f 4106 4113 4107
f 4114 4115 4111
f 4115 4116 4111
f 4111 4116 4112
f 4117 4118 4114
f 4118 4119 4114
f 4114 4119 4115
f 1794 4120 4100
f 4120 4121 4100
f 4100 4121 4117
f 4121 4122 4117
f 4117 4122 4118
f 3806 4123 4124
f 1797 1796 4125
f 1796 4100 4125
f 4125 4100 4126
f 4100 4117 4126
f 4126 4117 4127
f 4117 4114 4127
f 4127 4114 4128
f 4114 4111 4128
f 4128 4111 4129
f 4111 4106 4129
f 4129 4106 4130
f 4106 4108 4130
f 4130 4108 4131
f 4108 4101 4131
f 4131 4101 4124
f 4101 4103 4124
f 4124 4103 3806
f 4103 4105 3806
f 3806 4105 3697
f 3802 4099 3804
f 1798 1797 4132
f 1797 4125 4132
f 4132 4125 4133
f 4125 4126 4133
f 4133 4126 4134
f 4126 4127 4134
f 4134 4127 4135
f 4127 4128 4135
f 4135 4128 4136
f 4128 4129 4136
f 4136 4129 4137
f 4129 4130 4137
f 4137 4130 4138
f 4130 4131 4138
f 4138 4131 4099
f 4131 4124 4099
f 4099 4124 3804
f 4124 4123 3804
f 1799 1798 4139
f 1798 4132 4139
f 4139 4132 4140
f 4132 4133 4140
f 4140 4133 4141
f 4133 4134 4141
f 4141 4134 4142
f 4134 4135 4142
f 4142 4135 4143
f 4135 4136 4143
f 4143 4136 4144
f 4136 4137 4144
f 4144 4137 4145
f 4137 4138 4145
f 4145 4138 4146
f 4138 4099 4146
f 4146 4099 3800
f 4099 3801 3800
f 1800 1799 4147
f 1799 4139 4147
f 4147 4139 4148
f 4139 4140 4148
f 4148 4140 4149
f 4140 4141 4149
f 4149 4141 4150
f 4141 4142 4150
f 4150 4142 4151
f 4142 4143 4151
f 4151 4143 4152
f 4143 4144 4152
f 4152 4144 4153
f 4144 4145 4153
f 4153 4145 4098
f 4145 4146 4098
f 4098 4146 3798
f 4146 3800 3798
f 1801 1800 4154
f 1800 4155 4154
f 4154 4155 4156
f 4155 4148 4156
f 4156 4148 4157
f 4148 4149 4157
f 4157 4149 4158
f 4149 4150 4158
f 4158 4150 4159
f 4150 4151 4159
f 4159 4151 4160
f 4151 4152 4160
f 4160 4152 4161
f 4152 4153 4161
f 4161 4153 4097
f 4153 4098 4097
f 4097 4098 3796
f 4098 3797 3796
f 1802 1801 4004
f 1801 4154 4004
f 4004 4154 4003
f 4154 4156 4003
f 4003 4156 4002
f 4156 4157 4002
f 4002 4157 4001
f 4157 4158 4001
f 4001 4158 4000
f 4158 4159 4000
f 4000 4159 3999
f 4159 4160 3999
f 3999 4160 3998
f 4160 4161 3998
f 3998 4161 3997
f 4161 4097 3997
f 3997 4097 3712
f 4097 3795 3712
f 4026 3677 3679
f 4014 4013 4162
f 4017 4016 4163
f 4164 1875 4165
f 4166 4167 4165
f 4167 4168 4165
f 4165 4168 4164
f 4168 4169 4164
f 4164 4169 1829
f 4170 4171 4172
f 4171 4166 4172
f 4173 4174 4175
f 4174 4176 4175
f 4175 4176 4170
f 3683 4177 3680
f 4177 4173 3680
f 1875 4178 4165
f 4178 4179 4165
f 4165 4179 4180
f 4179 1894 4180
f 1894 1893 4180
f 1893 4020 4180
f 4180 4020 4019
f 4017 4163 4023
f 4166 4165 4172
f 4165 4180 4172
f 4172 4180 4163
f 4180 4019 4163
f 4163 4019 4023
f 4014 4162 4025
f 4170 4172 4175
f 4172 4163 4175
f 4175 4163 4162
f 4163 4016 4162
f 4162 4016 4025
f 4173 4175 3680
f 4175 4162 3680
f 3680 4162 3679
f 4162 4013 3679
f 3679 4013 4026
f 1794 1793 4120
f 1793 4181 4120
f 4120 4181 4121
f 4181 4182 4121
f 4121 4182 4122
f 4182 4183 4122
f 4122 4183 4184
f 4183 4185 4184
f 4184 4185 4119
f 4185 4186 4119
f 4119 4186 4115
f 4115 4186 4116
f 4186 4187 4116
f 4116 4187 4112
f 4187 4188 4112
f 4112 4188 4113
f 4188 4189 4113
f 4113 4189 4107
f 4189 4190 4107
f 4107 4190 4109
f 4190 4191 4109
f 4109 4191 4110
f 4191 4192 4110
f 4110 4192 4102
f 4192 4193 4102
f 4102 4193 4104
f 4193 4194 4104
f 4104 4194 4105
f 4194 3705 4105
f 4105 3705 3697
f 4195 1827 1829
f 4195 1829 4196
f 3683 3682 4177
f 3682 4197 4177
f 4177 4197 4173
f 4197 4198 4173
f 4173 4198 4174
f 4174 4198 4176
f 4198 4199 4176
f 4176 4199 4170
f 4199 4200 4170
f 4170 4200 4171
f 4200 4201 4171
f 4201 4202 4171
f 4171 4202 4166
f 4202 4203 4166
f 4166 4203 4167
f 4203 4204 4167
f 4167 4204 4168
f 4204 4196 4168
f 4168 4196 4169
f 4196 1829 4169
f 3705 4194 3706
f 4194 4205 3706
f 4194 4193 4205
f 4193 4192 4205
f 4205 4192 4206
f 4192 4191 4206
f 4191 4190 4206
f 4206 4190 4207
f 4190 4189 4207
f 4189 4188 4207
f 4207 4188 4208
f 4188 4187 4208
f 4187 4186 4208
f 4208 4186 4209
f 4186 4210 4209
f 4210 4183 4209
f 4209 4183 4211
f 4183 4182 4211
f 4211 4182 1833
f 4182 4181 1833
f 1833 4181 1793
f 4203 4202 4212
f 4198 4197 4213
f 4197 3682 3860
f 4200 4199 4214
f 4199 4198 4214
f 4215 4201 4200
f 4201 4215 4202
f 4196 4204 4216
f 4204 4203 4216
f 4217 4195 4196
f 4195 4217 1827
f 4197 3860 4213
f 3860 3839 4213
f 4213 3839 4218
f 3839 3859 4218
f 4218 3859 4219
f 3859 3858 4219
f 3858 3857 4219
f 4219 3857 4220
f 3857 4221 4220
f 4221 3854 4220
f 4220 3854 4222
f 3854 3851 4222
f 3851 4223 4222
f 4223 3849 4222
f 4222 3849 4224
f 3849 4225 4224
f 4225 3846 4224
f 4224 3846 4226
f 3846 3844 4226
f 3844 3843 4226
f 4226 3843 4205
f 3843 4227 4205
f 4205 4227 3706
f 4198 4213 4214
f 4213 4218 4214
f 4214 4218 4228
f 4218 4219 4228
f 4228 4219 4229
f 4219 4220 4229
f 4229 4220 4230
f 4220 4222 4230
f 4230 4222 4231
f 4222 4224 4231
f 4231 4224 4232
f 4224 4226 4232
f 4232 4226 4233
f 4226 4205 4233
f 4233 4205 4206
f 4200 4214 4215
f 4214 4228 4215
f 4215 4228 4234
f 4228 4229 4234
f 4234 4229 4235
f 4229 4230 4235
f 4235 4230 4236
f 4230 4231 4236
f 4236 4231 4237
f 4231 4232 4237
f 4237 4232 4238
f 4232 4233 4238
f 4238 4233 4239
f 4233 4206 4239
f 4239 4206 4207
f 4202 4215 4212
f 4215 4234 4212
f 4212 4234 4240
f 4234 4235 4240
f 4240 4235 4241
f 4235 4236 4241
f 4241 4236 4242
f 4236 4237 4242
f 4242 4237 4243
f 4237 4238 4243
f 4243 4238 4244
f 4238 4239 4244
f 4244 4239 4245
f 4239 4207 4245
f 4245 4207 4208
f 4203 4212 4216
f 4212 4240 4216
f 4216 4240 4246
f 4240 4241 4246
f 4246 4241 4247
f 4241 4242 4247
f 4247 4242 4248
f 4242 4243 4248
f 4248 4243 4249
f 4243 4244 4249
f 4249 4244 4250
f 4244 4245 4250
f 4250 4245 4251
f 4245 4208 4251
f 4251 4208 4209
f 4196 4216 4217
f 4216 4246 4217
f 4217 4246 4252
f 4246 4247 4252
f 4252 4247 4253
f 4247 4248 4253
f 4253 4248 4254
f 4248 4249 4254
f 4254 4249 4255
f 4249 4250 4255
f 4255 4250 4256
f 4250 4251 4256
f 4256 4251 4257
f 4251 4209 4257
f 4257 4209 4211
f 1827 4217 1825
f 4217 4252 1825
f 1825 4252 1824
f 4252 4253 1824
f 1824 4253 1830
f 4253 4254 1830
f 1830 4254 1831
f 4254 4255 1831
f 1831 4255 1832
f 4255 4256 1832
f 1832 4256 1835
f 4256 4257 1835
f 1835 4257 1834
f 4257 4211 1834
f 1834 4211 1833
f 2332 1018 4258
f 3628 3625 4259
f 3625 4260 4259
f 4259 4260 4261
f 4260 4262 4261
f 4261 4262 4263
f 4262 4264 4263
f 4263 4264 4265
f 4264 4266 4265
f 4265 4266 4267
f 4266 4268 4267
f 4267 4268 4269
f 4268 4270 4269
f 4269 4270 4271
f 4270 4272 4271
f 4271 4272 4273
f 4272 4274 4273
f 4273 4274 2318
f 4274 2319 2318
f 3631 3628 4275
f 3628 4259 4275
f 4275 4259 4276
f 4259 4261 4276
f 4276 4261 4277
f 4261 4263 4277
f 4277 4263 4278
f 4263 4265 4278
f 4278 4265 4279
f 4265 4267 4279
f 4279 4267 4280
f 4267 4269 4280
f 4280 4269 4281
f 4269 4271 4281
f 4281 4271 4258
f 4271 4273 4258
f 4258 4273 2332
f 4273 2318 2332
f 4282 4283 4284
f 4285 4286 4287
f 4288 4289 4290
f 4291 4292 4293
f 4294 4295 4296
f 4297 4298 4299
f 4300 4301 4302
f 3637 4303 4304
f 4260 3625 3749
f 4262 4260 4305
f 4264 4262 4306
f 4266 4264 4307
f 4268 4266 4308
f 4270 4268 4309
f 4272 4270 4310
f 4274 4272 4311
f 2319 4274 4312
f 4260 3749 4305
f 3749 3756 4305
f 4305 3756 4313
f 3756 3755 4313
f 4313 3755 4314
f 3755 3753 4314
f 3753 3751 4314
f 4314 3751 4315
f 3751 4316 4315
f 4315 4316 4317
f 4316 3757 4317
f 3757 3759 4317
f 4317 3759 4304
f 3759 3760 4304
f 4304 3760 3637
f 4262 4305 4306
f 4305 4313 4306
f 4306 4313 4318
f 4313 4314 4318
f 4318 4314 4319
f 4314 4315 4319
f 4319 4315 4320
f 4315 4317 4320
f 4320 4317 4321
f 4317 4304 4321
f 4321 4304 4302
f 4304 4303 4302
f 4302 4303 4300
f 4264 4306 4307
f 4306 4318 4307
f 4307 4318 4322
f 4318 4319 4322
f 4322 4319 4323
f 4319 4320 4323
f 4323 4320 4324
f 4320 4321 4324
f 4324 4321 4325
f 4321 4302 4325
f 4325 4302 4299
f 4302 4301 4299
f 4299 4301 4297
f 4266 4307 4308
f 4307 4322 4308
f 4308 4322 4326
f 4322 4323 4326
f 4326 4323 4327
f 4323 4324 4327
f 4327 4324 4328
f 4324 4325 4328
f 4328 4325 4329
f 4325 4299 4329
f 4329 4299 4296
f 4299 4298 4296
f 4296 4298 4294
f 4268 4308 4309
f 4308 4326 4309
f 4309 4326 4330
f 4326 4327 4330
f 4330 4327 4331
f 4327 4328 4331
f 4331 4328 4332
f 4328 4329 4332
f 4332 4329 4333
f 4329 4296 4333
f 4333 4296 4293
f 4296 4295 4293
f 4293 4295 4291
f 4270 4309 4310
f 4309 4330 4310
f 4310 4330 4334
f 4330 4331 4334
f 4334 4331 4335
f 4331 4332 4335
f 4335 4332 4336
f 4332 4333 4336
f 4336 4333 4337
f 4333 4293 4337
f 4337 4293 4290
f 4293 4292 4290
f 4290 4292 4288
f 4272 4310 4311
f 4310 4334 4311
f 4311 4334 4338
f 4334 4335 4338
f 4338 4335 4339
f 4335 4336 4339
f 4339 4336 4340
f 4336 4337 4340
f 4340 4337 4341
f 4337 4290 4341
f 4341 4290 4287
f 4290 4289 4287
f 4287 4289 4285
f 4274 4311 4312
f 4311 4338 4312
f 4312 4338 4342
f 4338 4339 4342
f 4342 4339 4343
f 4339 4340 4343
f 4343 4340 4344
f 4340 4341 4344
f 4344 4341 4345
f 4341 4287 4345
f 4345 4287 4284
f 4287 4286 4284
f 4284 4286 4282
f 2319 4312 2315
f 4312 4342 2315
f 2315 4342 2316
f 4342 4343 2316
f 2316 4343 2322
f 4343 4344 2322
f 2322 4344 2323
f 4344 4345 2323
f 2323 4345 2324
f 4345 4284 2324
f 2324 4284 2325
f 4284 4283 2325
f 2325 4283 2326
f 3631 4275 3633
f 4275 4346 3633
f 4346 4275 4347
f 4275 4276 4347
f 4347 4276 4348
f 4348 4276 4349
f 4276 4277 4349
f 4349 4277 4350
f 4350 4277 4351
f 4277 4278 4351
f 4351 4278 4352
f 4352 4278 4353
f 4278 4279 4353
f 4353 4279 4354
f 4354 4279 4355
f 4279 4280 4355
f 4355 4280 4356
f 4356 4280 4357
f 4280 4281 4357
f 4357 4281 4358
f 4358 4281 4359
f 4281 4258 4359
f 4359 4258 4360
f 4258 1018 4360
f 4360 1018 1020
f 2328 2326 4283
f 2328 4283 4361
f 4283 4282 4361
f 4361 4282 4362
f 4282 4286 4362
f 4362 4286 4363
f 4286 4364 4363
f 4363 4364 4365
f 4364 4289 4365
f 4365 4289 4366
f 4289 4288 4366
f 4366 4288 4367
f 4288 4292 4367
f 4367 4292 4368
f 4292 4291 4368
f 4368 4291 4369
f 4291 4295 4369
f 4369 4295 4370
f 3637 3649 4303
f 3649 4371 4303
f 4303 4371 4300
f 4371 4372 4300
f 4300 4372 4301
f 4372 4373 4301
f 4301 4373 4297
f 4373 4374 4297
f 4297 4374 4298
f 4374 4370 4298
f 4298 4370 4294
f 4370 4295 4294
f 4352 4353 4375
f 4350 4351 4376
f 4348 4349 4377
f 4378 4379 4380
f 4381 4382 4383
f 4384 3665 3732
f 4382 4385 4386
f 4381 4383 4379
f 4387 4388 4378
f 4389 4390 4391
f 4392 4393 4394
f 4393 4395 4394
f 4396 4397 4392
f 4397 4396 1031
f 4385 4384 4386
f 4384 3732 4386
f 4386 3732 4398
f 3732 4399 4398
f 4399 3744 4398
f 3744 4400 4398
f 4398 4400 4401
f 3735 4402 3733
f 4402 4401 3733
f 3733 4401 3746
f 4401 4400 3746
f 4392 4394 4396
f 4394 4403 4396
f 4396 4403 4404
f 4403 4405 4404
f 4404 4405 4406
f 4405 4407 4406
f 4406 4407 4408
f 3735 3633 4402
f 3633 4346 4402
f 4402 4346 4347
f 4382 4386 4383
f 4386 4398 4383
f 4383 4398 4409
f 4398 4401 4409
f 4409 4401 4410
f 4401 4402 4410
f 4410 4402 4377
f 4402 4347 4377
f 4377 4347 4348
f 4379 4383 4380
f 4383 4409 4380
f 4380 4409 4411
f 4409 4410 4411
f 4411 4410 4412
f 4410 4377 4412
f 4412 4377 4376
f 4377 4349 4376
f 4376 4349 4350
f 4378 4380 4387
f 4380 4411 4387
f 4387 4411 4413
f 4411 4412 4413
f 4413 4412 4414
f 4412 4376 4414
f 4414 4376 4375
f 4376 4351 4375
f 4375 4351 4352
f 4353 4415 4375
f 4415 4416 4375
f 4375 4416 4414
f 4416 4417 4414
f 4414 4417 4413
f 4417 4389 4413
f 4413 4389 4387
f 4389 4391 4387
f 4387 4391 4388
f 4353 4354 4415
f 4354 4355 4415
f 4415 4355 4356
f 4356 4407 4415
f 4407 4405 4415
f 4415 4405 4416
f 4405 4403 4416
f 4416 4403 4417
f 4403 4394 4417
f 4417 4394 4389
f 4394 4395 4389
f 4389 4395 4390
f 4356 4357 4407
f 4357 4358 4407
f 4407 4358 4408
f 4358 4359 4408
f 4408 4359 4360
f 1031 4396 1022
f 4396 4404 1022
f 1022 4404 1023
f 4404 4406 1023
f 1023 4406 1024
f 4406 4408 1024
f 1024 4408 1021
f 4408 4360 1021
f 1021 4360 1020
f 4371 3649 3647
f 4371 3647 4372
f 3647 4418 4372
f 4372 4418 4373
f 4418 4419 4373
f 4373 4419 4420
f 4420 4419 4421
f 4419 4422 4421
f 4421 4422 4369
f 4369 4422 4368
f 4422 4423 4368
f 4368 4423 4367
f 4367 4423 4366
f 4423 4424 4366
f 4366 4424 4365
f 4365 4424 4363
f 4424 4425 4363
f 4363 4425 4362
f 4362 4425 4361
f 4425 2379 4361
f 4361 2379 2328
f 3665 4384 3659
f 4384 4426 3659
f 4384 4385 4426
f 4385 4382 4426
f 4426 4382 4427
f 4382 4428 4427
f 4428 4379 4427
f 4427 4379 4429
f 4379 4378 4429
f 4378 4388 4429
f 4429 4388 4430
f 4388 4391 4430
f 4391 4390 4430
f 4430 4390 4431
f 4390 4432 4431
f 4432 4393 4431
f 4431 4393 4433
f 4393 4392 4433
f 4433 4392 1030
f 4392 4397 1030
f 1030 4397 1031
f 3647 4434 4418
f 4434 4435 4418
f 4418 4435 4419
f 4422 4419 4436
f 4424 4423 4437
f 4425 4424 4438
f 2379 4425 4439
f 4434 4440 4435
f 4440 4441 4435
f 4435 4441 4442
f 4441 4443 4442
f 4443 4444 4442
f 4442 4444 4445
f 4444 4446 4445
f 4446 4447 4445
f 4445 4447 4448
f 4449 4450 4451
f 4450 4448 4451
f 4451 4448 4452
f 4448 4447 4452
f 4449 4453 4450
f 4453 4454 4450
f 4450 4454 4455
f 4419 4435 4436
f 4435 4442 4436
f 4436 4442 4456
f 4442 4445 4456
f 4456 4445 4457
f 4445 4448 4457
f 4457 4448 4458
f 4448 4450 4458
f 4458 4450 4459
f 4450 4455 4459
f 4459 4455 4460
f 4455 4461 4460
f 4460 4461 4462
f 4424 4437 4438
f 4437 4463 4438
f 4438 4463 4464
f 4463 4465 4464
f 4464 4465 4466
f 4465 4467 4466
f 4466 4467 4468
f 4467 4469 4468
f 4468 4469 4470
f 4469 4471 4470
f 4470 4471 4472
f 4471 4473 4472
f 4472 4473 4474
f 4454 4475 4455
f 4475 4476 4455
f 4455 4476 4461
f 4476 4477 4461
f 4461 4477 3658
f 3658 4478 4461
f 4478 4479 4461
f 4461 4479 4462
f 4479 4480 4462
f 4462 4480 4481
f 4422 4436 4482
f 4436 4456 4482
f 4482 4456 4483
f 4456 4457 4483
f 4483 4457 4484
f 4457 4458 4484
f 4484 4458 4485
f 4458 4459 4485
f 4485 4459 4486
f 4459 4460 4486
f 4486 4460 4487
f 4460 4462 4487
f 4487 4462 4488
f 4462 4481 4488
f 4488 4481 4489
f 4489 4473 4488
f 4473 4471 4488
f 4488 4471 4487
f 4471 4469 4487
f 4487 4469 4486
f 4469 4467 4486
f 4486 4467 4485
f 4467 4465 4485
f 4485 4465 4484
f 4465 4463 4484
f 4484 4463 4483
f 4463 4437 4483
f 4483 4437 4482
f 4437 4423 4482
f 4482 4423 4422
f 4489 4490 4473
f 4490 4491 4473
f 4473 4491 4474
f 4491 4492 4474
f 4474 4492 4493
f 4425 4438 4439
f 4438 4464 4439
f 4439 4464 4494
f 4464 4466 4494
f 4494 4466 4495
f 4466 4468 4495
f 4495 4468 4496
f 4468 4470 4496
f 4496 4470 4497
f 4470 4472 4497
f 4497 4472 4498
f 4472 4474 4498
f 4498 4474 4499
f 4474 4493 4499
f 4499 4493 4500
f 2379 4439 2380
f 4439 4494 2380
f 2380 4494 2381
f 4494 4495 2381
f 2381 4495 2374
f 4495 4496 2374
f 2374 4496 2375
f 4496 4497 2375
f 2375 4497 2377
f 4497 4498 2377
f 2377 4498 2378
f 4498 4499 2378
f 2378 4499 2369
f 4499 4500 2369
f 2369 4500 2371
f 4501 2437 4502
f 4503 2415 4504
f 3660 3659 4505
f 3659 4426 4505
f 4505 4426 4506
f 4426 4427 4506
f 4506 4427 4507
f 4427 4429 4507
f 4507 4429 4508
f 4429 4430 4508
f 4508 4430 4509
f 4430 4431 4509
f 4509 4431 4510
f 4431 4433 4510
f 4510 4433 2412
f 4433 1030 2412
f 4503 4504 4511
f 3662 3660 4512
f 3660 4505 4512
f 4512 4505 4513
f 4505 4506 4513
f 4513 4506 4514
f 4506 4507 4514
f 4514 4507 4515
f 4507 4508 4515
f 4515 4508 4516
f 4508 4509 4516
f 4516 4509 4504
f 4509 4510 4504
f 4504 4510 4511
f 4510 2412 4511
f 3663 3662 4517
f 3662 4512 4517
f 4517 4512 4518
f 4512 4513 4518
f 4518 4513 4519
f 4513 4514 4519
f 4519 4514 4520
f 4514 4515 4520
f 4520 4515 4521
f 4515 4516 4521
f 4521 4516 4502
f 4516 4504 4502
f 4502 4504 4501
f 4504 2415 4501
f 3658 3657 4478
f 3657 4522 4478
f 4523 4480 4522
f 4480 4479 4522
f 4522 4479 4478
f 4490 4489 4523
f 4489 4481 4523
f 4523 4481 4480
f 4490 4523 4491
f 4523 4524 4491
f 4491 4524 4492
f 4524 4525 4492
f 4492 4525 4493
f 4493 4525 4500
f 4525 2373 4500
f 4500 2373 2371
f 4526 3885 3886
f 4527 4528 3873
f 4521 4502 4529
f 4520 4521 4530
f 4519 4520 4531
f 4518 4519 4532
f 4517 4518 4533
f 3865 3663 4534
f 3663 4517 4534
f 4535 3868 4534
f 3868 3866 4534
f 4534 3866 3865
f 4536 3876 4537
f 3876 3871 4537
f 4537 3871 4535
f 3871 3870 4535
f 4535 3870 3868
f 4536 4537 3873
f 4537 4538 3873
f 3873 4538 4527
f 3883 3881 4539
f 3881 3880 4539
f 4539 3880 4527
f 3880 4540 4527
f 4527 4540 3877
f 4539 4541 3883
f 4541 4542 3883
f 3883 4542 3884
f 4542 4543 3884
f 3884 4543 3888
f 4543 3887 3888
f 3887 4543 3886
f 4543 4544 3886
f 3886 4544 4526
f 4521 4529 4530
f 4529 4545 4530
f 4530 4545 4546
f 4545 4547 4546
f 4546 4547 4548
f 4547 4549 4548
f 4548 4549 4550
f 4549 4551 4550
f 4550 4551 4552
f 4551 4553 4552
f 4552 4553 4554
f 4553 4555 4554
f 4554 4555 4556
f 4555 4557 4556
f 4556 4557 4558
f 4557 4559 4558
f 4558 4559 4560
f 4559 4561 4560
f 4560 4561 4562
f 4561 4563 4562
f 4562 4563 4564
f 4563 4565 4564
f 4564 4565 4566
f 4565 4567 4566
f 4566 4567 4568
f 4520 4530 4531
f 4530 4546 4531
f 4531 4546 4569
f 4546 4548 4569
f 4569 4548 4570
f 4548 4550 4570
f 4570 4550 4571
f 4550 4552 4571
f 4571 4552 4572
f 4552 4554 4572
f 4572 4554 4573
f 4554 4556 4573
f 4573 4556 4574
f 4556 4558 4574
f 4574 4558 4575
f 4558 4560 4575
f 4575 4560 4576
f 4560 4562 4576
f 4576 4562 4577
f 4562 4564 4577
f 4577 4564 4578
f 4564 4566 4578
f 4578 4566 4579
f 4566 4568 4579
f 4579 4568 4580
f 4519 4531 4532
f 4531 4569 4532
f 4532 4569 4581
f 4569 4570 4581
f 4581 4570 4582
f 4570 4571 4582
f 4582 4571 4583
f 4571 4572 4583
f 4583 4572 4584
f 4572 4573 4584
f 4584 4573 4585
f 4573 4574 4585
f 4585 4574 4586
f 4574 4575 4586
f 4586 4575 4587
f 4575 4576 4587
f 4587 4576 4588
f 4576 4577 4588
f 4588 4577 4589
f 4577 4578 4589
f 4589 4578 4590
f 4578 4579 4590
f 4590 4579 4591
f 4579 4580 4591
f 4591 4580 4592
f 4518 4532 4533
f 4532 4581 4533
f 4533 4581 4593
f 4581 4582 4593
f 4593 4582 4594
f 4582 4583 4594
f 4594 4583 4595
f 4583 4584 4595
f 4595 4584 4596
f 4584 4585 4596
f 4596 4585 4597
f 4585 4586 4597
f 4597 4586 4598
f 4586 4587 4598
f 4598 4587 4599
f 4587 4588 4599
f 4599 4588 4600
f 4588 4589 4600
f 4600 4589 4601
f 4589 4590 4601
f 4601 4590 4602
f 4590 4591 4602
f 4602 4591 4603
f 4591 4592 4603
f 4603 4592 4604
f 2423 4567 2424
f 4567 4565 2424
f 2424 4565 2425
f 4565 4563 2425
f 2425 4563 2428
f 4563 4561 2428
f 2428 4561 2427
f 4561 4559 2427
f 2427 4559 2426
f 4559 4557 2426
f 2426 4557 2429
f 4557 4555 2429
f 2429 4555 2430
f 4555 4553 2430
f 2430 4553 2431
f 4553 4551 2431
f 2431 4551 2432
f 4551 4549 2432
f 2432 4549 2433
f 4549 4547 2433
f 2433 4547 2434
f 4547 4545 2434
f 2434 4545 2435
f 4545 4529 2435
f 2435 4529 2436
f 4529 4502 2436
f 2436 4502 2437
f 2423 4605 4567
f 4605 4606 4567
f 4567 4606 4568
f 4606 4607 4568
f 4568 4607 4580
f 4607 4608 4580
f 4580 4608 4592
f 4608 4609 4592
f 4592 4609 4604
f 4609 4610 4604
f 4604 4610 4611
f 4517 4533 4534
f 4533 4593 4534
f 4534 4593 4535
f 4593 4594 4535
f 4535 4594 4537
f 4594 4595 4537
f 4537 4595 4538
f 4595 4596 4538
f 4538 4596 4527
f 4596 4597 4527
f 4527 4597 4539
f 4597 4598 4539
f 4539 4598 4541
f 4598 4599 4541
f 4541 4599 4542
f 4599 4600 4542
f 4542 4600 4543
f 4600 4601 4543
f 4543 4601 4544
f 4601 4602 4544
f 4544 4602 4526
f 4602 4603 4526
f 4526 4603 4612
f 4603 4604 4612
f 4612 4604 4613
f 4604 4611 4613
f 4613 4611 4614
f 3885 4526 3863
f 4526 4612 3863
f 3863 4612 3890
f 4612 4613 3890
f 3890 4613 3889
f 4613 4614 3889
f 3889 4614 3652
f 2438 2373 4525
f 4615 2417 4616
f 4617 4606 4605
f 4606 4617 4607
f 4617 4618 4607
f 4607 4618 4608
f 4608 4618 4609
f 4618 4619 4609
f 4609 4619 4610
f 4619 4620 4610
f 4610 4620 4611
f 4611 4620 4614
f 4620 3653 4614
f 4614 3653 3652
f 4621 4617 2422
f 4617 4605 2422
f 2422 4605 2423
f 3655 3653 4622
f 3653 4620 4622
f 4622 4620 4623
f 4620 4619 4623
f 4623 4619 4624
f 4619 4618 4624
f 4624 4618 4616
f 4618 4617 4616
f 4616 4617 4615
f 4617 4621 4615
f 3657 3655 4522
f 3655 4622 4522
f 4522 4622 4523
f 4622 4623 4523
f 4523 4623 4524
f 4623 4624 4524
f 4524 4624 4525
f 4624 4616 4525
f 4525 4616 2438
f 4616 2417 2438
f 4625 4626 4627
f 4628 3111 4629
f 4630 4631 4632
f 4633 3115 4634
f 4635 4636 4637
f 3117 3119 4638
f 4639 4640 4641
f 4640 4642 4641
f 4641 4642 4643
f 4644 4645 4629
f 4645 4646 4629
f 4629 4646 4647
f 4646 4648 4647
f 4647 4648 4642
f 4648 4649 4642
f 4642 4649 4643
f 4644 4629 4650
f 4629 3111 4650
f 4650 3111 3110
f 4651 4652 4653
f 4652 4654 4653
f 4653 4654 4655
f 4637 4656 4657
f 4657 4658 4637
f 4658 4659 4637
f 4637 4659 4651
f 4659 4660 4651
f 4651 4660 4652
f 4656 4637 4661
f 4637 4636 4661
f 4661 4636 3551
f 4631 4635 4632
f 4635 4637 4632
f 4632 4637 4662
f 4637 4651 4662
f 4662 4651 4638
f 4651 4653 4638
f 4638 4653 3117
f 4653 4655 3117
f 4663 4630 4664
f 4630 4632 4664
f 4664 4632 4665
f 4632 4662 4665
f 4665 4662 4634
f 4662 4638 4634
f 4634 4638 4633
f 4638 3119 4633
f 4626 4663 4627
f 4663 4664 4627
f 4627 4664 4666
f 4664 4665 4666
f 4666 4665 4667
f 4665 4634 4667
f 4667 4634 3113
f 4634 3115 3113
f 4640 4625 4642
f 4625 4627 4642
f 4642 4627 4647
f 4627 4666 4647
f 4647 4666 4629
f 4666 4667 4629
f 4629 4667 4628
f 4667 3113 4628
f 4668 4669 4670
f 4671 4672 4673
f 4674 4675 4676
f 4677 3543 4678
f 4677 4678 4679
f 4680 4681 4679
f 4681 4682 4679
f 4683 4684 4681
f 4684 4685 4681
f 4681 4685 4682
f 4686 4687 4688
f 4688 4689 4686
f 4689 4690 4686
f 4686 4690 4683
f 4690 4691 4683
f 4683 4691 4684
f 4692 4693 4687
f 4693 4694 4687
f 4687 4694 4688
f 4695 4696 4697
f 4696 4698 4697
f 4697 4698 4692
f 4698 4699 4692
f 4692 4699 4693
f 4697 4700 4695
f 4700 4701 4695
f 4695 4701 4702
f 3130 3132 4701
f 3132 4703 4701
f 4701 4703 4702
f 4676 4675 4704
f 4675 4705 4704
f 4705 4706 4704
f 4704 4706 3127
f 4706 4707 3127
f 3127 4707 3124
f 4708 4709 4710
f 4709 4711 4710
f 4710 4711 4676
f 4711 4712 4676
f 4676 4712 4674
f 4713 4714 4715
f 4714 4708 4715
f 4715 4708 4716
f 4708 4710 4716
f 4673 4672 4715
f 4672 4717 4715
f 4715 4717 4713
f 4671 4673 4718
f 4673 4719 4718
f 4718 4719 4720
f 4719 4721 4720
f 4720 4721 4722
f 4723 4724 4725
f 4724 4726 4725
f 4725 4726 4727
f 4726 4728 4727
f 4727 4728 4721
f 4728 4729 4721
f 4721 4729 4722
f 4679 4678 4680
f 4678 4730 4680
f 4680 4730 4731
f 4731 4668 4680
f 4668 4670 4680
f 4680 4670 4681
f 4670 4732 4681
f 4681 4732 4683
f 4732 4733 4683
f 4683 4733 4686
f 4733 4734 4686
f 4686 4734 4687
f 4734 4735 4687
f 4687 4735 4692
f 3127 3130 4704
f 3130 4701 4704
f 4704 4701 4676
f 4701 4700 4676
f 4676 4700 4710
f 4700 4697 4710
f 4710 4697 4716
f 4697 4692 4716
f 4716 4692 4715
f 4692 4735 4715
f 4715 4735 4673
f 4735 4734 4673
f 4673 4734 4719
f 4734 4733 4719
f 4719 4733 4721
f 4733 4732 4721
f 4721 4732 4727
f 4732 4670 4727
f 4727 4670 4725
f 4670 4669 4725
f 4736 1527 4737
f 4738 1509 4739
f 4740 4741 4742
f 4743 4744 4745
f 4746 4747 4748
f 4747 4749 4748
f 4748 4749 3420
f 4750 4751 4746
f 4751 4752 4746
f 4746 4752 4747
f 4746 4753 4750
f 4753 4754 4750
f 4750 4754 4755
f 1512 1513 4754
f 1513 4756 4754
f 4754 4756 4755
f 4745 4744 4757
f 4744 4758 4757
f 4758 4759 4757
f 4757 4759 1521
f 4759 4760 1521
f 1521 4760 1532
f 4761 4762 4763
f 4762 4764 4763
f 4764 4765 4763
f 4765 4766 4763
f 4763 4766 4745
f 4766 4767 4745
f 4745 4767 4743
f 1509 1512 4739
f 1512 4754 4739
f 4739 4754 4768
f 4754 4753 4768
f 4768 4753 4769
f 4753 4746 4769
f 4769 4746 4770
f 4746 4748 4770
f 4740 4742 4771
f 1517 4738 4772
f 4738 4739 4772
f 4772 4739 4773
f 4739 4768 4773
f 4773 4768 4742
f 4768 4769 4742
f 4742 4769 4771
f 4769 4770 4771
f 1527 1517 4737
f 1517 4772 4737
f 4737 4772 4774
f 4772 4773 4774
f 4774 4773 4775
f 4773 4742 4775
f 4775 4742 4776
f 4742 4741 4776
f 4776 4761 4775
f 4761 4763 4775
f 4775 4763 4774
f 4763 4745 4774
f 4774 4745 4737
f 4745 4757 4737
f 4737 4757 4736
f 4757 1521 4736
f 4777 4778 4779
f 4780 4781 4782
f 4781 4783 4782
f 4782 4783 4784
f 4785 4786 4787
f 4785 4787 4788
f 4787 4789 4788
f 4789 4790 4788
f 4788 4790 4780
f 4790 4791 4780
f 4780 4791 4781
f 4786 4785 4792
f 4785 4793 4792
f 4792 4793 4794
f 4793 4795 4794
f 4794 4795 4796
f 4797 4798 4795
f 4798 4799 4795
f 4795 4799 4796
f 4800 4801 4797
f 4801 4802 4797
f 4797 4802 4798
f 4803 4804 4800
f 4804 4805 4800
f 4800 4805 4801
f 4806 4807 4803
f 4807 4808 4803
f 4803 4808 4804
f 1538 4809 1540
f 4809 4810 1540
f 1540 4810 4806
f 4810 4811 4806
f 4806 4811 4807
f 1543 4812 1544
f 4812 4813 1544
f 4813 4812 4814
f 4812 4815 4814
f 4814 4815 4816
f 4815 4817 4816
f 4816 4817 4818
f 4818 4817 4819
f 4817 4820 4819
f 4819 4820 4821
f 4822 4823 4824
f 4823 4825 4824
f 4826 4827 4825
f 4827 4828 4825
f 4825 4828 4824
f 4779 4829 4830
f 4829 4831 4830
f 4830 4831 4832
f 4831 4833 4832
f 4832 4833 4826
f 4833 4834 4826
f 4826 4834 4827
f 4835 4836 4779
f 4836 4837 4779
f 4779 4837 4829
f 3410 4835 4838
f 4835 4779 4838
f 4838 4779 4839
f 4779 4778 4839
f 4840 4777 4841
f 4777 4779 4841
f 4841 4779 4842
f 4779 4830 4842
f 4842 4830 4843
f 4830 4832 4843
f 4843 4832 4844
f 4832 4826 4844
f 4844 4826 4845
f 4826 4825 4845
f 4845 4825 4820
f 4825 4823 4820
f 4820 4823 4821
f 4823 4822 4821
f 4782 4840 4780
f 4840 4841 4780
f 4780 4841 4788
f 4841 4842 4788
f 4788 4842 4785
f 4842 4843 4785
f 4785 4843 4793
f 4843 4844 4793
f 4793 4844 4795
f 4844 4845 4795
f 4795 4845 4797
f 4845 4820 4797
f 4797 4820 4800
f 4820 4817 4800
f 4800 4817 4803
f 4817 4815 4803
f 4803 4815 4806
f 4815 4812 4806
f 4806 4812 1540
f 4812 1543 1540
f 849 866 4846
f 866 864 4846
f 864 863 4846
f 4846 863 855
f 801 800 4847
f 800 813 4847
f 4847 813 814
f 814 815 4847
f 815 816 4847
f 4847 816 4848
f 816 4849 4848
f 4848 4849 4846
f 4849 850 4846
f 4846 850 849
f 4850 921 919
f 917 925 4851
f 925 926 4851
f 4851 926 4852
f 926 927 4852
f 919 917 4850
f 917 4851 4850
f 4850 4851 4853
f 4851 4854 4853
f 862 861 4854
f 861 870 4854
f 4854 870 871
f 871 872 4854
f 872 873 4854
f 4854 873 4853
f 4855 4856 4857
f 4858 4859 4860
f 4855 4857 4860
f 4857 4861 4860
f 4860 4861 4858
f 4859 4862 4860
f 4862 4863 4860
f 4860 4863 4864
f 4864 4865 4860
f 4865 4866 4860
f 4860 4866 4867
f 4867 4868 4860
f 4868 4869 4860
f 4860 4869 4870
f 4870 4871 4860
f 4871 4872 4860
f 4860 4872 4873
f 4873 4874 4860
f 4874 4875 4860
f 4860 4875 4876
f 4876 4877 4860
f 4877 4878 4860
f 4860 4878 4879
f 4880 4881 4882
f 4883 4884 4882
f 4884 4885 4882
f 4882 4885 4886
f 4886 4887 4882
f 4887 4888 4882
f 4882 4888 4889
f 4890 4882 4891
f 4882 4892 4891
f 4890 4893 4882
f 4893 4894 4882
f 4882 4894 4895
f 4895 4896 4882
f 4896 4897 4882
f 4882 4897 4880
f 4879 4892 4860
f 4892 4882 4860
f 4860 4882 4898
f 4882 4889 4898
f 4899 4900 4901
f 4902 1857 4903
f 1908 1907 4904
f 4905 1863 4906
f 4907 4908 4909
f 4910 4911 4912
f 4913 4914 4915
f 4916 4917 4918
f 4918 4919 4916
f 4919 4920 4916
f 4916 4920 4921
f 4920 4922 4921
f 4921 4922 4923
f 4922 4924 4923
f 4923 4924 4925
f 4924 4926 4925
f 4925 4926 4927
f 4928 4929 4930
f 4929 4931 4930
f 4931 4932 4930
f 4932 4933 4930
f 4930 4933 4934
f 4934 4935 4930
f 4935 4936 4930
f 4930 4936 4937
f 4936 4938 4937
f 4938 4939 4937
f 4939 4940 4937
f 4937 4940 4941
f 4941 4942 4937
f 4942 4943 4937
f 4937 4943 4944
f 4944 4945 4937
f 4945 4946 4937
f 4937 4946 4947
f 4947 4948 4937
f 4948 4949 4937
f 4937 4949 4950
f 4950 4951 4937
f 4951 4952 4937
f 4937 4952 4953
f 4953 4954 4937
f 4954 4955 4937
f 4937 4955 4956
f 4956 4957 4937
f 4957 4958 4937
f 4937 4958 4930
f 4928 4930 4959
f 4930 4960 4959
f 4959 4960 4961
f 4962 4963 4960
f 4963 4964 4960
f 4960 4964 4961
f 4927 4965 4925
f 4965 4966 4925
f 4925 4966 4915
f 4966 4967 4915
f 4915 4967 4962
f 4967 4968 4962
f 4962 4968 4963
f 4969 4970 4971
f 4970 4972 4971
f 4972 4973 4971
f 4973 4974 4971
f 4971 4974 4975
f 4975 4976 4971
f 4976 4977 4971
f 4971 4977 4978
f 4978 4979 4971
f 4979 4980 4971
f 4971 4980 4981
f 4982 4983 4984
f 4983 4985 4984
f 4985 4986 4984
f 4986 4987 4984
f 4984 4987 4988
f 4988 4989 4984
f 4989 4990 4984
f 4984 4990 4991
f 4917 4916 4992
f 4916 4993 4992
f 4992 4993 4990
f 4993 4994 4990
f 4990 4994 4991
f 4995 4996 4997
f 4996 4998 4997
f 4997 4998 4999
f 4998 5000 4999
f 5000 5001 4999
f 4999 5001 5002
f 5003 5004 5005
f 5003 5005 5006
f 4971 5007 4969
f 5007 5008 4969
f 4969 5008 5009
f 5008 5010 5009
f 5004 5003 5011
f 5003 5012 5011
f 5011 5012 5013
f 5012 5014 5013
f 5013 5014 5008
f 5014 5015 5008
f 5008 5015 5010
f 5016 5017 5018
f 5017 5006 5018
f 5018 5006 5019
f 5006 5005 5019
f 5016 5020 5017
f 5020 5021 5017
f 5017 5021 5022
f 5022 5023 5017
f 5023 5024 5017
f 5017 5024 5025
f 5025 5026 5017
f 5026 5027 5017
f 5017 5027 5028
f 5028 5029 5017
f 5029 5030 5017
f 5017 5030 5031
f 5032 5033 5034
f 5035 5036 5034
f 5036 5037 5034
f 5034 5037 5032
f 5031 5035 5017
f 5035 5034 5017
f 5017 5034 5038
f 5034 5039 5038
f 5033 5040 5034
f 5040 5041 5034
f 5034 5041 5042
f 5042 5043 5034
f 5043 5044 5034
f 5034 5044 5045
f 5045 5046 5034
f 5046 5047 5034
f 5034 5047 5048
f 5048 5049 5034
f 5049 5050 5034
f 5034 5050 5039
f 5051 5052 5053
f 5052 4997 5053
f 5052 5054 4997
f 5054 5055 4997
f 4997 5055 5056
f 5056 5057 4997
f 5057 5058 4997
f 4997 5058 5059
f 4962 5060 4915
f 5060 5061 4915
f 4915 5061 5062
f 5062 5063 4915
f 5063 5064 4915
f 4915 5064 5065
f 5065 5066 4915
f 5066 5067 4915
f 4915 5067 5068
f 5068 5069 4915
f 5069 5070 4915
f 4915 5070 4913
f 5070 5071 4913
f 4913 5071 5072
f 5072 5073 4913
f 5073 5074 4913
f 4913 5074 5075
f 5074 5076 5075
f 5076 5077 5075
f 5075 5077 5055
f 5077 5078 5055
f 5078 5079 5055
f 5055 5079 5080
f 5080 5081 5055
f 5081 5082 5055
f 5055 5082 5083
f 5083 5084 5055
f 5084 5085 5055
f 5055 5085 5056
f 5086 5087 5088
f 5087 5089 5088
f 5088 5089 5090
f 5091 5092 5089
f 5092 5093 5089
f 5089 5093 5090
f 5094 5095 5096
f 5096 5097 5094
f 5097 5098 5094
f 5094 5098 5089
f 5098 5099 5089
f 5089 5099 5091
f 5100 5101 5102
f 5101 4901 5102
f 5102 4901 5094
f 4901 5103 5094
f 5104 5105 5106
f 5105 5107 5106
f 5106 5107 5108
f 5108 5109 5106
f 5109 5110 5106
f 5106 5110 5111
f 5111 5112 5106
f 5112 5113 5106
f 5106 5113 5114
f 5115 5116 5117
f 5116 5118 5117
f 5117 5118 5119
f 5120 5121 5122
f 5121 5119 5122
f 5122 5119 5123
f 5119 5118 5123
f 5120 5124 5121
f 5124 5125 5121
f 5121 5125 5126
f 5126 5127 5121
f 5127 5128 5121
f 5121 5128 5129
f 5130 5131 5132
f 5130 5104 5131
f 5104 5106 5131
f 5131 5106 5133
f 5106 4901 5133
f 5133 4901 5134
f 4901 5101 5134
f 5135 5136 5132
f 5136 5137 5132
f 5132 5137 5130
f 5138 5139 5140
f 5139 5141 5140
f 5141 5142 5140
f 5142 5143 5140
f 5140 5143 5132
f 5143 5144 5132
f 5132 5144 5135
f 5145 5146 5138
f 5146 5147 5138
f 5138 5147 5139
f 5148 4912 5149
f 4912 5150 5149
f 5149 5150 5151
f 5150 5152 5151
f 5151 5152 5145
f 5153 5154 5155
f 5155 5156 5153
f 5156 5157 5153
f 5153 5157 5158
f 5159 5160 5152
f 5158 5161 5153
f 5161 5162 5153
f 5153 5162 5152
f 5162 5163 5152
f 5152 5163 5159
f 5160 5164 5152
f 5164 5165 5152
f 5152 5165 5166
f 5166 5167 5152
f 5167 5168 5152
f 5152 5168 5169
f 5169 5170 5152
f 5170 5171 5152
f 5152 5171 5145
f 5171 5172 5145
f 5145 5172 5146
f 5173 5174 5153
f 5174 5175 5153
f 5153 5175 5154
f 5176 5177 5178
f 5177 5179 5178
f 5178 5179 5153
f 5179 5180 5153
f 5180 5181 5153
f 5153 5181 5182
f 5182 5183 5153
f 5183 5184 5153
f 5153 5184 5185
f 5186 5187 5188
f 5187 5189 5188
f 5189 5190 5188
f 5188 5190 5191
f 5192 5193 5194
f 5193 5191 5194
f 5194 5191 5195
f 5191 5190 5195
f 5196 5197 5188
f 5197 5198 5188
f 5188 5198 5186
f 5188 5199 5196
f 5199 5173 5196
f 5196 5173 5200
f 5173 5153 5200
f 5200 5153 5201
f 5153 5185 5201
f 5202 5203 5204
f 5203 5205 5204
f 5204 5205 5192
f 5205 5206 5192
f 5192 5206 5193
f 5202 5207 5203
f 5207 5208 5203
f 5203 5208 5209
f 5210 5211 5212
f 5211 5213 5212
f 5210 5214 5211
f 5214 5215 5211
f 5211 5215 5216
f 5217 5203 5216
f 5203 5209 5216
f 5216 5209 5211
f 5218 5219 5220
f 5219 5221 5220
f 5218 5222 5219
f 5222 5223 5219
f 5219 5223 5224
f 5223 5225 5224
f 5224 5225 5226
f 5227 5228 5229
f 5227 5229 5230
f 5217 5231 5203
f 5231 5228 5203
f 5203 5228 5232
f 5228 5227 5232
f 5229 5233 5230
f 5233 5234 5230
f 5230 5234 5235
f 5234 5236 5235
f 5235 5236 5225
f 5236 5237 5225
f 5225 5237 5226
f 5221 5219 5129
f 5219 5238 5129
f 5129 5238 5239
f 5239 5240 5129
f 5240 5241 5129
f 5129 5241 5121
f 5241 5242 5121
f 5121 5242 5243
f 5243 5244 5121
f 5244 5245 5121
f 5121 5245 5246
f 5247 5248 4907
f 5248 5249 4907
f 4907 5249 5250
f 5250 5251 4907
f 5251 5252 4907
f 4907 5252 5253
f 5253 5254 4907
f 5254 5255 4907
f 4907 5255 5256
f 5257 5258 5259
f 5258 4907 5259
f 5259 4907 5260
f 4907 5256 5260
f 5261 5262 5263
f 5262 5258 5263
f 5263 5258 5264
f 5258 5257 5264
f 5265 5266 5267
f 5266 5268 5267
f 5268 5269 5267
f 5269 5270 5267
f 5267 5270 5271
f 5270 5247 5271
f 5271 5247 5272
f 5247 4907 5272
f 5272 4907 5273
f 4907 4909 5273
f 5246 5274 5121
f 5274 5275 5121
f 5121 5275 5276
f 5275 5277 5276
f 5276 5277 5278
f 5277 5279 5278
f 5278 5279 5280
f 5279 5281 5280
f 5280 5281 5282
f 5281 5283 5282
f 5282 5283 5284
f 5283 5267 5284
f 5285 5286 5287
f 5287 5286 5283
f 5286 5288 5283
f 5283 5288 5289
f 5289 5290 5283
f 5290 5291 5283
f 5283 5291 5292
f 5292 5293 5283
f 5293 5294 5283
f 5283 5294 5267
f 5294 5295 5267
f 5267 5295 5265
f 5296 5297 5298
f 5299 5300 5301
f 5300 5302 5301
f 5302 5303 5301
f 5303 5304 5301
f 5301 5304 5305
f 5306 5307 5287
f 5305 5308 5301
f 5308 5309 5301
f 5301 5309 5287
f 5309 5310 5287
f 5287 5310 5306
f 5307 5311 5287
f 5311 5312 5287
f 5287 5312 5285
f 5176 5178 5313
f 5178 5296 5313
f 5313 5296 5301
f 5296 5298 5301
f 5301 5298 5299
f 5314 5315 5316
f 5315 5317 5316
f 5316 5317 5318
f 5317 5319 5318
f 5318 5319 5320
f 5261 5321 5262
f 5321 5322 5262
f 5262 5322 5323
f 5323 5324 5325
f 5316 5326 5314
f 5326 5327 5314
f 5314 5327 5324
f 5327 5328 5324
f 5324 5328 5325
f 5329 5330 5319
f 5330 5331 5319
f 5319 5331 5320
f 5332 5333 5334
f 5333 5335 5334
f 5334 5335 5336
f 5336 5337 5334
f 5337 5338 5334
f 5334 5338 5339
f 5339 5340 5334
f 5340 5341 5334
f 5334 5341 5342
f 5341 5343 5342
f 5342 5343 5344
f 5344 5343 5296
f 5343 5345 5296
f 5296 5345 5346
f 5346 5347 5296
f 5347 5348 5296
f 5296 5348 5297
f 1905 5349 5350
f 5349 5351 5350
f 5350 5351 5352
f 5351 1901 5352
f 5352 1901 1900
f 5353 1907 5354
f 1908 4904 1909
f 4904 5355 1909
f 1909 5355 1854
f 5355 5356 1854
f 1854 5356 4903
f 5356 5357 4903
f 4903 5357 4902
f 5358 5359 5360
f 5360 5361 5358
f 5361 5362 5358
f 5358 5362 5353
f 5362 5363 5353
f 5353 5363 1907
f 5363 5364 1907
f 1907 5364 4904
f 5359 5358 5365
f 5358 5366 5365
f 5365 5366 5367
f 5368 5369 5370
f 5369 5371 5370
f 5370 5371 5366
f 5371 5372 5366
f 5366 5372 5367
f 4981 4982 4971
f 4982 4984 4971
f 4971 4984 5370
f 4984 5373 5370
f 5370 5373 5368
f 5374 5375 5376
f 5375 5377 5376
f 5376 5377 5378
f 5378 5379 5376
f 5379 5380 5376
f 5376 5380 5381
f 5382 5383 5376
f 5382 5376 5384
f 5383 5385 5376
f 5385 5386 5376
f 5376 5386 5374
f 4915 5387 5376
f 5387 5388 5376
f 5376 5388 5384
f 5389 5390 5391
f 5391 5392 5389
f 5392 5393 5389
f 5389 5393 5394
f 5395 5396 4915
f 5396 5397 4915
f 5397 5398 4915
f 4915 5398 5399
f 5399 5400 4915
f 5400 5401 4915
f 4915 5401 5402
f 5381 5403 5376
f 5403 5389 5376
f 5376 5389 4915
f 5389 5394 4915
f 4915 5394 5395
f 5394 5404 5395
f 5395 5404 5405
f 5402 5406 4915
f 5406 5407 4915
f 4915 5407 4925
f 5407 5408 4925
f 5408 5409 4925
f 5409 5410 4925
f 4925 5410 5411
f 5410 5412 5411
f 5411 5412 5413
f 5412 5414 5413
f 5413 5414 5415
f 5414 5416 5415
f 5415 5416 5417
f 5418 5419 5103
f 5419 5420 5103
f 5103 5420 5421
f 5421 5422 5103
f 5422 5423 5103
f 5103 5423 5424
f 5424 5425 5103
f 5425 5426 5103
f 5103 5426 5094
f 5426 5427 5094
f 5094 5427 5095
f 5416 5418 5417
f 5418 5103 5417
f 5417 5103 5428
f 5103 4901 5428
f 5428 4901 5429
f 4901 4900 5429
f 4899 4901 5430
f 4901 5106 5430
f 5430 5106 5115
f 5106 5114 5115
f 5115 5114 5116
f 5431 5432 5433
f 5432 5434 5433
f 4908 5434 4909
f 5434 5432 4909
f 4909 5432 5435
f 5432 5436 5435
f 5435 5436 5437
f 5436 5438 5437
f 5437 5438 5439
f 5439 5438 5440
f 5438 5441 5440
f 5440 5441 5442
f 5442 5441 5334
f 5441 5443 5334
f 5334 5443 5444
f 5444 5445 5334
f 5445 5446 5334
f 5334 5446 5447
f 5447 5448 5334
f 5448 5449 5334
f 5334 5449 5450
f 5450 5451 5334
f 5451 5452 5334
f 5334 5452 5453
f 5329 5332 5330
f 5332 5334 5330
f 5330 5334 5454
f 5334 5453 5454
f 5455 5456 5262
f 5456 5457 5262
f 5262 5457 5258
f 5457 5458 5258
f 5258 5458 5459
f 5459 5460 5258
f 5460 5461 5258
f 5258 5461 5462
f 5323 5325 5262
f 5325 5463 5262
f 5262 5463 5455
f 5086 4910 5087
f 4910 4912 5087
f 5087 4912 5464
f 4912 5148 5464
f 5464 5148 5100
f 5148 5465 5100
f 5100 5465 5101
f 5465 5466 5101
f 5101 5466 5134
f 5466 5467 5134
f 4914 5468 4915
f 5468 5469 4915
f 4915 5469 5470
f 5470 5471 4915
f 5471 5472 4915
f 4915 5472 5473
f 5474 5475 5476
f 5475 4915 5476
f 5476 4915 5477
f 4915 5473 5477
f 5475 5478 4915
f 5478 5479 4915
f 4915 5479 5480
f 5481 5482 5483
f 5482 5480 5483
f 5480 5482 4915
f 5482 5484 4915
f 4915 5484 5485
f 5485 5486 4915
f 5486 5487 4915
f 4915 5487 5488
f 5488 5489 4915
f 5489 5490 4915
f 4915 5490 5491
f 5491 5492 4915
f 5492 5493 4915
f 4915 5493 5494
f 5494 5495 4915
f 5495 5496 4915
f 4915 5496 5497
f 5497 5498 4915
f 5498 5499 4915
f 4915 5499 5387
f 4911 5500 4912
f 5500 5501 4912
f 4912 5501 5502
f 5502 5503 4912
f 5503 5504 4912
f 4912 5504 5505
f 5505 5506 4912
f 5506 5507 4912
f 4912 5507 5508
f 5508 5509 4912
f 5509 5510 4912
f 4912 5510 5053
f 5510 5511 5053
f 5053 5511 5512
f 5512 5513 5053
f 5513 5514 5053
f 5053 5514 5051
f 5053 5515 5516
f 5515 5053 5517
f 5053 4997 5517
f 5517 4997 5518
f 4997 4999 5518
f 5518 4999 5519
f 5520 5521 4906
f 5521 5352 4906
f 4906 5352 4905
f 5352 1900 4905
f 5520 5522 5521
f 5522 5523 5521
f 5521 5523 5524
f 5523 5525 5524
f 5524 5525 4999
f 5525 5526 4999
f 4999 5526 5519
f 5354 1905 5353
f 1905 5350 5353
f 5353 5350 5358
f 5350 5352 5358
f 5358 5352 5366
f 5352 5521 5366
f 5366 5521 5370
f 5521 5524 5370
f 5370 5524 4971
f 5524 4999 4971
f 4971 4999 5007
f 4999 5002 5007
f 5527 5528 5178
f 5528 5529 5178
f 5178 5529 5296
f 5527 5178 5530
f 5178 5153 5530
f 5530 5153 5531
f 5153 5152 5531
f 5531 5152 5532
f 4912 5533 5150
f 5533 5534 5150
f 5150 5534 5152
f 5534 5535 5152
f 5152 5535 5532
f 5516 5536 5053
f 5536 5537 5053
f 5053 5537 4912
f 5537 5538 4912
f 4912 5538 5533
f 5539 5540 5541
f 5540 5542 5541
f 5541 5542 5543
f 5544 5545 5546
f 5547 5548 5549
f 5550 5551 5552
f 5553 5554 5555
f 5556 5557 5558
f 5559 5560 5561
f 5562 5563 5564
f 5565 5566 5567
f 5568 5569 5570
f 5571 5572 5573
f 5572 5574 5573
f 5575 5576 5577
f 5578 5579 5580
f 5580 5581 5578
f 5581 5582 5578
f 5578 5582 5583
f 5582 5584 5583
f 5584 5585 5583
f 5583 5585 5586
f 5586 5587 5583
f 5587 5588 5583
f 5583 5588 5589
f 5590 5591 5592
f 5593 5576 5594
f 5576 5575 5594
f 5594 5575 5595
f 5575 5596 5595
f 5592 5597 5590
f 5597 5598 5590
f 5590 5598 5599
f 5600 5601 5602
f 5603 5604 5605
f 5604 5606 5605
f 5605 5606 5607
f 5608 5609 5601
f 5609 5610 5601
f 5601 5610 5602
f 5610 5611 5602
f 5602 5611 5603
f 5611 5612 5603
f 5603 5612 5604
f 5612 5613 5604
f 5614 5615 5616
f 5615 5600 5616
f 5616 5600 5617
f 5600 5602 5617
f 5618 5619 5620
f 5616 5618 5614
f 5618 5620 5614
f 5614 5620 5621
f 5620 5622 5621
f 5621 5622 5623
f 5624 5625 5626
f 5625 5627 5626
f 5627 5628 5626
f 5626 5628 5629
f 5629 5630 5626
f 5630 5631 5626
f 5626 5631 5632
f 5632 5633 5626
f 5633 5634 5626
f 5626 5634 5635
f 5634 5636 5635
f 5636 5637 5635
f 5637 5638 5635
f 5635 5638 5639
f 5639 5640 5635
f 5640 5641 5635
f 5635 5641 5642
f 5560 5559 5643
f 5559 5644 5643
f 5643 5644 5645
f 5589 5624 5583
f 5624 5626 5583
f 5583 5626 5614
f 5626 5646 5614
f 5614 5646 5615
f 5647 5648 5649
f 5648 5650 5649
f 5651 5652 5650
f 5652 5653 5650
f 5608 5649 5609
f 5649 5650 5609
f 5609 5650 5654
f 5650 5653 5654
f 5642 5645 5635
f 5645 5644 5635
f 5635 5644 5651
f 5644 5655 5651
f 5651 5655 5652
f 5655 5656 5652
f 5657 5658 5659
f 5658 5660 5659
f 5566 5565 5660
f 5565 5661 5660
f 5661 5662 5660
f 5660 5662 5659
f 5662 5663 5659
f 5664 5665 5666
f 5613 5612 5666
f 5612 5667 5666
f 5666 5667 5664
f 5665 5659 5666
f 5659 5663 5666
f 5666 5663 5668
f 5663 5669 5668
f 5668 5669 5670
f 5669 5671 5670
f 5672 5673 5674
f 5622 5670 5623
f 5670 5671 5623
f 5623 5671 5675
f 5671 5672 5675
f 5675 5672 5676
f 5672 5674 5676
f 5677 5678 5679
f 5679 5570 5677
f 5570 5569 5677
f 5677 5569 5680
f 5569 5681 5680
f 5680 5681 5682
f 5683 5659 5684
f 5684 5685 5683
f 5685 5686 5683
f 5683 5686 5687
f 5688 5689 5690
f 5681 5657 5682
f 5657 5659 5682
f 5682 5659 5690
f 5659 5683 5690
f 5690 5683 5688
f 5686 5691 5687
f 5691 5692 5687
f 5687 5692 5693
f 5692 5435 5693
f 5693 5435 5694
f 5695 5696 5694
f 5696 5697 5694
f 5694 5697 5693
f 5695 5562 5696
f 5562 5564 5696
f 5696 5564 5678
f 5564 5698 5678
f 5678 5698 5679
f 5698 5676 5679
f 5679 5676 5699
f 5676 5674 5699
f 5655 5700 5656
f 5700 5701 5656
f 5656 5701 5702
f 5701 5703 5702
f 5704 5705 5706
f 5705 5707 5706
f 5706 5707 5702
f 5707 5708 5702
f 5702 5708 5656
f 5571 5709 5577
f 5709 5704 5577
f 5577 5704 5575
f 5704 5706 5575
f 5575 5706 5596
f 5701 5710 5703
f 5710 5711 5703
f 5703 5711 5712
f 5557 5713 5558
f 5713 5714 5558
f 5558 5714 5715
f 5715 5716 5558
f 5716 5717 5558
f 5558 5717 5718
f 5717 5719 5718
f 5718 5719 5720
f 5720 5721 5718
f 5721 5722 5718
f 5718 5722 5723
f 5724 5725 5726
f 5725 5727 5726
f 5726 5727 5728
f 5728 5729 5726
f 5729 5730 5726
f 5726 5730 5558
f 5730 5731 5558
f 5558 5731 5556
f 5732 5733 5724
f 5733 5734 5724
f 5734 5735 5724
f 5735 5736 5724
f 5724 5736 5725
f 5737 5738 5739
f 5737 5739 5740
f 5739 5741 5740
f 5740 5741 5742
f 5742 5743 5740
f 5743 5744 5740
f 5740 5744 5724
f 5744 5745 5724
f 5724 5745 5732
f 5746 5747 5748
f 5748 5749 5746
f 5749 5750 5746
f 5746 5750 5737
f 5750 5751 5737
f 5737 5751 5738
f 5752 5753 5754
f 5753 5755 5754
f 5754 5755 5756
f 5756 5757 5754
f 5757 5758 5754
f 5754 5758 5746
f 5758 5759 5746
f 5746 5759 5747
f 5760 5761 5762
f 5762 5763 5760
f 5763 5764 5760
f 5760 5764 5765
f 5765 5766 5760
f 5766 5767 5760
f 5760 5767 5754
f 5767 5768 5754
f 5754 5768 5752
f 5769 5770 5761
f 5770 5771 5761
f 5761 5771 5762
f 5772 5773 5546
f 5773 5774 5546
f 5546 5774 5775
f 5775 5776 5546
f 5776 5777 5546
f 5546 5777 5778
f 5778 5779 5546
f 5779 5780 5546
f 5546 5780 5761
f 5780 5781 5761
f 5761 5781 5769
f 5782 5783 5545
f 5783 5784 5545
f 5545 5784 5546
f 5784 5785 5546
f 5546 5785 5772
f 5786 5787 5788
f 5787 5789 5788
f 5788 5789 5790
f 5790 5791 5788
f 5791 5792 5788
f 5788 5792 5793
f 5786 5788 5794
f 5788 5795 5794
f 5794 5795 5782
f 5795 5796 5782
f 5782 5796 5797
f 5797 5798 5782
f 5798 5799 5782
f 5782 5799 5783
f 5800 5801 5802
f 5793 5803 5788
f 5803 5804 5788
f 5788 5804 5802
f 5804 5805 5802
f 5802 5805 5800
f 5801 5806 5802
f 5806 5807 5802
f 5802 5807 5808
f 5809 5810 5811
f 5810 5812 5811
f 5811 5812 5813
f 5812 5814 5813
f 5813 5814 5815
f 5814 5816 5815
f 5815 5816 5817
f 5816 5808 5817
f 5817 5808 5818
f 5808 5807 5818
f 5819 5820 5821
f 5820 5822 5821
f 5821 5822 5809
f 5822 5823 5809
f 5809 5823 5810
f 5821 5824 5819
f 5824 5825 5819
f 5819 5825 5826
f 5825 5827 5826
f 5826 5827 5828
f 5827 5829 5828
f 5829 5830 5828
f 5828 5830 5831
f 5832 5833 5834
f 5833 5835 5834
f 5834 5835 5836
f 5836 5837 5834
f 5837 5838 5834
f 5834 5838 5839
f 5831 5840 5828
f 5840 5841 5828
f 5828 5841 5842
f 5841 5843 5842
f 5843 5844 5842
f 5842 5844 5838
f 5844 5845 5838
f 5845 5846 5838
f 5846 5847 5838
f 5838 5847 5848
f 5848 5849 5838
f 5849 5850 5838
f 5838 5850 5839
f 5723 5851 5718
f 5851 5852 5718
f 5718 5852 5853
f 5852 5854 5853
f 5853 5854 5834
f 5854 5855 5834
f 5834 5855 5832
f 5856 5857 5858
f 5857 5859 5858
f 5858 5859 5573
f 5859 5860 5573
f 5573 5860 5571
f 5860 5861 5571
f 5571 5861 5709
f 5862 5858 5863
f 5858 5864 5863
f 5863 5864 5865
f 5862 5866 5858
f 5866 5867 5858
f 5858 5867 5868
f 5868 5869 5858
f 5869 5870 5858
f 5858 5870 5856
f 5871 5872 5873
f 5873 5874 5871
f 5874 5875 5871
f 5871 5875 5865
f 5554 5876 5555
f 5876 5877 5555
f 5555 5877 5871
f 5877 5878 5871
f 5871 5878 5872
f 5760 5879 5761
f 5879 5880 5761
f 5761 5880 5881
f 5882 5883 5754
f 5883 5884 5754
f 5754 5884 5885
f 5885 5886 5754
f 5886 5887 5754
f 5754 5887 5888
f 5888 5889 5754
f 5889 5890 5754
f 5754 5890 5891
f 5891 5892 5754
f 5892 5893 5754
f 5754 5893 5760
f 5893 5894 5760
f 5760 5894 5879
f 5895 5896 5746
f 5896 5897 5746
f 5746 5897 5754
f 5897 5898 5754
f 5754 5898 5882
f 5895 5746 5899
f 5746 5737 5899
f 5899 5737 5900
f 5740 5901 5902
f 5740 5902 5737
f 5902 5903 5737
f 5737 5903 5900
f 5904 5905 5724
f 5905 5906 5724
f 5724 5906 5740
f 5906 5907 5740
f 5740 5907 5901
f 5726 5908 5724
f 5908 5909 5724
f 5724 5909 5910
f 5910 5911 5724
f 5911 5912 5724
f 5724 5912 5913
f 5913 5914 5724
f 5914 5915 5724
f 5724 5915 5916
f 5916 5917 5724
f 5917 5918 5724
f 5724 5918 5904
f 5919 5920 5558
f 5920 5921 5558
f 5921 5922 5558
f 5558 5922 5726
f 5922 5923 5726
f 5726 5923 5908
f 5924 5925 5926
f 5925 5927 5926
f 5927 5928 5926
f 5928 5929 5926
f 5926 5929 5930
f 5930 5931 5926
f 5931 5932 5926
f 5926 5932 5933
f 5932 5934 5933
f 5933 5934 5935
f 5936 5937 5924
f 5937 5938 5924
f 5924 5938 5939
f 5939 5940 5924
f 5940 5941 5924
f 5924 5941 5925
f 5942 5943 5936
f 5943 5944 5936
f 5936 5944 5937
f 5942 5936 5945
f 5936 5946 5945
f 5945 5946 5947
f 5948 5946 5949
f 5946 5950 5949
f 5951 5952 5947
f 5948 5953 5946
f 5953 5954 5946
f 5946 5954 5947
f 5954 5955 5947
f 5947 5955 5951
f 5952 5956 5947
f 5956 5957 5947
f 5947 5957 5958
f 5958 5959 5947
f 5959 5960 5947
f 5947 5960 5961
f 5960 5962 5961
f 5961 5962 5963
f 5962 5964 5963
f 5963 5964 5965
f 5964 5966 5965
f 5965 5966 5967
f 5967 5968 5965
f 5968 5969 5965
f 5965 5969 5970
f 5969 5971 5970
f 5970 5971 5972
f 5970 5973 5965
f 5973 5974 5965
f 5965 5974 5975
f 5974 5976 5975
f 5975 5976 5977
f 5976 5978 5977
f 5977 5978 5979
f 5980 5981 5982
f 5981 5979 5982
f 5982 5979 5983
f 5979 5978 5983
f 5980 5984 5981
f 5984 5985 5981
f 5981 5985 5986
f 5987 5988 5989
f 5988 5990 5989
f 5990 5991 5989
f 5989 5991 5992
f 5993 5994 5995
f 5994 5989 5995
f 5995 5989 5996
f 5989 5992 5996
f 5997 5989 5998
f 5989 5999 5998
f 5998 5999 6000
f 5986 5987 5981
f 5987 5989 5981
f 5981 5989 6001
f 5989 5997 6001
f 6002 6003 6004
f 6005 6006 6007
f 6006 6008 6007
f 6007 6008 6004
f 6008 6000 6004
f 6004 6000 6002
f 6000 5999 6002
f 6002 5999 6009
f 6010 6011 6007
f 6011 6012 6007
f 6007 6012 6005
f 6012 6013 6005
f 6013 6014 6005
f 6005 6014 6015
f 6015 6016 6005
f 6016 6017 6005
f 6005 6017 6018
f 6019 5552 6020
f 5552 6021 6020
f 6020 6021 6022
f 6021 6023 6022
f 6022 6023 6024
f 6023 6025 6024
f 6024 6025 6026
f 6025 6005 6026
f 6026 6005 6027
f 6005 6018 6027
f 6028 6019 6029
f 6029 6030 6028
f 6030 6031 6028
f 6028 6031 6032
f 6033 6034 6035
f 6035 6034 6036
f 6034 6037 6036
f 6036 6037 6038
f 6032 6039 6028
f 6039 6036 6028
f 6028 6036 6040
f 6036 6038 6040
f 6041 6042 5552
f 6041 5552 6043
f 6028 6044 6019
f 6044 6045 6019
f 6019 6045 5552
f 6045 6046 5552
f 5552 6046 6043
f 6042 6047 5552
f 6047 6048 5552
f 5552 6048 5550
f 5551 6049 5552
f 6049 6050 5552
f 5552 6050 6051
f 6050 6052 6051
f 6051 6052 6053
f 6052 6054 6053
f 6053 6054 6055
f 6054 6056 6055
f 6054 6057 6058
f 6058 6059 6054
f 6059 6060 6054
f 6054 6060 6061
f 6061 6062 6054
f 6062 6063 6054
f 6054 6063 6056
f 6063 6064 6056
f 6056 6064 6065
f 6065 6066 6056
f 6066 6067 6056
f 6056 6067 6068
f 6069 6070 2487
f 6068 6071 6056
f 6071 6072 6056
f 6056 6072 6073
f 6072 6074 6073
f 6073 6074 2487
f 6074 6075 2487
f 2487 6075 6069
f 6070 6076 2487
f 6076 6077 2487
f 2487 6077 6078
f 6078 6079 2487
f 6079 6080 2487
f 2487 6080 6081
f 6082 6083 6084
f 6085 6086 6087
f 6083 6088 6084
f 6088 6089 6084
f 6084 6089 6090
f 6090 6091 6084
f 6091 6092 6084
f 6084 6092 6093
f 6093 6094 6084
f 6094 6095 6084
f 6084 6095 6057
f 6095 6096 6057
f 6096 6097 6057
f 6097 6098 6057
f 6057 6098 6099
f 6099 6100 6057
f 6100 6101 6057
f 6057 6101 6058
f 6102 6103 6104
f 6087 6082 6085
f 6082 6084 6085
f 6085 6084 6105
f 6084 6106 6105
f 6105 6106 6104
f 6106 6107 6104
f 6104 6107 6102
f 6108 6109 6110
f 6110 6111 6108
f 6111 6112 6108
f 6108 6112 6113
f 6113 6114 6108
f 6114 6115 6108
f 6108 6115 6116
f 6116 6117 6108
f 6117 6118 6108
f 6108 6118 6085
f 6118 6119 6085
f 6085 6119 6120
f 6120 6121 6085
f 6121 6122 6085
f 6085 6122 6086
f 6103 6123 6104
f 6123 6124 6104
f 6104 6124 6125
f 6124 6126 6125
f 6125 6126 6127
f 6126 6128 6127
f 6127 6128 6129
f 6129 6130 6127
f 6130 6131 6127
f 6127 6131 6132
f 6132 6133 6127
f 6133 6134 6127
f 6127 6134 6135
f 6035 6136 6033
f 6136 6137 6033
f 6033 6137 6138
f 6139 6140 6141
f 6140 6142 6141
f 6141 6142 6143
f 6142 6144 6143
f 6144 6145 6143
f 6143 6145 6146
f 6145 6147 6146
f 6147 6148 6146
f 6146 6148 6149
f 6148 6150 6149
f 6149 6150 6151
f 6152 6153 6154
f 6153 6155 6154
f 6154 6155 6150
f 6155 6156 6150
f 6150 6156 6151
f 6157 6158 6159
f 6158 6160 6159
f 6159 6160 6161
f 6162 6154 6159
f 6154 6163 6159
f 6159 6163 6157
f 6162 6164 6154
f 6164 6165 6154
f 6154 6165 6152
f 6165 6166 6152
f 6152 6166 6167
f 6167 6168 6152
f 6168 6169 6152
f 6152 6169 6170
f 6170 6171 6152
f 6171 6172 6152
f 6152 6172 6137
f 6172 6173 6137
f 6137 6173 6138
f 6139 6141 6135
f 6141 6174 6135
f 6135 6174 6175
f 6176 6177 6127
f 6176 6127 6178
f 6175 6179 6135
f 6179 6180 6135
f 6135 6180 6127
f 6180 6181 6127
f 6127 6181 6178
f 6177 6182 6127
f 6182 6183 6127
f 6127 6183 6184
f 6184 6185 6127
f 6185 6186 6127
f 6127 6186 6187
f 6010 6007 6188
f 6007 6189 6188
f 6188 6189 6190
f 6191 6192 6189
f 6193 6194 6195
f 6194 6196 6195
f 6195 6196 6189
f 6196 6197 6189
f 6189 6197 6191
f 6192 6198 6189
f 6198 6199 6189
f 6189 6199 6190
f 6187 6200 6127
f 6200 6201 6127
f 6127 6201 6202
f 6203 6204 6205
f 6204 6206 6205
f 6206 6207 6205
f 6205 6207 6208
f 6208 6209 6205
f 6209 6210 6205
f 6205 6210 6211
f 6210 6212 6211
f 6211 6212 6195
f 6212 6213 6195
f 6195 6213 6193
f 6202 6203 6127
f 6203 6205 6127
f 6127 6205 6214
f 6205 6215 6214
f 6216 6217 6218
f 6219 6216 6220
f 6216 6218 6220
f 6220 6218 6215
f 6218 6221 6215
f 6215 6221 6214
f 5993 6222 5994
f 6222 6223 5994
f 5994 6223 6224
f 6225 6226 6217
f 6224 6227 5994
f 6227 6228 5994
f 5994 6228 6217
f 6228 6229 6217
f 6217 6229 6225
f 6226 6230 6217
f 6230 6231 6217
f 6217 6231 6232
f 6232 6233 6217
f 6233 6234 6217
f 6217 6234 6218
f 6234 6235 6218
f 6218 6235 6236
f 6237 6003 6238
f 6003 6002 6238
f 6238 6002 6219
f 6002 6009 6219
f 6219 6009 6216
f 6239 6240 6241
f 6240 6242 6241
f 6239 6243 6240
f 6243 6244 6240
f 6240 6244 6245
f 6246 6247 6248
f 6247 6240 6248
f 6248 6240 6249
f 6240 6245 6249
f 6246 6250 6247
f 6250 6251 6247
f 6247 6251 6240
f 6251 6252 6240
f 6240 6252 6253
f 6254 6255 6256
f 6255 6257 6256
f 6256 6257 6258
f 6259 6260 6258
f 6260 6240 6258
f 6258 6240 6256
f 6240 6253 6256
f 6256 6253 6254
f 6261 6262 6263
f 6259 6258 6263
f 6258 6264 6263
f 6263 6264 6261
f 6262 6265 6263
f 6265 6266 6263
f 6263 6266 6267
f 6267 6268 6263
f 6268 6269 6263
f 6263 6269 6270
f 6270 6271 6263
f 6271 6272 6263
f 6263 6272 6273
f 6274 6275 6263
f 6275 6276 6263
f 6276 6277 6263
f 6277 6278 6263
f 6263 6278 6279
f 6236 6280 6218
f 6280 6281 6218
f 6218 6281 6282
f 6282 6283 6218
f 6283 6284 6218
f 6218 6284 6285
f 6285 6286 6218
f 6286 6287 6218
f 6218 6287 6288
f 6288 6289 6218
f 6289 6290 6218
f 6218 6290 6242
f 5972 6291 5970
f 6291 6292 5970
f 5970 6292 6293
f 6292 6294 6293
f 6293 6294 6295
f 6294 6296 6295
f 6296 6297 6298
f 6298 6299 6296
f 6299 6300 6296
f 6296 6300 6301
f 6301 6302 6296
f 6302 6303 6296
f 6296 6303 6304
f 6240 6295 6242
f 6295 6296 6242
f 6242 6296 6218
f 6296 6304 6218
f 6218 6304 6305
f 6305 6306 6218
f 6306 6307 6218
f 6218 6307 6308
f 6308 6309 6218
f 6309 6310 6218
f 6218 6310 6311
f 6311 6312 6218
f 6312 6313 6218
f 6218 6313 6314
f 6279 6315 6263
f 6315 6316 6263
f 6263 6316 6317
f 6317 6318 6263
f 6318 6319 6263
f 6263 6319 6320
f 6321 6322 6323
f 6322 6324 6323
f 6323 6324 6325
f 6320 6326 6263
f 6326 6323 6263
f 6263 6323 6327
f 6328 6329 6330
f 6329 6328 6331
f 6327 6323 6330
f 6323 6325 6330
f 6330 6325 6328
f 6325 6332 6328
f 6328 6332 6331
f 6327 6333 6263
f 6333 6334 6263
f 6263 6334 6335
f 6334 6336 6335
f 6337 6273 6338
f 6273 6339 6338
f 6340 6341 6337
f 6341 6342 6337
f 6337 6342 6273
f 6342 6343 6273
f 6273 6343 6263
f 6343 6344 6263
f 6263 6344 6274
f 6345 6346 6347
f 6345 6347 6348
f 6314 6349 6218
f 6349 6350 6218
f 6218 6350 6351
f 6350 6352 6351
f 6351 6352 6347
f 6352 6353 6347
f 6347 6353 6348
f 6346 6354 6347
f 6354 6355 6347
f 6347 6355 6356
f 6355 6357 6356
f 6357 6358 6356
f 6356 6358 6359
f 6358 6360 6359
f 6359 6360 6361
f 6362 6363 5946
f 6363 6364 5946
f 5946 6364 5950
f 5946 6365 6366
f 6367 6368 6366
f 6369 6370 6371
f 6370 6372 6371
f 6371 6372 6373
f 6372 6374 6373
f 6369 6375 6370
f 6375 6376 6370
f 6370 6376 6377
f 6377 6378 6370
f 6378 6379 6370
f 6370 6379 6380
f 6380 6381 6370
f 6381 6382 6370
f 6370 6382 6383
f 6383 6384 6370
f 6384 6385 6370
f 6370 6385 6386
f 6387 6388 6389
f 6390 6391 6389
f 6391 6392 6389
f 6389 6392 6387
f 6390 6393 6391
f 6393 6394 6391
f 6391 6394 6395
f 6395 6396 6391
f 6396 6397 6391
f 6391 6397 6398
f 6398 6399 6391
f 6399 6400 6391
f 6391 6400 6401
f 6386 6402 6370
f 6402 6391 6370
f 6370 6391 6403
f 6391 6401 6403
f 6372 6404 6374
f 6404 6405 6374
f 6374 6405 6366
f 6405 6406 6366
f 6366 6406 6367
f 6368 6407 6366
f 6407 6408 6366
f 6366 6408 6409
f 6409 6410 6366
f 6410 6411 6366
f 6366 6411 5946
f 6411 6412 5946
f 5946 6412 6362
f 6413 6414 5548
f 6415 6416 6417
f 6416 6418 6417
f 6418 6419 6417
f 6417 6419 6420
f 6421 6422 6417
f 6422 6423 6417
f 6417 6423 6415
f 6421 6424 6422
f 6424 6425 6422
f 6422 6425 6426
f 6426 6427 6422
f 6427 6428 6422
f 6422 6428 6429
f 6429 6430 6422
f 6430 6431 6422
f 6422 6431 6432
f 6413 5548 6433
f 6414 6434 5548
f 6434 6435 5548
f 5548 6435 5549
f 6435 6436 5549
f 5549 6436 6296
f 6436 6437 6296
f 6296 6437 6297
f 5547 6438 5548
f 6438 6439 5548
f 5548 6439 6440
f 6440 6441 6442
f 6441 6443 6442
f 6442 6443 6444
f 6440 6442 5548
f 6442 6445 5548
f 5548 6445 6446
f 6446 6447 5548
f 6447 6448 5548
f 5548 6448 6449
f 6449 6450 5548
f 6450 6451 5548
f 5548 6451 6452
f 6432 6433 6422
f 6433 5548 6422
f 6422 5548 6453
f 5548 6452 6453
f 6361 6365 6359
f 6365 5946 6359
f 6359 5946 6454
f 5946 5936 6454
f 6455 6456 5926
f 6456 6457 5926
f 5926 6457 5924
f 6457 6458 5924
f 5924 6458 5936
f 6458 6459 5936
f 5936 6459 6454
f 5864 6460 6461
f 5865 5864 5871
f 5864 6461 5871
f 5871 6461 6462
f 6460 5864 6463
f 5864 5858 6463
f 6463 5858 6464
f 5858 5573 6464
f 6464 5573 6465
f 5573 5574 6465
f 6465 5574 6466
f 5574 6467 6466
f 6466 6467 5579
f 6467 6468 5579
f 5579 6468 5580
f 6468 5592 5580
f 5580 5592 5596
f 5592 5591 5596
f 5596 5591 5595
f 5853 6455 5718
f 6455 5926 5718
f 5718 5926 5558
f 5926 5933 5558
f 5558 5933 5919
f 5933 5935 5919
f 6462 5544 5871
f 5544 5546 5871
f 5871 5546 5555
f 5546 5761 5555
f 5555 5761 5553
f 5761 5881 5553
f 6469 6470 6471
f 6472 6473 6474
f 6473 6475 6474
f 1162 6476 1164
f 6476 6477 1164
f 1164 6477 6478
f 6477 6479 6478
f 6478 6479 6480
f 6479 6481 6480
f 6480 6481 6482
f 6483 6484 6481
f 6484 6485 6481
f 6481 6485 6482
f 6486 6487 6488
f 6488 6489 6486
f 6489 6490 6486
f 6486 6490 6483
f 6490 6491 6483
f 6483 6491 6484
f 1108 6472 6492
f 6472 6474 6492
f 6492 6474 6493
f 6474 6494 6493
f 6495 6496 6486
f 6496 6497 6486
f 6487 6486 6498
f 6486 6497 6498
f 6498 6497 3518
f 6499 6500 6501
f 6500 6502 6501
f 6477 6503 6479
f 6503 6504 6479
f 6479 6504 6481
f 6504 6505 6481
f 6481 6505 6483
f 6505 6501 6483
f 6483 6501 6486
f 6501 6502 6486
f 6486 6502 6495
f 6469 6471 6506
f 6470 6507 6471
f 6507 6494 6471
f 6471 6494 6508
f 6494 6474 6508
f 6508 6474 6509
f 6474 6475 6509
f 6509 6475 3079
f 6475 3081 3079
f 3079 6499 6509
f 6499 6501 6509
f 6509 6501 6508
f 6501 6505 6508
f 6508 6505 6471
f 6505 6504 6471
f 6471 6504 6506
f 6504 6503 6506

