# https://github.com/mikedh/trimesh
v 0.13060750 -0.05125000 -0.01900964
v 0.13060750 -0.05125000 0.02099036
v 0.03000750 -0.05125000 -0.01900964
v 0.03000750 -0.05125000 0.02099036
v 0.13060750 0.05125000 0.02099036
v 0.13060750 0.05125000 -0.01900964
v 0.03000750 0.05125000 -0.01900964
v 0.03000750 0.05125000 0.02099036
v 0.13060750 -0.05125000 -0.01900964
v 0.13060750 0.05125000 -0.01900964
v 0.13060750 -0.05125000 0.02099036
v 0.13060750 0.05125000 0.02099036
v 0.03000750 0.05125000 -0.01900964
v 0.03000750 -0.05125000 -0.01900964
v 0.03000750 -0.05125000 0.02099036
v 0.03000750 0.05125000 0.02099036
v 0.03000750 -0.05125000 -0.01900964
v 0.03000750 0.05125000 -0.01900964
v 0.13060750 -0.05125000 -0.01900964
v 0.13060750 0.05125000 -0.01900964
v 0.03000750 0.05125000 0.02099036
v 0.03000750 -0.05125000 0.02099036
v 0.13060750 -0.05125000 0.02099036
v 0.13060750 0.05125000 0.02099036
v 0.08030750 0.04100000 0.06119036
v 0.08030750 0.04100000 0.02099036
v 0.07826382 0.04094904 0.06119036
v 0.07826382 0.04094904 0.06119036
v 0.07826382 0.04094904 0.02099036
v 0.07622522 0.04079626 0.06119036
v 0.07826382 0.04094904 0.02099036
v 0.07622522 0.04079626 0.02099036
v 0.07622522 0.04079626 0.06119036
v 0.07419677 0.04054206 0.02099036
v 0.07419677 0.04054206 0.06119036
v 0.07622522 0.04079626 0.02099036
v 0.07419677 0.04054206 0.06119036
v 0.07218351 0.04018707 0.02099036
v 0.07218351 0.04018707 0.06119036
v 0.07419677 0.04054206 0.02099036
v 0.07218351 0.04018707 0.06119036
v 0.07019044 0.03973217 0.02099036
v 0.07019044 0.03973217 0.06119036
v 0.07218351 0.04018707 0.02099036
v 0.07019044 0.03973217 0.06119036
v 0.06822253 0.03917849 0.02099036
v 0.06822253 0.03917849 0.06119036
v 0.06822253 0.03917849 0.06119036
v 0.06822253 0.03917849 0.02099036
v 0.06628468 0.03852740 0.06119036
v 0.07019044 0.03973217 0.02099036
v 0.06628468 0.03852740 0.02099036
v 0.06628468 0.03852740 0.06119036
v 0.06438168 0.03778053 0.02099036
v 0.06438168 0.03778053 0.06119036
v 0.06628468 0.03852740 0.02099036
v 0.06438168 0.03778053 0.06119036
v 0.06251826 0.03693972 0.02099036
v 0.06251826 0.03693972 0.06119036
v 0.06251826 0.03693972 0.06119036
v 0.06251826 0.03693972 0.02099036
v 0.06069909 0.03600708 0.06119036
v 0.06438168 0.03778053 0.02099036
v 0.06069909 0.03600708 0.02099036
v 0.06069909 0.03600708 0.02099036
v 0.05892866 0.03498492 0.02099036
v 0.06069909 0.03600708 0.06119036
v 0.05892866 0.03498492 0.06119036
v 0.05892866 0.03498492 0.02099036
v 0.05721138 0.03387579 0.02099036
v 0.05892866 0.03498492 0.06119036
v 0.05721138 0.03387579 0.06119036
v 0.05721138 0.03387579 0.02099036
v 0.05555152 0.03268243 0.02099036
v 0.05721138 0.03387579 0.06119036
v 0.05555152 0.03268243 0.06119036
v 0.05555152 0.03268243 0.06119036
v 0.05555152 0.03268243 0.02099036
v 0.05395321 0.03140782 0.06119036
v 0.05395321 0.03140782 0.02099036
v 0.05395321 0.03140782 0.06119036
v 0.05242042 0.03005513 0.02099036
v 0.05242042 0.03005513 0.06119036
v 0.05395321 0.03140782 0.02099036
v 0.05242042 0.03005513 0.06119036
v 0.05095696 0.02862771 0.02099036
v 0.05095696 0.02862771 0.06119036
v 0.05095696 0.02862771 0.06119036
v 0.05095696 0.02862771 0.02099036
v 0.04956647 0.02712912 0.06119036
v 0.05242042 0.03005513 0.02099036
v 0.04956647 0.02712912 0.06119036
v 0.04956647 0.02712912 0.02099036
v 0.04825241 0.02556308 0.06119036
v 0.04956647 0.02712912 0.02099036
v 0.04825241 0.02556308 0.02099036
v 0.04825241 0.02556308 0.02099036
v 0.04701804 0.02393349 0.02099036
v 0.04825241 0.02556308 0.06119036
v 0.04701804 0.02393349 0.06119036
v 0.04701804 0.02393349 0.06119036
v 0.04586644 0.02224440 0.02099036
v 0.04586644 0.02224440 0.06119036
v 0.04701804 0.02393349 0.02099036
v 0.04586644 0.02224440 0.06119036
v 0.04480046 0.02050000 0.02099036
v 0.04480046 0.02050000 0.06119036
v 0.04586644 0.02224440 0.02099036
v 0.04480046 0.02050000 0.06119036
v 0.04382275 0.01870464 0.02099036
v 0.04382275 0.01870464 0.06119036
v 0.04480046 0.02050000 0.02099036
v 0.04382275 0.01870464 0.06119036
v 0.04293576 0.01686277 0.02099036
v 0.04293576 0.01686277 0.06119036
v 0.04293576 0.01686277 0.06119036
v 0.04293576 0.01686277 0.02099036
v 0.04214168 0.01497898 0.06119036
v 0.04382275 0.01870464 0.02099036
v 0.04214168 0.01497898 0.02099036
v 0.04214168 0.01497898 0.06119036
v 0.04144248 0.01305795 0.02099036
v 0.04144248 0.01305795 0.06119036
v 0.04214168 0.01497898 0.02099036
v 0.04144248 0.01305795 0.06119036
v 0.04083990 0.01110446 0.02099036
v 0.04083990 0.01110446 0.06119036
v 0.04144248 0.01305795 0.02099036
v 0.04083990 0.01110446 0.06119036
v 0.04033546 0.00912336 0.02099036
v 0.04033546 0.00912336 0.06119036
v 0.04033546 0.00912336 0.06119036
v 0.04033546 0.00912336 0.02099036
v 0.03993038 0.00711958 0.06119036
v 0.04083990 0.01110446 0.02099036
v 0.03993038 0.00711958 0.02099036
v 0.03993038 0.00711958 0.06119036
v 0.03962569 0.00509809 0.02099036
v 0.03962569 0.00509809 0.06119036
v 0.03962569 0.00509809 0.06119036
v 0.03962569 0.00509809 0.02099036
v 0.03942215 0.00306393 0.06119036
v 0.03993038 0.00711958 0.02099036
v 0.03942215 0.00306393 0.02099036
v 0.03942215 0.00306393 0.06119036
v 0.03932024 0.00102216 0.02099036
v 0.03932024 0.00102216 0.06119036
v 0.03942215 0.00306393 0.02099036
v 0.03932024 0.00102216 0.06119036
v 0.03932024 -0.00102216 0.02099036
v 0.03932024 -0.00102216 0.06119036
v 0.03932024 0.00102216 0.02099036
v 0.03932024 -0.00102216 0.06119036
v 0.03942215 -0.00306393 0.02099036
v 0.03942215 -0.00306393 0.06119036
v 0.03942215 -0.00306393 0.06119036
v 0.03942215 -0.00306393 0.02099036
v 0.03962569 -0.00509809 0.06119036
v 0.03932024 -0.00102216 0.02099036
v 0.03962569 -0.00509809 0.02099036
v 0.03962569 -0.00509809 0.06119036
v 0.03993038 -0.00711958 0.02099036
v 0.03993038 -0.00711958 0.06119036
v 0.03993038 -0.00711958 0.06119036
v 0.03993038 -0.00711958 0.02099036
v 0.04033546 -0.00912336 0.06119036
v 0.03962569 -0.00509809 0.02099036
v 0.04033546 -0.00912336 0.02099036
v 0.04033546 -0.00912336 0.02099036
v 0.04083990 -0.01110446 0.02099036
v 0.04033546 -0.00912336 0.06119036
v 0.04083990 -0.01110446 0.06119036
v 0.04083990 -0.01110446 0.02099036
v 0.04144248 -0.01305795 0.02099036
v 0.04083990 -0.01110446 0.06119036
v 0.04144248 -0.01305795 0.06119036
v 0.04144248 -0.01305795 0.02099036
v 0.04214168 -0.01497898 0.02099036
v 0.04144248 -0.01305795 0.06119036
v 0.04214168 -0.01497898 0.06119036
v 0.04214168 -0.01497898 0.02099036
v 0.04293576 -0.01686277 0.02099036
v 0.04214168 -0.01497898 0.06119036
v 0.04293576 -0.01686277 0.06119036
v 0.04293576 -0.01686277 0.02099036
v 0.04382275 -0.01870464 0.02099036
v 0.04293576 -0.01686277 0.06119036
v 0.04382275 -0.01870464 0.06119036
v 0.04382275 -0.01870464 0.02099036
v 0.04480046 -0.02050000 0.02099036
v 0.04382275 -0.01870464 0.06119036
v 0.04480046 -0.02050000 0.06119036
v 0.04480046 -0.02050000 0.02099036
v 0.04586644 -0.02224440 0.02099036
v 0.04480046 -0.02050000 0.06119036
v 0.04586644 -0.02224440 0.06119036
v 0.04586644 -0.02224440 0.06119036
v 0.04586644 -0.02224440 0.02099036
v 0.04701804 -0.02393349 0.06119036
v 0.04701804 -0.02393349 0.02099036
v 0.04701804 -0.02393349 0.02099036
v 0.04825241 -0.02556308 0.02099036
v 0.04701804 -0.02393349 0.06119036
v 0.04825241 -0.02556308 0.06119036
v 0.04825241 -0.02556308 0.06119036
v 0.04825241 -0.02556308 0.02099036
v 0.04956647 -0.02712912 0.06119036
v 0.04956647 -0.02712912 0.02099036
v 0.04956647 -0.02712912 0.02099036
v 0.05095696 -0.02862771 0.02099036
v 0.04956647 -0.02712912 0.06119036
v 0.05095696 -0.02862771 0.06119036
v 0.05095696 -0.02862771 0.06119036
v 0.05242042 -0.03005513 0.02099036
v 0.05242042 -0.03005513 0.06119036
v 0.05095696 -0.02862771 0.02099036
v 0.05242042 -0.03005513 0.06119036
v 0.05242042 -0.03005513 0.02099036
v 0.05395321 -0.03140782 0.06119036
v 0.05395321 -0.03140782 0.02099036
v 0.05395321 -0.03140782 0.02099036
v 0.05555152 -0.03268243 0.02099036
v 0.05395321 -0.03140782 0.06119036
v 0.05555152 -0.03268243 0.06119036
v 0.05555152 -0.03268243 0.06119036
v 0.05721138 -0.03387579 0.02099036
v 0.05721138 -0.03387579 0.06119036
v 0.05555152 -0.03268243 0.02099036
v 0.05721138 -0.03387579 0.06119036
v 0.05892866 -0.03498492 0.02099036
v 0.05892866 -0.03498492 0.06119036
v 0.05721138 -0.03387579 0.02099036
v 0.05892866 -0.03498492 0.06119036
v 0.06069909 -0.03600708 0.02099036
v 0.06069909 -0.03600708 0.06119036
v 0.05892866 -0.03498492 0.02099036
v 0.06069909 -0.03600708 0.06119036
v 0.06251826 -0.03693972 0.02099036
v 0.06251826 -0.03693972 0.06119036
v 0.06069909 -0.03600708 0.02099036
v 0.06251826 -0.03693972 0.06119036
v 0.06438168 -0.03778053 0.02099036
v 0.06438168 -0.03778053 0.06119036
v 0.06251826 -0.03693972 0.02099036
v 0.06438168 -0.03778053 0.06119036
v 0.06628468 -0.03852740 0.02099036
v 0.06628468 -0.03852740 0.06119036
v 0.06438168 -0.03778053 0.02099036
v 0.06628468 -0.03852740 0.06119036
v 0.06822253 -0.03917849 0.02099036
v 0.06822253 -0.03917849 0.06119036
v 0.06822253 -0.03917849 0.06119036
v 0.06822253 -0.03917849 0.02099036
v 0.07019044 -0.03973217 0.06119036
v 0.06628468 -0.03852740 0.02099036
v 0.07019044 -0.03973217 0.02099036
v 0.07019044 -0.03973217 0.06119036
v 0.07218351 -0.04018707 0.02099036
v 0.07218351 -0.04018707 0.06119036
v 0.07019044 -0.03973217 0.02099036
v 0.07218351 -0.04018707 0.06119036
v 0.07419677 -0.04054206 0.02099036
v 0.07419677 -0.04054206 0.06119036
v 0.07218351 -0.04018707 0.02099036
v 0.07419677 -0.04054206 0.06119036
v 0.07622522 -0.04079626 0.02099036
v 0.07622522 -0.04079626 0.06119036
v 0.07419677 -0.04054206 0.02099036
v 0.07622522 -0.04079626 0.02099036
v 0.07826382 -0.04094904 0.02099036
v 0.07622522 -0.04079626 0.06119036
v 0.07826382 -0.04094904 0.06119036
v 0.07826382 -0.04094904 0.02099036
v 0.08030750 -0.04100000 0.02099036
v 0.07826382 -0.04094904 0.06119036
v 0.08030750 -0.04100000 0.06119036
v 0.08030750 -0.04100000 0.02099036
v 0.08235118 -0.04094904 0.02099036
v 0.08030750 -0.04100000 0.06119036
v 0.08235118 -0.04094904 0.06119036
v 0.08235118 -0.04094904 0.02099036
v 0.08438978 -0.04079626 0.02099036
v 0.08235118 -0.04094904 0.06119036
v 0.08438978 -0.04079626 0.06119036
v 0.08438978 -0.04079626 0.02099036
v 0.08641824 -0.04054206 0.02099036
v 0.08438978 -0.04079626 0.06119036
v 0.08641824 -0.04054206 0.06119036
v 0.08641824 -0.04054206 0.02099036
v 0.08843149 -0.04018707 0.02099036
v 0.08641824 -0.04054206 0.06119036
v 0.08843149 -0.04018707 0.06119036
v 0.08843149 -0.04018707 0.02099036
v 0.09042455 -0.03973217 0.02099036
v 0.08843149 -0.04018707 0.06119036
v 0.09042455 -0.03973217 0.06119036
v 0.09042455 -0.03973217 0.02099036
v 0.09239246 -0.03917849 0.02099036
v 0.09042455 -0.03973217 0.06119036
v 0.09239246 -0.03917849 0.06119036
v 0.09239246 -0.03917849 0.02099036
v 0.09433032 -0.03852740 0.02099036
v 0.09239246 -0.03917849 0.06119036
v 0.09433032 -0.03852740 0.06119036
v 0.09433032 -0.03852740 0.02099036
v 0.09623333 -0.03778053 0.02099036
v 0.09433032 -0.03852740 0.06119036
v 0.09623333 -0.03778053 0.06119036
v 0.09623333 -0.03778053 0.02099036
v 0.09809673 -0.03693972 0.02099036
v 0.09623333 -0.03778053 0.06119036
v 0.09809673 -0.03693972 0.06119036
v 0.09809673 -0.03693972 0.02099036
v 0.09991592 -0.03600708 0.02099036
v 0.09809673 -0.03693972 0.06119036
v 0.09991592 -0.03600708 0.06119036
v 0.09991592 -0.03600708 0.02099036
v 0.10168630 -0.03498492 0.02099036
v 0.09991592 -0.03600708 0.06119036
v 0.10168630 -0.03498492 0.06119036
v 0.10168630 -0.03498492 0.02099036
v 0.10340360 -0.03387579 0.02099036
v 0.10168630 -0.03498492 0.06119036
v 0.10340360 -0.03387579 0.06119036
v 0.10340360 -0.03387579 0.02099036
v 0.10506350 -0.03268243 0.02099036
v 0.10340360 -0.03387579 0.06119036
v 0.10506350 -0.03268243 0.06119036
v 0.10506350 -0.03268243 0.02099036
v 0.10666180 -0.03140782 0.02099036
v 0.10506350 -0.03268243 0.06119036
v 0.10666180 -0.03140782 0.06119036
v 0.10666180 -0.03140782 0.02099036
v 0.10819460 -0.03005513 0.02099036
v 0.10666180 -0.03140782 0.06119036
v 0.10819460 -0.03005513 0.06119036
v 0.10819460 -0.03005513 0.02099036
v 0.10965800 -0.02862771 0.02099036
v 0.10819460 -0.03005513 0.06119036
v 0.10965800 -0.02862771 0.06119036
v 0.10965800 -0.02862771 0.02099036
v 0.11104850 -0.02712912 0.02099036
v 0.10965800 -0.02862771 0.06119036
v 0.11104850 -0.02712912 0.06119036
v 0.11104850 -0.02712912 0.02099036
v 0.11236260 -0.02556308 0.02099036
v 0.11104850 -0.02712912 0.06119036
v 0.11236260 -0.02556308 0.06119036
v 0.11236260 -0.02556308 0.02099036
v 0.11359700 -0.02393349 0.02099036
v 0.11236260 -0.02556308 0.06119036
v 0.11359700 -0.02393349 0.06119036
v 0.11359700 -0.02393349 0.06119036
v 0.11359700 -0.02393349 0.02099036
v 0.11474860 -0.02224440 0.06119036
v 0.11474860 -0.02224440 0.02099036
v 0.11474860 -0.02224440 0.06119036
v 0.11581450 -0.02050000 0.02099036
v 0.11581450 -0.02050000 0.06119036
v 0.11474860 -0.02224440 0.02099036
v 0.11581450 -0.02050000 0.06119036
v 0.11679220 -0.01870464 0.02099036
v 0.11679220 -0.01870464 0.06119036
v 0.11581450 -0.02050000 0.02099036
v 0.11679220 -0.01870464 0.06119036
v 0.11767920 -0.01686277 0.02099036
v 0.11767920 -0.01686277 0.06119036
v 0.11679220 -0.01870464 0.02099036
v 0.11767920 -0.01686277 0.06119036
v 0.11847330 -0.01497898 0.02099036
v 0.11847330 -0.01497898 0.06119036
v 0.11767920 -0.01686277 0.02099036
v 0.11847330 -0.01497898 0.02099036
v 0.11917250 -0.01305795 0.02099036
v 0.11847330 -0.01497898 0.06119036
v 0.11917250 -0.01305795 0.06119036
v 0.11917250 -0.01305795 0.02099036
v 0.11977510 -0.01110446 0.02099036
v 0.11917250 -0.01305795 0.06119036
v 0.11977510 -0.01110446 0.06119036
v 0.11977510 -0.01110446 0.02099036
v 0.12027950 -0.00912336 0.02099036
v 0.11977510 -0.01110446 0.06119036
v 0.12027950 -0.00912336 0.06119036
v 0.12027950 -0.00912336 0.02099036
v 0.12068460 -0.00711958 0.02099036
v 0.12027950 -0.00912336 0.06119036
v 0.12068460 -0.00711958 0.06119036
v 0.12068460 -0.00711958 0.02099036
v 0.12098930 -0.00509809 0.02099036
v 0.12068460 -0.00711958 0.06119036
v 0.12098930 -0.00509809 0.06119036
v 0.12098930 -0.00509809 0.02099036
v 0.12119290 -0.00306393 0.02099036
v 0.12098930 -0.00509809 0.06119036
v 0.12119290 -0.00306393 0.06119036
v 0.12119290 -0.00306393 0.02099036
v 0.12129480 -0.00102216 0.02099036
v 0.12119290 -0.00306393 0.06119036
v 0.12129480 -0.00102216 0.06119036
v 0.12129480 -0.00102216 0.02099036
v 0.12129480 0.00102216 0.02099036
v 0.12129480 -0.00102216 0.06119036
v 0.12129480 0.00102216 0.06119036
v 0.12129480 0.00102216 0.06119036
v 0.12129480 0.00102216 0.02099036
v 0.12119290 0.00306393 0.06119036
v 0.12119290 0.00306393 0.02099036
v 0.12119290 0.00306393 0.02099036
v 0.12098930 0.00509809 0.02099036
v 0.12119290 0.00306393 0.06119036
v 0.12098930 0.00509809 0.06119036
v 0.12098930 0.00509809 0.02099036
v 0.12068460 0.00711958 0.02099036
v 0.12098930 0.00509809 0.06119036
v 0.12068460 0.00711958 0.06119036
v 0.12068460 0.00711958 0.02099036
v 0.12027950 0.00912336 0.02099036
v 0.12068460 0.00711958 0.06119036
v 0.12027950 0.00912336 0.06119036
v 0.12027950 0.00912336 0.06119036
v 0.11977510 0.01110446 0.02099036
v 0.11977510 0.01110446 0.06119036
v 0.12027950 0.00912336 0.02099036
v 0.11977510 0.01110446 0.06119036
v 0.11917250 0.01305795 0.02099036
v 0.11917250 0.01305795 0.06119036
v 0.11977510 0.01110446 0.02099036
v 0.11917250 0.01305795 0.06119036
v 0.11847330 0.01497898 0.02099036
v 0.11847330 0.01497898 0.06119036
v 0.11917250 0.01305795 0.02099036
v 0.11847330 0.01497898 0.06119036
v 0.11767920 0.01686277 0.02099036
v 0.11767920 0.01686277 0.06119036
v 0.11847330 0.01497898 0.02099036
v 0.11767920 0.01686277 0.06119036
v 0.11679220 0.01870464 0.02099036
v 0.11679220 0.01870464 0.06119036
v 0.11767920 0.01686277 0.02099036
v 0.11679220 0.01870464 0.06119036
v 0.11581450 0.02050000 0.02099036
v 0.11581450 0.02050000 0.06119036
v 0.11679220 0.01870464 0.02099036
v 0.11581450 0.02050000 0.06119036
v 0.11474860 0.02224440 0.02099036
v 0.11474860 0.02224440 0.06119036
v 0.11581450 0.02050000 0.02099036
v 0.11474860 0.02224440 0.06119036
v 0.11359700 0.02393349 0.02099036
v 0.11359700 0.02393349 0.06119036
v 0.11474860 0.02224440 0.02099036
v 0.11359700 0.02393349 0.06119036
v 0.11236260 0.02556308 0.02099036
v 0.11236260 0.02556308 0.06119036
v 0.11359700 0.02393349 0.02099036
v 0.11236260 0.02556308 0.06119036
v 0.11104850 0.02712912 0.02099036
v 0.11104850 0.02712912 0.06119036
v 0.11236260 0.02556308 0.02099036
v 0.11104850 0.02712912 0.06119036
v 0.10965800 0.02862771 0.02099036
v 0.10965800 0.02862771 0.06119036
v 0.11104850 0.02712912 0.02099036
v 0.10965800 0.02862771 0.06119036
v 0.10819460 0.03005513 0.02099036
v 0.10819460 0.03005513 0.06119036
v 0.10965800 0.02862771 0.02099036
v 0.10819460 0.03005513 0.06119036
v 0.10666180 0.03140782 0.02099036
v 0.10666180 0.03140782 0.06119036
v 0.10819460 0.03005513 0.02099036
v 0.10666180 0.03140782 0.02099036
v 0.10506350 0.03268243 0.02099036
v 0.10666180 0.03140782 0.06119036
v 0.10506350 0.03268243 0.06119036
v 0.10506350 0.03268243 0.02099036
v 0.10340360 0.03387579 0.02099036
v 0.10506350 0.03268243 0.06119036
v 0.10340360 0.03387579 0.06119036
v 0.10340360 0.03387579 0.02099036
v 0.10168630 0.03498492 0.02099036
v 0.10340360 0.03387579 0.06119036
v 0.10168630 0.03498492 0.06119036
v 0.10168630 0.03498492 0.02099036
v 0.09991592 0.03600708 0.02099036
v 0.10168630 0.03498492 0.06119036
v 0.09991592 0.03600708 0.06119036
v 0.09991592 0.03600708 0.06119036
v 0.09809673 0.03693972 0.02099036
v 0.09809673 0.03693972 0.06119036
v 0.09991592 0.03600708 0.02099036
v 0.09809673 0.03693972 0.06119036
v 0.09623333 0.03778053 0.02099036
v 0.09623333 0.03778053 0.06119036
v 0.09809673 0.03693972 0.02099036
v 0.09623333 0.03778053 0.06119036
v 0.09433032 0.03852740 0.02099036
v 0.09433032 0.03852740 0.06119036
v 0.09623333 0.03778053 0.02099036
v 0.09433032 0.03852740 0.06119036
v 0.09239246 0.03917849 0.02099036
v 0.09239246 0.03917849 0.06119036
v 0.09433032 0.03852740 0.02099036
v 0.09239246 0.03917849 0.06119036
v 0.09042455 0.03973217 0.02099036
v 0.09042455 0.03973217 0.06119036
v 0.09239246 0.03917849 0.02099036
v 0.09042455 0.03973217 0.06119036
v 0.08843149 0.04018707 0.02099036
v 0.08843149 0.04018707 0.06119036
v 0.09042455 0.03973217 0.02099036
v 0.08843149 0.04018707 0.06119036
v 0.08641824 0.04054206 0.02099036
v 0.08641824 0.04054206 0.06119036
v 0.08843149 0.04018707 0.02099036
v 0.08641824 0.04054206 0.06119036
v 0.08438978 0.04079626 0.02099036
v 0.08438978 0.04079626 0.06119036
v 0.08641824 0.04054206 0.02099036
v 0.08438978 0.04079626 0.06119036
v 0.08235118 0.04094904 0.02099036
v 0.08235118 0.04094904 0.06119036
v 0.08438978 0.04079626 0.02099036
v 0.08235118 0.04094904 0.06119036
v 0.08030750 0.04100000 0.02099036
v 0.08030750 0.04100000 0.06119036
v 0.08235118 0.04094904 0.02099036
v 0.10965800 -0.02862771 0.02099036
v 0.11236260 -0.02556308 0.02099036
v 0.11104850 -0.02712912 0.02099036
v 0.10666180 -0.03140782 0.02099036
v 0.10506350 -0.03268243 0.02099036
v 0.10819460 -0.03005513 0.02099036
v 0.11581450 -0.02050000 0.02099036
v 0.11359700 -0.02393349 0.02099036
v 0.11474860 -0.02224440 0.02099036
v 0.09809673 -0.03693972 0.02099036
v 0.09623333 -0.03778053 0.02099036
v 0.09991592 -0.03600708 0.02099036
v 0.10168630 -0.03498492 0.02099036
v 0.10340360 -0.03387579 0.02099036
v 0.11679220 -0.01870464 0.02099036
v 0.11847330 -0.01497898 0.02099036
v 0.11767920 -0.01686277 0.02099036
v 0.11917250 -0.01305795 0.02099036
v 0.11977510 -0.01110446 0.02099036
v 0.09239246 -0.03917849 0.02099036
v 0.09042455 -0.03973217 0.02099036
v 0.09433032 -0.03852740 0.02099036
v 0.12027950 -0.00912336 0.02099036
v 0.12098930 -0.00509809 0.02099036
v 0.12068460 -0.00711958 0.02099036
v 0.08438978 -0.04079626 0.02099036
v 0.08641824 -0.04054206 0.02099036
v 0.08843149 -0.04018707 0.02099036
v 0.08030750 -0.04100000 0.02099036
v 0.08235118 -0.04094904 0.02099036
v 0.12129480 0.00102216 0.02099036
v 0.12119290 -0.00306393 0.02099036
v 0.12129480 -0.00102216 0.02099036
v 0.12119290 0.00306393 0.02099036
v 0.07622522 -0.04079626 0.02099036
v 0.07419677 -0.04054206 0.02099036
v 0.07826382 -0.04094904 0.02099036
v 0.12068460 0.00711958 0.02099036
v 0.12098930 0.00509809 0.02099036
v 0.07218351 -0.04018707 0.02099036
v 0.11977510 0.01110446 0.02099036
v 0.11847330 0.01497898 0.02099036
v 0.11917250 0.01305795 0.02099036
v 0.12027950 0.00912336 0.02099036
v 0.06628468 -0.03852740 0.02099036
v 0.06438168 -0.03778053 0.02099036
v 0.06822253 -0.03917849 0.02099036
v 0.11767920 0.01686277 0.02099036
v 0.06251826 -0.03693972 0.02099036
v 0.07019044 -0.03973217 0.02099036
v 0.05892866 -0.03498492 0.02099036
v 0.11679220 0.01870464 0.02099036
v 0.06069909 -0.03600708 0.02099036
v 0.05555152 -0.03268243 0.02099036
v 0.05395321 -0.03140782 0.02099036
v 0.05721138 -0.03387579 0.02099036
v 0.11359700 0.02393349 0.02099036
v 0.10965800 0.02862771 0.02099036
v 0.11236260 0.02556308 0.02099036
v 0.11104850 0.02712912 0.02099036
v 0.11581450 0.02050000 0.02099036
v 0.10819460 0.03005513 0.02099036
v 0.11474860 0.02224440 0.02099036
v 0.04956647 -0.02712912 0.02099036
v 0.05095696 -0.02862771 0.02099036
v 0.05242042 -0.03005513 0.02099036
v 0.10666180 0.03140782 0.02099036
v 0.10506350 0.03268243 0.02099036
v 0.10340360 0.03387579 0.02099036
v 0.04701804 -0.02393349 0.02099036
v 0.04586644 -0.02224440 0.02099036
v 0.04825241 -0.02556308 0.02099036
v 0.10168630 0.03498492 0.02099036
v 0.04480046 -0.02050000 0.02099036
v 0.04382275 -0.01870464 0.02099036
v 0.04293576 -0.01686277 0.02099036
v 0.09623333 0.03778053 0.02099036
v 0.09991592 0.03600708 0.02099036
v 0.09809673 0.03693972 0.02099036
v 0.04214168 -0.01497898 0.02099036
v 0.04144248 -0.01305795 0.02099036
v 0.04033546 -0.00912336 0.02099036
v 0.03993038 -0.00711958 0.02099036
v 0.04083990 -0.01110446 0.02099036
v 0.08641824 0.04054206 0.02099036
v 0.09433032 0.03852740 0.02099036
v 0.09239246 0.03917849 0.02099036
v 0.09042455 0.03973217 0.02099036
v 0.08843149 0.04018707 0.02099036
v 0.03942215 -0.00306393 0.02099036
v 0.03932024 -0.00102216 0.02099036
v 0.03962569 -0.00509809 0.02099036
v 0.08235118 0.04094904 0.02099036
v 0.07826382 0.04094904 0.02099036
v 0.08030750 0.04100000 0.02099036
v 0.03942215 0.00306393 0.02099036
v 0.03932024 0.00102216 0.02099036
v 0.07419677 0.04054206 0.02099036
v 0.07622522 0.04079626 0.02099036
v 0.03962569 0.00509809 0.02099036
v 0.03993038 0.00711958 0.02099036
v 0.07019044 0.03973217 0.02099036
v 0.07218351 0.04018707 0.02099036
v 0.08438978 0.04079626 0.02099036
v 0.04033546 0.00912336 0.02099036
v 0.04083990 0.01110446 0.02099036
v 0.04144248 0.01305795 0.02099036
v 0.04214168 0.01497898 0.02099036
v 0.06438168 0.03778053 0.02099036
v 0.06822253 0.03917849 0.02099036
v 0.06628468 0.03852740 0.02099036
v 0.04293576 0.01686277 0.02099036
v 0.04382275 0.01870464 0.02099036
v 0.04480046 0.02050000 0.02099036
v 0.04586644 0.02224440 0.02099036
v 0.05721138 0.03387579 0.02099036
v 0.06251826 0.03693972 0.02099036
v 0.06069909 0.03600708 0.02099036
v 0.05892866 0.03498492 0.02099036
v 0.05555152 0.03268243 0.02099036
v 0.04701804 0.02393349 0.02099036
v 0.04825241 0.02556308 0.02099036
v 0.05395321 0.03140782 0.02099036
v 0.04956647 0.02712912 0.02099036
v 0.05095696 0.02862771 0.02099036
v 0.05242042 0.03005513 0.02099036
v 0.11236260 -0.02556308 0.06119036
v 0.10965800 -0.02862771 0.06119036
v 0.11104850 -0.02712912 0.06119036
v 0.10506350 -0.03268243 0.06119036
v 0.10666180 -0.03140782 0.06119036
v 0.10819460 -0.03005513 0.06119036
v 0.11581450 -0.02050000 0.06119036
v 0.11359700 -0.02393349 0.06119036
v 0.11474860 -0.02224440 0.06119036
v 0.09623333 -0.03778053 0.06119036
v 0.09809673 -0.03693972 0.06119036
v 0.09991592 -0.03600708 0.06119036
v 0.10168630 -0.03498492 0.06119036
v 0.10340360 -0.03387579 0.06119036
v 0.11847330 -0.01497898 0.06119036
v 0.11679220 -0.01870464 0.06119036
v 0.11767920 -0.01686277 0.06119036
v 0.11917250 -0.01305795 0.06119036
v 0.11977510 -0.01110446 0.06119036
v 0.09042455 -0.03973217 0.06119036
v 0.09239246 -0.03917849 0.06119036
v 0.09433032 -0.03852740 0.06119036
v 0.12027950 -0.00912336 0.06119036
v 0.12098930 -0.00509809 0.06119036
v 0.12068460 -0.00711958 0.06119036
v 0.08438978 -0.04079626 0.06119036
v 0.08641824 -0.04054206 0.06119036
v 0.08843149 -0.04018707 0.06119036
v 0.08030750 -0.04100000 0.06119036
v 0.08235118 -0.04094904 0.06119036
v 0.12129480 0.00102216 0.06119036
v 0.12119290 -0.00306393 0.06119036
v 0.12129480 -0.00102216 0.06119036
v 0.12119290 0.00306393 0.06119036
v 0.07419677 -0.04054206 0.06119036
v 0.07622522 -0.04079626 0.06119036
v 0.07826382 -0.04094904 0.06119036
v 0.12068460 0.00711958 0.06119036
v 0.12098930 0.00509809 0.06119036
v 0.07218351 -0.04018707 0.06119036
v 0.11847330 0.01497898 0.06119036
v 0.11977510 0.01110446 0.06119036
v 0.11917250 0.01305795 0.06119036
v 0.12027950 0.00912336 0.06119036
v 0.06438168 -0.03778053 0.06119036
v 0.06628468 -0.03852740 0.06119036
v 0.06822253 -0.03917849 0.06119036
v 0.11767920 0.01686277 0.06119036
v 0.06251826 -0.03693972 0.06119036
v 0.07019044 -0.03973217 0.06119036
v 0.05892866 -0.03498492 0.06119036
v 0.11679220 0.01870464 0.06119036
v 0.06069909 -0.03600708 0.06119036
v 0.05395321 -0.03140782 0.06119036
v 0.05555152 -0.03268243 0.06119036
v 0.05721138 -0.03387579 0.06119036
v 0.10965800 0.02862771 0.06119036
v 0.11359700 0.02393349 0.06119036
v 0.11236260 0.02556308 0.06119036
v 0.11104850 0.02712912 0.06119036
v 0.10819460 0.03005513 0.06119036
v 0.11581450 0.02050000 0.06119036
v 0.11474860 0.02224440 0.06119036
v 0.04956647 -0.02712912 0.06119036
v 0.05095696 -0.02862771 0.06119036
v 0.05242042 -0.03005513 0.06119036
v 0.10666180 0.03140782 0.06119036
v 0.10506350 0.03268243 0.06119036
v 0.10340360 0.03387579 0.06119036
v 0.04586644 -0.02224440 0.06119036
v 0.04701804 -0.02393349 0.06119036
v 0.04825241 -0.02556308 0.06119036
v 0.10168630 0.03498492 0.06119036
v 0.04480046 -0.02050000 0.06119036
v 0.04293576 -0.01686277 0.06119036
v 0.04382275 -0.01870464 0.06119036
v 0.09623333 0.03778053 0.06119036
v 0.09991592 0.03600708 0.06119036
v 0.09809673 0.03693972 0.06119036
v 0.04144248 -0.01305795 0.06119036
v 0.04214168 -0.01497898 0.06119036
v 0.03993038 -0.00711958 0.06119036
v 0.04033546 -0.00912336 0.06119036
v 0.04083990 -0.01110446 0.06119036
v 0.08641824 0.04054206 0.06119036
v 0.09433032 0.03852740 0.06119036
v 0.09239246 0.03917849 0.06119036
v 0.09042455 0.03973217 0.06119036
v 0.08843149 0.04018707 0.06119036
v 0.03932024 -0.00102216 0.06119036
v 0.03942215 -0.00306393 0.06119036
v 0.03962569 -0.00509809 0.06119036
v 0.07826382 0.04094904 0.06119036
v 0.08235118 0.04094904 0.06119036
v 0.08030750 0.04100000 0.06119036
v 0.03942215 0.00306393 0.06119036
v 0.03932024 0.00102216 0.06119036
v 0.07419677 0.04054206 0.06119036
v 0.07622522 0.04079626 0.06119036
v 0.03993038 0.00711958 0.06119036
v 0.03962569 0.00509809 0.06119036
v 0.07019044 0.03973217 0.06119036
v 0.07218351 0.04018707 0.06119036
v 0.08438978 0.04079626 0.06119036
v 0.04083990 0.01110446 0.06119036
v 0.04033546 0.00912336 0.06119036
v 0.04144248 0.01305795 0.06119036
v 0.04214168 0.01497898 0.06119036
v 0.06438168 0.03778053 0.06119036
v 0.06822253 0.03917849 0.06119036
v 0.06628468 0.03852740 0.06119036
v 0.04382275 0.01870464 0.06119036
v 0.04293576 0.01686277 0.06119036
v 0.04586644 0.02224440 0.06119036
v 0.04480046 0.02050000 0.06119036
v 0.05721138 0.03387579 0.06119036
v 0.06251826 0.03693972 0.06119036
v 0.06069909 0.03600708 0.06119036
v 0.05892866 0.03498492 0.06119036
v 0.05555152 0.03268243 0.06119036
v 0.04825241 0.02556308 0.06119036
v 0.04701804 0.02393349 0.06119036
v 0.05395321 0.03140782 0.06119036
v 0.04956647 0.02712912 0.06119036
v 0.05095696 0.02862771 0.06119036
v 0.05242042 0.03005513 0.06119036
v 0.04780750 -0.06625000 -0.01900964
v 0.11280750 -0.06625000 -0.01900964
v 0.04780750 -0.06625000 0.02099036
v 0.11280750 -0.06625000 0.02099036
v 0.11280750 -0.05125000 -0.01900964
v 0.04780750 -0.05125000 -0.01900964
v 0.04780750 -0.05125000 0.02099036
v 0.11280750 -0.05125000 0.02099036
v 0.11280750 -0.05125000 -0.01900964
v 0.11280750 -0.06625000 0.02099036
v 0.11280750 -0.06625000 -0.01900964
v 0.11280750 -0.05125000 0.02099036
v 0.04780750 -0.06625000 0.02099036
v 0.04780750 -0.05125000 -0.01900964
v 0.04780750 -0.06625000 -0.01900964
v 0.04780750 -0.05125000 0.02099036
v 0.04780750 -0.06625000 -0.01900964
v 0.04780750 -0.05125000 -0.01900964
v 0.11280750 -0.06625000 -0.01900964
v 0.11280750 -0.05125000 -0.01900964
v 0.04780750 -0.05125000 0.02099036
v 0.04780750 -0.06625000 0.02099036
v 0.11280750 -0.06625000 0.02099036
v 0.11280750 -0.05125000 0.02099036
v 0.13030750 0.02625000 -0.00000964
v 0.13030750 0.02624472 0.00020220
v 0.13330750 0.02625000 -0.00000964
v 0.13330750 0.02624472 0.00020220
v 0.13330750 0.02624472 0.00020220
v 0.13030750 0.02622888 0.00041352
v 0.13330750 0.02622888 0.00041352
v 0.13330750 0.02622888 0.00041352
v 0.13030750 0.02622888 0.00041352
v 0.13330750 0.02620253 0.00062379
v 0.13030750 0.02624472 0.00020220
v 0.13030750 0.02620253 0.00062379
v 0.13330750 0.02620253 0.00062379
v 0.13030750 0.02616573 0.00083248
v 0.13330750 0.02616573 0.00083248
v 0.13330750 0.02616573 0.00083248
v 0.13030750 0.02616573 0.00083248
v 0.13330750 0.02611858 0.00103908
v 0.13030750 0.02620253 0.00062379
v 0.13330750 0.02611858 0.00103908
v 0.13030750 0.02611858 0.00103908
v 0.13330750 0.02606118 0.00124307
v 0.13030750 0.02611858 0.00103908
v 0.13030750 0.02606118 0.00124307
v 0.13330750 0.02606118 0.00124307
v 0.13030750 0.02599369 0.00144394
v 0.13330750 0.02599369 0.00144394
v 0.13030750 0.02606118 0.00124307
v 0.13330750 0.02599369 0.00144394
v 0.13030750 0.02591627 0.00164121
v 0.13330750 0.02591627 0.00164121
v 0.13330750 0.02591627 0.00164121
v 0.13030750 0.02591627 0.00164121
v 0.13330750 0.02582912 0.00183436
v 0.13030750 0.02599369 0.00144394
v 0.13030750 0.02582912 0.00183436
v 0.13330750 0.02582912 0.00183436
v 0.13030750 0.02573244 0.00202294
v 0.13330750 0.02573244 0.00202294
v 0.13030750 0.02582912 0.00183436
v 0.13030750 0.02573244 0.00202294
v 0.13030750 0.02562649 0.00220646
v 0.13330750 0.02573244 0.00202294
v 0.13330750 0.02562649 0.00220646
v 0.13030750 0.02562649 0.00220646
v 0.13030750 0.02551151 0.00238447
v 0.13330750 0.02562649 0.00220646
v 0.13330750 0.02551151 0.00238447
v 0.13030750 0.02551151 0.00238447
v 0.13030750 0.02538781 0.00255653
v 0.13330750 0.02551151 0.00238447
v 0.13330750 0.02538781 0.00255653
v 0.13030750 0.02538781 0.00255653
v 0.13030750 0.02525569 0.00272220
v 0.13330750 0.02538781 0.00255653
v 0.13330750 0.02525569 0.00272220
v 0.13330750 0.02525569 0.00272220
v 0.13030750 0.02511547 0.00288109
v 0.13330750 0.02511547 0.00288109
v 0.13030750 0.02525569 0.00272220
v 0.13330750 0.02511547 0.00288109
v 0.13030750 0.02496751 0.00303279
v 0.13330750 0.02496751 0.00303279
v 0.13030750 0.02511547 0.00288109
v 0.13330750 0.02496751 0.00303279
v 0.13030750 0.02481216 0.00317693
v 0.13330750 0.02481216 0.00317693
v 0.13030750 0.02496751 0.00303279
v 0.13330750 0.02481216 0.00317693
v 0.13030750 0.02464983 0.00331314
v 0.13330750 0.02464983 0.00331314
v 0.13030750 0.02481216 0.00317693
v 0.13330750 0.02464983 0.00331314
v 0.13030750 0.02448091 0.00344109
v 0.13330750 0.02448091 0.00344109
v 0.13030750 0.02464983 0.00331314
v 0.13330750 0.02448091 0.00344109
v 0.13030750 0.02430582 0.00356047
v 0.13330750 0.02430582 0.00356047
v 0.13330750 0.02430582 0.00356047
v 0.13030750 0.02430582 0.00356047
v 0.13330750 0.02412500 0.00367097
v 0.13030750 0.02448091 0.00344109
v 0.13030750 0.02412500 0.00367097
v 0.13330750 0.02412500 0.00367097
v 0.13030750 0.02393890 0.00377231
v 0.13330750 0.02393890 0.00377231
v 0.13330750 0.02393890 0.00377231
v 0.13030750 0.02393890 0.00377231
v 0.13330750 0.02374797 0.00386426
v 0.13030750 0.02412500 0.00367097
v 0.13030750 0.02374797 0.00386426
v 0.13330750 0.02374797 0.00386426
v 0.13030750 0.02355270 0.00394657
v 0.13330750 0.02355270 0.00394657
v 0.13330750 0.02355270 0.00394657
v 0.13030750 0.02355270 0.00394657
v 0.13330750 0.02335357 0.00401905
v 0.13030750 0.02374797 0.00386426
v 0.13030750 0.02335357 0.00401905
v 0.13330750 0.02335357 0.00401905
v 0.13030750 0.02315107 0.00408151
v 0.13330750 0.02315107 0.00408151
v 0.13030750 0.02335357 0.00401905
v 0.13330750 0.02315107 0.00408151
v 0.13030750 0.02294571 0.00413380
v 0.13330750 0.02294571 0.00413380
v 0.13330750 0.02294571 0.00413380
v 0.13030750 0.02294571 0.00413380
v 0.13330750 0.02273800 0.00417579
v 0.13030750 0.02315107 0.00408151
v 0.13330750 0.02273800 0.00417579
v 0.13030750 0.02273800 0.00417579
v 0.13330750 0.02252846 0.00420737
v 0.13030750 0.02273800 0.00417579
v 0.13030750 0.02252846 0.00420737
v 0.13330750 0.02252846 0.00420737
v 0.13030750 0.02231760 0.00422847
v 0.13330750 0.02231760 0.00422847
v 0.13330750 0.02231760 0.00422847
v 0.13030750 0.02231760 0.00422847
v 0.13330750 0.02210596 0.00423904
v 0.13030750 0.02252846 0.00420737
v 0.13030750 0.02210596 0.00423904
v 0.13330750 0.02210596 0.00423904
v 0.13030750 0.02189404 0.00423904
v 0.13330750 0.02189404 0.00423904
v 0.13330750 0.02189404 0.00423904
v 0.13030750 0.02189404 0.00423904
v 0.13330750 0.02168240 0.00422847
v 0.13030750 0.02210596 0.00423904
v 0.13030750 0.02168240 0.00422847
v 0.13330750 0.02168240 0.00422847
v 0.13030750 0.02147154 0.00420737
v 0.13330750 0.02147154 0.00420737
v 0.13330750 0.02147154 0.00420737
v 0.13030750 0.02147154 0.00420737
v 0.13330750 0.02126200 0.00417579
v 0.13030750 0.02168240 0.00422847
v 0.13030750 0.02126200 0.00417579
v 0.13030750 0.02126200 0.00417579
v 0.13030750 0.02105429 0.00413380
v 0.13330750 0.02126200 0.00417579
v 0.13330750 0.02105429 0.00413380
v 0.13330750 0.02105429 0.00413380
v 0.13030750 0.02084893 0.00408151
v 0.13330750 0.02084893 0.00408151
v 0.13030750 0.02105429 0.00413380
v 0.13030750 0.02084893 0.00408151
v 0.13030750 0.02064643 0.00401905
v 0.13330750 0.02084893 0.00408151
v 0.13330750 0.02064643 0.00401905
v 0.13030750 0.02064643 0.00401905
v 0.13030750 0.02044730 0.00394657
v 0.13330750 0.02064643 0.00401905
v 0.13330750 0.02044730 0.00394657
v 0.13030750 0.02044730 0.00394657
v 0.13030750 0.02025203 0.00386426
v 0.13330750 0.02044730 0.00394657
v 0.13330750 0.02025203 0.00386426
v 0.13330750 0.02025203 0.00386426
v 0.13030750 0.02025203 0.00386426
v 0.13330750 0.02006110 0.00377231
v 0.13030750 0.02006110 0.00377231
v 0.13030750 0.02006110 0.00377231
v 0.13030750 0.01987500 0.00367097
v 0.13330750 0.02006110 0.00377231
v 0.13330750 0.01987500 0.00367097
v 0.13030750 0.01987500 0.00367097
v 0.13030750 0.01969418 0.00356047
v 0.13330750 0.01987500 0.00367097
v 0.13330750 0.01969418 0.00356047
v 0.13030750 0.01969418 0.00356047
v 0.13030750 0.01951909 0.00344109
v 0.13330750 0.01969418 0.00356047
v 0.13330750 0.01951909 0.00344109
v 0.13030750 0.01951909 0.00344109
v 0.13030750 0.01935017 0.00331314
v 0.13330750 0.01951909 0.00344109
v 0.13330750 0.01935017 0.00331314
v 0.13030750 0.01935017 0.00331314
v 0.13030750 0.01918784 0.00317693
v 0.13330750 0.01935017 0.00331314
v 0.13330750 0.01918784 0.00317693
v 0.13030750 0.01918784 0.00317693
v 0.13030750 0.01903249 0.00303279
v 0.13330750 0.01918784 0.00317693
v 0.13330750 0.01903249 0.00303279
v 0.13030750 0.01903249 0.00303279
v 0.13030750 0.01888453 0.00288109
v 0.13330750 0.01903249 0.00303279
v 0.13330750 0.01888453 0.00288109
v 0.13030750 0.01888453 0.00288109
v 0.13030750 0.01874431 0.00272220
v 0.13330750 0.01888453 0.00288109
v 0.13330750 0.01874431 0.00272220
v 0.13330750 0.01874431 0.00272220
v 0.13030750 0.01861219 0.00255653
v 0.13330750 0.01861219 0.00255653
v 0.13030750 0.01874431 0.00272220
v 0.13330750 0.01861219 0.00255653
v 0.13030750 0.01848849 0.00238447
v 0.13330750 0.01848849 0.00238447
v 0.13030750 0.01861219 0.00255653
v 0.13330750 0.01848849 0.00238447
v 0.13030750 0.01837351 0.00220646
v 0.13330750 0.01837351 0.00220646
v 0.13030750 0.01848849 0.00238447
v 0.13330750 0.01837351 0.00220646
v 0.13030750 0.01826756 0.00202294
v 0.13330750 0.01826756 0.00202294
v 0.13030750 0.01837351 0.00220646
v 0.13330750 0.01826756 0.00202294
v 0.13030750 0.01817088 0.00183436
v 0.13330750 0.01817088 0.00183436
v 0.13030750 0.01826756 0.00202294
v 0.13330750 0.01817088 0.00183436
v 0.13030750 0.01808373 0.00164121
v 0.13330750 0.01808373 0.00164121
v 0.13030750 0.01817088 0.00183436
v 0.13330750 0.01808373 0.00164121
v 0.13030750 0.01800631 0.00144394
v 0.13330750 0.01800631 0.00144394
v 0.13030750 0.01808373 0.00164121
v 0.13330750 0.01800631 0.00144394
v 0.13030750 0.01793882 0.00124307
v 0.13330750 0.01793882 0.00124307
v 0.13030750 0.01800631 0.00144394
v 0.13330750 0.01793882 0.00124307
v 0.13030750 0.01788142 0.00103908
v 0.13330750 0.01788142 0.00103908
v 0.13030750 0.01793882 0.00124307
v 0.13330750 0.01788142 0.00103908
v 0.13030750 0.01783427 0.00083248
v 0.13330750 0.01783427 0.00083248
v 0.13030750 0.01788142 0.00103908
v 0.13330750 0.01783427 0.00083248
v 0.13030750 0.01779747 0.00062379
v 0.13330750 0.01779747 0.00062379
v 0.13030750 0.01783427 0.00083248
v 0.13330750 0.01779747 0.00062379
v 0.13030750 0.01777112 0.00041352
v 0.13330750 0.01777112 0.00041352
v 0.13030750 0.01779747 0.00062379
v 0.13030750 0.01777112 0.00041352
v 0.13030750 0.01775528 0.00020220
v 0.13330750 0.01777112 0.00041352
v 0.13330750 0.01775528 0.00020220
v 0.13030750 0.01775528 0.00020220
v 0.13030750 0.01775000 -0.00000964
v 0.13330750 0.01775528 0.00020220
v 0.13330750 0.01775000 -0.00000964
v 0.13030750 0.01775000 -0.00000964
v 0.13030750 0.01775528 -0.00022149
v 0.13330750 0.01775000 -0.00000964
v 0.13330750 0.01775528 -0.00022149
v 0.13030750 0.01775528 -0.00022149
v 0.13030750 0.01777112 -0.00043281
v 0.13330750 0.01775528 -0.00022149
v 0.13330750 0.01777112 -0.00043281
v 0.13030750 0.01777112 -0.00043281
v 0.13030750 0.01779747 -0.00064307
v 0.13330750 0.01777112 -0.00043281
v 0.13330750 0.01779747 -0.00064307
v 0.13030750 0.01779747 -0.00064307
v 0.13030750 0.01783427 -0.00085176
v 0.13330750 0.01779747 -0.00064307
v 0.13330750 0.01783427 -0.00085176
v 0.13030750 0.01783427 -0.00085176
v 0.13030750 0.01788142 -0.00105836
v 0.13330750 0.01783427 -0.00085176
v 0.13330750 0.01788142 -0.00105836
v 0.13030750 0.01788142 -0.00105836
v 0.13030750 0.01793882 -0.00126235
v 0.13330750 0.01788142 -0.00105836
v 0.13330750 0.01793882 -0.00126235
v 0.13030750 0.01793882 -0.00126235
v 0.13030750 0.01800631 -0.00146323
v 0.13330750 0.01793882 -0.00126235
v 0.13330750 0.01800631 -0.00146323
v 0.13030750 0.01800631 -0.00146323
v 0.13030750 0.01808373 -0.00166049
v 0.13330750 0.01800631 -0.00146323
v 0.13330750 0.01808373 -0.00166049
v 0.13030750 0.01808373 -0.00166049
v 0.13030750 0.01817088 -0.00185365
v 0.13330750 0.01808373 -0.00166049
v 0.13330750 0.01817088 -0.00185365
v 0.13030750 0.01817088 -0.00185365
v 0.13030750 0.01826756 -0.00204222
v 0.13330750 0.01817088 -0.00185365
v 0.13330750 0.01826756 -0.00204222
v 0.13030750 0.01826756 -0.00204222
v 0.13030750 0.01837351 -0.00222574
v 0.13330750 0.01826756 -0.00204222
v 0.13330750 0.01837351 -0.00222574
v 0.13030750 0.01837351 -0.00222574
v 0.13030750 0.01848849 -0.00240375
v 0.13330750 0.01837351 -0.00222574
v 0.13330750 0.01848849 -0.00240375
v 0.13030750 0.01848849 -0.00240375
v 0.13030750 0.01861219 -0.00257581
v 0.13330750 0.01848849 -0.00240375
v 0.13330750 0.01861219 -0.00257581
v 0.13030750 0.01861219 -0.00257581
v 0.13030750 0.01874431 -0.00274149
v 0.13330750 0.01861219 -0.00257581
v 0.13330750 0.01874431 -0.00274149
v 0.13030750 0.01874431 -0.00274149
v 0.13030750 0.01888453 -0.00290038
v 0.13330750 0.01874431 -0.00274149
v 0.13330750 0.01888453 -0.00290038
v 0.13030750 0.01888453 -0.00290038
v 0.13030750 0.01903249 -0.00305208
v 0.13330750 0.01888453 -0.00290038
v 0.13330750 0.01903249 -0.00305208
v 0.13030750 0.01903249 -0.00305208
v 0.13030750 0.01918784 -0.00319621
v 0.13330750 0.01903249 -0.00305208
v 0.13330750 0.01918784 -0.00319621
v 0.13030750 0.01918784 -0.00319621
v 0.13030750 0.01935017 -0.00333243
v 0.13330750 0.01918784 -0.00319621
v 0.13330750 0.01935017 -0.00333243
v 0.13030750 0.01935017 -0.00333243
v 0.13030750 0.01951909 -0.00346038
v 0.13330750 0.01935017 -0.00333243
v 0.13330750 0.01951909 -0.00346038
v 0.13330750 0.01951909 -0.00346038
v 0.13030750 0.01969418 -0.00357975
v 0.13330750 0.01969418 -0.00357975
v 0.13030750 0.01951909 -0.00346038
v 0.13330750 0.01969418 -0.00357975
v 0.13030750 0.01987500 -0.00369025
v 0.13330750 0.01987500 -0.00369025
v 0.13030750 0.01969418 -0.00357975
v 0.13330750 0.01987500 -0.00369025
v 0.13030750 0.02006110 -0.00379160
v 0.13330750 0.02006110 -0.00379160
v 0.13030750 0.01987500 -0.00369025
v 0.13330750 0.02006110 -0.00379160
v 0.13030750 0.02025203 -0.00388354
v 0.13330750 0.02025203 -0.00388354
v 0.13030750 0.02006110 -0.00379160
v 0.13330750 0.02025203 -0.00388354
v 0.13030750 0.02044730 -0.00396586
v 0.13330750 0.02044730 -0.00396586
v 0.13030750 0.02025203 -0.00388354
v 0.13030750 0.02044730 -0.00396586
v 0.13030750 0.02064643 -0.00403833
v 0.13330750 0.02044730 -0.00396586
v 0.13330750 0.02064643 -0.00403833
v 0.13030750 0.02064643 -0.00403833
v 0.13030750 0.02084893 -0.00410079
v 0.13330750 0.02064643 -0.00403833
v 0.13330750 0.02084893 -0.00410079
v 0.13030750 0.02084893 -0.00410079
v 0.13030750 0.02105429 -0.00415309
v 0.13330750 0.02084893 -0.00410079
v 0.13330750 0.02105429 -0.00415309
v 0.13030750 0.02105429 -0.00415309
v 0.13030750 0.02126200 -0.00419508
v 0.13330750 0.02105429 -0.00415309
v 0.13330750 0.02126200 -0.00419508
v 0.13030750 0.02126200 -0.00419508
v 0.13030750 0.02147154 -0.00422666
v 0.13330750 0.02126200 -0.00419508
v 0.13330750 0.02147154 -0.00422666
v 0.13030750 0.02147154 -0.00422666
v 0.13030750 0.02168240 -0.00424776
v 0.13330750 0.02147154 -0.00422666
v 0.13330750 0.02168240 -0.00424776
v 0.13330750 0.02168240 -0.00424776
v 0.13030750 0.02168240 -0.00424776
v 0.13330750 0.02189404 -0.00425832
v 0.13030750 0.02189404 -0.00425832
v 0.13030750 0.02189404 -0.00425832
v 0.13030750 0.02210596 -0.00425832
v 0.13330750 0.02189404 -0.00425832
v 0.13330750 0.02210596 -0.00425832
v 0.13030750 0.02210596 -0.00425832
v 0.13030750 0.02231760 -0.00424776
v 0.13330750 0.02210596 -0.00425832
v 0.13330750 0.02231760 -0.00424776
v 0.13030750 0.02231760 -0.00424776
v 0.13030750 0.02252846 -0.00422666
v 0.13330750 0.02231760 -0.00424776
v 0.13330750 0.02252846 -0.00422666
v 0.13030750 0.02252846 -0.00422666
v 0.13030750 0.02273800 -0.00419508
v 0.13330750 0.02252846 -0.00422666
v 0.13330750 0.02273800 -0.00419508
v 0.13330750 0.02294571 -0.00415309
v 0.13030750 0.02294571 -0.00415309
v 0.13330750 0.02315107 -0.00410079
v 0.13030750 0.02273800 -0.00419508
v 0.13030750 0.02294571 -0.00415309
v 0.13330750 0.02273800 -0.00419508
v 0.13330750 0.02294571 -0.00415309
v 0.13030750 0.02315107 -0.00410079
v 0.13330750 0.02315107 -0.00410079
v 0.13030750 0.02335357 -0.00403833
v 0.13330750 0.02335357 -0.00403833
v 0.13030750 0.02315107 -0.00410079
v 0.13330750 0.02335357 -0.00403833
v 0.13030750 0.02355270 -0.00396586
v 0.13330750 0.02355270 -0.00396586
v 0.13030750 0.02335357 -0.00403833
v 0.13330750 0.02355270 -0.00396586
v 0.13030750 0.02374797 -0.00388354
v 0.13330750 0.02374797 -0.00388354
v 0.13330750 0.02374797 -0.00388354
v 0.13030750 0.02374797 -0.00388354
v 0.13330750 0.02393890 -0.00379160
v 0.13030750 0.02355270 -0.00396586
v 0.13030750 0.02393890 -0.00379160
v 0.13330750 0.02393890 -0.00379160
v 0.13030750 0.02412500 -0.00369025
v 0.13330750 0.02412500 -0.00369025
v 0.13030750 0.02393890 -0.00379160
v 0.13330750 0.02412500 -0.00369025
v 0.13030750 0.02430582 -0.00357975
v 0.13330750 0.02430582 -0.00357975
v 0.13030750 0.02412500 -0.00369025
v 0.13330750 0.02430582 -0.00357975
v 0.13030750 0.02448091 -0.00346038
v 0.13330750 0.02448091 -0.00346038
v 0.13330750 0.02448091 -0.00346038
v 0.13030750 0.02448091 -0.00346038
v 0.13330750 0.02464983 -0.00333243
v 0.13030750 0.02430582 -0.00357975
v 0.13030750 0.02464983 -0.00333243
v 0.13330750 0.02464983 -0.00333243
v 0.13030750 0.02481216 -0.00319621
v 0.13330750 0.02481216 -0.00319621
v 0.13330750 0.02481216 -0.00319621
v 0.13030750 0.02481216 -0.00319621
v 0.13330750 0.02496751 -0.00305208
v 0.13030750 0.02464983 -0.00333243
v 0.13030750 0.02496751 -0.00305208
v 0.13330750 0.02496751 -0.00305208
v 0.13030750 0.02511547 -0.00290038
v 0.13330750 0.02511547 -0.00290038
v 0.13030750 0.02496751 -0.00305208
v 0.13030750 0.02511547 -0.00290038
v 0.13030750 0.02525569 -0.00274149
v 0.13330750 0.02511547 -0.00290038
v 0.13330750 0.02525569 -0.00274149
v 0.13030750 0.02525569 -0.00274149
v 0.13030750 0.02538781 -0.00257581
v 0.13330750 0.02525569 -0.00274149
v 0.13330750 0.02538781 -0.00257581
v 0.13030750 0.02538781 -0.00257581
v 0.13030750 0.02551151 -0.00240375
v 0.13330750 0.02538781 -0.00257581
v 0.13330750 0.02551151 -0.00240375
v 0.13030750 0.02551151 -0.00240375
v 0.13030750 0.02562649 -0.00222574
v 0.13330750 0.02551151 -0.00240375
v 0.13330750 0.02562649 -0.00222574
v 0.13330750 0.02562649 -0.00222574
v 0.13030750 0.02573244 -0.00204222
v 0.13330750 0.02573244 -0.00204222
v 0.13030750 0.02562649 -0.00222574
v 0.13330750 0.02573244 -0.00204222
v 0.13030750 0.02582912 -0.00185365
v 0.13330750 0.02582912 -0.00185365
v 0.13030750 0.02573244 -0.00204222
v 0.13330750 0.02582912 -0.00185365
v 0.13030750 0.02591627 -0.00166049
v 0.13330750 0.02591627 -0.00166049
v 0.13030750 0.02582912 -0.00185365
v 0.13330750 0.02591627 -0.00166049
v 0.13030750 0.02599369 -0.00146323
v 0.13330750 0.02599369 -0.00146323
v 0.13030750 0.02591627 -0.00166049
v 0.13330750 0.02599369 -0.00146323
v 0.13030750 0.02606118 -0.00126235
v 0.13330750 0.02606118 -0.00126235
v 0.13030750 0.02599369 -0.00146323
v 0.13330750 0.02606118 -0.00126235
v 0.13030750 0.02611858 -0.00105836
v 0.13330750 0.02611858 -0.00105836
v 0.13030750 0.02606118 -0.00126235
v 0.13330750 0.02611858 -0.00105836
v 0.13030750 0.02616573 -0.00085176
v 0.13330750 0.02616573 -0.00085176
v 0.13030750 0.02611858 -0.00105836
v 0.13330750 0.02616573 -0.00085176
v 0.13030750 0.02620253 -0.00064307
v 0.13330750 0.02620253 -0.00064307
v 0.13030750 0.02616573 -0.00085176
v 0.13330750 0.02620253 -0.00064307
v 0.13030750 0.02622888 -0.00043281
v 0.13330750 0.02622888 -0.00043281
v 0.13030750 0.02620253 -0.00064307
v 0.13330750 0.02622888 -0.00043281
v 0.13030750 0.02624472 -0.00022149
v 0.13330750 0.02624472 -0.00022149
v 0.13030750 0.02622888 -0.00043281
v 0.13330750 0.02624472 -0.00022149
v 0.13030750 0.02625000 -0.00000964
v 0.13330750 0.02625000 -0.00000964
v 0.13030750 0.02624472 -0.00022149
v 0.13030750 0.01903249 -0.00305208
v 0.13030750 0.01935017 -0.00333243
v 0.13030750 0.01918784 -0.00319621
v 0.13030750 0.01987500 -0.00369025
v 0.13030750 0.01874431 -0.00274149
v 0.13030750 0.01888453 -0.00290038
v 0.13030750 0.01951909 -0.00346038
v 0.13030750 0.01969418 -0.00357975
v 0.13030750 0.01837351 -0.00222574
v 0.13030750 0.01826756 -0.00204222
v 0.13030750 0.01848849 -0.00240375
v 0.13030750 0.01861219 -0.00257581
v 0.13030750 0.02006110 -0.00379160
v 0.13030750 0.02025203 -0.00388354
v 0.13030750 0.01793882 -0.00126235
v 0.13030750 0.01800631 -0.00146323
v 0.13030750 0.01808373 -0.00166049
v 0.13030750 0.01817088 -0.00185365
v 0.13030750 0.02105429 -0.00415309
v 0.13030750 0.02044730 -0.00396586
v 0.13030750 0.02064643 -0.00403833
v 0.13030750 0.02084893 -0.00410079
v 0.13030750 0.02147154 -0.00422666
v 0.13030750 0.02126200 -0.00419508
v 0.13030750 0.02168240 -0.00424776
v 0.13030750 0.01775528 -0.00022149
v 0.13030750 0.01775000 -0.00000964
v 0.13030750 0.01777112 -0.00043281
v 0.13030750 0.01779747 -0.00064307
v 0.13030750 0.01783427 -0.00085176
v 0.13030750 0.01788142 -0.00105836
v 0.13030750 0.02210596 -0.00425832
v 0.13030750 0.02189404 -0.00425832
v 0.13030750 0.01775528 0.00020220
v 0.13030750 0.02252846 -0.00422666
v 0.13030750 0.02231760 -0.00424776
v 0.13030750 0.01783427 0.00083248
v 0.13030750 0.01788142 0.00103908
v 0.13030750 0.01779747 0.00062379
v 0.13030750 0.01777112 0.00041352
v 0.13030750 0.02315107 -0.00410079
v 0.13030750 0.02273800 -0.00419508
v 0.13030750 0.02294571 -0.00415309
v 0.13030750 0.01793882 0.00124307
v 0.13030750 0.02335357 -0.00403833
v 0.13030750 0.01800631 0.00144394
v 0.13030750 0.01808373 0.00164121
v 0.13030750 0.02374797 -0.00388354
v 0.13030750 0.02355270 -0.00396586
v 0.13030750 0.01817088 0.00183436
v 0.13030750 0.02412500 -0.00369025
v 0.13030750 0.02393890 -0.00379160
v 0.13030750 0.02430582 -0.00357975
v 0.13030750 0.01848849 0.00238447
v 0.13030750 0.01861219 0.00255653
v 0.13030750 0.01837351 0.00220646
v 0.13030750 0.01826756 0.00202294
v 0.13030750 0.02464983 -0.00333243
v 0.13030750 0.02448091 -0.00346038
v 0.13030750 0.01874431 0.00272220
v 0.13030750 0.02511547 -0.00290038
v 0.13030750 0.02481216 -0.00319621
v 0.13030750 0.02496751 -0.00305208
v 0.13030750 0.01903249 0.00303279
v 0.13030750 0.01918784 0.00317693
v 0.13030750 0.01888453 0.00288109
v 0.13030750 0.01951909 0.00344109
v 0.13030750 0.01935017 0.00331314
v 0.13030750 0.02525569 -0.00274149
v 0.13030750 0.02551151 -0.00240375
v 0.13030750 0.02538781 -0.00257581
v 0.13030750 0.02562649 -0.00222574
v 0.13030750 0.01969418 0.00356047
v 0.13030750 0.01987500 0.00367097
v 0.13030750 0.02006110 0.00377231
v 0.13030750 0.02025203 0.00386426
v 0.13030750 0.02591627 -0.00166049
v 0.13030750 0.02573244 -0.00204222
v 0.13030750 0.02582912 -0.00185365
v 0.13030750 0.02044730 0.00394657
v 0.13030750 0.02606118 -0.00126235
v 0.13030750 0.02599369 -0.00146323
v 0.13030750 0.02105429 0.00413380
v 0.13030750 0.02126200 0.00417579
v 0.13030750 0.02084893 0.00408151
v 0.13030750 0.02064643 0.00401905
v 0.13030750 0.02624472 -0.00022149
v 0.13030750 0.02611858 -0.00105836
v 0.13030750 0.02616573 -0.00085176
v 0.13030750 0.02620253 -0.00064307
v 0.13030750 0.02622888 -0.00043281
v 0.13030750 0.02168240 0.00422847
v 0.13030750 0.02189404 0.00423904
v 0.13030750 0.02147154 0.00420737
v 0.13030750 0.02624472 0.00020220
v 0.13030750 0.02625000 -0.00000964
v 0.13030750 0.02620253 0.00062379
v 0.13030750 0.02622888 0.00041352
v 0.13030750 0.02315107 0.00408151
v 0.13030750 0.02294571 0.00413380
v 0.13030750 0.02273800 0.00417579
v 0.13030750 0.02252846 0.00420737
v 0.13030750 0.02231760 0.00422847
v 0.13030750 0.02210596 0.00423904
v 0.13030750 0.02606118 0.00124307
v 0.13030750 0.02616573 0.00083248
v 0.13030750 0.02611858 0.00103908
v 0.13030750 0.02335357 0.00401905
v 0.13030750 0.02599369 0.00144394
v 0.13030750 0.02582912 0.00183436
v 0.13030750 0.02591627 0.00164121
v 0.13030750 0.02393890 0.00377231
v 0.13030750 0.02412500 0.00367097
v 0.13030750 0.02374797 0.00386426
v 0.13030750 0.02355270 0.00394657
v 0.13030750 0.02562649 0.00220646
v 0.13030750 0.02573244 0.00202294
v 0.13030750 0.02430582 0.00356047
v 0.13030750 0.02448091 0.00344109
v 0.13030750 0.02464983 0.00331314
v 0.13030750 0.02481216 0.00317693
v 0.13030750 0.02511547 0.00288109
v 0.13030750 0.02551151 0.00238447
v 0.13030750 0.02538781 0.00255653
v 0.13030750 0.02525569 0.00272220
v 0.13030750 0.02496751 0.00303279
v 0.13330750 0.01935017 -0.00333243
v 0.13330750 0.01903249 -0.00305208
v 0.13330750 0.01918784 -0.00319621
v 0.13330750 0.01987500 -0.00369025
v 0.13330750 0.01874431 -0.00274149
v 0.13330750 0.01888453 -0.00290038
v 0.13330750 0.01951909 -0.00346038
v 0.13330750 0.01969418 -0.00357975
v 0.13330750 0.01826756 -0.00204222
v 0.13330750 0.01837351 -0.00222574
v 0.13330750 0.01848849 -0.00240375
v 0.13330750 0.01861219 -0.00257581
v 0.13330750 0.02006110 -0.00379160
v 0.13330750 0.02025203 -0.00388354
v 0.13330750 0.01793882 -0.00126235
v 0.13330750 0.01800631 -0.00146323
v 0.13330750 0.01808373 -0.00166049
v 0.13330750 0.01817088 -0.00185365
v 0.13330750 0.02105429 -0.00415309
v 0.13330750 0.02044730 -0.00396586
v 0.13330750 0.02064643 -0.00403833
v 0.13330750 0.02084893 -0.00410079
v 0.13330750 0.02147154 -0.00422666
v 0.13330750 0.02126200 -0.00419508
v 0.13330750 0.02168240 -0.00424776
v 0.13330750 0.01775000 -0.00000964
v 0.13330750 0.01775528 -0.00022149
v 0.13330750 0.01777112 -0.00043281
v 0.13330750 0.01779747 -0.00064307
v 0.13330750 0.01783427 -0.00085176
v 0.13330750 0.01788142 -0.00105836
v 0.13330750 0.02210596 -0.00425832
v 0.13330750 0.02189404 -0.00425832
v 0.13330750 0.01775528 0.00020220
v 0.13330750 0.02252846 -0.00422666
v 0.13330750 0.02231760 -0.00424776
v 0.13330750 0.01788142 0.00103908
v 0.13330750 0.01783427 0.00083248
v 0.13330750 0.01779747 0.00062379
v 0.13330750 0.01777112 0.00041352
v 0.13330750 0.02315107 -0.00410079
v 0.13330750 0.02273800 -0.00419508
v 0.13330750 0.02294571 -0.00415309
v 0.13330750 0.01793882 0.00124307
v 0.13330750 0.02335357 -0.00403833
v 0.13330750 0.01808373 0.00164121
v 0.13330750 0.01800631 0.00144394
v 0.13330750 0.02374797 -0.00388354
v 0.13330750 0.02355270 -0.00396586
v 0.13330750 0.01817088 0.00183436
v 0.13330750 0.02412500 -0.00369025
v 0.13330750 0.02393890 -0.00379160
v 0.13330750 0.02430582 -0.00357975
v 0.13330750 0.01861219 0.00255653
v 0.13330750 0.01848849 0.00238447
v 0.13330750 0.01837351 0.00220646
v 0.13330750 0.01826756 0.00202294
v 0.13330750 0.02464983 -0.00333243
v 0.13330750 0.02448091 -0.00346038
v 0.13330750 0.01874431 0.00272220
v 0.13330750 0.02511547 -0.00290038
v 0.13330750 0.02481216 -0.00319621
v 0.13330750 0.02496751 -0.00305208
v 0.13330750 0.01918784 0.00317693
v 0.13330750 0.01903249 0.00303279
v 0.13330750 0.01888453 0.00288109
v 0.13330750 0.01951909 0.00344109
v 0.13330750 0.01935017 0.00331314
v 0.13330750 0.02551151 -0.00240375
v 0.13330750 0.02525569 -0.00274149
v 0.13330750 0.02538781 -0.00257581
v 0.13330750 0.02562649 -0.00222574
v 0.13330750 0.01987500 0.00367097
v 0.13330750 0.01969418 0.00356047
v 0.13330750 0.02006110 0.00377231
v 0.13330750 0.02025203 0.00386426
v 0.13330750 0.02591627 -0.00166049
v 0.13330750 0.02573244 -0.00204222
v 0.13330750 0.02582912 -0.00185365
v 0.13330750 0.02044730 0.00394657
v 0.13330750 0.02606118 -0.00126235
v 0.13330750 0.02599369 -0.00146323
v 0.13330750 0.02126200 0.00417579
v 0.13330750 0.02105429 0.00413380
v 0.13330750 0.02084893 0.00408151
v 0.13330750 0.02064643 0.00401905
v 0.13330750 0.02624472 -0.00022149
v 0.13330750 0.02611858 -0.00105836
v 0.13330750 0.02616573 -0.00085176
v 0.13330750 0.02620253 -0.00064307
v 0.13330750 0.02622888 -0.00043281
v 0.13330750 0.02189404 0.00423904
v 0.13330750 0.02168240 0.00422847
v 0.13330750 0.02147154 0.00420737
v 0.13330750 0.02624472 0.00020220
v 0.13330750 0.02625000 -0.00000964
v 0.13330750 0.02620253 0.00062379
v 0.13330750 0.02622888 0.00041352
v 0.13330750 0.02315107 0.00408151
v 0.13330750 0.02294571 0.00413380
v 0.13330750 0.02273800 0.00417579
v 0.13330750 0.02252846 0.00420737
v 0.13330750 0.02231760 0.00422847
v 0.13330750 0.02210596 0.00423904
v 0.13330750 0.02606118 0.00124307
v 0.13330750 0.02616573 0.00083248
v 0.13330750 0.02611858 0.00103908
v 0.13330750 0.02335357 0.00401905
v 0.13330750 0.02599369 0.00144394
v 0.13330750 0.02582912 0.00183436
v 0.13330750 0.02591627 0.00164121
v 0.13330750 0.02412500 0.00367097
v 0.13330750 0.02393890 0.00377231
v 0.13330750 0.02374797 0.00386426
v 0.13330750 0.02355270 0.00394657
v 0.13330750 0.02562649 0.00220646
v 0.13330750 0.02573244 0.00202294
v 0.13330750 0.02448091 0.00344109
v 0.13330750 0.02430582 0.00356047
v 0.13330750 0.02464983 0.00331314
v 0.13330750 0.02481216 0.00317693
v 0.13330750 0.02511547 0.00288109
v 0.13330750 0.02551151 0.00238447
v 0.13330750 0.02538781 0.00255653
v 0.13330750 0.02525569 0.00272220
v 0.13330750 0.02496751 0.00303279
v 0.13030750 -0.01775000 -0.00000964
v 0.13030750 -0.01775528 0.00020220
v 0.13330750 -0.01775000 -0.00000964
v 0.13330750 -0.01775528 0.00020220
v 0.13330750 -0.01775528 0.00020220
v 0.13030750 -0.01777112 0.00041352
v 0.13330750 -0.01777112 0.00041352
v 0.13330750 -0.01777112 0.00041352
v 0.13030750 -0.01777112 0.00041352
v 0.13330750 -0.01779747 0.00062379
v 0.13030750 -0.01775528 0.00020220
v 0.13030750 -0.01779747 0.00062379
v 0.13330750 -0.01779747 0.00062379
v 0.13030750 -0.01783427 0.00083248
v 0.13330750 -0.01783427 0.00083248
v 0.13330750 -0.01783427 0.00083248
v 0.13030750 -0.01783427 0.00083248
v 0.13330750 -0.01788142 0.00103908
v 0.13030750 -0.01779747 0.00062379
v 0.13330750 -0.01788142 0.00103908
v 0.13030750 -0.01788142 0.00103908
v 0.13330750 -0.01793882 0.00124307
v 0.13030750 -0.01788142 0.00103908
v 0.13030750 -0.01793882 0.00124307
v 0.13330750 -0.01793882 0.00124307
v 0.13030750 -0.01800631 0.00144394
v 0.13330750 -0.01800631 0.00144394
v 0.13030750 -0.01793882 0.00124307
v 0.13330750 -0.01800631 0.00144394
v 0.13030750 -0.01808373 0.00164121
v 0.13330750 -0.01808373 0.00164121
v 0.13330750 -0.01808373 0.00164121
v 0.13030750 -0.01808373 0.00164121
v 0.13330750 -0.01817088 0.00183436
v 0.13030750 -0.01800631 0.00144394
v 0.13030750 -0.01817088 0.00183436
v 0.13330750 -0.01817088 0.00183436
v 0.13030750 -0.01826756 0.00202294
v 0.13330750 -0.01826756 0.00202294
v 0.13030750 -0.01817088 0.00183436
v 0.13030750 -0.01826756 0.00202294
v 0.13030750 -0.01837351 0.00220646
v 0.13330750 -0.01826756 0.00202294
v 0.13330750 -0.01837351 0.00220646
v 0.13030750 -0.01837351 0.00220646
v 0.13030750 -0.01848849 0.00238447
v 0.13330750 -0.01837351 0.00220646
v 0.13330750 -0.01848849 0.00238447
v 0.13030750 -0.01848849 0.00238447
v 0.13030750 -0.01861219 0.00255653
v 0.13330750 -0.01848849 0.00238447
v 0.13330750 -0.01861219 0.00255653
v 0.13030750 -0.01861219 0.00255653
v 0.13030750 -0.01874431 0.00272220
v 0.13330750 -0.01861219 0.00255653
v 0.13330750 -0.01874431 0.00272220
v 0.13330750 -0.01874431 0.00272220
v 0.13030750 -0.01888453 0.00288109
v 0.13330750 -0.01888453 0.00288109
v 0.13030750 -0.01874431 0.00272220
v 0.13330750 -0.01888453 0.00288109
v 0.13030750 -0.01903249 0.00303279
v 0.13330750 -0.01903249 0.00303279
v 0.13030750 -0.01888453 0.00288109
v 0.13330750 -0.01903249 0.00303279
v 0.13030750 -0.01918784 0.00317693
v 0.13330750 -0.01918784 0.00317693
v 0.13030750 -0.01903249 0.00303279
v 0.13330750 -0.01918784 0.00317693
v 0.13030750 -0.01935017 0.00331314
v 0.13330750 -0.01935017 0.00331314
v 0.13030750 -0.01918784 0.00317693
v 0.13330750 -0.01935017 0.00331314
v 0.13030750 -0.01951909 0.00344109
v 0.13330750 -0.01951909 0.00344109
v 0.13030750 -0.01935017 0.00331314
v 0.13330750 -0.01951909 0.00344109
v 0.13030750 -0.01969418 0.00356047
v 0.13330750 -0.01969418 0.00356047
v 0.13330750 -0.01969418 0.00356047
v 0.13030750 -0.01969418 0.00356047
v 0.13330750 -0.01987500 0.00367097
v 0.13030750 -0.01951909 0.00344109
v 0.13030750 -0.01987500 0.00367097
v 0.13330750 -0.01987500 0.00367097
v 0.13030750 -0.02006110 0.00377231
v 0.13330750 -0.02006110 0.00377231
v 0.13330750 -0.02006110 0.00377231
v 0.13030750 -0.02006110 0.00377231
v 0.13330750 -0.02025203 0.00386426
v 0.13030750 -0.01987500 0.00367097
v 0.13030750 -0.02025203 0.00386426
v 0.13330750 -0.02025203 0.00386426
v 0.13030750 -0.02044730 0.00394657
v 0.13330750 -0.02044730 0.00394657
v 0.13330750 -0.02044730 0.00394657
v 0.13030750 -0.02044730 0.00394657
v 0.13330750 -0.02064643 0.00401905
v 0.13030750 -0.02025203 0.00386426
v 0.13030750 -0.02064643 0.00401905
v 0.13330750 -0.02064643 0.00401905
v 0.13030750 -0.02084893 0.00408151
v 0.13330750 -0.02084893 0.00408151
v 0.13030750 -0.02064643 0.00401905
v 0.13330750 -0.02084893 0.00408151
v 0.13030750 -0.02105429 0.00413380
v 0.13330750 -0.02105429 0.00413380
v 0.13330750 -0.02105429 0.00413380
v 0.13030750 -0.02105429 0.00413380
v 0.13330750 -0.02126200 0.00417579
v 0.13030750 -0.02084893 0.00408151
v 0.13330750 -0.02126200 0.00417579
v 0.13030750 -0.02126200 0.00417579
v 0.13330750 -0.02147154 0.00420737
v 0.13030750 -0.02126200 0.00417579
v 0.13030750 -0.02147154 0.00420737
v 0.13330750 -0.02147154 0.00420737
v 0.13030750 -0.02168240 0.00422847
v 0.13330750 -0.02168240 0.00422847
v 0.13330750 -0.02168240 0.00422847
v 0.13030750 -0.02168240 0.00422847
v 0.13330750 -0.02189404 0.00423904
v 0.13030750 -0.02147154 0.00420737
v 0.13030750 -0.02189404 0.00423904
v 0.13330750 -0.02189404 0.00423904
v 0.13030750 -0.02210596 0.00423904
v 0.13330750 -0.02210596 0.00423904
v 0.13330750 -0.02210596 0.00423904
v 0.13030750 -0.02210596 0.00423904
v 0.13330750 -0.02231760 0.00422847
v 0.13030750 -0.02189404 0.00423904
v 0.13030750 -0.02231760 0.00422847
v 0.13330750 -0.02231760 0.00422847
v 0.13030750 -0.02252846 0.00420737
v 0.13330750 -0.02252846 0.00420737
v 0.13330750 -0.02252846 0.00420737
v 0.13030750 -0.02252846 0.00420737
v 0.13330750 -0.02273800 0.00417579
v 0.13030750 -0.02231760 0.00422847
v 0.13030750 -0.02273800 0.00417579
v 0.13030750 -0.02273800 0.00417579
v 0.13030750 -0.02294571 0.00413380
v 0.13330750 -0.02273800 0.00417579
v 0.13330750 -0.02294571 0.00413380
v 0.13330750 -0.02294571 0.00413380
v 0.13030750 -0.02315107 0.00408151
v 0.13330750 -0.02315107 0.00408151
v 0.13030750 -0.02294571 0.00413380
v 0.13030750 -0.02315107 0.00408151
v 0.13030750 -0.02335357 0.00401905
v 0.13330750 -0.02315107 0.00408151
v 0.13330750 -0.02335357 0.00401905
v 0.13030750 -0.02335357 0.00401905
v 0.13030750 -0.02355270 0.00394657
v 0.13330750 -0.02335357 0.00401905
v 0.13330750 -0.02355270 0.00394657
v 0.13030750 -0.02355270 0.00394657
v 0.13030750 -0.02374797 0.00386426
v 0.13330750 -0.02355270 0.00394657
v 0.13330750 -0.02374797 0.00386426
v 0.13330750 -0.02374797 0.00386426
v 0.13030750 -0.02374797 0.00386426
v 0.13330750 -0.02393890 0.00377231
v 0.13030750 -0.02393890 0.00377231
v 0.13030750 -0.02393890 0.00377231
v 0.13030750 -0.02412500 0.00367097
v 0.13330750 -0.02393890 0.00377231
v 0.13330750 -0.02412500 0.00367097
v 0.13030750 -0.02412500 0.00367097
v 0.13030750 -0.02430582 0.00356047
v 0.13330750 -0.02412500 0.00367097
v 0.13330750 -0.02430582 0.00356047
v 0.13030750 -0.02430582 0.00356047
v 0.13030750 -0.02448091 0.00344109
v 0.13330750 -0.02430582 0.00356047
v 0.13330750 -0.02448091 0.00344109
v 0.13030750 -0.02448091 0.00344109
v 0.13030750 -0.02464983 0.00331314
v 0.13330750 -0.02448091 0.00344109
v 0.13330750 -0.02464983 0.00331314
v 0.13030750 -0.02464983 0.00331314
v 0.13030750 -0.02481216 0.00317693
v 0.13330750 -0.02464983 0.00331314
v 0.13330750 -0.02481216 0.00317693
v 0.13030750 -0.02481216 0.00317693
v 0.13030750 -0.02496751 0.00303279
v 0.13330750 -0.02481216 0.00317693
v 0.13330750 -0.02496751 0.00303279
v 0.13030750 -0.02496751 0.00303279
v 0.13030750 -0.02511547 0.00288109
v 0.13330750 -0.02496751 0.00303279
v 0.13330750 -0.02511547 0.00288109
v 0.13030750 -0.02511547 0.00288109
v 0.13030750 -0.02525569 0.00272220
v 0.13330750 -0.02511547 0.00288109
v 0.13330750 -0.02525569 0.00272220
v 0.13330750 -0.02525569 0.00272220
v 0.13030750 -0.02538781 0.00255653
v 0.13330750 -0.02538781 0.00255653
v 0.13030750 -0.02525569 0.00272220
v 0.13330750 -0.02538781 0.00255653
v 0.13030750 -0.02551151 0.00238447
v 0.13330750 -0.02551151 0.00238447
v 0.13030750 -0.02538781 0.00255653
v 0.13330750 -0.02551151 0.00238447
v 0.13030750 -0.02562649 0.00220646
v 0.13330750 -0.02562649 0.00220646
v 0.13030750 -0.02551151 0.00238447
v 0.13330750 -0.02562649 0.00220646
v 0.13030750 -0.02573244 0.00202294
v 0.13330750 -0.02573244 0.00202294
v 0.13030750 -0.02562649 0.00220646
v 0.13330750 -0.02573244 0.00202294
v 0.13030750 -0.02582912 0.00183436
v 0.13330750 -0.02582912 0.00183436
v 0.13030750 -0.02573244 0.00202294
v 0.13330750 -0.02582912 0.00183436
v 0.13030750 -0.02591627 0.00164121
v 0.13330750 -0.02591627 0.00164121
v 0.13030750 -0.02582912 0.00183436
v 0.13330750 -0.02591627 0.00164121
v 0.13030750 -0.02599369 0.00144394
v 0.13330750 -0.02599369 0.00144394
v 0.13030750 -0.02591627 0.00164121
v 0.13330750 -0.02599369 0.00144394
v 0.13030750 -0.02606118 0.00124307
v 0.13330750 -0.02606118 0.00124307
v 0.13030750 -0.02599369 0.00144394
v 0.13330750 -0.02606118 0.00124307
v 0.13030750 -0.02611858 0.00103908
v 0.13330750 -0.02611858 0.00103908
v 0.13030750 -0.02606118 0.00124307
v 0.13330750 -0.02611858 0.00103908
v 0.13030750 -0.02616573 0.00083248
v 0.13330750 -0.02616573 0.00083248
v 0.13030750 -0.02611858 0.00103908
v 0.13330750 -0.02616573 0.00083248
v 0.13030750 -0.02620253 0.00062379
v 0.13330750 -0.02620253 0.00062379
v 0.13030750 -0.02616573 0.00083248
v 0.13330750 -0.02620253 0.00062379
v 0.13030750 -0.02622888 0.00041352
v 0.13330750 -0.02622888 0.00041352
v 0.13030750 -0.02620253 0.00062379
v 0.13030750 -0.02622888 0.00041352
v 0.13030750 -0.02624472 0.00020220
v 0.13330750 -0.02622888 0.00041352
v 0.13330750 -0.02624472 0.00020220
v 0.13030750 -0.02624472 0.00020220
v 0.13030750 -0.02625000 -0.00000964
v 0.13330750 -0.02624472 0.00020220
v 0.13330750 -0.02625000 -0.00000964
v 0.13030750 -0.02625000 -0.00000964
v 0.13030750 -0.02624472 -0.00022149
v 0.13330750 -0.02625000 -0.00000964
v 0.13330750 -0.02624472 -0.00022149
v 0.13030750 -0.02624472 -0.00022149
v 0.13030750 -0.02622888 -0.00043281
v 0.13330750 -0.02624472 -0.00022149
v 0.13330750 -0.02622888 -0.00043281
v 0.13030750 -0.02622888 -0.00043281
v 0.13030750 -0.02620253 -0.00064307
v 0.13330750 -0.02622888 -0.00043281
v 0.13330750 -0.02620253 -0.00064307
v 0.13030750 -0.02620253 -0.00064307
v 0.13030750 -0.02616573 -0.00085176
v 0.13330750 -0.02620253 -0.00064307
v 0.13330750 -0.02616573 -0.00085176
v 0.13030750 -0.02616573 -0.00085176
v 0.13030750 -0.02611858 -0.00105836
v 0.13330750 -0.02616573 -0.00085176
v 0.13330750 -0.02611858 -0.00105836
v 0.13030750 -0.02611858 -0.00105836
v 0.13030750 -0.02606118 -0.00126235
v 0.13330750 -0.02611858 -0.00105836
v 0.13330750 -0.02606118 -0.00126235
v 0.13030750 -0.02606118 -0.00126235
v 0.13030750 -0.02599369 -0.00146323
v 0.13330750 -0.02606118 -0.00126235
v 0.13330750 -0.02599369 -0.00146323
v 0.13030750 -0.02599369 -0.00146323
v 0.13030750 -0.02591627 -0.00166049
v 0.13330750 -0.02599369 -0.00146323
v 0.13330750 -0.02591627 -0.00166049
v 0.13030750 -0.02591627 -0.00166049
v 0.13030750 -0.02582912 -0.00185365
v 0.13330750 -0.02591627 -0.00166049
v 0.13330750 -0.02582912 -0.00185365
v 0.13030750 -0.02582912 -0.00185365
v 0.13030750 -0.02573244 -0.00204222
v 0.13330750 -0.02582912 -0.00185365
v 0.13330750 -0.02573244 -0.00204222
v 0.13030750 -0.02573244 -0.00204222
v 0.13030750 -0.02562649 -0.00222574
v 0.13330750 -0.02573244 -0.00204222
v 0.13330750 -0.02562649 -0.00222574
v 0.13030750 -0.02562649 -0.00222574
v 0.13030750 -0.02551151 -0.00240375
v 0.13330750 -0.02562649 -0.00222574
v 0.13330750 -0.02551151 -0.00240375
v 0.13030750 -0.02551151 -0.00240375
v 0.13030750 -0.02538781 -0.00257581
v 0.13330750 -0.02551151 -0.00240375
v 0.13330750 -0.02538781 -0.00257581
v 0.13030750 -0.02538781 -0.00257581
v 0.13030750 -0.02525569 -0.00274149
v 0.13330750 -0.02538781 -0.00257581
v 0.13330750 -0.02525569 -0.00274149
v 0.13030750 -0.02525569 -0.00274149
v 0.13030750 -0.02511547 -0.00290038
v 0.13330750 -0.02525569 -0.00274149
v 0.13330750 -0.02511547 -0.00290038
v 0.13030750 -0.02511547 -0.00290038
v 0.13030750 -0.02496751 -0.00305208
v 0.13330750 -0.02511547 -0.00290038
v 0.13330750 -0.02496751 -0.00305208
v 0.13030750 -0.02496751 -0.00305208
v 0.13030750 -0.02481216 -0.00319621
v 0.13330750 -0.02496751 -0.00305208
v 0.13330750 -0.02481216 -0.00319621
v 0.13030750 -0.02481216 -0.00319621
v 0.13030750 -0.02464983 -0.00333243
v 0.13330750 -0.02481216 -0.00319621
v 0.13330750 -0.02464983 -0.00333243
v 0.13030750 -0.02464983 -0.00333243
v 0.13030750 -0.02448091 -0.00346038
v 0.13330750 -0.02464983 -0.00333243
v 0.13330750 -0.02448091 -0.00346038
v 0.13330750 -0.02448091 -0.00346038
v 0.13030750 -0.02430582 -0.00357975
v 0.13330750 -0.02430582 -0.00357975
v 0.13030750 -0.02448091 -0.00346038
v 0.13330750 -0.02430582 -0.00357975
v 0.13030750 -0.02412500 -0.00369025
v 0.13330750 -0.02412500 -0.00369025
v 0.13030750 -0.02430582 -0.00357975
v 0.13330750 -0.02412500 -0.00369025
v 0.13030750 -0.02393890 -0.00379160
v 0.13330750 -0.02393890 -0.00379160
v 0.13030750 -0.02412500 -0.00369025
v 0.13330750 -0.02393890 -0.00379160
v 0.13030750 -0.02374797 -0.00388354
v 0.13330750 -0.02374797 -0.00388354
v 0.13030750 -0.02393890 -0.00379160
v 0.13330750 -0.02374797 -0.00388354
v 0.13030750 -0.02355270 -0.00396586
v 0.13330750 -0.02355270 -0.00396586
v 0.13030750 -0.02374797 -0.00388354
v 0.13030750 -0.02355270 -0.00396586
v 0.13030750 -0.02335357 -0.00403833
v 0.13330750 -0.02355270 -0.00396586
v 0.13330750 -0.02335357 -0.00403833
v 0.13030750 -0.02335357 -0.00403833
v 0.13030750 -0.02315107 -0.00410079
v 0.13330750 -0.02335357 -0.00403833
v 0.13330750 -0.02315107 -0.00410079
v 0.13030750 -0.02315107 -0.00410079
v 0.13030750 -0.02294571 -0.00415309
v 0.13330750 -0.02315107 -0.00410079
v 0.13330750 -0.02294571 -0.00415309
v 0.13030750 -0.02294571 -0.00415309
v 0.13030750 -0.02273800 -0.00419508
v 0.13330750 -0.02294571 -0.00415309
v 0.13330750 -0.02273800 -0.00419508
v 0.13030750 -0.02273800 -0.00419508
v 0.13030750 -0.02252846 -0.00422666
v 0.13330750 -0.02273800 -0.00419508
v 0.13330750 -0.02252846 -0.00422666
v 0.13030750 -0.02252846 -0.00422666
v 0.13030750 -0.02231760 -0.00424776
v 0.13330750 -0.02252846 -0.00422666
v 0.13330750 -0.02231760 -0.00424776
v 0.13330750 -0.02231760 -0.00424776
v 0.13030750 -0.02231760 -0.00424776
v 0.13330750 -0.02210596 -0.00425832
v 0.13030750 -0.02210596 -0.00425832
v 0.13030750 -0.02210596 -0.00425832
v 0.13030750 -0.02189404 -0.00425832
v 0.13330750 -0.02210596 -0.00425832
v 0.13330750 -0.02189404 -0.00425832
v 0.13030750 -0.02189404 -0.00425832
v 0.13030750 -0.02168240 -0.00424776
v 0.13330750 -0.02189404 -0.00425832
v 0.13330750 -0.02168240 -0.00424776
v 0.13030750 -0.02168240 -0.00424776
v 0.13030750 -0.02147154 -0.00422666
v 0.13330750 -0.02168240 -0.00424776
v 0.13330750 -0.02147154 -0.00422666
v 0.13030750 -0.02147154 -0.00422666
v 0.13030750 -0.02126200 -0.00419508
v 0.13330750 -0.02147154 -0.00422666
v 0.13330750 -0.02126200 -0.00419508
v 0.13330750 -0.02105429 -0.00415309
v 0.13030750 -0.02105429 -0.00415309
v 0.13330750 -0.02084893 -0.00410079
v 0.13030750 -0.02126200 -0.00419508
v 0.13030750 -0.02105429 -0.00415309
v 0.13330750 -0.02126200 -0.00419508
v 0.13330750 -0.02105429 -0.00415309
v 0.13030750 -0.02084893 -0.00410079
v 0.13330750 -0.02084893 -0.00410079
v 0.13030750 -0.02064643 -0.00403833
v 0.13330750 -0.02064643 -0.00403833
v 0.13030750 -0.02084893 -0.00410079
v 0.13330750 -0.02064643 -0.00403833
v 0.13030750 -0.02044730 -0.00396586
v 0.13330750 -0.02044730 -0.00396586
v 0.13030750 -0.02064643 -0.00403833
v 0.13330750 -0.02044730 -0.00396586
v 0.13030750 -0.02025203 -0.00388354
v 0.13330750 -0.02025203 -0.00388354
v 0.13330750 -0.02025203 -0.00388354
v 0.13030750 -0.02025203 -0.00388354
v 0.13330750 -0.02006110 -0.00379160
v 0.13030750 -0.02044730 -0.00396586
v 0.13030750 -0.02006110 -0.00379160
v 0.13330750 -0.02006110 -0.00379160
v 0.13030750 -0.01987500 -0.00369025
v 0.13330750 -0.01987500 -0.00369025
v 0.13030750 -0.02006110 -0.00379160
v 0.13330750 -0.01987500 -0.00369025
v 0.13030750 -0.01969418 -0.00357975
v 0.13330750 -0.01969418 -0.00357975
v 0.13030750 -0.01987500 -0.00369025
v 0.13330750 -0.01969418 -0.00357975
v 0.13030750 -0.01951909 -0.00346038
v 0.13330750 -0.01951909 -0.00346038
v 0.13330750 -0.01951909 -0.00346038
v 0.13030750 -0.01951909 -0.00346038
v 0.13330750 -0.01935017 -0.00333243
v 0.13030750 -0.01969418 -0.00357975
v 0.13030750 -0.01935017 -0.00333243
v 0.13330750 -0.01935017 -0.00333243
v 0.13030750 -0.01918784 -0.00319621
v 0.13330750 -0.01918784 -0.00319621
v 0.13330750 -0.01918784 -0.00319621
v 0.13030750 -0.01918784 -0.00319621
v 0.13330750 -0.01903249 -0.00305208
v 0.13030750 -0.01935017 -0.00333243
v 0.13030750 -0.01903249 -0.00305208
v 0.13330750 -0.01903249 -0.00305208
v 0.13030750 -0.01888453 -0.00290038
v 0.13330750 -0.01888453 -0.00290038
v 0.13030750 -0.01903249 -0.00305208
v 0.13030750 -0.01888453 -0.00290038
v 0.13030750 -0.01874431 -0.00274149
v 0.13330750 -0.01888453 -0.00290038
v 0.13330750 -0.01874431 -0.00274149
v 0.13030750 -0.01874431 -0.00274149
v 0.13030750 -0.01861219 -0.00257581
v 0.13330750 -0.01874431 -0.00274149
v 0.13330750 -0.01861219 -0.00257581
v 0.13030750 -0.01861219 -0.00257581
v 0.13030750 -0.01848849 -0.00240375
v 0.13330750 -0.01861219 -0.00257581
v 0.13330750 -0.01848849 -0.00240375
v 0.13030750 -0.01848849 -0.00240375
v 0.13030750 -0.01837351 -0.00222574
v 0.13330750 -0.01848849 -0.00240375
v 0.13330750 -0.01837351 -0.00222574
v 0.13330750 -0.01837351 -0.00222574
v 0.13030750 -0.01826756 -0.00204222
v 0.13330750 -0.01826756 -0.00204222
v 0.13030750 -0.01837351 -0.00222574
v 0.13330750 -0.01826756 -0.00204222
v 0.13030750 -0.01817088 -0.00185365
v 0.13330750 -0.01817088 -0.00185365
v 0.13030750 -0.01826756 -0.00204222
v 0.13330750 -0.01817088 -0.00185365
v 0.13030750 -0.01808373 -0.00166049
v 0.13330750 -0.01808373 -0.00166049
v 0.13030750 -0.01817088 -0.00185365
v 0.13330750 -0.01808373 -0.00166049
v 0.13030750 -0.01800631 -0.00146323
v 0.13330750 -0.01800631 -0.00146323
v 0.13030750 -0.01808373 -0.00166049
v 0.13330750 -0.01800631 -0.00146323
v 0.13030750 -0.01793882 -0.00126235
v 0.13330750 -0.01793882 -0.00126235
v 0.13030750 -0.01800631 -0.00146323
v 0.13330750 -0.01793882 -0.00126235
v 0.13030750 -0.01788142 -0.00105836
v 0.13330750 -0.01788142 -0.00105836
v 0.13030750 -0.01793882 -0.00126235
v 0.13330750 -0.01788142 -0.00105836
v 0.13030750 -0.01783427 -0.00085176
v 0.13330750 -0.01783427 -0.00085176
v 0.13030750 -0.01788142 -0.00105836
v 0.13330750 -0.01783427 -0.00085176
v 0.13030750 -0.01779747 -0.00064307
v 0.13330750 -0.01779747 -0.00064307
v 0.13030750 -0.01783427 -0.00085176
v 0.13330750 -0.01779747 -0.00064307
v 0.13030750 -0.01777112 -0.00043281
v 0.13330750 -0.01777112 -0.00043281
v 0.13030750 -0.01779747 -0.00064307
v 0.13330750 -0.01777112 -0.00043281
v 0.13030750 -0.01775528 -0.00022149
v 0.13330750 -0.01775528 -0.00022149
v 0.13030750 -0.01777112 -0.00043281
v 0.13330750 -0.01775528 -0.00022149
v 0.13030750 -0.01775000 -0.00000964
v 0.13330750 -0.01775000 -0.00000964
v 0.13030750 -0.01775528 -0.00022149
v 0.13030750 -0.02496751 -0.00305208
v 0.13030750 -0.02464983 -0.00333243
v 0.13030750 -0.02481216 -0.00319621
v 0.13030750 -0.02412500 -0.00369025
v 0.13030750 -0.02525569 -0.00274149
v 0.13030750 -0.02511547 -0.00290038
v 0.13030750 -0.02448091 -0.00346038
v 0.13030750 -0.02430582 -0.00357975
v 0.13030750 -0.02562649 -0.00222574
v 0.13030750 -0.02573244 -0.00204222
v 0.13030750 -0.02551151 -0.00240375
v 0.13030750 -0.02538781 -0.00257581
v 0.13030750 -0.02393890 -0.00379160
v 0.13030750 -0.02374797 -0.00388354
v 0.13030750 -0.02606118 -0.00126235
v 0.13030750 -0.02599369 -0.00146323
v 0.13030750 -0.02591627 -0.00166049
v 0.13030750 -0.02582912 -0.00185365
v 0.13030750 -0.02294571 -0.00415309
v 0.13030750 -0.02355270 -0.00396586
v 0.13030750 -0.02335357 -0.00403833
v 0.13030750 -0.02315107 -0.00410079
v 0.13030750 -0.02252846 -0.00422666
v 0.13030750 -0.02273800 -0.00419508
v 0.13030750 -0.02231760 -0.00424776
v 0.13030750 -0.02624472 -0.00022149
v 0.13030750 -0.02625000 -0.00000964
v 0.13030750 -0.02622888 -0.00043281
v 0.13030750 -0.02620253 -0.00064307
v 0.13030750 -0.02616573 -0.00085176
v 0.13030750 -0.02611858 -0.00105836
v 0.13030750 -0.02189404 -0.00425832
v 0.13030750 -0.02210596 -0.00425832
v 0.13030750 -0.02624472 0.00020220
v 0.13030750 -0.02147154 -0.00422666
v 0.13030750 -0.02168240 -0.00424776
v 0.13030750 -0.02616573 0.00083248
v 0.13030750 -0.02611858 0.00103908
v 0.13030750 -0.02620253 0.00062379
v 0.13030750 -0.02622888 0.00041352
v 0.13030750 -0.02084893 -0.00410079
v 0.13030750 -0.02126200 -0.00419508
v 0.13030750 -0.02105429 -0.00415309
v 0.13030750 -0.02606118 0.00124307
v 0.13030750 -0.02064643 -0.00403833
v 0.13030750 -0.02599369 0.00144394
v 0.13030750 -0.02591627 0.00164121
v 0.13030750 -0.02025203 -0.00388354
v 0.13030750 -0.02044730 -0.00396586
v 0.13030750 -0.02582912 0.00183436
v 0.13030750 -0.01987500 -0.00369025
v 0.13030750 -0.02006110 -0.00379160
v 0.13030750 -0.01969418 -0.00357975
v 0.13030750 -0.02551151 0.00238447
v 0.13030750 -0.02538781 0.00255653
v 0.13030750 -0.02562649 0.00220646
v 0.13030750 -0.02573244 0.00202294
v 0.13030750 -0.01935017 -0.00333243
v 0.13030750 -0.01951909 -0.00346038
v 0.13030750 -0.02525569 0.00272220
v 0.13030750 -0.01888453 -0.00290038
v 0.13030750 -0.01918784 -0.00319621
v 0.13030750 -0.01903249 -0.00305208
v 0.13030750 -0.02496751 0.00303279
v 0.13030750 -0.02481216 0.00317693
v 0.13030750 -0.02511547 0.00288109
v 0.13030750 -0.02448091 0.00344109
v 0.13030750 -0.02464983 0.00331314
v 0.13030750 -0.01874431 -0.00274149
v 0.13030750 -0.01848849 -0.00240375
v 0.13030750 -0.01861219 -0.00257581
v 0.13030750 -0.01837351 -0.00222574
v 0.13030750 -0.02430582 0.00356047
v 0.13030750 -0.02412500 0.00367097
v 0.13030750 -0.02393890 0.00377231
v 0.13030750 -0.02374797 0.00386426
v 0.13030750 -0.01808373 -0.00166049
v 0.13030750 -0.01826756 -0.00204222
v 0.13030750 -0.01817088 -0.00185365
v 0.13030750 -0.02355270 0.00394657
v 0.13030750 -0.01793882 -0.00126235
v 0.13030750 -0.01800631 -0.00146323
v 0.13030750 -0.02294571 0.00413380
v 0.13030750 -0.02273800 0.00417579
v 0.13030750 -0.02315107 0.00408151
v 0.13030750 -0.02335357 0.00401905
v 0.13030750 -0.01775528 -0.00022149
v 0.13030750 -0.01788142 -0.00105836
v 0.13030750 -0.01783427 -0.00085176
v 0.13030750 -0.01779747 -0.00064307
v 0.13030750 -0.01777112 -0.00043281
v 0.13030750 -0.02231760 0.00422847
v 0.13030750 -0.02210596 0.00423904
v 0.13030750 -0.02252846 0.00420737
v 0.13030750 -0.01775528 0.00020220
v 0.13030750 -0.01775000 -0.00000964
v 0.13030750 -0.01779747 0.00062379
v 0.13030750 -0.01777112 0.00041352
v 0.13030750 -0.02084893 0.00408151
v 0.13030750 -0.02105429 0.00413380
v 0.13030750 -0.02126200 0.00417579
v 0.13030750 -0.02147154 0.00420737
v 0.13030750 -0.02168240 0.00422847
v 0.13030750 -0.02189404 0.00423904
v 0.13030750 -0.01793882 0.00124307
v 0.13030750 -0.01783427 0.00083248
v 0.13030750 -0.01788142 0.00103908
v 0.13030750 -0.02064643 0.00401905
v 0.13030750 -0.01800631 0.00144394
v 0.13030750 -0.01817088 0.00183436
v 0.13030750 -0.01808373 0.00164121
v 0.13030750 -0.02006110 0.00377231
v 0.13030750 -0.01987500 0.00367097
v 0.13030750 -0.02025203 0.00386426
v 0.13030750 -0.02044730 0.00394657
v 0.13030750 -0.01837351 0.00220646
v 0.13030750 -0.01826756 0.00202294
v 0.13030750 -0.01969418 0.00356047
v 0.13030750 -0.01951909 0.00344109
v 0.13030750 -0.01935017 0.00331314
v 0.13030750 -0.01918784 0.00317693
v 0.13030750 -0.01888453 0.00288109
v 0.13030750 -0.01848849 0.00238447
v 0.13030750 -0.01861219 0.00255653
v 0.13030750 -0.01874431 0.00272220
v 0.13030750 -0.01903249 0.00303279
v 0.13330750 -0.02464983 -0.00333243
v 0.13330750 -0.02496751 -0.00305208
v 0.13330750 -0.02481216 -0.00319621
v 0.13330750 -0.02412500 -0.00369025
v 0.13330750 -0.02525569 -0.00274149
v 0.13330750 -0.02511547 -0.00290038
v 0.13330750 -0.02448091 -0.00346038
v 0.13330750 -0.02430582 -0.00357975
v 0.13330750 -0.02573244 -0.00204222
v 0.13330750 -0.02562649 -0.00222574
v 0.13330750 -0.02551151 -0.00240375
v 0.13330750 -0.02538781 -0.00257581
v 0.13330750 -0.02393890 -0.00379160
v 0.13330750 -0.02374797 -0.00388354
v 0.13330750 -0.02606118 -0.00126235
v 0.13330750 -0.02599369 -0.00146323
v 0.13330750 -0.02591627 -0.00166049
v 0.13330750 -0.02582912 -0.00185365
v 0.13330750 -0.02294571 -0.00415309
v 0.13330750 -0.02355270 -0.00396586
v 0.13330750 -0.02335357 -0.00403833
v 0.13330750 -0.02315107 -0.00410079
v 0.13330750 -0.02252846 -0.00422666
v 0.13330750 -0.02273800 -0.00419508
v 0.13330750 -0.02231760 -0.00424776
v 0.13330750 -0.02625000 -0.00000964
v 0.13330750 -0.02624472 -0.00022149
v 0.13330750 -0.02622888 -0.00043281
v 0.13330750 -0.02620253 -0.00064307
v 0.13330750 -0.02616573 -0.00085176
v 0.13330750 -0.02611858 -0.00105836
v 0.13330750 -0.02189404 -0.00425832
v 0.13330750 -0.02210596 -0.00425832
v 0.13330750 -0.02624472 0.00020220
v 0.13330750 -0.02147154 -0.00422666
v 0.13330750 -0.02168240 -0.00424776
v 0.13330750 -0.02611858 0.00103908
v 0.13330750 -0.02616573 0.00083248
v 0.13330750 -0.02620253 0.00062379
v 0.13330750 -0.02622888 0.00041352
v 0.13330750 -0.02084893 -0.00410079
v 0.13330750 -0.02126200 -0.00419508
v 0.13330750 -0.02105429 -0.00415309
v 0.13330750 -0.02606118 0.00124307
v 0.13330750 -0.02064643 -0.00403833
v 0.13330750 -0.02591627 0.00164121
v 0.13330750 -0.02599369 0.00144394
v 0.13330750 -0.02025203 -0.00388354
v 0.13330750 -0.02044730 -0.00396586
v 0.13330750 -0.02582912 0.00183436
v 0.13330750 -0.01987500 -0.00369025
v 0.13330750 -0.02006110 -0.00379160
v 0.13330750 -0.01969418 -0.00357975
v 0.13330750 -0.02538781 0.00255653
v 0.13330750 -0.02551151 0.00238447
v 0.13330750 -0.02562649 0.00220646
v 0.13330750 -0.02573244 0.00202294
v 0.13330750 -0.01935017 -0.00333243
v 0.13330750 -0.01951909 -0.00346038
v 0.13330750 -0.02525569 0.00272220
v 0.13330750 -0.01888453 -0.00290038
v 0.13330750 -0.01918784 -0.00319621
v 0.13330750 -0.01903249 -0.00305208
v 0.13330750 -0.02481216 0.00317693
v 0.13330750 -0.02496751 0.00303279
v 0.13330750 -0.02511547 0.00288109
v 0.13330750 -0.02448091 0.00344109
v 0.13330750 -0.02464983 0.00331314
v 0.13330750 -0.01848849 -0.00240375
v 0.13330750 -0.01874431 -0.00274149
v 0.13330750 -0.01861219 -0.00257581
v 0.13330750 -0.01837351 -0.00222574
v 0.13330750 -0.02412500 0.00367097
v 0.13330750 -0.02430582 0.00356047
v 0.13330750 -0.02393890 0.00377231
v 0.13330750 -0.02374797 0.00386426
v 0.13330750 -0.01808373 -0.00166049
v 0.13330750 -0.01826756 -0.00204222
v 0.13330750 -0.01817088 -0.00185365
v 0.13330750 -0.02355270 0.00394657
v 0.13330750 -0.01793882 -0.00126235
v 0.13330750 -0.01800631 -0.00146323
v 0.13330750 -0.02273800 0.00417579
v 0.13330750 -0.02294571 0.00413380
v 0.13330750 -0.02315107 0.00408151
v 0.13330750 -0.02335357 0.00401905
v 0.13330750 -0.01775528 -0.00022149
v 0.13330750 -0.01788142 -0.00105836
v 0.13330750 -0.01783427 -0.00085176
v 0.13330750 -0.01779747 -0.00064307
v 0.13330750 -0.01777112 -0.00043281
v 0.13330750 -0.02210596 0.00423904
v 0.13330750 -0.02231760 0.00422847
v 0.13330750 -0.02252846 0.00420737
v 0.13330750 -0.01775528 0.00020220
v 0.13330750 -0.01775000 -0.00000964
v 0.13330750 -0.01779747 0.00062379
v 0.13330750 -0.01777112 0.00041352
v 0.13330750 -0.02084893 0.00408151
v 0.13330750 -0.02105429 0.00413380
v 0.13330750 -0.02126200 0.00417579
v 0.13330750 -0.02147154 0.00420737
v 0.13330750 -0.02168240 0.00422847
v 0.13330750 -0.02189404 0.00423904
v 0.13330750 -0.01793882 0.00124307
v 0.13330750 -0.01783427 0.00083248
v 0.13330750 -0.01788142 0.00103908
v 0.13330750 -0.02064643 0.00401905
v 0.13330750 -0.01800631 0.00144394
v 0.13330750 -0.01817088 0.00183436
v 0.13330750 -0.01808373 0.00164121
v 0.13330750 -0.01987500 0.00367097
v 0.13330750 -0.02006110 0.00377231
v 0.13330750 -0.02025203 0.00386426
v 0.13330750 -0.02044730 0.00394657
v 0.13330750 -0.01837351 0.00220646
v 0.13330750 -0.01826756 0.00202294
v 0.13330750 -0.01951909 0.00344109
v 0.13330750 -0.01969418 0.00356047
v 0.13330750 -0.01935017 0.00331314
v 0.13330750 -0.01918784 0.00317693
v 0.13330750 -0.01888453 0.00288109
v 0.13330750 -0.01848849 0.00238447
v 0.13330750 -0.01861219 0.00255653
v 0.13330750 -0.01874431 0.00272220
v 0.13330750 -0.01903249 0.00303279
v 0.02730750 0.02625000 -0.00000964
v 0.02730750 0.02624472 0.00020220
v 0.03030750 0.02625000 -0.00000964
v 0.03030750 0.02624472 0.00020220
v 0.03030750 0.02624472 0.00020220
v 0.02730750 0.02622888 0.00041352
v 0.03030750 0.02622888 0.00041352
v 0.03030750 0.02622888 0.00041352
v 0.02730750 0.02622888 0.00041352
v 0.03030750 0.02620253 0.00062379
v 0.02730750 0.02624472 0.00020220
v 0.02730750 0.02620253 0.00062379
v 0.03030750 0.02620253 0.00062379
v 0.02730750 0.02616573 0.00083248
v 0.03030750 0.02616573 0.00083248
v 0.03030750 0.02616573 0.00083248
v 0.02730750 0.02616573 0.00083248
v 0.03030750 0.02611858 0.00103908
v 0.02730750 0.02620253 0.00062379
v 0.03030750 0.02611858 0.00103908
v 0.02730750 0.02611858 0.00103908
v 0.03030750 0.02606118 0.00124307
v 0.02730750 0.02611858 0.00103908
v 0.02730750 0.02606118 0.00124307
v 0.03030750 0.02606118 0.00124307
v 0.02730750 0.02599369 0.00144394
v 0.03030750 0.02599369 0.00144394
v 0.02730750 0.02606118 0.00124307
v 0.03030750 0.02599369 0.00144394
v 0.02730750 0.02591627 0.00164121
v 0.03030750 0.02591627 0.00164121
v 0.03030750 0.02591627 0.00164121
v 0.02730750 0.02591627 0.00164121
v 0.03030750 0.02582912 0.00183436
v 0.02730750 0.02599369 0.00144394
v 0.02730750 0.02582912 0.00183436
v 0.03030750 0.02582912 0.00183436
v 0.02730750 0.02573244 0.00202294
v 0.03030750 0.02573244 0.00202294
v 0.02730750 0.02582912 0.00183436
v 0.02730750 0.02573244 0.00202294
v 0.02730750 0.02562649 0.00220646
v 0.03030750 0.02573244 0.00202294
v 0.03030750 0.02562649 0.00220646
v 0.02730750 0.02562649 0.00220646
v 0.02730750 0.02551151 0.00238447
v 0.03030750 0.02562649 0.00220646
v 0.03030750 0.02551151 0.00238447
v 0.02730750 0.02551151 0.00238447
v 0.02730750 0.02538781 0.00255653
v 0.03030750 0.02551151 0.00238447
v 0.03030750 0.02538781 0.00255653
v 0.02730750 0.02538781 0.00255653
v 0.02730750 0.02525569 0.00272220
v 0.03030750 0.02538781 0.00255653
v 0.03030750 0.02525569 0.00272220
v 0.03030750 0.02525569 0.00272220
v 0.02730750 0.02511547 0.00288109
v 0.03030750 0.02511547 0.00288109
v 0.02730750 0.02525569 0.00272220
v 0.03030750 0.02511547 0.00288109
v 0.02730750 0.02496751 0.00303279
v 0.03030750 0.02496751 0.00303279
v 0.02730750 0.02511547 0.00288109
v 0.03030750 0.02496751 0.00303279
v 0.02730750 0.02481216 0.00317693
v 0.03030750 0.02481216 0.00317693
v 0.02730750 0.02496751 0.00303279
v 0.03030750 0.02481216 0.00317693
v 0.02730750 0.02464983 0.00331314
v 0.03030750 0.02464983 0.00331314
v 0.02730750 0.02481216 0.00317693
v 0.03030750 0.02464983 0.00331314
v 0.02730750 0.02448091 0.00344109
v 0.03030750 0.02448091 0.00344109
v 0.02730750 0.02464983 0.00331314
v 0.03030750 0.02448091 0.00344109
v 0.02730750 0.02430582 0.00356047
v 0.03030750 0.02430582 0.00356047
v 0.03030750 0.02430582 0.00356047
v 0.02730750 0.02430582 0.00356047
v 0.03030750 0.02412500 0.00367097
v 0.02730750 0.02448091 0.00344109
v 0.02730750 0.02412500 0.00367097
v 0.03030750 0.02412500 0.00367097
v 0.02730750 0.02393890 0.00377231
v 0.03030750 0.02393890 0.00377231
v 0.03030750 0.02393890 0.00377231
v 0.02730750 0.02393890 0.00377231
v 0.03030750 0.02374797 0.00386426
v 0.02730750 0.02412500 0.00367097
v 0.02730750 0.02374797 0.00386426
v 0.03030750 0.02374797 0.00386426
v 0.02730750 0.02355270 0.00394657
v 0.03030750 0.02355270 0.00394657
v 0.03030750 0.02355270 0.00394657
v 0.02730750 0.02355270 0.00394657
v 0.03030750 0.02335357 0.00401905
v 0.02730750 0.02374797 0.00386426
v 0.02730750 0.02335357 0.00401905
v 0.03030750 0.02335357 0.00401905
v 0.02730750 0.02315107 0.00408151
v 0.03030750 0.02315107 0.00408151
v 0.02730750 0.02335357 0.00401905
v 0.03030750 0.02315107 0.00408151
v 0.02730750 0.02294571 0.00413380
v 0.03030750 0.02294571 0.00413380
v 0.03030750 0.02294571 0.00413380
v 0.02730750 0.02294571 0.00413380
v 0.03030750 0.02273800 0.00417579
v 0.02730750 0.02315107 0.00408151
v 0.03030750 0.02273800 0.00417579
v 0.02730750 0.02273800 0.00417579
v 0.03030750 0.02252846 0.00420737
v 0.02730750 0.02273800 0.00417579
v 0.02730750 0.02252846 0.00420737
v 0.03030750 0.02252846 0.00420737
v 0.02730750 0.02231760 0.00422847
v 0.03030750 0.02231760 0.00422847
v 0.03030750 0.02231760 0.00422847
v 0.02730750 0.02231760 0.00422847
v 0.03030750 0.02210596 0.00423904
v 0.02730750 0.02252846 0.00420737
v 0.02730750 0.02210596 0.00423904
v 0.03030750 0.02210596 0.00423904
v 0.02730750 0.02189404 0.00423904
v 0.03030750 0.02189404 0.00423904
v 0.03030750 0.02189404 0.00423904
v 0.02730750 0.02189404 0.00423904
v 0.03030750 0.02168240 0.00422847
v 0.02730750 0.02210596 0.00423904
v 0.02730750 0.02168240 0.00422847
v 0.03030750 0.02168240 0.00422847
v 0.02730750 0.02147154 0.00420737
v 0.03030750 0.02147154 0.00420737
v 0.03030750 0.02147154 0.00420737
v 0.02730750 0.02147154 0.00420737
v 0.03030750 0.02126200 0.00417579
v 0.02730750 0.02168240 0.00422847
v 0.02730750 0.02126200 0.00417579
v 0.02730750 0.02126200 0.00417579
v 0.02730750 0.02105429 0.00413380
v 0.03030750 0.02126200 0.00417579
v 0.03030750 0.02105429 0.00413380
v 0.03030750 0.02105429 0.00413380
v 0.02730750 0.02084893 0.00408151
v 0.03030750 0.02084893 0.00408151
v 0.02730750 0.02105429 0.00413380
v 0.02730750 0.02084893 0.00408151
v 0.02730750 0.02064643 0.00401905
v 0.03030750 0.02084893 0.00408151
v 0.03030750 0.02064643 0.00401905
v 0.02730750 0.02064643 0.00401905
v 0.02730750 0.02044730 0.00394657
v 0.03030750 0.02064643 0.00401905
v 0.03030750 0.02044730 0.00394657
v 0.02730750 0.02044730 0.00394657
v 0.02730750 0.02025203 0.00386426
v 0.03030750 0.02044730 0.00394657
v 0.03030750 0.02025203 0.00386426
v 0.03030750 0.02025203 0.00386426
v 0.02730750 0.02025203 0.00386426
v 0.03030750 0.02006110 0.00377231
v 0.02730750 0.02006110 0.00377231
v 0.02730750 0.02006110 0.00377231
v 0.02730750 0.01987500 0.00367097
v 0.03030750 0.02006110 0.00377231
v 0.03030750 0.01987500 0.00367097
v 0.02730750 0.01987500 0.00367097
v 0.02730750 0.01969418 0.00356047
v 0.03030750 0.01987500 0.00367097
v 0.03030750 0.01969418 0.00356047
v 0.02730750 0.01969418 0.00356047
v 0.02730750 0.01951909 0.00344109
v 0.03030750 0.01969418 0.00356047
v 0.03030750 0.01951909 0.00344109
v 0.02730750 0.01951909 0.00344109
v 0.02730750 0.01935017 0.00331314
v 0.03030750 0.01951909 0.00344109
v 0.03030750 0.01935017 0.00331314
v 0.02730750 0.01935017 0.00331314
v 0.02730750 0.01918784 0.00317693
v 0.03030750 0.01935017 0.00331314
v 0.03030750 0.01918784 0.00317693
v 0.02730750 0.01918784 0.00317693
v 0.02730750 0.01903249 0.00303279
v 0.03030750 0.01918784 0.00317693
v 0.03030750 0.01903249 0.00303279
v 0.02730750 0.01903249 0.00303279
v 0.02730750 0.01888453 0.00288109
v 0.03030750 0.01903249 0.00303279
v 0.03030750 0.01888453 0.00288109
v 0.02730750 0.01888453 0.00288109
v 0.02730750 0.01874431 0.00272220
v 0.03030750 0.01888453 0.00288109
v 0.03030750 0.01874431 0.00272220
v 0.03030750 0.01874431 0.00272220
v 0.02730750 0.01861219 0.00255653
v 0.03030750 0.01861219 0.00255653
v 0.02730750 0.01874431 0.00272220
v 0.03030750 0.01861219 0.00255653
v 0.02730750 0.01848849 0.00238447
v 0.03030750 0.01848849 0.00238447
v 0.02730750 0.01861219 0.00255653
v 0.03030750 0.01848849 0.00238447
v 0.02730750 0.01837351 0.00220646
v 0.03030750 0.01837351 0.00220646
v 0.02730750 0.01848849 0.00238447
v 0.03030750 0.01837351 0.00220646
v 0.02730750 0.01826756 0.00202294
v 0.03030750 0.01826756 0.00202294
v 0.02730750 0.01837351 0.00220646
v 0.03030750 0.01826756 0.00202294
v 0.02730750 0.01817088 0.00183436
v 0.03030750 0.01817088 0.00183436
v 0.02730750 0.01826756 0.00202294
v 0.03030750 0.01817088 0.00183436
v 0.02730750 0.01808373 0.00164121
v 0.03030750 0.01808373 0.00164121
v 0.02730750 0.01817088 0.00183436
v 0.03030750 0.01808373 0.00164121
v 0.02730750 0.01800631 0.00144394
v 0.03030750 0.01800631 0.00144394
v 0.02730750 0.01808373 0.00164121
v 0.03030750 0.01800631 0.00144394
v 0.02730750 0.01793882 0.00124307
v 0.03030750 0.01793882 0.00124307
v 0.02730750 0.01800631 0.00144394
v 0.03030750 0.01793882 0.00124307
v 0.02730750 0.01788142 0.00103908
v 0.03030750 0.01788142 0.00103908
v 0.02730750 0.01793882 0.00124307
v 0.03030750 0.01788142 0.00103908
v 0.02730750 0.01783427 0.00083248
v 0.03030750 0.01783427 0.00083248
v 0.02730750 0.01788142 0.00103908
v 0.03030750 0.01783427 0.00083248
v 0.02730750 0.01779747 0.00062379
v 0.03030750 0.01779747 0.00062379
v 0.02730750 0.01783427 0.00083248
v 0.03030750 0.01779747 0.00062379
v 0.02730750 0.01777112 0.00041352
v 0.03030750 0.01777112 0.00041352
v 0.02730750 0.01779747 0.00062379
v 0.02730750 0.01777112 0.00041352
v 0.02730750 0.01775528 0.00020220
v 0.03030750 0.01777112 0.00041352
v 0.03030750 0.01775528 0.00020220
v 0.02730750 0.01775528 0.00020220
v 0.02730750 0.01775000 -0.00000964
v 0.03030750 0.01775528 0.00020220
v 0.03030750 0.01775000 -0.00000964
v 0.02730750 0.01775000 -0.00000964
v 0.02730750 0.01775528 -0.00022149
v 0.03030750 0.01775000 -0.00000964
v 0.03030750 0.01775528 -0.00022149
v 0.02730750 0.01775528 -0.00022149
v 0.02730750 0.01777112 -0.00043281
v 0.03030750 0.01775528 -0.00022149
v 0.03030750 0.01777112 -0.00043281
v 0.02730750 0.01777112 -0.00043281
v 0.02730750 0.01779747 -0.00064307
v 0.03030750 0.01777112 -0.00043281
v 0.03030750 0.01779747 -0.00064307
v 0.02730750 0.01779747 -0.00064307
v 0.02730750 0.01783427 -0.00085176
v 0.03030750 0.01779747 -0.00064307
v 0.03030750 0.01783427 -0.00085176
v 0.02730750 0.01783427 -0.00085176
v 0.02730750 0.01788142 -0.00105836
v 0.03030750 0.01783427 -0.00085176
v 0.03030750 0.01788142 -0.00105836
v 0.02730750 0.01788142 -0.00105836
v 0.02730750 0.01793882 -0.00126235
v 0.03030750 0.01788142 -0.00105836
v 0.03030750 0.01793882 -0.00126235
v 0.02730750 0.01793882 -0.00126235
v 0.02730750 0.01800631 -0.00146323
v 0.03030750 0.01793882 -0.00126235
v 0.03030750 0.01800631 -0.00146323
v 0.02730750 0.01800631 -0.00146323
v 0.02730750 0.01808373 -0.00166049
v 0.03030750 0.01800631 -0.00146323
v 0.03030750 0.01808373 -0.00166049
v 0.02730750 0.01808373 -0.00166049
v 0.02730750 0.01817088 -0.00185365
v 0.03030750 0.01808373 -0.00166049
v 0.03030750 0.01817088 -0.00185365
v 0.02730750 0.01817088 -0.00185365
v 0.02730750 0.01826756 -0.00204222
v 0.03030750 0.01817088 -0.00185365
v 0.03030750 0.01826756 -0.00204222
v 0.02730750 0.01826756 -0.00204222
v 0.02730750 0.01837351 -0.00222574
v 0.03030750 0.01826756 -0.00204222
v 0.03030750 0.01837351 -0.00222574
v 0.02730750 0.01837351 -0.00222574
v 0.02730750 0.01848849 -0.00240375
v 0.03030750 0.01837351 -0.00222574
v 0.03030750 0.01848849 -0.00240375
v 0.02730750 0.01848849 -0.00240375
v 0.02730750 0.01861219 -0.00257581
v 0.03030750 0.01848849 -0.00240375
v 0.03030750 0.01861219 -0.00257581
v 0.02730750 0.01861219 -0.00257581
v 0.02730750 0.01874431 -0.00274149
v 0.03030750 0.01861219 -0.00257581
v 0.03030750 0.01874431 -0.00274149
v 0.02730750 0.01874431 -0.00274149
v 0.02730750 0.01888453 -0.00290038
v 0.03030750 0.01874431 -0.00274149
v 0.03030750 0.01888453 -0.00290038
v 0.02730750 0.01888453 -0.00290038
v 0.02730750 0.01903249 -0.00305208
v 0.03030750 0.01888453 -0.00290038
v 0.03030750 0.01903249 -0.00305208
v 0.02730750 0.01903249 -0.00305208
v 0.02730750 0.01918784 -0.00319621
v 0.03030750 0.01903249 -0.00305208
v 0.03030750 0.01918784 -0.00319621
v 0.02730750 0.01918784 -0.00319621
v 0.02730750 0.01935017 -0.00333243
v 0.03030750 0.01918784 -0.00319621
v 0.03030750 0.01935017 -0.00333243
v 0.02730750 0.01935017 -0.00333243
v 0.02730750 0.01951909 -0.00346038
v 0.03030750 0.01935017 -0.00333243
v 0.03030750 0.01951909 -0.00346038
v 0.03030750 0.01951909 -0.00346038
v 0.02730750 0.01969418 -0.00357975
v 0.03030750 0.01969418 -0.00357975
v 0.02730750 0.01951909 -0.00346038
v 0.03030750 0.01969418 -0.00357975
v 0.02730750 0.01987500 -0.00369025
v 0.03030750 0.01987500 -0.00369025
v 0.02730750 0.01969418 -0.00357975
v 0.03030750 0.01987500 -0.00369025
v 0.02730750 0.02006110 -0.00379160
v 0.03030750 0.02006110 -0.00379160
v 0.02730750 0.01987500 -0.00369025
v 0.03030750 0.02006110 -0.00379160
v 0.02730750 0.02025203 -0.00388354
v 0.03030750 0.02025203 -0.00388354
v 0.02730750 0.02006110 -0.00379160
v 0.03030750 0.02025203 -0.00388354
v 0.02730750 0.02044730 -0.00396586
v 0.03030750 0.02044730 -0.00396586
v 0.02730750 0.02025203 -0.00388354
v 0.02730750 0.02044730 -0.00396586
v 0.02730750 0.02064643 -0.00403833
v 0.03030750 0.02044730 -0.00396586
v 0.03030750 0.02064643 -0.00403833
v 0.02730750 0.02064643 -0.00403833
v 0.02730750 0.02084893 -0.00410079
v 0.03030750 0.02064643 -0.00403833
v 0.03030750 0.02084893 -0.00410079
v 0.02730750 0.02084893 -0.00410079
v 0.02730750 0.02105429 -0.00415309
v 0.03030750 0.02084893 -0.00410079
v 0.03030750 0.02105429 -0.00415309
v 0.02730750 0.02105429 -0.00415309
v 0.02730750 0.02126200 -0.00419508
v 0.03030750 0.02105429 -0.00415309
v 0.03030750 0.02126200 -0.00419508
v 0.02730750 0.02126200 -0.00419508
v 0.02730750 0.02147154 -0.00422666
v 0.03030750 0.02126200 -0.00419508
v 0.03030750 0.02147154 -0.00422666
v 0.02730750 0.02147154 -0.00422666
v 0.02730750 0.02168240 -0.00424776
v 0.03030750 0.02147154 -0.00422666
v 0.03030750 0.02168240 -0.00424776
v 0.03030750 0.02168240 -0.00424776
v 0.02730750 0.02168240 -0.00424776
v 0.03030750 0.02189404 -0.00425832
v 0.02730750 0.02189404 -0.00425832
v 0.02730750 0.02189404 -0.00425832
v 0.02730750 0.02210596 -0.00425832
v 0.03030750 0.02189404 -0.00425832
v 0.03030750 0.02210596 -0.00425832
v 0.02730750 0.02210596 -0.00425832
v 0.02730750 0.02231760 -0.00424776
v 0.03030750 0.02210596 -0.00425832
v 0.03030750 0.02231760 -0.00424776
v 0.02730750 0.02231760 -0.00424776
v 0.02730750 0.02252846 -0.00422666
v 0.03030750 0.02231760 -0.00424776
v 0.03030750 0.02252846 -0.00422666
v 0.02730750 0.02252846 -0.00422666
v 0.02730750 0.02273800 -0.00419508
v 0.03030750 0.02252846 -0.00422666
v 0.03030750 0.02273800 -0.00419508
v 0.03030750 0.02294571 -0.00415309
v 0.02730750 0.02294571 -0.00415309
v 0.03030750 0.02315107 -0.00410079
v 0.02730750 0.02273800 -0.00419508
v 0.02730750 0.02294571 -0.00415309
v 0.03030750 0.02273800 -0.00419508
v 0.03030750 0.02294571 -0.00415309
v 0.02730750 0.02315107 -0.00410079
v 0.03030750 0.02315107 -0.00410079
v 0.02730750 0.02335357 -0.00403833
v 0.03030750 0.02335357 -0.00403833
v 0.02730750 0.02315107 -0.00410079
v 0.03030750 0.02335357 -0.00403833
v 0.02730750 0.02355270 -0.00396586
v 0.03030750 0.02355270 -0.00396586
v 0.02730750 0.02335357 -0.00403833
v 0.03030750 0.02355270 -0.00396586
v 0.02730750 0.02374797 -0.00388354
v 0.03030750 0.02374797 -0.00388354
v 0.03030750 0.02374797 -0.00388354
v 0.02730750 0.02374797 -0.00388354
v 0.03030750 0.02393890 -0.00379160
v 0.02730750 0.02355270 -0.00396586
v 0.02730750 0.02393890 -0.00379160
v 0.03030750 0.02393890 -0.00379160
v 0.02730750 0.02412500 -0.00369025
v 0.03030750 0.02412500 -0.00369025
v 0.02730750 0.02393890 -0.00379160
v 0.03030750 0.02412500 -0.00369025
v 0.02730750 0.02430582 -0.00357975
v 0.03030750 0.02430582 -0.00357975
v 0.02730750 0.02412500 -0.00369025
v 0.03030750 0.02430582 -0.00357975
v 0.02730750 0.02448091 -0.00346038
v 0.03030750 0.02448091 -0.00346038
v 0.03030750 0.02448091 -0.00346038
v 0.02730750 0.02448091 -0.00346038
v 0.03030750 0.02464983 -0.00333243
v 0.02730750 0.02430582 -0.00357975
v 0.02730750 0.02464983 -0.00333243
v 0.03030750 0.02464983 -0.00333243
v 0.02730750 0.02481216 -0.00319621
v 0.03030750 0.02481216 -0.00319621
v 0.03030750 0.02481216 -0.00319621
v 0.02730750 0.02481216 -0.00319621
v 0.03030750 0.02496751 -0.00305208
v 0.02730750 0.02464983 -0.00333243
v 0.02730750 0.02496751 -0.00305208
v 0.03030750 0.02496751 -0.00305208
v 0.02730750 0.02511547 -0.00290038
v 0.03030750 0.02511547 -0.00290038
v 0.02730750 0.02496751 -0.00305208
v 0.02730750 0.02511547 -0.00290038
v 0.02730750 0.02525569 -0.00274149
v 0.03030750 0.02511547 -0.00290038
v 0.03030750 0.02525569 -0.00274149
v 0.02730750 0.02525569 -0.00274149
v 0.02730750 0.02538781 -0.00257581
v 0.03030750 0.02525569 -0.00274149
v 0.03030750 0.02538781 -0.00257581
v 0.02730750 0.02538781 -0.00257581
v 0.02730750 0.02551151 -0.00240375
v 0.03030750 0.02538781 -0.00257581
v 0.03030750 0.02551151 -0.00240375
v 0.02730750 0.02551151 -0.00240375
v 0.02730750 0.02562649 -0.00222574
v 0.03030750 0.02551151 -0.00240375
v 0.03030750 0.02562649 -0.00222574
v 0.03030750 0.02562649 -0.00222574
v 0.02730750 0.02573244 -0.00204222
v 0.03030750 0.02573244 -0.00204222
v 0.02730750 0.02562649 -0.00222574
v 0.03030750 0.02573244 -0.00204222
v 0.02730750 0.02582912 -0.00185365
v 0.03030750 0.02582912 -0.00185365
v 0.02730750 0.02573244 -0.00204222
v 0.03030750 0.02582912 -0.00185365
v 0.02730750 0.02591627 -0.00166049
v 0.03030750 0.02591627 -0.00166049
v 0.02730750 0.02582912 -0.00185365
v 0.03030750 0.02591627 -0.00166049
v 0.02730750 0.02599369 -0.00146323
v 0.03030750 0.02599369 -0.00146323
v 0.02730750 0.02591627 -0.00166049
v 0.03030750 0.02599369 -0.00146323
v 0.02730750 0.02606118 -0.00126235
v 0.03030750 0.02606118 -0.00126235
v 0.02730750 0.02599369 -0.00146323
v 0.03030750 0.02606118 -0.00126235
v 0.02730750 0.02611858 -0.00105836
v 0.03030750 0.02611858 -0.00105836
v 0.02730750 0.02606118 -0.00126235
v 0.03030750 0.02611858 -0.00105836
v 0.02730750 0.02616573 -0.00085176
v 0.03030750 0.02616573 -0.00085176
v 0.02730750 0.02611858 -0.00105836
v 0.03030750 0.02616573 -0.00085176
v 0.02730750 0.02620253 -0.00064307
v 0.03030750 0.02620253 -0.00064307
v 0.02730750 0.02616573 -0.00085176
v 0.03030750 0.02620253 -0.00064307
v 0.02730750 0.02622888 -0.00043281
v 0.03030750 0.02622888 -0.00043281
v 0.02730750 0.02620253 -0.00064307
v 0.03030750 0.02622888 -0.00043281
v 0.02730750 0.02624472 -0.00022149
v 0.03030750 0.02624472 -0.00022149
v 0.02730750 0.02622888 -0.00043281
v 0.03030750 0.02624472 -0.00022149
v 0.02730750 0.02625000 -0.00000964
v 0.03030750 0.02625000 -0.00000964
v 0.02730750 0.02624472 -0.00022149
v 0.02730750 0.01903249 -0.00305208
v 0.02730750 0.01935017 -0.00333243
v 0.02730750 0.01918784 -0.00319621
v 0.02730750 0.01987500 -0.00369025
v 0.02730750 0.01874431 -0.00274149
v 0.02730750 0.01888453 -0.00290038
v 0.02730750 0.01951909 -0.00346038
v 0.02730750 0.01969418 -0.00357975
v 0.02730750 0.01837351 -0.00222574
v 0.02730750 0.01826756 -0.00204222
v 0.02730750 0.01848849 -0.00240375
v 0.02730750 0.01861219 -0.00257581
v 0.02730750 0.02006110 -0.00379160
v 0.02730750 0.02025203 -0.00388354
v 0.02730750 0.01793882 -0.00126235
v 0.02730750 0.01800631 -0.00146323
v 0.02730750 0.01808373 -0.00166049
v 0.02730750 0.01817088 -0.00185365
v 0.02730750 0.02105429 -0.00415309
v 0.02730750 0.02044730 -0.00396586
v 0.02730750 0.02064643 -0.00403833
v 0.02730750 0.02084893 -0.00410079
v 0.02730750 0.02147154 -0.00422666
v 0.02730750 0.02126200 -0.00419508
v 0.02730750 0.02168240 -0.00424776
v 0.02730750 0.01775528 -0.00022149
v 0.02730750 0.01775000 -0.00000964
v 0.02730750 0.01777112 -0.00043281
v 0.02730750 0.01779747 -0.00064307
v 0.02730750 0.01783427 -0.00085176
v 0.02730750 0.01788142 -0.00105836
v 0.02730750 0.02210596 -0.00425832
v 0.02730750 0.02189404 -0.00425832
v 0.02730750 0.01775528 0.00020220
v 0.02730750 0.02252846 -0.00422666
v 0.02730750 0.02231760 -0.00424776
v 0.02730750 0.01783427 0.00083248
v 0.02730750 0.01788142 0.00103908
v 0.02730750 0.01779747 0.00062379
v 0.02730750 0.01777112 0.00041352
v 0.02730750 0.02315107 -0.00410079
v 0.02730750 0.02273800 -0.00419508
v 0.02730750 0.02294571 -0.00415309
v 0.02730750 0.01793882 0.00124307
v 0.02730750 0.02335357 -0.00403833
v 0.02730750 0.01800631 0.00144394
v 0.02730750 0.01808373 0.00164121
v 0.02730750 0.02374797 -0.00388354
v 0.02730750 0.02355270 -0.00396586
v 0.02730750 0.01817088 0.00183436
v 0.02730750 0.02412500 -0.00369025
v 0.02730750 0.02393890 -0.00379160
v 0.02730750 0.02430582 -0.00357975
v 0.02730750 0.01848849 0.00238447
v 0.02730750 0.01861219 0.00255653
v 0.02730750 0.01837351 0.00220646
v 0.02730750 0.01826756 0.00202294
v 0.02730750 0.02464983 -0.00333243
v 0.02730750 0.02448091 -0.00346038
v 0.02730750 0.01874431 0.00272220
v 0.02730750 0.02511547 -0.00290038
v 0.02730750 0.02481216 -0.00319621
v 0.02730750 0.02496751 -0.00305208
v 0.02730750 0.01903249 0.00303279
v 0.02730750 0.01918784 0.00317693
v 0.02730750 0.01888453 0.00288109
v 0.02730750 0.01951909 0.00344109
v 0.02730750 0.01935017 0.00331314
v 0.02730750 0.02525569 -0.00274149
v 0.02730750 0.02551151 -0.00240375
v 0.02730750 0.02538781 -0.00257581
v 0.02730750 0.02562649 -0.00222574
v 0.02730750 0.01969418 0.00356047
v 0.02730750 0.01987500 0.00367097
v 0.02730750 0.02006110 0.00377231
v 0.02730750 0.02025203 0.00386426
v 0.02730750 0.02591627 -0.00166049
v 0.02730750 0.02573244 -0.00204222
v 0.02730750 0.02582912 -0.00185365
v 0.02730750 0.02044730 0.00394657
v 0.02730750 0.02606118 -0.00126235
v 0.02730750 0.02599369 -0.00146323
v 0.02730750 0.02105429 0.00413380
v 0.02730750 0.02126200 0.00417579
v 0.02730750 0.02084893 0.00408151
v 0.02730750 0.02064643 0.00401905
v 0.02730750 0.02624472 -0.00022149
v 0.02730750 0.02611858 -0.00105836
v 0.02730750 0.02616573 -0.00085176
v 0.02730750 0.02620253 -0.00064307
v 0.02730750 0.02622888 -0.00043281
v 0.02730750 0.02168240 0.00422847
v 0.02730750 0.02189404 0.00423904
v 0.02730750 0.02147154 0.00420737
v 0.02730750 0.02624472 0.00020220
v 0.02730750 0.02625000 -0.00000964
v 0.02730750 0.02620253 0.00062379
v 0.02730750 0.02622888 0.00041352
v 0.02730750 0.02315107 0.00408151
v 0.02730750 0.02294571 0.00413380
v 0.02730750 0.02273800 0.00417579
v 0.02730750 0.02252846 0.00420737
v 0.02730750 0.02231760 0.00422847
v 0.02730750 0.02210596 0.00423904
v 0.02730750 0.02606118 0.00124307
v 0.02730750 0.02616573 0.00083248
v 0.02730750 0.02611858 0.00103908
v 0.02730750 0.02335357 0.00401905
v 0.02730750 0.02599369 0.00144394
v 0.02730750 0.02582912 0.00183436
v 0.02730750 0.02591627 0.00164121
v 0.02730750 0.02393890 0.00377231
v 0.02730750 0.02412500 0.00367097
v 0.02730750 0.02374797 0.00386426
v 0.02730750 0.02355270 0.00394657
v 0.02730750 0.02562649 0.00220646
v 0.02730750 0.02573244 0.00202294
v 0.02730750 0.02430582 0.00356047
v 0.02730750 0.02448091 0.00344109
v 0.02730750 0.02464983 0.00331314
v 0.02730750 0.02481216 0.00317693
v 0.02730750 0.02511547 0.00288109
v 0.02730750 0.02551151 0.00238447
v 0.02730750 0.02538781 0.00255653
v 0.02730750 0.02525569 0.00272220
v 0.02730750 0.02496751 0.00303279
v 0.03030750 0.01935017 -0.00333243
v 0.03030750 0.01903249 -0.00305208
v 0.03030750 0.01918784 -0.00319621
v 0.03030750 0.01987500 -0.00369025
v 0.03030750 0.01874431 -0.00274149
v 0.03030750 0.01888453 -0.00290038
v 0.03030750 0.01951909 -0.00346038
v 0.03030750 0.01969418 -0.00357975
v 0.03030750 0.01826756 -0.00204222
v 0.03030750 0.01837351 -0.00222574
v 0.03030750 0.01848849 -0.00240375
v 0.03030750 0.01861219 -0.00257581
v 0.03030750 0.02006110 -0.00379160
v 0.03030750 0.02025203 -0.00388354
v 0.03030750 0.01793882 -0.00126235
v 0.03030750 0.01800631 -0.00146323
v 0.03030750 0.01808373 -0.00166049
v 0.03030750 0.01817088 -0.00185365
v 0.03030750 0.02105429 -0.00415309
v 0.03030750 0.02044730 -0.00396586
v 0.03030750 0.02064643 -0.00403833
v 0.03030750 0.02084893 -0.00410079
v 0.03030750 0.02147154 -0.00422666
v 0.03030750 0.02126200 -0.00419508
v 0.03030750 0.02168240 -0.00424776
v 0.03030750 0.01775000 -0.00000964
v 0.03030750 0.01775528 -0.00022149
v 0.03030750 0.01777112 -0.00043281
v 0.03030750 0.01779747 -0.00064307
v 0.03030750 0.01783427 -0.00085176
v 0.03030750 0.01788142 -0.00105836
v 0.03030750 0.02210596 -0.00425832
v 0.03030750 0.02189404 -0.00425832
v 0.03030750 0.01775528 0.00020220
v 0.03030750 0.02252846 -0.00422666
v 0.03030750 0.02231760 -0.00424776
v 0.03030750 0.01788142 0.00103908
v 0.03030750 0.01783427 0.00083248
v 0.03030750 0.01779747 0.00062379
v 0.03030750 0.01777112 0.00041352
v 0.03030750 0.02315107 -0.00410079
v 0.03030750 0.02273800 -0.00419508
v 0.03030750 0.02294571 -0.00415309
v 0.03030750 0.01793882 0.00124307
v 0.03030750 0.02335357 -0.00403833
v 0.03030750 0.01808373 0.00164121
v 0.03030750 0.01800631 0.00144394
v 0.03030750 0.02374797 -0.00388354
v 0.03030750 0.02355270 -0.00396586
v 0.03030750 0.01817088 0.00183436
v 0.03030750 0.02412500 -0.00369025
v 0.03030750 0.02393890 -0.00379160
v 0.03030750 0.02430582 -0.00357975
v 0.03030750 0.01861219 0.00255653
v 0.03030750 0.01848849 0.00238447
v 0.03030750 0.01837351 0.00220646
v 0.03030750 0.01826756 0.00202294
v 0.03030750 0.02464983 -0.00333243
v 0.03030750 0.02448091 -0.00346038
v 0.03030750 0.01874431 0.00272220
v 0.03030750 0.02511547 -0.00290038
v 0.03030750 0.02481216 -0.00319621
v 0.03030750 0.02496751 -0.00305208
v 0.03030750 0.01918784 0.00317693
v 0.03030750 0.01903249 0.00303279
v 0.03030750 0.01888453 0.00288109
v 0.03030750 0.01951909 0.00344109
v 0.03030750 0.01935017 0.00331314
v 0.03030750 0.02551151 -0.00240375
v 0.03030750 0.02525569 -0.00274149
v 0.03030750 0.02538781 -0.00257581
v 0.03030750 0.02562649 -0.00222574
v 0.03030750 0.01987500 0.00367097
v 0.03030750 0.01969418 0.00356047
v 0.03030750 0.02006110 0.00377231
v 0.03030750 0.02025203 0.00386426
v 0.03030750 0.02591627 -0.00166049
v 0.03030750 0.02573244 -0.00204222
v 0.03030750 0.02582912 -0.00185365
v 0.03030750 0.02044730 0.00394657
v 0.03030750 0.02606118 -0.00126235
v 0.03030750 0.02599369 -0.00146323
v 0.03030750 0.02126200 0.00417579
v 0.03030750 0.02105429 0.00413380
v 0.03030750 0.02084893 0.00408151
v 0.03030750 0.02064643 0.00401905
v 0.03030750 0.02624472 -0.00022149
v 0.03030750 0.02611858 -0.00105836
v 0.03030750 0.02616573 -0.00085176
v 0.03030750 0.02620253 -0.00064307
v 0.03030750 0.02622888 -0.00043281
v 0.03030750 0.02189404 0.00423904
v 0.03030750 0.02168240 0.00422847
v 0.03030750 0.02147154 0.00420737
v 0.03030750 0.02624472 0.00020220
v 0.03030750 0.02625000 -0.00000964
v 0.03030750 0.02620253 0.00062379
v 0.03030750 0.02622888 0.00041352
v 0.03030750 0.02315107 0.00408151
v 0.03030750 0.02294571 0.00413380
v 0.03030750 0.02273800 0.00417579
v 0.03030750 0.02252846 0.00420737
v 0.03030750 0.02231760 0.00422847
v 0.03030750 0.02210596 0.00423904
v 0.03030750 0.02606118 0.00124307
v 0.03030750 0.02616573 0.00083248
v 0.03030750 0.02611858 0.00103908
v 0.03030750 0.02335357 0.00401905
v 0.03030750 0.02599369 0.00144394
v 0.03030750 0.02582912 0.00183436
v 0.03030750 0.02591627 0.00164121
v 0.03030750 0.02412500 0.00367097
v 0.03030750 0.02393890 0.00377231
v 0.03030750 0.02374797 0.00386426
v 0.03030750 0.02355270 0.00394657
v 0.03030750 0.02562649 0.00220646
v 0.03030750 0.02573244 0.00202294
v 0.03030750 0.02448091 0.00344109
v 0.03030750 0.02430582 0.00356047
v 0.03030750 0.02464983 0.00331314
v 0.03030750 0.02481216 0.00317693
v 0.03030750 0.02511547 0.00288109
v 0.03030750 0.02551151 0.00238447
v 0.03030750 0.02538781 0.00255653
v 0.03030750 0.02525569 0.00272220
v 0.03030750 0.02496751 0.00303279
v 0.02730750 -0.01775000 -0.00000964
v 0.02730750 -0.01775528 0.00020220
v 0.03030750 -0.01775000 -0.00000964
v 0.03030750 -0.01775528 0.00020220
v 0.03030750 -0.01775528 0.00020220
v 0.02730750 -0.01777112 0.00041352
v 0.03030750 -0.01777112 0.00041352
v 0.03030750 -0.01777112 0.00041352
v 0.02730750 -0.01777112 0.00041352
v 0.03030750 -0.01779747 0.00062379
v 0.02730750 -0.01775528 0.00020220
v 0.02730750 -0.01779747 0.00062379
v 0.03030750 -0.01779747 0.00062379
v 0.02730750 -0.01783427 0.00083248
v 0.03030750 -0.01783427 0.00083248
v 0.03030750 -0.01783427 0.00083248
v 0.02730750 -0.01783427 0.00083248
v 0.03030750 -0.01788142 0.00103908
v 0.02730750 -0.01779747 0.00062379
v 0.03030750 -0.01788142 0.00103908
v 0.02730750 -0.01788142 0.00103908
v 0.03030750 -0.01793882 0.00124307
v 0.02730750 -0.01788142 0.00103908
v 0.02730750 -0.01793882 0.00124307
v 0.03030750 -0.01793882 0.00124307
v 0.02730750 -0.01800631 0.00144394
v 0.03030750 -0.01800631 0.00144394
v 0.02730750 -0.01793882 0.00124307
v 0.03030750 -0.01800631 0.00144394
v 0.02730750 -0.01808373 0.00164121
v 0.03030750 -0.01808373 0.00164121
v 0.03030750 -0.01808373 0.00164121
v 0.02730750 -0.01808373 0.00164121
v 0.03030750 -0.01817088 0.00183436
v 0.02730750 -0.01800631 0.00144394
v 0.02730750 -0.01817088 0.00183436
v 0.03030750 -0.01817088 0.00183436
v 0.02730750 -0.01826756 0.00202294
v 0.03030750 -0.01826756 0.00202294
v 0.02730750 -0.01817088 0.00183436
v 0.02730750 -0.01826756 0.00202294
v 0.02730750 -0.01837351 0.00220646
v 0.03030750 -0.01826756 0.00202294
v 0.03030750 -0.01837351 0.00220646
v 0.02730750 -0.01837351 0.00220646
v 0.02730750 -0.01848849 0.00238447
v 0.03030750 -0.01837351 0.00220646
v 0.03030750 -0.01848849 0.00238447
v 0.02730750 -0.01848849 0.00238447
v 0.02730750 -0.01861219 0.00255653
v 0.03030750 -0.01848849 0.00238447
v 0.03030750 -0.01861219 0.00255653
v 0.02730750 -0.01861219 0.00255653
v 0.02730750 -0.01874431 0.00272220
v 0.03030750 -0.01861219 0.00255653
v 0.03030750 -0.01874431 0.00272220
v 0.03030750 -0.01874431 0.00272220
v 0.02730750 -0.01888453 0.00288109
v 0.03030750 -0.01888453 0.00288109
v 0.02730750 -0.01874431 0.00272220
v 0.03030750 -0.01888453 0.00288109
v 0.02730750 -0.01903249 0.00303279
v 0.03030750 -0.01903249 0.00303279
v 0.02730750 -0.01888453 0.00288109
v 0.03030750 -0.01903249 0.00303279
v 0.02730750 -0.01918784 0.00317693
v 0.03030750 -0.01918784 0.00317693
v 0.02730750 -0.01903249 0.00303279
v 0.03030750 -0.01918784 0.00317693
v 0.02730750 -0.01935017 0.00331314
v 0.03030750 -0.01935017 0.00331314
v 0.02730750 -0.01918784 0.00317693
v 0.03030750 -0.01935017 0.00331314
v 0.02730750 -0.01951909 0.00344109
v 0.03030750 -0.01951909 0.00344109
v 0.02730750 -0.01935017 0.00331314
v 0.03030750 -0.01951909 0.00344109
v 0.02730750 -0.01969418 0.00356047
v 0.03030750 -0.01969418 0.00356047
v 0.03030750 -0.01969418 0.00356047
v 0.02730750 -0.01969418 0.00356047
v 0.03030750 -0.01987500 0.00367097
v 0.02730750 -0.01951909 0.00344109
v 0.02730750 -0.01987500 0.00367097
v 0.03030750 -0.01987500 0.00367097
v 0.02730750 -0.02006110 0.00377231
v 0.03030750 -0.02006110 0.00377231
v 0.03030750 -0.02006110 0.00377231
v 0.02730750 -0.02006110 0.00377231
v 0.03030750 -0.02025203 0.00386426
v 0.02730750 -0.01987500 0.00367097
v 0.02730750 -0.02025203 0.00386426
v 0.03030750 -0.02025203 0.00386426
v 0.02730750 -0.02044730 0.00394657
v 0.03030750 -0.02044730 0.00394657
v 0.03030750 -0.02044730 0.00394657
v 0.02730750 -0.02044730 0.00394657
v 0.03030750 -0.02064643 0.00401905
v 0.02730750 -0.02025203 0.00386426
v 0.02730750 -0.02064643 0.00401905
v 0.03030750 -0.02064643 0.00401905
v 0.02730750 -0.02084893 0.00408151
v 0.03030750 -0.02084893 0.00408151
v 0.02730750 -0.02064643 0.00401905
v 0.03030750 -0.02084893 0.00408151
v 0.02730750 -0.02105429 0.00413380
v 0.03030750 -0.02105429 0.00413380
v 0.03030750 -0.02105429 0.00413380
v 0.02730750 -0.02105429 0.00413380
v 0.03030750 -0.02126200 0.00417579
v 0.02730750 -0.02084893 0.00408151
v 0.03030750 -0.02126200 0.00417579
v 0.02730750 -0.02126200 0.00417579
v 0.03030750 -0.02147154 0.00420737
v 0.02730750 -0.02126200 0.00417579
v 0.02730750 -0.02147154 0.00420737
v 0.03030750 -0.02147154 0.00420737
v 0.02730750 -0.02168240 0.00422847
v 0.03030750 -0.02168240 0.00422847
v 0.03030750 -0.02168240 0.00422847
v 0.02730750 -0.02168240 0.00422847
v 0.03030750 -0.02189404 0.00423904
v 0.02730750 -0.02147154 0.00420737
v 0.02730750 -0.02189404 0.00423904
v 0.03030750 -0.02189404 0.00423904
v 0.02730750 -0.02210596 0.00423904
v 0.03030750 -0.02210596 0.00423904
v 0.03030750 -0.02210596 0.00423904
v 0.02730750 -0.02210596 0.00423904
v 0.03030750 -0.02231760 0.00422847
v 0.02730750 -0.02189404 0.00423904
v 0.02730750 -0.02231760 0.00422847
v 0.03030750 -0.02231760 0.00422847
v 0.02730750 -0.02252846 0.00420737
v 0.03030750 -0.02252846 0.00420737
v 0.03030750 -0.02252846 0.00420737
v 0.02730750 -0.02252846 0.00420737
v 0.03030750 -0.02273800 0.00417579
v 0.02730750 -0.02231760 0.00422847
v 0.02730750 -0.02273800 0.00417579
v 0.02730750 -0.02273800 0.00417579
v 0.02730750 -0.02294571 0.00413380
v 0.03030750 -0.02273800 0.00417579
v 0.03030750 -0.02294571 0.00413380
v 0.03030750 -0.02294571 0.00413380
v 0.02730750 -0.02315107 0.00408151
v 0.03030750 -0.02315107 0.00408151
v 0.02730750 -0.02294571 0.00413380
v 0.02730750 -0.02315107 0.00408151
v 0.02730750 -0.02335357 0.00401905
v 0.03030750 -0.02315107 0.00408151
v 0.03030750 -0.02335357 0.00401905
v 0.02730750 -0.02335357 0.00401905
v 0.02730750 -0.02355270 0.00394657
v 0.03030750 -0.02335357 0.00401905
v 0.03030750 -0.02355270 0.00394657
v 0.02730750 -0.02355270 0.00394657
v 0.02730750 -0.02374797 0.00386426
v 0.03030750 -0.02355270 0.00394657
v 0.03030750 -0.02374797 0.00386426
v 0.03030750 -0.02374797 0.00386426
v 0.02730750 -0.02374797 0.00386426
v 0.03030750 -0.02393890 0.00377231
v 0.02730750 -0.02393890 0.00377231
v 0.02730750 -0.02393890 0.00377231
v 0.02730750 -0.02412500 0.00367097
v 0.03030750 -0.02393890 0.00377231
v 0.03030750 -0.02412500 0.00367097
v 0.02730750 -0.02412500 0.00367097
v 0.02730750 -0.02430582 0.00356047
v 0.03030750 -0.02412500 0.00367097
v 0.03030750 -0.02430582 0.00356047
v 0.02730750 -0.02430582 0.00356047
v 0.02730750 -0.02448091 0.00344109
v 0.03030750 -0.02430582 0.00356047
v 0.03030750 -0.02448091 0.00344109
v 0.02730750 -0.02448091 0.00344109
v 0.02730750 -0.02464983 0.00331314
v 0.03030750 -0.02448091 0.00344109
v 0.03030750 -0.02464983 0.00331314
v 0.02730750 -0.02464983 0.00331314
v 0.02730750 -0.02481216 0.00317693
v 0.03030750 -0.02464983 0.00331314
v 0.03030750 -0.02481216 0.00317693
v 0.02730750 -0.02481216 0.00317693
v 0.02730750 -0.02496751 0.00303279
v 0.03030750 -0.02481216 0.00317693
v 0.03030750 -0.02496751 0.00303279
v 0.02730750 -0.02496751 0.00303279
v 0.02730750 -0.02511547 0.00288109
v 0.03030750 -0.02496751 0.00303279
v 0.03030750 -0.02511547 0.00288109
v 0.02730750 -0.02511547 0.00288109
v 0.02730750 -0.02525569 0.00272220
v 0.03030750 -0.02511547 0.00288109
v 0.03030750 -0.02525569 0.00272220
v 0.03030750 -0.02525569 0.00272220
v 0.02730750 -0.02538781 0.00255653
v 0.03030750 -0.02538781 0.00255653
v 0.02730750 -0.02525569 0.00272220
v 0.03030750 -0.02538781 0.00255653
v 0.02730750 -0.02551151 0.00238447
v 0.03030750 -0.02551151 0.00238447
v 0.02730750 -0.02538781 0.00255653
v 0.03030750 -0.02551151 0.00238447
v 0.02730750 -0.02562649 0.00220646
v 0.03030750 -0.02562649 0.00220646
v 0.02730750 -0.02551151 0.00238447
v 0.03030750 -0.02562649 0.00220646
v 0.02730750 -0.02573244 0.00202294
v 0.03030750 -0.02573244 0.00202294
v 0.02730750 -0.02562649 0.00220646
v 0.03030750 -0.02573244 0.00202294
v 0.02730750 -0.02582912 0.00183436
v 0.03030750 -0.02582912 0.00183436
v 0.02730750 -0.02573244 0.00202294
v 0.03030750 -0.02582912 0.00183436
v 0.02730750 -0.02591627 0.00164121
v 0.03030750 -0.02591627 0.00164121
v 0.02730750 -0.02582912 0.00183436
v 0.03030750 -0.02591627 0.00164121
v 0.02730750 -0.02599369 0.00144394
v 0.03030750 -0.02599369 0.00144394
v 0.02730750 -0.02591627 0.00164121
v 0.03030750 -0.02599369 0.00144394
v 0.02730750 -0.02606118 0.00124307
v 0.03030750 -0.02606118 0.00124307
v 0.02730750 -0.02599369 0.00144394
v 0.03030750 -0.02606118 0.00124307
v 0.02730750 -0.02611858 0.00103908
v 0.03030750 -0.02611858 0.00103908
v 0.02730750 -0.02606118 0.00124307
v 0.03030750 -0.02611858 0.00103908
v 0.02730750 -0.02616573 0.00083248
v 0.03030750 -0.02616573 0.00083248
v 0.02730750 -0.02611858 0.00103908
v 0.03030750 -0.02616573 0.00083248
v 0.02730750 -0.02620253 0.00062379
v 0.03030750 -0.02620253 0.00062379
v 0.02730750 -0.02616573 0.00083248
v 0.03030750 -0.02620253 0.00062379
v 0.02730750 -0.02622888 0.00041352
v 0.03030750 -0.02622888 0.00041352
v 0.02730750 -0.02620253 0.00062379
v 0.02730750 -0.02622888 0.00041352
v 0.02730750 -0.02624472 0.00020220
v 0.03030750 -0.02622888 0.00041352
v 0.03030750 -0.02624472 0.00020220
v 0.02730750 -0.02624472 0.00020220
v 0.02730750 -0.02625000 -0.00000964
v 0.03030750 -0.02624472 0.00020220
v 0.03030750 -0.02625000 -0.00000964
v 0.02730750 -0.02625000 -0.00000964
v 0.02730750 -0.02624472 -0.00022149
v 0.03030750 -0.02625000 -0.00000964
v 0.03030750 -0.02624472 -0.00022149
v 0.02730750 -0.02624472 -0.00022149
v 0.02730750 -0.02622888 -0.00043281
v 0.03030750 -0.02624472 -0.00022149
v 0.03030750 -0.02622888 -0.00043281
v 0.02730750 -0.02622888 -0.00043281
v 0.02730750 -0.02620253 -0.00064307
v 0.03030750 -0.02622888 -0.00043281
v 0.03030750 -0.02620253 -0.00064307
v 0.02730750 -0.02620253 -0.00064307
v 0.02730750 -0.02616573 -0.00085176
v 0.03030750 -0.02620253 -0.00064307
v 0.03030750 -0.02616573 -0.00085176
v 0.02730750 -0.02616573 -0.00085176
v 0.02730750 -0.02611858 -0.00105836
v 0.03030750 -0.02616573 -0.00085176
v 0.03030750 -0.02611858 -0.00105836
v 0.02730750 -0.02611858 -0.00105836
v 0.02730750 -0.02606118 -0.00126235
v 0.03030750 -0.02611858 -0.00105836
v 0.03030750 -0.02606118 -0.00126235
v 0.02730750 -0.02606118 -0.00126235
v 0.02730750 -0.02599369 -0.00146323
v 0.03030750 -0.02606118 -0.00126235
v 0.03030750 -0.02599369 -0.00146323
v 0.02730750 -0.02599369 -0.00146323
v 0.02730750 -0.02591627 -0.00166049
v 0.03030750 -0.02599369 -0.00146323
v 0.03030750 -0.02591627 -0.00166049
v 0.02730750 -0.02591627 -0.00166049
v 0.02730750 -0.02582912 -0.00185365
v 0.03030750 -0.02591627 -0.00166049
v 0.03030750 -0.02582912 -0.00185365
v 0.02730750 -0.02582912 -0.00185365
v 0.02730750 -0.02573244 -0.00204222
v 0.03030750 -0.02582912 -0.00185365
v 0.03030750 -0.02573244 -0.00204222
v 0.02730750 -0.02573244 -0.00204222
v 0.02730750 -0.02562649 -0.00222574
v 0.03030750 -0.02573244 -0.00204222
v 0.03030750 -0.02562649 -0.00222574
v 0.02730750 -0.02562649 -0.00222574
v 0.02730750 -0.02551151 -0.00240375
v 0.03030750 -0.02562649 -0.00222574
v 0.03030750 -0.02551151 -0.00240375
v 0.02730750 -0.02551151 -0.00240375
v 0.02730750 -0.02538781 -0.00257581
v 0.03030750 -0.02551151 -0.00240375
v 0.03030750 -0.02538781 -0.00257581
v 0.02730750 -0.02538781 -0.00257581
v 0.02730750 -0.02525569 -0.00274149
v 0.03030750 -0.02538781 -0.00257581
v 0.03030750 -0.02525569 -0.00274149
v 0.02730750 -0.02525569 -0.00274149
v 0.02730750 -0.02511547 -0.00290038
v 0.03030750 -0.02525569 -0.00274149
v 0.03030750 -0.02511547 -0.00290038
v 0.02730750 -0.02511547 -0.00290038
v 0.02730750 -0.02496751 -0.00305208
v 0.03030750 -0.02511547 -0.00290038
v 0.03030750 -0.02496751 -0.00305208
v 0.02730750 -0.02496751 -0.00305208
v 0.02730750 -0.02481216 -0.00319621
v 0.03030750 -0.02496751 -0.00305208
v 0.03030750 -0.02481216 -0.00319621
v 0.02730750 -0.02481216 -0.00319621
v 0.02730750 -0.02464983 -0.00333243
v 0.03030750 -0.02481216 -0.00319621
v 0.03030750 -0.02464983 -0.00333243
v 0.02730750 -0.02464983 -0.00333243
v 0.02730750 -0.02448091 -0.00346038
v 0.03030750 -0.02464983 -0.00333243
v 0.03030750 -0.02448091 -0.00346038
v 0.03030750 -0.02448091 -0.00346038
v 0.02730750 -0.02430582 -0.00357975
v 0.03030750 -0.02430582 -0.00357975
v 0.02730750 -0.02448091 -0.00346038
v 0.03030750 -0.02430582 -0.00357975
v 0.02730750 -0.02412500 -0.00369025
v 0.03030750 -0.02412500 -0.00369025
v 0.02730750 -0.02430582 -0.00357975
v 0.03030750 -0.02412500 -0.00369025
v 0.02730750 -0.02393890 -0.00379160
v 0.03030750 -0.02393890 -0.00379160
v 0.02730750 -0.02412500 -0.00369025
v 0.03030750 -0.02393890 -0.00379160
v 0.02730750 -0.02374797 -0.00388354
v 0.03030750 -0.02374797 -0.00388354
v 0.02730750 -0.02393890 -0.00379160
v 0.03030750 -0.02374797 -0.00388354
v 0.02730750 -0.02355270 -0.00396586
v 0.03030750 -0.02355270 -0.00396586
v 0.02730750 -0.02374797 -0.00388354
v 0.02730750 -0.02355270 -0.00396586
v 0.02730750 -0.02335357 -0.00403833
v 0.03030750 -0.02355270 -0.00396586
v 0.03030750 -0.02335357 -0.00403833
v 0.02730750 -0.02335357 -0.00403833
v 0.02730750 -0.02315107 -0.00410079
v 0.03030750 -0.02335357 -0.00403833
v 0.03030750 -0.02315107 -0.00410079
v 0.02730750 -0.02315107 -0.00410079
v 0.02730750 -0.02294571 -0.00415309
v 0.03030750 -0.02315107 -0.00410079
v 0.03030750 -0.02294571 -0.00415309
v 0.02730750 -0.02294571 -0.00415309
v 0.02730750 -0.02273800 -0.00419508
v 0.03030750 -0.02294571 -0.00415309
v 0.03030750 -0.02273800 -0.00419508
v 0.02730750 -0.02273800 -0.00419508
v 0.02730750 -0.02252846 -0.00422666
v 0.03030750 -0.02273800 -0.00419508
v 0.03030750 -0.02252846 -0.00422666
v 0.02730750 -0.02252846 -0.00422666
v 0.02730750 -0.02231760 -0.00424776
v 0.03030750 -0.02252846 -0.00422666
v 0.03030750 -0.02231760 -0.00424776
v 0.03030750 -0.02231760 -0.00424776
v 0.02730750 -0.02231760 -0.00424776
v 0.03030750 -0.02210596 -0.00425832
v 0.02730750 -0.02210596 -0.00425832
v 0.02730750 -0.02210596 -0.00425832
v 0.02730750 -0.02189404 -0.00425832
v 0.03030750 -0.02210596 -0.00425832
v 0.03030750 -0.02189404 -0.00425832
v 0.02730750 -0.02189404 -0.00425832
v 0.02730750 -0.02168240 -0.00424776
v 0.03030750 -0.02189404 -0.00425832
v 0.03030750 -0.02168240 -0.00424776
v 0.02730750 -0.02168240 -0.00424776
v 0.02730750 -0.02147154 -0.00422666
v 0.03030750 -0.02168240 -0.00424776
v 0.03030750 -0.02147154 -0.00422666
v 0.02730750 -0.02147154 -0.00422666
v 0.02730750 -0.02126200 -0.00419508
v 0.03030750 -0.02147154 -0.00422666
v 0.03030750 -0.02126200 -0.00419508
v 0.03030750 -0.02105429 -0.00415309
v 0.02730750 -0.02105429 -0.00415309
v 0.03030750 -0.02084893 -0.00410079
v 0.02730750 -0.02126200 -0.00419508
v 0.02730750 -0.02105429 -0.00415309
v 0.03030750 -0.02126200 -0.00419508
v 0.03030750 -0.02105429 -0.00415309
v 0.02730750 -0.02084893 -0.00410079
v 0.03030750 -0.02084893 -0.00410079
v 0.02730750 -0.02064643 -0.00403833
v 0.03030750 -0.02064643 -0.00403833
v 0.02730750 -0.02084893 -0.00410079
v 0.03030750 -0.02064643 -0.00403833
v 0.02730750 -0.02044730 -0.00396586
v 0.03030750 -0.02044730 -0.00396586
v 0.02730750 -0.02064643 -0.00403833
v 0.03030750 -0.02044730 -0.00396586
v 0.02730750 -0.02025203 -0.00388354
v 0.03030750 -0.02025203 -0.00388354
v 0.03030750 -0.02025203 -0.00388354
v 0.02730750 -0.02025203 -0.00388354
v 0.03030750 -0.02006110 -0.00379160
v 0.02730750 -0.02044730 -0.00396586
v 0.02730750 -0.02006110 -0.00379160
v 0.03030750 -0.02006110 -0.00379160
v 0.02730750 -0.01987500 -0.00369025
v 0.03030750 -0.01987500 -0.00369025
v 0.02730750 -0.02006110 -0.00379160
v 0.03030750 -0.01987500 -0.00369025
v 0.02730750 -0.01969418 -0.00357975
v 0.03030750 -0.01969418 -0.00357975
v 0.02730750 -0.01987500 -0.00369025
v 0.03030750 -0.01969418 -0.00357975
v 0.02730750 -0.01951909 -0.00346038
v 0.03030750 -0.01951909 -0.00346038
v 0.03030750 -0.01951909 -0.00346038
v 0.02730750 -0.01951909 -0.00346038
v 0.03030750 -0.01935017 -0.00333243
v 0.02730750 -0.01969418 -0.00357975
v 0.02730750 -0.01935017 -0.00333243
v 0.03030750 -0.01935017 -0.00333243
v 0.02730750 -0.01918784 -0.00319621
v 0.03030750 -0.01918784 -0.00319621
v 0.03030750 -0.01918784 -0.00319621
v 0.02730750 -0.01918784 -0.00319621
v 0.03030750 -0.01903249 -0.00305208
v 0.02730750 -0.01935017 -0.00333243
v 0.02730750 -0.01903249 -0.00305208
v 0.03030750 -0.01903249 -0.00305208
v 0.02730750 -0.01888453 -0.00290038
v 0.03030750 -0.01888453 -0.00290038
v 0.02730750 -0.01903249 -0.00305208
v 0.02730750 -0.01888453 -0.00290038
v 0.02730750 -0.01874431 -0.00274149
v 0.03030750 -0.01888453 -0.00290038
v 0.03030750 -0.01874431 -0.00274149
v 0.02730750 -0.01874431 -0.00274149
v 0.02730750 -0.01861219 -0.00257581
v 0.03030750 -0.01874431 -0.00274149
v 0.03030750 -0.01861219 -0.00257581
v 0.02730750 -0.01861219 -0.00257581
v 0.02730750 -0.01848849 -0.00240375
v 0.03030750 -0.01861219 -0.00257581
v 0.03030750 -0.01848849 -0.00240375
v 0.02730750 -0.01848849 -0.00240375
v 0.02730750 -0.01837351 -0.00222574
v 0.03030750 -0.01848849 -0.00240375
v 0.03030750 -0.01837351 -0.00222574
v 0.03030750 -0.01837351 -0.00222574
v 0.02730750 -0.01826756 -0.00204222
v 0.03030750 -0.01826756 -0.00204222
v 0.02730750 -0.01837351 -0.00222574
v 0.03030750 -0.01826756 -0.00204222
v 0.02730750 -0.01817088 -0.00185365
v 0.03030750 -0.01817088 -0.00185365
v 0.02730750 -0.01826756 -0.00204222
v 0.03030750 -0.01817088 -0.00185365
v 0.02730750 -0.01808373 -0.00166049
v 0.03030750 -0.01808373 -0.00166049
v 0.02730750 -0.01817088 -0.00185365
v 0.03030750 -0.01808373 -0.00166049
v 0.02730750 -0.01800631 -0.00146323
v 0.03030750 -0.01800631 -0.00146323
v 0.02730750 -0.01808373 -0.00166049
v 0.03030750 -0.01800631 -0.00146323
v 0.02730750 -0.01793882 -0.00126235
v 0.03030750 -0.01793882 -0.00126235
v 0.02730750 -0.01800631 -0.00146323
v 0.03030750 -0.01793882 -0.00126235
v 0.02730750 -0.01788142 -0.00105836
v 0.03030750 -0.01788142 -0.00105836
v 0.02730750 -0.01793882 -0.00126235
v 0.03030750 -0.01788142 -0.00105836
v 0.02730750 -0.01783427 -0.00085176
v 0.03030750 -0.01783427 -0.00085176
v 0.02730750 -0.01788142 -0.00105836
v 0.03030750 -0.01783427 -0.00085176
v 0.02730750 -0.01779747 -0.00064307
v 0.03030750 -0.01779747 -0.00064307
v 0.02730750 -0.01783427 -0.00085176
v 0.03030750 -0.01779747 -0.00064307
v 0.02730750 -0.01777112 -0.00043281
v 0.03030750 -0.01777112 -0.00043281
v 0.02730750 -0.01779747 -0.00064307
v 0.03030750 -0.01777112 -0.00043281
v 0.02730750 -0.01775528 -0.00022149
v 0.03030750 -0.01775528 -0.00022149
v 0.02730750 -0.01777112 -0.00043281
v 0.03030750 -0.01775528 -0.00022149
v 0.02730750 -0.01775000 -0.00000964
v 0.03030750 -0.01775000 -0.00000964
v 0.02730750 -0.01775528 -0.00022149
v 0.02730750 -0.02496751 -0.00305208
v 0.02730750 -0.02464983 -0.00333243
v 0.02730750 -0.02481216 -0.00319621
v 0.02730750 -0.02412500 -0.00369025
v 0.02730750 -0.02525569 -0.00274149
v 0.02730750 -0.02511547 -0.00290038
v 0.02730750 -0.02448091 -0.00346038
v 0.02730750 -0.02430582 -0.00357975
v 0.02730750 -0.02562649 -0.00222574
v 0.02730750 -0.02573244 -0.00204222
v 0.02730750 -0.02551151 -0.00240375
v 0.02730750 -0.02538781 -0.00257581
v 0.02730750 -0.02393890 -0.00379160
v 0.02730750 -0.02374797 -0.00388354
v 0.02730750 -0.02606118 -0.00126235
v 0.02730750 -0.02599369 -0.00146323
v 0.02730750 -0.02591627 -0.00166049
v 0.02730750 -0.02582912 -0.00185365
v 0.02730750 -0.02294571 -0.00415309
v 0.02730750 -0.02355270 -0.00396586
v 0.02730750 -0.02335357 -0.00403833
v 0.02730750 -0.02315107 -0.00410079
v 0.02730750 -0.02252846 -0.00422666
v 0.02730750 -0.02273800 -0.00419508
v 0.02730750 -0.02231760 -0.00424776
v 0.02730750 -0.02624472 -0.00022149
v 0.02730750 -0.02625000 -0.00000964
v 0.02730750 -0.02622888 -0.00043281
v 0.02730750 -0.02620253 -0.00064307
v 0.02730750 -0.02616573 -0.00085176
v 0.02730750 -0.02611858 -0.00105836
v 0.02730750 -0.02189404 -0.00425832
v 0.02730750 -0.02210596 -0.00425832
v 0.02730750 -0.02624472 0.00020220
v 0.02730750 -0.02147154 -0.00422666
v 0.02730750 -0.02168240 -0.00424776
v 0.02730750 -0.02616573 0.00083248
v 0.02730750 -0.02611858 0.00103908
v 0.02730750 -0.02620253 0.00062379
v 0.02730750 -0.02622888 0.00041352
v 0.02730750 -0.02084893 -0.00410079
v 0.02730750 -0.02126200 -0.00419508
v 0.02730750 -0.02105429 -0.00415309
v 0.02730750 -0.02606118 0.00124307
v 0.02730750 -0.02064643 -0.00403833
v 0.02730750 -0.02599369 0.00144394
v 0.02730750 -0.02591627 0.00164121
v 0.02730750 -0.02025203 -0.00388354
v 0.02730750 -0.02044730 -0.00396586
v 0.02730750 -0.02582912 0.00183436
v 0.02730750 -0.01987500 -0.00369025
v 0.02730750 -0.02006110 -0.00379160
v 0.02730750 -0.01969418 -0.00357975
v 0.02730750 -0.02551151 0.00238447
v 0.02730750 -0.02538781 0.00255653
v 0.02730750 -0.02562649 0.00220646
v 0.02730750 -0.02573244 0.00202294
v 0.02730750 -0.01935017 -0.00333243
v 0.02730750 -0.01951909 -0.00346038
v 0.02730750 -0.02525569 0.00272220
v 0.02730750 -0.01888453 -0.00290038
v 0.02730750 -0.01918784 -0.00319621
v 0.02730750 -0.01903249 -0.00305208
v 0.02730750 -0.02496751 0.00303279
v 0.02730750 -0.02481216 0.00317693
v 0.02730750 -0.02511547 0.00288109
v 0.02730750 -0.02448091 0.00344109
v 0.02730750 -0.02464983 0.00331314
v 0.02730750 -0.01874431 -0.00274149
v 0.02730750 -0.01848849 -0.00240375
v 0.02730750 -0.01861219 -0.00257581
v 0.02730750 -0.01837351 -0.00222574
v 0.02730750 -0.02430582 0.00356047
v 0.02730750 -0.02412500 0.00367097
v 0.02730750 -0.02393890 0.00377231
v 0.02730750 -0.02374797 0.00386426
v 0.02730750 -0.01808373 -0.00166049
v 0.02730750 -0.01826756 -0.00204222
v 0.02730750 -0.01817088 -0.00185365
v 0.02730750 -0.02355270 0.00394657
v 0.02730750 -0.01793882 -0.00126235
v 0.02730750 -0.01800631 -0.00146323
v 0.02730750 -0.02294571 0.00413380
v 0.02730750 -0.02273800 0.00417579
v 0.02730750 -0.02315107 0.00408151
v 0.02730750 -0.02335357 0.00401905
v 0.02730750 -0.01775528 -0.00022149
v 0.02730750 -0.01788142 -0.00105836
v 0.02730750 -0.01783427 -0.00085176
v 0.02730750 -0.01779747 -0.00064307
v 0.02730750 -0.01777112 -0.00043281
v 0.02730750 -0.02231760 0.00422847
v 0.02730750 -0.02210596 0.00423904
v 0.02730750 -0.02252846 0.00420737
v 0.02730750 -0.01775528 0.00020220
v 0.02730750 -0.01775000 -0.00000964
v 0.02730750 -0.01779747 0.00062379
v 0.02730750 -0.01777112 0.00041352
v 0.02730750 -0.02084893 0.00408151
v 0.02730750 -0.02105429 0.00413380
v 0.02730750 -0.02126200 0.00417579
v 0.02730750 -0.02147154 0.00420737
v 0.02730750 -0.02168240 0.00422847
v 0.02730750 -0.02189404 0.00423904
v 0.02730750 -0.01793882 0.00124307
v 0.02730750 -0.01783427 0.00083248
v 0.02730750 -0.01788142 0.00103908
v 0.02730750 -0.02064643 0.00401905
v 0.02730750 -0.01800631 0.00144394
v 0.02730750 -0.01817088 0.00183436
v 0.02730750 -0.01808373 0.00164121
v 0.02730750 -0.02006110 0.00377231
v 0.02730750 -0.01987500 0.00367097
v 0.02730750 -0.02025203 0.00386426
v 0.02730750 -0.02044730 0.00394657
v 0.02730750 -0.01837351 0.00220646
v 0.02730750 -0.01826756 0.00202294
v 0.02730750 -0.01969418 0.00356047
v 0.02730750 -0.01951909 0.00344109
v 0.02730750 -0.01935017 0.00331314
v 0.02730750 -0.01918784 0.00317693
v 0.02730750 -0.01888453 0.00288109
v 0.02730750 -0.01848849 0.00238447
v 0.02730750 -0.01861219 0.00255653
v 0.02730750 -0.01874431 0.00272220
v 0.02730750 -0.01903249 0.00303279
v 0.03030750 -0.02464983 -0.00333243
v 0.03030750 -0.02496751 -0.00305208
v 0.03030750 -0.02481216 -0.00319621
v 0.03030750 -0.02412500 -0.00369025
v 0.03030750 -0.02525569 -0.00274149
v 0.03030750 -0.02511547 -0.00290038
v 0.03030750 -0.02448091 -0.00346038
v 0.03030750 -0.02430582 -0.00357975
v 0.03030750 -0.02573244 -0.00204222
v 0.03030750 -0.02562649 -0.00222574
v 0.03030750 -0.02551151 -0.00240375
v 0.03030750 -0.02538781 -0.00257581
v 0.03030750 -0.02393890 -0.00379160
v 0.03030750 -0.02374797 -0.00388354
v 0.03030750 -0.02606118 -0.00126235
v 0.03030750 -0.02599369 -0.00146323
v 0.03030750 -0.02591627 -0.00166049
v 0.03030750 -0.02582912 -0.00185365
v 0.03030750 -0.02294571 -0.00415309
v 0.03030750 -0.02355270 -0.00396586
v 0.03030750 -0.02335357 -0.00403833
v 0.03030750 -0.02315107 -0.00410079
v 0.03030750 -0.02252846 -0.00422666
v 0.03030750 -0.02273800 -0.00419508
v 0.03030750 -0.02231760 -0.00424776
v 0.03030750 -0.02625000 -0.00000964
v 0.03030750 -0.02624472 -0.00022149
v 0.03030750 -0.02622888 -0.00043281
v 0.03030750 -0.02620253 -0.00064307
v 0.03030750 -0.02616573 -0.00085176
v 0.03030750 -0.02611858 -0.00105836
v 0.03030750 -0.02189404 -0.00425832
v 0.03030750 -0.02210596 -0.00425832
v 0.03030750 -0.02624472 0.00020220
v 0.03030750 -0.02147154 -0.00422666
v 0.03030750 -0.02168240 -0.00424776
v 0.03030750 -0.02611858 0.00103908
v 0.03030750 -0.02616573 0.00083248
v 0.03030750 -0.02620253 0.00062379
v 0.03030750 -0.02622888 0.00041352
v 0.03030750 -0.02084893 -0.00410079
v 0.03030750 -0.02126200 -0.00419508
v 0.03030750 -0.02105429 -0.00415309
v 0.03030750 -0.02606118 0.00124307
v 0.03030750 -0.02064643 -0.00403833
v 0.03030750 -0.02591627 0.00164121
v 0.03030750 -0.02599369 0.00144394
v 0.03030750 -0.02025203 -0.00388354
v 0.03030750 -0.02044730 -0.00396586
v 0.03030750 -0.02582912 0.00183436
v 0.03030750 -0.01987500 -0.00369025
v 0.03030750 -0.02006110 -0.00379160
v 0.03030750 -0.01969418 -0.00357975
v 0.03030750 -0.02538781 0.00255653
v 0.03030750 -0.02551151 0.00238447
v 0.03030750 -0.02562649 0.00220646
v 0.03030750 -0.02573244 0.00202294
v 0.03030750 -0.01935017 -0.00333243
v 0.03030750 -0.01951909 -0.00346038
v 0.03030750 -0.02525569 0.00272220
v 0.03030750 -0.01888453 -0.00290038
v 0.03030750 -0.01918784 -0.00319621
v 0.03030750 -0.01903249 -0.00305208
v 0.03030750 -0.02481216 0.00317693
v 0.03030750 -0.02496751 0.00303279
v 0.03030750 -0.02511547 0.00288109
v 0.03030750 -0.02448091 0.00344109
v 0.03030750 -0.02464983 0.00331314
v 0.03030750 -0.01848849 -0.00240375
v 0.03030750 -0.01874431 -0.00274149
v 0.03030750 -0.01861219 -0.00257581
v 0.03030750 -0.01837351 -0.00222574
v 0.03030750 -0.02412500 0.00367097
v 0.03030750 -0.02430582 0.00356047
v 0.03030750 -0.02393890 0.00377231
v 0.03030750 -0.02374797 0.00386426
v 0.03030750 -0.01808373 -0.00166049
v 0.03030750 -0.01826756 -0.00204222
v 0.03030750 -0.01817088 -0.00185365
v 0.03030750 -0.02355270 0.00394657
v 0.03030750 -0.01793882 -0.00126235
v 0.03030750 -0.01800631 -0.00146323
v 0.03030750 -0.02273800 0.00417579
v 0.03030750 -0.02294571 0.00413380
v 0.03030750 -0.02315107 0.00408151
v 0.03030750 -0.02335357 0.00401905
v 0.03030750 -0.01775528 -0.00022149
v 0.03030750 -0.01788142 -0.00105836
v 0.03030750 -0.01783427 -0.00085176
v 0.03030750 -0.01779747 -0.00064307
v 0.03030750 -0.01777112 -0.00043281
v 0.03030750 -0.02210596 0.00423904
v 0.03030750 -0.02231760 0.00422847
v 0.03030750 -0.02252846 0.00420737
v 0.03030750 -0.01775528 0.00020220
v 0.03030750 -0.01775000 -0.00000964
v 0.03030750 -0.01779747 0.00062379
v 0.03030750 -0.01777112 0.00041352
v 0.03030750 -0.02084893 0.00408151
v 0.03030750 -0.02105429 0.00413380
v 0.03030750 -0.02126200 0.00417579
v 0.03030750 -0.02147154 0.00420737
v 0.03030750 -0.02168240 0.00422847
v 0.03030750 -0.02189404 0.00423904
v 0.03030750 -0.01793882 0.00124307
v 0.03030750 -0.01783427 0.00083248
v 0.03030750 -0.01788142 0.00103908
v 0.03030750 -0.02064643 0.00401905
v 0.03030750 -0.01800631 0.00144394
v 0.03030750 -0.01817088 0.00183436
v 0.03030750 -0.01808373 0.00164121
v 0.03030750 -0.01987500 0.00367097
v 0.03030750 -0.02006110 0.00377231
v 0.03030750 -0.02025203 0.00386426
v 0.03030750 -0.02044730 0.00394657
v 0.03030750 -0.01837351 0.00220646
v 0.03030750 -0.01826756 0.00202294
v 0.03030750 -0.01951909 0.00344109
v 0.03030750 -0.01969418 0.00356047
v 0.03030750 -0.01935017 0.00331314
v 0.03030750 -0.01918784 0.00317693
v 0.03030750 -0.01888453 0.00288109
v 0.03030750 -0.01848849 0.00238447
v 0.03030750 -0.01861219 0.00255653
v 0.03030750 -0.01874431 0.00272220
v 0.03030750 -0.01903249 0.00303279
f 1 2 3
f 3 2 4
f 5 6 7
f 5 7 8
f 9 10 11
f 10 12 11
f 13 14 15
f 16 13 15
f 17 18 19
f 19 18 20
f 21 22 23
f 21 23 24
f 25 26 27
f 28 29 30
f 26 31 27
f 29 32 30
f 33 34 35
f 36 34 33
f 37 38 39
f 40 38 37
f 41 42 43
f 44 42 41
f 45 46 47
f 48 49 50
f 51 46 45
f 49 52 50
f 53 54 55
f 56 54 53
f 57 58 59
f 60 61 62
f 63 58 57
f 61 64 62
f 65 66 67
f 67 66 68
f 69 70 71
f 71 70 72
f 73 74 75
f 75 74 76
f 77 78 79
f 78 80 79
f 81 82 83
f 84 82 81
f 85 86 87
f 88 89 90
f 91 86 85
f 92 93 94
f 89 95 90
f 93 96 94
f 97 98 99
f 99 98 100
f 101 102 103
f 104 102 101
f 105 106 107
f 108 106 105
f 109 110 111
f 112 110 109
f 113 114 115
f 116 117 118
f 119 114 113
f 117 120 118
f 121 122 123
f 124 122 121
f 125 126 127
f 128 126 125
f 129 130 131
f 132 133 134
f 135 130 129
f 133 136 134
f 137 138 139
f 140 141 142
f 143 138 137
f 141 144 142
f 145 146 147
f 148 146 145
f 149 150 151
f 152 150 149
f 153 154 155
f 156 157 158
f 159 154 153
f 157 160 158
f 161 162 163
f 164 165 166
f 167 162 161
f 165 168 166
f 169 170 171
f 171 170 172
f 173 174 175
f 175 174 176
f 177 178 179
f 179 178 180
f 181 182 183
f 183 182 184
f 185 186 187
f 187 186 188
f 189 190 191
f 191 190 192
f 193 194 195
f 195 194 196
f 197 198 199
f 198 200 199
f 201 202 203
f 203 202 204
f 205 206 207
f 206 208 207
f 209 210 211
f 211 210 212
f 213 214 215
f 216 214 213
f 217 218 219
f 218 220 219
f 221 222 223
f 223 222 224
f 225 226 227
f 228 226 225
f 229 230 231
f 232 230 229
f 233 234 235
f 236 234 233
f 237 238 239
f 240 238 237
f 241 242 243
f 244 242 241
f 245 246 247
f 248 246 245
f 249 250 251
f 252 253 254
f 255 250 249
f 253 256 254
f 257 258 259
f 260 258 257
f 261 262 263
f 264 262 261
f 265 266 267
f 268 266 265
f 269 270 271
f 271 270 272
f 273 274 275
f 275 274 276
f 277 278 279
f 279 278 280
f 281 282 283
f 283 282 284
f 285 286 287
f 287 286 288
f 289 290 291
f 291 290 292
f 293 294 295
f 295 294 296
f 297 298 299
f 299 298 300
f 301 302 303
f 303 302 304
f 305 306 307
f 307 306 308
f 309 310 311
f 311 310 312
f 313 314 315
f 315 314 316
f 317 318 319
f 319 318 320
f 321 322 323
f 323 322 324
f 325 326 327
f 327 326 328
f 329 330 331
f 331 330 332
f 333 334 335
f 335 334 336
f 337 338 339
f 339 338 340
f 341 342 343
f 343 342 344
f 345 346 347
f 347 346 348
f 349 350 351
f 351 350 352
f 353 354 355
f 354 356 355
f 357 358 359
f 360 358 357
f 361 362 363
f 364 362 361
f 365 366 367
f 368 366 365
f 369 370 371
f 372 370 369
f 373 374 375
f 375 374 376
f 377 378 379
f 379 378 380
f 381 382 383
f 383 382 384
f 385 386 387
f 387 386 388
f 389 390 391
f 391 390 392
f 393 394 395
f 395 394 396
f 397 398 399
f 399 398 400
f 401 402 403
f 403 402 404
f 405 406 407
f 406 408 407
f 409 410 411
f 411 410 412
f 413 414 415
f 415 414 416
f 417 418 419
f 419 418 420
f 421 422 423
f 424 422 421
f 425 426 427
f 428 426 425
f 429 430 431
f 432 430 429
f 433 434 435
f 436 434 433
f 437 438 439
f 440 438 437
f 441 442 443
f 444 442 441
f 445 446 447
f 448 446 445
f 449 450 451
f 452 450 449
f 453 454 455
f 456 454 453
f 457 458 459
f 460 458 457
f 461 462 463
f 464 462 461
f 465 466 467
f 468 466 465
f 469 470 471
f 472 470 469
f 473 474 475
f 475 474 476
f 477 478 479
f 479 478 480
f 481 482 483
f 483 482 484
f 485 486 487
f 487 486 488
f 489 490 491
f 492 490 489
f 493 494 495
f 496 494 493
f 497 498 499
f 500 498 497
f 501 502 503
f 504 502 501
f 505 506 507
f 508 506 505
f 509 510 511
f 512 510 509
f 513 514 515
f 516 514 513
f 517 518 519
f 520 518 517
f 521 522 523
f 524 522 521
f 525 526 527
f 528 526 525
f 529 530 531
f 532 533 534
f 534 533 529
f 529 535 530
f 533 535 529
f 530 535 536
f 536 535 537
f 538 539 540
f 540 539 541
f 541 539 542
f 542 539 533
f 543 544 545
f 543 546 544
f 543 547 546
f 548 549 550
f 543 551 547
f 533 552 535
f 543 552 551
f 535 552 543
f 551 552 553
f 549 554 550
f 555 554 556
f 556 554 549
f 550 554 539
f 539 557 533
f 558 557 554
f 554 557 539
f 552 559 560
f 560 559 561
f 552 562 559
f 563 564 565
f 562 566 567
f 565 568 557
f 564 568 565
f 569 570 571
f 566 570 572
f 572 570 569
f 573 574 575
f 566 576 570
f 562 576 566
f 552 576 562
f 574 577 575
f 575 577 578
f 576 579 580
f 577 579 578
f 552 579 576
f 581 579 577
f 578 579 568
f 568 579 557
f 533 579 552
f 557 579 533
f 582 583 584
f 585 586 587
f 587 586 588
f 589 590 591
f 591 590 585
f 585 590 586
f 583 592 584
f 593 592 594
f 594 592 583
f 584 592 579
f 580 595 589
f 589 595 590
f 580 596 595
f 580 597 596
f 598 599 600
f 600 599 592
f 580 601 597
f 599 602 592
f 603 604 602
f 592 604 579
f 602 604 592
f 601 605 606
f 606 605 607
f 580 605 601
f 608 609 604
f 610 611 612
f 605 613 614
f 614 613 615
f 615 613 616
f 616 613 617
f 604 613 579
f 580 613 605
f 609 613 604
f 579 613 580
f 618 619 620
f 620 619 611
f 612 619 609
f 611 619 612
f 621 622 623
f 619 624 609
f 625 624 619
f 622 626 627
f 621 626 622
f 628 629 624
f 626 630 631
f 621 630 626
f 613 630 632
f 632 630 621
f 633 634 629
f 629 634 624
f 634 635 624
f 635 636 624
f 630 637 638
f 638 637 639
f 613 637 630
f 640 641 636
f 642 643 641
f 641 643 636
f 637 644 645
f 645 644 646
f 646 644 647
f 637 648 644
f 649 650 643
f 609 651 613
f 613 651 637
f 637 651 648
f 650 652 643
f 643 652 636
f 651 653 654
f 624 653 609
f 636 653 624
f 652 653 636
f 609 653 651
f 655 656 657
f 658 659 660
f 658 660 656
f 661 656 655
f 661 658 656
f 661 655 662
f 661 662 663
f 664 665 666
f 664 666 667
f 664 667 668
f 664 668 658
f 669 670 671
f 672 670 669
f 673 670 672
f 674 675 676
f 677 670 673
f 678 658 661
f 678 670 677
f 678 661 670
f 678 677 679
f 680 674 676
f 680 681 682
f 680 682 674
f 680 676 664
f 683 664 658
f 683 684 680
f 683 680 664
f 685 678 686
f 685 686 687
f 688 678 685
f 689 690 691
f 692 688 693
f 694 691 683
f 694 689 691
f 695 696 697
f 695 692 698
f 695 698 696
f 699 700 701
f 702 692 695
f 702 688 692
f 702 678 688
f 703 699 701
f 703 701 704
f 705 702 706
f 705 703 704
f 705 678 702
f 705 707 703
f 705 704 694
f 705 694 683
f 705 658 678
f 705 683 658
f 708 709 710
f 711 712 713
f 711 713 714
f 715 716 717
f 715 717 712
f 715 712 711
f 718 708 710
f 718 719 720
f 718 720 708
f 718 710 705
f 721 706 716
f 721 716 715
f 722 706 721
f 723 706 722
f 724 725 726
f 724 726 718
f 727 706 723
f 728 724 718
f 729 730 728
f 729 718 705
f 729 728 718
f 731 727 732
f 731 732 733
f 731 706 727
f 734 735 729
f 736 737 738
f 739 731 740
f 739 740 741
f 739 741 742
f 739 742 743
f 739 729 705
f 739 706 731
f 739 734 729
f 739 705 706
f 744 745 746
f 744 746 736
f 744 738 734
f 744 736 738
f 747 748 749
f 750 744 734
f 750 751 744
f 752 747 753
f 752 748 747
f 754 755 750
f 756 752 757
f 756 748 752
f 756 739 758
f 756 758 748
f 759 760 754
f 759 754 750
f 761 759 750
f 762 761 750
f 763 756 764
f 763 764 765
f 763 739 756
f 766 767 762
f 768 769 766
f 768 766 762
f 770 763 771
f 770 771 772
f 770 772 773
f 774 763 770
f 775 776 768
f 777 734 739
f 777 739 763
f 777 763 774
f 778 775 768
f 778 768 762
f 779 777 780
f 779 750 734
f 779 762 750
f 779 778 762
f 779 734 777
f 781 782 783
f 782 784 783
f 785 786 787
f 788 785 787
f 789 790 791
f 789 792 790
f 793 794 795
f 796 794 793
f 797 798 799
f 799 798 800
f 801 802 803
f 801 803 804
f 805 806 807
f 807 806 808
f 809 810 811
f 812 813 814
f 815 810 809
f 813 816 814
f 817 818 819
f 820 821 822
f 823 818 817
f 824 825 826
f 821 827 822
f 825 828 826
f 829 830 831
f 832 830 829
f 833 834 835
f 836 837 838
f 839 834 833
f 837 840 838
f 841 842 843
f 844 842 841
f 845 846 847
f 847 846 848
f 849 850 851
f 851 850 852
f 853 854 855
f 855 854 856
f 857 858 859
f 859 858 860
f 861 862 863
f 864 862 861
f 865 866 867
f 868 866 865
f 869 870 871
f 872 870 869
f 873 874 875
f 876 874 873
f 877 878 879
f 880 878 877
f 881 882 883
f 884 885 886
f 887 882 881
f 885 888 886
f 889 890 891
f 892 893 894
f 895 890 889
f 893 896 894
f 897 898 899
f 900 901 902
f 903 898 897
f 901 904 902
f 905 906 907
f 908 906 905
f 909 910 911
f 912 913 914
f 915 910 909
f 916 917 918
f 913 919 914
f 917 920 918
f 921 922 923
f 924 925 926
f 927 922 921
f 925 928 926
f 929 930 931
f 932 933 934
f 935 930 929
f 933 936 934
f 937 938 939
f 940 941 942
f 943 938 937
f 941 944 942
f 945 946 947
f 947 946 948
f 949 950 951
f 952 950 949
f 953 954 955
f 955 954 956
f 957 958 959
f 959 958 960
f 961 962 963
f 963 962 964
f 965 966 967
f 966 968 967
f 969 970 971
f 971 970 972
f 973 974 975
f 975 974 976
f 977 978 979
f 979 978 980
f 981 982 983
f 983 982 984
f 985 986 987
f 987 986 988
f 989 990 991
f 991 990 992
f 993 994 995
f 995 994 996
f 997 998 999
f 999 998 1000
f 1001 1002 1003
f 1004 1002 1001
f 1005 1006 1007
f 1008 1006 1005
f 1009 1010 1011
f 1012 1010 1009
f 1013 1014 1015
f 1016 1014 1013
f 1017 1018 1019
f 1020 1018 1017
f 1021 1022 1023
f 1024 1022 1021
f 1025 1026 1027
f 1028 1026 1025
f 1029 1030 1031
f 1032 1030 1029
f 1033 1034 1035
f 1036 1034 1033
f 1037 1038 1039
f 1040 1038 1037
f 1041 1042 1043
f 1044 1042 1041
f 1045 1046 1047
f 1048 1046 1045
f 1049 1050 1051
f 1051 1050 1052
f 1053 1054 1055
f 1055 1054 1056
f 1057 1058 1059
f 1059 1058 1060
f 1061 1062 1063
f 1063 1062 1064
f 1065 1066 1067
f 1067 1066 1068
f 1069 1070 1071
f 1071 1070 1072
f 1073 1074 1075
f 1075 1074 1076
f 1077 1078 1079
f 1079 1078 1080
f 1081 1082 1083
f 1083 1082 1084
f 1085 1086 1087
f 1087 1086 1088
f 1089 1090 1091
f 1091 1090 1092
f 1093 1094 1095
f 1095 1094 1096
f 1097 1098 1099
f 1099 1098 1100
f 1101 1102 1103
f 1103 1102 1104
f 1105 1106 1107
f 1107 1106 1108
f 1109 1110 1111
f 1111 1110 1112
f 1113 1114 1115
f 1115 1114 1116
f 1117 1118 1119
f 1119 1118 1120
f 1121 1122 1123
f 1123 1122 1124
f 1125 1126 1127
f 1127 1126 1128
f 1129 1130 1131
f 1131 1130 1132
f 1133 1134 1135
f 1136 1134 1133
f 1137 1138 1139
f 1140 1138 1137
f 1141 1142 1143
f 1144 1142 1141
f 1145 1146 1147
f 1148 1146 1145
f 1149 1150 1151
f 1152 1150 1149
f 1153 1154 1155
f 1155 1154 1156
f 1157 1158 1159
f 1159 1158 1160
f 1161 1162 1163
f 1163 1162 1164
f 1165 1166 1167
f 1167 1166 1168
f 1169 1170 1171
f 1171 1170 1172
f 1173 1174 1175
f 1175 1174 1176
f 1177 1178 1179
f 1178 1180 1179
f 1181 1182 1183
f 1183 1182 1184
f 1185 1186 1187
f 1187 1186 1188
f 1189 1190 1191
f 1191 1190 1192
f 1193 1194 1195
f 1195 1194 1196
f 1197 1198 1199
f 1200 1201 1202
f 1202 1201 1203
f 1198 1204 1199
f 1205 1206 1207
f 1208 1206 1205
f 1209 1210 1211
f 1212 1210 1209
f 1213 1214 1215
f 1216 1217 1218
f 1219 1214 1213
f 1217 1220 1218
f 1221 1222 1223
f 1224 1222 1221
f 1225 1226 1227
f 1228 1226 1225
f 1229 1230 1231
f 1232 1233 1234
f 1235 1230 1229
f 1233 1236 1234
f 1237 1238 1239
f 1240 1241 1242
f 1243 1238 1237
f 1241 1244 1242
f 1245 1246 1247
f 1248 1246 1245
f 1249 1250 1251
f 1251 1250 1252
f 1253 1254 1255
f 1255 1254 1256
f 1257 1258 1259
f 1259 1258 1260
f 1261 1262 1263
f 1263 1262 1264
f 1265 1266 1267
f 1268 1266 1265
f 1269 1270 1271
f 1272 1270 1269
f 1273 1274 1275
f 1276 1274 1273
f 1277 1278 1279
f 1280 1278 1277
f 1281 1282 1283
f 1284 1282 1281
f 1285 1286 1287
f 1288 1286 1285
f 1289 1290 1291
f 1292 1290 1289
f 1293 1294 1295
f 1296 1294 1293
f 1297 1298 1299
f 1300 1298 1297
f 1301 1302 1303
f 1304 1302 1301
f 1305 1306 1307
f 1308 1306 1305
f 1309 1310 1311
f 1309 1312 1310
f 1313 1312 1314
f 1314 1312 1309
f 1310 1312 1315
f 1315 1312 1316
f 1317 1318 1319
f 1319 1318 1320
f 1320 1318 1313
f 1313 1321 1312
f 1313 1322 1321
f 1318 1323 1313
f 1324 1323 1325
f 1325 1323 1326
f 1326 1323 1318
f 1322 1327 1328
f 1328 1327 1329
f 1329 1327 1330
f 1322 1331 1327
f 1327 1331 1332
f 1322 1333 1331
f 1334 1335 1336
f 1336 1335 1337
f 1337 1335 1338
f 1338 1335 1339
f 1339 1335 1323
f 1322 1340 1333
f 1333 1340 1341
f 1335 1342 1323
f 1340 1343 1344
f 1345 1346 1347
f 1347 1346 1348
f 1340 1349 1343
f 1343 1349 1350
f 1350 1349 1351
f 1346 1352 1348
f 1340 1353 1349
f 1354 1355 1352
f 1353 1356 1357
f 1352 1358 1348
f 1355 1358 1352
f 1356 1359 1360
f 1353 1361 1356
f 1356 1361 1359
f 1362 1363 1364
f 1364 1363 1365
f 1365 1363 1358
f 1361 1366 1367
f 1358 1368 1348
f 1363 1368 1358
f 1348 1368 1342
f 1366 1369 1370
f 1370 1369 1371
f 1372 1373 1374
f 1374 1373 1368
f 1373 1375 1368
f 1376 1375 1373
f 1368 1375 1342
f 1377 1378 1379
f 1369 1380 1377
f 1361 1380 1366
f 1366 1380 1369
f 1377 1380 1378
f 1353 1380 1361
f 1381 1382 1375
f 1382 1383 1375
f 1383 1384 1375
f 1380 1385 1386
f 1386 1385 1387
f 1353 1385 1380
f 1384 1388 1375
f 1340 1389 1353
f 1385 1389 1390
f 1353 1389 1385
f 1322 1389 1340
f 1391 1392 1393
f 1393 1392 1394
f 1394 1392 1388
f 1389 1395 1396
f 1396 1395 1397
f 1397 1395 1398
f 1398 1395 1399
f 1322 1395 1389
f 1400 1401 1402
f 1402 1401 1392
f 1395 1403 1404
f 1403 1405 1406
f 1395 1405 1403
f 1313 1405 1322
f 1323 1405 1313
f 1322 1405 1395
f 1401 1407 1392
f 1408 1407 1409
f 1409 1407 1410
f 1410 1407 1411
f 1411 1407 1412
f 1412 1407 1401
f 1405 1413 1414
f 1414 1413 1415
f 1323 1413 1405
f 1342 1413 1323
f 1407 1416 1392
f 1392 1416 1388
f 1342 1417 1413
f 1417 1418 1419
f 1420 1421 1422
f 1422 1421 1423
f 1423 1421 1416
f 1418 1424 1425
f 1417 1424 1418
f 1426 1427 1421
f 1421 1428 1416
f 1427 1428 1421
f 1416 1429 1388
f 1428 1429 1416
f 1388 1429 1375
f 1424 1430 1431
f 1431 1430 1432
f 1432 1430 1433
f 1342 1434 1417
f 1417 1434 1424
f 1375 1434 1342
f 1424 1434 1430
f 1429 1434 1375
f 1435 1436 1437
f 1438 1436 1435
f 1438 1439 1440
f 1438 1440 1436
f 1438 1435 1441
f 1438 1441 1442
f 1443 1444 1445
f 1443 1445 1446
f 1443 1446 1439
f 1447 1439 1438
f 1448 1439 1447
f 1449 1443 1439
f 1449 1450 1451
f 1449 1451 1452
f 1449 1452 1443
f 1453 1448 1454
f 1453 1454 1455
f 1453 1455 1456
f 1457 1448 1453
f 1457 1453 1458
f 1459 1448 1457
f 1460 1461 1462
f 1460 1462 1463
f 1460 1463 1464
f 1460 1464 1465
f 1460 1465 1449
f 1466 1448 1459
f 1466 1459 1467
f 1468 1460 1449
f 1469 1466 1470
f 1471 1472 1473
f 1471 1473 1474
f 1475 1466 1469
f 1475 1469 1476
f 1475 1476 1477
f 1478 1471 1474
f 1479 1466 1475
f 1480 1481 1478
f 1482 1479 1483
f 1484 1478 1474
f 1484 1480 1478
f 1485 1482 1486
f 1487 1479 1482
f 1487 1482 1485
f 1488 1489 1490
f 1488 1490 1491
f 1488 1491 1484
f 1492 1487 1493
f 1494 1484 1474
f 1494 1488 1484
f 1494 1474 1468
f 1495 1492 1496
f 1495 1496 1497
f 1498 1499 1500
f 1498 1500 1494
f 1501 1498 1494
f 1501 1502 1498
f 1501 1494 1468
f 1503 1504 1505
f 1506 1495 1504
f 1506 1487 1492
f 1506 1492 1495
f 1506 1504 1503
f 1506 1479 1487
f 1507 1508 1501
f 1509 1507 1501
f 1510 1509 1501
f 1511 1506 1512
f 1511 1512 1513
f 1511 1479 1506
f 1514 1510 1501
f 1515 1466 1479
f 1515 1511 1516
f 1515 1479 1511
f 1515 1448 1466
f 1517 1518 1519
f 1517 1519 1520
f 1517 1520 1514
f 1521 1515 1522
f 1521 1522 1523
f 1521 1523 1524
f 1521 1524 1525
f 1521 1448 1515
f 1526 1527 1528
f 1526 1528 1517
f 1529 1521 1530
f 1531 1529 1532
f 1531 1521 1529
f 1531 1439 1448
f 1531 1449 1439
f 1531 1448 1521
f 1533 1526 1517
f 1533 1534 1535
f 1533 1535 1536
f 1533 1536 1537
f 1533 1537 1538
f 1533 1538 1526
f 1539 1531 1540
f 1539 1540 1541
f 1539 1449 1531
f 1539 1468 1449
f 1542 1533 1517
f 1542 1517 1514
f 1543 1468 1539
f 1544 1543 1545
f 1546 1547 1548
f 1546 1548 1549
f 1546 1549 1542
f 1550 1544 1551
f 1550 1543 1544
f 1552 1553 1546
f 1554 1546 1542
f 1554 1552 1546
f 1555 1542 1514
f 1555 1554 1542
f 1555 1514 1501
f 1556 1550 1557
f 1556 1557 1558
f 1556 1558 1559
f 1560 1468 1543
f 1560 1543 1550
f 1560 1501 1468
f 1560 1550 1556
f 1560 1555 1501
f 1561 1562 1563
f 1563 1562 1564
f 1565 1566 1567
f 1568 1569 1570
f 1571 1566 1565
f 1569 1572 1570
f 1573 1574 1575
f 1576 1577 1578
f 1579 1574 1573
f 1580 1581 1582
f 1577 1583 1578
f 1581 1584 1582
f 1585 1586 1587
f 1588 1586 1585
f 1589 1590 1591
f 1592 1593 1594
f 1595 1590 1589
f 1593 1596 1594
f 1597 1598 1599
f 1600 1598 1597
f 1601 1602 1603
f 1603 1602 1604
f 1605 1606 1607
f 1607 1606 1608
f 1609 1610 1611
f 1611 1610 1612
f 1613 1614 1615
f 1615 1614 1616
f 1617 1618 1619
f 1620 1618 1617
f 1621 1622 1623
f 1624 1622 1621
f 1625 1626 1627
f 1628 1626 1625
f 1629 1630 1631
f 1632 1630 1629
f 1633 1634 1635
f 1636 1634 1633
f 1637 1638 1639
f 1640 1641 1642
f 1643 1638 1637
f 1641 1644 1642
f 1645 1646 1647
f 1648 1649 1650
f 1651 1646 1645
f 1649 1652 1650
f 1653 1654 1655
f 1656 1657 1658
f 1659 1654 1653
f 1657 1660 1658
f 1661 1662 1663
f 1664 1662 1661
f 1665 1666 1667
f 1668 1669 1670
f 1671 1666 1665
f 1672 1673 1674
f 1669 1675 1670
f 1673 1676 1674
f 1677 1678 1679
f 1680 1681 1682
f 1683 1678 1677
f 1681 1684 1682
f 1685 1686 1687
f 1688 1689 1690
f 1691 1686 1685
f 1689 1692 1690
f 1693 1694 1695
f 1696 1697 1698
f 1699 1694 1693
f 1697 1700 1698
f 1701 1702 1703
f 1703 1702 1704
f 1705 1706 1707
f 1708 1706 1705
f 1709 1710 1711
f 1711 1710 1712
f 1713 1714 1715
f 1715 1714 1716
f 1717 1718 1719
f 1719 1718 1720
f 1721 1722 1723
f 1722 1724 1723
f 1725 1726 1727
f 1727 1726 1728
f 1729 1730 1731
f 1731 1730 1732
f 1733 1734 1735
f 1735 1734 1736
f 1737 1738 1739
f 1739 1738 1740
f 1741 1742 1743
f 1743 1742 1744
f 1745 1746 1747
f 1747 1746 1748
f 1749 1750 1751
f 1751 1750 1752
f 1753 1754 1755
f 1755 1754 1756
f 1757 1758 1759
f 1760 1758 1757
f 1761 1762 1763
f 1764 1762 1761
f 1765 1766 1767
f 1768 1766 1765
f 1769 1770 1771
f 1772 1770 1769
f 1773 1774 1775
f 1776 1774 1773
f 1777 1778 1779
f 1780 1778 1777
f 1781 1782 1783
f 1784 1782 1781
f 1785 1786 1787
f 1788 1786 1785
f 1789 1790 1791
f 1792 1790 1789
f 1793 1794 1795
f 1796 1794 1793
f 1797 1798 1799
f 1800 1798 1797
f 1801 1802 1803
f 1804 1802 1801
f 1805 1806 1807
f 1807 1806 1808
f 1809 1810 1811
f 1811 1810 1812
f 1813 1814 1815
f 1815 1814 1816
f 1817 1818 1819
f 1819 1818 1820
f 1821 1822 1823
f 1823 1822 1824
f 1825 1826 1827
f 1827 1826 1828
f 1829 1830 1831
f 1831 1830 1832
f 1833 1834 1835
f 1835 1834 1836
f 1837 1838 1839
f 1839 1838 1840
f 1841 1842 1843
f 1843 1842 1844
f 1845 1846 1847
f 1847 1846 1848
f 1849 1850 1851
f 1851 1850 1852
f 1853 1854 1855
f 1855 1854 1856
f 1857 1858 1859
f 1859 1858 1860
f 1861 1862 1863
f 1863 1862 1864
f 1865 1866 1867
f 1867 1866 1868
f 1869 1870 1871
f 1871 1870 1872
f 1873 1874 1875
f 1875 1874 1876
f 1877 1878 1879
f 1879 1878 1880
f 1881 1882 1883
f 1883 1882 1884
f 1885 1886 1887
f 1887 1886 1888
f 1889 1890 1891
f 1892 1890 1889
f 1893 1894 1895
f 1896 1894 1893
f 1897 1898 1899
f 1900 1898 1897
f 1901 1902 1903
f 1904 1902 1901
f 1905 1906 1907
f 1908 1906 1905
f 1909 1910 1911
f 1911 1910 1912
f 1913 1914 1915
f 1915 1914 1916
f 1917 1918 1919
f 1919 1918 1920
f 1921 1922 1923
f 1923 1922 1924
f 1925 1926 1927
f 1927 1926 1928
f 1929 1930 1931
f 1931 1930 1932
f 1933 1934 1935
f 1934 1936 1935
f 1937 1938 1939
f 1939 1938 1940
f 1941 1942 1943
f 1943 1942 1944
f 1945 1946 1947
f 1947 1946 1948
f 1949 1950 1951
f 1951 1950 1952
f 1953 1954 1955
f 1956 1957 1958
f 1958 1957 1959
f 1954 1960 1955
f 1961 1962 1963
f 1964 1962 1961
f 1965 1966 1967
f 1968 1966 1965
f 1969 1970 1971
f 1972 1973 1974
f 1975 1970 1969
f 1973 1976 1974
f 1977 1978 1979
f 1980 1978 1977
f 1981 1982 1983
f 1984 1982 1981
f 1985 1986 1987
f 1988 1989 1990
f 1991 1986 1985
f 1989 1992 1990
f 1993 1994 1995
f 1996 1997 1998
f 1999 1994 1993
f 1997 2000 1998
f 2001 2002 2003
f 2004 2002 2001
f 2005 2006 2007
f 2007 2006 2008
f 2009 2010 2011
f 2011 2010 2012
f 2013 2014 2015
f 2015 2014 2016
f 2017 2018 2019
f 2019 2018 2020
f 2021 2022 2023
f 2024 2022 2021
f 2025 2026 2027
f 2028 2026 2025
f 2029 2030 2031
f 2032 2030 2029
f 2033 2034 2035
f 2036 2034 2033
f 2037 2038 2039
f 2040 2038 2037
f 2041 2042 2043
f 2044 2042 2041
f 2045 2046 2047
f 2048 2046 2045
f 2049 2050 2051
f 2052 2050 2049
f 2053 2054 2055
f 2056 2054 2053
f 2057 2058 2059
f 2060 2058 2057
f 2061 2062 2063
f 2064 2062 2061
f 2065 2066 2067
f 2065 2068 2066
f 2069 2068 2070
f 2070 2068 2065
f 2066 2068 2071
f 2071 2068 2072
f 2073 2074 2075
f 2075 2074 2076
f 2076 2074 2069
f 2069 2077 2068
f 2069 2078 2077
f 2074 2079 2069
f 2080 2079 2081
f 2081 2079 2082
f 2082 2079 2074
f 2078 2083 2084
f 2084 2083 2085
f 2085 2083 2086
f 2078 2087 2083
f 2083 2087 2088
f 2078 2089 2087
f 2090 2091 2092
f 2092 2091 2093
f 2093 2091 2094
f 2094 2091 2095
f 2095 2091 2079
f 2078 2096 2089
f 2089 2096 2097
f 2091 2098 2079
f 2096 2099 2100
f 2101 2102 2103
f 2103 2102 2104
f 2096 2105 2099
f 2099 2105 2106
f 2106 2105 2107
f 2102 2108 2104
f 2096 2109 2105
f 2110 2111 2108
f 2109 2112 2113
f 2108 2114 2104
f 2111 2114 2108
f 2112 2115 2116
f 2109 2117 2112
f 2112 2117 2115
f 2118 2119 2120
f 2120 2119 2121
f 2121 2119 2114
f 2117 2122 2123
f 2114 2124 2104
f 2119 2124 2114
f 2104 2124 2098
f 2122 2125 2126
f 2126 2125 2127
f 2128 2129 2130
f 2130 2129 2124
f 2129 2131 2124
f 2132 2131 2129
f 2124 2131 2098
f 2133 2134 2135
f 2125 2136 2133
f 2117 2136 2122
f 2122 2136 2125
f 2133 2136 2134
f 2109 2136 2117
f 2137 2138 2131
f 2138 2139 2131
f 2139 2140 2131
f 2136 2141 2142
f 2142 2141 2143
f 2109 2141 2136
f 2140 2144 2131
f 2096 2145 2109
f 2141 2145 2146
f 2109 2145 2141
f 2078 2145 2096
f 2147 2148 2149
f 2149 2148 2150
f 2150 2148 2144
f 2145 2151 2152
f 2152 2151 2153
f 2153 2151 2154
f 2154 2151 2155
f 2078 2151 2145
f 2156 2157 2158
f 2158 2157 2148
f 2151 2159 2160
f 2159 2161 2162
f 2151 2161 2159
f 2069 2161 2078
f 2079 2161 2069
f 2078 2161 2151
f 2157 2163 2148
f 2164 2163 2165
f 2165 2163 2166
f 2166 2163 2167
f 2167 2163 2168
f 2168 2163 2157
f 2161 2169 2170
f 2170 2169 2171
f 2079 2169 2161
f 2098 2169 2079
f 2163 2172 2148
f 2148 2172 2144
f 2098 2173 2169
f 2173 2174 2175
f 2176 2177 2178
f 2178 2177 2179
f 2179 2177 2172
f 2174 2180 2181
f 2173 2180 2174
f 2182 2183 2177
f 2177 2184 2172
f 2183 2184 2177
f 2172 2185 2144
f 2184 2185 2172
f 2144 2185 2131
f 2180 2186 2187
f 2187 2186 2188
f 2188 2186 2189
f 2098 2190 2173
f 2173 2190 2180
f 2131 2190 2098
f 2180 2190 2186
f 2185 2190 2131
f 2191 2192 2193
f 2194 2192 2191
f 2194 2195 2196
f 2194 2196 2192
f 2194 2191 2197
f 2194 2197 2198
f 2199 2200 2201
f 2199 2201 2202
f 2199 2202 2195
f 2203 2195 2194
f 2204 2195 2203
f 2205 2199 2195
f 2205 2206 2207
f 2205 2207 2208
f 2205 2208 2199
f 2209 2204 2210
f 2209 2210 2211
f 2209 2211 2212
f 2213 2204 2209
f 2213 2209 2214
f 2215 2204 2213
f 2216 2217 2218
f 2216 2218 2219
f 2216 2219 2220
f 2216 2220 2221
f 2216 2221 2205
f 2222 2204 2215
f 2222 2215 2223
f 2224 2216 2205
f 2225 2222 2226
f 2227 2228 2229
f 2227 2229 2230
f 2231 2222 2225
f 2231 2225 2232
f 2231 2232 2233
f 2234 2227 2230
f 2235 2222 2231
f 2236 2237 2234
f 2238 2235 2239
f 2240 2234 2230
f 2240 2236 2234
f 2241 2238 2242
f 2243 2235 2238
f 2243 2238 2241
f 2244 2245 2246
f 2244 2246 2247
f 2244 2247 2240
f 2248 2243 2249
f 2250 2240 2230
f 2250 2244 2240
f 2250 2230 2224
f 2251 2248 2252
f 2251 2252 2253
f 2254 2255 2256
f 2254 2256 2250
f 2257 2254 2250
f 2257 2258 2254
f 2257 2250 2224
f 2259 2260 2261
f 2262 2251 2260
f 2262 2243 2248
f 2262 2248 2251
f 2262 2260 2259
f 2262 2235 2243
f 2263 2264 2257
f 2265 2263 2257
f 2266 2265 2257
f 2267 2262 2268
f 2267 2268 2269
f 2267 2235 2262
f 2270 2266 2257
f 2271 2222 2235
f 2271 2267 2272
f 2271 2235 2267
f 2271 2204 2222
f 2273 2274 2275
f 2273 2275 2276
f 2273 2276 2270
f 2277 2271 2278
f 2277 2278 2279
f 2277 2279 2280
f 2277 2280 2281
f 2277 2204 2271
f 2282 2283 2284
f 2282 2284 2273
f 2285 2277 2286
f 2287 2285 2288
f 2287 2277 2285
f 2287 2195 2204
f 2287 2205 2195
f 2287 2204 2277
f 2289 2282 2273
f 2289 2290 2291
f 2289 2291 2292
f 2289 2292 2293
f 2289 2293 2294
f 2289 2294 2282
f 2295 2287 2296
f 2295 2296 2297
f 2295 2205 2287
f 2295 2224 2205
f 2298 2289 2273
f 2298 2273 2270
f 2299 2224 2295
f 2300 2299 2301
f 2302 2303 2304
f 2302 2304 2305
f 2302 2305 2298
f 2306 2300 2307
f 2306 2299 2300
f 2308 2309 2302
f 2310 2302 2298
f 2310 2308 2302
f 2311 2298 2270
f 2311 2310 2298
f 2311 2270 2257
f 2312 2306 2313
f 2312 2313 2314
f 2312 2314 2315
f 2316 2224 2299
f 2316 2299 2306
f 2316 2257 2224
f 2316 2306 2312
f 2316 2311 2257
f 2317 2318 2319
f 2319 2318 2320
f 2321 2322 2323
f 2324 2325 2326
f 2327 2322 2321
f 2325 2328 2326
f 2329 2330 2331
f 2332 2333 2334
f 2335 2330 2329
f 2336 2337 2338
f 2333 2339 2334
f 2337 2340 2338
f 2341 2342 2343
f 2344 2342 2341
f 2345 2346 2347
f 2348 2349 2350
f 2351 2346 2345
f 2349 2352 2350
f 2353 2354 2355
f 2356 2354 2353
f 2357 2358 2359
f 2359 2358 2360
f 2361 2362 2363
f 2363 2362 2364
f 2365 2366 2367
f 2367 2366 2368
f 2369 2370 2371
f 2371 2370 2372
f 2373 2374 2375
f 2376 2374 2373
f 2377 2378 2379
f 2380 2378 2377
f 2381 2382 2383
f 2384 2382 2381
f 2385 2386 2387
f 2388 2386 2385
f 2389 2390 2391
f 2392 2390 2389
f 2393 2394 2395
f 2396 2397 2398
f 2399 2394 2393
f 2397 2400 2398
f 2401 2402 2403
f 2404 2405 2406
f 2407 2402 2401
f 2405 2408 2406
f 2409 2410 2411
f 2412 2413 2414
f 2415 2410 2409
f 2413 2416 2414
f 2417 2418 2419
f 2420 2418 2417
f 2421 2422 2423
f 2424 2425 2426
f 2427 2422 2421
f 2428 2429 2430
f 2425 2431 2426
f 2429 2432 2430
f 2433 2434 2435
f 2436 2437 2438
f 2439 2434 2433
f 2437 2440 2438
f 2441 2442 2443
f 2444 2445 2446
f 2447 2442 2441
f 2445 2448 2446
f 2449 2450 2451
f 2452 2453 2454
f 2455 2450 2449
f 2453 2456 2454
f 2457 2458 2459
f 2459 2458 2460
f 2461 2462 2463
f 2464 2462 2461
f 2465 2466 2467
f 2467 2466 2468
f 2469 2470 2471
f 2471 2470 2472
f 2473 2474 2475
f 2475 2474 2476
f 2477 2478 2479
f 2478 2480 2479
f 2481 2482 2483
f 2483 2482 2484
f 2485 2486 2487
f 2487 2486 2488
f 2489 2490 2491
f 2491 2490 2492
f 2493 2494 2495
f 2495 2494 2496
f 2497 2498 2499
f 2499 2498 2500
f 2501 2502 2503
f 2503 2502 2504
f 2505 2506 2507
f 2507 2506 2508
f 2509 2510 2511
f 2511 2510 2512
f 2513 2514 2515
f 2516 2514 2513
f 2517 2518 2519
f 2520 2518 2517
f 2521 2522 2523
f 2524 2522 2521
f 2525 2526 2527
f 2528 2526 2525
f 2529 2530 2531
f 2532 2530 2529
f 2533 2534 2535
f 2536 2534 2533
f 2537 2538 2539
f 2540 2538 2537
f 2541 2542 2543
f 2544 2542 2541
f 2545 2546 2547
f 2548 2546 2545
f 2549 2550 2551
f 2552 2550 2549
f 2553 2554 2555
f 2556 2554 2553
f 2557 2558 2559
f 2560 2558 2557
f 2561 2562 2563
f 2563 2562 2564
f 2565 2566 2567
f 2567 2566 2568
f 2569 2570 2571
f 2571 2570 2572
f 2573 2574 2575
f 2575 2574 2576
f 2577 2578 2579
f 2579 2578 2580
f 2581 2582 2583
f 2583 2582 2584
f 2585 2586 2587
f 2587 2586 2588
f 2589 2590 2591
f 2591 2590 2592
f 2593 2594 2595
f 2595 2594 2596
f 2597 2598 2599
f 2599 2598 2600
f 2601 2602 2603
f 2603 2602 2604
f 2605 2606 2607
f 2607 2606 2608
f 2609 2610 2611
f 2611 2610 2612
f 2613 2614 2615
f 2615 2614 2616
f 2617 2618 2619
f 2619 2618 2620
f 2621 2622 2623
f 2623 2622 2624
f 2625 2626 2627
f 2627 2626 2628
f 2629 2630 2631
f 2631 2630 2632
f 2633 2634 2635
f 2635 2634 2636
f 2637 2638 2639
f 2639 2638 2640
f 2641 2642 2643
f 2643 2642 2644
f 2645 2646 2647
f 2648 2646 2645
f 2649 2650 2651
f 2652 2650 2649
f 2653 2654 2655
f 2656 2654 2653
f 2657 2658 2659
f 2660 2658 2657
f 2661 2662 2663
f 2664 2662 2661
f 2665 2666 2667
f 2667 2666 2668
f 2669 2670 2671
f 2671 2670 2672
f 2673 2674 2675
f 2675 2674 2676
f 2677 2678 2679
f 2679 2678 2680
f 2681 2682 2683
f 2683 2682 2684
f 2685 2686 2687
f 2687 2686 2688
f 2689 2690 2691
f 2690 2692 2691
f 2693 2694 2695
f 2695 2694 2696
f 2697 2698 2699
f 2699 2698 2700
f 2701 2702 2703
f 2703 2702 2704
f 2705 2706 2707
f 2707 2706 2708
f 2709 2710 2711
f 2712 2713 2714
f 2714 2713 2715
f 2710 2716 2711
f 2717 2718 2719
f 2720 2718 2717
f 2721 2722 2723
f 2724 2722 2721
f 2725 2726 2727
f 2728 2729 2730
f 2731 2726 2725
f 2729 2732 2730
f 2733 2734 2735
f 2736 2734 2733
f 2737 2738 2739
f 2740 2738 2737
f 2741 2742 2743
f 2744 2745 2746
f 2747 2742 2741
f 2745 2748 2746
f 2749 2750 2751
f 2752 2753 2754
f 2755 2750 2749
f 2753 2756 2754
f 2757 2758 2759
f 2760 2758 2757
f 2761 2762 2763
f 2763 2762 2764
f 2765 2766 2767
f 2767 2766 2768
f 2769 2770 2771
f 2771 2770 2772
f 2773 2774 2775
f 2775 2774 2776
f 2777 2778 2779
f 2780 2778 2777
f 2781 2782 2783
f 2784 2782 2781
f 2785 2786 2787
f 2788 2786 2785
f 2789 2790 2791
f 2792 2790 2789
f 2793 2794 2795
f 2796 2794 2793
f 2797 2798 2799
f 2800 2798 2797
f 2801 2802 2803
f 2804 2802 2801
f 2805 2806 2807
f 2808 2806 2805
f 2809 2810 2811
f 2812 2810 2809
f 2813 2814 2815
f 2816 2814 2813
f 2817 2818 2819
f 2820 2818 2817
f 2821 2822 2823
f 2821 2824 2822
f 2825 2824 2826
f 2826 2824 2821
f 2822 2824 2827
f 2827 2824 2828
f 2829 2830 2831
f 2831 2830 2832
f 2832 2830 2825
f 2825 2833 2824
f 2825 2834 2833
f 2830 2835 2825
f 2836 2835 2837
f 2837 2835 2838
f 2838 2835 2830
f 2834 2839 2840
f 2840 2839 2841
f 2841 2839 2842
f 2834 2843 2839
f 2839 2843 2844
f 2834 2845 2843
f 2846 2847 2848
f 2848 2847 2849
f 2849 2847 2850
f 2850 2847 2851
f 2851 2847 2835
f 2834 2852 2845
f 2845 2852 2853
f 2847 2854 2835
f 2852 2855 2856
f 2857 2858 2859
f 2859 2858 2860
f 2852 2861 2855
f 2855 2861 2862
f 2862 2861 2863
f 2858 2864 2860
f 2852 2865 2861
f 2866 2867 2864
f 2865 2868 2869
f 2864 2870 2860
f 2867 2870 2864
f 2868 2871 2872
f 2865 2873 2868
f 2868 2873 2871
f 2874 2875 2876
f 2876 2875 2877
f 2877 2875 2870
f 2873 2878 2879
f 2870 2880 2860
f 2875 2880 2870
f 2860 2880 2854
f 2878 2881 2882
f 2882 2881 2883
f 2884 2885 2886
f 2886 2885 2880
f 2885 2887 2880
f 2888 2887 2885
f 2880 2887 2854
f 2889 2890 2891
f 2881 2892 2889
f 2873 2892 2878
f 2878 2892 2881
f 2889 2892 2890
f 2865 2892 2873
f 2893 2894 2887
f 2894 2895 2887
f 2895 2896 2887
f 2892 2897 2898
f 2898 2897 2899
f 2865 2897 2892
f 2896 2900 2887
f 2852 2901 2865
f 2897 2901 2902
f 2865 2901 2897
f 2834 2901 2852
f 2903 2904 2905
f 2905 2904 2906
f 2906 2904 2900
f 2901 2907 2908
f 2908 2907 2909
f 2909 2907 2910
f 2910 2907 2911
f 2834 2907 2901
f 2912 2913 2914
f 2914 2913 2904
f 2907 2915 2916
f 2915 2917 2918
f 2907 2917 2915
f 2825 2917 2834
f 2835 2917 2825
f 2834 2917 2907
f 2913 2919 2904
f 2920 2919 2921
f 2921 2919 2922
f 2922 2919 2923
f 2923 2919 2924
f 2924 2919 2913
f 2917 2925 2926
f 2926 2925 2927
f 2835 2925 2917
f 2854 2925 2835
f 2919 2928 2904
f 2904 2928 2900
f 2854 2929 2925
f 2929 2930 2931
f 2932 2933 2934
f 2934 2933 2935
f 2935 2933 2928
f 2930 2936 2937
f 2929 2936 2930
f 2938 2939 2933
f 2933 2940 2928
f 2939 2940 2933
f 2928 2941 2900
f 2940 2941 2928
f 2900 2941 2887
f 2936 2942 2943
f 2943 2942 2944
f 2944 2942 2945
f 2854 2946 2929
f 2929 2946 2936
f 2887 2946 2854
f 2936 2946 2942
f 2941 2946 2887
f 2947 2948 2949
f 2950 2948 2947
f 2950 2951 2952
f 2950 2952 2948
f 2950 2947 2953
f 2950 2953 2954
f 2955 2956 2957
f 2955 2957 2958
f 2955 2958 2951
f 2959 2951 2950
f 2960 2951 2959
f 2961 2955 2951
f 2961 2962 2963
f 2961 2963 2964
f 2961 2964 2955
f 2965 2960 2966
f 2965 2966 2967
f 2965 2967 2968
f 2969 2960 2965
f 2969 2965 2970
f 2971 2960 2969
f 2972 2973 2974
f 2972 2974 2975
f 2972 2975 2976
f 2972 2976 2977
f 2972 2977 2961
f 2978 2960 2971
f 2978 2971 2979
f 2980 2972 2961
f 2981 2978 2982
f 2983 2984 2985
f 2983 2985 2986
f 2987 2978 2981
f 2987 2981 2988
f 2987 2988 2989
f 2990 2983 2986
f 2991 2978 2987
f 2992 2993 2990
f 2994 2991 2995
f 2996 2990 2986
f 2996 2992 2990
f 2997 2994 2998
f 2999 2991 2994
f 2999 2994 2997
f 3000 3001 3002
f 3000 3002 3003
f 3000 3003 2996
f 3004 2999 3005
f 3006 2996 2986
f 3006 3000 2996
f 3006 2986 2980
f 3007 3004 3008
f 3007 3008 3009
f 3010 3011 3012
f 3010 3012 3006
f 3013 3010 3006
f 3013 3014 3010
f 3013 3006 2980
f 3015 3016 3017
f 3018 3007 3016
f 3018 2999 3004
f 3018 3004 3007
f 3018 3016 3015
f 3018 2991 2999
f 3019 3020 3013
f 3021 3019 3013
f 3022 3021 3013
f 3023 3018 3024
f 3023 3024 3025
f 3023 2991 3018
f 3026 3022 3013
f 3027 2978 2991
f 3027 3023 3028
f 3027 2991 3023
f 3027 2960 2978
f 3029 3030 3031
f 3029 3031 3032
f 3029 3032 3026
f 3033 3027 3034
f 3033 3034 3035
f 3033 3035 3036
f 3033 3036 3037
f 3033 2960 3027
f 3038 3039 3040
f 3038 3040 3029
f 3041 3033 3042
f 3043 3041 3044
f 3043 3033 3041
f 3043 2951 2960
f 3043 2961 2951
f 3043 2960 3033
f 3045 3038 3029
f 3045 3046 3047
f 3045 3047 3048
f 3045 3048 3049
f 3045 3049 3050
f 3045 3050 3038
f 3051 3043 3052
f 3051 3052 3053
f 3051 2961 3043
f 3051 2980 2961
f 3054 3045 3029
f 3054 3029 3026
f 3055 2980 3051
f 3056 3055 3057
f 3058 3059 3060
f 3058 3060 3061
f 3058 3061 3054
f 3062 3056 3063
f 3062 3055 3056
f 3064 3065 3058
f 3066 3058 3054
f 3066 3064 3058
f 3067 3054 3026
f 3067 3066 3054
f 3067 3026 3013
f 3068 3062 3069
f 3068 3069 3070
f 3068 3070 3071
f 3072 2980 3055
f 3072 3055 3062
f 3072 3013 2980
f 3072 3062 3068
f 3072 3067 3013
f 3073 3074 3075
f 3075 3074 3076
f 3077 3078 3079
f 3080 3081 3082
f 3083 3078 3077
f 3081 3084 3082
f 3085 3086 3087
f 3088 3089 3090
f 3091 3086 3085
f 3092 3093 3094
f 3089 3095 3090
f 3093 3096 3094
f 3097 3098 3099
f 3100 3098 3097
f 3101 3102 3103
f 3104 3105 3106
f 3107 3102 3101
f 3105 3108 3106
f 3109 3110 3111
f 3112 3110 3109
f 3113 3114 3115
f 3115 3114 3116
f 3117 3118 3119
f 3119 3118 3120
f 3121 3122 3123
f 3123 3122 3124
f 3125 3126 3127
f 3127 3126 3128
f 3129 3130 3131
f 3132 3130 3129
f 3133 3134 3135
f 3136 3134 3133
f 3137 3138 3139
f 3140 3138 3137
f 3141 3142 3143
f 3144 3142 3141
f 3145 3146 3147
f 3148 3146 3145
f 3149 3150 3151
f 3152 3153 3154
f 3155 3150 3149
f 3153 3156 3154
f 3157 3158 3159
f 3160 3161 3162
f 3163 3158 3157
f 3161 3164 3162
f 3165 3166 3167
f 3168 3169 3170
f 3171 3166 3165
f 3169 3172 3170
f 3173 3174 3175
f 3176 3174 3173
f 3177 3178 3179
f 3180 3181 3182
f 3183 3178 3177
f 3184 3185 3186
f 3181 3187 3182
f 3185 3188 3186
f 3189 3190 3191
f 3192 3193 3194
f 3195 3190 3189
f 3193 3196 3194
f 3197 3198 3199
f 3200 3201 3202
f 3203 3198 3197
f 3201 3204 3202
f 3205 3206 3207
f 3208 3209 3210
f 3211 3206 3205
f 3209 3212 3210
f 3213 3214 3215
f 3215 3214 3216
f 3217 3218 3219
f 3220 3218 3217
f 3221 3222 3223
f 3223 3222 3224
f 3225 3226 3227
f 3227 3226 3228
f 3229 3230 3231
f 3231 3230 3232
f 3233 3234 3235
f 3234 3236 3235
f 3237 3238 3239
f 3239 3238 3240
f 3241 3242 3243
f 3243 3242 3244
f 3245 3246 3247
f 3247 3246 3248
f 3249 3250 3251
f 3251 3250 3252
f 3253 3254 3255
f 3255 3254 3256
f 3257 3258 3259
f 3259 3258 3260
f 3261 3262 3263
f 3263 3262 3264
f 3265 3266 3267
f 3267 3266 3268
f 3269 3270 3271
f 3272 3270 3269
f 3273 3274 3275
f 3276 3274 3273
f 3277 3278 3279
f 3280 3278 3277
f 3281 3282 3283
f 3284 3282 3281
f 3285 3286 3287
f 3288 3286 3285
f 3289 3290 3291
f 3292 3290 3289
f 3293 3294 3295
f 3296 3294 3293
f 3297 3298 3299
f 3300 3298 3297
f 3301 3302 3303
f 3304 3302 3301
f 3305 3306 3307
f 3308 3306 3305
f 3309 3310 3311
f 3312 3310 3309
f 3313 3314 3315
f 3316 3314 3313
f 3317 3318 3319
f 3319 3318 3320
f 3321 3322 3323
f 3323 3322 3324
f 3325 3326 3327
f 3327 3326 3328
f 3329 3330 3331
f 3331 3330 3332
f 3333 3334 3335
f 3335 3334 3336
f 3337 3338 3339
f 3339 3338 3340
f 3341 3342 3343
f 3343 3342 3344
f 3345 3346 3347
f 3347 3346 3348
f 3349 3350 3351
f 3351 3350 3352
f 3353 3354 3355
f 3355 3354 3356
f 3357 3358 3359
f 3359 3358 3360
f 3361 3362 3363
f 3363 3362 3364
f 3365 3366 3367
f 3367 3366 3368
f 3369 3370 3371
f 3371 3370 3372
f 3373 3374 3375
f 3375 3374 3376
f 3377 3378 3379
f 3379 3378 3380
f 3381 3382 3383
f 3383 3382 3384
f 3385 3386 3387
f 3387 3386 3388
f 3389 3390 3391
f 3391 3390 3392
f 3393 3394 3395
f 3395 3394 3396
f 3397 3398 3399
f 3399 3398 3400
f 3401 3402 3403
f 3404 3402 3401
f 3405 3406 3407
f 3408 3406 3405
f 3409 3410 3411
f 3412 3410 3409
f 3413 3414 3415
f 3416 3414 3413
f 3417 3418 3419
f 3420 3418 3417
f 3421 3422 3423
f 3423 3422 3424
f 3425 3426 3427
f 3427 3426 3428
f 3429 3430 3431
f 3431 3430 3432
f 3433 3434 3435
f 3435 3434 3436
f 3437 3438 3439
f 3439 3438 3440
f 3441 3442 3443
f 3443 3442 3444
f 3445 3446 3447
f 3446 3448 3447
f 3449 3450 3451
f 3451 3450 3452
f 3453 3454 3455
f 3455 3454 3456
f 3457 3458 3459
f 3459 3458 3460
f 3461 3462 3463
f 3463 3462 3464
f 3465 3466 3467
f 3468 3469 3470
f 3470 3469 3471
f 3466 3472 3467
f 3473 3474 3475
f 3476 3474 3473
f 3477 3478 3479
f 3480 3478 3477
f 3481 3482 3483
f 3484 3485 3486
f 3487 3482 3481
f 3485 3488 3486
f 3489 3490 3491
f 3492 3490 3489
f 3493 3494 3495
f 3496 3494 3493
f 3497 3498 3499
f 3500 3501 3502
f 3503 3498 3497
f 3501 3504 3502
f 3505 3506 3507
f 3508 3509 3510
f 3511 3506 3505
f 3509 3512 3510
f 3513 3514 3515
f 3516 3514 3513
f 3517 3518 3519
f 3519 3518 3520
f 3521 3522 3523
f 3523 3522 3524
f 3525 3526 3527
f 3527 3526 3528
f 3529 3530 3531
f 3531 3530 3532
f 3533 3534 3535
f 3536 3534 3533
f 3537 3538 3539
f 3540 3538 3537
f 3541 3542 3543
f 3544 3542 3541
f 3545 3546 3547
f 3548 3546 3545
f 3549 3550 3551
f 3552 3550 3549
f 3553 3554 3555
f 3556 3554 3553
f 3557 3558 3559
f 3560 3558 3557
f 3561 3562 3563
f 3564 3562 3561
f 3565 3566 3567
f 3568 3566 3565
f 3569 3570 3571
f 3572 3570 3569
f 3573 3574 3575
f 3576 3574 3573
f 3577 3578 3579
f 3577 3580 3578
f 3581 3580 3582
f 3582 3580 3577
f 3578 3580 3583
f 3583 3580 3584
f 3585 3586 3587
f 3587 3586 3588
f 3588 3586 3581
f 3581 3589 3580
f 3581 3590 3589
f 3586 3591 3581
f 3592 3591 3593
f 3593 3591 3594
f 3594 3591 3586
f 3590 3595 3596
f 3596 3595 3597
f 3597 3595 3598
f 3590 3599 3595
f 3595 3599 3600
f 3590 3601 3599
f 3602 3603 3604
f 3604 3603 3605
f 3605 3603 3606
f 3606 3603 3607
f 3607 3603 3591
f 3590 3608 3601
f 3601 3608 3609
f 3603 3610 3591
f 3608 3611 3612
f 3613 3614 3615
f 3615 3614 3616
f 3608 3617 3611
f 3611 3617 3618
f 3618 3617 3619
f 3614 3620 3616
f 3608 3621 3617
f 3622 3623 3620
f 3621 3624 3625
f 3620 3626 3616
f 3623 3626 3620
f 3624 3627 3628
f 3621 3629 3624
f 3624 3629 3627
f 3630 3631 3632
f 3632 3631 3633
f 3633 3631 3626
f 3629 3634 3635
f 3626 3636 3616
f 3631 3636 3626
f 3616 3636 3610
f 3634 3637 3638
f 3638 3637 3639
f 3640 3641 3642
f 3642 3641 3636
f 3641 3643 3636
f 3644 3643 3641
f 3636 3643 3610
f 3645 3646 3647
f 3637 3648 3645
f 3629 3648 3634
f 3634 3648 3637
f 3645 3648 3646
f 3621 3648 3629
f 3649 3650 3643
f 3650 3651 3643
f 3651 3652 3643
f 3648 3653 3654
f 3654 3653 3655
f 3621 3653 3648
f 3652 3656 3643
f 3608 3657 3621
f 3653 3657 3658
f 3621 3657 3653
f 3590 3657 3608
f 3659 3660 3661
f 3661 3660 3662
f 3662 3660 3656
f 3657 3663 3664
f 3664 3663 3665
f 3665 3663 3666
f 3666 3663 3667
f 3590 3663 3657
f 3668 3669 3670
f 3670 3669 3660
f 3663 3671 3672
f 3671 3673 3674
f 3663 3673 3671
f 3581 3673 3590
f 3591 3673 3581
f 3590 3673 3663
f 3669 3675 3660
f 3676 3675 3677
f 3677 3675 3678
f 3678 3675 3679
f 3679 3675 3680
f 3680 3675 3669
f 3673 3681 3682
f 3682 3681 3683
f 3591 3681 3673
f 3610 3681 3591
f 3675 3684 3660
f 3660 3684 3656
f 3610 3685 3681
f 3685 3686 3687
f 3688 3689 3690
f 3690 3689 3691
f 3691 3689 3684
f 3686 3692 3693
f 3685 3692 3686
f 3694 3695 3689
f 3689 3696 3684
f 3695 3696 3689
f 3684 3697 3656
f 3696 3697 3684
f 3656 3697 3643
f 3692 3698 3699
f 3699 3698 3700
f 3700 3698 3701
f 3610 3702 3685
f 3685 3702 3692
f 3643 3702 3610
f 3692 3702 3698
f 3697 3702 3643
f 3703 3704 3705
f 3706 3704 3703
f 3706 3707 3708
f 3706 3708 3704
f 3706 3703 3709
f 3706 3709 3710
f 3711 3712 3713
f 3711 3713 3714
f 3711 3714 3707
f 3715 3707 3706
f 3716 3707 3715
f 3717 3711 3707
f 3717 3718 3719
f 3717 3719 3720
f 3717 3720 3711
f 3721 3716 3722
f 3721 3722 3723
f 3721 3723 3724
f 3725 3716 3721
f 3725 3721 3726
f 3727 3716 3725
f 3728 3729 3730
f 3728 3730 3731
f 3728 3731 3732
f 3728 3732 3733
f 3728 3733 3717
f 3734 3716 3727
f 3734 3727 3735
f 3736 3728 3717
f 3737 3734 3738
f 3739 3740 3741
f 3739 3741 3742
f 3743 3734 3737
f 3743 3737 3744
f 3743 3744 3745
f 3746 3739 3742
f 3747 3734 3743
f 3748 3749 3746
f 3750 3747 3751
f 3752 3746 3742
f 3752 3748 3746
f 3753 3750 3754
f 3755 3747 3750
f 3755 3750 3753
f 3756 3757 3758
f 3756 3758 3759
f 3756 3759 3752
f 3760 3755 3761
f 3762 3752 3742
f 3762 3756 3752
f 3762 3742 3736
f 3763 3760 3764
f 3763 3764 3765
f 3766 3767 3768
f 3766 3768 3762
f 3769 3766 3762
f 3769 3770 3766
f 3769 3762 3736
f 3771 3772 3773
f 3774 3763 3772
f 3774 3755 3760
f 3774 3760 3763
f 3774 3772 3771
f 3774 3747 3755
f 3775 3776 3769
f 3777 3775 3769
f 3778 3777 3769
f 3779 3774 3780
f 3779 3780 3781
f 3779 3747 3774
f 3782 3778 3769
f 3783 3734 3747
f 3783 3779 3784
f 3783 3747 3779
f 3783 3716 3734
f 3785 3786 3787
f 3785 3787 3788
f 3785 3788 3782
f 3789 3783 3790
f 3789 3790 3791
f 3789 3791 3792
f 3789 3792 3793
f 3789 3716 3783
f 3794 3795 3796
f 3794 3796 3785
f 3797 3789 3798
f 3799 3797 3800
f 3799 3789 3797
f 3799 3707 3716
f 3799 3717 3707
f 3799 3716 3789
f 3801 3794 3785
f 3801 3802 3803
f 3801 3803 3804
f 3801 3804 3805
f 3801 3805 3806
f 3801 3806 3794
f 3807 3799 3808
f 3807 3808 3809
f 3807 3717 3799
f 3807 3736 3717
f 3810 3801 3785
f 3810 3785 3782
f 3811 3736 3807
f 3812 3811 3813
f 3814 3815 3816
f 3814 3816 3817
f 3814 3817 3810
f 3818 3812 3819
f 3818 3811 3812
f 3820 3821 3814
f 3822 3814 3810
f 3822 3820 3814
f 3823 3810 3782
f 3823 3822 3810
f 3823 3782 3769
f 3824 3818 3825
f 3824 3825 3826
f 3824 3826 3827
f 3828 3736 3811
f 3828 3811 3818
f 3828 3769 3736
f 3828 3818 3824
f 3828 3823 3769

