# https://github.com/mikedh/trimesh

o FR3_Version2_Link6_7-mesh
v 0.07942933 0.06908932 0.03356104
v 0.07682289 0.06954890 0.03289204
v 0.07863099 0.07486930 0.03313323
v 0.08734285 0.07321791 0.03429804
v 0.08639820 0.06786052 0.03429804
v 0.08459919 0.07373867 0.03417565
v 0.08207244 0.06862326 0.03401619
v 0.08438977 0.07377842 0.03416630
v 0.08008091 0.07459455 0.03346018
v 0.08148368 0.07432875 0.03377649
v 0.08303112 0.07403572 0.03398406
v 0.07173382 0.07617965 0.03036231
v 0.07279998 0.07597679 0.03092226
v 0.07181433 0.07043206 0.03093747
v 0.07320732 0.07589930 0.03113621
v 0.07497103 0.06987545 0.03227678
v 0.07594172 0.07537976 0.03227682
v 0.07779673 0.07502764 0.03286756
v 0.06717081 0.07125083 0.02819980
v 0.07060305 0.07639480 0.02976841
v 0.07104953 0.07630984 0.03000291
v 0.06536010 0.07739480 0.02596486
v 0.06586803 0.07729773 0.02643215
v 0.06301933 0.07198284 0.02475493
v 0.06813246 0.07686564 0.02818042
v 0.06816069 0.07686026 0.02819857
v 0.06203140 0.07803177 0.02261263
v 0.06361349 0.07772869 0.02434677
v 0.06261007 0.07205501 0.02434951
v 0.06367729 0.07771646 0.02441669
v 0.06403057 0.07764894 0.02474169
v 0.06168411 0.07809832 0.02223196
v 0.05911341 0.07267157 0.02021606
v 0.06013498 0.07839590 0.02020669
v 0.05753233 0.07889750 0.01592118
v 0.05822421 0.07876400 0.01721537
v 0.05630519 0.07316674 0.01557098
v 0.05848902 0.07871292 0.01771072
v 0.05988923 0.07844311 0.01988541
v 0.05497642 0.07939328 0.00951640
v 0.05530918 0.07932828 0.01052497
v 0.05425785 0.07352774 0.01053441
v 0.05590694 0.07921149 0.01233675
v 0.05612770 0.07916883 0.01285230
v 0.05707737 0.07898526 0.01507016
v 0.05734001 0.07893460 0.01556144
v 0.05302145 0.07374575 0.00522769
v 0.05407993 0.07957106 0.00522267
v 0.05436291 0.07951410 0.00699464
v 0.05472798 0.07944220 0.00849523
v 0.05365936 0.07966076 0.00000607
v 0.05367440 0.07965248 0.00107100
v 0.05262860 0.07381501 0.00001298
v 0.05389194 0.07960891 0.00404555
v 0.05390723 0.07960582 0.00414128
v 0.08639820 0.06786052 0.03429804
v 0.08734285 0.07321791 0.03429804
v 0.08642540 0.06785572 0.03429803
v 0.08736999 0.07321276 0.03429803
v 0.05369634 0.07964833 -0.00161173
v 0.05365936 0.07966076 0.00000607
v 0.05262860 0.07381501 0.00001298
v 0.05392194 0.07960415 -0.00413568
v 0.05305456 0.07373990 -0.00541584
v 0.05396125 0.07959645 -0.00457542
v 0.05610992 0.07917641 -0.01283283
v 0.05536618 0.07932075 -0.01069553
v 0.05432036 0.07351670 -0.01070335
v 0.05513394 0.07936583 -0.01002812
v 0.05473435 0.07944400 -0.00849391
v 0.05447987 0.07949377 -0.00751685
v 0.05410860 0.07956727 -0.00541115
v 0.05754774 0.07889956 -0.01594846
v 0.05740043 0.07892791 -0.01568335
v 0.05637659 0.07315414 -0.01568657
v 0.05732440 0.07894255 -0.01554652
v 0.05611964 0.07917453 -0.01285456
v 0.06021341 0.07838684 -0.02031403
v 0.06020972 0.07838755 -0.02030849
v 0.05919896 0.07265647 -0.02030864
v 0.05877853 0.07866265 -0.01816342
v 0.05825605 0.07876323 -0.01722315
v 0.06204589 0.07803556 -0.02263041
v 0.06271385 0.07203672 -0.02442762
v 0.06205304 0.07803421 -0.02263799
v 0.06541764 0.07739138 -0.02597751
v 0.06629706 0.07722355 -0.02676031
v 0.06634980 0.07139560 -0.02757783
v 0.06407408 0.07764775 -0.02478159
v 0.06372835 0.07771386 -0.02441489
v 0.07090203 0.07059291 -0.03045069
v 0.07189756 0.07615754 -0.03042280
v 0.07180403 0.07617530 -0.03037462
v 0.07107878 0.07631311 -0.03000105
v 0.07083577 0.07635929 -0.02987588
v 0.06849494 0.07101734 -0.02905888
v 0.06835223 0.07683198 -0.02830739
v 0.06735672 0.07702166 -0.02755800
v 0.07584874 0.06972068 -0.03255736
v 0.07619188 0.07534224 -0.03234061
v 0.07345009 0.07586252 -0.03122249
v 0.07897934 0.06916867 -0.03343547
v 0.08105471 0.06880271 -0.03384086
v 0.08148793 0.07433899 -0.03375093
v 0.08011393 0.07459909 -0.03344120
v 0.07863449 0.07487915 -0.03310770
v 0.07682450 0.07522230 -0.03253927
v 0.08371470 0.06833369 -0.03416394
v 0.08639821 0.06786052 -0.03427204
v 0.08734488 0.07322937 -0.03427204
v 0.08463305 0.07374376 -0.03415127
v 0.08439355 0.07378917 -0.03414060
v 0.08201584 0.07423909 -0.03382173
v 0.08642541 0.06785572 -0.03427203
v 0.08737202 0.07322420 -0.03427203
v 0.12345781 0.06132592 0.00001289
v 0.12336571 0.06134214 0.00268595
v 0.12357020 0.06196331 0.00000594
v 0.12346911 0.06201283 0.00268536
v 0.12255211 0.06148561 0.00834402
v 0.12280481 0.06242290 0.00794271
v 0.12306370 0.06139540 0.00552644
v 0.12311751 0.06223047 0.00612455
v 0.12345380 0.06202032 0.00309069
v 0.12217131 0.06155276 0.00991726
v 0.12164701 0.06164521 0.01143435
v 0.12196670 0.06292853 0.01121643
v 0.12243911 0.06263902 0.00964489
v 0.12268171 0.06249569 0.00851601
v 0.12271901 0.06247364 0.00834234
v 0.12019420 0.06414161 0.01442836
v 0.12042531 0.06398027 0.01406551
v 0.12008091 0.06192134 0.01407847
v 0.12114241 0.06347972 0.01293976
v 0.12094121 0.06176966 0.01279154
v 0.12119620 0.06344219 0.01285536
v 0.12133990 0.06334409 0.01259293
v 0.12187060 0.06299225 0.01142751
v 0.11723751 0.06242271 0.01735591
v 0.11780620 0.06573205 0.01734121
v 0.11857040 0.06526747 0.01651549
v 0.12012311 0.06419126 0.01454001
v 0.11328300 0.06792678 0.02195328
v 0.11355221 0.06782196 0.02168562
v 0.11273281 0.06321701 0.02167783
v 0.11498830 0.06726295 0.02025818
v 0.11605571 0.06673931 0.01919278
v 0.11654171 0.06650087 0.01870763
v 0.11767640 0.06581098 0.01748150
v 0.11314560 0.06798024 0.02208979
v 0.11039650 0.06362897 0.02412141
v 0.11170761 0.06839865 0.02363731
v 0.10843831 0.06397425 0.02598471
v 0.11112191 0.06856904 0.02426759
v 0.11125901 0.06852914 0.02412000
v 0.10722330 0.06946287 0.02766321
v 0.10722571 0.06946238 0.02766135
v 0.10633590 0.06434497 0.02767745
v 0.10894220 0.06909825 0.02631011
v 0.10905011 0.06907538 0.02622523
v 0.10674971 0.06956333 0.02803602
v 0.10411780 0.06473607 0.02919412
v 0.10430800 0.07003855 0.02963382
v 0.10301060 0.07028264 0.03036457
v 0.10176690 0.06515061 0.03053753
v 0.10267650 0.07034449 0.03052450
v 0.10249180 0.07037870 0.03061291
v 0.09933018 0.06558026 0.03168149
v 0.10033680 0.07077764 0.03164451
v 0.09816871 0.07117826 0.03245553
v 0.09682236 0.06602246 0.03262128
v 0.09774292 0.07125695 0.03261480
v 0.09158628 0.06694572 0.03389003
v 0.09251490 0.07223510 0.03386804
v 0.09364180 0.07202289 0.03366074
v 0.09424009 0.06647779 0.03335927
v 0.09477192 0.07181009 0.03345286
v 0.09758754 0.07128566 0.03267293
v 0.08736999 0.07321276 0.03429803
v 0.08895739 0.07291088 0.03425710
v 0.08642540 0.06785572 0.03429803
v 0.08911931 0.07288008 0.03424198
v 0.09188646 0.07235344 0.03398365
v 0.12010531 0.06420468 -0.01455579
v 0.11949740 0.06462603 -0.01532634
v 0.11907400 0.06209888 -0.01534542
v 0.09158953 0.07242032 -0.03399998
v 0.08915493 0.07289191 -0.03418185
v 0.08642541 0.06785572 -0.03427203
v 0.08852388 0.07301413 -0.03422899
v 0.08737202 0.07322420 -0.03427203
v 0.09410493 0.06650161 -0.03336531
v 0.09669088 0.06604564 -0.03263828
v 0.09761354 0.07129142 -0.03263022
v 0.09509871 0.07176015 -0.03334976
v 0.09367479 0.07202687 -0.03363364
v 0.09148162 0.06696418 -0.03388536
v 0.09241575 0.07226271 -0.03388465
v 0.09239984 0.07226568 -0.03388782
v 0.09922165 0.06559941 -0.03170097
v 0.10165580 0.06517018 -0.03056891
v 0.10247020 0.07039173 -0.03059480
v 0.10256401 0.07037432 -0.03054936
v 0.10050451 0.07075643 -0.03154733
v 0.09820060 0.07118254 -0.03242596
v 0.09781949 0.07125302 -0.03257130
v 0.10313141 0.07026906 -0.03027444
v 0.10395891 0.06476409 -0.02926647
v 0.10424701 0.07005886 -0.02964438
v 0.10670370 0.06958021 -0.02804460
v 0.10615580 0.06437671 -0.02778547
v 0.10705031 0.06950692 -0.02777244
v 0.10877750 0.06391443 -0.02565366
v 0.11022651 0.06365894 -0.02427450
v 0.11108931 0.06858281 -0.02427988
v 0.10898961 0.06909671 -0.02624929
v 0.10895060 0.06910496 -0.02627997
v 0.10724991 0.06946469 -0.02761562
v 0.11525030 0.06277312 -0.01927718
v 0.11595660 0.06679196 -0.01927473
v 0.11505311 0.06723799 -0.02017292
v 0.11311140 0.06799678 -0.02210161
v 0.11172960 0.06839725 -0.02359016
v 0.11109440 0.06858133 -0.02427440
v 0.11330191 0.06792231 -0.02191234
v 0.11856550 0.06527196 -0.01650760
v 0.11771271 0.06579050 -0.01742831
v 0.11653691 0.06650553 -0.01869794
v 0.11607290 0.06673455 -0.01915911
v 0.12117300 0.06345978 -0.01287703
v 0.12116861 0.06346282 -0.01288512
v 0.12021241 0.06189815 -0.01388458
v 0.12020630 0.06413423 -0.01439716
v 0.12269230 0.06249065 -0.00844716
v 0.12251070 0.06259825 -0.00928126
v 0.12233081 0.06152462 -0.00928346
v 0.12242020 0.06265187 -0.00969686
v 0.12187720 0.06160461 -0.01083331
v 0.12193120 0.06295285 -0.01129135
v 0.12120311 0.06172348 -0.01231244
v 0.12145611 0.06326956 -0.01230247
v 0.12126150 0.06339929 -0.01271662
v 0.12315571 0.06137917 -0.00482906
v 0.12326060 0.06214146 -0.00482554
v 0.12312201 0.06222827 -0.00608007
v 0.12279471 0.06243001 -0.00797710
v 0.12345781 0.06132592 0.00001289
v 0.12357020 0.06196331 0.00000594
v 0.12345581 0.06201920 -0.00305876
v -0.00733182 -0.00408422 0.05246559
v -0.00883380 -0.00483294 0.05221159
v -0.00799079 -0.00581175 0.05236317
v -0.00164490 -0.00115334 0.05325225
v 0.00025829 -0.00169926 0.05347682
v 0.00505066 0.00218499 0.05386911
v 0.00437102 -0.00994834 0.05389638
v 0.00127993 0.00758771 0.05358943
v 0.00504679 0.00632739 0.05390729
v 0.00367175 0.00808143 0.05383137
v 0.00504362 0.01478401 0.05394604
v 0.00229957 0.01463900 0.05369628
v 0.00126802 0.01290159 0.05358815
v -0.00256036 0.01221574 0.05313733
v -0.00883480 -0.00358130 0.05221727
v -0.00550166 0.01319989 0.05273773
v -0.00461656 0.02116843 0.05286286
v -0.00666600 0.02071717 0.05256669
v 0.00293499 -0.01068184 0.05376008
v -0.00883659 -0.02015768 0.05222811
v 0.00150755 -0.01494920 0.05361376
v -0.00734531 -0.02070584 0.05246352
v -0.00575960 -0.02113892 0.05270046
v -0.00251604 -0.02163885 0.05314299
v 0.00140048 -0.02192512 0.05360235
v 0.00504329 -0.01613239 0.05394960
v 0.00608867 0.01530505 0.05404510
v 0.00849216 0.01048468 0.05422708
v 0.01102362 0.00652220 0.05438590
v 0.00504367 0.00876541 0.05394400
v -0.00251640 0.02144477 0.05314295
v -0.00064172 0.01562286 0.05337303
v 0.00157239 0.02173635 0.05362064
v 0.00504305 0.02178411 0.05395211
v 0.00551317 0.02179058 0.05399701
v 0.00960989 0.02167778 0.05430136
v 0.01383452 0.02139294 0.05452286
v 0.01504411 0.02127864 0.05456906
v 0.01568715 0.00496196 0.05459051
v 0.01901121 0.02079121 0.05465808
v 0.01257524 0.00341033 0.05446662
v 0.01646691 -0.02131954 0.05461361
v 0.01901124 -0.02097309 0.05465122
v 0.00504301 -0.01490971 0.05395234
v 0.00577467 -0.01637714 0.05401908
v 0.01166706 -0.02175428 0.05442091
v 0.00504319 -0.02197597 0.05395072
v 0.00563638 -0.02198425 0.05400745
v 0.00683045 -0.02196505 0.05410451
v -0.01177061 -0.01866376 0.05173015
v -0.00887814 -0.02014241 0.05222154
v 0.01002097 0.00466313 0.05432703
v -0.01302690 -0.00692316 0.05150249
v -0.01876289 -0.01181979 0.05035239
v -0.01677597 -0.01446158 0.05077143
v -0.01443387 -0.01674618 0.05123723
v -0.01965772 0.01007486 0.05015647
v -0.02087390 0.00728266 0.04988298
v -0.01159918 -0.00265629 0.05176055
v -0.02135909 0.00574598 0.04977154
v -0.02176750 0.00396077 0.04967672
v -0.02205071 0.00195035 0.04961040
v -0.02214912 -0.00009831 0.04958726
v -0.02207130 -0.00190583 0.04960557
v -0.02184745 -0.00370688 0.04965805
v -0.02136614 -0.00591474 0.04976992
v -0.02031266 -0.00890286 0.05001022
v -0.00865169 0.02004179 0.05225809
v -0.00883647 0.01995599 0.05222742
v -0.01057555 0.01914845 0.05193871
v -0.01230145 0.01813309 0.05163501
v -0.01468153 0.01634128 0.05118941
v -0.01681175 0.01422581 0.05076408
v -0.01807384 0.01264230 0.05050020
v 0.03299344 -0.01822282 0.05434783
v 0.03299357 0.01803231 0.05434819
v 0.03214299 -0.01845365 0.05440414
v 0.02958448 0.01887259 0.05452606
v 0.02471352 0.01988195 0.05466350
v 0.02257557 -0.02045503 0.05468466
v 0.02742584 -0.01953702 0.05460227
v 0.02136902 -0.02065204 0.05468608
v 0.01986170 0.02068671 0.05467716
v 0.04235825 -0.01489141 0.05357417
v 0.04264351 -0.01467594 0.05354307
v 0.03386761 0.01781687 0.05430258
v 0.04123455 -0.01557783 0.05369246
v 0.03665340 -0.01722942 0.05410552
v 0.03837562 -0.01670309 0.05396325
v 0.03990499 -0.01617247 0.05382377
v 0.04355670 -0.01383382 0.05344062
v 0.04434281 -0.01285941 0.05334886
v 0.04460148 -0.01246124 0.05331795
v 0.04517390 -0.01132341 0.05324827
v 0.04550829 -0.01041582 0.05320676
v 0.04604751 -0.00792243 0.05313856
v 0.04632449 -0.00532721 0.05310292
v 0.04650575 -0.00009677 0.05307938
v 0.04643222 0.00343043 0.05308895
v 0.04223711 0.01478207 0.05358724
v 0.04177492 0.01507962 0.05363641
v 0.04579718 0.00911325 0.05317041
v 0.04503270 0.01145356 0.05326562
v 0.04441265 0.01256469 0.05334055
v 0.04551898 0.01018981 0.05320542
v 0.04406492 0.01304439 0.05338167
v 0.04320948 0.01398962 0.05348009
v 0.04618041 0.00669068 0.05312151
v 0.04612129 0.00719172 0.05312911
v 0.03837498 0.01651033 0.05396330
v 0.04035846 0.01579451 0.05378004
v 0.08800000 -0.04792258 -0.04389033
v 0.08800000 -0.04954676 -0.04397597
v 0.08416478 -0.04954676 -0.04380839
v 0.07127369 -0.04753882 -0.04054386
v 0.07129386 -0.04753239 -0.04055155
v 0.07388340 -0.04791270 -0.04155730
v 0.07075582 -0.04642421 -0.04019530
v 0.07100297 -0.04737480 -0.04041482
v 0.06900730 -0.04791270 -0.03956717
v 0.07101480 -0.04740906 -0.04042327
v 0.07102524 -0.04743054 -0.04042983
v 0.07102571 -0.04743121 -0.04043009
v 0.07105812 -0.04747647 -0.04044818
v 0.07106092 -0.04747921 -0.04044962
v 0.07107470 -0.04749275 -0.04045672
v 0.07110699 -0.04751477 -0.04047235
v 0.07112007 -0.04752369 -0.04047867
v 0.07114104 -0.04753299 -0.04048832
v 0.07115950 -0.04753740 -0.04049641
v 0.07119377 -0.04754558 -0.04051145
v 0.07121614 -0.04754672 -0.04052083
v 0.07121691 -0.04754676 -0.04052114
v 0.07127117 -0.04753963 -0.04054290
v 0.07132769 -0.04751463 -0.04056375
v 0.07134363 -0.04750626 -0.04056950
v 0.07136312 -0.04749139 -0.04057604
v 0.07137540 -0.04747829 -0.04057979
v 0.07140281 -0.04744910 -0.04058814
v 0.07141491 -0.04743119 -0.04059130
v 0.07177172 -0.04642420 -0.04061639
v 0.07203543 -0.04642420 -0.04071376
v 0.07144184 -0.04737480 -0.04059660
v 0.07141671 -0.04742852 -0.04059177
v 0.06448603 -0.04642420 -0.03687971
v 0.06478599 -0.04642420 -0.03704655
v 0.06440467 -0.04791270 -0.03700728
v 0.06834957 -0.04642420 -0.03902853
v 0.06907277 -0.04642420 -0.03943076
v 0.06150132 -0.04642403 -0.03478828
v 0.06150006 -0.04791345 -0.03497699
v 0.06150000 -0.04798093 -0.03498554
v 0.06149866 -0.04954676 -0.03509149
v 0.08417231 -0.04791270 -0.04372232
v 0.08418551 -0.04642420 -0.04357159
v 0.08800000 -0.04791273 -0.04388933
v 0.08800000 -0.04642420 -0.04373826
v 0.07896280 -0.04791270 -0.04294903
v 0.07990496 -0.04642420 -0.04293619
v 0.08407210 -0.04642420 -0.04355475
v 0.07393207 -0.04642420 -0.04141403
v 0.07590831 -0.04642420 -0.04195552
v 0.07899395 -0.04642420 -0.04280097
v 0.07894500 -0.04954676 -0.04303359
v 0.07385562 -0.04954676 -0.04163912
v 0.06896991 -0.04954676 -0.03964507
v 0.06435823 -0.04954676 -0.03708015
v 0.05235446 -0.02255953 -0.02505626
v 0.05241436 -0.02442041 -0.02491135
v 0.04894921 -0.02442738 -0.02270928
v 0.04930651 -0.04023670 -0.02182562
v 0.04921371 -0.03930288 -0.02204214
v 0.05085650 -0.03929456 -0.02334900
v 0.03719301 -0.03737866 -0.01916899
v 0.03719921 -0.03923665 -0.01914718
v 0.03283475 -0.03919522 -0.01900655
v 0.04457448 -0.02223595 -0.01983809
v 0.04525419 -0.02072252 -0.01999525
v 0.04563709 -0.02072728 -0.02017165
v 0.08800000 -0.03782780 -0.04174109
v 0.08800000 -0.03931138 -0.04213016
v 0.08476362 -0.03928149 -0.04200341
v 0.06859098 -0.04290024 -0.03847965
v 0.07034346 -0.04355347 -0.03947225
v 0.07034259 -0.04355374 -0.03947193
v 0.07032125 -0.04356032 -0.03946394
v 0.07029101 -0.04357557 -0.03945397
v 0.07027122 -0.04358555 -0.03944744
v 0.07025212 -0.04359939 -0.03944211
v 0.07024382 -0.04360765 -0.03944029
v 0.07021046 -0.04364083 -0.03943303
v 0.07020343 -0.04365031 -0.03943206
v 0.07019642 -0.04365975 -0.03943110
v 0.07017386 -0.04370209 -0.03943072
v 0.07016790 -0.04371329 -0.03943062
v 0.07015988 -0.04373580 -0.03943219
v 0.07015548 -0.04375848 -0.03943539
v 0.07014823 -0.04379563 -0.03944063
v 0.07014738 -0.04381709 -0.03944515
v 0.07014727 -0.04381993 -0.03944575
v 0.07015335 -0.04387480 -0.03946093
v 0.07273294 -0.04381706 -0.04051470
v 0.07273334 -0.04381555 -0.04051451
v 0.07615307 -0.04292031 -0.04143558
v 0.07271759 -0.04387480 -0.04052173
v 0.07209266 -0.04555915 -0.04058427
v 0.07273595 -0.04379005 -0.04050981
v 0.07273410 -0.04375852 -0.04050204
v 0.07273246 -0.04373057 -0.04049515
v 0.07272680 -0.04370590 -0.04048746
v 0.07272509 -0.04370180 -0.04048588
v 0.07270483 -0.04365351 -0.04046730
v 0.07270272 -0.04365026 -0.04046577
v 0.07269110 -0.04363240 -0.04045731
v 0.07266794 -0.04360807 -0.04044299
v 0.07265368 -0.04359307 -0.04043416
v 0.07263375 -0.04357876 -0.04042332
v 0.07229571 -0.04290617 -0.04013255
v 0.07262558 -0.04357498 -0.04041934
v 0.07258552 -0.04355643 -0.04039985
v 0.07257595 -0.04355401 -0.04039564
v 0.07256243 -0.04355060 -0.04038970
v 0.07252198 -0.04354676 -0.04037335
v 0.07224020 -0.04354676 -0.04025682
v 0.07039657 -0.04354676 -0.03949436
v 0.08016764 -0.04294290 -0.04237825
v 0.08434814 -0.04297444 -0.04294058
v 0.08800001 -0.04629676 -0.04372169
v 0.08800000 -0.04302993 -0.04310537
v 0.08800000 -0.04300843 -0.04309973
v 0.08800000 -0.03561109 -0.04124536
v 0.08800000 -0.03190519 -0.04071410
v 0.08800000 -0.03412281 -0.04095772
v 0.08515153 -0.03558705 -0.04112945
v 0.08800000 -0.03509675 -0.04113033
v 0.08800000 -0.02819704 -0.04060900
v 0.08800000 -0.03076470 -0.04058881
v 0.08539544 -0.03188487 -0.04058557
v 0.08800000 -0.02447831 -0.04098480
v 0.08800000 -0.02728074 -0.04061621
v 0.08544379 -0.02817216 -0.04048995
v 0.08800000 -0.02074539 -0.04182561
v 0.08800000 -0.02384045 -0.04106869
v 0.08528128 -0.02444810 -0.04087766
v 0.08800000 -0.01719678 -0.04295912
v 0.08800000 -0.02048428 -0.04188946
v 0.08492456 -0.01719679 -0.04284891
v 0.08492010 -0.02071334 -0.04172078
v 0.08445292 -0.01719679 -0.04279003
v 0.08044690 -0.01719679 -0.04228991
v 0.08071183 -0.02068031 -0.04122213
v 0.08026851 -0.01719679 -0.04224828
v 0.07668148 -0.02065686 -0.04031563
v 0.07625146 -0.01719679 -0.04131072
v 0.07605255 -0.01719679 -0.04126430
v 0.07281695 -0.02064234 -0.03902903
v 0.07239918 -0.01719679 -0.03999502
v 0.07179004 -0.01719679 -0.03978340
v 0.06911309 -0.02063646 -0.03737413
v 0.06870270 -0.01719679 -0.03833193
v 0.06770639 -0.01719679 -0.03786353
v 0.06556983 -0.02063923 -0.03535113
v 0.06516037 -0.01719679 -0.03632153
v 0.06384666 -0.01719679 -0.03552589
v 0.06218261 -0.02065041 -0.03297042
v 0.06174568 -0.01719679 -0.03399100
v 0.06150000 -0.01719679 -0.03381152
v 0.05868229 -0.01879783 -0.03085658
v 0.05854119 -0.01719679 -0.03125290
v 0.05251084 -0.01719679 -0.02582451
v 0.05437501 -0.01719679 -0.02761123
v 0.05221771 -0.01883685 -0.02538494
v 0.05479085 -0.01719679 -0.02800980
v 0.05808440 -0.01719679 -0.03085789
v 0.04899977 -0.01885713 -0.02261621
v 0.05060594 -0.01719679 -0.02399876
v 0.05218027 -0.01719679 -0.02550768
v 0.04567533 -0.01978484 -0.02009262
v 0.04608589 -0.01887071 -0.02018754
v 0.04673078 -0.01743481 -0.02033665
v 0.04677489 -0.01731591 -0.02034904
v 0.04681874 -0.01719679 -0.02036133
v 0.04721146 -0.01719679 -0.02074530
v 0.04867223 -0.01719679 -0.02214538
v 0.04905611 -0.01719679 -0.02251331
v 0.04532902 -0.02055591 -0.02001255
v 0.04897089 -0.02071324 -0.02267480
v 0.04362733 -0.02443116 -0.01969078
v 0.04364105 -0.02406622 -0.01966565
v 0.04543502 -0.02443172 -0.02061964
v 0.04375416 -0.02388292 -0.01967982
v 0.04405045 -0.02340273 -0.01971693
v 0.04083408 -0.02861541 -0.01931406
v 0.04113683 -0.02812475 -0.01935198
v 0.04152068 -0.02812983 -0.01943201
v 0.04153799 -0.02747460 -0.01940223
v 0.04531842 -0.02814076 -0.02087170
v 0.04180857 -0.02703608 -0.01943612
v 0.04278240 -0.02545783 -0.01955810
v 0.04341937 -0.02442551 -0.01963788
v 0.03734445 -0.03298149 -0.01908895
v 0.03829646 -0.03181192 -0.01914682
v 0.04140919 -0.03183914 -0.01967235
v 0.03970096 -0.03008645 -0.01923220
v 0.04063274 -0.02894172 -0.01928884
v 0.03653002 -0.03398204 -0.01903944
v 0.03724087 -0.03310875 -0.01908265
v 0.03721635 -0.03552226 -0.01912310
v 0.04136396 -0.03555202 -0.01976082
v 0.03086313 -0.03917577 -0.01898521
v 0.03181356 -0.03844223 -0.01898220
v 0.03201849 -0.03824843 -0.01898468
v 0.03284640 -0.03746550 -0.01899473
v 0.03474822 -0.03566702 -0.01901782
v 0.03492834 -0.03549670 -0.01902000
v 0.02948979 -0.04151478 -0.01900093
v 0.02927106 -0.04104375 -0.01899683
v 0.03090511 -0.04125547 -0.01900986
v 0.03232099 -0.04099607 -0.01901880
v 0.02885400 -0.04115074 -0.01899606
v 0.02883320 -0.04102111 -0.01899471
v 0.02884395 -0.04089299 -0.01899345
v 0.02885238 -0.04086851 -0.01899323
v 0.02888577 -0.04077156 -0.01899235
v 0.02895679 -0.04066230 -0.01899149
v 0.02905311 -0.04057275 -0.01899094
v 0.02944101 -0.04152453 -0.01900083
v 0.02930884 -0.04152780 -0.01900049
v 0.02930848 -0.04152771 -0.01900049
v 0.02918454 -0.04150033 -0.01899998
v 0.02913471 -0.04147655 -0.01899967
v 0.02908488 -0.04145276 -0.01899936
v 0.02898191 -0.04136994 -0.01899841
v 0.02890429 -0.04126797 -0.01899731
v 0.03515236 -0.04047733 -0.01903668
v 0.03373714 -0.04073661 -0.01902775
v 0.03282928 -0.04090294 -0.01902201
v 0.03802035 -0.04030245 -0.01908909
v 0.03723661 -0.04033588 -0.01907336
v 0.03658238 -0.04036377 -0.01906023
v 0.03552643 -0.04040879 -0.01903904
v 0.03942852 -0.04024242 -0.01911735
v 0.03935933 -0.03925617 -0.01926819
v 0.03945777 -0.04024116 -0.01911793
v 0.04000001 -0.04021805 -0.01912882
v 0.04373236 -0.04071689 -0.01924899
v 0.04354930 -0.04065920 -0.01924180
v 0.04357035 -0.03928936 -0.01976055
v 0.04231450 -0.04050572 -0.01920249
v 0.04149039 -0.03927414 -0.01945581
v 0.04161980 -0.04041938 -0.01918038
v 0.04088656 -0.04032824 -0.01915704
v 0.04596248 -0.04142427 -0.01933694
v 0.04594647 -0.04141477 -0.01933601
v 0.04591202 -0.04117631 -0.01945779
v 0.04520466 -0.04118096 -0.01930686
v 0.04557516 -0.03930052 -0.02023756
v 0.04510382 -0.04114917 -0.01930289
v 0.04379180 -0.04073564 -0.01925133
v 0.04642105 -0.04169619 -0.01936344
v 0.04686270 -0.04117911 -0.01981486
v 0.04703911 -0.04206268 -0.01939916
v 0.04704338 -0.04206521 -0.01939941
v 0.04795217 -0.04288802 -0.01948644
v 0.04757888 -0.04252857 -0.01944808
v 0.04793080 -0.04211706 -0.01989898
v 0.04718473 -0.04214903 -0.01940758
v 0.04714319 -0.04212440 -0.01940517
v 0.04857468 -0.04398863 -0.01962948
v 0.04845064 -0.04365291 -0.01958290
v 0.04890993 -0.04351463 -0.02018512
v 0.04836731 -0.04352504 -0.01956677
v 0.04809455 -0.04310650 -0.01951399
v 0.04898367 -0.04444743 -0.02001230
v 0.04874623 -0.04445292 -0.01969390
v 0.04869783 -0.04432191 -0.01967572
v 0.04895563 -0.04584264 -0.01986345
v 0.04885634 -0.04501125 -0.01976401
v 0.04900424 -0.04491295 -0.01996324
v 0.04884482 -0.04491475 -0.01975247
v 0.04881040 -0.04462661 -0.01971800
v 0.05182398 -0.04642421 -0.02455676
v 0.05145058 -0.04642420 -0.02398853
v 0.05231831 -0.04484947 -0.02504786
v 0.05115128 -0.04642420 -0.02353307
v 0.04965201 -0.04642420 -0.02104291
v 0.05513169 -0.04642422 -0.02877899
v 0.05440519 -0.04642421 -0.02793955
v 0.05531334 -0.04295953 -0.02833514
v 0.05376978 -0.04642421 -0.02720537
v 0.05227443 -0.04642421 -0.02516991
v 0.05816608 -0.04642421 -0.03194349
v 0.05776828 -0.04642421 -0.03155255
v 0.05841035 -0.04293274 -0.03138106
v 0.05618803 -0.04642422 -0.02999955
v 0.05859265 -0.04642421 -0.03236270
v 0.06165100 -0.04291367 -0.03409771
v 0.06138689 -0.04642404 -0.03469285
v 0.06504033 -0.04290262 -0.03647359
v 0.06150132 -0.04642403 -0.03478828
v 0.04528124 -0.03556938 -0.02092651
v 0.04537463 -0.03743207 -0.02070482
v 0.04340874 -0.03742300 -0.02013859
v 0.04138352 -0.03741073 -0.01970838
v 0.04525823 -0.03185283 -0.02099445
v 0.04715548 -0.03557352 -0.02170279
v 0.04892923 -0.03185694 -0.02272466
v 0.04897635 -0.03557479 -0.02260144
v 0.04726403 -0.03743703 -0.02144637
v 0.04906537 -0.03743724 -0.02238978
v 0.05075008 -0.03557352 -0.02360813
v 0.05251386 -0.03185639 -0.02465285
v 0.05246692 -0.03742684 -0.02473763
v 0.05244837 -0.03928350 -0.02477254
v 0.05575267 -0.03741020 -0.02735092
v 0.05917718 -0.03554338 -0.02965373
v 0.05587122 -0.03555893 -0.02708678
v 0.05248534 -0.03557017 -0.02470301
v 0.04746442 -0.03930546 -0.02097944
v 0.04847369 -0.04024025 -0.02119841
v 0.04760179 -0.04024169 -0.02066075
v 0.04895185 -0.04398130 -0.02008713
v 0.04963216 -0.04396955 -0.02106394
v 0.04897945 -0.04604206 -0.01988730
v 0.04964715 -0.04582801 -0.02102198
v 0.04965382 -0.04489954 -0.02101052
v 0.04903170 -0.04642420 -0.02001261
v 0.04897317 -0.04643401 -0.01990939
v 0.05238057 -0.04299516 -0.02491274
v 0.05097520 -0.04301626 -0.02306170
v 0.05095817 -0.04208652 -0.02310453
v 0.04957886 -0.04303785 -0.02118993
v 0.04949956 -0.04210475 -0.02137551
v 0.04885918 -0.04304749 -0.02030337
v 0.04873807 -0.04211214 -0.02058478
v 0.04808726 -0.04305889 -0.01953217
v 0.04806007 -0.04305360 -0.01950732
v 0.05561100 -0.03926024 -0.02766806
v 0.05545957 -0.04110974 -0.02800756
v 0.05242307 -0.04113979 -0.02482294
v 0.04776011 -0.04117904 -0.02029404
v 0.04860447 -0.04117612 -0.02089482
v 0.04940489 -0.04117083 -0.02159631
v 0.05092960 -0.04115615 -0.02317382
v 0.05880570 -0.03923870 -0.03049002
v 0.04806367 -0.04305912 -0.01950802
v 0.08118805 -0.03185189 -0.04008487
v 0.08094974 -0.03555437 -0.04061592
v 0.07715799 -0.03182846 -0.03917775
v 0.07692205 -0.03553107 -0.03970335
v 0.07329467 -0.03181400 -0.03788837
v 0.07305858 -0.03551660 -0.03841431
v 0.06959497 -0.03180835 -0.03622391
v 0.06935479 -0.03551073 -0.03675928
v 0.06605852 -0.03181148 -0.03418530
v 0.06581121 -0.03551348 -0.03473701
v 0.06267945 -0.03182310 -0.03178592
v 0.06243428 -0.03552521 -0.03233268
v 0.05937970 -0.03183897 -0.02920473
v 0.05600363 -0.03185074 -0.02679848
v 0.08056861 -0.03924917 -0.04147438
v 0.07654520 -0.03922610 -0.04055195
v 0.07268336 -0.03921172 -0.03925919
v 0.06897754 -0.03920574 -0.03760878
v 0.06542990 -0.03920827 -0.03559582
v 0.06205087 -0.03921989 -0.03319634
v 0.05888722 -0.02066652 -0.03037924
v 0.05906154 -0.02253356 -0.02997205
v 0.05228754 -0.02069827 -0.02521726
v 0.05249645 -0.02814014 -0.02470798
v 0.04894087 -0.02814225 -0.02271320
v 0.08106073 -0.02441441 -0.04040716
v 0.08122763 -0.02813871 -0.04000937
v 0.07702293 -0.02439056 -0.03951774
v 0.07719236 -0.02811499 -0.03911418
v 0.07315712 -0.02437596 -0.03823409
v 0.07332789 -0.02810047 -0.03782740
v 0.06945803 -0.02437035 -0.03656825
v 0.06963079 -0.02809496 -0.03615703
v 0.06592403 -0.02437362 -0.03452401
v 0.06609935 -0.02809837 -0.03410694
v 0.06253314 -0.02438459 -0.03215171
v 0.06271142 -0.02810950 -0.03172784
v 0.05920370 -0.02439887 -0.02963859
v 0.05937915 -0.02812363 -0.02922121
v 0.05583957 -0.02441128 -0.02720496
v 0.05598571 -0.02813446 -0.02685477
v 0.08427122 -0.04954676 0.04381005
v 0.08166565 -0.04954676 0.04348335
v 0.09156897 -0.04954676 -0.04383091
v 0.09675425 -0.04954676 0.04309380
v 0.09156897 -0.04954676 0.04382891
v 0.08800000 -0.04954676 0.04397397
v 0.06289543 -0.04954676 0.03605480
v 0.06156772 -0.04954676 0.03505425
v 0.05136566 -0.04954676 -0.02416341
v 0.06015716 -0.04954676 0.03399127
v 0.05895936 -0.04954676 0.03293702
v 0.05760298 -0.04954676 0.03174321
v 0.05651790 -0.04954676 0.03062911
v 0.05523133 -0.04954676 0.02930814
v 0.05425987 -0.04954676 0.02814139
v 0.05430797 -0.04954676 -0.02819397
v 0.05431631 -0.04954676 -0.02820482
v 0.05647914 -0.04954676 -0.03061921
v 0.05773105 -0.04954676 -0.03182349
v 0.08092865 -0.04954676 0.04339094
v 0.05221931 -0.04954676 -0.02547473
v 0.05892836 -0.04954676 -0.03297525
v 0.06149866 -0.04954676 -0.03509149
v 0.06435823 -0.04954676 -0.03708015
v 0.09675425 -0.04954676 -0.04309580
v 0.13189690 -0.04954676 0.00261756
v 0.13127431 -0.04954676 0.00781755
v 0.13003800 -0.04954676 0.01290665
v 0.10181540 -0.04954676 -0.04174946
v 0.10668050 -0.04954676 -0.03981101
v 0.11128071 -0.04954676 -0.03730791
v 0.07761938 -0.04954676 0.04271481
v 0.07546704 -0.04954676 0.04209899
v 0.07434925 -0.04954676 0.04177917
v 0.07324480 -0.04954676 0.04140003
v 0.07011373 -0.04954676 0.04014095
v 0.06952690 -0.04954676 0.03985081
v 0.06708838 -0.04954676 0.03864519
v 0.06417334 -0.04954676 0.03691318
v 0.05032293 -0.04954676 0.02269819
v 0.05033184 -0.04954676 0.02271426
v 0.05217336 -0.04954676 0.02550590
v 0.07894500 -0.04954676 -0.04303359
v 0.08416478 -0.04954676 -0.04380839
v 0.08800000 -0.04954676 -0.04397597
v 0.12820540 -0.04954676 0.01781267
v 0.12580250 -0.04954676 0.02246604
v 0.12286351 -0.04954676 0.02680075
v 0.05304751 -0.04954676 0.02668532
v 0.05218119 -0.04954676 0.02551778
v 0.04729238 -0.04954676 -0.01670093
v 0.04801124 -0.04954676 -0.01827602
v 0.04869396 -0.04954676 0.01975627
v 0.04841897 -0.04954676 -0.01911189
v 0.04886534 -0.04954676 -0.01997766
v 0.11555080 -0.04954676 -0.03427568
v 0.11943001 -0.04954676 -0.03075733
v 0.12286351 -0.04954676 -0.02680275
v 0.12580250 -0.04954676 -0.02246804
v 0.12820540 -0.04954676 -0.01781467
v 0.13189690 -0.04954676 -0.00261956
v 0.13003800 -0.04954676 -0.01290865
v 0.13127431 -0.04954676 -0.00781955
v 0.11943001 -0.04954676 0.03075533
v 0.11555080 -0.04954676 0.03427368
v 0.11128071 -0.04954676 0.03730591
v 0.10668050 -0.04954676 0.03980900
v 0.10181540 -0.04954676 0.04174747
v 0.04870207 -0.04954676 0.01977397
v 0.05030752 -0.04954676 -0.02253796
v 0.06896991 -0.04954676 -0.03964507
v 0.07385562 -0.04954676 -0.04163912
v 0.04729238 -0.04954676 0.01669900
v 0.04578096 -0.04954676 0.01239063
v 0.04578096 -0.04954676 -0.01239263
v 0.04444751 -0.04954676 0.00625848
v 0.04444751 -0.04954676 -0.00626048
v 0.04400000 -0.04954676 -0.00000100
v -0.01802438 -0.04447616 0.00379900
v -0.02484479 -0.04102288 0.00379900
v -0.02493177 -0.04099684 0.00379900
v -0.03104863 -0.03654115 0.00379900
v -0.03118916 -0.03645121 0.00379900
v -0.03645907 -0.03112815 0.00379900
v 0.01235000 -0.04637728 0.00379900
v 0.01205478 -0.04643134 0.00379900
v 0.00857334 -0.04722327 0.00379900
v 0.00831283 -0.04724660 0.00379900
v 0.00474070 -0.04776158 0.00379900
v 0.00451769 -0.04776018 0.00379900
v -0.00299219 -0.04790321 0.00379900
v -0.00313484 -0.04787106 0.00379900
v -0.01064708 -0.04679847 0.00379900
v -0.01070727 -0.04676115 0.00379900
v -0.01800609 -0.04445881 0.00379900
v 0.01919716 -0.04457507 0.00379900
v 0.01579145 -0.04544512 0.00379900
v 0.01239149 -0.04634243 0.00379900
v -0.04779951 -0.00282042 0.00379900
v -0.04783142 -0.00265899 0.00379900
v -0.04777578 -0.00320900 0.00379900
v -0.04746843 -0.00651218 0.00379900
v -0.04737418 -0.00701761 0.00379900
v -0.04679555 -0.01032349 0.00379900
v -0.04666945 -0.01078195 0.00379900
v -0.04581717 -0.01406804 0.00379900
v -0.04566611 -0.01447791 0.00379900
v -0.04453968 -0.01772138 0.00379900
v -0.04437057 -0.01808186 0.00379900
v -0.04297140 -0.02125966 0.00379900
v -0.04279112 -0.02157072 0.00379900
v -0.04112260 -0.02465977 0.00379900
v -0.04093787 -0.02492219 0.00379900
v -0.03900533 -0.02789953 0.00379900
v -0.03663341 -0.03095778 0.00379900
v -0.04782007 -0.00243166 0.00379900
v -0.04785172 -0.00165370 0.00379900
v -0.04789588 -0.00072454 0.00379900
v -0.04787704 -0.00009676 0.00379900
v -0.04788215 0.00121094 0.00379900
v -0.04766128 0.00444348 0.00379900
v -0.04762027 0.00507232 0.00379900
v -0.04704752 0.00889996 0.00379900
v -0.04664565 0.01079330 0.00379900
v -0.04632887 0.01197994 0.00379900
v -0.04616761 0.01266886 0.00379900
v -0.04580879 0.01382322 0.00379900
v -0.04561420 0.01452358 0.00379900
v -0.04521540 0.01564423 0.00379900
v -0.04498632 0.01635443 0.00379900
v -0.04454965 0.01744005 0.00379900
v -0.04428497 0.01815842 0.00379900
v -0.04381261 0.01920780 0.00379900
v -0.04351132 0.01993260 0.00379900
v -0.04300546 0.02094466 0.00379900
v -0.04266662 0.02167407 0.00379900
v -0.04212949 0.02264785 0.00379900
v -0.04175226 0.02338000 0.00379900
v -0.04118610 0.02431464 0.00379900
v -0.04076974 0.02504760 0.00379900
v -0.04017679 0.02594237 0.00379900
v -0.03972063 0.02667414 0.00379900
v -0.03910320 0.02752842 0.00379900
v -0.03860668 0.02825697 0.00379900
v -0.03796703 0.02907027 0.00379900
v -0.03742969 0.02979351 0.00379900
v -0.03677010 0.03056545 0.00379900
v -0.03619159 0.03128124 0.00379900
v -0.03551433 0.03201155 0.00379900
v -0.03489439 0.03271774 0.00379900
v -0.03420173 0.03340627 0.00379900
v -0.03354022 0.03410066 0.00379900
v -0.03283439 0.03474737 0.00379900
v -0.03213129 0.03542774 0.00379900
v -0.03141451 0.03603273 0.00379900
v -0.03066989 0.03669683 0.00379900
v -0.02994436 0.03726026 0.00379900
v -0.02915842 0.03790583 0.00379900
v -0.02842629 0.03842800 0.00379900
v -0.02759934 0.03905278 0.00379900
v -0.02686273 0.03953410 0.00379900
v -0.02599519 0.04013582 0.00379900
v -0.02525618 0.04057678 0.00379900
v -0.02434860 0.04115316 0.00379900
v -0.02360921 0.04155437 0.00379900
v -0.02266225 0.04210315 0.00379900
v -0.02277139 0.04201826 0.00379900
v -0.02192446 0.04246530 0.00379900
v -0.02093890 0.04298424 0.00379900
v -0.02020463 0.04330813 0.00379900
v -0.01918137 0.04379499 0.00379900
v -0.01488234 0.04543264 0.00379900
v -0.01557526 0.04520027 0.00379900
v -0.01634387 0.04490422 0.00379900
v -0.01739251 0.04453407 0.00379900
v -0.01933242 0.04370357 0.00379900
v -0.01845246 0.04408149 0.00379900
v -0.01667077 0.04478416 0.00379900
v -0.01488234 0.04543264 0.00379900
v -0.00624829 0.04849784 0.00379900
v -0.00808220 0.04711646 0.00379900
v -0.00611391 0.04819933 0.00379900
v -0.00603457 0.04802307 0.00379900
v -0.00572435 0.04764183 0.00379900
v -0.00564039 0.04757200 0.00379900
v -0.00553289 0.04748262 0.00379900
v 0.04786594 -0.00190292 -0.00000100
v 0.04891740 -0.00294063 -0.00000100
v 0.04886523 -0.00294063 -0.00000100
v 0.02855433 0.03836179 -0.00000100
v 0.03259242 0.03649195 -0.00000100
v 0.03437157 0.03326498 -0.00000100
v 0.03747612 0.03147127 -0.00000100
v 0.03929269 0.02729839 -0.00000100
v 0.04159410 0.02580558 -0.00000100
v 0.04318942 0.02061758 -0.00000100
v 0.04486221 0.01961065 -0.00000100
v 0.04596015 0.01339673 -0.00000100
v 0.04721369 0.01301305 -0.00000100
v 0.04753266 0.00582408 -0.00000100
v 0.04860049 0.00614759 -0.00000100
v 0.04896693 0.00170324 -0.00000100
v 0.02199266 0.04245595 -0.00000100
v 0.02361699 0.04283619 -0.00000100
v 0.02704279 0.04076505 -0.00000100
v 0.04863745 -0.00291434 -0.00000100
v 0.04842166 -0.00283687 -0.00000100
v 0.04822918 -0.00271228 -0.00000100
v 0.04807014 -0.00254713 -0.00000100
v 0.00239735 0.04774321 -0.00000100
v 0.00183115 0.04886913 -0.00000100
v 0.00733521 0.04723827 -0.00000100
v 0.00700084 0.04840054 -0.00000100
v 0.01485761 0.04544071 -0.00000100
v 0.01327328 0.04707124 -0.00000100
v 0.01931845 0.04493431 -0.00000100
v 0.04795289 -0.00235009 -0.00000100
v 0.04788361 -0.00213152 -0.00000100
v 0.02890205 -0.03962530 0.01669900
v 0.02911180 -0.03957963 0.01669900
v 0.02911773 -0.03961159 0.01669900
v 0.02921601 -0.04161595 0.01669900
v 0.02921863 -0.04162480 0.01669900
v 0.02890205 -0.04218472 0.01669900
v 0.02923018 -0.04166389 0.01669900
v 0.02926831 -0.04174164 0.01669900
v 0.02928217 -0.04176990 0.01669900
v 0.02931136 -0.04181039 0.01669900
v 0.02934407 -0.04184259 0.01669900
v 0.02968315 -0.04199546 0.01669900
v 0.02970985 -0.04199826 0.01669900
v 0.02975974 -0.04199506 0.01669900
v 0.02981021 -0.04198668 0.01669900
v 0.02918016 -0.03994788 0.01669900
v 0.02920206 -0.04030955 0.01669900
v 0.02920206 -0.04149878 0.01669900
v 0.02939566 -0.04189338 0.01669900
v 0.02943647 -0.04192185 0.01669900
v 0.02954372 -0.04197246 0.01669900
v 0.02955735 -0.04197628 0.01669900
v 0.02959168 -0.04198587 0.01669900
v 0.03848753 0.01685840 0.05399869
v 0.04618287 0.01040712 0.05320432
v 0.04214733 0.01570075 0.05368556
v 0.04152719 0.01601725 0.05375026
v 0.04064514 0.01646740 0.05384228
v 0.03923865 0.01697571 0.05397419
v 0.03860008 0.01720648 0.05403408
v 0.04461342 0.01347492 0.05339896
v 0.04369325 0.01450524 0.05350953
v 0.04356444 0.01461164 0.05352430
v 0.04264358 0.01537233 0.05362991
v 0.04566025 0.01174639 0.05326927
v 0.04513817 0.01268430 0.05333434
v 0.04498678 0.01295627 0.05335321
v -0.00212125 0.02220513 0.05327921
v -0.00260150 0.02216832 0.05322232
v -0.00255640 0.02180928 0.05316048
v 0.00551428 0.02218618 0.05402340
v 0.00155579 0.02211384 0.05364289
v 0.00033796 0.02239363 0.05357054
v 0.01019040 0.02241593 0.05443432
v 0.00963877 0.02245560 0.05440621
v 0.00962611 0.02207007 0.05432825
v 0.00551093 0.02257488 0.05410154
v 0.00525433 0.02256910 0.05407642
v 0.00153442 0.02248533 0.05371229
v 0.01389635 0.02214941 0.05462319
v 0.01386671 0.02177429 0.05454874
v 0.01510626 0.02203236 0.05466824
v 0.01508072 0.02165815 0.05459470
v 0.01511503 0.02203152 0.05466856
v 0.01901121 0.02079121 0.05465808
v 0.01991512 0.02106336 0.05470191
v 0.02486089 0.02062580 0.05475849
v 0.02485210 0.02062762 0.05475875
v 0.02478300 0.02025785 0.05468687
v 0.01999460 0.02142940 0.05477461
v 0.01996719 0.02143392 0.05477470
v 0.02969902 0.01962371 0.05461815
v 0.02966889 0.01924550 0.05454706
v 0.02975393 0.01961233 0.05461656
v 0.03396419 0.01818163 0.05432028
v 0.03406225 0.01854061 0.05438518
v 0.03449504 0.01841337 0.05435169
v -0.02151601 0.00752003 0.04981724
v -0.02201600 0.00592283 0.04969981
v -0.02026524 0.01040270 0.05010375
v -0.02118222 0.00828933 0.04989370
v -0.01732152 0.01470344 0.05074254
v -0.01733149 0.01469351 0.05074052
v -0.01863230 0.01305783 0.05046426
v -0.01884226 0.01271645 0.05041791
v -0.02015622 0.01057997 0.05012782
v -0.01554967 0.01646626 0.05110146
v -0.01513721 0.01687662 0.05118502
v -0.01361087 0.01802911 0.05147484
v -0.01268569 0.01872768 0.05165051
v -0.01153981 0.01940465 0.05185491
v -0.01090778 0.01977805 0.05196765
v -0.00932162 0.02052011 0.05223472
v -0.00892167 0.02070723 0.05230207
v -0.00699476 0.02136999 0.05260562
v -0.00686715 0.02141388 0.05262572
v -0.00474501 0.02188931 0.05293613
v -0.00458105 0.02191065 0.05295802
v -0.02283356 -0.00009506 0.04950738
v -0.02273931 0.00201677 0.04953162
v -0.02243432 0.00409300 0.04960119
v -0.02260374 0.00293972 0.04956254
v -0.02252022 -0.00382502 0.04958161
v -0.02201939 -0.00610217 0.04969881
v -0.02276151 -0.00196461 0.04952655
v -0.02261096 -0.00312538 0.04956091
v 0.04617621 -0.01062216 0.05320529
v 0.04674929 -0.00804699 0.05313439
v 0.04721663 -0.00009674 0.05307164
v 0.04721502 -0.00014455 0.05307187
v 0.04675355 -0.00802785 0.05313387
v 0.04703376 -0.00542484 0.05309729
v 0.04703819 -0.00538367 0.05309671
v 0.04714627 0.00346525 0.05308204
v 0.04701518 0.00516997 0.05309963
v 0.04689209 0.00677062 0.05311615
v 0.04683083 0.00728269 0.05312405
v 0.04673811 0.00781616 0.05313557
v 0.04648582 0.00926785 0.05316693
v 0.04739691 0.01090225 0.05335985
v 0.04813971 0.01262329 0.05358227
v 0.04859522 0.01144964 0.05351770
v 0.04861093 0.01139768 0.05351539
v 0.04798552 0.01302058 0.05360413
v 0.04757803 0.01372833 0.05365959
v 0.04513817 0.01268430 0.05333434
v 0.04752708 0.01381682 0.05366653
v 0.04725820 0.01428384 0.05370313
v 0.04687734 0.01477742 0.05375300
v 0.03923865 0.01697571 0.05397419
v 0.04177204 0.01863242 0.05435420
v 0.04627006 0.01556443 0.05383251
v 0.04609489 0.01573064 0.05385434
v 0.04590561 0.01591022 0.05387793
v 0.04356444 0.01461164 0.05352430
v 0.04499569 0.01677354 0.05399133
v 0.04419037 0.01732612 0.05408583
v 0.04383263 0.01757159 0.05412782
v 0.04152719 0.01601725 0.05375026
v 0.04356803 0.01775314 0.05415887
v 0.04200163 0.01852001 0.05432923
v 0.04144031 0.01874893 0.05438666
v 0.03964293 0.01938021 0.05456253
v 0.03943521 0.01945316 0.05458286
v 0.03720502 0.02006790 0.05476082
v 0.03629761 0.02031803 0.05483323
v 0.03491084 0.02070029 0.05494389
v 0.03229616 0.02132603 0.05508273
v 0.03104554 0.02162533 0.05514914
v 0.02914197 0.02208089 0.05525023
v 0.02735369 0.02244106 0.05529601
v 0.02573302 0.02276747 0.05533750
v 0.02418653 0.02307894 0.05537709
v 0.02236665 0.02336573 0.05537403
v 0.02036250 0.02368156 0.05537065
v 0.01864252 0.02395261 0.05536775
v 0.01733306 0.02409296 0.05533078
v 0.01495446 0.02434792 0.05526363
v 0.01400964 0.02444919 0.05523696
v 0.01227508 0.02457077 0.05515893
v 0.01019040 0.02241593 0.05443432
v 0.00952914 0.02466310 0.05498840
v 0.00748237 0.02473192 0.05486129
v 0.00654561 0.02473945 0.05477688
v 0.00411871 0.02475896 0.05455818
v 0.00148728 0.02478011 0.05432106
v 0.00082679 0.02475588 0.05424503
v 0.00033796 0.02239363 0.05357054
v -0.00125905 0.02467934 0.05400494
v -0.00209449 0.02464868 0.05390878
v -0.00392099 0.02445319 0.05366804
v -0.00483672 0.02435517 0.05354735
v -0.01026369 0.02287108 0.05271327
v -0.00932162 0.02052011 0.05223472
v -0.01152667 0.02230052 0.05249586
v -0.00487645 0.02435092 0.05354211
v -0.00654399 0.02402088 0.05329951
v -0.00728848 0.02387353 0.05319119
v -0.00759458 0.02377697 0.05314268
v -0.00909102 0.02330489 0.05290551
v -0.00979509 0.02308277 0.05279393
v -0.01513506 0.02015074 0.05182767
v -0.01361087 0.01802911 0.05147484
v -0.01222193 0.02198644 0.05237617
v -0.01278264 0.02165741 0.05227254
v -0.01153981 0.01940465 0.05185491
v -0.01383176 0.02104178 0.05207862
v -0.01424222 0.02080092 0.05200276
v -0.01597862 0.01953644 0.05166225
v -0.01626220 0.01932993 0.05160664
v -0.01731772 0.01838593 0.05138815
v -0.01554967 0.01646626 0.05110146
v -0.01795501 0.01781596 0.05125622
v -0.01815474 0.01763732 0.05121488
v -0.01928347 0.01639674 0.05096971
v -0.01973966 0.01589535 0.05087063
v -0.01991013 0.01570799 0.05083360
v -0.02101442 0.01419986 0.05058361
v -0.01884226 0.01271645 0.05041791
v -0.02131262 0.01379262 0.05051610
v -0.02147445 0.01357161 0.05047947
v -0.02015622 0.01057997 0.05012782
v -0.02249469 0.01180959 0.05024053
v -0.02265679 0.01152964 0.05020256
v -0.02275847 0.01135403 0.05017875
v -0.02118222 0.00828933 0.04989370
v -0.02331606 0.00627311 0.04971386
v -0.02275847 0.01135403 0.05017875
v -0.02369169 0.00927299 0.04995423
v -0.02375621 0.00912912 0.04993871
v -0.02382323 0.00897968 0.04992258
v -0.02461619 0.00662349 0.04972791
v -0.02331606 0.00627311 0.04971386
v -0.02510842 0.00440551 0.04960420
v -0.02550287 -0.00008207 0.04950447
v -0.02542265 0.00136567 0.04952321
v -0.02522311 0.00329597 0.04957464
v -0.02260374 0.00293972 0.04956254
v -0.02522260 0.00330087 0.04957477
v -0.02333447 -0.00640032 0.04970924
v -0.02550287 -0.00008207 0.04950447
v -0.02529203 -0.00322431 0.04955827
v -0.02261096 -0.00312538 0.04956091
v -0.02526233 -0.00341663 0.04956575
v -0.02526040 -0.00342915 0.04956624
v -0.02493650 -0.00552720 0.04964788
v -0.02464962 -0.00669854 0.04971966
v -0.01733236 -0.01488004 0.05074008
v -0.01729452 -0.01493048 0.05074819
v -0.00255619 -0.02200280 0.05316044
v -0.01213916 -0.01926994 0.05174990
v -0.01153102 -0.01958274 0.05185467
v -0.00931281 -0.02072369 0.05223683
v -0.00915577 -0.02080446 0.05226389
v -0.00757083 -0.02139302 0.05251755
v -0.00697235 -0.02155956 0.05260833
v -0.00592695 -0.02185047 0.05276690
v -0.00454035 -0.02206347 0.05295668
v -0.00260141 -0.02236131 0.05322207
v -0.01360943 -0.01820767 0.05147387
v -0.01488177 -0.01728841 0.05123500
v -0.01554817 -0.01663715 0.05110055
v -0.01883781 -0.01287355 0.05041747
v -0.01934290 -0.01220035 0.05030923
v -0.02119139 -0.00846696 0.04989184
v -0.02093954 -0.00918625 0.04995055
v -0.02012284 -0.01072800 0.05013402
v 0.03686404 -0.01793618 0.05418095
v 0.03860033 -0.01740068 0.05403437
v 0.03675773 -0.01758553 0.05412043
v 0.03848797 -0.01705189 0.05399881
v 0.03223525 -0.01882379 0.05442347
v 0.03452150 -0.01858271 0.05434112
v 0.02750403 -0.01991241 0.05462455
v 0.02974119 -0.01978418 0.05460257
v 0.03232866 -0.01918793 0.05449105
v 0.02263816 -0.02083163 0.05470878
v 0.02142757 -0.02102871 0.05471051
v 0.02005879 -0.02159301 0.05476275
v 0.02148508 -0.02139927 0.05478318
v 0.02269994 -0.02120210 0.05478128
v 0.02491596 -0.02078433 0.05474240
v 0.02758239 -0.02028165 0.05469562
v 0.01901124 -0.02097309 0.05465122
v 0.01650859 -0.02169777 0.05463901
v 0.01654827 -0.02206988 0.05471246
v 0.01517244 -0.02219820 0.05465869
v 0.01169106 -0.02214086 0.05444733
v 0.01171201 -0.02252096 0.05452347
v 0.01025417 -0.02258987 0.05442982
v 0.00683675 -0.02236166 0.05413143
v 0.00683883 -0.02275131 0.05421041
v 0.00563821 -0.02237901 0.05403379
v 0.00563562 -0.02276690 0.05411166
v 0.00138270 -0.02229954 0.05362408
v -0.00207991 -0.02240170 0.05328395
v 0.00038688 -0.02259273 0.05357669
v 0.00136021 -0.02266810 0.05369220
v 0.00531001 -0.02275937 0.05407971
v 0.04581368 -0.01159408 0.05325046
v 0.04519187 -0.01282507 0.05332773
v 0.04514447 -0.01289896 0.05333366
v 0.04491339 -0.01325920 0.05336256
v 0.04406451 -0.01431658 0.05346486
v 0.04354772 -0.01479969 0.05352532
v 0.04308335 -0.01523381 0.05357963
v 0.04277305 -0.01547194 0.05361489
v 0.04157072 -0.01621983 0.05374655
v 0.04153927 -0.01623409 0.05374975
v 0.04017168 -0.01685390 0.05388872
v 0.03925172 -0.01717402 0.05397399
v 0.04916965 -0.00890707 0.05343524
v 0.04736737 -0.01119127 0.05336419
v 0.04855849 -0.01176076 0.05352309
v 0.04906653 -0.00968142 0.05345034
v 0.04916957 -0.00890770 0.05343524
v 0.04946394 -0.00669704 0.05339213
v 0.04950768 -0.00599685 0.05338555
v 0.04950814 -0.00598945 0.05338548
v 0.04972506 -0.00251662 0.05335288
v 0.04975941 -0.00014941 0.05334726
v 0.04976018 -0.00009661 0.05334713
v 0.04961865 0.00457664 0.05336896
v 0.04701518 0.00516997 0.05309963
v 0.04673811 0.00781616 0.05313557
v 0.04929740 0.00798297 0.05341652
v 0.04951150 0.00571287 0.05338483
v 0.04951634 0.00566155 0.05338411
v 0.04890431 0.01027467 0.05347351
v 0.04919220 0.00859628 0.05343178
v 0.04673811 0.00781616 0.05313557
v 0.04920043 0.00854829 0.05343058
v 0.04937597 0.00862355 0.05343140
v 0.04969247 0.00572830 0.05338470
v 0.04985690 0.00574246 0.05335937
v 0.04876845 0.01144431 0.05351739
v 0.04996125 -0.00009665 0.05334748
v 0.04992452 -0.00009665 0.05334742
v 0.04953956 0.00864820 0.05340616
v 0.04969600 0.00867274 0.05335224
v 0.04892483 0.01149193 0.05348876
v 0.05036728 0.00185609 0.05319485
v 0.05014413 0.00576864 0.05322742
v 0.05001427 0.00575637 0.05330535
v 0.05014140 0.00581652 0.05322782
v 0.05039129 -0.00009676 0.05319157
v 0.05024507 -0.00009672 0.05326650
v 0.05019299 -0.00009670 0.05329319
v 0.05008777 -0.00009668 0.05331784
v 0.05011828 0.00622183 0.05323119
v 0.04980900 0.00869231 0.05327713
v 0.04979856 0.00877579 0.05327869
v 0.04973037 0.00932045 0.05328882
v 0.04921574 0.01158355 0.05336659
v 0.04907542 0.01153876 0.05343920
v 0.04907540 0.01153875 0.05343921
v 0.04902288 0.01152199 0.05346638
v 0.04892481 0.01149193 0.05348877
v 0.04879780 0.01145299 0.05351776
v 0.04876848 0.01144431 0.05351739
v 0.04878140 0.01150589 0.05352013
v 0.04875249 0.01149716 0.05351975
v 0.04919899 0.01163909 0.05336912
v 0.04905889 0.01159342 0.05344164
v 0.04900629 0.01157627 0.05346886
v 0.04890857 0.01154569 0.05349114
v 0.03418294 0.02151638 0.05482686
v 0.03244258 0.02196786 0.05494141
v 0.03243013 0.02190312 0.05499806
v 0.04729556 0.01508491 0.05368876
v 0.04644200 0.01608521 0.05379694
v 0.04633193 0.01596904 0.05384547
v 0.04438673 0.01762041 0.05408116
v 0.01231505 0.02513312 0.05504636
v 0.01230931 0.02507482 0.05509050
v 0.01739533 0.02460881 0.05527520
v 0.02739243 0.02262494 0.05533181
v 0.01736450 0.02436643 0.05535833
v 0.01735425 0.02428115 0.05536381
v 0.02239838 0.02355818 0.05541284
v 0.01737495 0.02445093 0.05534144
v 0.02241242 0.02364285 0.05540723
v 0.01738531 0.02453242 0.05531344
v 0.02242630 0.02372679 0.05539025
v 0.02740952 0.02270888 0.05532648
v 0.03234279 0.02151107 0.05512387
v 0.01228234 0.02470642 0.05518023
v 0.02243966 0.02380780 0.05536220
v 0.02742614 0.02279221 0.05531003
v 0.02744187 0.02287281 0.05528275
v 0.03238146 0.02167669 0.05510355
v 0.03239933 0.02175688 0.05507769
v 0.03241565 0.02183289 0.05504216
v 0.02746920 0.02301826 0.05519937
v 0.03229991 0.02200487 0.05495080
v 0.02878497 0.02278277 0.05508568
v 0.02747809 0.02307201 0.05513583
v 0.02245216 0.02388381 0.05532395
v 0.02745632 0.02294871 0.05524544
v 0.02173563 0.02413596 0.05522222
v 0.01769565 0.02469201 0.05517264
v 0.02246351 0.02395310 0.05527686
v 0.02686042 0.02320871 0.05515953
v 0.02328182 0.02385620 0.05520330
v 0.02247131 0.02400285 0.05521321
v 0.04845854 0.01276001 0.05356299
v 0.04860353 0.01282496 0.05351247
v 0.04788768 0.01391489 0.05364214
v 0.04802251 0.01399979 0.05359302
v 0.04716821 0.01498889 0.05373800
v 0.03735141 0.02063359 0.05467521
v 0.03733543 0.02056243 0.05471661
v 0.03978797 0.01986330 0.05450814
v 0.03731745 0.02048625 0.05474978
v 0.04447163 0.01775634 0.05403077
v 0.04213760 0.01883808 0.05432846
v 0.04219575 0.01898764 0.05427571
v 0.03974504 0.01970851 0.05456321
v 0.04910773 0.01189359 0.05338159
v 0.04804694 0.01426598 0.05352322
v 0.04803717 0.01428551 0.05352451
v 0.04878803 0.01278517 0.05342526
v 0.04873710 0.01288695 0.05343199
v 0.04814107 0.01407790 0.05351078
v 0.04641652 0.01631416 0.05372657
v 0.04579375 0.01694551 0.05380205
v 0.04454070 0.01787525 0.05394544
v 0.04740674 0.01517260 0.05360454
v 0.04705663 0.01566523 0.05364899
v 0.04653757 0.01619145 0.05371190
v 0.04223893 0.01910884 0.05419016
v 0.04200289 0.01920081 0.05421329
v 0.04068084 0.01971593 0.05434283
v 0.03729776 0.02040648 0.05477378
v 0.03981521 0.01997712 0.05441778
v 0.03945704 0.02008519 0.05444879
v 0.03796773 0.02053457 0.05457775
v 0.03736272 0.02069151 0.05461757
v 0.04437972 0.01799470 0.05396387
v 0.04426773 0.01807779 0.05397668
v 0.04258994 0.01897207 0.05415576
v 0.04774662 0.01382853 0.05366326
v 0.04703457 0.01489103 0.05375862
v 0.04757803 0.01372833 0.05365959
v 0.04830715 0.01269397 0.05358563
v 0.04621563 0.01585036 0.05386433
v 0.04429545 0.01748056 0.05409947
v 0.04200163 0.01852001 0.05432923
v 0.04207345 0.01868287 0.05434642
v 0.04383263 0.01757159 0.05412782
v 0.03969657 0.01954666 0.05458129
v 0.03725490 0.02024268 0.05479228
v 0.03720502 0.02006790 0.05476082
v 0.01741224 0.02473101 0.05516916
v 0.01740475 0.02467837 0.05522809
v 0.01699513 0.02478842 0.05516404
v 0.01232148 0.02519852 0.05499684
v 0.01228421 0.02473538 0.05517819
v 0.01228974 0.02482088 0.05517219
v 0.01229273 0.02486710 0.05516895
v 0.01229651 0.02491895 0.05515667
v 0.01230202 0.02498604 0.05512818
v -0.02500482 0.00674091 0.04965024
v -0.02492616 0.00671668 0.04967245
v -0.02400660 0.00940593 0.04990583
v -0.01383176 0.02104178 0.05207862
v -0.01287403 0.02181885 0.05228109
v 0.00654641 0.02498959 0.05480750
v 0.00654871 0.02507471 0.05479292
v 0.00081926 0.02510310 0.05425429
v 0.00362716 0.02540490 0.05438153
v 0.00083210 0.02537638 0.05408961
v 0.00082285 0.02526380 0.05419501
v -0.00985406 0.02369915 0.05265456
v -0.01044963 0.02335230 0.05264437
v -0.00891786 0.02406717 0.05280870
v -0.00771725 0.02427946 0.05307962
v -0.00379169 0.02513874 0.05355016
v -0.00489835 0.02485793 0.05348891
v -0.00287215 0.02520748 0.05366382
v -0.00204829 0.02515432 0.05386165
v -0.00490010 0.02496523 0.05339712
v -0.00640750 0.02472925 0.05318898
v -0.00772874 0.02438079 0.05298883
v 0.00965510 0.02531839 0.05484905
v 0.00807104 0.02534113 0.05472619
v 0.00656009 0.02530709 0.05468846
v 0.00656703 0.02536271 0.05460954
v 0.00655565 0.02523527 0.05473243
v 0.00655181 0.02515725 0.05476765
v 0.00075221 0.02537556 0.05408127
v -0.00084119 0.02535930 0.05391485
v -0.00204362 0.02526941 0.05376623
v -0.00764679 0.02395976 0.05316068
v -0.01033814 0.02304558 0.05272644
v -0.00486372 0.02453065 0.05356868
v -0.00203673 0.02482434 0.05394020
v -0.00728848 0.02387353 0.05319119
v 0.00654498 0.02490400 0.05481118
v 0.00082035 0.02493275 0.05427245
v -0.02476492 0.00666702 0.04971797
v -0.02385734 0.00934196 0.04994198
v -0.02477297 0.00666949 0.04971570
v -0.02116919 0.01431034 0.05057650
v -0.02147445 0.01357161 0.05047947
v -0.02265795 0.01190029 0.05023004
v -0.02265679 0.01152964 0.05020256
v -0.01745037 0.01853273 0.05138786
v -0.01942967 0.01652711 0.05096569
v -0.01524838 0.02030790 0.05183205
v -0.02520787 0.00680779 0.04953182
v -0.02507167 0.00676293 0.04961125
v -0.02429175 0.00949173 0.04975284
v -0.02414748 0.00946899 0.04984370
v -0.02427453 0.00952882 0.04975691
v -0.02293193 0.01206133 0.05013390
v -0.02142308 0.01450380 0.05048292
v -0.02275971 0.01261554 0.05011238
v -0.02169181 0.01438014 0.05035752
v -0.02304963 0.01213647 0.05004583
v -0.02311057 0.01203578 0.05003184
v -0.02424435 0.00959382 0.04976403
v -0.01974663 0.01684054 0.05078543
v -0.02007748 0.01649169 0.05071522
v -0.01966115 0.01674876 0.05087453
v -0.02087588 0.01544738 0.05053831
v -0.02152927 0.01459274 0.05039353
v -0.01861494 0.01803380 0.05102558
v -0.01765615 0.01878028 0.05129924
v -0.01817342 0.01849933 0.05111928
v -0.01301962 0.02210943 0.05219719
v -0.01306085 0.02221282 0.05210533
v -0.01381791 0.02181115 0.05197089
v -0.01542497 0.02057889 0.05174599
v -0.01548265 0.02068372 0.05165483
v -0.01604343 0.02030393 0.05154837
v -0.01772667 0.01887784 0.05120928
v -0.01047638 0.02345451 0.05255209
v -0.01141864 0.02308410 0.05239695
v -0.01306009 0.02221322 0.05210546
v -0.02279928 0.01198145 0.05019541
v -0.02130062 0.01440795 0.05054370
v -0.01954998 0.01663916 0.05093470
v -0.01755789 0.01865811 0.05135880
v -0.01534127 0.02044548 0.05180502
v -0.01295128 0.02196675 0.05225593
v -0.01039813 0.02320211 0.05270301
v -0.00768609 0.02412340 0.05313867
v -0.00488433 0.02469867 0.05354821
v -0.00204531 0.02499401 0.05392097
v -0.00204531 0.02499401 0.05392097
v -0.02588210 0.00319102 0.04936821
v -0.02572792 0.00336425 0.04945459
v -0.02586865 0.00337558 0.04937170
v -0.02586758 0.00338212 0.04937196
v -0.02530224 0.00643574 0.04950931
v -0.02548840 0.00570178 0.04946491
v -0.02547199 0.00507303 0.04951837
v -0.02558694 0.00509899 0.04944076
v -0.02590099 -0.00007747 0.04942697
v -0.02582563 -0.00008114 0.04944776
v -0.02557548 0.00334483 0.04951746
v -0.02566664 -0.00008888 0.04949160
v -0.02541520 0.00332456 0.04955554
v -0.02566628 -0.00008890 0.04949170
v -0.02566627 -0.00008890 0.04949170
v -0.02597709 -0.00008412 0.04938529
v -0.02597956 -0.00008433 0.04938394
v -0.02612182 -0.00009676 0.04930603
v -0.02529710 -0.00662831 0.04950993
v -0.02524226 -0.00687963 0.04952348
v -0.02510586 -0.00683538 0.04960289
v -0.02542472 -0.00344938 0.04955317
v -0.02597956 -0.00008433 0.04938394
v -0.02612182 -0.00009676 0.04930603
v -0.02603337 -0.00176683 0.04932796
v -0.02573766 -0.00348813 0.04945223
v -0.02558511 -0.00346917 0.04951509
v -0.02590099 -0.00007747 0.04942697
v -0.02597709 -0.00008412 0.04938529
v -0.02573093 -0.00464028 0.04940274
v -0.02586335 -0.00338218 0.04937000
v -0.02585067 -0.00350266 0.04937313
v -0.02503874 -0.00681361 0.04964195
v -0.02496012 -0.00678991 0.04966410
v -0.02480665 -0.00674366 0.04970734
v -0.02479822 -0.00674112 0.04970972
v 0.04364365 -0.01786155 0.05414910
v 0.01517244 -0.02219820 0.05465869
v 0.01468128 -0.02455503 0.05524902
v 0.01227510 -0.02476419 0.05515913
v 0.00926766 -0.02487686 0.05497992
v 0.01025417 -0.02258987 0.05442982
v 0.00847315 -0.02490663 0.05493258
v 0.00654184 -0.02492991 0.05477098
v 0.00387508 -0.02496206 0.05454784
v 0.00304126 -0.02497211 0.05447807
v 0.00081875 -0.02494351 0.05423985
v -0.00084043 -0.02492217 0.05406201
v 0.00038688 -0.02259273 0.05357669
v -0.00148783 -0.02487328 0.05398117
v -0.00202044 -0.02483307 0.05391465
v -0.00374832 -0.02470260 0.05369887
v -0.00414294 -0.02464107 0.05364372
v -0.00483136 -0.02453373 0.05354749
v -0.00454035 -0.02206347 0.05295668
v -0.00626807 -0.02430972 0.05334668
v -0.00674846 -0.02418272 0.05327292
v -0.00760195 -0.02395710 0.05314188
v -0.00873390 -0.02365785 0.05296808
v -0.00927086 -0.02344483 0.05287826
v -0.01027480 -0.02304654 0.05271034
v -0.01120837 -0.02267616 0.05255419
v -0.01168053 -0.02242319 0.05246899
v -0.01279688 -0.02182508 0.05226755
v -0.01153102 -0.01958274 0.05185467
v -0.01356228 -0.02141501 0.05212944
v -0.01395756 -0.02114449 0.05205322
v -0.01517184 -0.02031352 0.05181906
v -0.01360943 -0.01820767 0.05147387
v -0.01575682 -0.01991319 0.05170626
v -0.01608386 -0.01963301 0.05163935
v -0.01735439 -0.01854450 0.05137943
v -0.01554817 -0.01663715 0.05110055
v -0.01784738 -0.01812214 0.05127857
v -0.01733236 -0.01488004 0.05074008
v -0.01968087 -0.01617144 0.05088362
v -0.01932263 -0.01655259 0.05096079
v -0.01804526 -0.01791161 0.05123595
v -0.01883781 -0.01287355 0.05041747
v -0.02107052 -0.01433846 0.05057122
v -0.01981762 -0.01599107 0.05085288
v -0.02270915 -0.01161895 0.05019024
v -0.02261763 -0.01181794 0.05021220
v -0.02012284 -0.01072800 0.05013402
v -0.02254578 -0.01193768 0.05022893
v -0.02137698 -0.01388582 0.05050120
v -0.02123773 -0.01411791 0.05053364
v -0.02119139 -0.00846696 0.04989184
v -0.02333447 -0.00640032 0.04970924
v -0.02373505 -0.00938849 0.04994408
v -0.02376179 -0.00933036 0.04993767
v -0.02380103 -0.00921404 0.04992803
v 0.01696818 -0.02435624 0.05533446
v 0.01733522 -0.02430570 0.05533911
v 0.02005879 -0.02159301 0.05476275
v 0.02008847 -0.02392659 0.05537397
v 0.02171095 -0.02370318 0.05539451
v 0.02236317 -0.02358445 0.05538600
v 0.02491596 -0.02078433 0.05474240
v 0.02546379 -0.02302004 0.05534552
v 0.02679968 -0.02277686 0.05532807
v 0.02734297 -0.02265545 0.05530607
v 0.02974119 -0.01978418 0.05460257
v 0.04077784 -0.01920330 0.05445444
v 0.04122412 -0.01902152 0.05440843
v 0.03835587 -0.01995859 0.05467772
v 0.03960023 -0.01957054 0.05456301
v 0.03078766 -0.02188562 0.05516660
v 0.03217861 -0.02157477 0.05511028
v 0.03227880 -0.02154856 0.05510326
v 0.03452150 -0.01858271 0.05434112
v 0.03604907 -0.02056213 0.05483925
v 0.03716949 -0.02026898 0.05476079
v 0.04255687 -0.01847865 0.05427103
v 0.04195780 -0.01872267 0.05433280
v 0.04419850 -0.01754649 0.05408684
v 0.04554806 -0.01648098 0.05392448
v 0.04354772 -0.01479969 0.05352532
v 0.04576559 -0.01624663 0.05389672
v 0.04602557 -0.01596654 0.05386354
v 0.04681003 -0.01512141 0.05376343
v 0.04743484 -0.01417108 0.05367955
v 0.04736737 -0.01119127 0.05336419
v 0.04853982 -0.01181898 0.05352584
v 0.04752951 -0.01402708 0.05366683
v 0.04775331 -0.01368668 0.05363679
v 0.04807878 -0.01294988 0.05359115
v 0.04839316 -0.01223817 0.05354706
v -0.02510585 -0.00683538 0.04960289
v -0.02418113 -0.00957805 0.04983583
v -0.02480664 -0.00674365 0.04970734
v -0.02389056 -0.00945204 0.04993417
v 0.00806991 -0.02553876 0.05473841
v 0.01232148 -0.02539193 0.05499695
v 0.01231505 -0.02532652 0.05504647
v -0.01304101 -0.02229068 0.05219328
v -0.01305911 -0.02240699 0.05210575
v -0.01215285 -0.02292374 0.05226987
v -0.01046455 -0.02353948 0.05264200
v -0.01599524 -0.02049830 0.05155539
v -0.01546394 -0.02074415 0.05173854
v -0.01657857 -0.02007949 0.05144290
v -0.01769497 -0.01893914 0.05129169
v -0.01775898 -0.01902911 0.05120215
v -0.01551642 -0.02084207 0.05164773
v -0.01440814 -0.02163777 0.05186146
v -0.01308150 -0.02239422 0.05210170
v -0.02041124 -0.01628591 0.05064244
v -0.01969701 -0.01690083 0.05086691
v -0.02087949 -0.01564467 0.05053787
v -0.02146766 -0.01463292 0.05047262
v -0.02156068 -0.01471182 0.05038575
v -0.02332293 -0.01182215 0.04998223
v -0.02297166 -0.01218041 0.05012469
v -0.02423368 -0.00978242 0.04976637
v -0.02430013 -0.00963360 0.04975062
v -0.02307752 -0.01224770 0.05003891
v -0.02275502 -0.01280692 0.05011339
v -0.02201643 -0.01408769 0.05028397
v -0.01977451 -0.01698524 0.05077881
v -0.01863009 -0.01824217 0.05102391
v -0.01857352 -0.01830431 0.05103602
v -0.02440442 -0.00940004 0.04972590
v -0.01289516 -0.02200028 0.05227721
v -0.01035290 -0.02323284 0.05272411
v -0.01528677 -0.02047356 0.05182464
v -0.01748827 -0.01869252 0.05138044
v -0.01395756 -0.02114449 0.05205322
v -0.02121360 -0.01443985 0.05056614
v -0.01946516 -0.01667957 0.05095806
v -0.02269705 -0.01202052 0.05022089
v -0.01804526 -0.01791161 0.05123595
v 0.01230203 -0.02517945 0.05512830
v 0.01229652 -0.02511229 0.05515681
v 0.00654460 -0.02526817 0.05479265
v 0.01229277 -0.02506077 0.05516903
v 0.00654230 -0.02518306 0.05480723
v 0.01228976 -0.02501430 0.05517232
v 0.00654086 -0.02509746 0.05481089
v 0.01228423 -0.02492881 0.05517836
v 0.01228237 -0.02490005 0.05518040
v 0.00304126 -0.02497211 0.05447807
v 0.00081211 -0.02512608 0.05427130
v -0.00203582 -0.02501794 0.05394011
v -0.00674846 -0.02418272 0.05327292
v -0.00765563 -0.02415015 0.05315951
v -0.00486144 -0.02472447 0.05356902
v -0.00374832 -0.02470260 0.05369887
v -0.02496011 -0.00678991 0.04966410
v -0.02404004 -0.00951548 0.04989799
v -0.02283869 -0.01210110 0.05018622
v -0.02134513 -0.01453723 0.05053336
v -0.01958566 -0.01679142 0.05092707
v -0.01759625 -0.01881742 0.05135130
v -0.01537995 -0.02061093 0.05179758
v -0.01297255 -0.02214808 0.05225203
v -0.01041298 -0.02338933 0.05270066
v -0.00769501 -0.02431374 0.05313742
v -0.00488209 -0.02489249 0.05354853
v -0.00204444 -0.02518762 0.05392095
v 0.00081100 -0.02529646 0.05425326
v 0.00655602 -0.02550057 0.05468822
v 0.00753716 -0.02555716 0.05470601
v 0.00656246 -0.02556483 0.05461989
v 0.00655156 -0.02542875 0.05473219
v 0.00081456 -0.02545720 0.05419403
v 0.01230931 -0.02526819 0.05509063
v 0.00654772 -0.02535072 0.05476739
v 0.00152292 -0.02560446 0.05417465
v 0.00082329 -0.02558116 0.05409577
v -0.00204747 -0.02534797 0.05386166
v -0.00195796 -0.02548852 0.05378221
v 0.00075187 -0.02557878 0.05408772
v -0.00731520 -0.02471766 0.05305537
v -0.00643304 -0.02488793 0.05318173
v -0.00772630 -0.02446974 0.05307833
v -0.00489614 -0.02505174 0.05348923
v -0.00486532 -0.02519053 0.05340632
v -0.00287086 -0.02539495 0.05366418
v -0.00204451 -0.02547965 0.05377102
v -0.01049400 -0.02365072 0.05255025
v -0.00984150 -0.02393668 0.05266054
v -0.00774116 -0.02458598 0.05298879
v 0.04885137 -0.01192071 0.05349951
v 0.04887069 -0.01186056 0.05349669
v 0.04872362 -0.01187813 0.05352848
v 0.04874313 -0.01181894 0.05352567
v 0.04869620 -0.01186930 0.05352809
v 0.04871524 -0.01181015 0.05352528
v 0.04871520 -0.01181014 0.05352528
v 0.04894791 -0.01195289 0.05347761
v 0.04896765 -0.01189219 0.05347466
v 0.04887072 -0.01186057 0.05349668
v 0.04914015 -0.01201964 0.05337805
v 0.04916008 -0.01195759 0.05337503
v 0.04900080 -0.01197125 0.05345022
v 0.04902046 -0.01191014 0.05344732
v 0.04902043 -0.01191013 0.05344733
v 0.04951340 -0.00895958 0.05340978
v 0.04935023 -0.00893452 0.05343494
v 0.04966951 -0.00898423 0.05335588
v 0.05000725 -0.00603285 0.05330637
v 0.04984990 -0.00601870 0.05336039
v 0.05025867 -0.00458427 0.05321064
v 0.05012213 -0.00604340 0.05323078
v 0.04976731 -0.00911184 0.05328352
v 0.04947035 -0.01081171 0.05332813
v 0.04968549 -0.00600431 0.05338574
v 0.04978636 -0.00900281 0.05328066
v 0.04991305 -0.00827763 0.05326163
v 0.05011639 -0.00610476 0.05323163
v 0.05634558 0.01188599 0.04834428
v 0.05686004 0.00791587 0.04833865
v 0.06009185 0.00894701 0.04555339
v 0.05014140 0.00581652 0.05322782
v 0.05730128 -0.00009669 0.04827103
v 0.05730046 -0.00009669 0.04827161
v 0.05307736 0.01036423 0.05091804
v 0.04979856 0.00877579 0.05327869
v 0.05402537 0.01341946 0.04987527
v 0.05318696 0.01311019 0.05051477
v 0.05259585 0.01289214 0.05093785
v 0.05255215 0.01287602 0.05096913
v 0.05590169 0.01411161 0.04834655
v 0.05917380 0.01531864 0.04549459
v 0.05916041 0.01531370 0.04550732
v 0.05951048 0.01341146 0.04552700
v 0.05831357 0.01500132 0.04631288
v 0.05728493 0.01462187 0.04721957
v 0.05592948 0.01412186 0.04832391
v 0.06070295 0.01588272 0.04403995
v 0.06104394 0.01420620 0.04399435
v 0.06076227 0.01590460 0.04397814
v 0.06076880 0.01590701 0.04397134
v 0.06250324 0.01504880 0.04236724
v 0.06232742 0.01648196 0.04234720
v 0.06217633 -0.00009674 0.04406127
v 0.06164167 0.00948270 0.04404031
v 0.06213618 -0.00009674 0.04410382
v 0.06056972 -0.00009672 0.04548612
v 0.06056935 -0.00009672 0.04548646
v 0.05788431 -0.00009668 0.04785586
v 0.06217650 -0.00009674 0.04406110
v 0.06365181 -0.00009676 0.04249809
v 0.06326235 0.00821648 0.04245373
v 0.06321349 0.00925934 0.04244816
v 0.06311608 0.01005338 0.04243706
v 0.03948220 0.03506298 0.03974432
v 0.03882709 0.03522308 0.03966968
v 0.03753791 0.03164772 0.04400433
v 0.02975746 0.02990491 0.04760692
v 0.03635240 0.02831463 0.04788908
v 0.01232148 0.02989916 0.05012128
v 0.01232148 0.02923156 0.05084920
v 0.01701415 0.02865221 0.05111285
v 0.06213722 0.01765811 0.04232553
v 0.06154353 0.02013399 0.04225789
v 0.06008294 0.01913528 0.04392498
v 0.05855717 0.01807004 0.04549288
v 0.05544649 0.01603021 0.04837347
v 0.05225911 0.01399373 0.05100317
v 0.04910773 0.01189359 0.05338159
v 0.04878803 0.01278517 0.05342526
v 0.05172842 0.01540347 0.05103444
v 0.04911167 0.01906526 0.05114855
v 0.05102824 0.01673885 0.05106916
v 0.04426773 0.01807779 0.05397668
v 0.04437972 0.01799470 0.05396387
v 0.04671693 0.02091032 0.05123610
v 0.04579375 0.01694551 0.05380205
v 0.04400718 0.02228185 0.05132537
v 0.03945704 0.02008519 0.05444879
v 0.04113782 0.02331448 0.05140229
v 0.04200289 0.01920081 0.05421329
v 0.03523820 0.02498620 0.05148852
v 0.03796773 0.02053457 0.05457775
v 0.02923634 0.02642294 0.05147355
v 0.02328182 0.02385620 0.05520330
v 0.02315623 0.02764982 0.05135057
v 0.02878497 0.02278277 0.05508568
v 0.01232148 0.02856009 0.05158133
v 0.01232148 0.02918702 0.05089776
v 0.01232148 0.03679636 0.04185373
v 0.01232148 0.03453981 0.04469156
v 0.01643198 0.03242895 0.04682203
v 0.01232148 0.03375812 0.04564211
v 0.01232148 0.03301662 0.04650278
v 0.01232148 0.03298790 0.04653612
v 0.02322075 0.03489588 0.04284522
v 0.02351385 0.03873653 0.03792496
v 0.01603846 0.03621105 0.04220851
v 0.01232148 0.04093441 0.03664975
v 0.01232148 0.03681118 0.04183509
v 0.05941786 0.02102914 0.04386830
v 0.05791069 0.01986288 0.04545518
v 0.06100647 0.02190984 0.04219670
v 0.06122494 0.02146261 0.04222159
v 0.06151596 0.02024897 0.04225475
v 0.05702203 0.02154212 0.04539771
v 0.05849153 0.02279915 0.04378589
v 0.05588280 0.02305719 0.04531991
v 0.05916701 0.02512703 0.04198712
v 0.05864983 0.02575407 0.04192820
v 0.05797071 0.02657745 0.04185082
v 0.05453524 0.02438017 0.04522601
v 0.06084797 0.02223431 0.04217864
v 0.06018724 0.02358691 0.04210337
v 0.05992767 0.02411828 0.04207379
v 0.05982403 0.02433044 0.04206198
v 0.05019071 0.03134909 0.04096440
v 0.04811622 0.02821033 0.04477612
v 0.05178009 0.03068521 0.04114549
v 0.05147119 0.02655344 0.04501085
v 0.05382450 0.02953523 0.04137842
v 0.04463315 0.02953079 0.04452921
v 0.04286996 0.02642044 0.04810278
v 0.04605649 0.02524397 0.04818516
v 0.04909936 0.02372982 0.04825543
v 0.05183951 0.02172073 0.04831696
v 0.05303795 0.02051068 0.04834214
v 0.05405223 0.01913862 0.04836102
v 0.05718856 0.02720256 0.04176171
v 0.05532818 0.02868940 0.04154974
v 0.05504941 0.02884621 0.04151798
v 0.02311368 0.03127030 0.04725284
v 0.03038923 0.03339176 0.04344295
v 0.03414804 0.03636658 0.03913657
v 0.03116093 0.03709659 0.03879623
v 0.02828151 0.03780028 0.03846816
v 0.02691200 0.03806922 0.03831213
v 0.05485226 0.01763139 0.04837135
v 0.04837783 0.03210633 0.04075785
v 0.04689791 0.03272448 0.04058924
v 0.04645292 0.03286481 0.04053853
v 0.04133586 0.03447844 0.03995552
v -0.04617868 -0.00008840 0.02998451
v -0.04617888 -0.00009680 0.02998449
v -0.04571995 -0.00009771 0.03076495
v -0.03980496 -0.00010314 0.03814819
v -0.03980284 -0.00010314 0.03815048
v -0.03952495 0.00463901 0.03827953
v -0.04216298 -0.00010094 0.03560986
v -0.04216158 -0.00010094 0.03561138
v -0.04184925 0.00492632 0.03571530
v -0.01861494 0.01803380 0.05102558
v -0.02306987 0.02098882 0.04670575
v -0.00985406 0.02369915 0.05265456
v -0.01327196 0.02752023 0.04824943
v 0.00075221 0.02537556 0.05408127
v -0.00157128 0.02975161 0.04971973
v 0.00719011 0.04173736 0.03606510
v 0.00287384 0.04241276 0.03557332
v 0.00376335 0.03793902 0.04104349
v 0.00499287 0.03378861 0.04593392
v 0.01232148 0.03301662 0.04650278
v 0.00647890 0.02964169 0.05047983
v 0.00245105 0.02978051 0.05012546
v 0.00362716 0.02540490 0.05438153
v -0.00556494 0.02944405 0.04926619
v -0.00287215 0.02520748 0.05366382
v -0.00640750 0.02472925 0.05318898
v -0.00948912 0.02873557 0.04877155
v -0.01683008 0.02577999 0.04771926
v -0.02011298 0.02358660 0.04719846
v -0.01306009 0.02221322 0.05210546
v -0.02566297 0.01804230 0.04625852
v -0.02275971 0.01261554 0.05011238
v -0.02783706 0.01478643 0.04587594
v -0.02087588 0.01544738 0.05053831
v -0.02956557 0.01128603 0.04556727
v -0.03083124 0.00760501 0.04533598
v -0.02530224 0.00643574 0.04950931
v -0.02548840 0.00570178 0.04946491
v -0.03156000 0.00378930 0.04519852
v -0.02588210 0.00319102 0.04936821
v -0.03179534 -0.00010556 0.04508838
v 0.00286854 0.04241315 0.03557272
v 0.00205272 0.04247358 0.03547977
v -0.00094668 0.03825286 0.04055513
v -0.00566889 0.03815646 0.04004670
v -0.00716595 0.04261093 0.03442943
v -0.01035711 0.03757284 0.03952434
v -0.00830399 0.04255040 0.03429977
v -0.01834911 0.04008388 0.03315528
v -0.01940284 0.03480820 0.03847029
v -0.01702523 0.04054360 0.03330611
v -0.01495703 0.03646766 0.03899554
v -0.01456455 0.04139807 0.03358647
v -0.00865490 0.04253174 0.03425979
v -0.01214573 0.04186209 0.03386206
v -0.01340439 0.04162063 0.03371866
v -0.00214217 0.04278427 0.03500182
v -0.00287969 0.04283889 0.03491779
v -0.00312318 0.04282594 0.03489005
v -0.03872174 -0.00010414 0.03931424
v -0.03728509 -0.00010540 0.04056125
v -0.03701524 0.00435753 0.04069615
v -0.03858868 0.00926870 0.03841580
v -0.03614390 0.00871754 0.04083388
v -0.03703545 0.01369859 0.03862163
v -0.03468021 0.01289931 0.04104572
v -0.03493674 0.01786927 0.03889200
v -0.03269730 0.01684790 0.04132431
v -0.03023502 0.02050407 0.04167043
v -0.02623103 0.03618216 0.03225724
v -0.02751283 0.03530548 0.03211120
v -0.02501865 0.03436578 0.03520121
v -0.02992621 0.03365488 0.03183623
v -0.02908504 0.03148395 0.03472282
v -0.03765217 0.02558097 0.03095597
v -0.03609830 0.02425746 0.03389721
v -0.03528479 0.02847405 0.03122570
v -0.03279331 0.02809748 0.03428553
v -0.03444116 0.02950501 0.03132182
v -0.03043916 0.03318341 0.03177779
v -0.03159655 0.03211960 0.03164592
v -0.03428534 0.02964822 0.03133957
v -0.04288491 0.01621381 0.03035978
v -0.04121309 0.01535561 0.03330296
v -0.04140449 0.01966324 0.03052845
v -0.03891969 0.01998914 0.03356881
v -0.04122403 0.01996120 0.03054901
v -0.04291282 0.01040977 0.03310320
v -0.04482953 0.01022020 0.03013821
v -0.04395573 0.00522095 0.03297395
v -0.04538948 0.00813653 0.03007442
v -0.04332111 0.01519744 0.03031008
v -0.04377819 0.01413242 0.03025800
v -0.04461971 0.01100097 0.03016212
v -0.04267802 -0.00010046 0.03505545
v -0.02361536 0.03258167 0.03796166
v -0.02754247 0.02984330 0.03748027
v -0.03111970 0.02662137 0.03703857
v -0.03430374 0.02296796 0.03664665
v -0.03701914 0.01891117 0.03631685
v -0.03922262 0.01451401 0.03605069
v -0.04085549 0.00983108 0.03584883
v -0.03829995 0.02478934 0.03088216
v -0.03852754 0.02441354 0.03085623
v -0.04054003 0.02109060 0.03062694
v -0.02732986 0.02380390 0.04208113
v -0.02404736 0.02671363 0.04254102
v -0.02042789 0.02917940 0.04303607
v -0.01652888 0.03116268 0.04355047
v -0.01240146 0.03259999 0.04406993
v -0.00812673 0.03350674 0.04457796
v -0.00377332 0.03395228 0.04506248
v 0.00061136 0.03401491 0.04551617
v -0.04423624 -0.00009905 0.03285765
v -0.04423564 -0.00009905 0.03285849
v -0.04570549 0.00552598 0.03003841
v -0.04575647 0.00510479 0.03003260
v -0.04612792 0.00203624 0.02999028
v -0.02012109 0.03946856 0.03295338
v -0.02174707 0.03865605 0.03276813
v -0.02308324 0.03798838 0.03261589
v -0.02496496 0.03704808 0.03240149
v -0.03728192 -0.00010540 0.04056401
v -0.03370514 -0.00010852 0.04366865
v -0.03180056 -0.00010556 0.04508450
v -0.04185059 -0.00512001 0.03571371
v -0.03163721 -0.03235500 0.03164129
v -0.03040944 -0.03333397 0.03178117
v -0.02908548 -0.03167797 0.03472197
v -0.03529407 -0.02866537 0.03122464
v -0.03422835 -0.02978827 0.03134606
v -0.03279379 -0.02829145 0.03428467
v -0.02404961 -0.02690899 0.04253813
v -0.02733229 -0.02399908 0.04207826
v -0.03112075 -0.02681576 0.03703697
v -0.01863009 -0.01824217 0.05102391
v -0.02307386 -0.02118493 0.04670170
v -0.02529710 -0.00662831 0.04950993
v -0.03083621 -0.00779955 0.04533206
v -0.03179534 -0.00010556 0.04508838
v -0.03180056 -0.00010556 0.04508450
v -0.03156510 -0.00398334 0.04519460
v 0.01232148 -0.03320990 0.04650194
v 0.01232148 -0.03318403 0.04653330
v 0.00499205 -0.03398459 0.04593112
v 0.01232148 -0.02762916 0.05276573
v 0.00647749 -0.02983903 0.05047583
v 0.01232148 -0.03227339 0.04763731
v 0.01232148 -0.03091517 0.04919968
v 0.01232148 -0.02941050 0.05083258
v 0.01232148 -0.02936947 0.05087711
v 0.01232148 -0.03701097 0.04185514
v 0.01232148 -0.03699737 0.04187233
v 0.00376302 -0.03813382 0.04104194
v 0.01232148 -0.03626973 0.04279239
v 0.01232148 -0.04112776 0.03664974
v 0.00720138 -0.04198169 0.03606639
v 0.00657646 -0.04208591 0.03599518
v 0.00285886 -0.04252344 0.03557162
v -0.02603337 -0.00176683 0.04932796
v -0.02586335 -0.00338218 0.04937000
v -0.02957035 -0.01148104 0.04556333
v -0.02275502 -0.01280692 0.05011339
v -0.02784161 -0.01498185 0.04587198
v -0.02423368 -0.00978242 0.04976637
v -0.02566725 -0.01823809 0.04625451
v -0.02041124 -0.01628591 0.05064244
v -0.02087949 -0.01564467 0.05053787
v -0.02011667 -0.02378300 0.04719438
v -0.01683345 -0.02597664 0.04771514
v -0.01305911 -0.02240699 0.05210575
v -0.01308150 -0.02239422 0.05210170
v -0.01599524 -0.02049830 0.05155539
v -0.01327502 -0.02771710 0.04824530
v -0.00643304 -0.02488793 0.05318173
v -0.00949186 -0.02893265 0.04876741
v -0.00556735 -0.02964131 0.04926206
v -0.00287086 -0.02539495 0.05366418
v -0.00157336 -0.02994900 0.04971561
v 0.00244931 -0.02997793 0.05012139
v 0.00075187 -0.02557878 0.05408772
v 0.00205194 -0.04261841 0.03547968
v -0.00094710 -0.03844768 0.04055356
v -0.00076804 -0.04295029 0.03515839
v -0.00716572 -0.04285226 0.03442946
v -0.00566940 -0.03835128 0.04004512
v -0.00828398 -0.04269015 0.03430205
v -0.01035772 -0.03776761 0.03952275
v -0.01495774 -0.03666236 0.03899394
v -0.01940363 -0.03500284 0.03846868
v -0.02176385 -0.03887639 0.03276622
v -0.01836397 -0.04035587 0.03315358
v -0.01801804 -0.04050640 0.03319300
v -0.01704403 -0.04078330 0.03330397
v -0.01338992 -0.04182215 0.03372030
v -0.01247255 -0.04208295 0.03382482
v -0.01216049 -0.04212819 0.03386038
v -0.02042993 -0.02937493 0.04303318
v -0.02361624 -0.03277623 0.03796006
v -0.01653073 -0.03135836 0.04354756
v -0.01240311 -0.03279579 0.04406702
v -0.00812817 -0.03370266 0.04457506
v -0.00377456 -0.03414828 0.04505960
v 0.00061034 -0.03421093 0.04551332
v -0.00670194 -0.04291949 0.03448230
v -0.00311494 -0.04293811 0.03489099
v -0.00213907 -0.04294318 0.03500217
v -0.03701836 -0.00455139 0.04069333
v -0.03952713 -0.00483278 0.03827729
v -0.03614693 -0.00891171 0.04083106
v -0.03859080 -0.00946272 0.03841356
v -0.03468312 -0.01309378 0.04104289
v -0.03703750 -0.01389282 0.03861938
v -0.03270007 -0.01704264 0.04132146
v -0.03493869 -0.01806371 0.03888975
v -0.03023763 -0.02069905 0.04166757
v -0.03430487 -0.02316224 0.03664506
v -0.02754343 -0.03003778 0.03747867
v -0.03847657 -0.02456019 0.03086204
v -0.03761866 -0.02575535 0.03095979
v -0.03609881 -0.02445138 0.03389636
v -0.03626136 -0.02764619 0.03111443
v -0.03227479 -0.03184663 0.03156865
v -0.04121365 -0.01554940 0.03330211
v -0.04291502 -0.01642473 0.03035634
v -0.04252972 -0.01749903 0.03040024
v -0.03892023 -0.02018299 0.03356796
v -0.04485305 -0.01040942 0.03013554
v -0.04291340 -0.01060347 0.03310235
v -0.04578535 -0.00591651 0.03002931
v -0.04395633 -0.00541456 0.03297309
v -0.04579786 -0.00573147 0.03002789
v -0.04582757 -0.00529215 0.03002450
v -0.04468588 -0.01121501 0.03015458
v -0.04455186 -0.01186085 0.03016985
v -0.04329268 -0.01537174 0.03031332
v -0.04423564 -0.00009905 0.03285849
v -0.04085678 -0.01002494 0.03584724
v -0.03922387 -0.01470802 0.03604910
v -0.03702033 -0.01910533 0.03631525
v -0.04115843 -0.02011110 0.03055648
v -0.04053966 -0.02128973 0.03062698
v -0.03976507 -0.02276520 0.03071524
v -0.04617888 -0.00009680 0.02998449
v -0.04571995 -0.00009771 0.03076495
v -0.04423624 -0.00009905 0.03285765
v -0.02765222 -0.03553246 0.03209532
v -0.02756522 -0.03558449 0.03210523
v -0.02501905 -0.03455985 0.03520035
v -0.02623816 -0.03637802 0.03225643
v -0.02310702 -0.03825035 0.03261318
v -0.02285184 -0.03840295 0.03264226
v -0.03370514 -0.00010852 0.04366865
v 0.04639553 -0.01651480 0.05373908
v 0.04647035 -0.01643047 0.05372988
v 0.04638601 -0.01633477 0.05380408
v 0.04799022 -0.01444549 0.05353773
v 0.04804357 -0.01436081 0.05353070
v 0.04795657 -0.01430045 0.05360203
v 0.03835587 -0.01995859 0.05467772
v 0.03721970 -0.02044563 0.05479548
v 0.03965783 -0.01975170 0.05458512
v 0.04681003 -0.01512141 0.05376343
v 0.04616020 -0.01609940 0.05387162
v 0.02737802 -0.02282139 0.05533237
v 0.01307767 -0.02534317 0.05503149
v 0.01741332 -0.02492655 0.05517272
v 0.01740530 -0.02487192 0.05522824
v 0.03241734 -0.02216053 0.05494468
v 0.03240618 -0.02210229 0.05499947
v 0.02877506 -0.02297464 0.05508973
v 0.02745475 -0.02321469 0.05519985
v 0.02746367 -0.02326776 0.05514196
v 0.02245644 -0.02414771 0.05527696
v 0.02327641 -0.02405247 0.05520922
v 0.02705864 -0.02335829 0.05515808
v 0.01769437 -0.02489676 0.05518053
v 0.02212367 -0.02426404 0.05522481
v 0.02246501 -0.02420139 0.05522019
v 0.01739587 -0.02480237 0.05527536
v 0.03231888 -0.02171028 0.05512542
v 0.02739511 -0.02290533 0.05532701
v 0.02239133 -0.02375279 0.05541297
v 0.02240536 -0.02383746 0.05540735
v 0.01736505 -0.02455999 0.05535849
v 0.01735479 -0.02447472 0.05536399
v 0.02679968 -0.02277686 0.05532807
v 0.04824857 -0.01302386 0.05359388
v 0.04839946 -0.01309104 0.05357127
v 0.04627622 -0.01621835 0.05385272
v 0.04433502 -0.01784934 0.05408700
v 0.04424388 -0.01770938 0.05410533
v 0.04209544 -0.01904976 0.05433282
v 0.04203174 -0.01889432 0.05435073
v 0.03970585 -0.01991372 0.05456706
v 0.04681003 -0.01512141 0.05376343
v 0.04768395 -0.01412386 0.05367188
v 0.03726251 -0.02060941 0.05477687
v 0.03235754 -0.02187589 0.05510503
v 0.04723622 -0.01536079 0.05369661
v 0.04734413 -0.01544566 0.05362240
v 0.04739948 -0.01538328 0.05361559
v 0.04843601 -0.01373781 0.05347898
v 0.04854394 -0.01315713 0.05352076
v 0.04865250 -0.01320954 0.05344795
v 0.04910359 -0.01210884 0.05338328
v 0.04626783 -0.01665872 0.05375479
v 0.04507230 -0.01770467 0.05389368
v 0.04441979 -0.01798534 0.05403652
v 0.04448018 -0.01808901 0.05395839
v 0.04782336 -0.01421292 0.05365096
v 0.04215315 -0.01919951 0.05428005
v 0.04359848 -0.01866130 0.05405476
v 0.04434841 -0.01817454 0.05397280
v 0.04199348 -0.01941866 0.05421774
v 0.04217761 -0.01934404 0.05419939
v 0.04220077 -0.01933291 0.05419704
v 0.03856255 -0.02055681 0.05453201
v 0.03943771 -0.02027303 0.05445256
v 0.03731611 -0.02083647 0.05467819
v 0.03269086 -0.02209940 0.05493378
v 0.03416989 -0.02171083 0.05483258
v 0.03732391 -0.02088222 0.05461676
v 0.01738586 -0.02472598 0.05531359
v 0.02244509 -0.02407842 0.05532406
v 0.02243259 -0.02400241 0.05536231
v 0.02744189 -0.02314515 0.05524592
v 0.02742744 -0.02306924 0.05528324
v 0.03239171 -0.02203207 0.05504358
v 0.03237539 -0.02195608 0.05507914
v 0.03730015 -0.02076533 0.05471962
v 0.03728218 -0.02068917 0.05475283
v 0.03974842 -0.02006863 0.05451196
v 0.01763479 -0.02490527 0.05517993
v 0.03976941 -0.02016548 0.05442245
v 0.04167667 -0.01954703 0.05424932
v 0.02741172 -0.02298865 0.05531054
v 0.02241924 -0.02392140 0.05539036
v 0.01737550 -0.02464449 0.05534160
v 0.06346719 -0.00578952 0.04247706
v 0.06348395 -0.00527270 0.04247897
v 0.06200229 -0.00497815 0.04406209
v 0.06075108 -0.01615556 0.04397599
v 0.06075746 -0.01615784 0.04396937
v 0.06100828 -0.01462974 0.04399171
v 0.06232128 -0.01671489 0.04234651
v 0.05914587 -0.01558377 0.04550586
v 0.05915896 -0.01558844 0.04549349
v 0.05947552 -0.01382243 0.04552561
v 0.06061302 -0.01610639 0.04411925
v 0.05631375 -0.01227302 0.04834506
v 0.05709729 -0.01485405 0.04736365
v 0.05820689 -0.01524930 0.04639330
v 0.05380734 -0.01368214 0.05002073
v 0.05587864 -0.01441995 0.04834787
v 0.05590585 -0.01442964 0.04832590
v 0.05304988 -0.01072734 0.05092065
v 0.05255812 -0.01323715 0.05094137
v 0.05314228 -0.01344524 0.05052492
v 0.05011639 -0.00610476 0.05323163
v 0.05684574 -0.00823967 0.04833958
v 0.05251534 -0.01322191 0.05097187
v 0.04976731 -0.00911184 0.05328352
v 0.05730046 -0.00009669 0.04827161
v 0.05716907 -0.00417563 0.04832444
v 0.06056972 -0.00009672 0.04548612
v 0.06044555 -0.00470433 0.04555965
v 0.06213618 -0.00009674 0.04410382
v 0.06217633 -0.00009674 0.04406127
v 0.06056935 -0.00009672 0.04548646
v 0.05788431 -0.00009668 0.04785586
v 0.05730128 -0.00009669 0.04827103
v 0.06007606 -0.00928740 0.04555318
v 0.06217650 -0.00009674 0.04406110
v 0.06365181 -0.00009676 0.04249809
v 0.06162568 -0.00983177 0.04403936
v 0.06248141 -0.01548709 0.04236475
v 0.06307078 -0.01096814 0.04243190
v 0.06311320 -0.01041383 0.04243673
v 0.06326513 -0.00842913 0.04245404
v 0.06329885 0.01690504 0.04123251
v 0.06313041 0.01683873 0.04140884
v 0.06408760 0.00839648 0.04152437
v 0.06368042 0.01699957 0.04096698
v 0.06367809 0.01699933 0.04096778
v 0.06463034 0.00847565 0.04109198
v 0.06456639 0.00847141 0.04111841
v 0.06347267 0.01695609 0.04109233
v 0.06442343 0.00845509 0.04121044
v 0.06355094 0.01697909 0.04102920
v 0.06363890 0.01699536 0.04098126
v 0.06374048 0.01700324 0.04095215
v 0.06370778 0.01700234 0.04095756
v 0.06441452 0.01164745 0.04104293
v 0.06461769 0.00895967 0.04107029
v 0.06465438 0.00847439 0.04107524
v 0.06485495 0.00582079 0.04110225
v 0.06311608 0.01005338 0.04243706
v 0.06321349 0.00925934 0.04244816
v 0.06296628 0.01677412 0.04158064
v 0.06232742 0.01648196 0.04234720
v 0.06250324 0.01504880 0.04236724
v 0.06326235 0.00821648 0.04245373
v 0.06365181 -0.00009676 0.04249809
v 0.06391817 -0.00009683 0.04216641
v 0.06444487 -0.00009674 0.04157836
v 0.06502359 -0.00009667 0.04112497
v 0.06500991 0.00038313 0.04112313
v 0.06496899 -0.00009667 0.04113558
v 0.06496628 -0.00009667 0.04113681
v 0.06487079 -0.00009668 0.04117981
v 0.06476645 -0.00009669 0.04125882
v 0.06465647 -0.00009670 0.04134212
v 0.03948220 0.03506298 0.03974432
v 0.04133586 0.03447844 0.03995552
v 0.04180188 0.03527300 0.03897760
v 0.06213722 0.01765811 0.04232553
v 0.06347267 0.01695609 0.04109233
v 0.06278681 0.02074932 0.04096376
v 0.04236829 0.03596811 0.03807358
v 0.04231919 0.03598252 0.03806696
v 0.04216853 0.03581335 0.03826778
v 0.05298337 0.03186029 0.03958589
v 0.05288819 0.03178710 0.03967317
v 0.05618823 0.02985719 0.04010524
v 0.06374048 0.01700324 0.04095215
v 0.06300159 0.02073998 0.04085263
v 0.02714441 0.03886938 0.03716775
v 0.03450590 0.03720587 0.03807669
v 0.03243416 0.03852479 0.03673558
v 0.02764006 0.03949486 0.03608987
v 0.02739068 0.03954531 0.03605628
v 0.02006288 0.04102806 0.03506932
v 0.01232156 0.04246897 0.03402665
v 0.01232152 0.04170170 0.03533819
v 0.01647564 0.04175392 0.03458616
v 0.04940056 0.03335089 0.03921604
v 0.04985423 0.03337457 0.03908184
v 0.04958524 0.03350259 0.03904561
v 0.04956521 0.03351212 0.03904291
v 0.04624308 0.03464582 0.03859546
v 0.04261080 0.03588535 0.03810624
v 0.05945463 0.02735188 0.04037490
v 0.05931744 0.02747453 0.04035642
v 0.05927886 0.02746567 0.04037750
v 0.05788321 0.02875684 0.04016325
v 0.05922672 0.02745844 0.04041288
v 0.05782030 0.02876460 0.04022686
v 0.05699669 0.02954946 0.04004384
v 0.05628855 0.02992086 0.04002404
v 0.05658277 0.02981813 0.03998810
v 0.05638175 0.02994860 0.03996102
v 0.06155397 0.02437645 0.04068385
v 0.06150035 0.02436704 0.04071276
v 0.06230609 0.02261779 0.04081866
v 0.06234096 0.02261009 0.04076365
v 0.06168241 0.02427435 0.04067495
v 0.06160240 0.02438765 0.04066418
v 0.06289440 0.02078132 0.04089585
v 0.06363890 0.01699536 0.04098126
v 0.06294960 0.02079033 0.04086781
v 0.06237377 0.02252717 0.04076807
v 0.06292232 0.02114090 0.04084196
v 0.06299023 0.02079745 0.04085110
v 0.06220033 0.02258148 0.04088808
v 0.06139643 0.02432644 0.04078409
v 0.06036241 0.02594295 0.04064994
v 0.05912417 0.02740692 0.04048872
v 0.06046617 0.02598914 0.04057654
v 0.06049151 0.02596100 0.04051455
v 0.06057902 0.02583707 0.04052634
v 0.06259452 0.02067375 0.04112746
v 0.06201107 0.02249786 0.04105400
v 0.06121010 0.02423478 0.04095284
v 0.06017575 0.02584076 0.04082176
v 0.05893922 0.02729468 0.04066439
v 0.05600645 0.02972199 0.04028967
v 0.05271535 0.03163403 0.03986793
v 0.04924035 0.03318576 0.03942200
v 0.04203815 0.03563463 0.03849733
v 0.05453667 0.03114623 0.03971251
v 0.05330276 0.03173344 0.03954632
v 0.05305364 0.03185199 0.03951276
v 0.05960333 0.02721892 0.04039493
v 0.04895009 0.03284936 0.03986016
v 0.04645292 0.03286481 0.04053853
v 0.04689791 0.03272448 0.04058924
v 0.05984108 0.02562327 0.04120056
v 0.05860675 0.02705815 0.04104952
v 0.05797071 0.02657745 0.04185082
v 0.05567814 0.02944200 0.04068978
v 0.05532818 0.02868940 0.04154974
v 0.05718856 0.02720256 0.04176171
v 0.05992767 0.02411828 0.04207379
v 0.06018724 0.02358691 0.04210337
v 0.06087719 0.02403723 0.04132678
v 0.06084797 0.02223431 0.04217864
v 0.06167359 0.02231548 0.04142350
v 0.06100647 0.02190984 0.04219670
v 0.06122494 0.02146261 0.04222159
v 0.06225207 0.02050655 0.04149353
v 0.06151596 0.02024897 0.04225475
v 0.06154353 0.02013399 0.04225789
v 0.05864983 0.02575407 0.04192820
v 0.05916701 0.02512703 0.04198712
v 0.05982403 0.02433044 0.04206198
v 0.04837783 0.03210633 0.04075785
v 0.05019071 0.03134909 0.04096440
v 0.05240246 0.03132028 0.04028617
v 0.05178009 0.03068521 0.04114549
v 0.05382450 0.02953523 0.04137842
v 0.02351385 0.03873653 0.03792496
v 0.02691200 0.03806922 0.03831213
v 0.02828151 0.03780028 0.03846816
v 0.01232148 0.04093441 0.03664975
v 0.03516498 0.03782397 0.03710338
v 0.03488459 0.03789592 0.03706562
v 0.04217187 0.03602575 0.03804712
v 0.03116093 0.03709659 0.03879623
v 0.03414804 0.03636658 0.03913657
v 0.03882709 0.03522308 0.03966968
v 0.06541046 0.01700323 0.04094785
v 0.06499118 0.01700323 0.04094893
v 0.06596978 0.00897554 0.04105247
v 0.06500991 0.00038313 0.04112313
v 0.06636747 0.00035959 0.04111540
v 0.06637075 -0.00009668 0.04112099
v 0.06461769 0.00895967 0.04107029
v 0.06456530 0.01700324 0.04095003
v 0.06808525 0.00037829 0.04144168
v 0.06808810 -0.00009671 0.04144434
v 0.06809935 -0.00009671 0.04144748
v 0.06637416 -0.00009668 0.04112098
v 0.06642390 -0.00009668 0.04112083
v 0.06793471 -0.00009668 0.04140144
v 0.06841307 0.00072928 0.04153549
v 0.06841539 0.00038647 0.04153603
v 0.06841867 -0.00009676 0.04153679
v 0.06769514 0.00896547 0.04135943
v 0.06823669 0.00543563 0.04149497
v 0.06818656 0.00677354 0.04148345
v 0.06799723 0.00895832 0.04144533
v 0.06780373 0.01119143 0.04140636
v 0.06771778 0.01218343 0.04138904
v 0.06542048 0.01700323 0.04094783
v 0.06673159 0.01700326 0.04120388
v 0.06707128 0.01700327 0.04127022
v 0.01231998 -0.04186669 0.03533800
v 0.01232148 -0.04112776 0.03664974
v 0.00720138 -0.04198169 0.03606639
v 0.00205194 -0.04261841 0.03547968
v 0.00199869 -0.04417416 0.03263629
v 0.00285886 -0.04252344 0.03557162
v 0.00708221 -0.04348331 0.03332098
v 0.00657646 -0.04208591 0.03599518
v 0.01231848 -0.04260562 0.03402624
v 0.00840072 -0.04330413 0.03349856
v 0.00718204 -0.04346975 0.03333442
v -0.03163721 -0.03235500 0.03164129
v -0.03227479 -0.03184663 0.03156865
v -0.03268989 -0.03326041 0.02796417
v -0.03625170 -0.02954162 0.02748444
v -0.03422835 -0.02978827 0.03134606
v -0.03627737 -0.02951483 0.02748098
v -0.03529407 -0.02866537 0.03122464
v -0.03695165 -0.02881083 0.02739016
v -0.04617888 -0.00009680 0.02998449
v -0.04693959 -0.00501068 0.02604491
v -0.04582757 -0.00529215 0.03002450
v -0.04691043 -0.00543324 0.02604884
v -0.04579786 -0.00573147 0.03002789
v -0.04684893 -0.00632429 0.02605712
v -0.04578535 -0.00591651 0.03002931
v -0.04600077 -0.01036664 0.02617136
v -0.04485305 -0.01040942 0.03013554
v -0.04593257 -0.01069171 0.02618054
v -0.04468588 -0.01121501 0.03015458
v -0.04556813 -0.01242864 0.02622963
v -0.04455186 -0.01186085 0.03016985
v -0.04443739 -0.01557070 0.02638192
v -0.04329268 -0.01537174 0.03031332
v -0.04435694 -0.01579425 0.02639276
v -0.04291502 -0.01642473 0.03035634
v -0.04345932 -0.01828853 0.02651366
v -0.04252972 -0.01749903 0.03040024
v -0.04227079 -0.02054876 0.02667374
v -0.04115843 -0.02011110 0.03055648
v -0.04220420 -0.02067538 0.02668271
v -0.04053966 -0.02128973 0.03062698
v -0.04057465 -0.02377428 0.02690219
v -0.03976507 -0.02276520 0.03071524
v -0.03952874 -0.02522826 0.02704306
v -0.03847657 -0.02456019 0.03086204
v -0.03949935 -0.02526912 0.02704702
v -0.03761866 -0.02575535 0.03095979
v -0.03626136 -0.02764619 0.03111443
v -0.02756522 -0.03558449 0.03210523
v -0.02825770 -0.03677519 0.02856113
v -0.02623816 -0.03637802 0.03225643
v -0.02595365 -0.03816145 0.02887146
v -0.02310702 -0.03825035 0.03261318
v -0.01338992 -0.04182215 0.03372030
v -0.01704403 -0.04078330 0.03330397
v -0.01625375 -0.04257325 0.03017791
v -0.02385837 -0.03942210 0.02915367
v -0.02365257 -0.03954592 0.02918138
v -0.02285184 -0.03840295 0.03264226
v -0.02314310 -0.03985244 0.02925000
v -0.02176385 -0.03887639 0.03276622
v -0.02122650 -0.04066488 0.02950815
v -0.01836397 -0.04035587 0.03315358
v -0.01901880 -0.04160071 0.02980550
v -0.01801804 -0.04050640 0.03319300
v -0.01876510 -0.04170825 0.02983967
v -0.01750260 -0.04224342 0.03000971
v -0.00565839 -0.04451245 0.03160498
v -0.00347255 -0.04446724 0.03189939
v -0.00311494 -0.04293811 0.03489099
v -0.00213907 -0.04294318 0.03500217
v -0.00323437 -0.04446232 0.03193146
v -0.00076804 -0.04295029 0.03515839
v 0.00043704 -0.04438639 0.03242596
v 0.00182063 -0.04419836 0.03261231
v -0.00670194 -0.04291949 0.03448230
v -0.00716572 -0.04285226 0.03442946
v -0.00848351 -0.04417819 0.03122447
v -0.00828398 -0.04269015 0.03430205
v -0.00875616 -0.04414594 0.03118775
v -0.01216049 -0.04212819 0.03386038
v -0.01155122 -0.04381523 0.03081129
v -0.01247255 -0.04208295 0.03382482
v -0.01368300 -0.04325221 0.03052416
v -0.01396105 -0.04317878 0.03048671
v -0.03257581 -0.03335166 0.02797953
v -0.03248446 -0.03342474 0.02799184
v -0.03040944 -0.03333397 0.03178117
v -0.03037618 -0.03511131 0.02827580
v -0.02765222 -0.03553246 0.03209532
v -0.02841650 -0.03667900 0.02853974
v -0.02841318 -0.03668165 0.02854019
v 0.01138697 0.04262839 0.03390077
v 0.00945169 0.04295849 0.03364012
v 0.00719011 0.04173736 0.03606510
v -0.00201047 0.04437847 0.03209630
v -0.00287969 0.04283889 0.03491779
v -0.00214217 0.04278427 0.03500182
v 0.00708971 0.04336137 0.03332199
v 0.00693470 0.04338781 0.03330111
v 0.00287384 0.04241276 0.03557332
v 0.00558339 0.04361830 0.03311911
v 0.00393085 0.04390017 0.03289653
v 0.00286854 0.04241315 0.03557272
v 0.00183873 0.04410243 0.03261474
v 0.00205272 0.04247358 0.03547977
v 0.00074083 0.04420858 0.03246687
v -0.00126189 0.04440219 0.03219713
v -0.01340439 0.04162063 0.03371866
v -0.01395917 0.04307841 0.03048696
v -0.01456455 0.04139807 0.03358647
v -0.01566221 0.04263557 0.03025758
v -0.01702523 0.04054360 0.03330611
v -0.01622110 0.04249024 0.03018230
v -0.01834911 0.04008388 0.03315528
v -0.01899620 0.04141663 0.02980854
v -0.02012109 0.03946856 0.03295338
v -0.01955941 0.04119874 0.02973268
v -0.02174707 0.03865605 0.03276813
v -0.00312318 0.04282594 0.03489005
v -0.00345014 0.04433284 0.03190240
v -0.00716595 0.04261093 0.03442943
v -0.00569696 0.04426163 0.03159978
v -0.00744309 0.04420629 0.03136460
v -0.00830399 0.04255040 0.03429977
v -0.00873918 0.04401194 0.03119004
v -0.00865490 0.04253174 0.03425979
v -0.00931871 0.04392504 0.03111198
v -0.01214573 0.04186209 0.03386206
v -0.01258938 0.04343460 0.03067146
v -0.01289019 0.04335638 0.03063094
v -0.03852754 0.02441354 0.03085623
v -0.03829995 0.02478934 0.03088216
v -0.03895929 0.02587584 0.02711976
v -0.03765217 0.02558097 0.03095597
v -0.03680584 0.02875782 0.02740980
v -0.03528479 0.02847405 0.03122570
v -0.03434186 0.03136168 0.02774167
v -0.03630453 0.02938412 0.02747732
v -0.03643940 0.02924822 0.02745915
v -0.02751283 0.03530548 0.03211120
v -0.02892154 0.03603237 0.02847172
v -0.02992621 0.03365488 0.03183623
v -0.03177656 0.03386471 0.02808718
v -0.03043916 0.03318341 0.03177779
v -0.03210565 0.03361485 0.02804286
v -0.03159655 0.03211960 0.03164592
v -0.03254616 0.03317099 0.02798353
v -0.03428534 0.02964822 0.03133957
v -0.03444116 0.02950501 0.03132182
v -0.04140449 0.01966324 0.03052845
v -0.04309307 0.01892202 0.02656299
v -0.04288491 0.01621381 0.03035978
v -0.04406114 0.01639067 0.02643260
v -0.04332111 0.01519744 0.03031008
v -0.04435533 0.01562141 0.02639298
v -0.04377819 0.01413242 0.03025800
v -0.04531139 0.01312148 0.02626421
v -0.04533697 0.01301076 0.02626076
v -0.04461971 0.01100097 0.03016212
v -0.04591397 0.01051269 0.02618305
v -0.04482953 0.01022020 0.03013821
v -0.04538948 0.00813653 0.03007442
v -0.03952220 0.02512248 0.02704394
v -0.04011877 0.02432411 0.02696359
v -0.04054003 0.02109060 0.03062694
v -0.04092008 0.02286870 0.02685566
v -0.04122403 0.01996120 0.03054901
v -0.04221676 0.02051362 0.02668102
v -0.04265954 0.01970941 0.02662138
v -0.02189132 0.04029660 0.02941860
v -0.02283154 0.03977219 0.02929197
v -0.02308324 0.03798838 0.03261589
v -0.02382279 0.03921931 0.02915846
v -0.02496496 0.03704808 0.03240149
v -0.02595939 0.03802762 0.02887068
v -0.02623103 0.03618216 0.03225724
v -0.02721866 0.03732527 0.02870108
v -0.02836013 0.03645861 0.02854733
v -0.04612792 0.00203624 0.02999028
v -0.04726106 0.00117557 0.02600161
v -0.04617868 -0.00008840 0.02998451
v -0.04727867 -0.00008761 0.02599924
v -0.04727879 -0.00009619 0.02599922
v -0.04615171 0.00948345 0.02615103
v -0.04671036 0.00706482 0.02607579
v -0.04570549 0.00552598 0.03003841
v -0.04681642 0.00593065 0.02606150
v -0.04575647 0.00510479 0.03003260
v -0.04687964 0.00525454 0.02605298
v -0.04715424 0.00231790 0.02601600
v 0.02321246 -0.03509100 0.04284453
v 0.02709469 -0.03823017 0.03833293
v 0.02811095 -0.03803084 0.03844872
v 0.03037675 -0.03358806 0.04344197
v 0.02350550 -0.03893414 0.03792399
v 0.01603439 -0.03640524 0.04220816
v 0.01587800 -0.04043019 0.03705495
v 0.01642820 -0.03262302 0.04682183
v 0.01232148 -0.03320990 0.04650194
v 0.01701067 -0.02884615 0.05111276
v 0.02327641 -0.02405247 0.05520922
v 0.02314917 -0.02784455 0.05135044
v 0.02212367 -0.02426404 0.05522481
v 0.02922580 -0.02661871 0.05147351
v 0.03416989 -0.02171083 0.05483258
v 0.03522430 -0.02518324 0.05148868
v 0.02877506 -0.02297464 0.05508973
v 0.04112079 -0.02351336 0.05140275
v 0.03943771 -0.02027303 0.05445256
v 0.04398908 -0.02248285 0.05132597
v 0.04167667 -0.01954703 0.05424932
v 0.04669889 -0.02111518 0.05123679
v 0.04909487 -0.01927449 0.05114926
v 0.04434841 -0.01817454 0.05397280
v 0.04639553 -0.01651480 0.05373908
v 0.04799022 -0.01444549 0.05353773
v 0.05101475 -0.01695309 0.05106984
v 0.05225121 -0.01421245 0.05100372
v 0.04910359 -0.01210884 0.05338328
v 0.04843601 -0.01373781 0.05347898
v 0.05171807 -0.01562038 0.05103502
v 0.05543776 -0.01625242 0.04837353
v 0.05854781 -0.01829574 0.04549239
v 0.06007340 -0.01936282 0.04392420
v 0.06157313 -0.02049502 0.04226126
v 0.06160767 -0.02032052 0.04226520
v 0.06041137 -0.02353495 0.04212890
v 0.06082846 -0.02246511 0.04217642
v 0.05940433 -0.02125386 0.04386713
v 0.06099149 -0.02204693 0.04219499
v 0.06154903 -0.02061684 0.04225852
v 0.05727514 -0.02460713 0.04367509
v 0.05871814 -0.02598110 0.04193598
v 0.05922738 -0.02524543 0.04199400
v 0.05585575 -0.02598573 0.04354467
v 0.05716102 -0.02741834 0.04175857
v 0.05802549 -0.02662042 0.04185706
v 0.05144855 -0.02676038 0.04500929
v 0.05263777 -0.02824024 0.04324809
v 0.05451363 -0.02459256 0.04522452
v 0.05430380 -0.02719993 0.04340142
v 0.05637265 -0.02814601 0.04166874
v 0.05987443 -0.02431065 0.04206772
v 0.06027450 -0.02373268 0.04211330
v 0.05847362 -0.02302000 0.04378429
v 0.04809413 -0.02841323 0.04477460
v 0.05015505 -0.03152999 0.04096033
v 0.05195854 -0.03072514 0.04116582
v 0.05311616 -0.03020853 0.04129771
v 0.04461262 -0.02973132 0.04452776
v 0.04780360 -0.03257938 0.04069242
v 0.04858302 -0.03223154 0.04078122
v 0.05381114 -0.02976836 0.04137689
v 0.05516136 -0.02891319 0.04153073
v 0.05554199 -0.02867211 0.04157410
v 0.02310599 -0.03146523 0.04725244
v 0.02974591 -0.03010094 0.04760641
v 0.03633708 -0.02851210 0.04788854
v 0.03752128 -0.03184561 0.04400309
v 0.04285112 -0.02662014 0.04810230
v 0.03880469 -0.03540274 0.03966712
v 0.03436691 -0.03649338 0.03916150
v 0.03114555 -0.03728506 0.03879447
v 0.05484048 -0.01785139 0.04837126
v 0.05789767 -0.02008596 0.04545438
v 0.05302076 -0.02072494 0.04834181
v 0.05403683 -0.01935547 0.04836082
v 0.05586342 -0.02327348 0.04531857
v 0.05700489 -0.02176159 0.04539660
v 0.04008921 -0.03508706 0.03981347
v 0.04156529 -0.03460724 0.03998165
v 0.04107922 -0.03085289 0.04427035
v 0.04261190 -0.03426702 0.04010090
v 0.04641886 -0.03302951 0.04053465
v 0.04603632 -0.02544592 0.04818471
v 0.04907895 -0.02393572 0.04825502
v 0.05182022 -0.02193154 0.04831658
v 0.06405635 -0.01449837 0.04099461
v 0.06423844 -0.01294251 0.04101918
v 0.06421055 -0.01294464 0.04103810
v 0.06361510 -0.01719384 0.04096214
v 0.06367393 -0.01719670 0.04094319
v 0.06396540 -0.01527530 0.04098234
v 0.06456509 -0.01015189 0.04106323
v 0.06466323 -0.00867269 0.04107644
v 0.06462963 -0.00867290 0.04109191
v 0.06478929 -0.00677245 0.04109341
v 0.06489795 -0.00513473 0.04110803
v 0.06456567 -0.00866877 0.04111836
v 0.06361381 -0.01719378 0.04096255
v 0.06361051 -0.01719362 0.04096362
v 0.06442266 -0.00865327 0.04121040
v 0.06341558 -0.01715222 0.04110076
v 0.06345722 -0.01716435 0.04106383
v 0.06349818 -0.01717628 0.04102751
v 0.06355257 -0.01718468 0.04099657
v 0.06355882 -0.01718564 0.04099301
v 0.06391817 -0.00009683 0.04216641
v 0.06365181 -0.00009676 0.04249809
v 0.06408665 -0.00859824 0.04152433
v 0.06348395 -0.00527270 0.04247897
v 0.06346719 -0.00578952 0.04247706
v 0.06326513 -0.00842913 0.04245404
v 0.06311320 -0.01041383 0.04243673
v 0.06307078 -0.01096814 0.04243190
v 0.06293664 -0.01698633 0.04158671
v 0.06248141 -0.01548709 0.04236475
v 0.06244271 -0.01677050 0.04219181
v 0.06232128 -0.01671489 0.04234651
v 0.06300231 -0.01701503 0.04150626
v 0.06465647 -0.00009670 0.04134212
v 0.06444487 -0.00009674 0.04157836
v 0.06308292 -0.01704567 0.04141815
v 0.06319140 -0.01708691 0.04129957
v 0.06327189 -0.01711036 0.04122819
v -0.04309307 0.01892202 0.02656299
v -0.04265954 0.01970941 0.02662138
v -0.04274126 0.02026052 0.02219964
v -0.01622293 0.04346956 0.02560305
v -0.01622375 0.04391198 0.02353434
v -0.01960627 0.04258753 0.02336374
v -0.04727879 -0.00009619 0.02599922
v -0.04727867 -0.00008761 0.02599924
v -0.04740635 -0.00009619 0.02229206
v -0.04726106 0.00117557 0.02600161
v -0.04741716 -0.00009619 0.02197807
v -0.04732757 0.00267241 0.02197955
v -0.04749003 -0.00009619 0.01986003
v -0.04750428 -0.00009619 0.01947463
v -0.01622110 0.04249024 0.03018230
v -0.01899620 0.04141663 0.02980854
v -0.01955941 0.04119874 0.02973268
v -0.02189132 0.04029660 0.02941860
v -0.02287619 0.04099692 0.02319855
v -0.02283154 0.03977219 0.02929197
v -0.02382279 0.03921931 0.02915846
v -0.02601381 0.03915319 0.02304005
v -0.02595939 0.03802762 0.02887068
v -0.03210565 0.03361485 0.02804286
v -0.03177656 0.03386471 0.02808718
v -0.03181236 0.03474871 0.02274750
v -0.02892154 0.03603237 0.02847172
v -0.02899866 0.03706593 0.02288939
v -0.02836013 0.03645861 0.02854733
v -0.02721866 0.03732527 0.02870108
v -0.03254616 0.03317099 0.02798353
v -0.03443760 0.03221619 0.02261528
v -0.03434186 0.03136168 0.02774167
v -0.03630453 0.02938412 0.02747732
v -0.03685794 0.02948389 0.02249357
v -0.03643940 0.02924822 0.02745915
v -0.03680584 0.02875782 0.02740980
v -0.03905713 0.02656781 0.02238331
v -0.03895929 0.02587584 0.02711976
v -0.04221676 0.02051362 0.02668102
v -0.04092008 0.02286870 0.02685566
v -0.04102220 0.02348688 0.02228514
v -0.04011877 0.02432411 0.02696359
v -0.03952220 0.02512248 0.02704394
v -0.04406114 0.01639067 0.02643260
v -0.04420374 0.01690880 0.02212737
v -0.04435533 0.01562141 0.02639298
v -0.04540016 0.01345232 0.02206888
v -0.04531139 0.01312148 0.02626421
v -0.04632276 0.00991255 0.02202461
v -0.04591397 0.01051269 0.02618305
v -0.04533697 0.01301076 0.02626076
v -0.04696638 0.00631174 0.02199478
v -0.04671036 0.00706482 0.02607579
v -0.04615171 0.00948345 0.02615103
v -0.04715424 0.00231790 0.02601600
v -0.04687964 0.00525454 0.02605298
v -0.04681642 0.00593065 0.02606150
v -0.03995004 0.02579541 0.01669900
v -0.04096769 0.02391042 0.01669900
v -0.04760683 -0.00009619 0.01669900
v -0.04745030 0.00319705 0.01669900
v -0.04739228 0.00441786 0.01669900
v -0.04606739 0.01191178 0.01669900
v -0.04633508 0.01039769 0.01669900
v -0.04697066 0.00680266 0.01669900
v -0.04270633 0.02068997 0.01669900
v -0.04356534 0.01909885 0.01669900
v -0.04417155 0.01735752 0.01669900
v -0.04537361 0.01390466 0.01669900
v -0.01625162 0.04465020 0.01669899
v -0.01657668 0.04453085 0.01669900
v -0.01624320 0.04459652 0.01801259
v -0.01624128 0.04452959 0.01855537
v -0.01961870 0.04304529 0.02004109
v -0.01957731 0.04313408 0.01669900
v -0.02289071 0.04142186 0.01995500
v -0.02901502 0.03743426 0.01979396
v -0.02977536 0.03704941 0.01669900
v -0.03182965 0.03509392 0.01972006
v -0.03175883 0.03518034 0.01669900
v -0.03445602 0.03254114 0.01965118
v -0.02289478 0.04158982 0.01669900
v -0.02347596 0.04131929 0.01669900
v -0.02602930 0.03954791 0.01987244
v -0.02597246 0.03962711 0.01669900
v -0.02900359 0.03757253 0.01669900
v -0.01622377 0.04392055 0.02349423
v -0.01623289 0.04423773 0.02092213
v -0.01623573 0.04433649 0.02012128
v -0.03902824 0.02699532 0.01669900
v -0.03907989 0.02686036 0.01953029
v -0.03679727 0.02989940 0.01669900
v -0.03687779 0.02979110 0.01958776
v -0.03531389 0.03183033 0.01669900
v -0.03442443 0.03266849 0.01669900
v 0.08800000 0.00170324 0.04534900
v 0.08800000 -0.00509676 0.04534900
v 0.09248047 0.00170324 0.04503873
v 0.09132135 -0.00509676 0.04522721
v 0.09377372 0.00170324 0.04494917
v 0.09376606 -0.00509676 0.04490536
v 0.11895291 -0.00509676 0.03314326
v 0.11895291 0.00170324 0.03314326
v 0.11541861 -0.00509676 0.03612163
v 0.11689321 0.00170324 0.03495319
v 0.11445041 -0.00509676 0.03677221
v 0.10109111 -0.00509676 0.04339196
v 0.10038221 0.00170324 0.04362580
v 0.09649775 -0.00509676 0.04454573
v 0.09690574 0.00170324 0.04435740
v 0.09425068 0.00170324 0.04491614
v 0.10803071 -0.00509676 0.04061010
v 0.10626970 0.00170324 0.04150612
v 0.10644551 -0.00509676 0.04142829
v 0.10547831 0.00170324 0.04179106
v 0.10156151 -0.00509676 0.04327380
v 0.10125991 0.00170324 0.04330980
v 0.10108191 0.00170324 0.04337389
v 0.11441671 0.00170324 0.03672784
v 0.11330861 0.00170324 0.03752191
v 0.11108500 -0.00509676 0.03903365
v 0.11180941 0.00170324 0.03859619
v 0.10948710 0.00170324 0.03981605
v 0.10801831 0.00170324 0.04058759
v 0.08799978 0.07217942 0.03567827
v 0.08799978 0.07229866 0.03553653
v 0.08547190 0.07282502 0.03549519
v 0.08036731 0.07338942 0.03512454
v 0.08045314 0.07379403 0.03476030
v 0.07799129 0.07426168 0.03411439
v 0.08289380 0.07290493 0.03561168
v 0.08295134 0.07331746 0.03522610
v 0.05397779 0.07592286 0.01793080
v 0.05548083 0.07565721 0.02023360
v 0.05390269 0.07662156 0.01669900
v 0.08799984 0.06778649 0.03783867
v 0.08799982 0.06930722 0.03735587
v 0.08530977 0.06985341 0.03729701
v 0.08799988 0.06482319 0.03877945
v 0.08697989 0.06502589 0.03874231
v 0.08510678 0.06539814 0.03867412
v 0.08509623 0.06540023 0.03867373
v 0.04938581 0.07242612 0.01669896
v 0.05008816 0.07231007 0.01775526
v 0.05231438 0.07513048 0.01669900
v 0.05085725 0.07218300 0.01891192
v 0.05328291 0.07603972 0.01669900
v 0.05529537 0.07773006 0.01669900
v 0.05788328 0.07811135 0.01913625
v 0.05643936 0.07837915 0.01669900
v 0.05530754 0.07773977 0.01669900
v 0.05930681 0.07848343 0.01938452
v 0.05883987 0.07857315 0.01860876
v 0.05834208 0.07837781 0.01889200
v 0.05799449 0.07873558 0.01720429
v 0.05769034 0.07879401 0.01669900
v 0.05646438 0.07839328 0.01669900
v 0.07359082 0.07573854 0.03156756
v 0.07337146 0.07578070 0.03147806
v 0.07340369 0.07549633 0.03196964
v 0.07119886 0.07619812 0.03034719
v 0.06898681 0.07634568 0.02955984
v 0.07103059 0.07623044 0.03025961
v 0.07060855 0.07631153 0.03003994
v 0.07625586 0.07522636 0.03265500
v 0.07810952 0.07459558 0.03372426
v 0.07823986 0.07484504 0.03325730
v 0.08307209 0.07391656 0.03426899
v 0.08228048 0.07406874 0.03418257
v 0.08301002 0.07366243 0.03478619
v 0.08005735 0.07449578 0.03372748
v 0.07923227 0.07465429 0.03355857
v 0.08799978 0.07277729 0.03493119
v 0.08799982 0.07296962 0.03457854
v 0.08537111 0.07347464 0.03451998
v 0.08457348 0.07362796 0.03443290
v 0.08283802 0.07244571 0.03594766
v 0.08541478 0.07193554 0.03624311
v 0.08799978 0.07253936 0.03525036
v 0.08799978 0.07267704 0.03508669
v 0.08799978 0.07272098 0.03503443
v 0.08544307 0.07240313 0.03589488
v 0.08799978 0.07199205 0.03582510
v 0.07322576 0.07517618 0.03232025
v 0.06749060 0.07339321 0.03123238
v 0.06758889 0.06905465 0.03326174
v 0.06832921 0.06890496 0.03365295
v 0.07230302 0.07244156 0.03375126
v 0.07998471 0.07091520 0.03641132
v 0.08048398 0.06636019 0.03794627
v 0.08263343 0.07038977 0.03696350
v 0.08225035 0.06599256 0.03822487
v 0.08340844 0.06575152 0.03840753
v 0.07463646 0.06759486 0.03628448
v 0.07664007 0.06717182 0.03685388
v 0.07737397 0.07143255 0.03567914
v 0.07676680 0.06714506 0.03688989
v 0.08001433 0.06645936 0.03781280
v 0.07057219 0.06843906 0.03458877
v 0.07121273 0.06830601 0.03485602
v 0.07361470 0.06780709 0.03585818
v 0.05211316 0.07197551 0.02080074
v 0.05236621 0.07193370 0.02118132
v 0.05874196 0.07078489 0.02749693
v 0.06093486 0.07465567 0.02636463
v 0.05677314 0.07115100 0.02584069
v 0.05897494 0.07502134 0.02445614
v 0.06348534 0.06987213 0.03087107
v 0.06520549 0.07383918 0.02975473
v 0.06198338 0.07016584 0.02989671
v 0.06301612 0.07426092 0.02813185
v 0.05931890 0.07067762 0.02798227
v 0.06028473 0.07049801 0.02879476
v 0.06104105 0.07035012 0.02928540
v 0.05715171 0.07535599 0.02241103
v 0.05599032 0.07129655 0.02518216
v 0.05650481 0.07120089 0.02561496
v 0.05250894 0.07190860 0.02133889
v 0.05429982 0.07159375 0.02331593
v 0.05439673 0.07157672 0.02342292
v 0.06115985 0.07812732 0.02191325
v 0.06137453 0.07780259 0.02295848
v 0.06179412 0.07800544 0.02263175
v 0.06527877 0.07733580 0.02619220
v 0.06502481 0.07738459 0.02595270
v 0.06494902 0.07712085 0.02653760
v 0.06323931 0.07772770 0.02426887
v 0.06201532 0.07796292 0.02288232
v 0.06098922 0.07752624 0.02323637
v 0.06275093 0.07719204 0.02510467
v 0.06925479 0.07657170 0.02916796
v 0.06798333 0.07681607 0.02834901
v 0.06552011 0.07728942 0.02641978
v 0.06463797 0.07683203 0.02684012
v 0.06663964 0.07644771 0.02843523
v 0.06874533 0.07604158 0.02988368
v 0.05701993 0.07741420 0.01955840
v 0.05856816 0.07712665 0.02169557
v 0.06026454 0.07680868 0.02371162
v 0.06209700 0.07646228 0.02559934
v 0.06405339 0.07608886 0.02735118
v 0.06612213 0.07569007 0.02896099
v 0.06829206 0.07526852 0.03042452
v 0.07289189 0.07437059 0.03290074
v 0.07776841 0.07342279 0.03475667
v 0.08028482 0.07293882 0.03544262
v 0.08799981 0.07066389 0.03667030
v 0.08799981 0.07136650 0.03631525
v 0.08799981 0.07140033 0.03628875
v 0.06473133 0.06962847 0.03167937
v 0.06533303 0.06951079 0.03206970
v 0.06595941 0.06938414 0.03240069
v 0.07791642 0.01700316 0.04379345
v 0.07734492 0.01700318 0.04367619
v 0.07768595 0.01154413 0.04388867
v 0.08280604 0.01174224 0.04474221
v 0.08290667 0.00641854 0.04491271
v 0.08544577 0.00662810 0.04517122
v 0.06841658 -0.00017510 0.04153650
v 0.06828476 -0.00509676 0.04151826
v 0.07794706 0.00055185 0.04407975
v 0.07323350 -0.00509676 0.04289188
v 0.07788164 0.00606290 0.04402442
v 0.07452440 0.01700328 0.04309746
v 0.07402806 0.01700330 0.04299562
v 0.06787435 0.01700327 0.04146939
v 0.08545758 -0.00509676 0.04515202
v 0.08328485 -0.00509676 0.04498368
v 0.08291291 -0.00509676 0.04495486
v 0.07519156 -0.00509676 0.04343537
v 0.07790490 -0.00509676 0.04398806
v 0.07835353 -0.00509676 0.04407944
v 0.08249067 -0.00509676 0.04492215
v 0.08498343 0.01700321 0.04467882
v 0.08262848 0.01700326 0.04449437
v 0.08224052 0.01700328 0.04446398
v 0.08139087 0.01700325 0.04433774
v 0.07841169 0.01700314 0.04389508
v 0.08800000 0.01312933 0.04500394
v 0.08800001 0.01700323 0.04479001
v 0.08581704 0.01700318 0.04474411
v 0.08800000 0.00673295 0.04523206
v 0.08800000 0.00942472 0.04516947
v 0.08800000 0.00951586 0.04516736
v 0.08530590 0.01700320 0.04470407
v 0.02820152 0.04273421 0.03356258
v 0.02815319 0.04274494 0.03355278
v 0.02787221 0.04074023 0.03484713
v 0.02007298 0.04183804 0.03403633
v 0.02007176 0.04141146 0.03456461
v 0.02772204 0.03988724 0.03566598
v 0.01232153 0.04340776 0.03253389
v 0.01232153 0.04326955 0.03269202
v 0.03488459 0.03789592 0.03706562
v 0.03516498 0.03782397 0.03710338
v 0.03532563 0.03818985 0.03675553
v 0.06237377 0.02252717 0.04076807
v 0.06377804 0.02082407 0.04079170
v 0.06300159 0.02073998 0.04085263
v 0.06233884 0.02444100 0.04058957
v 0.06168241 0.02427435 0.04067495
v 0.06234096 0.02261009 0.04076365
v 0.05945463 0.02735188 0.04037490
v 0.05960333 0.02721892 0.04039493
v 0.06005350 0.02758223 0.04027015
v 0.06049151 0.02596100 0.04051455
v 0.06129748 0.02608680 0.04044404
v 0.06057902 0.02583707 0.04052634
v 0.06160240 0.02438765 0.04066418
v 0.05658277 0.02981813 0.03998810
v 0.05699669 0.02954946 0.04004384
v 0.05710011 0.03010500 0.03985552
v 0.05788321 0.02875684 0.04016325
v 0.05931744 0.02747453 0.04035642
v 0.05376013 0.03209326 0.03938356
v 0.05330276 0.03173344 0.03954632
v 0.05453667 0.03114623 0.03971251
v 0.05638175 0.02994860 0.03996102
v 0.04656696 0.03504187 0.03836124
v 0.04624308 0.03464582 0.03859546
v 0.05021738 0.03369704 0.03888078
v 0.04956521 0.03351212 0.03904291
v 0.04958524 0.03350259 0.03904561
v 0.04985423 0.03337457 0.03908184
v 0.05305364 0.03185199 0.03951276
v 0.04285417 0.03620669 0.03783177
v 0.04231919 0.03598252 0.03806696
v 0.04236829 0.03596811 0.03807358
v 0.04261080 0.03588535 0.03810624
v 0.02764006 0.03949486 0.03608987
v 0.03243416 0.03852479 0.03673558
v 0.02739068 0.03954531 0.03605628
v 0.02006288 0.04102806 0.03506932
v 0.01647564 0.04175392 0.03458616
v 0.01232155 0.04271483 0.03359817
v 0.01232156 0.04246897 0.03402665
v 0.01232148 0.04609442 0.02991885
v 0.01232149 0.04596777 0.03003377
v 0.01486439 0.04558419 0.03061701
v 0.01232153 0.04487763 0.03102302
v 0.01677822 0.04520018 0.03114245
v 0.01232155 0.04415576 0.03167808
v 0.06615961 0.02115760 0.04110327
v 0.06647858 0.02003594 0.04116234
v 0.01232153 0.04316832 0.03280783
v 0.01232153 0.04302661 0.03305482
v 0.01232154 0.04285087 0.03336109
v 0.01232154 0.04379127 0.03209510
v 0.02007477 0.04232318 0.03355535
v 0.02779706 0.04028897 0.03523474
v 0.04309465 0.03655679 0.03758968
v 0.03548208 0.03856756 0.03641967
v 0.03563809 0.03898611 0.03612393
v 0.04261080 0.03588535 0.03810624
v 0.04333410 0.03693927 0.03738442
v 0.06458866 0.02092713 0.04081723
v 0.05520351 0.03433161 0.03898246
v 0.05503195 0.03441437 0.03894847
v 0.05447499 0.03265954 0.03919676
v 0.05086074 0.03433610 0.03861089
v 0.05330650 0.03524676 0.03860664
v 0.05232617 0.03571969 0.03841243
v 0.04835343 0.03727822 0.03762093
v 0.04713013 0.03573351 0.03800386
v 0.04881016 0.03712486 0.03771231
v 0.05213816 0.03579483 0.03837499
v 0.06240267 0.02868818 0.04039054
v 0.06084470 0.02792211 0.04022014
v 0.06261775 0.02844736 0.04043211
v 0.06208970 0.02636062 0.04041842
v 0.06344636 0.02726217 0.04059099
v 0.05958612 0.03148375 0.03984391
v 0.05786855 0.03057153 0.03974390
v 0.06117536 0.03006231 0.04015334
v 0.06162933 0.02955403 0.04024108
v 0.06578907 0.02246063 0.04103464
v 0.06492176 0.02466461 0.04087182
v 0.06316244 0.02267486 0.04070498
v 0.06313077 0.02465279 0.04058417
v 0.06483203 0.02483340 0.04085478
v 0.06467496 0.02512887 0.04082497
v 0.06384086 0.02669788 0.04066663
v 0.06364458 0.02697865 0.04062899
v 0.05939061 0.03162528 0.03980559
v 0.05759154 0.03292757 0.03945294
v 0.05588580 0.03393046 0.03911688
v 0.04824434 0.03731484 0.03759910
v 0.04447176 0.03858159 0.03684431
v 0.04381002 0.03776825 0.03706297
v 0.04428388 0.03863537 0.03680656
v 0.04164462 0.03939094 0.03627624
v 0.03903863 0.04013698 0.03575261
v 0.03594713 0.03990085 0.03562678
v 0.03624550 0.04083381 0.03518908
v 0.03492653 0.04116287 0.03492298
v 0.03207851 0.04187339 0.03434837
v 0.03248769 0.04177131 0.03443092
v 0.02182160 0.04415076 0.03226949
v 0.01232154 0.04385445 0.03202282
v 0.02007041 0.04451515 0.03187816
v 0.02148248 0.04422133 0.03219371
v 0.00420167 0.04760883 0.02653773
v 0.00318491 0.04777467 0.02586752
v 0.00111265 0.04737966 0.02585527
v -0.00963457 0.04582536 0.02345805
v -0.00969035 0.04622732 0.02112004
v -0.01318538 0.04528613 0.02103671
v 0.00393085 0.04390017 0.03289653
v 0.00558339 0.04361830 0.03311911
v 0.00550493 0.04404711 0.03227790
v 0.00693470 0.04338781 0.03330111
v 0.00940900 0.04318529 0.03317787
v 0.00927467 0.04383367 0.03210727
v 0.01232156 0.04246897 0.03402665
v 0.01136144 0.04275269 0.03362749
v 0.00708971 0.04336137 0.03332199
v 0.00945169 0.04295849 0.03364012
v 0.01138697 0.04262839 0.03390077
v 0.00183873 0.04410243 0.03261474
v 0.00173860 0.04424627 0.03244538
v 0.00074083 0.04420858 0.03246687
v 0.00154016 0.04524783 0.03023925
v -0.00126189 0.04440219 0.03219713
v -0.00213722 0.04507308 0.03032449
v -0.00201047 0.04437847 0.03209630
v -0.00576941 0.04470841 0.03036797
v -0.00569696 0.04426163 0.03159978
v -0.00345014 0.04433284 0.03190240
v -0.00936446 0.04418760 0.03037710
v -0.00873918 0.04401194 0.03119004
v -0.00744309 0.04420629 0.03136460
v -0.01290599 0.04344189 0.03033677
v -0.01258938 0.04343460 0.03067146
v -0.00931871 0.04392504 0.03111198
v -0.01566221 0.04263557 0.03025758
v -0.01395917 0.04307841 0.03048696
v -0.01289019 0.04335638 0.03063094
v -0.01307542 0.04448900 0.02571423
v -0.00973374 0.04672225 0.01669900
v -0.00994712 0.04665880 0.01669900
v -0.00972270 0.04653078 0.01876036
v -0.01201831 0.04604302 0.01669900
v -0.00329043 0.04867785 0.01711686
v -0.00340451 0.04869488 0.01669902
v -0.00672322 0.04761732 0.01669900
v -0.00164952 0.04846789 0.02097126
v -0.00191649 0.04850057 0.02045211
v -0.00269243 0.04807662 0.02127940
v -0.00256088 0.04857943 0.01919904
v -0.00276699 0.04855752 0.01895875
v -0.00264387 0.04859062 0.01896217
v -0.00277250 0.04860798 0.01859504
v 0.00020363 0.04822887 0.02335418
v -0.00053449 0.04833042 0.02255035
v -0.00258586 0.04746120 0.02357047
v -0.00059731 0.04833817 0.02246138
v -0.00140814 0.04843814 0.02131310
v 0.00096616 0.04812131 0.02414102
v -0.00245116 0.04672758 0.02583554
v 0.00078733 0.04814855 0.02398985
v 0.00045147 0.04819477 0.02362409
v 0.00271412 0.04785147 0.02555718
v 0.00238386 0.04790533 0.02533949
v 0.00851330 0.04682899 0.02858571
v 0.00716631 0.04707991 0.02801296
v 0.00494101 0.04675233 0.02802004
v 0.00632031 0.04723751 0.02765323
v 0.00552245 0.04737734 0.02723314
v 0.00477995 0.04750748 0.02684221
v 0.00132535 0.04631815 0.02804823
v 0.01232154 0.04379127 0.03209510
v 0.01114129 0.04380363 0.03203882
v 0.01093851 0.04473965 0.03103148
v 0.01130115 0.04304797 0.03308583
v 0.01122769 0.04339862 0.03255635
v 0.00910159 0.04464486 0.03107247
v 0.00890796 0.04554249 0.03005669
v 0.01232148 0.04609442 0.02991885
v 0.00889704 0.04675750 0.02874888
v 0.00524017 0.04532745 0.03013307
v 0.00538060 0.04465343 0.03119804
v 0.00863298 0.04680669 0.02863660
v -0.00229766 0.04591489 0.02808322
v -0.00601154 0.04606108 0.02581263
v -0.00955792 0.04533573 0.02577678
v -0.00884598 -0.04503103 0.02820137
v -0.00925234 -0.04585229 0.02441778
v -0.00385599 -0.04649780 0.02470593
v -0.04730476 -0.00449500 0.01948291
v -0.02385837 -0.03942210 0.02915367
v -0.02595365 -0.03816145 0.02887146
v -0.02680022 -0.03875542 0.02346158
v -0.04593257 -0.01069171 0.02618054
v -0.04600077 -0.01036664 0.02617136
v -0.04631496 -0.01014176 0.02236148
v -0.04691043 -0.00543324 0.02604884
v -0.04693959 -0.00501068 0.02604491
v -0.04717292 -0.00473760 0.02230902
v -0.04684893 -0.00632429 0.02605712
v -0.04227079 -0.02054876 0.02667374
v -0.04345932 -0.01828853 0.02651366
v -0.04273860 -0.02045134 0.02256856
v -0.04435694 -0.01579425 0.02639276
v -0.04483002 -0.01540398 0.02244836
v -0.04443739 -0.01557070 0.02638192
v -0.04556813 -0.01242864 0.02622963
v -0.04220420 -0.02067538 0.02668271
v -0.04007154 -0.02521545 0.02272014
v -0.04057465 -0.02377428 0.02690219
v -0.03686456 -0.02962948 0.02290101
v -0.03625170 -0.02954162 0.02748444
v -0.03627737 -0.02951483 0.02748098
v -0.03695165 -0.02881083 0.02739016
v -0.03949935 -0.02526912 0.02704702
v -0.03952874 -0.02522826 0.02704306
v -0.03268989 -0.03326041 0.02796417
v -0.03316307 -0.03363357 0.02310834
v -0.03257581 -0.03335166 0.02797953
v -0.03248446 -0.03342474 0.02799184
v -0.03114319 -0.03546499 0.02322088
v -0.03037618 -0.03511131 0.02827580
v -0.02901981 -0.03717424 0.02333878
v -0.02825770 -0.03677519 0.02856113
v -0.02841318 -0.03668165 0.02854019
v -0.02841650 -0.03667900 0.02853974
v -0.02210347 -0.04151296 0.02372002
v -0.02122650 -0.04066488 0.02950815
v -0.02314310 -0.03985244 0.02925000
v -0.01964289 -0.04268055 0.02385464
v -0.01876510 -0.04170825 0.02983967
v -0.01901880 -0.04160071 0.02980550
v -0.01155122 -0.04381523 0.03081129
v -0.01368300 -0.04325221 0.03052416
v -0.01407919 -0.04391671 0.02778440
v -0.01396105 -0.04317878 0.03048671
v -0.01625375 -0.04257325 0.03017791
v -0.01750260 -0.04224342 0.03000971
v -0.01711881 -0.04370259 0.02399219
v -0.01453944 -0.04457209 0.02413226
v -0.00848351 -0.04417819 0.03122447
v -0.00875616 -0.04414594 0.03118775
v -0.00565839 -0.04451245 0.03160498
v -0.00353108 -0.04551214 0.02862206
v -0.00347255 -0.04446724 0.03189939
v 0.00199869 -0.04417416 0.03263629
v 0.00182063 -0.04419836 0.03261231
v 0.00179156 -0.04537201 0.02903897
v 0.00043704 -0.04438639 0.03242596
v -0.00323437 -0.04446232 0.03193146
v 0.00708221 -0.04348331 0.03332098
v 0.00707643 -0.04476042 0.02944788
v 0.00718204 -0.04346975 0.03333442
v 0.01231056 -0.04374604 0.02982656
v 0.01231107 -0.04367227 0.03009823
v 0.00840072 -0.04330413 0.03349856
v 0.01231848 -0.04260562 0.03402624
v -0.04750613 -0.00319143 0.01669900
v 0.00157185 -0.04649954 0.02498961
v 0.00697139 -0.04594403 0.02526382
v 0.01230272 -0.04487482 0.02566973
v -0.01545683 -0.04498051 0.01669900
v -0.01500247 -0.04502040 0.02042264
v -0.01790446 -0.04420844 0.01669900
v -0.02013067 -0.04299278 0.02027868
v -0.02058387 -0.04286223 0.01669900
v -0.02470457 -0.04079190 0.01669900
v -0.02365257 -0.03954592 0.02918138
v -0.02449208 -0.04020318 0.02358883
v -0.02497900 -0.04039073 0.02014106
v -0.02948468 -0.03725155 0.02001180
v -0.00732209 -0.04698509 0.01669900
v -0.00693559 -0.04691828 0.02064600
v -0.01010075 -0.04657782 0.01669900
v -0.00966233 -0.04644310 0.02057101
v -0.01064683 -0.04649777 0.01669900
v -0.00436115 -0.04743729 0.01870979
v -0.00453560 -0.04739352 0.01669900
v -0.00311715 -0.04760142 0.01669900
v 0.00123037 -0.04761474 0.01878507
v 0.00109408 -0.04754040 0.01669900
v 0.00681573 -0.04712453 0.01885714
v 0.00449219 -0.04749116 0.01669900
v 0.00672547 -0.04709743 0.01669900
v -0.00418435 -0.04723080 0.02072084
v 0.00135163 -0.04735863 0.02086797
v 0.00687174 -0.04684752 0.02100872
v 0.01198674 -0.04616983 0.01669900
v 0.01232155 -0.04608142 0.01669900
v 0.01230844 -0.04587577 0.01987613
v 0.01230703 -0.04566474 0.02113150
v -0.04736571 -0.00415268 0.01669900
v -0.04648612 -0.00990904 0.01950938
v -0.03359011 -0.03361784 0.01989286
v -0.03724293 -0.02953853 0.01978602
v -0.03625330 -0.03095301 0.01669900
v -0.04300872 -0.02026254 0.01961517
v -0.04317839 -0.01985697 0.01669900
v -0.04039604 -0.02506725 0.01969297
v -0.04070682 -0.02478207 0.01669900
v -0.03753838 -0.02917236 0.01669900
v -0.04657752 -0.00954792 0.01669900
v -0.04640605 -0.01072164 0.01669900
v -0.04504769 -0.01518787 0.01955365
v -0.04512608 -0.01478608 0.01669900
v -0.04412014 -0.01798035 0.01669900
v -0.03393420 -0.03327320 0.01669900
v -0.03087339 -0.03633546 0.01669900
v -0.02992952 -0.03701732 0.01669900
v -0.02545651 -0.04024868 0.01669900
v 0.01230696 -0.04565434 0.02119342
v 0.01230223 -0.04494587 0.02540806
v 0.01230245 -0.04491425 0.02552451
v 0.07826023 -0.00818209 0.04407815
v 0.07294355 -0.01121527 0.04261447
v 0.07815693 -0.01124159 0.04372734
v 0.06817141 -0.00677468 0.04147863
v 0.06807886 -0.00814472 0.04144626
v 0.07310846 -0.00816557 0.04285528
v 0.06736576 -0.01522131 0.04105988
v 0.06707129 -0.01719677 0.04089486
v 0.06783947 -0.01719677 0.04100676
v 0.07057387 -0.01719677 0.04140508
v 0.07183366 -0.01719677 0.04156432
v 0.07245494 -0.01719678 0.04164286
v 0.06794149 -0.01017848 0.04139822
v 0.06782688 -0.01118227 0.04133087
v 0.06748255 -0.01419823 0.04112852
v 0.07790490 -0.00509676 0.04398806
v 0.07784970 -0.01719679 0.04232478
v 0.07802114 -0.01424134 0.04309837
v 0.07741449 -0.01719679 0.04226977
v 0.07272523 -0.01422252 0.04218756
v 0.06744821 -0.01449900 0.04110834
v 0.08313617 -0.01425431 0.04372566
v 0.08372023 -0.01719676 0.04282715
v 0.08800000 -0.01425056 0.04393199
v 0.08769214 -0.01719678 0.04294775
v 0.08800000 -0.01573385 0.04346535
v 0.08800000 -0.01719678 0.04295709
v 0.08800000 -0.01254694 0.04446794
v 0.08319806 -0.01125971 0.04449379
v 0.08800000 -0.00613592 0.04533843
v 0.08324562 -0.00819347 0.04492037
v 0.08800000 -0.01125765 0.04473696
v 0.08800000 -0.00970490 0.04506095
v 0.08800000 -0.00819339 0.04517847
v 0.07809784 -0.01719679 0.04235615
v 0.07994410 -0.01719678 0.04251081
v 0.08305761 -0.01719676 0.04277164
v 0.06614810 -0.00676425 0.04108653
v 0.06787746 -0.00677332 0.04141127
v 0.06538009 -0.01450944 0.04087688
v 0.06497908 -0.01719675 0.04080281
v 0.06545238 -0.01719677 0.04075190
v 0.06405635 -0.01449837 0.04099461
v 0.06367393 -0.01719670 0.04094319
v 0.06466563 -0.01719674 0.04083652
v 0.06478929 -0.00677245 0.04109341
v 0.06583657 -0.01064024 0.04101322
v 0.06478929 -0.00677245 0.04109341
v 0.06563176 -0.01719677 0.04076774
v 0.06673919 -0.01719677 0.04086553
v 0.06713221 -0.01450350 0.04105426
v 0.06807886 -0.00814472 0.04144626
v 0.06757380 -0.01064616 0.04129299
v 0.05919185 -0.03410330 0.03708757
v 0.05752341 -0.03472958 0.03654271
v 0.05857654 -0.03626020 0.03553965
v 0.06058514 -0.04084614 0.03419755
v 0.06027034 -0.03982321 0.03430367
v 0.05748740 -0.04040185 0.03217963
v 0.05293519 -0.04243478 0.02676129
v 0.05307042 -0.04297323 0.02674964
v 0.05397911 -0.04186533 0.02823143
v 0.05522143 -0.03894324 0.03178712
v 0.05387473 -0.03917810 0.03064151
v 0.05439952 -0.03994556 0.03014328
v 0.05028365 -0.04144766 0.02391020
v 0.05048628 -0.04190410 0.02377269
v 0.05277646 -0.04192494 0.02681683
v 0.04675970 -0.04011597 0.02220642
v 0.04710776 -0.04039547 0.02179734
v 0.04949712 -0.04029566 0.02465630
v 0.04918371 -0.03997399 0.02500067
v 0.04884855 -0.03967879 0.02538566
v 0.04638974 -0.03986310 0.02265638
v 0.04618711 -0.04081496 0.02009703
v 0.04650004 -0.04113721 0.01975355
v 0.04772985 -0.04104455 0.02111743
v 0.06856007 -0.03253546 0.03885935
v 0.06912597 -0.03465883 0.03876605
v 0.07262374 -0.03321051 0.03955531
v 0.06371862 -0.02763450 0.03963633
v 0.06345696 -0.02802950 0.03954417
v 0.06653562 -0.02656287 0.03974933
v 0.05589112 -0.03531189 0.03593036
v 0.05697277 -0.03417046 0.03698077
v 0.04461751 -0.03957729 0.02276988
v 0.04559141 -0.03942843 0.02366537
v 0.04518201 -0.03926813 0.02418860
v 0.04351332 -0.04026368 0.01994288
v 0.04379211 -0.04021630 0.02018632
v 0.04366690 -0.04015866 0.02034216
v 0.04523059 -0.04238225 0.01669933
v 0.04526615 -0.04241487 0.01669931
v 0.04606323 -0.04237397 0.01763148
v 0.04566596 -0.04278155 0.01669912
v 0.04569639 -0.04280946 0.01669911
v 0.04630047 -0.04278831 0.01742934
v 0.04697107 -0.04478219 0.01669805
v 0.04714038 -0.04521940 0.01669766
v 0.04722538 -0.04517786 0.01690653
v 0.04727560 -0.04628573 0.01669885
v 0.04742558 -0.04634023 0.01701441
v 0.04734309 -0.04573763 0.01692760
v 0.07807069 -0.04642420 0.04249034
v 0.07804873 -0.04628021 0.04246799
v 0.07765945 -0.04642420 0.04240213
v 0.08800000 -0.02596129 0.04078775
v 0.08768238 -0.02611846 0.04071897
v 0.08800000 -0.02718885 0.04062630
v 0.08800000 -0.02384045 0.04106669
v 0.08800000 -0.02142252 0.04165801
v 0.08628682 -0.02219260 0.04139804
v 0.08800000 -0.02048428 0.04188747
v 0.06707129 -0.01719677 0.04089486
v 0.06888494 -0.02088808 0.04075628
v 0.06686780 -0.01826818 0.04080063
v 0.06656018 -0.01988790 0.04065818
v 0.07250512 -0.01929084 0.04131698
v 0.07386937 -0.02325478 0.04069636
v 0.08188803 -0.02192526 0.04132785
v 0.08112240 -0.02004487 0.04179406
v 0.08800000 -0.02832924 0.04060596
v 0.08483706 -0.03239671 0.04063822
v 0.08800000 -0.03076470 0.04058681
v 0.08515892 -0.03481696 0.04100060
v 0.08800000 -0.03331796 0.04086731
v 0.08800000 -0.04302993 0.04310337
v 0.08800000 -0.04137493 0.04266934
v 0.08774744 -0.04150685 0.04271760
v 0.08800000 -0.03782780 0.04173908
v 0.08538083 -0.03735884 0.04154964
v 0.08800000 -0.03593009 0.04133785
v 0.08800000 -0.03412281 0.04095573
v 0.08566282 -0.04263948 0.04294989
v 0.08588295 -0.04518353 0.04350227
v 0.08800000 -0.04454746 0.04338634
v 0.08800000 -0.04642420 0.04373628
v 0.08168869 -0.04642420 0.04326646
v 0.08185971 -0.04642420 0.04330315
v 0.08170726 -0.04464475 0.04301545
v 0.08192431 -0.04642420 0.04330771
v 0.08329354 -0.04642420 0.04340429
v 0.07397352 -0.04281576 0.04088851
v 0.07440161 -0.04642420 0.04148335
v 0.07551210 -0.04642420 0.04189152
v 0.07583855 -0.04642420 0.04201150
v 0.07774617 -0.04384489 0.04212793
v 0.06763732 -0.04642420 0.03859735
v 0.06959790 -0.04642420 0.03964169
v 0.07062017 -0.04408837 0.03982958
v 0.07005832 -0.04642420 0.03988695
v 0.07090792 -0.04642420 0.04019923
v 0.06269846 -0.04642421 0.03557316
v 0.06417330 -0.04642421 0.03667654
v 0.06440927 -0.04603042 0.03678594
v 0.06445465 -0.04642421 0.03685532
v 0.06490905 -0.04642420 0.03714408
v 0.06156190 -0.04642421 0.03472286
v 0.06169757 -0.04642421 0.03482437
v 0.06124006 -0.04426714 0.03441975
v 0.06412368 -0.04356599 0.03635578
v 0.06743798 -0.04515275 0.03845105
v 0.05901597 -0.04642420 0.03281817
v 0.05849067 -0.04480497 0.03223305
v 0.05897766 -0.04642420 0.03278951
v 0.05588621 -0.04516647 0.02977573
v 0.05663872 -0.04642420 0.03045975
v 0.05869427 -0.04642420 0.03250723
v 0.05363030 -0.04642420 0.02718147
v 0.05429475 -0.04642420 0.02807167
v 0.05344179 -0.04533328 0.02701959
v 0.05444985 -0.04642420 0.02827947
v 0.05611297 -0.04642420 0.02993606
v 0.05229062 -0.04642420 0.02538662
v 0.05117395 -0.04528525 0.02393373
v 0.05134564 -0.04642420 0.02412057
v 0.04922777 -0.04625181 0.02072892
v 0.04933685 -0.04642420 0.02072979
v 0.05038459 -0.04642420 0.02264064
v 0.05078200 -0.04642420 0.02336543
v 0.04826498 -0.04601959 0.01886644
v 0.04877314 -0.04642420 0.01970170
v 0.04798641 -0.04642420 0.01826688
v 0.04743851 -0.04641929 0.01702913
v 0.04729238 -0.04641798 0.01669900
v 0.04719183 -0.04562510 0.01669812
v 0.04720119 -0.04569890 0.01669820
v 0.04720127 -0.04569958 0.01669820
v 0.04679319 -0.04432285 0.01669846
v 0.04691226 -0.04463033 0.01669819
v 0.04707958 -0.04465229 0.01693794
v 0.04652051 -0.04322356 0.01725930
v 0.04641672 -0.04366520 0.01669880
v 0.04672428 -0.04367862 0.01711967
v 0.04659137 -0.04392152 0.01669872
v 0.04691130 -0.04415406 0.01701130
v 0.04669885 -0.04407925 0.01669868
v 0.04601199 -0.04309891 0.01669896
v 0.04606229 -0.04314505 0.01669894
v 0.04610875 -0.04321323 0.01669892
v 0.04439010 -0.04184698 0.01669904
v 0.04475577 -0.04206237 0.01669921
v 0.04580670 -0.04198310 0.01786964
v 0.04510803 -0.04226985 0.01669938
v 0.04267772 -0.04093667 0.01743218
v 0.04244511 -0.04113430 0.01669900
v 0.04455061 -0.04069942 0.01925170
v 0.04322461 -0.04136265 0.01669900
v 0.04349631 -0.04147188 0.01669900
v 0.04395782 -0.04142299 0.01718002
v 0.04522452 -0.04128546 0.01847501
v 0.04329027 -0.04041621 0.01936297
v 0.04327618 -0.04042818 0.01931855
v 0.04301992 -0.04064591 0.01851081
v 0.04454085 -0.03961927 0.02257724
v 0.04426273 -0.03977159 0.02187826
v 0.04411315 -0.03985350 0.02150234
v 0.04558528 -0.03904729 0.02520209
v 0.04812091 -0.03915812 0.02626266
v 0.04571094 -0.03897847 0.02551790
v 0.04586475 -0.03890850 0.02585267
v 0.04732812 -0.03871671 0.02726130
v 0.04603137 -0.03883270 0.02621531
v 0.04681657 -0.03847549 0.02792432
v 0.04878881 -0.03767617 0.03106976
v 0.04826654 -0.03787890 0.03037377
v 0.04993481 -0.03835248 0.02971444
v 0.04800717 -0.03797957 0.03002814
v 0.04693806 -0.03842022 0.02818875
v 0.05086075 -0.03688890 0.03327303
v 0.05063558 -0.03697437 0.03308586
v 0.05127561 -0.03812481 0.03087109
v 0.04923298 -0.03750377 0.03166166
v 0.04881726 -0.03766513 0.03110768
v 0.05147333 -0.03665639 0.03378223
v 0.05125714 -0.03673845 0.03360252
v 0.05275889 -0.03631550 0.03445855
v 0.05430305 -0.03584040 0.03523545
v 0.05322953 -0.03596033 0.03500410
v 0.05318555 -0.03597960 0.03497877
v 0.05576639 -0.03479239 0.03639795
v 0.05503771 -0.03516806 0.03604590
v 0.05406638 -0.03559366 0.03548627
v 0.06061138 -0.03149387 0.03849396
v 0.06006383 -0.03201368 0.03828177
v 0.06089109 -0.03343955 0.03757490
v 0.05995161 -0.03212022 0.03823828
v 0.05978518 -0.03224407 0.03816971
v 0.05837808 -0.03329122 0.03758999
v 0.05824000 -0.03339397 0.03753310
v 0.05705264 -0.03412152 0.03701559
v 0.06338938 -0.02813153 0.03952037
v 0.06294128 -0.02880796 0.03936255
v 0.06357179 -0.03017343 0.03892645
v 0.06259323 -0.02933337 0.03923997
v 0.06146600 -0.03068256 0.03882513
v 0.06341560 -0.02809195 0.03952960
v 0.06724374 -0.02851321 0.03939048
v 0.06516764 -0.02458020 0.04012537
v 0.06509926 -0.02477879 0.04010101
v 0.06583327 -0.02460550 0.04009740
v 0.06500017 -0.02501213 0.04006802
v 0.06467644 -0.02577445 0.03996024
v 0.06838157 -0.02572061 0.03996271
v 0.06555722 -0.02344875 0.04026414
v 0.06549791 -0.02362100 0.04024301
v 0.06654384 -0.01995163 0.04065143
v 0.06705519 -0.02171062 0.04051265
v 0.06645907 -0.02028258 0.04061643
v 0.06618367 -0.02135774 0.04050270
v 0.06596295 -0.02221946 0.04041156
v 0.06591204 -0.02241822 0.04039054
v 0.06792679 -0.03049406 0.03907844
v 0.07454139 -0.02524904 0.04040491
v 0.07021125 -0.02489819 0.04020652
v 0.07021125 -0.02489819 0.04020652
v 0.07151697 -0.02893331 0.03969515
v 0.07517762 -0.02728685 0.04018030
v 0.08800000 -0.02728074 0.04061421
v 0.08388906 -0.02792635 0.04048160
v 0.08261541 -0.02385217 0.04093302
v 0.08005655 -0.02978190 0.04031735
v 0.06255075 -0.03704409 0.03640267
v 0.06289526 -0.03803088 0.03624108
v 0.06632643 -0.03806951 0.03763639
v 0.06320834 -0.03905591 0.03613817
v 0.06679101 -0.04031616 0.03773232
v 0.06373497 -0.04122706 0.03611821
v 0.06715287 -0.04268777 0.03802003
v 0.07343335 -0.03784925 0.03997039
v 0.07002128 -0.03919328 0.03902107
v 0.06510847 -0.03392760 0.03798386
v 0.06576358 -0.03594246 0.03772403
v 0.07627417 -0.03157647 0.04005953
v 0.08441092 -0.03010330 0.04047053
v 0.08088816 -0.03439387 0.04069133
v 0.08134910 -0.03945677 0.04175741
v 0.07705387 -0.03625159 0.04053044
v 0.07753309 -0.04129226 0.04156239
v 0.08150344 -0.04208085 0.04243262
v 0.08606147 -0.04642420 0.04359954
v 0.04710776 -0.04039547 0.02179734
v 0.04584984 -0.04052232 0.02048595
v 0.05259163 -0.04144684 0.02692111
v 0.05237978 -0.04100162 0.02707585
v 0.05004959 -0.04102944 0.02410639
v 0.04978656 -0.04064649 0.02435671
v 0.04890281 -0.04102108 0.02258748
v 0.04862294 -0.04065860 0.02286921
v 0.04743189 -0.04070410 0.02143296
v 0.05160149 -0.03983961 0.02780658
v 0.05188270 -0.04020045 0.02752233
v 0.05312094 -0.04009754 0.02887047
v 0.04937021 -0.04185836 0.02219641
v 0.04915279 -0.04141991 0.02236154
v 0.04823767 -0.04183266 0.02065089
v 0.04799923 -0.04141979 0.02085529
v 0.04704594 -0.04187899 0.01921592
v 0.04678689 -0.04149118 0.01945877
v 0.04552779 -0.04161946 0.01814958
v 0.04428308 -0.04173025 0.01681353
v 0.04430552 -0.04179717 0.01669900
v 0.04748272 -0.04275352 0.01888203
v 0.04727736 -0.04230040 0.01902464
v 0.04862274 -0.04277011 0.02041357
v 0.04844503 -0.04228335 0.02050455
v 0.04808128 -0.04483716 0.01872776
v 0.04796163 -0.04427977 0.01871033
v 0.04818252 -0.04541695 0.01877956
v 0.04908918 -0.04501449 0.02050601
v 0.04955532 -0.04233612 0.02209161
v 0.04971057 -0.04285020 0.02204257
v 0.04877294 -0.04329034 0.02037396
v 0.04766392 -0.04323603 0.01878453
v 0.04709223 -0.04322978 0.01802190
v 0.04727277 -0.04371310 0.01792562
v 0.04782296 -0.04374551 0.01872842
v 0.04889841 -0.04384065 0.02038052
v 0.04994575 -0.04397000 0.02208512
v 0.05080105 -0.04292707 0.02366663
v 0.05065785 -0.04239832 0.02369316
v 0.05101803 -0.04406901 0.02374316
v 0.05256841 -0.03936383 0.02942049
v 0.05130089 -0.03950236 0.02812702
v 0.05359574 -0.04092582 0.02846559
v 0.05214277 -0.04058700 0.02727755
v 0.05522547 -0.04175256 0.02956442
v 0.05485374 -0.04079889 0.02977685
v 0.05571857 -0.03974434 0.03134053
v 0.05660846 -0.03865932 0.03285743
v 0.05707639 -0.03949596 0.03246538
v 0.05803594 -0.03832619 0.03385222
v 0.05847286 -0.03920056 0.03351808
v 0.05950264 -0.03794534 0.03477376
v 0.05990813 -0.03885794 0.03449831
v 0.06100678 -0.03751893 0.03562539
v 0.05615210 -0.04062283 0.03101272
v 0.05783276 -0.04138761 0.03201645
v 0.06084993 -0.04192992 0.03418481
v 0.05810897 -0.04245750 0.03198239
v 0.05551111 -0.04281097 0.02951275
v 0.06437159 -0.03201223 0.03839640
v 0.06177315 -0.03517827 0.03689125
v 0.05703287 -0.03673468 0.03476182
v 0.05553046 -0.03715898 0.03390696
v 0.05407104 -0.03753096 0.03297180
v 0.05265332 -0.03785223 0.03195882
v 0.05125442 -0.03673948 0.03360026
v 0.06015707 -0.03574085 0.03624863
v 0.05905755 -0.03708092 0.03512317
v 0.05755427 -0.03750627 0.03426992
v 0.05609103 -0.03788291 0.03334192
v 0.05466973 -0.03820853 0.03233560
v 0.05328975 -0.03848387 0.03125212
v 0.05195001 -0.03871026 0.03009351
v 0.05064787 -0.03889091 0.02886469
v 0.06094301 -0.03117905 0.03862247
v 0.02980981 -0.04174724 0.02086702
v 0.02980967 -0.04163903 0.02177343
v 0.02118341 -0.04348665 0.02148662
v 0.02980926 -0.04002506 0.03166386
v 0.02981031 -0.03901134 0.03638218
v 0.02712249 -0.03958086 0.03602016
v 0.02152691 -0.04272702 0.02624172
v 0.02980904 -0.04064302 0.02845427
v 0.02202606 -0.04168695 0.03097468
v 0.02980894 -0.04033814 0.03020663
v 0.02980947 -0.04147383 0.02315707
v 0.02980923 -0.04127527 0.02482021
v 0.02980913 -0.04093801 0.02675868
v 0.02107177 -0.04384949 0.01669900
v 0.02479007 -0.04305895 0.01669900
v 0.02890205 -0.04218472 0.01669900
v 0.02981021 -0.04198668 0.01669900
v 0.02981019 -0.04197130 0.01696661
v 0.02256488 -0.04054655 0.03540629
v 0.01903081 -0.04129538 0.03493029
v 0.02056623 -0.04395697 0.01669900
v 0.01230696 -0.04565434 0.02119342
v 0.02061621 -0.04394635 0.01669900
v 0.01231848 -0.04260562 0.03402624
v -0.00395812 0.04879020 0.01400107
v -0.00408616 0.04882247 0.01291378
v -0.00993551 0.04688970 0.01269688
v -0.01488234 0.04543264 0.00379900
v -0.01634387 0.04490422 0.00379900
v -0.01631312 0.04481954 0.00809947
v -0.00467292 0.04917873 -0.00000115
v -0.00473820 0.04912778 0.00093304
v -0.00465968 0.04915342 0.00092918
v -0.00480780 0.04907346 0.00192907
v -0.00458027 0.04900167 0.00650699
v -0.00484137 0.04904726 0.00240947
v -0.00488244 0.04902328 0.00270617
v -0.00491799 0.04900251 0.00296303
v -0.00498553 0.04897244 0.00314416
v -0.00502489 0.04895491 0.00324975
v -0.00512192 0.04891534 0.00339378
v -0.00516346 0.04889839 0.00345544
v -0.00530242 0.04884427 0.00358169
v -0.00531143 0.04884087 0.00358670
v -0.00543049 0.04879589 0.00365284
v -0.00548116 0.04877675 0.00368098
v -0.00577773 0.04866736 0.00376924
v -0.00446274 0.04894542 0.00858190
v -0.00569261 0.04869871 0.00374535
v -0.00549949 0.04876983 0.00369117
v -0.00624829 0.04849784 0.00379900
v -0.00990419 0.04705988 0.00836137
v -0.00433897 0.04888618 0.01076691
v -0.00427416 0.04886985 0.01131726
v -0.00344592 0.04870201 0.01649723
v -0.00390152 0.04878046 0.01427692
v -0.01628200 0.04473386 0.01245083
v 0.01235631 -0.04621114 0.01028771
v -0.02277139 0.04201826 0.00379900
v -0.02192446 0.04246530 0.00379900
v -0.02020463 0.04330813 0.00379900
v -0.01933242 0.04370357 0.00379900
v -0.01845246 0.04408149 0.00379900
v -0.01667077 0.04478416 0.00379900
v -0.02994436 0.03726026 0.00379900
v -0.02842629 0.03842800 0.00379900
v -0.02360921 0.04155437 0.00379900
v -0.02525618 0.04057678 0.00379900
v -0.02686273 0.03953410 0.00379900
v -0.03141451 0.03603273 0.00379900
v -0.03283439 0.03474737 0.00379900
v -0.03420173 0.03340627 0.00379900
v -0.03551433 0.03201155 0.00379900
v -0.04212949 0.02264785 0.00379900
v -0.04300546 0.02094466 0.00379900
v -0.04381261 0.01920780 0.00379900
v -0.03677010 0.03056545 0.00379900
v -0.03796703 0.02907027 0.00379900
v -0.03910320 0.02752842 0.00379900
v -0.04017679 0.02594237 0.00379900
v -0.04118610 0.02431464 0.00379900
v -0.04454965 0.01744005 0.00379900
v -0.04521540 0.01564423 0.00379900
v -0.04580879 0.01382322 0.00379900
v -0.04632887 0.01197994 0.00379900
v -0.04766128 0.00444348 0.00379900
v -0.04782007 -0.00243166 0.00379900
v -0.04750613 -0.00319143 0.01669900
v -0.04785172 -0.00165370 0.00379900
v -0.04787704 -0.00009676 0.00379900
v -0.04779951 -0.00282042 0.00379900
v -0.04777578 -0.00320900 0.00379900
v -0.04737418 -0.00701761 0.00379900
v -0.04666945 -0.01078195 0.00379900
v -0.04566611 -0.01447791 0.00379900
v -0.04437057 -0.01808186 0.00379900
v -0.04279112 -0.02157072 0.00379900
v -0.04093787 -0.02492219 0.00379900
v -0.03645907 -0.03112815 0.00379900
v -0.03104863 -0.03654115 0.00379900
v -0.02484479 -0.04102288 0.00379900
v -0.01800609 -0.04445881 0.00379900
v -0.01070727 -0.04676115 0.00379900
v -0.00313484 -0.04787106 0.00379900
v 0.00451769 -0.04776018 0.00379900
v 0.01239149 -0.04634243 0.00379900
v 0.01205478 -0.04643134 0.00379900
v 0.00831283 -0.04724660 0.00379900
v 0.02064921 -0.04406813 0.01028772
v 0.02479747 -0.04308364 0.01028773
v 0.02481534 -0.04315633 0.00379900
v 0.02570592 -0.04293740 0.00379900
v 0.02845374 -0.04228723 0.01028774
v 0.02844997 -0.04228809 0.01023387
v 0.02800899 -0.04239188 0.00379900
v 0.01579145 -0.04544512 0.00379900
v 0.01919716 -0.04457507 0.00379900
v 0.02068402 -0.04419683 0.00379900
v 0.02359243 -0.04345695 0.00379900
v 0.02889839 -0.03962725 0.01664665
v 0.02890205 -0.03962530 0.01669900
v 0.02890205 -0.04218472 0.01669900
v 0.02800899 -0.04239188 0.00379900
v 0.02800000 -0.04009668 0.00379900
v 0.02844997 -0.04228809 0.01023387
v 0.02845374 -0.04228723 0.01028774
v 0.02854395 -0.03846188 0.01651046
v 0.02890205 -0.03962530 0.01669900
v 0.02838725 -0.03856451 0.01426218
v 0.02889839 -0.03962725 0.01664665
v 0.02808776 -0.03871904 0.01024831
v 0.02800000 -0.04009668 0.00379900
v 0.02760656 -0.03896733 0.00379900
v 0.02890205 -0.03962530 0.01669900
v 0.02854395 -0.03846188 0.01651046
v 0.02885897 -0.03896295 0.01659683
v 0.02892497 -0.03906794 0.01661492
v 0.02904005 -0.03934716 0.01666122
v 0.02911180 -0.03957963 0.01669900
v -0.00429143 0.04815396 0.00354690
v -0.00428659 0.04810702 0.00357525
v -0.00448214 0.04810795 0.00358331
v -0.00488244 0.04902328 0.00270617
v -0.00484137 0.04904726 0.00240947
v -0.00485622 0.04894546 0.00271685
v -0.00482681 0.04895512 0.00242168
v -0.00491859 0.04892866 0.00301044
v -0.00491799 0.04900251 0.00296303
v -0.00496802 0.04891534 0.00315044
v -0.00498553 0.04897244 0.00314416
v -0.00503123 0.04889831 0.00328106
v -0.00502489 0.04895491 0.00324975
v -0.00510872 0.04887744 0.00339894
v -0.00512192 0.04891534 0.00339378
v -0.00516346 0.04889839 0.00345544
v -0.00520066 0.04885267 0.00350159
v -0.00530242 0.04884427 0.00358169
v -0.00530698 0.04882402 0.00358801
v -0.00531143 0.04884087 0.00358670
v -0.00542801 0.04878900 0.00365307
v -0.00543049 0.04879589 0.00365284
v -0.00569261 0.04869871 0.00374535
v -0.00549949 0.04876983 0.00369117
v -0.00535159 0.04858173 0.00365938
v -0.00548116 0.04877675 0.00368098
v -0.00560022 0.04845732 0.00375259
v -0.00577773 0.04866736 0.00376924
v -0.00526448 0.04802358 0.00375267
v -0.00478768 0.04775847 0.00375178
v -0.00487622 0.04755210 0.00378169
v -0.00423135 0.04761598 0.00376711
v -0.00454713 0.04758692 0.00377301
v -0.00451798 0.04770237 0.00375102
v -0.00482111 0.04884580 0.00272438
v -0.00479151 0.04886008 0.00242963
v -0.00477426 0.04883354 0.00243038
v -0.00476636 0.04875688 0.00272749
v -0.00482622 0.04895351 0.00242181
v -0.00481984 0.04893625 0.00242326
v -0.00479194 0.04886073 0.00242961
v -0.00481981 0.04871736 0.00301856
v -0.00474118 0.04863433 0.00301753
v -0.00486110 0.04868600 0.00315721
v -0.00477604 0.04859603 0.00315634
v -0.00491335 0.04864588 0.00328654
v -0.00481976 0.04854683 0.00328582
v -0.00497695 0.04859665 0.00340321
v -0.00487263 0.04848626 0.00340263
v -0.00505203 0.04853819 0.00350480
v -0.00488031 0.04881669 0.00301619
v -0.00492661 0.04879374 0.00315524
v -0.00498552 0.04876447 0.00328494
v -0.00505748 0.04872863 0.00340196
v -0.00514265 0.04868614 0.00350387
v -0.00524099 0.04863702 0.00358966
v -0.00429679 0.04821580 0.00348562
v -0.00428042 0.04804729 0.00361131
v -0.00427144 0.04796038 0.00366378
v -0.00449399 0.04798355 0.00365499
v -0.00425683 0.04783488 0.00370143
v -0.00424104 0.04769926 0.00374212
v -0.00470833 0.04802714 0.00365713
v -0.00429763 0.04822548 0.00347603
v -0.00447062 0.04821794 0.00349520
v -0.00467209 0.04814605 0.00358642
v -0.00490829 0.04811263 0.00365870
v -0.00431112 0.04853647 0.00285703
v -0.00431139 0.04853546 0.00286616
v -0.00437114 0.04850271 0.00298937
v -0.00430597 0.04855603 0.00267932
v -0.00431175 0.04842849 0.00319489
v -0.00437974 0.04838926 0.00326652
v -0.00431163 0.04846332 0.00308787
v -0.00431151 0.04849843 0.00297997
v -0.00430942 0.04838915 0.00325885
v -0.00430795 0.04836431 0.00329921
v -0.00430492 0.04831303 0.00338258
v -0.00430429 0.04830247 0.00339975
v -0.00445949 0.04831250 0.00339065
v -0.00444882 0.04839158 0.00327067
v -0.00442917 0.04850455 0.00299544
v -0.00463909 0.04825124 0.00349946
v -0.00484903 0.04822136 0.00358869
v -0.00508583 0.04823629 0.00365961
v -0.00545378 0.04822251 0.00375275
v -0.00451699 0.04840105 0.00327443
v -0.00448646 0.04851237 0.00300093
v -0.00441233 0.04856410 0.00269705
v -0.00435999 0.04856215 0.00268906
v -0.00466820 0.04870654 0.00242971
v -0.00464274 0.04868264 0.00242858
v -0.00461035 0.04862375 0.00272043
v -0.00462189 0.04867092 0.00242652
v -0.00453927 0.04862448 0.00241837
v -0.00449558 0.04861243 0.00241207
v -0.00451477 0.04858385 0.00271061
v -0.00454251 0.04852606 0.00300575
v -0.00459654 0.04854534 0.00300985
v -0.00458365 0.04841751 0.00327773
v -0.00464787 0.04844061 0.00328055
v -0.00464788 0.04856996 0.00301320
v -0.00442220 0.04859220 0.00240151
v -0.00474907 0.04840052 0.00340028
v -0.00476630 0.04850552 0.00328461
v -0.00470888 0.04847003 0.00328285
v -0.00469620 0.04859970 0.00301576
v -0.00460959 0.04834174 0.00339623
v -0.00479581 0.04831763 0.00350256
v -0.00493472 0.04841417 0.00350436
v -0.00500601 0.04833059 0.00359001
v -0.00513853 0.04847052 0.00359034
v -0.00523569 0.04839427 0.00365984
v -0.00469511 0.04868206 0.00272612
v -0.00472842 0.04876305 0.00243238
v -0.00429724 0.04858926 0.00237750
v -0.00441160 0.04859195 0.00239947
v 0.00161659 0.04870302 0.00283109
v 0.00160531 0.04869814 0.00285364
v -0.00128766 0.04871090 0.00285746
v -0.00127984 0.04822361 0.00361690
v -0.00004433 0.04807451 0.00365897
v -0.00127242 0.04800992 0.00371212
v -0.00024502 0.04800133 0.00368883
v -0.00080685 0.04779645 0.00377241
v 0.00086831 0.04840888 0.00348613
v 0.00074523 0.04836244 0.00354150
v -0.00128514 0.04840356 0.00348056
v 0.00073605 0.04835909 0.00354287
v 0.00034325 0.04821585 0.00360131
v 0.00110019 0.04849640 0.00338179
v -0.00128810 0.04854429 0.00330308
v 0.00111934 0.04850362 0.00337318
v 0.00142123 0.04862141 0.00313660
v 0.00138182 0.04860549 0.00318264
v -0.00128883 0.04864591 0.00309096
v 0.00126716 0.04856100 0.00326587
v 0.00121795 0.04854189 0.00330160
v 0.00154313 0.04867122 0.00297792
v 0.00152352 0.04866273 0.00301711
v 0.00146234 0.04863802 0.00308857
v 0.00170018 0.04874905 0.00237753
v 0.00168575 0.04873830 0.00253786
v -0.00128172 0.04874342 0.00237751
v 0.00167407 0.04873234 0.00258738
v 0.00162580 0.04870772 0.00279205
v -0.00187944 0.04874230 0.00237751
v -0.00233696 0.04774620 0.00376711
v -0.00126376 0.04778144 0.00377083
v -0.00430942 0.04838915 0.00325885
v -0.00430795 0.04836431 0.00329921
v -0.00427144 0.04796038 0.00366378
v -0.00428659 0.04810702 0.00357525
v -0.00430429 0.04830247 0.00339975
v 0.00073605 0.04835909 0.00354287
v 0.00090996 0.04779375 0.00358643
v 0.00034325 0.04821585 0.00360131
v 0.00074154 0.04779750 0.00363963
v -0.00004433 0.04807451 0.00365897
v 0.00005000 0.04779703 0.00369894
v -0.00024502 0.04800133 0.00368883
v -0.00037842 0.04779674 0.00373567
v -0.00080685 0.04779645 0.00377241
v 0.00074523 0.04836244 0.00354150
v 0.00086831 0.04840888 0.00348613
v 0.00132060 0.04778461 0.00345669
v 0.00110019 0.04849640 0.00338179
v 0.00139044 0.04778306 0.00343463
v 0.00111934 0.04850362 0.00337318
v 0.00147038 0.04778067 0.00339423
v 0.00121795 0.04854189 0.00330160
v 0.00151254 0.04777926 0.00336486
v 0.00126716 0.04856100 0.00326587
v 0.00168410 0.04777354 0.00324539
v 0.00138182 0.04860549 0.00318264
v 0.00142123 0.04862141 0.00313660
v 0.00172360 0.04777222 0.00321788
v 0.00146234 0.04863802 0.00308857
v 0.00179320 0.04776966 0.00314509
v 0.00182149 0.04776857 0.00310142
v 0.00152352 0.04866273 0.00301711
v 0.00154313 0.04867122 0.00297792
v 0.00189419 0.04776578 0.00298921
v 0.00160531 0.04869814 0.00285364
v 0.00191691 0.04776486 0.00292895
v 0.00170018 0.04874905 0.00237753
v 0.00200411 0.04776130 0.00253759
v 0.00168575 0.04873830 0.00253786
v 0.00197087 0.04776267 0.00273650
v 0.00167407 0.04873234 0.00258738
v 0.00195608 0.04776328 0.00282504
v 0.00162580 0.04870772 0.00279205
v 0.00161659 0.04870302 0.00283109
v 0.13096981 -0.04642420 -0.00776496
v 0.13058170 -0.04642420 -0.00998845
v 0.12996551 -0.04302993 -0.00984392
v 0.13158741 -0.04642420 -0.00260124
v 0.13144741 -0.04642420 -0.00502804
v 0.13081870 -0.04302993 -0.00495529
v 0.10890361 -0.00509676 -0.04022957
v 0.11103010 -0.00509676 -0.03894470
v 0.11107970 -0.00613592 -0.03902656
v 0.12166650 -0.00509676 -0.03026545
v 0.12292451 -0.00509676 -0.02893036
v 0.12293461 -0.00613592 -0.02890144
v 0.13014690 -0.00509676 -0.01649120
v 0.13056681 -0.00509676 -0.01532597
v 0.13065900 -0.00613592 -0.01535918
v 0.13306490 -0.00509676 0.00494399
v 0.13304940 -0.00509676 0.00521140
v 0.13303901 -0.00613592 0.00521019
v 0.12952700 -0.00509676 0.01803795
v 0.12862050 -0.00509676 0.02016320
v 0.12861100 -0.00613592 0.02015851
v 0.12639091 -0.00509676 0.02407216
v 0.12603371 -0.00509676 0.02469838
v 0.12602481 -0.00613592 0.02469263
v 0.10644121 -0.00613592 0.04141863
v 0.09649578 -0.00613592 0.04453535
v 0.09132058 -0.00613592 0.04521667
v 0.09105697 -0.03782780 0.04162699
v 0.09115690 -0.04302993 0.04298761
v 0.09099961 -0.03412281 0.04084574
v 0.09097258 -0.03076470 0.04047782
v 0.09097459 -0.02728074 0.04050514
v 0.09100773 -0.02384045 0.04095640
v 0.09106784 -0.02048428 0.04177497
v 0.09118341 -0.01573385 0.04334862
v 0.09125683 -0.01254694 0.04434852
v 0.09130027 -0.00970490 0.04493993
v 0.08800000 -0.00819339 0.04517847
v 0.09132058 -0.00613592 -0.04521867
v 0.08800000 -0.00613592 -0.04534043
v 0.08800000 -0.00509676 -0.04535100
v 0.08800000 -0.00627209 -0.04532984
v 0.09130027 -0.00970490 -0.04494194
v 0.08800000 -0.00917964 -0.04510379
v 0.09125683 -0.01254694 -0.04435052
v 0.08800000 -0.01232666 -0.04451590
v 0.08800000 -0.00970490 -0.04506295
v 0.08800000 -0.01573385 -0.04346735
v 0.09118341 -0.01573385 -0.04335062
v 0.08800000 -0.01341485 -0.04419690
v 0.08800000 -0.01254694 -0.04446994
v 0.09106784 -0.02048428 -0.04177697
v 0.09100773 -0.02384045 -0.04095840
v 0.09097459 -0.02728074 -0.04050714
v 0.09097258 -0.03076470 -0.04047982
v 0.09099961 -0.03412281 -0.04084774
v 0.09105697 -0.03782780 -0.04162899
v 0.09115690 -0.04302993 -0.04298961
v 0.09120324 -0.04642420 -0.04362083
v 0.10155830 -0.00613592 0.04326372
v 0.11541221 -0.00613592 0.03611322
v 0.11938141 -0.00613592 0.03272320
v 0.11938871 -0.00509676 0.03273082
v 0.12293461 -0.00613592 0.02889944
v 0.12294281 -0.00509676 0.02890618
v 0.12235241 -0.00509676 0.02954150
v 0.13066891 -0.00509676 0.01536076
v 0.13214150 -0.00613592 0.01035230
v 0.13215180 -0.00509676 0.01035471
v 0.13177671 -0.00509676 0.01162093
v 0.13298920 -0.00509676 -0.00520922
v 0.13328831 -0.00509676 -0.00089113
v 0.13333941 -0.00613592 -0.00000100
v 0.13335001 -0.00509676 -0.00000100
v 0.13205730 -0.00509676 -0.01033681
v 0.13291671 -0.00509676 -0.00625508
v 0.13303901 -0.00613592 -0.00521219
v 0.13293270 -0.00509676 -0.00602432
v 0.13162511 -0.00509676 -0.01238924
v 0.13214150 -0.00613592 -0.01035430
v 0.13184531 -0.00509676 -0.01134385
v 0.12949900 -0.00509676 -0.01828909
v 0.12786161 -0.00509676 -0.02140188
v 0.12853560 -0.00509676 -0.02012053
v 0.12861100 -0.00613592 -0.02016051
v 0.12502031 -0.00509676 -0.02601076
v 0.12602481 -0.00613592 -0.02469463
v 0.12598571 -0.00509676 -0.02466590
v 0.12658040 -0.00509676 -0.02383747
v 0.11536571 -0.00509676 -0.03605854
v 0.11781121 -0.00509676 -0.03407247
v 0.11938141 -0.00613592 -0.03272520
v 0.11895291 -0.00509676 -0.03314526
v 0.11936371 -0.00509676 -0.03270927
v 0.11541221 -0.00613592 -0.03611521
v 0.11408401 -0.00509676 -0.03709947
v 0.11355211 -0.00509676 -0.03742084
v 0.10871500 -0.00509676 -0.04034352
v 0.10644121 -0.00613592 -0.04142063
v 0.10640451 -0.00509676 -0.04133467
v 0.09873977 -0.00509676 -0.04396698
v 0.10154091 -0.00509676 -0.04320042
v 0.10155830 -0.00613592 -0.04326572
v 0.10296141 -0.00509676 -0.04281166
v 0.10392401 -0.00509676 -0.04239876
v 0.09340612 -0.00509676 -0.04492056
v 0.09649437 -0.00509676 -0.04452157
v 0.09649578 -0.00613592 -0.04453734
v 0.09690893 -0.00509676 -0.04446801
v 0.09069349 -0.00509676 -0.04527101
v 0.09131636 -0.00509676 -0.04519054
v 0.09644378 -0.00970490 0.04426278
v 0.10147541 -0.00970490 0.04299893
v 0.09633265 -0.01254694 0.04368027
v 0.10129800 -0.01254694 0.04243305
v 0.09614480 -0.01573385 0.04269544
v 0.10099820 -0.01573385 0.04147634
v 0.09584913 -0.02048428 0.04114550
v 0.10052640 -0.02048428 0.03997066
v 0.09569532 -0.02384045 0.04033927
v 0.10028090 -0.02384045 0.03918745
v 0.09561053 -0.02728074 0.03989480
v 0.10014560 -0.02728074 0.03875567
v 0.09560540 -0.03076470 0.03986789
v 0.10013740 -0.03076470 0.03872953
v 0.09567453 -0.03412281 0.04023027
v 0.10024771 -0.03412281 0.03908156
v 0.09582132 -0.03782780 0.04099975
v 0.10048201 -0.03782780 0.03982907
v 0.09607695 -0.04302993 0.04233987
v 0.10089000 -0.04302993 0.04113093
v 0.11107970 -0.00613592 0.03902456
v 0.10632831 -0.00970490 0.04116514
v 0.11093841 -0.00970490 0.03878571
v 0.10608720 -0.01254694 0.04062340
v 0.11063650 -0.01254694 0.03827529
v 0.10567940 -0.01573385 0.03970749
v 0.11012620 -0.01573385 0.03741231
v 0.10503760 -0.02048428 0.03826601
v 0.10932300 -0.02048428 0.03605416
v 0.10470370 -0.02384045 0.03751620
v 0.10890520 -0.02384045 0.03534769
v 0.10451970 -0.02728074 0.03710284
v 0.10867480 -0.02728074 0.03495822
v 0.10450860 -0.03076470 0.03707781
v 0.10866090 -0.03076470 0.03493463
v 0.10465860 -0.03412281 0.03741483
v 0.10884871 -0.03412281 0.03525217
v 0.10497721 -0.03782780 0.03813047
v 0.10924740 -0.03782780 0.03592644
v 0.10553210 -0.04302993 0.03937680
v 0.10994191 -0.04302993 0.03710074
v 0.11524441 -0.00970490 0.03589219
v 0.11918931 -0.00970490 0.03252292
v 0.11488591 -0.01254694 0.03541984
v 0.11877891 -0.01254694 0.03209491
v 0.11427971 -0.01573385 0.03462125
v 0.11808491 -0.01573385 0.03137129
v 0.11332570 -0.02048428 0.03336441
v 0.11699280 -0.02048428 0.03023243
v 0.11282950 -0.02384045 0.03271064
v 0.11642470 -0.02384045 0.02964002
v 0.11255591 -0.02728074 0.03235023
v 0.11611151 -0.02728074 0.02931345
v 0.11253940 -0.03076470 0.03232841
v 0.11609260 -0.03076470 0.02929367
v 0.11276240 -0.03412281 0.03262226
v 0.11634791 -0.03412281 0.02955994
v 0.11323601 -0.03782780 0.03324623
v 0.11689010 -0.03782780 0.03012534
v 0.11406090 -0.04302993 0.03433292
v 0.11783440 -0.04302993 0.03111002
v 0.12272081 -0.00970490 0.02872257
v 0.12579210 -0.00970490 0.02454150
v 0.12226391 -0.01254694 0.02834457
v 0.12529481 -0.01254694 0.02421852
v 0.12149141 -0.01573385 0.02770549
v 0.12445401 -0.01573385 0.02367247
v 0.12027560 -0.02048428 0.02669971
v 0.12313061 -0.02048428 0.02281309
v 0.11964321 -0.02384045 0.02617653
v 0.12244230 -0.02384045 0.02236607
v 0.11929461 -0.02728074 0.02588811
v 0.12206280 -0.02728074 0.02211963
v 0.11927341 -0.03076470 0.02587065
v 0.12203981 -0.03076470 0.02210471
v 0.11955771 -0.03412281 0.02610580
v 0.12234920 -0.03412281 0.02230563
v 0.12016131 -0.03782780 0.02660513
v 0.12300621 -0.03782780 0.02273228
v 0.12121251 -0.04302993 0.02747476
v 0.12415040 -0.04302993 0.02347532
v 0.13065900 -0.00613592 0.01535719
v 0.12836251 -0.00970490 0.02003513
v 0.13039791 -0.00970490 0.01526319
v 0.12783140 -0.01254694 0.01977146
v 0.12984000 -0.01254694 0.01506232
v 0.12693330 -0.01573385 0.01932567
v 0.12889661 -0.01573385 0.01472270
v 0.12552000 -0.02048428 0.01862409
v 0.12741211 -0.02048428 0.01418821
v 0.12478480 -0.02384045 0.01825914
v 0.12663981 -0.02384045 0.01391018
v 0.12437951 -0.02728074 0.01805795
v 0.12621411 -0.02728074 0.01375691
v 0.12435501 -0.03076470 0.01804577
v 0.12618831 -0.03076470 0.01374763
v 0.12468541 -0.03412281 0.01820980
v 0.12653541 -0.03412281 0.01387260
v 0.12538711 -0.03782780 0.01855811
v 0.12727241 -0.03782780 0.01413795
v 0.12660911 -0.04302993 0.01916472
v 0.12855611 -0.04302993 0.01460009
v 0.13187141 -0.00970490 0.01028894
v 0.13276331 -0.00970490 0.00517829
v 0.13129401 -0.01254694 0.01015352
v 0.13217420 -0.01254694 0.00511013
v 0.13031791 -0.01573385 0.00992458
v 0.13117831 -0.01573385 0.00499490
v 0.12878170 -0.02048428 0.00956427
v 0.12961091 -0.02048428 0.00481354
v 0.12798260 -0.02384045 0.00937684
v 0.12879551 -0.02384045 0.00471920
v 0.12754211 -0.02728074 0.00927352
v 0.12834600 -0.02728074 0.00466720
v 0.12751541 -0.03076470 0.00926726
v 0.12831881 -0.03076470 0.00466405
v 0.12787461 -0.03412281 0.00935151
v 0.12868531 -0.03412281 0.00470645
v 0.12863730 -0.03782780 0.00953039
v 0.12946351 -0.03782780 0.00479649
v 0.12996551 -0.04302993 0.00984192
v 0.13081870 -0.04302993 0.00495329
v 0.13039791 -0.00970490 -0.01526519
v 0.12836251 -0.00970490 -0.02003713
v 0.12984000 -0.01254694 -0.01506432
v 0.12783140 -0.01254694 -0.01977346
v 0.12889661 -0.01573385 -0.01472470
v 0.12693330 -0.01573385 -0.01932767
v 0.12741211 -0.02048428 -0.01419021
v 0.12552000 -0.02048428 -0.01862609
v 0.12663981 -0.02384045 -0.01391218
v 0.12478480 -0.02384045 -0.01826114
v 0.12621411 -0.02728074 -0.01375891
v 0.12437951 -0.02728074 -0.01805995
v 0.12618831 -0.03076470 -0.01374963
v 0.12435501 -0.03076470 -0.01804777
v 0.12653541 -0.03412281 -0.01387460
v 0.12468541 -0.03412281 -0.01821180
v 0.12727241 -0.03782780 -0.01413995
v 0.12538711 -0.03782780 -0.01856011
v 0.12855611 -0.04302993 -0.01460208
v 0.12660911 -0.04302993 -0.01916672
v 0.12579210 -0.00970490 -0.02454350
v 0.12272081 -0.00970490 -0.02872457
v 0.12529481 -0.01254694 -0.02422052
v 0.12226391 -0.01254694 -0.02834657
v 0.12445401 -0.01573385 -0.02367447
v 0.12149141 -0.01573385 -0.02770750
v 0.12313061 -0.02048428 -0.02281509
v 0.12027560 -0.02048428 -0.02670171
v 0.12244230 -0.02384045 -0.02236807
v 0.11964321 -0.02384045 -0.02617853
v 0.12206280 -0.02728074 -0.02212163
v 0.11929461 -0.02728074 -0.02589011
v 0.12203981 -0.03076470 -0.02210671
v 0.11927341 -0.03076470 -0.02587265
v 0.12234920 -0.03412281 -0.02230763
v 0.11955771 -0.03412281 -0.02610780
v 0.12300621 -0.03782780 -0.02273428
v 0.12016131 -0.03782780 -0.02660713
v 0.12415040 -0.04302993 -0.02347732
v 0.12121251 -0.04302993 -0.02747676
v 0.11918931 -0.00970490 -0.03252492
v 0.11524441 -0.00970490 -0.03589419
v 0.11877891 -0.01254694 -0.03209692
v 0.11488591 -0.01254694 -0.03542184
v 0.11808491 -0.01573385 -0.03137329
v 0.11427971 -0.01573385 -0.03462325
v 0.11699280 -0.02048428 -0.03023443
v 0.11332570 -0.02048428 -0.03336642
v 0.11642470 -0.02384045 -0.02964203
v 0.11282950 -0.02384045 -0.03271264
v 0.11611151 -0.02728074 -0.02931545
v 0.11255591 -0.02728074 -0.03235223
v 0.11609260 -0.03076470 -0.02929567
v 0.11253940 -0.03076470 -0.03233041
v 0.11634791 -0.03412281 -0.02956194
v 0.11276240 -0.03412281 -0.03262426
v 0.11689010 -0.03782780 -0.03012733
v 0.11323601 -0.03782780 -0.03324822
v 0.11783440 -0.04302993 -0.03111202
v 0.11406090 -0.04302993 -0.03433492
v 0.11093841 -0.00970490 -0.03878771
v 0.10632831 -0.00970490 -0.04116714
v 0.11063650 -0.01254694 -0.03827729
v 0.10608720 -0.01254694 -0.04062540
v 0.11012620 -0.01573385 -0.03741431
v 0.10567940 -0.01573385 -0.03970949
v 0.10932300 -0.02048428 -0.03605616
v 0.10503760 -0.02048428 -0.03826801
v 0.10890520 -0.02384045 -0.03534968
v 0.10470370 -0.02384045 -0.03751820
v 0.10867480 -0.02728074 -0.03496022
v 0.10451970 -0.02728074 -0.03710484
v 0.10866090 -0.03076470 -0.03493664
v 0.10450860 -0.03076470 -0.03707981
v 0.10884871 -0.03412281 -0.03525418
v 0.10465860 -0.03412281 -0.03741683
v 0.10924740 -0.03782780 -0.03592845
v 0.10497721 -0.03782780 -0.03813246
v 0.10994191 -0.04302993 -0.03710274
v 0.10553210 -0.04302993 -0.03937880
v 0.10147541 -0.00970490 -0.04300093
v 0.09644378 -0.00970490 -0.04426478
v 0.10129800 -0.01254694 -0.04243506
v 0.09633265 -0.01254694 -0.04368228
v 0.10099820 -0.01573385 -0.04147835
v 0.09614480 -0.01573385 -0.04269744
v 0.10052640 -0.02048428 -0.03997266
v 0.09584913 -0.02048428 -0.04114750
v 0.10028090 -0.02384045 -0.03918944
v 0.09569532 -0.02384045 -0.04034127
v 0.10014560 -0.02728074 -0.03875767
v 0.09561053 -0.02728074 -0.03989680
v 0.10013740 -0.03076470 -0.03873153
v 0.09560540 -0.03076470 -0.03986989
v 0.10024771 -0.03412281 -0.03908356
v 0.09567453 -0.03412281 -0.04023227
v 0.10048201 -0.03782780 -0.03983107
v 0.09582132 -0.03782780 -0.04100175
v 0.10089000 -0.04302993 -0.04113293
v 0.09607695 -0.04302993 -0.04234187
v 0.09154724 -0.04642420 0.04357354
v 0.09120324 -0.04642420 0.04361883
v 0.09619555 -0.04642420 0.04296158
v 0.09670038 -0.04642420 0.04283478
v 0.10107921 -0.04642420 0.04173488
v 0.10172851 -0.04642420 0.04148955
v 0.10578960 -0.04642420 0.03995500
v 0.10656061 -0.04642420 0.03955705
v 0.11026410 -0.04642420 0.03764552
v 0.11112841 -0.04642420 0.03706476
v 0.11444350 -0.04642420 0.03483705
v 0.11536741 -0.04642420 0.03404803
v 0.11827250 -0.04642420 0.03156683
v 0.11921770 -0.04642420 0.03054965
v 0.12170021 -0.04642420 0.02787820
v 0.12262501 -0.04642420 0.02661913
v 0.12468120 -0.04642420 0.02382003
v 0.12554130 -0.04642420 0.02231213
v 0.12717601 -0.04642420 0.01944614
v 0.12792521 -0.04642420 0.01768959
v 0.12915160 -0.04642420 0.01481448
v 0.12974331 -0.04642420 0.01281689
v 0.13058170 -0.04642420 0.00998645
v 0.13096981 -0.04642420 0.00776296
v 0.13144741 -0.04642420 0.00502604
v 0.13158741 -0.04642420 0.00259924
v 0.13306191 -0.00970490 -0.00000100
v 0.13246891 -0.01254694 -0.00000100
v 0.13146641 -0.01573385 -0.00000100
v 0.12988851 -0.02048428 -0.00000100
v 0.12906771 -0.02384045 -0.00000100
v 0.12861521 -0.02728074 -0.00000100
v 0.12858781 -0.03076470 -0.00000100
v 0.12895670 -0.03412281 -0.00000100
v 0.12974010 -0.03782780 -0.00000100
v 0.13110441 -0.04302993 -0.00000100
v 0.13173731 -0.04642420 -0.00000100
v 0.13276331 -0.00970490 -0.00518029
v 0.13217420 -0.01254694 -0.00511213
v 0.13117831 -0.01573385 -0.00499690
v 0.12961091 -0.02048428 -0.00481554
v 0.12879551 -0.02384045 -0.00472120
v 0.12834600 -0.02728074 -0.00466920
v 0.12831881 -0.03076470 -0.00466605
v 0.12868531 -0.03412281 -0.00470845
v 0.12946351 -0.03782780 -0.00479849
v 0.13187141 -0.00970490 -0.01029094
v 0.13129401 -0.01254694 -0.01015552
v 0.13031791 -0.01573385 -0.00992658
v 0.12878170 -0.02048428 -0.00956627
v 0.12798260 -0.02384045 -0.00937884
v 0.12754211 -0.02728074 -0.00927552
v 0.12751541 -0.03076470 -0.00926926
v 0.12787461 -0.03412281 -0.00935351
v 0.12863730 -0.03782780 -0.00953239
v 0.12974331 -0.04642420 -0.01281890
v 0.12915160 -0.04642420 -0.01481648
v 0.12792521 -0.04642420 -0.01769159
v 0.12717601 -0.04642420 -0.01944814
v 0.12554130 -0.04642420 -0.02231413
v 0.12468120 -0.04642420 -0.02382203
v 0.12262501 -0.04642420 -0.02662113
v 0.12170021 -0.04642420 -0.02788020
v 0.11921770 -0.04642420 -0.03055164
v 0.11827250 -0.04642420 -0.03156883
v 0.11536741 -0.04642420 -0.03405004
v 0.11444350 -0.04642420 -0.03483906
v 0.11112841 -0.04642420 -0.03706676
v 0.11026410 -0.04642420 -0.03764752
v 0.10656061 -0.04642420 -0.03955905
v 0.10578960 -0.04642420 -0.03995700
v 0.10172851 -0.04642420 -0.04149155
v 0.10107921 -0.04642420 -0.04173688
v 0.09670038 -0.04642420 -0.04283678
v 0.09619555 -0.04642420 -0.04296358
v 0.09154724 -0.04642420 -0.04357554
v 0.12991941 0.00170324 0.01730183
v 0.12955071 0.00170324 0.01804494
v 0.13335001 0.00170324 -0.00000100
v 0.13307070 0.00170324 0.00440254
v 0.13335001 -0.00018444 -0.00000100
v 0.13303651 0.00170324 0.00494210
v 0.13335001 -0.00169676 -0.00000100
v 0.12015320 0.00170324 0.03185608
v 0.12638481 0.00170324 0.02406373
v 0.12573771 0.00170324 0.02498469
v 0.12322191 0.00170324 0.02856531
v 0.12233060 0.00170324 0.02952109
v 0.12799100 0.00170324 0.02118827
v 0.12713460 0.00170324 0.02291404
v 0.12681511 0.00170324 0.02345129
v 0.12994640 0.00170324 0.01722258
v 0.13137050 0.00170324 0.01303956
v 0.13176871 0.00170324 0.01187008
v 0.13298670 0.00170324 0.00572738
v 0.13238680 0.00170324 0.00875249
v 0.13181551 0.00170324 0.01163395
v 0.12984611 0.00938228 0.01719359
v 0.13261941 0.01700323 0.00348742
v 0.13251981 0.01700323 0.00435154
v 0.13294100 0.00936788 0.00439430
v 0.11994561 0.01700323 0.03139958
v 0.11981840 0.01700323 0.03151922
v 0.12009930 0.00940780 0.03179856
v 0.11481260 0.01700323 0.03587737
v 0.11303010 0.01700323 0.03710705
v 0.11326401 0.00941388 0.03745095
v 0.09246830 0.00942345 0.04494682
v 0.09242814 0.01700323 0.04454042
v 0.09028425 0.01700323 0.04473176
v 0.09689155 0.00942194 0.04428368
v 0.09681547 0.01700323 0.04390584
v 0.09367762 0.01700323 0.04442890
v 0.10110591 0.01700323 0.04280072
v 0.09886986 0.01700323 0.04345133
v 0.09704651 0.01700323 0.04386733
v 0.10213660 0.01700323 0.04250086
v 0.10122531 0.00942024 0.04318824
v 0.10531901 0.01700323 0.04130636
v 0.10542621 0.00941835 0.04167295
v 0.10841370 0.01700323 0.03986750
v 0.11201070 0.01700323 0.03781027
v 0.11141401 0.01700323 0.03818273
v 0.10945231 0.00941625 0.03975357
v 0.10925621 0.01700323 0.03939439
v 0.11682371 0.00941113 0.03478921
v 0.11745720 0.01700323 0.03373962
v 0.11655681 0.01700323 0.03446745
v 0.12228611 0.01700323 0.02886055
v 0.12307371 0.00940343 0.02851985
v 0.12276661 0.01700323 0.02826799
v 0.12571161 0.00939750 0.02497469
v 0.12797780 0.00939008 0.02118713
v 0.12742650 0.01700323 0.02141993
v 0.12572400 0.01700323 0.02427393
v 0.12538380 0.01700323 0.02475470
v 0.12379420 0.01700323 0.02700081
v 0.12889940 0.01700323 0.01844154
v 0.12763270 0.01700323 0.02100289
v 0.13074190 0.01700323 0.01350152
v 0.13014031 0.01700323 0.01533018
v 0.12946050 0.01700323 0.01703461
v 0.13232581 0.00937163 0.00875179
v 0.13160300 0.01700323 0.01023970
v 0.13129630 0.00937602 0.01303323
v 0.13089710 0.01700323 0.01291363
v 0.13222620 0.01700323 0.00690129
v 0.13189661 0.01700323 0.00866679
v 0.13279011 0.01700323 -0.00000100
v 0.13318421 0.00928165 -0.00000100
v 0.13318351 0.00931450 -0.00000100
v 0.13318090 0.00936494 -0.00000100
v 0.11180941 0.00170324 0.03859619
v 0.13132221 0.03358854 -0.00000099
v 0.13046061 0.03956051 -0.00000100
v 0.13028211 0.03956971 0.00411650
v 0.12937591 0.04622112 -0.00000102
v 0.12873011 0.04917267 -0.00000104
v 0.12859420 0.04927720 0.00399586
v 0.13044131 0.03969448 -0.00000100
v 0.12973940 0.04456015 -0.00000101
v 0.12949750 0.04458569 0.00405739
v 0.11527070 0.05958261 0.02680558
v 0.11518521 0.05959903 0.02688887
v 0.11580720 0.05678936 0.02751579
v 0.10680781 0.06120890 0.03352442
v 0.10613010 0.06133913 0.03388163
v 0.10668061 0.05758277 0.03481165
v 0.10052000 0.06241721 0.03644671
v 0.09913659 0.06268305 0.03688234
v 0.09955153 0.05805786 0.03804507
v 0.13183750 0.02851667 -0.00000099
v 0.13096410 0.02845376 0.00845416
v 0.13160331 0.02848800 0.00424546
v 0.12994730 0.02841238 0.01259307
v 0.12855251 0.02835346 0.01663039
v 0.12676821 0.02828075 0.02052646
v 0.12459720 0.02821227 0.02422928
v 0.12206110 0.02815808 0.02769536
v 0.11919060 0.02811844 0.03089843
v 0.11602111 0.02808867 0.03382065
v 0.11257390 0.02806428 0.03642902
v 0.10887790 0.02804360 0.03869134
v 0.10496801 0.02802565 0.04058019
v 0.10088241 0.02800983 0.04207123
v 0.09666295 0.02799600 0.04314597
v 0.09235360 0.02798427 0.04379017
v 0.09191385 0.05853982 0.03980363
v 0.09175088 0.06410234 0.03849402
v 0.09121849 0.06420465 0.03857145
v 0.08799990 0.06281835 0.03920398
v 0.09577730 0.05829821 0.03911445
v 0.09748359 0.06300070 0.03740287
v 0.09547426 0.06338684 0.03786178
v 0.09438121 0.06359687 0.03811142
v 0.10319831 0.05781983 0.03660596
v 0.10408831 0.06173150 0.03495790
v 0.10270021 0.06199824 0.03555295
v 0.10122821 0.06228111 0.03618395
v 0.10938190 0.06071423 0.03189106
v 0.10996460 0.05734024 0.03268265
v 0.11180330 0.06024892 0.03006121
v 0.11301630 0.05708177 0.03024087
v 0.11241730 0.06013094 0.02953573
v 0.11283661 0.06005036 0.02917683
v 0.11749631 0.05915491 0.02433972
v 0.11838401 0.05641498 0.02461470
v 0.11772831 0.05911034 0.02405096
v 0.11952051 0.05876593 0.02181993
v 0.12075381 0.05590822 0.02160104
v 0.12003051 0.05866793 0.02108714
v 0.12132870 0.05841846 0.01922173
v 0.12287511 0.05527197 0.01847522
v 0.12203850 0.05828205 0.01801525
v 0.12470591 0.05461391 0.01517958
v 0.12611251 0.05412738 0.01159984
v 0.12491761 0.05772880 0.01175471
v 0.12406450 0.05789273 0.01412867
v 0.12374131 0.05795484 0.01480386
v 0.12292670 0.05811138 0.01650563
v 0.12586761 0.05754623 0.00718932
v 0.12580070 0.05755908 0.00759825
v 0.12700801 0.05385292 0.00780205
v 0.12554040 0.05760912 0.00919075
v 0.12502450 0.05770825 0.01131460
v 0.12800881 0.05246898 -0.00000106
v 0.12764660 0.05354404 -0.00000106
v 0.12749991 0.05367947 0.00391738
v 0.12715520 0.05500266 -0.00000105
v 0.12586761 0.05754623 0.00718932
v 0.12618281 0.05748566 0.00380700
v 0.12620251 0.05748188 0.00359569
v 0.12632801 0.05745772 -0.00000105
v 0.08799997 0.05204026 0.04117288
v 0.08799998 0.04648387 0.04199492
v 0.09215928 0.04559913 0.04191687
v 0.08800000 0.04577897 0.04209921
v 0.08799994 0.05695194 0.04044621
v 0.08799995 0.05442881 0.04081950
v 0.09205513 0.05193980 0.04099027
v 0.08799994 0.05877007 0.04006122
v 0.08799994 0.05866338 0.04008381
v 0.12964730 0.03956688 0.00819450
v 0.12889481 0.04463591 0.00807649
v 0.12863671 0.03956322 0.01219950
v 0.12790951 0.04470466 0.01201859
v 0.12725631 0.03955767 0.01609821
v 0.12652761 0.04481455 0.01583117
v 0.12551311 0.03955059 0.01985664
v 0.12477621 0.04495736 0.01947534
v 0.12341830 0.03954389 0.02344025
v 0.12269230 0.04509370 0.02294912
v 0.12098661 0.03953858 0.02681562
v 0.12029420 0.04520165 0.02623889
v 0.11823581 0.03953471 0.02995088
v 0.11760141 0.04528059 0.02931759
v 0.11518590 0.03953179 0.03281556
v 0.11462491 0.04534082 0.03214556
v 0.11186020 0.03952934 0.03537911
v 0.11137510 0.04539210 0.03467800
v 0.10828691 0.03952719 0.03760914
v 0.10788021 0.04543809 0.03688306
v 0.10449930 0.03952526 0.03947626
v 0.10417311 0.04548095 0.03873236
v 0.10053390 0.03952346 0.04095377
v 0.10028981 0.04552197 0.04019990
v 0.09643251 0.03952178 0.04202152
v 0.09627077 0.04556143 0.04126623
v 0.09223920 0.03952025 0.04266429
v 0.12804171 0.04939025 0.00795507
v 0.12709640 0.04955556 0.01183229
v 0.12570621 0.04983356 0.01554192
v 0.12392480 0.05020220 0.01903413
v 0.12183081 0.05055632 0.02235704
v 0.11945180 0.05083732 0.02552770
v 0.11681531 0.05104365 0.02852978
v 0.11392360 0.05120271 0.03131269
v 0.11076320 0.05134065 0.03380561
v 0.10736230 0.05146724 0.03597766
v 0.10375421 0.05158819 0.03780303
v 0.09997394 0.05170698 0.03925782
v 0.09606054 0.05182438 0.04032453
v 0.12806431 0.05221557 -0.00000106
v 0.08800000 0.04563056 0.04212117
v 0.08800000 0.04435505 0.04230987
v 0.08800000 0.03951604 0.04285258
v 0.08800000 0.03696621 0.04313855
v 0.08800001 0.01896712 0.04463214
v 0.08800001 0.02796764 0.04390862
v 0.08800001 0.02803486 0.04390322
v 0.08800001 0.03549595 0.04330345
v 0.13170420 0.03012878 -0.00000099
v 0.13144100 0.03251231 -0.00000099
v 0.09872887 0.06632672 0.03575014
v 0.10212641 0.06586075 0.03434984
v 0.10163201 0.06834957 0.03326576
v 0.09521975 0.06680828 0.03681343
v 0.12472581 0.06035101 0.00367410
v 0.12368590 0.06179182 0.00360960
v 0.12431840 0.06058129 0.00732845
v 0.12354700 0.06187430 0.00563304
v 0.12393361 0.06164463 -0.00000106
v 0.12465271 0.06063262 -0.00000086
v 0.12489531 0.06023601 -0.00000086
v 0.12525571 0.05964669 -0.00000087
v 0.12571141 0.05871660 -0.00000095
v 0.12556621 0.05885308 0.00375026
v 0.12514611 0.05907903 0.00747808
v 0.12431531 0.05949300 0.01111495
v 0.12367270 0.05983603 0.01283800
v 0.12287311 0.06028734 0.01445518
v 0.12095450 0.06139104 0.01740528
v 0.11878141 0.06246800 0.02018569
v 0.11642080 0.06333139 0.02291925
v 0.11393950 0.06397629 0.02563231
v 0.11131771 0.06449044 0.02824197
v 0.10845470 0.06495726 0.03058086
v 0.10537921 0.06540797 0.03262188
v 0.09163247 0.06730346 0.03753332
v 0.09149939 0.07007618 0.03635132
v 0.09142071 0.07135142 0.03551441
v 0.09137783 0.07190017 0.03498072
v 0.09135546 0.07213369 0.03467822
v 0.09472104 0.07126062 0.03436719
v 0.09480469 0.07071662 0.03485963
v 0.09149939 0.07007618 0.03635132
v 0.09800064 0.07064273 0.03342667
v 0.09812233 0.07010376 0.03387757
v 0.09495849 0.06948011 0.03565223
v 0.09813969 0.07105635 0.03280292
v 0.09789223 0.07110205 0.03290650
v 0.09461062 0.07171590 0.03370137
v 0.09361339 0.07190245 0.03394292
v 0.09270356 0.07207264 0.03416330
v 0.09132689 0.07233516 0.03428483
v 0.08909191 0.07276136 0.03448213
v 0.11055070 0.06674354 0.02733401
v 0.10776780 0.06728631 0.02960918
v 0.10443570 0.06894828 0.03095021
v 0.10478310 0.06781467 0.03159066
v 0.10400901 0.06996289 0.03010813
v 0.10320730 0.07011721 0.03060261
v 0.10280830 0.07019403 0.03084871
v 0.10098430 0.07053093 0.03161219
v 0.09834658 0.06890381 0.03462209
v 0.10134301 0.06951525 0.03257229
v 0.10118651 0.07004908 0.03216279
v 0.11113061 0.06845321 0.02476718
v 0.10954880 0.06881359 0.02612487
v 0.10935000 0.06885888 0.02629550
v 0.10720350 0.06934791 0.02813787
v 0.10736870 0.06838916 0.02902254
v 0.10719651 0.06934926 0.02814219
v 0.10691411 0.06940362 0.02831634
v 0.11554410 0.06541033 0.02217056
v 0.11445871 0.06728734 0.02132995
v 0.11387851 0.06754077 0.02193165
v 0.11310261 0.06615037 0.02479133
v 0.12009121 0.06319055 0.01692820
v 0.11900220 0.06491279 0.01639175
v 0.11789921 0.06442192 0.01956158
v 0.11814351 0.06550688 0.01745152
v 0.11811081 0.06552951 0.01749190
v 0.11712671 0.06612191 0.01856298
v 0.11682130 0.06625529 0.01887962
v 0.11601220 0.06660874 0.01971882
v 0.12180781 0.06296834 0.01243149
v 0.12152611 0.06316415 0.01291163
v 0.12285660 0.06142007 0.01256544
v 0.12204361 0.06193186 0.01412383
v 0.12350310 0.06103445 0.01088937
v 0.12246361 0.06254337 0.01065087
v 0.12185631 0.06293692 0.01229983
v 0.12326841 0.06204219 0.00718631
v 0.12303470 0.06218301 0.00848901
v 0.12282100 0.06231182 0.00968071
v 0.12101790 0.06351741 0.01377793
v 0.12074961 0.06370394 0.01423534
v 0.12017901 0.06409864 0.01493943
v 0.11313111 0.06786725 0.02270678
v 0.11208240 0.06817443 0.02378690
v 0.11168151 0.06829185 0.02419979
v 0.12368590 0.06179182 0.00360960
v 0.12393361 0.06164463 -0.00000106
v 0.12357020 0.06196331 0.00000594
v 0.12346911 0.06201283 0.00268536
v 0.12345380 0.06202032 0.00309069
v 0.12354700 0.06187430 0.00563304
v 0.12311751 0.06223047 0.00612455
v 0.12326841 0.06204219 0.00718631
v 0.12280481 0.06242290 0.00794271
v 0.12303470 0.06218301 0.00848901
v 0.12185631 0.06293692 0.01229983
v 0.12133990 0.06334409 0.01259293
v 0.12180781 0.06296834 0.01243149
v 0.12152611 0.06316415 0.01291163
v 0.12271901 0.06247364 0.00834234
v 0.12268171 0.06249569 0.00851601
v 0.12282100 0.06231182 0.00968071
v 0.12243911 0.06263902 0.00964489
v 0.12246361 0.06254337 0.01065087
v 0.12196670 0.06292853 0.01121643
v 0.12187060 0.06299225 0.01142751
v 0.12119620 0.06344219 0.01285536
v 0.12114241 0.06347972 0.01293976
v 0.12101790 0.06351741 0.01377793
v 0.12042531 0.06398027 0.01406551
v 0.12074961 0.06370394 0.01423534
v 0.12017901 0.06409864 0.01493943
v 0.12019420 0.06414161 0.01442836
v 0.12012311 0.06419126 0.01454001
v 0.11900220 0.06491279 0.01639175
v 0.11857040 0.06526747 0.01651549
v 0.11814351 0.06550688 0.01745152
v 0.11780620 0.06573205 0.01734121
v 0.11767640 0.06581098 0.01748150
v 0.11682130 0.06625529 0.01887962
v 0.11712671 0.06612191 0.01856298
v 0.11654171 0.06650087 0.01870763
v 0.11811081 0.06552951 0.01749190
v 0.11601220 0.06660874 0.01971882
v 0.11605571 0.06673931 0.01919278
v 0.11445871 0.06728734 0.02132995
v 0.10301060 0.07028264 0.03036457
v 0.10320730 0.07011721 0.03060261
v 0.10430800 0.07003855 0.02963382
v 0.10400901 0.06996289 0.03010813
v 0.10674971 0.06956333 0.02803602
v 0.10691411 0.06940362 0.02831634
v 0.10722330 0.06946287 0.02766321
v 0.10719651 0.06934926 0.02814219
v 0.10722571 0.06946238 0.02766135
v 0.10720350 0.06934791 0.02813787
v 0.10894220 0.06909825 0.02631011
v 0.10935000 0.06885888 0.02629550
v 0.10905011 0.06907538 0.02622523
v 0.10954880 0.06881359 0.02612487
v 0.11112191 0.06856904 0.02426759
v 0.11113061 0.06845321 0.02476718
v 0.11125901 0.06852914 0.02412000
v 0.11168151 0.06829185 0.02419979
v 0.11170761 0.06839865 0.02363731
v 0.11208240 0.06817443 0.02378690
v 0.11314560 0.06798024 0.02208979
v 0.11313111 0.06786725 0.02270678
v 0.11328300 0.06792678 0.02195328
v 0.11387851 0.06754077 0.02193165
v 0.11355221 0.06782196 0.02168562
v 0.11498830 0.06726295 0.02025818
v 0.10267650 0.07034449 0.03052450
v 0.10249180 0.07037870 0.03061291
v 0.10280830 0.07019403 0.03084871
v 0.10098430 0.07053093 0.03161219
v 0.10033680 0.07077764 0.03164451
v 0.09813969 0.07105635 0.03280292
v 0.09816871 0.07117826 0.03245553
v 0.09774292 0.07125695 0.03261480
v 0.09789223 0.07110205 0.03290650
v 0.09758754 0.07128566 0.03267293
v 0.09461062 0.07171590 0.03370137
v 0.09477192 0.07181009 0.03345286
v 0.09361339 0.07190245 0.03394292
v 0.09364180 0.07202289 0.03366074
v 0.09270356 0.07207264 0.03416330
v 0.09251490 0.07223510 0.03386804
v 0.09132689 0.07233516 0.03428483
v 0.09188646 0.07235344 0.03398365
v 0.08909191 0.07276136 0.03448213
v 0.08911931 0.07288008 0.03424198
v 0.08895739 0.07291088 0.03425710
v 0.08799982 0.07296962 0.03457854
v 0.08736999 0.07321276 0.03429803
v 0.08734285 0.07321791 0.03429804
v 0.08537111 0.07347464 0.03451998
v 0.08459919 0.07373867 0.03417565
v 0.08457348 0.07362796 0.03443290
v 0.08438977 0.07377842 0.03416630
v 0.08307209 0.07391656 0.03426899
v 0.08303112 0.07403572 0.03398406
v 0.08228048 0.07406874 0.03418257
v 0.08148368 0.07432875 0.03377649
v 0.08005735 0.07449578 0.03372748
v 0.08008091 0.07459455 0.03346018
v 0.07923227 0.07465429 0.03355857
v 0.07823986 0.07484504 0.03325730
v 0.07863099 0.07486930 0.03313323
v 0.07779673 0.07502764 0.03286756
v 0.07625586 0.07522636 0.03265500
v 0.07594172 0.07537976 0.03227682
v 0.07359082 0.07573854 0.03156756
v 0.07320732 0.07589930 0.03113621
v 0.07337146 0.07578070 0.03147806
v 0.07279998 0.07597679 0.03092226
v 0.07119886 0.07619812 0.03034719
v 0.07173382 0.07617965 0.03036231
v 0.07104953 0.07630984 0.03000291
v 0.07103059 0.07623044 0.03025961
v 0.07060855 0.07631153 0.03003994
v 0.07060305 0.07639480 0.02976841
v 0.06925479 0.07657170 0.02916796
v 0.06816069 0.07686026 0.02819857
v 0.06798333 0.07681607 0.02834901
v 0.06813246 0.07686564 0.02818042
v 0.06552011 0.07728942 0.02641978
v 0.06586803 0.07729773 0.02643215
v 0.06527877 0.07733580 0.02619220
v 0.06536010 0.07739480 0.02596486
v 0.06502481 0.07738459 0.02595270
v 0.06403057 0.07764894 0.02474169
v 0.06323931 0.07772770 0.02426887
v 0.06367729 0.07771646 0.02441669
v 0.06361349 0.07772869 0.02434677
v 0.06201532 0.07796292 0.02288232
v 0.06203140 0.07803177 0.02261263
v 0.06179412 0.07800544 0.02263175
v 0.06168411 0.07809832 0.02223196
v 0.06115985 0.07812732 0.02191325
v 0.06013498 0.07839590 0.02020669
v 0.05930681 0.07848343 0.01938452
v 0.05988923 0.07844311 0.01988541
v 0.05883987 0.07857315 0.01860876
v 0.05848902 0.07871292 0.01771072
v 0.05799449 0.07873558 0.01720429
v 0.05822421 0.07876400 0.01721537
v 0.05769034 0.07879401 0.01669900
v 0.05753233 0.07889750 0.01592118
v 0.05751449 0.07882782 0.01635858
v 0.05707265 0.07891272 0.01550323
v 0.05734001 0.07893460 0.01556144
v 0.05707737 0.07898526 0.01507016
v 0.05590958 0.07913620 0.01284058
v 0.05612770 0.07916883 0.01285230
v 0.05590475 0.07913713 0.01282952
v 0.05580562 0.07915616 0.01260257
v 0.05590694 0.07921149 0.01233675
v 0.05530918 0.07932828 0.01052497
v 0.05481469 0.07934681 0.00963419
v 0.05497642 0.07939328 0.00951640
v 0.05458525 0.07939078 0.00866445
v 0.05472798 0.07944220 0.00849523
v 0.05454262 0.07939895 0.00848429
v 0.05408350 0.07948697 0.00654381
v 0.05436291 0.07951410 0.00699464
v 0.05407993 0.07957106 0.00522267
v 0.05376720 0.07954776 0.00436692
v 0.05390723 0.07960582 0.00414128
v 0.05373278 0.07955439 0.00413002
v 0.05389194 0.07960891 0.00404555
v 0.05365200 0.07956990 0.00357413
v 0.05367440 0.07965248 0.00107100
v 0.05346584 0.07960379 -0.00000094
v 0.05365936 0.07966076 0.00000607
v 0.04894834 0.07676139 -0.00000104
v 0.04894830 0.07676134 -0.00000104
v 0.04934996 0.07669474 0.00480218
v 0.05479798 0.07868464 0.01321172
v 0.05378127 0.07800451 0.01352678
v 0.05408350 0.07948697 0.00654381
v 0.05376720 0.07954776 0.00436692
v 0.05251046 0.07909817 0.00450525
v 0.05365200 0.07956990 0.00357413
v 0.05346584 0.07960379 -0.00000094
v 0.05244526 0.07926339 -0.00000107
v 0.05220954 0.07913369 -0.00000107
v 0.05751449 0.07882782 0.01635858
v 0.05707265 0.07891272 0.01550323
v 0.05590958 0.07913620 0.01284058
v 0.05590475 0.07913713 0.01282952
v 0.04884500 0.07251197 0.01568767
v 0.05196912 0.07626838 0.01403877
v 0.04850748 0.07256360 0.01488443
v 0.04827398 0.07259932 0.01432877
v 0.05034846 0.07653628 0.00951269
v 0.04672517 0.07283506 0.01039601
v 0.04688559 0.07281174 0.01102470
v 0.04820537 0.07260982 0.01416548
v 0.04497964 0.07309025 -0.00000107
v 0.04499352 0.07308819 0.00013301
v 0.05580562 0.07915616 0.01260257
v 0.05481469 0.07934681 0.00963419
v 0.05337754 0.07894342 0.00893455
v 0.05458525 0.07939078 0.00866445
v 0.05454262 0.07939895 0.00848429
v 0.05137055 0.07842772 0.00461797
v 0.05228747 0.07826905 0.00915421
v 0.05220945 0.07913363 -0.00000107
v 0.05102658 0.07848281 -0.00000106
v 0.05102651 0.07848278 -0.00000106
v 0.05093229 0.07843093 -0.00000106
v 0.04550905 0.07301194 0.00511132
v 0.04557609 0.07300203 0.00575874
v 0.04559944 0.07299858 0.00598420
v 0.04570052 0.07298391 0.00638032
v 0.04665211 0.07284565 0.01010969
v 0.03290612 0.06005462 0.02019318
v 0.03132941 0.05783702 0.02276506
v 0.03413050 0.05779183 0.02449499
v 0.03722499 0.04954410 0.03163685
v 0.03771056 0.05120468 0.03093106
v 0.03149380 0.05241501 0.02864874
v 0.02859248 0.05776528 0.02091220
v 0.02698251 0.05560831 0.02354782
v 0.02061176 0.05455381 0.02133597
v 0.02148794 0.05550257 0.01988176
v 0.01620078 0.05501887 0.01581831
v 0.01718132 0.05577743 0.01416412
v 0.01363277 0.05463930 0.01364178
v 0.01568310 0.05599380 0.01016243
v 0.01324383 0.05537963 0.00773924
v 0.08207579 0.02591461 0.04393537
v 0.08171226 0.02148617 0.04418275
v 0.08523497 0.02012598 0.04453007
v 0.04319914 0.04623046 0.03415946
v 0.04239706 0.04260124 0.03524715
v 0.04897395 0.04073463 0.03683945
v 0.07147621 0.05553845 0.03855154
v 0.07210984 0.05947464 0.03778660
v 0.06580748 0.06084100 0.03566833
v 0.07662533 0.06648703 0.03712996
v 0.07347174 0.06717461 0.03607545
v 0.07276957 0.06336330 0.03697169
v 0.04786979 0.06829583 0.02125734
v 0.04530797 0.06790496 0.01906896
v 0.04386450 0.06544458 0.02138557
v 0.03584992 0.04441362 0.03359784
v 0.07039084 0.06772966 0.03488160
v 0.06737629 0.06816384 0.03356066
v 0.05178001 0.07132033 0.02131129
v 0.04596178 0.07183597 0.01161761
v 0.03286987 0.06494317 -0.00000102
v 0.03268898 0.06484030 -0.00000101
v 0.03304011 0.06499601 0.00044228
v 0.02558249 0.06122949 -0.00000077
v 0.02552491 0.06120309 -0.00000077
v 0.02434525 0.06054048 0.00200980
v 0.01232160 0.05551189 -0.00000099
v 0.01177746 0.05530277 -0.00000100
v 0.01539569 0.05654911 0.00406534
v 0.01279049 0.05570644 -0.00000098
v 0.02057142 0.05893492 -0.00000082
v 0.01777708 0.05777548 -0.00000088
v 0.01758768 0.05764548 0.00031457
v 0.01727512 0.05756721 -0.00000089
v 0.01592115 0.05700543 -0.00000092
v 0.02064270 0.05896450 -0.00000082
v 0.02223927 0.05928739 0.00559578
v 0.02264804 0.05988399 -0.00000080
v 0.02314389 0.06011134 -0.00000080
v 0.02667762 0.06173163 -0.00000076
v 0.02898325 0.06220718 0.00731707
v 0.02779978 0.06230215 -0.00000081
v 0.03098188 0.06365591 0.00393678
v 0.02810295 0.06245629 -0.00000083
v 0.03091729 0.06388713 -0.00000096
v 0.03181955 0.06434585 -0.00000100
v 0.04147890 0.07036605 -0.00000095
v 0.04112433 0.07010659 -0.00000094
v 0.03936535 0.06867887 0.00296586
v 0.03992180 0.06922663 -0.00000089
v 0.03739914 0.06760727 -0.00000100
v 0.03726487 0.06752109 -0.00000101
v 0.03745294 0.06707302 0.00618096
v 0.03697674 0.06733613 -0.00000102
v 0.03619326 0.06683320 -0.00000105
v 0.04335046 0.07156688 0.00287631
v 0.04313235 0.07157596 -0.00000102
v 0.04163693 0.07048169 -0.00000096
v 0.04151839 0.06981465 0.00593749
v 0.04542478 0.07284610 0.00599874
v 0.04371478 0.07087141 0.00882603
v 0.04678220 0.07030934 0.01669343
v 0.05049003 0.06858020 0.02333378
v 0.04922976 0.06578595 0.02529937
v 0.05316840 0.06875866 0.02529887
v 0.05868895 0.06881705 0.02891514
v 0.06152850 0.06870179 0.03057138
v 0.06442334 0.06848577 0.03212171
v 0.07986136 0.06564924 0.03802654
v 0.08319548 0.06463272 0.03873519
v 0.08666105 0.06337664 0.03919197
v 0.08799994 0.05877007 0.04006122
v 0.08601189 0.05946873 0.03998665
v 0.08541163 0.05547175 0.04068766
v 0.08799994 0.05866338 0.04008381
v 0.08789647 0.04582110 0.04212528
v 0.08433781 0.04724682 0.04184686
v 0.08799995 0.05442881 0.04081950
v 0.08692058 0.03741773 0.04309686
v 0.08603360 0.02885239 0.04389813
v 0.08247606 0.03027606 0.04361756
v 0.08336262 0.03884218 0.04281711
v 0.07488079 0.02381670 0.04307823
v 0.07734492 0.01700318 0.04367619
v 0.07826966 0.02270042 0.04368198
v 0.06820716 0.02585961 0.04167129
v 0.06490419 0.02681940 0.04090299
v 0.06467496 0.02512887 0.04082497
v 0.06845906 0.03049143 0.04163775
v 0.06180892 0.03249151 0.04018578
v 0.05939061 0.03162528 0.03980559
v 0.05958612 0.03148375 0.03984391
v 0.05506140 0.03466907 0.03892042
v 0.05557841 0.03881779 0.03837894
v 0.02828940 0.04298186 0.03344108
v 0.02172875 0.04481886 0.03181765
v 0.00905421 0.04767874 0.02771482
v 0.01213415 0.04712541 0.02891047
v 0.01527977 0.04645236 0.02998026
v 0.01486439 0.04558419 0.03061701
v 0.00605248 0.04808955 0.02636930
v 0.00716631 0.04707991 0.02801296
v 0.00314399 0.04833045 0.02484514
v 0.00420167 0.04760883 0.02653773
v 0.00078733 0.04814855 0.02398985
v 0.00096616 0.04812131 0.02414102
v 0.00020363 0.04822887 0.02335418
v 0.00034323 0.04837503 0.02311458
v -0.00277250 0.04860798 0.01859504
v -0.00029265 0.04956538 0.01768519
v -0.00279259 0.04906175 0.01537822
v -0.00344592 0.04870201 0.01649723
v 0.00230068 0.04989879 0.01981318
v -0.00140814 0.04843814 0.02131310
v -0.00073152 0.05042827 0.00523054
v 0.00164764 0.05115198 0.00776891
v -0.00343454 0.04963099 -0.00000114
v 0.00203020 0.05162671 -0.00000110
v 0.00231640 0.05173123 -0.00000110
v 0.00610349 0.05312218 -0.00000107
v 0.00569007 0.05296329 -0.00000108
v 0.00405912 0.05181678 0.01024533
v 0.00240749 0.05176449 -0.00000110
v 0.00848944 0.05392506 0.00265499
v 0.01003969 0.05463492 -0.00000102
v 0.00744741 0.05363867 -0.00000105
v 0.01126588 0.05510617 -0.00000100
v 0.01085006 0.05468254 0.00522887
v 0.04651887 0.06566677 0.02339662
v 0.04247232 0.06289072 0.02360390
v 0.04522365 0.06293619 0.02542916
v 0.05590223 0.06883606 0.02715767
v 0.05199623 0.06580387 0.02709566
v 0.04802770 0.06288562 0.02715343
v 0.04114760 0.06021389 0.02569296
v 0.04690016 0.05984950 0.02886471
v 0.04180063 0.06156930 0.02466630
v 0.04745386 0.06138590 0.02802836
v 0.03990457 0.05738823 0.02762552
v 0.04286211 0.05705794 0.02905570
v 0.04636755 0.05827464 0.02966064
v 0.05282042 0.05917949 0.03171514
v 0.05329229 0.06086502 0.03103557
v 0.05088185 0.06274375 0.02878171
v 0.05378281 0.06251658 0.03032029
v 0.05481546 0.06572562 0.02879082
v 0.05236769 0.05745907 0.03235800
v 0.05888140 0.05825303 0.03429592
v 0.05583405 0.05874697 0.03303782
v 0.05971134 0.06183148 0.03315485
v 0.05672703 0.06221054 0.03177597
v 0.06059832 0.06530600 0.03190452
v 0.05768388 0.06555773 0.03039174
v 0.06355895 0.06497010 0.03332877
v 0.06657070 0.06454103 0.03465508
v 0.06273620 0.06137852 0.03445604
v 0.06963977 0.06400750 0.03587157
v 0.07861950 0.05773058 0.03950775
v 0.07921756 0.06173159 0.03881097
v 0.06508938 0.05705872 0.03659509
v 0.04181439 0.05387635 0.03061402
v 0.03875618 0.05439009 0.02937673
v 0.03822032 0.05282118 0.03017891
v 0.04085757 0.05052911 0.03199819
v 0.03675838 0.04784899 0.03230633
v 0.04401861 0.04982798 0.03303845
v 0.07086606 0.05155949 0.03927149
v 0.06441305 0.05320033 0.03744182
v 0.06377894 0.04926499 0.03820766
v 0.05811361 0.05456132 0.03531790
v 0.05740494 0.05076186 0.03622661
v 0.05193384 0.05570423 0.03296470
v 0.05111966 0.05209707 0.03407558
v 0.04585641 0.05666068 0.03041544
v 0.04489785 0.05331661 0.03180294
v 0.06880780 0.03494680 0.04141869
v 0.06973854 0.04343246 0.04053362
v 0.06265406 0.04113316 0.03946474
v 0.06319021 0.04524698 0.03888656
v 0.05614257 0.04288057 0.03774710
v 0.05675005 0.04686442 0.03703228
v 0.04966113 0.04457324 0.03597192
v 0.05036797 0.04837602 0.03506671
v 0.08087456 0.04849868 0.04138564
v 0.08196783 0.05668814 0.04018916
v 0.08255965 0.06070052 0.03950433
v 0.06218564 0.03689588 0.03991310
v 0.07748614 0.04961417 0.04078104
v 0.07644506 0.04132960 0.04187752
v 0.07554403 0.03278981 0.04270568
v 0.07517724 0.02836736 0.04295935
v 0.02420388 0.05561256 0.02177485
v 0.02591711 0.05758136 0.01894138
v 0.02238299 0.05641693 0.01839138
v 0.01975879 0.05356277 0.02274574
v 0.01523300 0.05423704 0.01744804
v 0.03931788 0.05591193 0.02852507
v 0.03634872 0.05626340 0.02711717
v 0.03275391 0.05520956 0.02668345
v 0.01162280 0.05321123 0.01704380
v 0.01334439 0.05258782 0.02061753
v 0.01428008 0.05342813 0.01904929
v 0.01611356 0.05260081 0.02240863
v 0.00651607 0.05239874 0.01263465
v 0.00903387 0.05286980 0.01490738
v 0.01893313 0.05252196 0.02410316
v 0.00186218 0.05072946 0.01400561
v 0.00438090 0.05119884 0.01627657
v 0.00698005 0.05152165 0.01839341
v 0.00966501 0.05168810 0.02034586
v 0.01242852 0.05171140 0.02214780
v 0.01525671 0.05161682 0.02382580
v 0.01664688 0.04905193 0.02780998
v 0.01737570 0.05026922 0.02663811
v 0.01813800 0.05142550 0.02540208
v 0.03210766 0.05384181 0.02769713
v 0.00499516 0.05004789 0.02174739
v 0.00778883 0.05001623 0.02349154
v 0.01067161 0.04982218 0.02506495
v 0.01362885 0.04949244 0.02649570
v 0.02230564 0.04631302 0.03093688
v 0.02477303 0.05199837 0.02710754
v 0.02410753 0.05066570 0.02815810
v 0.02720959 0.05007205 0.02931137
v 0.02347887 0.04926589 0.02913807
v 0.02609418 0.04701381 0.03099939
v 0.02288216 0.04780786 0.03005683
v 0.01909737 0.04710021 0.02998711
v 0.02933407 0.04616900 0.03188858
v 0.03036493 0.04938132 0.03036256
v 0.02781244 0.05151889 0.02838084
v 0.02547580 0.05326313 0.02598558
v 0.02983366 0.05547189 0.02518183
v 0.02845131 0.05290011 0.02738134
v 0.03091366 0.05092678 0.02953573
v 0.02018578 0.05793865 0.00908120
v 0.02329315 0.05730375 0.01687205
v 0.02768791 0.05944527 0.01599761
v 0.02514783 0.05901480 0.01376757
v 0.02950015 0.06123366 0.01297444
v 0.02704175 0.06065433 0.01058789
v 0.03135713 0.06294052 0.00986555
v 0.03326605 0.06455270 0.00665712
v 0.03523024 0.06606418 0.00334281
v 0.01817298 0.05651574 0.01248865
v 0.04201947 0.06886995 0.01162517
v 0.04437329 0.06963983 0.01421207
v 0.04035065 0.06682020 0.01437353
v 0.04280286 0.06741080 0.01677194
v 0.03871860 0.06470346 0.01705145
v 0.04126531 0.06512184 0.01926878
v 0.03713109 0.06250553 0.01964404
v 0.03977483 0.06274708 0.02167545
v 0.03027142 0.05979658 0.01814443
v 0.03199793 0.06174120 0.01528552
v 0.03834513 0.06026161 0.02396569
v 0.03559720 0.06020989 0.02213388
v 0.03453980 0.06216839 0.01751213
v 0.03622100 0.06419557 0.01474002
v 0.03794652 0.06614199 0.01188301
v 0.03971382 0.06801227 0.00894594
v 0.03558647 0.06538346 0.00930803
v 0.03376870 0.06360516 0.01234181
v 0.02258034 0.05348030 0.02443647
v 0.03330175 0.06518878 -0.00000102
v 0.02181421 0.05233100 0.02567982
v 0.02108320 0.05111770 0.02685590
v 0.02038867 0.04983792 0.02796207
v 0.01972889 0.04849482 0.02900167
v 0.01594985 0.04777670 0.02892094
v 0.01286351 0.04834170 0.02773755
v 0.00984222 0.04878817 0.02642953
v 0.00689927 0.04909186 0.02497139
v 0.00404882 0.04922699 0.02333603
v 0.04051500 0.05882127 0.02668049
v 0.03699130 0.05763784 0.02611053
v 0.03342931 0.05652420 0.02561393
v -0.00445441 0.04881140 -0.00000100
v -0.00445113 0.04880944 -0.00000100
v -0.00451706 0.04875593 0.00092663
v -0.00430992 0.04867663 0.00093638
v -0.00424463 0.04873302 -0.00000100
v -0.00419852 0.04867327 0.00094393
v -0.00414142 0.04872791 -0.00000100
v -0.00413359 0.04872855 -0.00000100
v -0.00441790 0.04870465 0.00093052
v -0.00441112 0.04878544 -0.00000100
v -0.00430106 0.04874261 -0.00000100
v -0.00425956 0.04873376 -0.00000100
v -0.00454382 0.04888817 -0.00000100
v -0.00460247 0.04882792 0.00092491
v -0.00457590 0.04892686 -0.00000100
v -0.00466984 0.04891703 0.00092544
v -0.00460085 0.04897013 -0.00000100
v -0.00463480 0.04902899 -0.00000100
v -0.00471582 0.04901879 0.00092821
v -0.00464975 0.04906937 -0.00000100
v -0.00473820 0.04912778 0.00093304
v -0.00467292 0.04917873 -0.00000115
v -0.00465210 0.04907574 -0.00000100
v -0.00480780 0.04907346 0.00192907
v -0.00478617 0.04896369 0.00192413
v -0.00474054 0.04886100 0.00192128
v -0.00467317 0.04877102 0.00192069
v -0.00448780 0.04864648 0.00192629
v -0.00458748 0.04869829 0.00192239
v -0.00437917 0.04861822 0.00193220
v -0.00426707 0.04861493 0.00193981
v 0.00060853 0.04889946 -0.00000100
v 0.00183115 0.04886913 -0.00000100
v 0.00175328 0.04880251 0.00132313
v 0.00200411 0.04776130 0.00253759
v 0.00170018 0.04874905 0.00237753
v 0.00217504 0.04775383 0.00137428
v 0.00175328 0.04880251 0.00132313
v 0.00239735 0.04774321 -0.00000100
v 0.00183115 0.04886913 -0.00000100
v 0.06417334 -0.04847165 0.03684973
v 0.06417334 -0.04954676 0.03691318
v 0.06289543 -0.04954676 0.03605480
v 0.06156772 -0.04954676 0.03505425
v 0.06015716 -0.04954676 0.03399127
v 0.05895936 -0.04954676 0.03293702
v 0.04869396 -0.04954676 0.01975627
v 0.04870207 -0.04954676 0.01977397
v 0.05032293 -0.04954676 0.02269819
v 0.05033184 -0.04954676 0.02271426
v 0.05217336 -0.04954676 0.02550590
v 0.05218119 -0.04954676 0.02551778
v 0.05304751 -0.04954676 0.02668532
v 0.05425987 -0.04954676 0.02814139
v 0.05523133 -0.04954676 0.02930814
v 0.05651790 -0.04954676 0.03062911
v 0.05760298 -0.04954676 0.03174321
v 0.04729238 -0.04954676 0.01669900
v 0.06708838 -0.04954676 0.03864519
v 0.06952690 -0.04954676 0.03985081
v 0.08800000 -0.04792258 0.04388833
v 0.08427122 -0.04954676 0.04381005
v 0.08800000 -0.04954676 0.04397397
v 0.08166565 -0.04954676 0.04348335
v 0.08092865 -0.04954676 0.04339094
v 0.07761938 -0.04954676 0.04271481
v 0.07546704 -0.04954676 0.04209899
v 0.07434925 -0.04954676 0.04177917
v 0.07324480 -0.04954676 0.04140003
v 0.07011373 -0.04954676 0.04014095
v 0.09156202 -0.04792258 0.04374355
v 0.09673719 -0.04792258 0.04300987
v 0.10178840 -0.04792258 0.04166616
v 0.10664410 -0.04792258 0.03973147
v 0.11123540 -0.04792258 0.03723326
v 0.11549711 -0.04792258 0.03420693
v 0.11936880 -0.04792258 0.03069543
v 0.12279561 -0.04792258 0.02674856
v 0.12572890 -0.04792258 0.02242229
v 0.12812711 -0.04792258 0.01777798
v 0.12995611 -0.04792258 0.01288151
v 0.13119010 -0.04792258 0.00780233
v 0.13181150 -0.04792258 0.00261246
v 0.13181150 -0.04792258 -0.00261446
v 0.13119010 -0.04792258 -0.00780433
v 0.12995611 -0.04792258 -0.01288351
v 0.12812711 -0.04792258 -0.01777998
v 0.12572890 -0.04792258 -0.02242429
v 0.12279561 -0.04792258 -0.02675056
v 0.11936880 -0.04792258 -0.03069743
v 0.11549711 -0.04792258 -0.03420893
v 0.11123540 -0.04792258 -0.03723526
v 0.10664410 -0.04792258 -0.03973348
v 0.10178840 -0.04792258 -0.04166816
v 0.09673719 -0.04792258 -0.04301187
v 0.09156202 -0.04792258 -0.04374555
v 0.09156897 -0.04954676 -0.04383091
v 0.09675425 -0.04954676 -0.04309580
v 0.10181540 -0.04954676 -0.04174946
v 0.10668050 -0.04954676 -0.03981101
v 0.11128071 -0.04954676 -0.03730791
v 0.11555080 -0.04954676 -0.03427568
v 0.11943001 -0.04954676 -0.03075733
v 0.12286351 -0.04954676 -0.02680275
v 0.12580250 -0.04954676 -0.02246804
v 0.12820540 -0.04954676 -0.01781467
v 0.13003800 -0.04954676 -0.01290865
v 0.13127431 -0.04954676 -0.00781955
v 0.13189690 -0.04954676 -0.00261956
v 0.13189690 -0.04954676 0.00261756
v 0.13127431 -0.04954676 0.00781755
v 0.13003800 -0.04954676 0.01290665
v 0.12820540 -0.04954676 0.01781267
v 0.12580250 -0.04954676 0.02246604
v 0.12286351 -0.04954676 0.02680075
v 0.11943001 -0.04954676 0.03075533
v 0.11555080 -0.04954676 0.03427368
v 0.11128071 -0.04954676 0.03730591
v 0.10668050 -0.04954676 0.03980900
v 0.10181540 -0.04954676 0.04174747
v 0.09675425 -0.04954676 0.04309380
v 0.09156897 -0.04954676 0.04382891
v 0.02256488 -0.04054655 0.03540629
v 0.02712249 -0.03958086 0.03602016
v 0.02709673 -0.03893641 0.03716175
v 0.06143392 -0.02465322 0.04067401
v 0.06138468 -0.02463069 0.04070629
v 0.06031947 -0.02625170 0.04056479
v 0.06160767 -0.02032052 0.04226520
v 0.02981031 -0.03901134 0.03638218
v 0.03023959 -0.03890950 0.03644000
v 0.03443877 -0.03725702 0.03806867
v 0.03352033 -0.03813113 0.03688190
v 0.02811095 -0.03803084 0.03844872
v 0.02709469 -0.03823017 0.03833293
v 0.02350550 -0.03893414 0.03792399
v 0.01587800 -0.04043019 0.03705495
v 0.06308028 -0.02042491 0.04086325
v 0.06312735 -0.02016894 0.04086959
v 0.06286831 -0.02103508 0.04086524
v 0.06364879 -0.01733337 0.04093980
v 0.06157313 -0.02049502 0.04226126
v 0.06154903 -0.02061684 0.04225852
v 0.06221747 -0.02071489 0.04149966
v 0.06163848 -0.02252071 0.04142917
v 0.06083730 -0.02423781 0.04133086
v 0.06027450 -0.02373268 0.04211330
v 0.05987443 -0.02431065 0.04206772
v 0.05979535 -0.02581719 0.04120262
v 0.05922738 -0.02524543 0.04199400
v 0.05871814 -0.02598110 0.04193598
v 0.05855477 -0.02724327 0.04104957
v 0.06099149 -0.02204693 0.04219499
v 0.06082846 -0.02246511 0.04217642
v 0.06041137 -0.02353495 0.04212890
v 0.05554199 -0.02867211 0.04157410
v 0.05516136 -0.02891319 0.04153073
v 0.05561145 -0.02960138 0.04068607
v 0.05381114 -0.02976836 0.04137689
v 0.05232797 -0.03145469 0.04028025
v 0.05311616 -0.03020853 0.04129771
v 0.05195854 -0.03072514 0.04116582
v 0.04887032 -0.03295488 0.03985274
v 0.05015505 -0.03152999 0.04096033
v 0.04858302 -0.03223154 0.04078122
v 0.05802549 -0.02662042 0.04185706
v 0.05716102 -0.02741834 0.04175857
v 0.05637265 -0.02814601 0.04166874
v 0.04156529 -0.03460724 0.03998165
v 0.04008921 -0.03508706 0.03981347
v 0.04172416 -0.03534021 0.03896923
v 0.03880469 -0.03540274 0.03966712
v 0.03114555 -0.03728506 0.03879447
v 0.03436691 -0.03649338 0.03916150
v 0.03453336 -0.03789078 0.03701836
v 0.03682543 -0.03734697 0.03732709
v 0.03696274 -0.03731439 0.03734558
v 0.06226628 -0.02289174 0.04078521
v 0.06250331 -0.02241814 0.04078552
v 0.06290228 -0.02103983 0.04083927
v 0.06168864 -0.02428174 0.04067580
v 0.06173680 -0.02420237 0.04068227
v 0.06202707 -0.02352669 0.04072137
v 0.06146109 -0.02465672 0.04064519
v 0.06229761 -0.02289695 0.04075782
v 0.06281473 -0.02101969 0.04089530
v 0.06271579 -0.02098298 0.04096729
v 0.06221462 -0.02287256 0.04081630
v 0.06036674 -0.02627763 0.04053124
v 0.06039802 -0.02628430 0.04050212
v 0.06068282 -0.02593924 0.04054051
v 0.05760293 -0.02899492 0.04020379
v 0.05790854 -0.02887692 0.04016669
v 0.05904583 -0.02770938 0.04039551
v 0.05899633 -0.02786636 0.04031319
v 0.05912379 -0.02774794 0.04033036
v 0.05940772 -0.02748418 0.04036860
v 0.05925615 -0.02762499 0.04034818
v 0.06211919 -0.02282858 0.04088993
v 0.06129384 -0.02458035 0.04078200
v 0.06023236 -0.02619490 0.04064280
v 0.05896394 -0.02764765 0.04047626
v 0.05596813 -0.03005423 0.04008293
v 0.05604009 -0.03012495 0.03999615
v 0.05605093 -0.03022723 0.03991641
v 0.05611981 -0.03018605 0.03992569
v 0.05618010 -0.03015000 0.03993382
v 0.05768216 -0.02904366 0.04013619
v 0.05262825 -0.03193918 0.03964444
v 0.05295474 -0.03195895 0.03949942
v 0.05404341 -0.03142739 0.03964582
v 0.04978879 -0.03334355 0.03907318
v 0.05139572 -0.03270806 0.03928975
v 0.05152615 -0.03265647 0.03930733
v 0.05274678 -0.03206049 0.03947146
v 0.05251971 -0.03177991 0.03984814
v 0.04902390 -0.03328657 0.03939862
v 0.04920834 -0.03357309 0.03899496
v 0.06253742 -0.02089874 0.04113375
v 0.06194713 -0.02273058 0.04105897
v 0.06113031 -0.02447035 0.04095456
v 0.06007573 -0.02607272 0.04081934
v 0.05881707 -0.02751622 0.04065765
v 0.05583974 -0.02990598 0.04027499
v 0.03873622 -0.03683295 0.03758441
v 0.04007556 -0.03646936 0.03776477
v 0.04181166 -0.03567268 0.03847126
v 0.04192385 -0.03596760 0.03801367
v 0.04326298 -0.03560408 0.03819400
v 0.04336314 -0.03557154 0.03820749
v 0.04658410 -0.03452515 0.03864137
v 0.04779872 -0.03413056 0.03880498
v 0.04920834 -0.03357309 0.03899496
v 0.04780360 -0.03257938 0.04069242
v 0.04641886 -0.03302951 0.04053465
v 0.04261190 -0.03426702 0.04010090
v 0.01903081 -0.04129538 0.03493029
v 0.04064184 -0.03978381 0.02165666
v 0.03944099 -0.03959859 0.02333494
v 0.03442453 -0.04085806 0.02007057
v 0.03689009 -0.03940967 0.02697012
v 0.04956326 -0.03610037 0.03488451
v 0.05229586 -0.03519768 0.03609775
v 0.05061584 -0.03394924 0.03810675
v 0.05912379 -0.02774794 0.04033036
v 0.05899633 -0.02786636 0.04031319
v 0.06007904 -0.02970163 0.03938359
v 0.04336314 -0.03557154 0.03820749
v 0.04486791 -0.03609862 0.03620823
v 0.04767805 -0.03510158 0.03727667
v 0.04275362 -0.04050695 0.01884142
v 0.04531798 -0.03893837 0.02555649
v 0.04424855 -0.03859326 0.02698937
v 0.05514759 -0.03415004 0.03708852
v 0.06505728 -0.02190394 0.04046328
v 0.06601725 -0.01865455 0.04070056
v 0.06364879 -0.01733337 0.04093980
v 0.06519187 -0.01905327 0.04066284
v 0.06432560 -0.01950174 0.04070148
v 0.06202707 -0.02352669 0.04072137
v 0.06173680 -0.02420237 0.04068227
v 0.06242487 -0.02597710 0.04019098
v 0.06337703 -0.02811106 0.03954108
v 0.05683196 -0.03123025 0.03913103
v 0.05812812 -0.03294569 0.03783878
v 0.04795368 -0.03728299 0.03213833
v 0.04531798 -0.03893837 0.02555649
v 0.04407229 -0.03967827 0.02213082
v 0.04188475 -0.03904729 0.02508750
v 0.04175426 -0.04007661 0.02014348
v 0.04052406 -0.04081180 0.01669900
v 0.04051215 -0.04080980 0.01669900
v 0.03581472 -0.04081291 0.01803872
v 0.03763172 -0.04085472 0.01669900
v 0.03942031 -0.04049431 0.01818587
v 0.04040310 -0.04079149 0.01669900
v 0.03395510 -0.04125619 0.01669900
v 0.03602518 -0.04089137 0.01669900
v 0.03679788 -0.04087374 0.01669900
v 0.03162458 -0.04097214 0.02417080
v 0.02980926 -0.04002506 0.03166386
v 0.03429180 -0.03927840 0.03069377
v 0.03453336 -0.03789078 0.03701836
v 0.03352033 -0.03813113 0.03688190
v 0.03693234 -0.03848770 0.03207891
v 0.03023959 -0.03890950 0.03644000
v 0.04326298 -0.03560408 0.03819400
v 0.04192385 -0.03596760 0.03801367
v 0.04216747 -0.03696219 0.03493495
v 0.04007556 -0.03646936 0.03776477
v 0.03873622 -0.03683295 0.03758441
v 0.04920834 -0.03357309 0.03899496
v 0.04779872 -0.03413056 0.03880498
v 0.04658410 -0.03452515 0.03864137
v 0.05152615 -0.03265647 0.03930733
v 0.05139572 -0.03270806 0.03928975
v 0.05212237 -0.03332727 0.03845151
v 0.04978879 -0.03334355 0.03907318
v 0.05366238 -0.03266459 0.03873377
v 0.05295474 -0.03195895 0.03949942
v 0.05274678 -0.03206049 0.03947146
v 0.05768216 -0.02904366 0.04013619
v 0.05790854 -0.02887692 0.04016669
v 0.05611981 -0.03018605 0.03992569
v 0.05404341 -0.03142739 0.03964582
v 0.05925615 -0.02762499 0.04034818
v 0.06146109 -0.02465672 0.04064519
v 0.06068282 -0.02593924 0.04054051
v 0.06168864 -0.02428174 0.04067580
v 0.06039802 -0.02628430 0.04050212
v 0.05940772 -0.02748418 0.04036860
v 0.06250331 -0.02241814 0.04078552
v 0.06312735 -0.02016894 0.04086959
v 0.06308028 -0.02042491 0.04086325
v 0.06229761 -0.02289695 0.04075782
v 0.03696274 -0.03731439 0.03734558
v 0.03711484 -0.03739510 0.03692580
v 0.03953573 -0.03774220 0.03353340
v 0.04075029 -0.03791072 0.03182950
v 0.04591734 -0.03646805 0.03481267
v 0.03682543 -0.03734697 0.03732709
v 0.03945462 -0.03871143 0.02849716
v 0.04695025 -0.03685758 0.03344798
v 0.04194989 -0.03809746 0.03015355
v 0.04312080 -0.03831911 0.02853117
v -0.00444313 0.04879029 -0.00000109
v -0.00440258 0.04876585 -0.00000107
v -0.00441112 0.04878544 -0.00000100
v -0.00439890 0.04876363 -0.00000107
v -0.00430106 0.04874261 -0.00000100
v -0.00428908 0.04873035 -0.00000103
v -0.00425956 0.04873376 -0.00000100
v -0.00426622 0.04872938 -0.00000103
v -0.00424463 0.04873302 -0.00000100
v -0.00417156 0.04872535 -0.00000100
v -0.00414142 0.04872791 -0.00000100
v -0.00460085 0.04897013 -0.00000100
v -0.00463452 0.04900087 -0.00000117
v -0.00457618 0.04890267 -0.00000113
v -0.00445113 0.04880944 -0.00000100
v -0.00445441 0.04881140 -0.00000100
v -0.00449663 0.04882254 -0.00000110
v -0.00454382 0.04888817 -0.00000100
v -0.00457590 0.04892686 -0.00000100
v -0.00463480 0.04902899 -0.00000100
v -0.00464975 0.04906937 -0.00000100
v -0.00465981 0.04908644 -0.00000120
v -0.00465210 0.04907574 -0.00000100
v -0.00466697 0.04911069 -0.00000120
v -0.00467292 0.04917873 -0.00000115
v 0.02851078 -0.04030605 -0.01670098
v 0.02851262 -0.04030524 -0.01672425
v 0.02842405 -0.04037502 -0.01670101
v 0.02837387 -0.04043391 -0.01672875
v 0.02833155 -0.04047873 -0.01670100
v 0.02833006 -0.04047453 -0.01673017
v 0.02832048 -0.04048342 -0.01673048
v 0.02826958 -0.04054821 -0.01670100
v 0.02825814 -0.04058135 -0.01673250
v 0.02819460 -0.04068538 -0.01670100
v 0.02811282 -0.04091741 -0.01673740
v 0.02811419 -0.04091975 -0.01670102
v 0.02816920 -0.04074677 -0.01673543
v 0.02816153 -0.04074588 -0.01670101
v 0.02818688 -0.04069329 -0.01673481
v 0.02819379 -0.04068243 -0.01673459
v 0.02810952 -0.04092741 -0.01673751
v 0.02809591 -0.04111484 -0.01673842
v 0.02809391 -0.04116638 -0.01670105
v 0.02810985 -0.04092639 -0.01673750
v 0.02809758 -0.04098074 -0.01670102
v 0.02809227 -0.04116504 -0.01673867
v 0.02809160 -0.04117420 -0.01673871
v 0.02809269 -0.04122782 -0.01670106
v 0.02811422 -0.04130139 -0.01673828
v 0.02813541 -0.04141013 -0.01670102
v 0.02823377 -0.04163732 -0.01673514
v 0.02823544 -0.04163619 -0.01670103
v 0.02816386 -0.04148202 -0.01673708
v 0.02814979 -0.04147149 -0.01670101
v 0.02813491 -0.04141771 -0.01673789
v 0.02813354 -0.04141003 -0.01673791
v 0.02824425 -0.04165233 -0.01673482
v 0.02836150 -0.04180013 -0.01673125
v 0.02838820 -0.04183079 -0.01670105
v 0.02823564 -0.04164148 -0.01673509
v 0.02826293 -0.04168906 -0.01670104
v 0.02838731 -0.04183266 -0.01673046
v 0.02839003 -0.04183609 -0.01673038
v 0.02842223 -0.04186928 -0.01670105
v 0.02850326 -0.04192224 -0.01672673
v 0.02858573 -0.04198004 -0.01670101
v 0.02858438 -0.04198397 -0.01672411
v 0.02858738 -0.04198625 -0.01672401
v 0.02863780 -0.04201532 -0.01670100
v 0.02866312 -0.04201850 -0.01672151
v 0.02881229 -0.04208036 -0.01670101
v 0.02902398 -0.04211557 -0.01670854
v 0.02905784 -0.04211998 -0.01670101
v 0.02884009 -0.04209073 -0.01670101
v 0.02881266 -0.04208219 -0.01671656
v 0.02881455 -0.04208300 -0.01671649
v 0.02883781 -0.04208661 -0.01671561
v 0.02905824 -0.04212089 -0.01670724
v 0.02905879 -0.04212099 -0.01670722
v 0.02906932 -0.04212152 -0.01670101
v 0.02921113 -0.04210667 -0.01670345
v 0.02931035 -0.04209735 -0.01670100
v 0.03237565 -0.03726488 -0.01670100
v 0.03145916 -0.03793952 -0.01823409
v 0.02863195 -0.04025277 -0.01823623
v 0.03422412 -0.03554629 -0.01824306
v 0.03369155 -0.03611296 -0.01823241
v 0.03233941 -0.03721929 -0.01823343
v 0.03674084 -0.03286844 -0.01829338
v 0.03704580 -0.03261230 -0.01670100
v 0.03701234 -0.03257955 -0.01829881
v 0.04105335 -0.02737814 -0.01670100
v 0.03908465 -0.03003942 -0.01837635
v 0.03805135 -0.03147402 -0.01831958
v 0.04184903 -0.02620146 -0.01852821
v 0.04310882 -0.02385274 -0.01866497
v 0.04432662 -0.02165603 -0.01670100
v 0.04124406 -0.02704138 -0.01849498
v 0.04101990 -0.02735260 -0.01848266
v 0.04624902 -0.01714609 -0.01670100
v 0.04629354 -0.01714609 -0.01909437
v 0.04493823 -0.02044203 -0.01886357
v 0.04486354 -0.02058129 -0.01885546
v 0.04429659 -0.02163829 -0.01879392
v 0.04923212 -0.00120372 -0.01972951
v 0.04918489 -0.00294964 -0.01972812
v 0.04920939 -0.00294063 -0.01670100
v 0.04910303 -0.00440304 -0.01670100
v 0.04891740 -0.00294063 -0.00000100
v 0.04896693 0.00170324 -0.00000100
v 0.04931110 0.00171589 -0.01973185
v 0.04914546 -0.00440738 -0.01972695
v 0.04914103 -0.00457113 -0.01972682
v 0.04797875 -0.01139680 -0.01670100
v 0.04854606 -0.00834966 -0.01959034
v 0.04814771 -0.01087943 -0.01949897
v 0.04790206 -0.01170967 -0.01944536
v 0.04799413 -0.01139851 -0.01946545
v 0.04841897 -0.04954676 -0.01911189
v 0.04801124 -0.04954676 -0.01827602
v 0.04808725 -0.04642420 -0.01827601
v 0.04891421 -0.04799536 -0.01994720
v 0.04886534 -0.04954676 -0.01997766
v 0.04852080 -0.04643433 -0.01909786
v 0.04852051 -0.04643433 -0.01909736
v 0.05030752 -0.04954676 -0.02253796
v 0.05136566 -0.04954676 -0.02416341
v 0.04965201 -0.04642420 -0.02104291
v 0.05182398 -0.04642421 -0.02455676
v 0.05221931 -0.04954676 -0.02547473
v 0.05430797 -0.04954676 -0.02819397
v 0.05431631 -0.04954676 -0.02820482
v 0.05647914 -0.04954676 -0.03061921
v 0.05773105 -0.04954676 -0.03182349
v 0.06138689 -0.04642404 -0.03469285
v 0.05892836 -0.04954676 -0.03297525
v 0.05859265 -0.04642421 -0.03236270
v 0.06150000 -0.04798093 -0.03498554
v 0.04729238 -0.04954676 -0.01670093
v 0.04729233 -0.04642416 -0.01670089
v 0.04768377 -0.04642420 -0.01749153
v 0.04728660 -0.04618970 -0.01670086
v 0.04721549 -0.04576497 -0.01670049
v 0.04803875 -0.04566988 -0.01827427
v 0.03480268 -0.04106383 -0.01824140
v 0.03541885 -0.04099949 -0.01670100
v 0.03272605 -0.04144248 -0.01824444
v 0.03251428 -0.04151740 -0.01670100
v 0.02958030 -0.04204056 -0.01670100
v 0.03834337 -0.04083848 -0.01670100
v 0.04023981 -0.04074584 -0.01823905
v 0.04040310 -0.04079149 -0.01670100
v 0.04029431 -0.04074404 -0.01823904
v 0.04126069 -0.04096510 -0.01670100
v 0.04628220 -0.04247198 -0.01825316
v 0.04656552 -0.04266313 -0.01825485
v 0.04537880 -0.04249284 -0.01669847
v 0.04591540 -0.04301633 -0.01669866
v 0.04609462 -0.04234542 -0.01825203
v 0.04528893 -0.04240517 -0.01669843
v 0.04564944 -0.04204505 -0.01824937
v 0.04523783 -0.04237357 -0.01669857
v 0.04476066 -0.04207857 -0.01669980
v 0.04559087 -0.04200553 -0.01824902
v 0.04430558 -0.04179722 -0.01670097
v 0.04494157 -0.04176460 -0.01824700
v 0.04430552 -0.04179718 -0.01670097
v 0.04411114 -0.04171904 -0.01670097
v 0.04720076 -0.04567694 -0.01670042
v 0.04719232 -0.04562657 -0.01670037
v 0.04800859 -0.04520080 -0.01827319
v 0.04709784 -0.04506226 -0.01669989
v 0.04797063 -0.04506972 -0.01827244
v 0.04792944 -0.04492750 -0.01827162
v 0.04704901 -0.04494147 -0.01669999
v 0.04778078 -0.04441417 -0.01826868
v 0.04698339 -0.04477918 -0.01670013
v 0.04773136 -0.04424350 -0.01826770
v 0.04684814 -0.04444462 -0.01670041
v 0.04770948 -0.04420463 -0.01826741
v 0.04676644 -0.04424253 -0.01670058
v 0.04748473 -0.04380547 -0.01826434
v 0.04612619 -0.04322197 -0.01669874
v 0.04685121 -0.04296774 -0.01825749
v 0.04637876 -0.04360116 -0.01669960
v 0.04710931 -0.04324293 -0.01825987
v 0.04670544 -0.04409164 -0.01670071
v 0.04659163 -0.04392076 -0.01670032
v 0.04733788 -0.04354466 -0.01826234
v 0.04725615 -0.04339950 -0.01826123
v 0.04664245 -0.04274517 -0.01825556
v 0.04600436 -0.04310311 -0.01669870
v 0.04196945 -0.04100510 -0.01824093
v 0.04293536 -0.04115564 -0.01824202
v 0.04270995 -0.04125847 -0.01670100
v 0.04349641 -0.04124308 -0.01824265
v 0.04322461 -0.04136265 -0.01670100
v 0.04356481 -0.04125374 -0.01824273
v 0.04424384 -0.04150570 -0.01824484
v 0.02850602 -0.04036856 -0.01824037
v 0.02849349 -0.04038008 -0.01824078
v 0.02845033 -0.04041976 -0.01824220
v 0.02839785 -0.04049922 -0.01824590
v 0.02837910 -0.04052761 -0.01824722
v 0.02821539 -0.04105761 -0.01826324
v 0.02821171 -0.04109784 -0.01826402
v 0.02822312 -0.04097284 -0.01826162
v 0.02823252 -0.04086989 -0.01825965
v 0.02823391 -0.04085464 -0.01825935
v 0.02811282 -0.04091741 -0.01673740
v 0.02825121 -0.04080548 -0.01825773
v 0.02829119 -0.04069188 -0.01825397
v 0.02831467 -0.04062519 -0.01825176
v 0.02819379 -0.04068243 -0.01673459
v 0.02862154 -0.04186670 -0.01826383
v 0.02850326 -0.04192224 -0.01672673
v 0.02862055 -0.04186590 -0.01826385
v 0.02849057 -0.04176063 -0.01826576
v 0.02847827 -0.04174432 -0.01826585
v 0.02890454 -0.04201948 -0.01825808
v 0.02895762 -0.04202957 -0.01825690
v 0.02908959 -0.04205466 -0.01825395
v 0.02914419 -0.04206504 -0.01825273
v 0.02914553 -0.04206530 -0.01825270
v 0.02925945 -0.04205966 -0.01825115
v 0.02933458 -0.04205595 -0.01825012
v 0.02937800 -0.04205379 -0.01824953
v 0.02949761 -0.04205530 -0.01670100
v 0.02943045 -0.04204341 -0.01824927
v 0.02970917 -0.04199259 -0.01824886
v 0.02868464 -0.04191780 -0.01826290
v 0.02876481 -0.04195487 -0.01826114
v 0.02866312 -0.04201850 -0.01672151
v 0.02878221 -0.04196292 -0.01826076
v 0.02881266 -0.04208219 -0.01671656
v 0.02881455 -0.04208300 -0.01671649
v 0.02838510 -0.04162068 -0.01826647
v 0.02824425 -0.04165233 -0.01673482
v 0.02836458 -0.04159346 -0.01826661
v 0.02823564 -0.04164148 -0.01673509
v 0.02834396 -0.04156610 -0.01826675
v 0.02823377 -0.04163732 -0.01673514
v 0.02830403 -0.04147179 -0.01826655
v 0.02816386 -0.04148202 -0.01673708
v 0.02828388 -0.04142422 -0.01826644
v 0.02813491 -0.04141771 -0.01673789
v 0.02824971 -0.04134350 -0.01826627
v 0.02813354 -0.04141003 -0.01673791
v 0.02824488 -0.04131229 -0.01826598
v 0.02811422 -0.04130139 -0.01673828
v 0.02823434 -0.04124414 -0.01826536
v 0.03572942 -0.04089484 -0.01824004
v 0.03577476 -0.04089334 -0.01824003
v 0.03602518 -0.04089137 -0.01670100
v 0.03751325 -0.04083591 -0.01823965
v 0.03888532 -0.04079059 -0.01823935
v 0.04955021 0.00170906 -0.02079147
v 0.04944501 0.00171130 -0.02057757
v 0.04922581 0.00491510 -0.02045601
v 0.03829786 0.03103635 -0.01693929
v 0.04199762 0.02586478 -0.01760824
v 0.04194780 0.02586084 -0.01749387
v 0.04497308 0.02014197 -0.01817229
v 0.04490439 0.02027168 -0.01815430
v 0.04492361 0.02027019 -0.01822485
v 0.04868248 0.00793035 -0.01946851
v 0.04864183 0.00810462 -0.01945294
v 0.04870112 0.00809892 -0.01984421
v 0.02750004 0.04099384 -0.01656313
v 0.02914000 0.03997629 -0.01659114
v 0.02913583 0.03995576 -0.01657712
v 0.02361688 0.04340321 -0.01649679
v 0.02383286 0.04326920 -0.01650048
v 0.02361694 0.04337458 -0.01648833
v 0.02361696 0.04336687 -0.01648605
v 0.02912346 0.03992366 -0.01656068
v 0.02361700 0.04334949 -0.01648091
v 0.04885923 0.00618301 -0.01954256
v 0.04934868 0.00171479 -0.02017685
v 0.04934678 0.00171485 -0.02015978
v 0.04931823 0.00171580 -0.01990361
v 0.04938700 0.00171340 -0.02033625
v 0.04880547 0.00809183 -0.02022328
v 0.04735493 0.01430983 -0.01954711
v 0.04512818 0.01972911 -0.01822318
v 0.04747917 0.01308918 -0.01900747
v 0.04724414 0.01409677 -0.01891742
v 0.04724194 0.01431661 -0.01922294
v 0.04510951 0.02026639 -0.01871000
v 0.04715930 0.01432261 -0.01888958
v 0.04718225 0.01432344 -0.01897521
v 0.04719892 0.01432067 -0.01905798
v 0.04039593 0.02816053 -0.01708091
v 0.04013310 0.02848988 -0.01704489
v 0.04013120 0.02848822 -0.01704750
v 0.04211515 0.02553935 -0.01742364
v 0.04190473 0.02586016 -0.01738170
v 0.04192348 0.02585908 -0.01743735
v 0.04184024 0.02595849 -0.01736884
v 0.03614276 0.03339911 -0.01654579
v 0.03822370 0.03102625 -0.01681436
v 0.03614393 0.03339992 -0.01654505
v 0.03820607 0.03102747 -0.01679412
v 0.02902805 0.03976363 -0.01623115
v 0.03395072 0.03569633 -0.01647991
v 0.03392052 0.03568278 -0.01640002
v 0.03825463 0.03102669 -0.01684736
v 0.03815248 0.03097182 -0.01677341
v 0.03389316 0.03566080 -0.01638212
v 0.02900688 0.03974630 -0.01611769
v 0.02901192 0.03974936 -0.01615577
v 0.03611014 0.03339433 -0.01652200
v 0.03383748 0.03561746 -0.01634082
v 0.03275463 0.03667670 -0.01625450
v 0.03225991 0.03716064 -0.01621506
v 0.02897413 0.03970904 -0.01608955
v 0.03764102 0.03161274 -0.01670331
v 0.03660768 0.03290763 -0.01656167
v 0.02638619 0.04157430 -0.01630995
v 0.02639216 0.04158460 -0.01632149
v 0.02361699 0.04317443 -0.01619858
v 0.02361699 0.04317539 -0.01620838
v 0.03885992 0.03094179 -0.01743523
v 0.03955109 0.02997767 -0.01758427
v 0.03857895 0.03114258 -0.01735475
v 0.03642945 0.03354851 -0.01713262
v 0.03417286 0.03586997 -0.01685181
v 0.03449695 0.03562115 -0.01689201
v 0.03418155 0.03588010 -0.01687378
v 0.04230981 0.02598339 -0.01811924
v 0.04225456 0.02590330 -0.01804285
v 0.04054700 0.02857933 -0.01779704
v 0.03851219 0.03110565 -0.01728754
v 0.02935450 0.03984320 -0.01659481
v 0.03093959 0.03854182 -0.01668642
v 0.03412835 0.03592378 -0.01687071
v 0.03414658 0.03584122 -0.01683129
v 0.03642653 0.03354599 -0.01713079
v 0.03694464 0.03299596 -0.01719676
v 0.03864020 0.03117745 -0.01740787
v 0.02911004 0.03989359 -0.01653802
v 0.02361700 0.04329990 -0.01645132
v 0.02361700 0.04332238 -0.01646474
v 0.03412314 0.03581539 -0.01680832
v 0.03401606 0.03572918 -0.01663890
v 0.03160498 0.03784407 -0.01648368
v 0.03163404 0.03787175 -0.01655615
v 0.02361700 0.04329978 -0.01645125
v 0.02640424 0.04162979 -0.01642555
v 0.02361699 0.04327310 -0.01642454
v 0.03409931 0.03579196 -0.01678037
v 0.03166694 0.03791111 -0.01661997
v 0.02909873 0.03986884 -0.01651179
v 0.04897195 0.00808899 -0.02057997
v 0.04934153 0.00661068 -0.02101908
v 0.04939324 0.00491106 -0.02083832
v 0.04952791 0.00490062 -0.02114668
v 0.04963420 0.00170727 -0.02096223
v 0.04978699 0.00252358 -0.02132404
v 0.04982354 0.00170324 -0.02134718
v 0.04545535 0.02031519 -0.01918065
v 0.04526871 0.02028043 -0.01896557
v 0.04542096 0.02040586 -0.01916640
v 0.04385511 0.02313931 -0.01849439
v 0.04394899 0.02313999 -0.01869333
v 0.04570552 0.01965567 -0.01928431
v 0.04721554 0.01567479 -0.01991000
v 0.04751922 0.01431268 -0.01985050
v 0.04748476 0.01496505 -0.02002156
v 0.04770282 0.01439018 -0.02011191
v 0.04842186 0.01132610 -0.02049962
v 0.04917945 0.00809776 -0.02090811
v 0.04055181 0.02858177 -0.01780005
v 0.04186772 0.02674619 -0.01808381
v 0.04242912 0.02596311 -0.01820486
v 0.04341619 0.02412965 -0.01852210
v 0.04388085 0.02326656 -0.01867143
v 0.02717303 0.04095920 -0.01604348
v 0.02361699 0.04315454 -0.01599477
v 0.02361699 0.04316191 -0.01607031
v 0.02810048 0.04038663 -0.01605618
v 0.02361699 0.04316928 -0.01614584
v 0.02361699 0.04319760 -0.01627984
v 0.02361699 0.04320165 -0.01629286
v 0.02361699 0.04321622 -0.01633975
v 0.02907828 0.03982695 -0.01645136
v 0.02905965 0.03979882 -0.01638036
v 0.02640065 0.04161265 -0.01639193
v 0.04210870 0.02587408 -0.01783514
v 0.03839179 0.03105846 -0.01712264
v 0.02361699 0.04323027 -0.01636296
v 0.04494392 0.02026835 -0.01829484
v 0.04499319 0.02026722 -0.01843448
v 0.04370114 0.02311831 -0.01826433
v 0.04217678 0.02588488 -0.01794319
v 0.03844821 0.03107734 -0.01720948
v 0.03405512 0.03575506 -0.01671406
v 0.03165003 0.03788975 -0.01658952
v 0.02908852 0.03984532 -0.01648416
v 0.02640530 0.04163117 -0.01642453
v 0.02361699 0.04325896 -0.01641039
v 0.04884642 -0.00839050 -0.02061404
v 0.04870396 -0.00837498 -0.02015982
v 0.04932568 -0.00295716 -0.02032864
v 0.04947235 -0.00296733 -0.02079355
v 0.04968830 -0.00313516 -0.02133064
v 0.04964522 -0.00467644 -0.02132537
v 0.04954584 -0.00121900 -0.02081176
v 0.04974170 -0.00122488 -0.02133717
v 0.04969276 -0.00297597 -0.02133118
v 0.04819019 -0.01259916 -0.02082949
v 0.04829567 -0.01176444 -0.02067034
v 0.04671113 -0.01719179 -0.02022342
v 0.04939759 -0.00121067 -0.02034642
v 0.04800725 -0.01173392 -0.01994980
v 0.04634292 -0.01715485 -0.01944138
v 0.04914150 -0.00790197 -0.02115610
v 0.04639256 -0.01716319 -0.01965618
v 0.04635620 -0.01715721 -0.01953470
v 0.04635210 -0.01715648 -0.01950591
v 0.04914150 -0.00790197 -0.02115610
v 0.04906515 -0.00839086 -0.02113045
v 0.04814767 -0.01175176 -0.02038260
v 0.04868805 -0.01080554 -0.02100373
v 0.04857052 -0.01132414 -0.02095933
v 0.04843963 -0.01176295 -0.02091464
v 0.04664653 -0.01718879 -0.02014063
v 0.04657075 -0.01718527 -0.02004351
v 0.04649745 -0.01717619 -0.01988417
v 0.04644649 -0.01716987 -0.01977340
v 0.04341937 -0.02442551 -0.01963788
v 0.04371315 -0.02388571 -0.01964035
v 0.04664653 -0.01718879 -0.02014063
v 0.04671113 -0.01719179 -0.02022342
v 0.04530944 -0.02059184 -0.01988169
v 0.04157449 -0.02704765 -0.01913451
v 0.04149306 -0.02704374 -0.01901472
v 0.04338769 -0.02387557 -0.01921950
v 0.04520519 -0.02058807 -0.01975838
v 0.03453439 -0.03561045 -0.01879204
v 0.03445880 -0.03558916 -0.01869171
v 0.03701588 -0.03291761 -0.01874881
v 0.03709580 -0.03293128 -0.01885281
v 0.03936523 -0.03006380 -0.01885678
v 0.03923427 -0.03006314 -0.01861701
v 0.03688587 -0.03290789 -0.01852180
v 0.03683698 -0.03291263 -0.01840249
v 0.03233941 -0.03721929 -0.01823343
v 0.03155494 -0.03801980 -0.01834697
v 0.03428783 -0.03556636 -0.01835543
v 0.03701234 -0.03257955 -0.01829881
v 0.02865434 -0.04025739 -0.01835722
v 0.02865454 -0.04025743 -0.01835828
v 0.02866494 -0.04025957 -0.01841449
v 0.03433467 -0.03556688 -0.01847166
v 0.03159767 -0.03802783 -0.01846300
v 0.03471541 -0.03568328 -0.01895927
v 0.03461988 -0.03564093 -0.01888273
v 0.03718642 -0.03295243 -0.01894753
v 0.03944691 -0.03007146 -0.01896742
v 0.03964422 -0.03010503 -0.01915939
v 0.03970096 -0.03008645 -0.01923220
v 0.03732265 -0.03298087 -0.01906822
v 0.03829646 -0.03181192 -0.01914682
v 0.02886225 -0.04037935 -0.01883315
v 0.02883956 -0.04036347 -0.01879556
v 0.03177887 -0.03809515 -0.01878128
v 0.02879876 -0.04033490 -0.01872796
v 0.03171081 -0.03806562 -0.01868149
v 0.03185554 -0.03813512 -0.01887162
v 0.03189745 -0.03816025 -0.01891219
v 0.03194114 -0.03818938 -0.01894690
v 0.03471541 -0.03568328 -0.01895927
v 0.03198582 -0.03822294 -0.01897182
v 0.02892899 -0.04043572 -0.01891450
v 0.02903460 -0.04054877 -0.01898697
v 0.02902427 -0.04053537 -0.01898475
v 0.02901970 -0.04052946 -0.01898377
v 0.02899377 -0.04050041 -0.01896887
v 0.02897661 -0.04048119 -0.01895901
v 0.02894079 -0.04044699 -0.01892552
v 0.03200827 -0.03824150 -0.01897904
v 0.03284640 -0.03746550 -0.01899473
v 0.02891549 -0.04042284 -0.01890188
v 0.02889547 -0.04040610 -0.01887725
v 0.02886983 -0.04038466 -0.01884570
v 0.03953995 -0.03008486 -0.01906920
v 0.03728778 -0.03298289 -0.01902954
v 0.03492834 -0.03549670 -0.01902000
v 0.03724087 -0.03310875 -0.01908265
v 0.04608589 -0.01887071 -0.02018754
v 0.04567533 -0.01978484 -0.02009262
v 0.04530194 -0.02061287 -0.01994077
v 0.04525419 -0.02072252 -0.01999525
v 0.04365996 -0.02388343 -0.01958652
v 0.04457104 -0.02223583 -0.01983493
v 0.04355951 -0.02388341 -0.01947273
v 0.04166795 -0.02705566 -0.01924579
v 0.04177309 -0.02706804 -0.01934624
v 0.04153799 -0.02747460 -0.01940223
v 0.04083234 -0.02861452 -0.01931445
v 0.04113683 -0.02812475 -0.01935198
v 0.04364105 -0.02406622 -0.01966565
v 0.04079433 -0.02861549 -0.01928459
v 0.04492572 -0.02057486 -0.01917233
v 0.04503844 -0.02057829 -0.01947772
v 0.04131975 -0.02705712 -0.01862280
v 0.04322543 -0.02388677 -0.01879568
v 0.04429659 -0.02163829 -0.01879392
v 0.03918586 -0.03007126 -0.01849156
v 0.04101990 -0.02735260 -0.01848266
v 0.04136534 -0.02704775 -0.01875709
v 0.04326642 -0.02387898 -0.01894060
v 0.03086313 -0.03917577 -0.01898521
v 0.02876829 -0.04031356 -0.01867746
v 0.02874178 -0.04029971 -0.01861000
v 0.02869221 -0.04027382 -0.01848389
v 0.02868825 -0.04027175 -0.01847382
v -0.00363049 0.04884535 -0.00438814
v -0.00417156 0.04872535 -0.00000100
v -0.00426622 0.04872938 -0.00000103
v 0.02361699 0.04327310 -0.01642454
v 0.02361699 0.04325896 -0.01641039
v 0.01923076 0.04535871 -0.01636069
v 0.02361700 0.04329990 -0.01645132
v 0.02361700 0.04329978 -0.01645125
v 0.01922114 0.04540588 -0.01640607
v -0.00427702 0.04888874 -0.00241817
v -0.00388594 0.04894434 -0.00481550
v -0.00381410 0.04889747 -0.00480274
v -0.00320327 0.04896857 -0.00714585
v -0.00438601 0.04903008 -0.00242836
v -0.00463452 0.04900087 -0.00000117
v -0.00465981 0.04908644 -0.00000120
v -0.00241210 0.04916647 -0.00943278
v -0.00238779 0.04913714 -0.00942305
v -0.00333169 0.04906681 -0.00718143
v -0.00243334 0.04919786 -0.00944172
v -0.00105232 0.04925535 -0.01144767
v -0.00460549 0.04918604 -0.00081134
v -0.00439661 0.04920466 -0.00243095
v -0.00441674 0.04911396 -0.00243222
v 0.02361694 0.04337458 -0.01648833
v 0.01921089 0.04549004 -0.01645352
v 0.02361696 0.04336687 -0.01648605
v 0.01921372 0.04546024 -0.01644042
v 0.00285241 0.04931389 -0.01428295
v 0.00315980 0.04929973 -0.01443635
v 0.00286726 0.04925315 -0.01427449
v 0.00471869 0.04916891 -0.01497300
v 0.00516282 0.04906730 -0.01508604
v 0.00511098 0.04913599 -0.01510805
v -0.00182468 0.04936235 -0.01049627
v -0.00122019 0.04938568 -0.01135243
v -0.00108925 0.04935505 -0.01146893
v -0.00109720 0.04938717 -0.01147433
v -0.00061540 0.04939297 -0.01195184
v -0.00246090 0.04933818 -0.00945756
v -0.00220397 0.04935167 -0.00996910
v -0.00246138 0.04930079 -0.00945629
v -0.00190905 0.04936186 -0.01038380
v -0.00182764 0.04936468 -0.01049827
v 0.00139048 0.04938120 -0.01355340
v 0.00164286 0.04936958 -0.01367934
v 0.00093829 0.04938771 -0.01323383
v 0.00072160 0.04936176 -0.01310222
v 0.00072971 0.04939072 -0.01308642
v 0.00003150 0.04940077 -0.01259299
v -0.00108570 0.04931944 -0.01146774
v 0.00073458 0.04932890 -0.01309094
v 0.00273733 0.04931919 -0.01422553
v 0.00285241 0.04931389 -0.01428295
v -0.00342139 0.04924296 -0.00721212
v -0.00298500 0.04931067 -0.00841409
v -0.00292731 0.04931370 -0.00852894
v -0.00406424 0.04923314 -0.00462293
v -0.00402520 0.04915309 -0.00484365
v -0.00417928 0.04922404 -0.00411609
v -0.00418348 0.04922366 -0.00408353
v -0.00401412 0.04923710 -0.00484376
v -0.00403511 0.04919398 -0.00484695
v -0.00360824 0.04926919 -0.00663196
v -0.00340649 0.04928262 -0.00720887
v -0.00341062 0.04920476 -0.00720714
v -0.00246607 0.04926571 -0.00945727
v 0.00075026 0.04929732 -0.01307861
v -0.00107050 0.04928665 -0.01145817
v -0.00245135 0.04923104 -0.00944987
v -0.00339619 0.04916770 -0.00720159
v -0.00401128 0.04911331 -0.00483996
v -0.00335659 0.04909839 -0.00718875
v -0.00394643 0.04900452 -0.00482653
v -0.00457618 0.04890267 -0.00000113
v -0.00433879 0.04895398 -0.00242369
v -0.00399342 0.04907504 -0.00483589
v -0.00337815 0.04913212 -0.00719547
v -0.00466697 0.04911069 -0.00000120
v -0.00467292 0.04917873 -0.00000115
v 0.00527989 0.04890920 -0.01496185
v 0.00533316 0.04887445 -0.01490781
v 0.00299442 0.04909365 -0.01416466
v 0.00305287 0.04905899 -0.01411691
v 0.00086709 0.04916621 -0.01300005
v 0.00092917 0.04913115 -0.01296010
v -0.00095180 0.04915005 -0.01139588
v -0.00088739 0.04911352 -0.01136376
v -0.00233077 0.04908575 -0.00940114
v -0.00226403 0.04904658 -0.00937582
v -0.00327274 0.04901131 -0.00716493
v 0.00311709 0.04903871 -0.01406316
v 0.00539171 0.04885347 -0.01484696
v 0.00412375 0.04897938 -0.01427133
v 0.00553268 0.04881493 -0.01463020
v -0.00061933 0.04909102 -0.01120763
v -0.00081621 0.04909227 -0.01132732
v -0.00029622 0.04910521 -0.01162522
v 0.00099751 0.04911096 -0.01291497
v 0.00061115 0.04910636 -0.01233671
v 0.00328283 0.04902079 -0.01387689
v 0.00152210 0.04910751 -0.01305100
v 0.00117084 0.04910707 -0.01277557
v -0.00312588 0.04894169 -0.00712410
v -0.00373372 0.04886671 -0.00478815
v -0.00377479 0.04887991 -0.00479568
v -0.00211116 0.04901789 -0.00931452
v -0.00304338 0.04893329 -0.00709956
v -0.00364785 0.04885443 -0.00477168
v -0.00369127 0.04885819 -0.00478016
v -0.00353043 0.04885796 -0.00474517
v -0.00288405 0.04893947 -0.00705133
v -0.00260786 0.04897429 -0.00803671
v -0.00200521 0.04902281 -0.00926634
v -0.00218996 0.04902299 -0.00934699
v -0.00180445 0.04903897 -0.00967598
v -0.00449663 0.04882254 -0.00000110
v -0.00420305 0.04883737 -0.00241177
v 0.02361699 0.04321622 -0.01633975
v 0.01924225 0.04531893 -0.01630414
v 0.01925541 0.04528715 -0.01623626
v 0.01017282 0.04805678 -0.01547739
v 0.00772894 0.04854850 -0.01536635
v 0.01008074 0.04812342 -0.01570330
v 0.00767700 0.04857042 -0.01543279
v 0.01003598 0.04814614 -0.01577375
v 0.00999543 0.04818118 -0.01583582
v 0.00762983 0.04860541 -0.01549163
v 0.02361699 0.04317539 -0.01620838
v 0.01927016 0.04526436 -0.01615690
v 0.01939105 0.04510984 -0.01595611
v 0.01478078 0.04682390 -0.01582398
v 0.01333175 0.04728571 -0.01576594
v 0.01474052 0.04692093 -0.01604442
v 0.01224703 0.04763142 -0.01572249
v 0.01926635 0.04516754 -0.01595497
v 0.01769131 0.04589630 -0.01594055
v 0.02361700 0.04334949 -0.01648091
v 0.01921714 0.04543218 -0.01642461
v 0.01462501 0.04712994 -0.01632681
v 0.01561124 0.04684248 -0.01637921
v 0.01460422 0.04716135 -0.01633982
v 0.02022622 0.04507960 -0.01647388
v 0.01985602 0.04522864 -0.01646846
v 0.01919756 0.04549373 -0.01645881
v 0.01671736 0.04649222 -0.01642247
v 0.01468389 0.04697870 -0.01618614
v 0.01471071 0.04694445 -0.01612024
v 0.00990587 0.04833737 -0.01597476
v 0.00988860 0.04839733 -0.01600000
v 0.01009839 0.04835960 -0.01603044
v 0.01314505 0.04762340 -0.01628275
v 0.01344118 0.04752963 -0.01629434
v 0.01121640 0.04808944 -0.01612303
v 0.01087498 0.04817194 -0.01609475
v 0.00900604 0.04855609 -0.01587193
v 0.00752570 0.04876279 -0.01562562
v 0.00750561 0.04882600 -0.01565420
v 0.00577220 0.04905165 -0.01526093
v 0.00682776 0.04891701 -0.01550497
v 0.00741864 0.04884164 -0.01564158
v 0.01464056 0.04707226 -0.01628914
v 0.00992969 0.04827805 -0.01593594
v 0.00995978 0.04822575 -0.01588977
v 0.00755340 0.04870307 -0.01558765
v 0.00758836 0.04865032 -0.01554313
v 0.00519383 0.04900733 -0.01505058
v 0.00523312 0.04895426 -0.01500933
v 0.00290060 0.04919265 -0.01424311
v 0.00294328 0.04913904 -0.01420663
v 0.00076862 0.04926723 -0.01306520
v 0.00081312 0.04921247 -0.01303501
v -0.00103120 0.04922582 -0.01143622
v -0.00100730 0.04919826 -0.01142378
v 0.01466037 0.04702170 -0.01624235
v -0.00428908 0.04873035 -0.00000103
v -0.00439890 0.04876363 -0.00000107
v -0.00440258 0.04876585 -0.00000107
v -0.00444313 0.04879029 -0.00000109
v 0.00784068 0.04853503 -0.01520182
v 0.00772176 0.04855942 -0.01518777
v 0.00703588 0.04863948 -0.01501307
v 0.02947507 -0.04193029 -0.01862386
v 0.02948611 -0.04188048 -0.01870571
v 0.03498880 -0.04081348 -0.01870124
v 0.03373714 -0.04073661 -0.01902775
v 0.03515236 -0.04047733 -0.01903668
v 0.03514723 -0.04048893 -0.01902961
v 0.02949081 -0.04185927 -0.01874058
v 0.02949951 -0.04182004 -0.01880506
v 0.03503664 -0.04074204 -0.01880607
v 0.04842730 -0.04504331 -0.01903330
v 0.04494157 -0.04176460 -0.01824700
v 0.04424384 -0.04150570 -0.01824484
v 0.04469366 -0.04131161 -0.01880195
v 0.04685121 -0.04296774 -0.01825749
v 0.04664245 -0.04274517 -0.01825556
v 0.04712286 -0.04264304 -0.01887089
v 0.04564944 -0.04204505 -0.01824937
v 0.04559087 -0.04200553 -0.01824902
v 0.04598315 -0.04184492 -0.01883013
v 0.04356481 -0.04125374 -0.01824273
v 0.04334511 -0.04094342 -0.01878018
v 0.04349641 -0.04124308 -0.01824265
v 0.04029431 -0.04074404 -0.01823904
v 0.04040765 -0.04066211 -0.01849266
v 0.04196945 -0.04100510 -0.01824093
v 0.04293536 -0.04115564 -0.01824202
v 0.04656552 -0.04266313 -0.01825485
v 0.04628220 -0.04247198 -0.01825316
v 0.04657881 -0.04220814 -0.01884797
v 0.04609462 -0.04234542 -0.01825203
v 0.04773136 -0.04424350 -0.01826770
v 0.04770948 -0.04420463 -0.01826741
v 0.04825105 -0.04437208 -0.01898564
v 0.04797422 -0.04373607 -0.01894024
v 0.04792944 -0.04492750 -0.01827162
v 0.04778078 -0.04441417 -0.01826868
v 0.04748473 -0.04380547 -0.01826434
v 0.04733788 -0.04354466 -0.01826234
v 0.04759449 -0.04315467 -0.01890119
v 0.04725615 -0.04339950 -0.01826123
v 0.04710931 -0.04324293 -0.01825987
v 0.04354465 -0.04083686 -0.01903493
v 0.04490940 -0.04121537 -0.01906847
v 0.04088656 -0.04032824 -0.01915704
v 0.04161980 -0.04041938 -0.01918038
v 0.04085957 -0.04034041 -0.01912390
v 0.04224733 -0.04050418 -0.01915970
v 0.04082139 -0.04035611 -0.01907510
v 0.04354930 -0.04065920 -0.01924180
v 0.04373236 -0.04071689 -0.01924899
v 0.04364337 -0.04077319 -0.01915078
v 0.04379180 -0.04073564 -0.01925133
v 0.04681345 -0.04213652 -0.01913682
v 0.04621243 -0.04176419 -0.01911066
v 0.04704338 -0.04206521 -0.01939941
v 0.04714319 -0.04212440 -0.01940517
v 0.04718473 -0.04214903 -0.01940758
v 0.04736089 -0.04258237 -0.01917014
v 0.04857468 -0.04398863 -0.01962948
v 0.04869783 -0.04432191 -0.01967572
v 0.04757888 -0.04252857 -0.01944808
v 0.04795217 -0.04288802 -0.01948644
v 0.04806007 -0.04305360 -0.01950732
v 0.04806367 -0.04305912 -0.01950802
v 0.04809455 -0.04310650 -0.01951399
v 0.04836731 -0.04352504 -0.01956677
v 0.04845064 -0.04365291 -0.01958290
v 0.04510382 -0.04114917 -0.01930289
v 0.04520466 -0.04118096 -0.01930686
v 0.04594647 -0.04141477 -0.01933601
v 0.04596248 -0.04142427 -0.01933694
v 0.04642105 -0.04169619 -0.01936344
v 0.04703911 -0.04206268 -0.01939916
v 0.02950260 -0.04178161 -0.01884356
v 0.02950681 -0.04172942 -0.01889585
v 0.03508165 -0.04065930 -0.01890254
v 0.02950939 -0.04169738 -0.01892795
v 0.02950960 -0.04169483 -0.01893051
v 0.02950917 -0.04168312 -0.01893758
v 0.03229368 -0.04108103 -0.01893559
v 0.02950719 -0.04162967 -0.01896986
v 0.02950674 -0.04161754 -0.01897719
v 0.03230475 -0.04100142 -0.01898394
v 0.02950126 -0.04157357 -0.01899228
v 0.03090151 -0.04126121 -0.01899209
v 0.03282928 -0.04090294 -0.01902201
v 0.03513936 -0.04051260 -0.01901606
v 0.03232099 -0.04099607 -0.01901880
v 0.03090511 -0.04125547 -0.01900986
v 0.02950027 -0.04156563 -0.01899501
v 0.02949922 -0.04156053 -0.01899560
v 0.02949591 -0.04154447 -0.01899747
v 0.02950799 -0.04165119 -0.01895686
v 0.03230193 -0.04102865 -0.01897004
v 0.03512109 -0.04056255 -0.01898455
v 0.03552643 -0.04040879 -0.01903904
v 0.03658238 -0.04036377 -0.01906023
v 0.03510243 -0.04061259 -0.01894630
v 0.03796680 -0.04031580 -0.01901838
v 0.03658160 -0.04036587 -0.01905986
v 0.03945583 -0.04024534 -0.01911704
v 0.03802035 -0.04030245 -0.01908909
v 0.03723661 -0.04033588 -0.01907336
v 0.03790687 -0.04040411 -0.01892784
v 0.03793764 -0.04036140 -0.01897549
v 0.04074151 -0.04043292 -0.01897315
v 0.04224050 -0.04051089 -0.01911120
v 0.04231450 -0.04050572 -0.01920249
v 0.04057582 -0.04055944 -0.01874120
v 0.03777710 -0.04054739 -0.01871407
v 0.03484093 -0.04097841 -0.01835941
v 0.02944205 -0.04202280 -0.01836959
v 0.03489010 -0.04093232 -0.01847649
v 0.02944220 -0.04202244 -0.01837071
v 0.03764315 -0.04066115 -0.01848038
v 0.03577476 -0.04089334 -0.01824003
v 0.03572942 -0.04089484 -0.01824004
v 0.02943045 -0.04204341 -0.01824927
v 0.02943753 -0.04203408 -0.01833449
v 0.02970917 -0.04199259 -0.01824886
v 0.03272605 -0.04144248 -0.01824444
v 0.03480268 -0.04106383 -0.01824140
v 0.04023981 -0.04074584 -0.01823905
v 0.03888532 -0.04079059 -0.01823935
v 0.03751325 -0.04083591 -0.01823965
v 0.02945710 -0.04198529 -0.01848627
v 0.02945855 -0.04198168 -0.01849749
v 0.02947001 -0.04195314 -0.01858631
v 0.04800859 -0.04520080 -0.01827319
v 0.03942852 -0.04024242 -0.01911735
v 0.03945777 -0.04024116 -0.01911793
v 0.04000001 -0.04021805 -0.01912882
v 0.02824971 -0.04134350 -0.01826627
v 0.02824488 -0.04131229 -0.01826598
v 0.02826408 -0.04130455 -0.01839104
v 0.02864564 -0.04069574 -0.01888440
v 0.02871259 -0.04058402 -0.01888193
v 0.02875565 -0.04060422 -0.01891904
v 0.02888464 -0.04067555 -0.01898650
v 0.02880021 -0.04085535 -0.01898819
v 0.02874978 -0.04084426 -0.01897431
v 0.02950681 -0.04172942 -0.01889585
v 0.02950260 -0.04178161 -0.01884356
v 0.02937037 -0.04180507 -0.01884793
v 0.02895865 -0.04155574 -0.01895952
v 0.02892434 -0.04159458 -0.01893042
v 0.02882949 -0.04151457 -0.01893015
v 0.02911044 -0.04152474 -0.01899514
v 0.02944220 -0.04202244 -0.01837071
v 0.02927523 -0.04204946 -0.01837443
v 0.02847827 -0.04174432 -0.01826585
v 0.02838510 -0.04162068 -0.01826647
v 0.02840243 -0.04161395 -0.01839183
v 0.02832921 -0.04063841 -0.01837622
v 0.02826940 -0.04079783 -0.01838197
v 0.02823855 -0.04096550 -0.01838629
v 0.02831536 -0.04079545 -0.01850849
v 0.02837414 -0.04064000 -0.01850301
v 0.02937800 -0.04205379 -0.01824953
v 0.02933458 -0.04205595 -0.01825012
v 0.02943753 -0.04203408 -0.01833449
v 0.02856467 -0.04037284 -0.01849051
v 0.02861986 -0.04039342 -0.01861615
v 0.02868588 -0.04042388 -0.01873341
v 0.02879876 -0.04033490 -0.01872796
v 0.02852403 -0.04036277 -0.01836284
v 0.02841534 -0.04049184 -0.01836948
v 0.02845860 -0.04049750 -0.01849670
v 0.02851802 -0.04051195 -0.01862144
v 0.02858983 -0.04053480 -0.01873753
v 0.02823692 -0.04113616 -0.01838925
v 0.02828497 -0.04095917 -0.01851271
v 0.02838024 -0.04079684 -0.01863168
v 0.02843680 -0.04064802 -0.01862689
v 0.02828326 -0.04112583 -0.01851570
v 0.02835095 -0.04095370 -0.01863548
v 0.02846007 -0.04080220 -0.01874570
v 0.02851331 -0.04066241 -0.01874183
v 0.02822312 -0.04097284 -0.01826162
v 0.02843250 -0.04094960 -0.01874888
v 0.02843094 -0.04109972 -0.01875133
v 0.02834926 -0.04111341 -0.01863828
v 0.02837480 -0.04127094 -0.01864018
v 0.02830982 -0.04129022 -0.01851761
v 0.02836418 -0.04144716 -0.01851858
v 0.02831956 -0.04146541 -0.01839186
v 0.02845510 -0.04124780 -0.01875312
v 0.02850463 -0.04138914 -0.01875427
v 0.02842716 -0.04142129 -0.01864126
v 0.02850547 -0.04155997 -0.01864159
v 0.02844542 -0.04159199 -0.01851871
v 0.02855055 -0.04172093 -0.01851796
v 0.02850967 -0.04174634 -0.01839094
v 0.02863765 -0.04185882 -0.01838909
v 0.02878829 -0.04173250 -0.01875394
v 0.02891661 -0.04180796 -0.01875247
v 0.02886352 -0.04186865 -0.01863768
v 0.02905541 -0.04185854 -0.01875034
v 0.02901115 -0.04192388 -0.01863469
v 0.02920028 -0.04188425 -0.01874791
v 0.02916537 -0.04195276 -0.01863138
v 0.02934708 -0.04188598 -0.01874561
v 0.02932164 -0.04195587 -0.01862831
v 0.02857872 -0.04151944 -0.01875480
v 0.02867446 -0.04163512 -0.01875470
v 0.02860673 -0.04168326 -0.01864113
v 0.02872731 -0.04178740 -0.01863984
v 0.02867589 -0.04183020 -0.01851629
v 0.02881775 -0.04191601 -0.01851360
v 0.02878271 -0.04194767 -0.01838617
v 0.02878221 -0.04196292 -0.01826076
v 0.02894073 -0.04200963 -0.01838227
v 0.02914419 -0.04206504 -0.01825273
v 0.02910659 -0.04204368 -0.01837807
v 0.02914553 -0.04206530 -0.01825270
v 0.02925945 -0.04205966 -0.01825115
v 0.02908959 -0.04205466 -0.01825395
v 0.02895762 -0.04202957 -0.01825690
v 0.02890454 -0.04201948 -0.01825808
v 0.02945855 -0.04198168 -0.01849749
v 0.02929677 -0.04201146 -0.01850244
v 0.02913316 -0.04200693 -0.01850601
v 0.02897186 -0.04197515 -0.01850997
v 0.02868464 -0.04191780 -0.01826290
v 0.02862154 -0.04186670 -0.01826383
v 0.02862055 -0.04186590 -0.01826385
v 0.02849057 -0.04176063 -0.01826576
v 0.02949951 -0.04182004 -0.01880506
v 0.02949081 -0.04185927 -0.01874058
v 0.02948611 -0.04188048 -0.01870571
v 0.02899215 -0.04151567 -0.01898116
v 0.02890926 -0.04144575 -0.01898056
v 0.02883936 -0.04136245 -0.01897979
v 0.02874950 -0.04141912 -0.01892957
v 0.02873613 -0.04129006 -0.01895746
v 0.02897357 -0.04173631 -0.01885201
v 0.02885518 -0.04166754 -0.01885274
v 0.02930154 -0.04157552 -0.01899582
v 0.02930884 -0.04152780 -0.01900049
v 0.02929200 -0.04162313 -0.01898191
v 0.02926653 -0.04171637 -0.01892944
v 0.02914618 -0.04169658 -0.01893000
v 0.02928021 -0.04167021 -0.01895952
v 0.02916703 -0.04165155 -0.01895971
v 0.02918634 -0.04160540 -0.01898181
v 0.02883367 -0.04124647 -0.01899223
v 0.02894807 -0.04140999 -0.01899393
v 0.02908542 -0.04156958 -0.01898158
v 0.02905879 -0.04161345 -0.01895974
v 0.02903099 -0.04165606 -0.01893037
v 0.02910148 -0.04178187 -0.01885081
v 0.02923498 -0.04180443 -0.01884936
v 0.02938873 -0.04171643 -0.01892884
v 0.02950939 -0.04169738 -0.01892795
v 0.02879899 -0.04062624 -0.01894936
v 0.02884214 -0.04065003 -0.01897210
v 0.02899377 -0.04050041 -0.01896887
v 0.02864879 -0.04082569 -0.01892286
v 0.02869915 -0.04083439 -0.01895228
v 0.02867766 -0.04106535 -0.01895511
v 0.02873031 -0.04105928 -0.01897669
v 0.02878503 -0.04126838 -0.01897887
v 0.02891549 -0.04042284 -0.01890188
v 0.02892899 -0.04043572 -0.01891450
v 0.02859984 -0.04068308 -0.01884185
v 0.02867029 -0.04056569 -0.01883879
v 0.02875901 -0.04046362 -0.01883592
v 0.02883956 -0.04036347 -0.01879556
v 0.02886983 -0.04038466 -0.01884570
v 0.02857417 -0.04107860 -0.01889066
v 0.02852433 -0.04108558 -0.01884919
v 0.02852563 -0.04094740 -0.01884717
v 0.02868745 -0.04131134 -0.01892870
v 0.02862545 -0.04107182 -0.01892620
v 0.02859921 -0.04081816 -0.01888676
v 0.02855090 -0.04081175 -0.01884471
v 0.02874997 -0.04157829 -0.01885295
v 0.02866134 -0.04147198 -0.01885268
v 0.02863947 -0.04133206 -0.01889330
v 0.02859269 -0.04135204 -0.01885196
v 0.02854677 -0.04122190 -0.01885079
v 0.02836458 -0.04159346 -0.01826661
v 0.02834396 -0.04156610 -0.01826675
v 0.02830403 -0.04147179 -0.01826655
v 0.02828388 -0.04142422 -0.01826644
v 0.08799997 -0.00169676 -0.04535104
v 0.11357200 -0.00169676 -0.03745397
v 0.12172481 -0.00169676 -0.03032036
v 0.12510660 -0.00169676 -0.02607274
v 0.13023340 -0.00169676 -0.01652237
v 0.13298920 -0.00509676 -0.00520922
v 0.13294811 -0.00169676 -0.00602540
v 0.08799997 -0.00018444 -0.04535105
v 0.09341980 -0.00018444 -0.04502599
v 0.12682921 0.00170324 -0.02343017
v 0.12786700 0.00170324 -0.02140594
v 0.12795611 -0.00018444 -0.02145162
v 0.13306800 0.00170324 -0.00440433
v 0.13329301 0.00170324 -0.00089170
v 0.13334121 -0.00018444 -0.00089479
v 0.13238671 0.00170324 -0.00875432
v 0.13293221 0.00170324 -0.00602225
v 0.13294811 -0.00018444 -0.00602541
v 0.13297971 0.00170324 -0.00578443
v 0.13016100 0.00170324 -0.01649712
v 0.13136640 0.00170324 -0.01303965
v 0.13190531 -0.00018444 -0.01135647
v 0.13175181 0.00170324 -0.01193427
v 0.13186861 0.00170324 -0.01134912
v 0.12798091 0.00170324 -0.02118375
v 0.12968781 0.00170324 -0.01785453
v 0.13023340 -0.00018444 -0.01652236
v 0.12991170 0.00170324 -0.01721242
v 0.12322661 0.00170324 -0.02856183
v 0.12501781 0.00170324 -0.02601037
v 0.12510670 -0.00018444 -0.02607279
v 0.12573681 0.00170324 -0.02498613
v 0.11692380 0.00170324 -0.03492987
v 0.11784710 0.00170324 -0.03411787
v 0.11786030 -0.00018444 -0.03413288
v 0.11895291 0.00170324 -0.03314526
v 0.12015310 0.00170324 -0.03185802
v 0.12172471 -0.00018444 -0.03032033
v 0.12165101 0.00170324 -0.03025158
v 0.10628241 0.00170324 -0.04150257
v 0.10886081 0.00170324 -0.04014685
v 0.10891101 -0.00018444 -0.04024224
v 0.10948691 0.00170324 -0.03981763
v 0.11182970 0.00170324 -0.03858573
v 0.11357200 -0.00018444 -0.03745389
v 0.11330881 0.00170324 -0.03752429
v 0.11351581 0.00170324 -0.03737570
v 0.10125991 0.00170324 -0.04331184
v 0.10391250 0.00170324 -0.04235628
v 0.10394780 -0.00018444 -0.04245433
v 0.10547800 0.00170324 -0.04179235
v 0.09876407 -0.00018444 -0.04405507
v 0.10038570 0.00170324 -0.04362675
v 0.09341635 0.00170325 -0.04497586
v 0.09425069 0.00170324 -0.04491806
v 0.09690570 0.00170324 -0.04435923
v 0.09874662 0.00170324 -0.04397175
v 0.09248047 0.00170325 -0.04504069
v 0.08799995 0.00170327 -0.04535108
v 0.13190531 -0.00169676 -0.01135647
v 0.12795611 -0.00169676 -0.02145162
v 0.11786030 -0.00169676 -0.03413289
v 0.09876404 -0.00169676 -0.04405519
v 0.09341980 -0.00169676 -0.04502611
v 0.13334121 -0.00169676 -0.00089479
v 0.10891111 -0.00169676 -0.04024223
v 0.10394780 -0.00169676 -0.04245426
v 0.13294420 0.00928454 -0.00439658
v 0.12307600 0.00931971 -0.02852379
v 0.12010151 0.00932405 -0.03180283
v 0.11982570 0.01693046 -0.03152871
v 0.12973940 0.04456015 -0.00000101
v 0.13044131 0.03969448 -0.00000100
v 0.13026290 0.03970463 -0.00411691
v 0.11875040 0.05467327 -0.02493123
v 0.12112240 0.05424271 -0.02186371
v 0.12240441 0.04704889 -0.02275444
v 0.08800003 0.03667362 -0.04318500
v 0.08800000 0.03967135 -0.04283976
v 0.09223736 0.03967483 -0.04264875
v 0.09121849 0.06420465 -0.03857345
v 0.09175088 0.06410234 -0.03849602
v 0.09185125 0.06091326 -0.03929825
v 0.10680781 0.06120890 -0.03352642
v 0.10938190 0.06071423 -0.03189306
v 0.10962060 0.05944566 -0.03220477
v 0.12491761 0.05772880 -0.01175671
v 0.12502450 0.05770825 -0.01131660
v 0.12570000 0.05566031 -0.01149737
v 0.08800004 0.01671233 -0.04480581
v 0.08800004 0.01692847 -0.04479553
v 0.09243124 0.01692865 -0.04457680
v 0.08800004 0.01700322 -0.04479197
v 0.08800006 0.01871867 -0.04467123
v 0.08800007 0.02273991 -0.04438819
v 0.09231891 0.03193478 -0.04344456
v 0.08800007 0.02457820 -0.04425880
v 0.08800008 0.02633579 -0.04413508
v 0.08800007 0.02877277 -0.04391112
v 0.08800007 0.03034998 -0.04376617
v 0.08800007 0.01276229 -0.04499376
v 0.09246862 0.00933955 -0.04495209
v 0.08800010 0.01072107 -0.04509088
v 0.08800003 0.00473742 -0.04529331
v 0.08800008 0.00672592 -0.04525546
v 0.08800011 0.00761957 -0.04523845
v 0.08800010 0.00933990 -0.04515660
v 0.12704731 0.05515472 -0.00388357
v 0.12618281 0.05748566 -0.00380900
v 0.12620251 0.05748188 -0.00359769
v 0.12586761 0.05754623 -0.00719132
v 0.12657711 0.05534657 -0.00773462
v 0.12580070 0.05755908 -0.00760025
v 0.12554040 0.05760912 -0.00919275
v 0.12406450 0.05789273 -0.01413067
v 0.12428560 0.05622753 -0.01502198
v 0.12374131 0.05795484 -0.01480586
v 0.12243320 0.05700017 -0.01823555
v 0.12203850 0.05828205 -0.01801725
v 0.12292670 0.05811138 -0.01650763
v 0.12029921 0.05774900 -0.02127915
v 0.11793151 0.05834640 -0.02422687
v 0.11772831 0.05911034 -0.02405296
v 0.11952051 0.05876593 -0.02182193
v 0.12003051 0.05866793 -0.02108913
v 0.12132870 0.05841846 -0.01922373
v 0.11283661 0.06005036 -0.02917883
v 0.11518521 0.05959903 -0.02689087
v 0.11537781 0.05878893 -0.02708499
v 0.11527070 0.05958261 -0.02680759
v 0.11749631 0.05915491 -0.02434173
v 0.11180330 0.06024892 -0.03006321
v 0.11241730 0.06013094 -0.02953773
v 0.11262761 0.05913636 -0.02978507
v 0.10638540 0.05973814 -0.03431521
v 0.10613010 0.06133913 -0.03388364
v 0.10122821 0.06228111 -0.03618596
v 0.10270021 0.06199824 -0.03555495
v 0.10295611 0.06002620 -0.03609614
v 0.10408831 0.06173150 -0.03495990
v 0.09913659 0.06268305 -0.03688434
v 0.10052000 0.06241721 -0.03644871
v 0.09936654 0.06031747 -0.03752849
v 0.09438121 0.06359687 -0.03811342
v 0.09547426 0.06338684 -0.03786379
v 0.09565256 0.06061359 -0.03859901
v 0.09748359 0.06300070 -0.03740488
v 0.08799982 0.06231166 -0.03935510
v 0.08799982 0.06309892 -0.03917533
v 0.08799979 0.06482322 -0.03878159
v 0.08800006 0.03192090 -0.04362179
v 0.08800003 0.03482010 -0.04335535
v 0.08800003 0.03607454 -0.04324006
v 0.08799997 0.04088801 -0.04269963
v 0.08799997 0.04168839 -0.04260746
v 0.09212549 0.04782612 -0.04161257
v 0.08799994 0.04541328 -0.04217846
v 0.08799991 0.04696892 -0.04195598
v 0.08799990 0.04723208 -0.04191835
v 0.08799990 0.04787979 -0.04182571
v 0.09196339 0.05644056 -0.04021414
v 0.08799984 0.05267483 -0.04113994
v 0.08799984 0.05307430 -0.04108281
v 0.08799984 0.05389073 -0.04096605
v 0.08799984 0.05662863 -0.04047263
v 0.08799984 0.05797177 -0.04023057
v 0.08799985 0.05921919 -0.04000576
v 0.08799985 0.06037223 -0.03979796
v 0.08799984 0.06120990 -0.03960668
v 0.13118041 0.03248060 -0.00420206
v 0.12962870 0.03970293 -0.00819332
v 0.13053591 0.03244480 -0.00836463
v 0.12861851 0.03970073 -0.01219664
v 0.12951661 0.03240092 -0.01245702
v 0.12787070 0.05232813 -0.00394709
v 0.12919240 0.04629029 -0.00403836
v 0.12735921 0.05248357 -0.00785791
v 0.12860581 0.04636244 -0.00803683
v 0.12644741 0.05272304 -0.01168328
v 0.12763331 0.04646344 -0.01195658
v 0.12715520 0.05500266 -0.00000105
v 0.12764660 0.05354404 -0.00000106
v 0.12800881 0.05246898 -0.00000106
v 0.12806431 0.05221557 -0.00000106
v 0.12873011 0.04917267 -0.00000104
v 0.12937591 0.04622112 -0.00000102
v 0.12571400 0.00931385 -0.02497825
v 0.12798031 0.00930651 -0.02119037
v 0.11889791 0.03208281 -0.03061058
v 0.12172790 0.03212572 -0.02742630
v 0.11822091 0.03968356 -0.02993802
v 0.12097011 0.03968589 -0.02680399
v 0.11734170 0.04733142 -0.02905965
v 0.12001451 0.04721200 -0.02600578
v 0.11615420 0.05499067 -0.02786712
v 0.12340071 0.03968909 -0.02343044
v 0.12422520 0.03218447 -0.02398290
v 0.12232901 0.02453713 -0.02791459
v 0.12278090 0.01693100 -0.02828160
v 0.12540301 0.01693173 -0.02477020
v 0.12489860 0.02457554 -0.02443255
v 0.12709840 0.02462406 -0.02070939
v 0.12636481 0.03225875 -0.02030997
v 0.12812891 0.03233752 -0.01645087
v 0.12549491 0.03969313 -0.01984918
v 0.12723810 0.03969739 -0.01609326
v 0.12448961 0.04684300 -0.01932949
v 0.12624930 0.04662783 -0.01573484
v 0.12323360 0.05370142 -0.01867046
v 0.12504690 0.05314040 -0.01530761
v 0.13129920 0.00929260 -0.01303599
v 0.12984870 0.00929879 -0.01719657
v 0.13232900 0.00928825 -0.00875433
v 0.13254590 0.01693542 -0.00435653
v 0.13193111 0.01693495 -0.00867537
v 0.13091961 0.01693440 -0.01292188
v 0.12949550 0.01693361 -0.01705074
v 0.13318090 0.00936494 -0.00000100
v 0.13279011 0.01700323 -0.00000100
v 0.13183750 0.02851667 -0.00000099
v 0.13318421 0.00928165 -0.00000100
v 0.13318351 0.00931450 -0.00000100
v 0.12765101 0.01693264 -0.02101414
v 0.12890331 0.02467560 -0.01678694
v 0.10122620 0.00933636 -0.04319336
v 0.09689220 0.00933805 -0.04428889
v 0.10542740 0.00933449 -0.04167795
v 0.10945391 0.00933241 -0.03975842
v 0.11326581 0.00933007 -0.03745563
v 0.11682580 0.00932734 -0.03479370
v 0.09969886 0.05604817 -0.03846493
v 0.09587636 0.05624449 -0.03953325
v 0.10018690 0.04770307 -0.03989123
v 0.09620244 0.04776567 -0.04095745
v 0.10052830 0.03967676 -0.04093816
v 0.09642879 0.03967576 -0.04200586
v 0.10077730 0.03196397 -0.04173133
v 0.09659337 0.03194831 -0.04280294
v 0.10111500 0.01692900 -0.04283369
v 0.09681772 0.01692881 -0.04392036
v 0.10691720 0.05565639 -0.03521547
v 0.10339171 0.05585253 -0.03702047
v 0.10771061 0.04757204 -0.03658643
v 0.10403640 0.04763867 -0.03842793
v 0.10827750 0.03967902 -0.03759414
v 0.10449170 0.03967786 -0.03946087
v 0.10869871 0.03200144 -0.03836197
v 0.10482641 0.03198163 -0.04024454
v 0.10927141 0.01692946 -0.03942358
v 0.10528010 0.01692921 -0.04132941
v 0.11332940 0.05523749 -0.03061218
v 0.11024100 0.05545433 -0.03307161
v 0.11439390 0.04742284 -0.03187270
v 0.11117411 0.04750118 -0.03439215
v 0.11517280 0.03968180 -0.03280183
v 0.11184891 0.03968032 -0.03536467
v 0.11576581 0.03205057 -0.03351453
v 0.11235660 0.03202406 -0.03610913
v 0.11657791 0.01693006 -0.03449549
v 0.11304960 0.01692974 -0.03713746
v 0.13046061 0.03956051 -0.00000100
v 0.13132221 0.03358854 -0.00000099
v 0.13144100 0.03251231 -0.00000099
v 0.13170420 0.03012878 -0.00000099
v 0.12632801 0.05745772 -0.00000105
v 0.12525571 0.05964669 -0.00000087
v 0.12571141 0.05871660 -0.00000095
v 0.12556621 0.05885308 -0.00375226
v 0.10389621 0.06999073 -0.03026451
v 0.10404621 0.06996184 -0.03017081
v 0.10443570 0.06894828 -0.03095221
v 0.08799984 0.06706745 -0.03807538
v 0.09163247 0.06730346 -0.03753532
v 0.09521975 0.06680828 -0.03681542
v 0.09872887 0.06632672 -0.03575214
v 0.10212641 0.06586075 -0.03435184
v 0.10537921 0.06540797 -0.03262388
v 0.10845470 0.06495726 -0.03058286
v 0.11131771 0.06449044 -0.02824397
v 0.11642080 0.06333139 -0.02292125
v 0.11393950 0.06397629 -0.02563431
v 0.11878141 0.06246800 -0.02018769
v 0.12095450 0.06139104 -0.01740728
v 0.12287311 0.06028734 -0.01445718
v 0.12367270 0.05983603 -0.01284000
v 0.12431531 0.05949300 -0.01111695
v 0.12514611 0.05907903 -0.00748008
v 0.12489531 0.06023601 -0.00000086
v 0.12472581 0.06035101 -0.00367610
v 0.12465271 0.06063262 -0.00000086
v 0.12372531 0.06176825 -0.00361548
v 0.12393361 0.06164463 -0.00000106
v 0.12431840 0.06058129 -0.00733045
v 0.12332361 0.06200793 -0.00720168
v 0.12336551 0.06198267 -0.00699125
v 0.12369091 0.06178861 -0.00421090
v 0.08799984 0.06778908 -0.03784830
v 0.08799987 0.06916260 -0.03741609
v 0.09149939 0.07007618 -0.03635332
v 0.08799985 0.07147731 -0.03624320
v 0.08799984 0.07187593 -0.03594397
v 0.09142071 0.07135142 -0.03551641
v 0.08799987 0.06930114 -0.03734590
v 0.08799987 0.07065702 -0.03665886
v 0.08799985 0.07139747 -0.03628366
v 0.09137783 0.07190017 -0.03498272
v 0.08799984 0.07255339 -0.03526966
v 0.08799984 0.07266598 -0.03508325
v 0.08799984 0.07192527 -0.03590692
v 0.08799984 0.07199649 -0.03583466
v 0.08799984 0.07229422 -0.03553261
v 0.09472104 0.07126062 -0.03436919
v 0.09495849 0.06948011 -0.03565423
v 0.09480469 0.07071662 -0.03486163
v 0.09800064 0.07064273 -0.03342866
v 0.08799984 0.07296962 -0.03458054
v 0.08906744 0.07276488 -0.03454474
v 0.08799984 0.07276231 -0.03492377
v 0.08912252 0.07275438 -0.03453944
v 0.09135546 0.07213369 -0.03468022
v 0.09132991 0.07233364 -0.03432697
v 0.09216981 0.07217353 -0.03424613
v 0.09364422 0.07189608 -0.03396475
v 0.10101990 0.07052462 -0.03170160
v 0.10111641 0.07050679 -0.03166375
v 0.10118651 0.07004908 -0.03216479
v 0.10134301 0.06951525 -0.03257429
v 0.09812233 0.07010376 -0.03387957
v 0.10163201 0.06834957 -0.03326776
v 0.09834658 0.06890381 -0.03462409
v 0.10326301 0.07010827 -0.03058321
v 0.10478310 0.06781467 -0.03159266
v 0.10651021 0.06948722 -0.02863162
v 0.10691520 0.06940277 -0.02832390
v 0.10736870 0.06838916 -0.02902454
v 0.10722020 0.06933918 -0.02809219
v 0.10776780 0.06728631 -0.02961118
v 0.11055070 0.06674354 -0.02733600
v 0.10891250 0.06898629 -0.02680636
v 0.09816964 0.07105062 -0.03281366
v 0.09822036 0.07104119 -0.03279903
v 0.09462864 0.07171083 -0.03377689
v 0.09523073 0.07159753 -0.03366198
v 0.09786824 0.07110672 -0.03290066
v 0.11170481 0.06829121 -0.02417956
v 0.11208530 0.06818389 -0.02378894
v 0.11310261 0.06615037 -0.02479333
v 0.11248381 0.06807148 -0.02337972
v 0.11554410 0.06541033 -0.02217256
v 0.11393091 0.06756189 -0.02188762
v 0.11448201 0.06736785 -0.02131945
v 0.11903981 0.06490565 -0.01642769
v 0.12009121 0.06319055 -0.01693020
v 0.11816321 0.06545447 -0.01740122
v 0.11789921 0.06442192 -0.01956358
v 0.11476751 0.06726731 -0.02102507
v 0.11605101 0.06665642 -0.01969030
v 0.11685311 0.06627468 -0.01885618
v 0.12102111 0.06351491 -0.01378211
v 0.12159440 0.06311344 -0.01284558
v 0.12204361 0.06193186 -0.01412583
v 0.12160840 0.06310359 -0.01282262
v 0.12285660 0.06142007 -0.01256744
v 0.12184851 0.06294329 -0.01229468
v 0.12231691 0.06263047 -0.01126445
v 0.12350310 0.06103445 -0.01089137
v 0.12250161 0.06251390 -0.01067571
v 0.12285940 0.06228807 -0.00953530
v 0.12308191 0.06215378 -0.00841666
v 0.11917681 0.06481990 -0.01627556
v 0.12019561 0.06409737 -0.01496261
v 0.12068300 0.06375173 -0.01433454
v 0.10950230 0.06884456 -0.02626473
v 0.10959481 0.06882232 -0.02617976
v 0.11113061 0.06845321 -0.02476918
v 0.06431861 0.07752027 -0.02533790
v 0.06389069 0.07760251 -0.02486422
v 0.06407408 0.07764775 -0.02478159
v 0.05346584 0.07960379 -0.00000094
v 0.05365936 0.07966076 0.00000607
v 0.05369634 0.07964833 -0.00161173
v 0.05373786 0.07955304 -0.00349619
v 0.05392194 0.07960415 -0.00413568
v 0.05378700 0.07954387 -0.00412757
v 0.05396125 0.07959645 -0.00457542
v 0.05388514 0.07952555 -0.00538858
v 0.05410860 0.07956727 -0.00541115
v 0.05425043 0.07945527 -0.00693929
v 0.05447987 0.07949377 -0.00751685
v 0.05461512 0.07938510 -0.00848748
v 0.05473435 0.07944400 -0.00849391
v 0.05504895 0.07930162 -0.01032917
v 0.05513394 0.07936583 -0.01002812
v 0.05513600 0.07928485 -0.01069872
v 0.05536618 0.07932075 -0.01069553
v 0.05600186 0.07911845 -0.01284843
v 0.05610992 0.07917641 -0.01283283
v 0.05611964 0.07917453 -0.01285456
v 0.05628927 0.07906321 -0.01356200
v 0.05732440 0.07894255 -0.01554652
v 0.05706918 0.07891331 -0.01549835
v 0.05740043 0.07892791 -0.01568335
v 0.05752949 0.07882489 -0.01638598
v 0.05754774 0.07889956 -0.01594846
v 0.05769897 0.07879233 -0.01671278
v 0.05825605 0.07876323 -0.01722315
v 0.06070589 0.07821457 -0.02133885
v 0.05956908 0.07843300 -0.01959675
v 0.06021341 0.07838684 -0.02031403
v 0.06020972 0.07838755 -0.02030849
v 0.05877853 0.07866265 -0.01816342
v 0.05801264 0.07873205 -0.01721158
v 0.05774472 0.07878353 -0.01680100
v 0.06160518 0.07804174 -0.02233430
v 0.06204589 0.07803556 -0.02263041
v 0.06203829 0.07795852 -0.02281373
v 0.06205304 0.07803421 -0.02263799
v 0.06372835 0.07771386 -0.02441489
v 0.06509669 0.07737076 -0.02596539
v 0.06541764 0.07739138 -0.02597751
v 0.06645900 0.07710898 -0.02706404
v 0.06629706 0.07722355 -0.02676031
v 0.06735672 0.07702166 -0.02755800
v 0.06851145 0.07671460 -0.02871926
v 0.06835223 0.07683198 -0.02830739
v 0.06914801 0.07659227 -0.02908933
v 0.07083577 0.07635929 -0.02987588
v 0.07106026 0.07622483 -0.03020100
v 0.07107878 0.07631311 -0.03000105
v 0.07180403 0.07617530 -0.03037462
v 0.07133477 0.07617208 -0.03036058
v 0.07205088 0.07603447 -0.03077689
v 0.07189756 0.07615754 -0.03042280
v 0.07276818 0.07589664 -0.03119389
v 0.07345009 0.07586252 -0.03122249
v 0.07510356 0.07544784 -0.03210990
v 0.07619188 0.07534224 -0.03234061
v 0.07775226 0.07493882 -0.03314879
v 0.07682450 0.07522230 -0.03253927
v 0.07822136 0.07484864 -0.03325091
v 0.07863449 0.07487915 -0.03310770
v 0.08009008 0.07448936 -0.03365771
v 0.08011393 0.07459909 -0.03344120
v 0.08145779 0.07422641 -0.03395544
v 0.08148793 0.07433899 -0.03375093
v 0.08201584 0.07423909 -0.03382173
v 0.08297658 0.07393441 -0.03428606
v 0.08460585 0.07362149 -0.03438158
v 0.08463305 0.07374376 -0.03415127
v 0.08734488 0.07322937 -0.03427204
v 0.08799984 0.07296962 -0.03458054
v 0.08439355 0.07378917 -0.03414060
v 0.08471679 0.07360019 -0.03438808
v 0.08737202 0.07322420 -0.03427203
v 0.08852388 0.07301413 -0.03422899
v 0.08906744 0.07276488 -0.03454474
v 0.08915493 0.07289191 -0.03418185
v 0.08912252 0.07275438 -0.03453944
v 0.09132991 0.07233364 -0.03432697
v 0.09158953 0.07242032 -0.03399998
v 0.09216981 0.07217353 -0.03424613
v 0.09820060 0.07118254 -0.03242596
v 0.09816964 0.07105062 -0.03281366
v 0.09781949 0.07125302 -0.03257130
v 0.09786824 0.07110672 -0.03290066
v 0.09761354 0.07129142 -0.03263022
v 0.09523073 0.07159753 -0.03366198
v 0.09509871 0.07176015 -0.03334976
v 0.09462864 0.07171083 -0.03377689
v 0.09367479 0.07202687 -0.03363364
v 0.09364422 0.07189608 -0.03396475
v 0.09241575 0.07226271 -0.03388465
v 0.09239984 0.07226568 -0.03388782
v 0.10050451 0.07075643 -0.03154733
v 0.10247020 0.07039173 -0.03059480
v 0.10326301 0.07010827 -0.03058321
v 0.10111641 0.07050679 -0.03166375
v 0.10101990 0.07052462 -0.03170160
v 0.09822036 0.07104119 -0.03279903
v 0.10256401 0.07037432 -0.03054936
v 0.10313141 0.07026906 -0.03027444
v 0.10389621 0.06999073 -0.03026451
v 0.10424701 0.07005886 -0.02964438
v 0.11113061 0.06845321 -0.02476918
v 0.10959481 0.06882232 -0.02617976
v 0.10898961 0.06909671 -0.02624929
v 0.10950230 0.06884456 -0.02626473
v 0.10895060 0.06910496 -0.02627997
v 0.10891250 0.06898629 -0.02680636
v 0.10724991 0.06946469 -0.02761562
v 0.10722020 0.06933918 -0.02809219
v 0.10705031 0.06950692 -0.02777244
v 0.10691520 0.06940277 -0.02832390
v 0.10670370 0.06958021 -0.02804460
v 0.10651021 0.06948722 -0.02863162
v 0.10404621 0.06996184 -0.03017081
v 0.11248381 0.06807148 -0.02337972
v 0.11172960 0.06839725 -0.02359016
v 0.11393091 0.06756189 -0.02188762
v 0.11311140 0.06799678 -0.02210161
v 0.11330191 0.06792231 -0.02191234
v 0.11108931 0.06858281 -0.02427988
v 0.11109440 0.06858133 -0.02427440
v 0.11170481 0.06829121 -0.02417956
v 0.11208530 0.06818389 -0.02378894
v 0.11605101 0.06665642 -0.01969030
v 0.11476751 0.06726731 -0.02102507
v 0.11505311 0.06723799 -0.02017292
v 0.11448201 0.06736785 -0.02131945
v 0.11856550 0.06527196 -0.01650760
v 0.11949740 0.06462603 -0.01532634
v 0.12019561 0.06409737 -0.01496261
v 0.11595660 0.06679196 -0.01927473
v 0.11607290 0.06673455 -0.01915911
v 0.11685311 0.06627468 -0.01885618
v 0.11653691 0.06650553 -0.01869794
v 0.11816321 0.06545447 -0.01740122
v 0.11771271 0.06579050 -0.01742831
v 0.11903981 0.06490565 -0.01642769
v 0.11917681 0.06481990 -0.01627556
v 0.12010531 0.06420468 -0.01455579
v 0.12020630 0.06413423 -0.01439716
v 0.12068300 0.06375173 -0.01433454
v 0.12102111 0.06351491 -0.01378211
v 0.12116861 0.06346282 -0.01288512
v 0.12159440 0.06311344 -0.01284558
v 0.12117300 0.06345978 -0.01287703
v 0.12126150 0.06339929 -0.01271662
v 0.12285940 0.06228807 -0.00953530
v 0.12250161 0.06251390 -0.01067571
v 0.12193120 0.06295285 -0.01129135
v 0.12231691 0.06263047 -0.01126445
v 0.12145611 0.06326956 -0.01230247
v 0.12184851 0.06294329 -0.01229468
v 0.12160840 0.06310359 -0.01282262
v 0.12242020 0.06265187 -0.00969686
v 0.12251070 0.06259825 -0.00928126
v 0.12308191 0.06215378 -0.00841666
v 0.12269230 0.06249065 -0.00844716
v 0.12279471 0.06243001 -0.00797710
v 0.12357020 0.06196331 0.00000594
v 0.12393361 0.06164463 -0.00000106
v 0.12345581 0.06201920 -0.00305876
v 0.12372531 0.06176825 -0.00361548
v 0.12326060 0.06214146 -0.00482554
v 0.12369091 0.06178861 -0.00421090
v 0.12312201 0.06222827 -0.00608007
v 0.12336551 0.06198267 -0.00699125
v 0.12332361 0.06200793 -0.00720168
v 0.08398957 0.00170325 -0.04513808
v 0.08319775 0.00170324 -0.04509602
v 0.08353524 0.00170324 -0.04511394
v 0.06149995 0.00170327 -0.03680286
v 0.06152086 0.00170327 -0.03681629
v 0.06149999 -0.00311674 -0.03680282
v 0.06251541 0.00170326 -0.03745518
v 0.06150000 -0.00509676 -0.03680280
v 0.06250183 -0.00509676 -0.03750388
v 0.06557019 -0.00509676 -0.03936222
v 0.06554606 0.00170324 -0.03940205
v 0.06657647 -0.00509676 -0.03997167
v 0.06603736 0.00170324 -0.03963897
v 0.06866484 0.00170324 -0.04090602
v 0.06989225 0.00170324 -0.04149792
v 0.07088749 -0.00509676 -0.04199843
v 0.07114998 0.00170324 -0.04210443
v 0.07115457 -0.00509676 -0.04209122
v 0.07405812 0.00170324 -0.04304253
v 0.07538733 -0.00509676 -0.04356180
v 0.07615274 0.00170324 -0.04371819
v 0.07708422 -0.00509676 -0.04395784
v 0.07707103 0.00170324 -0.04401440
v 0.08002634 -0.00509676 -0.04464451
v 0.07857045 0.00170324 -0.04427911
v 0.08320459 -0.00509676 -0.04504129
v 0.08475332 -0.00509676 -0.04523463
v 0.08481228 -0.01232911 -0.04441339
v 0.08483422 -0.01342242 -0.04410751
v 0.08022503 -0.01342242 -0.04353210
v 0.06313719 -0.01342242 -0.03656939
v 0.06150000 -0.01436992 -0.03503113
v 0.06150000 -0.01341015 -0.03533802
v 0.08475428 -0.00627269 -0.04522121
v 0.06262443 -0.00918190 -0.03732355
v 0.06150000 -0.00903109 -0.03655635
v 0.06150000 -0.00795578 -0.03662371
v 0.06150000 -0.01231065 -0.03568958
v 0.06150000 -0.01032907 -0.03632318
v 0.06150000 -0.00918139 -0.03652935
v 0.06150000 -0.01549749 -0.03455766
v 0.06711029 -0.01342242 -0.03897569
v 0.07131389 -0.01342242 -0.04095195
v 0.07570160 -0.01342242 -0.04247636
v 0.08476893 -0.00918190 -0.04501714
v 0.08017112 -0.01232911 -0.04383398
v 0.08006467 -0.00918190 -0.04442985
v 0.07561632 -0.01232911 -0.04277093
v 0.06658284 -0.00627269 -0.03995981
v 0.06250939 -0.00627269 -0.03749275
v 0.06150000 -0.00627035 -0.03672929
v 0.06150000 -0.01267049 -0.03557452
v 0.06296476 -0.01232911 -0.03682300
v 0.06696543 -0.01232911 -0.03924599
v 0.06667948 -0.00918190 -0.03977948
v 0.07096978 -0.00918190 -0.04179650
v 0.07089257 -0.00627269 -0.04198597
v 0.07539107 -0.00627269 -0.04354887
v 0.07119818 -0.01232911 -0.04123595
v 0.07544797 -0.00918190 -0.04335234
v 0.08002871 -0.00627269 -0.04463127
v 0.06150000 -0.00627035 -0.03672929
v 0.05815990 -0.00789428 -0.03370117
v 0.06030493 0.00170324 -0.03585873
v 0.05511952 0.00170324 -0.02978391
v 0.05526614 0.00170324 -0.02998280
v 0.05519415 -0.00312195 -0.03002249
v 0.05229982 -0.00312924 -0.02561308
v 0.04968830 -0.00313516 -0.02133064
v 0.05215002 0.00170324 -0.02516906
v 0.05137968 -0.01259587 -0.02496299
v 0.05195859 -0.00788904 -0.02549900
v 0.04914150 -0.00790197 -0.02115610
v 0.04971942 -0.01260630 -0.02279296
v 0.04905611 -0.01719679 -0.02251331
v 0.05239434 0.00170324 -0.02557042
v 0.05419949 0.00170324 -0.02853585
v 0.05471545 -0.01259086 -0.02907959
v 0.05304440 -0.01259009 -0.02706756
v 0.05486240 -0.01024290 -0.02959092
v 0.05346640 -0.00787922 -0.02774792
v 0.05499794 -0.00787561 -0.02988617
v 0.05455825 -0.01492254 -0.02838690
v 0.05251084 -0.01719679 -0.02582451
v 0.05811746 -0.01027283 -0.03334537
v 0.05808396 -0.01261979 -0.03271767
v 0.05806012 -0.01493578 -0.03186811
v 0.06150000 -0.01341015 -0.03533802
v 0.05669917 0.00170324 -0.03192675
v 0.05737621 0.00170324 -0.03284516
v 0.05823827 -0.00311737 -0.03384151
v 0.05829724 0.00170324 -0.03379288
v 0.05938550 0.00170324 -0.03491266
v 0.05722150 0.06611708 -0.02682968
v 0.05925391 0.06427590 -0.02882751
v 0.05671319 0.06035772 -0.02781837
v 0.06097774 0.05658114 -0.03153928
v 0.06356269 0.06047845 -0.03248758
v 0.06812509 0.05656136 -0.03579882
v 0.06430999 0.02324866 -0.03799013
v 0.06666236 0.02125654 -0.03954784
v 0.06425978 0.01727320 -0.03834870
v 0.03314233 0.05286384 -0.01600557
v 0.03481919 0.05463115 -0.01595099
v 0.03735455 0.05255269 -0.01725699
v 0.01223384 0.05046562 -0.01447675
v 0.00983939 0.04903685 -0.01551840
v 0.00879693 0.04996982 -0.01455559
v 0.04570552 0.01965567 -0.01928431
v 0.04644748 0.02161930 -0.02028783
v 0.04861151 0.01971603 -0.02210462
v 0.01671736 0.04649222 -0.01642247
v 0.01561124 0.04684248 -0.01637921
v 0.01827040 0.04885264 -0.01561547
v 0.01314505 0.04762340 -0.01628275
v 0.01121640 0.04808944 -0.01612303
v 0.01339287 0.04947766 -0.01527920
v 0.00988860 0.04839733 -0.01600000
v 0.00900604 0.04855609 -0.01587193
v 0.00741864 0.04884164 -0.01564158
v 0.00682776 0.04891701 -0.01550497
v 0.00285241 0.04931389 -0.01428295
v 0.00273733 0.04931919 -0.01422553
v 0.00737163 0.05152458 -0.01172268
v -0.00417928 0.04922404 -0.00411609
v -0.00418348 0.04922366 -0.00408353
v -0.00398791 0.04929709 -0.00395972
v -0.00460549 0.04918604 -0.00081134
v -0.00467292 0.04917873 -0.00000115
v -0.00343454 0.04963099 -0.00000114
v 0.00231640 0.05173123 -0.00000110
v 0.00240749 0.05176449 -0.00000110
v 0.00199913 0.05158939 -0.00022835
v 0.00610349 0.05312218 -0.00000107
v 0.00744741 0.05363867 -0.00000105
v 0.00713794 0.05339951 -0.00245721
v 0.01592115 0.05700543 -0.00000092
v 0.01255878 0.05551775 -0.00190139
v 0.01279049 0.05570644 -0.00000098
v 0.03726487 0.06752109 -0.00000101
v 0.03739914 0.06760727 -0.00000100
v 0.03720907 0.06726667 -0.00249773
v 0.04632357 0.07283197 -0.00764587
v 0.04680025 0.07274038 -0.00928214
v 0.04576433 0.07169947 -0.00932460
v 0.04936043 0.07224839 -0.01500105
v 0.05028442 0.07207083 -0.01647294
v 0.04777865 0.06898449 -0.01614077
v 0.05139339 0.07185772 -0.01823952
v 0.05148062 0.07184096 -0.01834899
v 0.05204435 0.07120652 -0.01957059
v 0.05926681 0.07034472 -0.02687640
v 0.05958784 0.07028303 -0.02718545
v 0.05992927 0.06995642 -0.02760903
v 0.06769915 0.06872430 -0.03292081
v 0.06859925 0.06855133 -0.03336643
v 0.06914495 0.06807852 -0.03381697
v 0.08318982 0.06574752 -0.03848297
v 0.08355606 0.06567713 -0.03850571
v 0.08440152 0.06502677 -0.03876096
v 0.08556173 0.06103866 -0.03970652
v 0.08504120 0.05528509 -0.04071204
v 0.08683210 0.01156380 -0.04506857
v 0.08355767 0.01399092 -0.04477917
v 0.08371051 0.00192051 -0.04514793
v 0.06440232 0.00520766 -0.03873165
v 0.05283204 0.00396192 -0.02646509
v 0.05239434 0.00170324 -0.02557042
v 0.05215002 0.00170324 -0.02516906
v 0.05795024 0.00489943 -0.03351574
v 0.05706799 0.00275724 -0.03247732
v 0.05358385 0.00616564 -0.02768293
v 0.05995616 0.00307075 -0.03555000
v 0.06149995 0.00170327 -0.03680286
v 0.07475645 0.00279266 -0.04337360
v 0.07196728 0.00499085 -0.04241672
v 0.06687126 0.00316053 -0.04012899
v 0.06929132 0.00713563 -0.04130411
v 0.07751327 0.00660888 -0.04408547
v 0.08053614 0.00430043 -0.04472090
v 0.08688398 0.00554018 -0.04528672
v 0.08358388 0.00797941 -0.04503261
v 0.08685605 0.01755166 -0.04474615
v 0.08360006 0.01997008 -0.04443137
v 0.08693934 0.02351152 -0.04434208
v 0.08370141 0.02592141 -0.04400245
v 0.08707605 0.02944617 -0.04386451
v 0.08385511 0.03184806 -0.04350155
v 0.08726596 0.03535572 -0.04331379
v 0.08405875 0.03775112 -0.04293191
v 0.08751313 0.04123826 -0.04268431
v 0.08431675 0.04362856 -0.04228752
v 0.08782844 0.04708866 -0.04196108
v 0.08463974 0.04947533 -0.04155373
v 0.08160630 0.05178876 -0.04093287
v 0.08374945 0.05933524 -0.03994738
v 0.08685817 0.05698629 -0.04046472
v 0.08747506 0.06269441 -0.03932669
v 0.08400541 0.06559079 -0.03853360
v 0.08487478 0.06542373 -0.03858758
v 0.08055030 0.06625474 -0.03792145
v 0.08257220 0.06333137 -0.03902523
v 0.07835817 0.06667599 -0.03744958
v 0.07839827 0.06666829 -0.03746364
v 0.07978942 0.06552655 -0.03805957
v 0.08008606 0.06634395 -0.03782269
v 0.07626937 0.06707740 -0.03671673
v 0.07659504 0.06701481 -0.03683099
v 0.07393724 0.06405298 -0.03681197
v 0.07648733 0.06196757 -0.03809771
v 0.07255408 0.06779135 -0.03532435
v 0.07149406 0.06608794 -0.03537916
v 0.07288080 0.06772856 -0.03548611
v 0.07317052 0.06767289 -0.03562954
v 0.06899975 0.06847438 -0.03356470
v 0.06944081 0.06838961 -0.03378306
v 0.06613276 0.06902533 -0.03196966
v 0.06405492 0.06624539 -0.03152102
v 0.06555848 0.06913568 -0.03162094
v 0.06529863 0.06918563 -0.03146315
v 0.06309087 0.06960987 -0.02983297
v 0.06192593 0.06813212 -0.02965604
v 0.06236581 0.06974920 -0.02929761
v 0.05985962 0.07023080 -0.02744708
v 0.06011093 0.07018251 -0.02763264
v 0.05357827 0.06960052 -0.02225411
v 0.05501089 0.07116256 -0.02277940
v 0.05531626 0.06789825 -0.02465693
v 0.05643159 0.07088955 -0.02414705
v 0.05742951 0.07069780 -0.02510771
v 0.05246502 0.07165179 -0.01958439
v 0.05379376 0.07139645 -0.02125192
v 0.05479315 0.07120440 -0.02250614
v 0.04698704 0.07270449 -0.00992336
v 0.04763516 0.07257994 -0.01130994
v 0.04659773 0.07042395 -0.01297169
v 0.04843945 0.07242537 -0.01303068
v 0.04929178 0.07226159 -0.01485417
v 0.04560621 0.07296982 -0.00518338
v 0.04542459 0.07300473 -0.00368121
v 0.04146176 0.06993600 -0.00354875
v 0.04530492 0.07302774 -0.00269144
v 0.04156121 0.07033026 -0.00101522
v 0.04499814 0.07308670 -0.00015413
v 0.04313235 0.07157596 -0.00000102
v 0.04497964 0.07309025 -0.00000107
v 0.03992180 0.06922663 -0.00000089
v 0.04112433 0.07010659 -0.00000094
v 0.04147890 0.07036605 -0.00000095
v 0.04163693 0.07048169 -0.00000096
v 0.03697674 0.06733613 -0.00000102
v 0.03091729 0.06388713 -0.00000096
v 0.03181955 0.06434585 -0.00000100
v 0.03270198 0.06471734 -0.00179667
v 0.03268898 0.06484030 -0.00000101
v 0.03286987 0.06494317 -0.00000102
v 0.03330175 0.06518878 -0.00000102
v 0.01766509 0.05734322 -0.00417496
v 0.02299322 0.05994637 -0.00134994
v 0.02282444 0.05958483 -0.00397883
v 0.02795373 0.06228178 -0.00142732
v 0.02288361 0.05911574 -0.00629416
v 0.02314389 0.06011134 -0.00000080
v 0.02552491 0.06120309 -0.00000077
v 0.02558249 0.06122949 -0.00000077
v 0.02667762 0.06173163 -0.00000076
v 0.02779978 0.06230215 -0.00000081
v 0.02064270 0.05896450 -0.00000082
v 0.01235952 0.05517059 -0.00457220
v 0.02264804 0.05988399 -0.00000080
v 0.01727512 0.05756721 -0.00000089
v 0.01777708 0.05777548 -0.00000088
v 0.02057142 0.05893492 -0.00000082
v 0.01232160 0.05551189 -0.00000099
v 0.01003969 0.05463492 -0.00000102
v 0.01126588 0.05510617 -0.00000100
v 0.01177746 0.05530277 -0.00000100
v 0.00133474 0.05102048 -0.00593569
v 0.00569007 0.05296329 -0.00000108
v 0.00203020 0.05162671 -0.00000110
v -0.00439661 0.04920466 -0.00243095
v -0.00292731 0.04931370 -0.00852894
v -0.00298500 0.04931067 -0.00841409
v -0.00340649 0.04928262 -0.00720887
v -0.00360824 0.04926919 -0.00663196
v -0.00401412 0.04923710 -0.00484376
v -0.00406424 0.04923314 -0.00462293
v -0.00246090 0.04933818 -0.00945756
v 0.00119260 0.05064637 -0.00852794
v -0.00220397 0.04935167 -0.00996910
v -0.00190905 0.04936186 -0.01038380
v -0.00061540 0.04939297 -0.01195184
v -0.00109720 0.04938717 -0.01147433
v -0.00122019 0.04938568 -0.01135243
v -0.00182764 0.04936468 -0.01049827
v 0.00122694 0.05018900 -0.01087743
v 0.00072971 0.04939072 -0.01308642
v 0.00003150 0.04940077 -0.01259299
v 0.00700249 0.05213990 -0.00983371
v 0.00164286 0.04936958 -0.01367934
v 0.00146993 0.04963319 -0.01293993
v 0.00139048 0.04938120 -0.01355340
v 0.00093829 0.04938771 -0.01323383
v 0.00315980 0.04929973 -0.01443635
v 0.00534356 0.04948179 -0.01465708
v 0.00797045 0.05080090 -0.01329571
v 0.00577220 0.04905165 -0.01526093
v 0.00511098 0.04913599 -0.01510805
v 0.00471869 0.04916891 -0.01497300
v 0.00750561 0.04882600 -0.01565420
v 0.01087498 0.04817194 -0.01609475
v 0.01009839 0.04835960 -0.01603044
v 0.01561124 0.04684248 -0.01637921
v 0.01688016 0.04994969 -0.01513106
v 0.01460422 0.04716135 -0.01633982
v 0.01344118 0.04752963 -0.01629434
v 0.02361688 0.04340321 -0.01649679
v 0.02022622 0.04507960 -0.01647388
v 0.02135134 0.04651680 -0.01617102
v 0.01985602 0.04522864 -0.01646846
v 0.01919756 0.04549373 -0.01645881
v 0.02465724 0.04407483 -0.01641713
v 0.02804234 0.04159550 -0.01655430
v 0.02383286 0.04326920 -0.01650048
v 0.02750004 0.04099384 -0.01656313
v 0.03467021 0.03670398 -0.01702442
v 0.03093959 0.03854182 -0.01668642
v 0.03140472 0.03912689 -0.01672272
v 0.02935450 0.03984320 -0.01659481
v 0.02914000 0.03997629 -0.01659114
v 0.03449695 0.03562115 -0.01689201
v 0.03642945 0.03354851 -0.01713262
v 0.03778086 0.03435413 -0.01753911
v 0.03418155 0.03588010 -0.01687378
v 0.03412835 0.03592378 -0.01687071
v 0.03955109 0.02997767 -0.01758427
v 0.03885992 0.03094179 -0.01743523
v 0.04069517 0.03209690 -0.01832386
v 0.03864020 0.03117745 -0.01740787
v 0.03694464 0.03299596 -0.01719676
v 0.04055181 0.02858177 -0.01780005
v 0.04339158 0.02994247 -0.01940834
v 0.04186772 0.02674619 -0.01808381
v 0.04242912 0.02596311 -0.01820486
v 0.04586855 0.02789157 -0.02079466
v 0.04341619 0.02412965 -0.01852210
v 0.04545535 0.02031519 -0.01918065
v 0.04542096 0.02040586 -0.01916640
v 0.04405796 0.02362894 -0.01878121
v 0.04394899 0.02313999 -0.01869333
v 0.04388085 0.02326656 -0.01867143
v 0.05059349 0.01789865 -0.02417181
v 0.04748476 0.01496505 -0.02002156
v 0.04861151 0.01971603 -0.02210462
v 0.04721554 0.01567479 -0.01991000
v 0.04912472 0.01347476 -0.02168819
v 0.04842186 0.01132610 -0.02049962
v 0.04770282 0.01439018 -0.02011191
v 0.04978699 0.00252358 -0.02132404
v 0.04955805 0.00727118 -0.02138162
v 0.04934153 0.00661068 -0.02101908
v 0.04917945 0.00809776 -0.02090811
v 0.02822767 0.06082903 -0.00824069
v 0.02554150 0.05997905 -0.00728688
v 0.02791039 0.06141989 -0.00628040
v 0.02781715 0.06190504 -0.00401192
v 0.03830619 0.06498439 -0.01057553
v 0.03516167 0.06090990 -0.01279368
v 0.03433503 0.06174105 -0.01153401
v 0.03233560 0.06012591 -0.01203229
v 0.03155386 0.06093589 -0.01071087
v 0.02946436 0.05936325 -0.01133305
v 0.02875337 0.06013985 -0.00991431
v 0.02657250 0.05861032 -0.01066217
v 0.02595392 0.05934331 -0.00911631
v 0.02367977 0.05785779 -0.00999249
v 0.02317155 0.05853872 -0.00829483
v 0.02080304 0.05709771 -0.00930078
v 0.01795406 0.05632455 -0.00857092
v 0.01769709 0.05688695 -0.00652766
v 0.01258069 0.05418391 -0.00906144
v 0.01549163 0.05492784 -0.00970608
v 0.02365254 0.05098914 -0.01511290
v 0.02322716 0.04819025 -0.01584277
v 0.02231649 0.05206062 -0.01455394
v 0.02030288 0.05045218 -0.01507174
v 0.01899745 0.05150922 -0.01447065
v 0.00685433 0.05265097 -0.00764078
v 0.00999927 0.05284334 -0.01036027
v 0.01236218 0.05472816 -0.00696528
v 0.01563209 0.05097966 -0.01445108
v 0.03059111 0.05494977 -0.01472139
v 0.02875464 0.05325776 -0.01499552
v 0.02749298 0.05429414 -0.01433423
v 0.01052432 0.05215446 -0.01203478
v 0.01127260 0.05136028 -0.01340223
v 0.01368332 0.05278137 -0.01233821
v 0.01455815 0.05192749 -0.01353158
v 0.01685174 0.05340384 -0.01262867
v 0.01783728 0.05249772 -0.01366976
v 0.02002713 0.05402302 -0.01290955
v 0.02109815 0.05307657 -0.01383306
v 0.02319160 0.05464735 -0.01320545
v 0.02432247 0.05367266 -0.01404664
v 0.02632626 0.05528573 -0.01354235
v 0.02941166 0.05594738 -0.01394703
v 0.03242670 0.05664219 -0.01444846
v 0.03649276 0.05640001 -0.01590093
v 0.04040170 0.05623195 -0.01756953
v 0.03992802 0.05045627 -0.01851060
v 0.04271646 0.05425757 -0.01917898
v 0.04247159 0.04837394 -0.01980530
v 0.03989298 0.04447365 -0.01884829
v 0.04494380 0.04632529 -0.02119818
v 0.04255553 0.04233520 -0.01997935
v 0.04959696 0.04836453 -0.02409505
v 0.02507728 0.04987582 -0.01554986
v 0.03146280 0.05109778 -0.01606383
v 0.02809185 0.04757129 -0.01619670
v 0.03428870 0.04888227 -0.01697020
v 0.03119978 0.04522272 -0.01671513
v 0.03712250 0.04666302 -0.01786569
v 0.03429347 0.04288087 -0.01725313
v 0.03730130 0.04057952 -0.01790926
v 0.04017405 0.03834190 -0.01875117
v 0.04747360 0.03825031 -0.02280133
v 0.04288030 0.03618283 -0.01982212
v 0.04508515 0.04025945 -0.02129324
v 0.05179263 0.04644633 -0.02586831
v 0.05393499 0.04455329 -0.02771490
v 0.05392143 0.03256138 -0.02831256
v 0.05898542 0.03096606 -0.03318580
v 0.05793164 0.02890480 -0.03238333
v 0.06323619 0.02719599 -0.03692568
v 0.06442528 0.02919342 -0.03754204
v 0.06220618 0.03112266 -0.03580100
v 0.06007742 0.03300929 -0.03393571
v 0.05595890 0.03671697 -0.03001391
v 0.05186669 0.03441310 -0.02634545
v 0.05178656 0.04045005 -0.02616617
v 0.04972751 0.03630464 -0.02449448
v 0.06675844 0.02721036 -0.03912617
v 0.06208631 0.02518006 -0.03625538
v 0.05691668 0.02682523 -0.03152745
v 0.05201536 0.02834380 -0.02643044
v 0.04994832 0.03020132 -0.02448025
v 0.04775588 0.03211799 -0.02270255
v 0.06201745 0.01921340 -0.03663961
v 0.05887601 0.01901938 -0.03391529
v 0.05990564 0.02109203 -0.03475099
v 0.05500659 0.02260954 -0.02965087
v 0.05594135 0.02472695 -0.03061706
v 0.05411317 0.02047263 -0.02862782
v 0.05221759 0.02224925 -0.02644178
v 0.05024411 0.02406262 -0.02436288
v 0.04814218 0.02593659 -0.02246069
v 0.05812623 0.04081129 -0.03153665
v 0.06237425 0.03704252 -0.03528031
v 0.06459624 0.03511191 -0.03701738
v 0.06691941 0.03313357 -0.03861528
v 0.06936225 0.03109877 -0.04004853
v 0.06922068 0.02516640 -0.04053276
v 0.07193632 0.02900205 -0.04130129
v 0.07181935 0.02305809 -0.04175168
v 0.07464730 0.02684076 -0.04236574
v 0.07455530 0.02088500 -0.04278177
v 0.07749611 0.02461442 -0.04324057
v 0.07742511 0.01864877 -0.04362775
v 0.08048082 0.02232398 -0.04392849
v 0.08042538 0.01635099 -0.04429426
v 0.06428949 0.01126004 -0.03859734
v 0.06664754 0.01526438 -0.03985773
v 0.06915348 0.01919896 -0.04091470
v 0.06672753 0.00922750 -0.04003721
v 0.06917879 0.01318787 -0.04116939
v 0.07178328 0.01707596 -0.04209081
v 0.08044017 0.01034486 -0.04456341
v 0.07743100 0.01264685 -0.04390915
v 0.07461830 0.00885698 -0.04327412
v 0.07454464 0.01489088 -0.04308594
v 0.07183915 0.01105045 -0.04230345
v 0.05244993 0.01614049 -0.02641169
v 0.05604365 0.01268039 -0.03105535
v 0.05788824 0.01692698 -0.03302202
v 0.05790135 0.01092164 -0.03329349
v 0.05987990 0.01510503 -0.03507590
v 0.05989026 0.00910099 -0.03535116
v 0.05889062 0.00701419 -0.03447420
v 0.05610925 0.00665030 -0.03125462
v 0.05436821 0.00835401 -0.02885601
v 0.05094276 0.01173472 -0.02398088
v 0.06097600 0.02314547 -0.03553067
v 0.06200526 0.01322001 -0.03694589
v 0.06205858 0.00719570 -0.03716203
v 0.06098679 0.00514293 -0.03638433
v 0.06152086 0.00170327 -0.03681629
v 0.08083423 0.06159289 -0.03916388
v 0.07917070 0.05981930 -0.03920016
v 0.08201781 0.05759377 -0.04007731
v 0.07873269 0.05402679 -0.04009213
v 0.07601017 0.05619354 -0.03904356
v 0.07342231 0.05829675 -0.03780976
v 0.07095073 0.06034511 -0.03641603
v 0.06857437 0.06234856 -0.03489132
v 0.06627697 0.06431475 -0.03325799
v 0.08126635 0.04595000 -0.04168998
v 0.07836728 0.04820003 -0.04088425
v 0.07561805 0.05037938 -0.03987244
v 0.07300777 0.05249317 -0.03866947
v 0.07051728 0.05455045 -0.03730176
v 0.05852009 0.05262378 -0.03041588
v 0.06542260 0.05271951 -0.03501220
v 0.06773749 0.05074507 -0.03662146
v 0.07013930 0.04872962 -0.03811117
v 0.07264949 0.04666305 -0.03945183
v 0.07528765 0.04453610 -0.04061641
v 0.07806641 0.04234282 -0.04158761
v 0.08099051 0.04008097 -0.04235890
v 0.08059864 0.02826755 -0.04347694
v 0.08076976 0.03418597 -0.04295205
v 0.07763272 0.03054913 -0.04276319
v 0.07782405 0.03645801 -0.04221050
v 0.07480580 0.03276512 -0.04185820
v 0.07501986 0.03866329 -0.04127426
v 0.07211782 0.03491558 -0.04076215
v 0.07235519 0.04080274 -0.04014611
v 0.06956456 0.03700247 -0.03948075
v 0.06982273 0.04287982 -0.03883613
v 0.06713679 0.03903016 -0.03802674
v 0.06740861 0.04490108 -0.03736335
v 0.06481909 0.04100592 -0.03642133
v 0.06509352 0.04687562 -0.03575438
v 0.06259005 0.04293986 -0.03469397
v 0.06285516 0.04881394 -0.03403981
v 0.06042414 0.04484402 -0.03287978
v 0.05617672 0.04861251 -0.02913529
v 0.03720120 0.06682920 -0.00490530
v 0.04267429 0.06759928 -0.01146779
v 0.04217978 0.06827375 -0.00975128
v 0.03896360 0.06423307 -0.01206798
v 0.03619326 0.06683320 -0.00000105
v 0.03261748 0.06431604 -0.00430963
v 0.03275560 0.06380969 -0.00651637
v 0.04536688 0.07276932 -0.00507783
v 0.04179890 0.06889460 -0.00787846
v 0.04155105 0.06945272 -0.00582265
v 0.03777545 0.06567594 -0.00890886
v 0.03739794 0.06629521 -0.00703140
v 0.03363924 0.06251047 -0.01009436
v 0.03310359 0.06320436 -0.00843443
v 0.03093184 0.06167052 -0.00916975
v 0.02810295 0.06245629 -0.00000083
v 0.04544646 0.07300052 -0.00386209
v 0.04559049 0.07297284 -0.00505342
v 0.04151234 0.06514788 -0.01321084
v 0.04326715 0.06687842 -0.01304903
v 0.04469488 0.06532251 -0.01587860
v 0.05269764 0.06401683 -0.02375494
v 0.05086455 0.06576396 -0.02148294
v 0.04921272 0.06742559 -0.01896162
v 0.05466125 0.06220810 -0.02584740
v 0.05014993 0.06010195 -0.02275542
v 0.04819379 0.06190714 -0.02065269
v 0.04636070 0.06365428 -0.01838069
v 0.04309367 0.06351951 -0.01582913
v 0.03972318 0.06343354 -0.01341989
v 0.04146730 0.06172838 -0.01581427
v 0.01843507 0.05565645 -0.01030601
v 0.02140624 0.05637197 -0.01086781
v 0.02439140 0.05708089 -0.01141034
v 0.02737362 0.05779120 -0.01195694
v 0.03033306 0.05851226 -0.01253487
v 0.03324750 0.05925454 -0.01317468
v 0.03609069 0.06003044 -0.01391252
v 0.03791338 0.06172895 -0.01365734
v 0.03982099 0.05994665 -0.01582682
v 0.01302152 0.05353476 -0.01085179
v 0.01606470 0.05421631 -0.01131454
v 0.01913155 0.05488670 -0.01174472
v 0.02221029 0.05555147 -0.01215854
v 0.02528279 0.05621919 -0.01258095
v 0.02832967 0.05689899 -0.01303859
v 0.03133011 0.05760071 -0.01356012
v 0.03426059 0.05833542 -0.01417788
v 0.03816115 0.05817132 -0.01585800
v 0.04191340 0.05807717 -0.01774212
v 0.05427619 0.05639062 -0.02666657
v 0.04760446 0.05618602 -0.02175282
v 0.04547708 0.05807200 -0.01988564
v 0.04341290 0.05992816 -0.01793150
v 0.05191173 0.05238929 -0.02541499
v 0.04734452 0.05030950 -0.02239988
v 0.04632590 0.05423081 -0.02125955
v 0.04504367 0.05227732 -0.02077130
v -0.00414142 0.04872791 -0.00000100
v 0.01327328 0.04707124 -0.00000100
v 0.01931845 0.04493431 -0.00000100
v 0.02361699 0.04283619 -0.00000100
v 0.00700084 0.04840054 -0.00000100
v 0.00183115 0.04886913 -0.00000100
v 0.00060853 0.04889946 -0.00000100
v -0.00413359 0.04872855 -0.00000100
v 0.03764102 0.03161274 -0.01670331
v 0.03747612 0.03147127 -0.00000100
v 0.04860049 0.00614759 -0.00000100
v 0.04721369 0.01301305 -0.00000100
v 0.04184024 0.02595849 -0.01736884
v 0.04159410 0.02580558 -0.00000100
v 0.04486221 0.01961065 -0.00000100
v 0.03275463 0.03667670 -0.01625450
v 0.03259242 0.03649195 -0.00000100
v 0.02704279 0.04076505 -0.00000100
v 0.02717303 0.04095920 -0.01604348
v 0.04559049 0.07297284 -0.00505342
v 0.04914717 0.07669406 -0.00369541
v 0.04929178 0.07226159 -0.01485417
v 0.05068587 0.07417199 -0.01459347
v 0.05397984 0.07569001 -0.01752458
v 0.05222489 0.07603971 -0.01428049
v 0.05401477 0.07774395 -0.01392727
v 0.05564307 0.07740567 -0.01711285
v 0.05757767 0.07701636 -0.02012219
v 0.05604703 0.07528493 -0.02058503
v 0.06382098 0.07379699 -0.02849937
v 0.06099448 0.07433300 -0.02608693
v 0.06225762 0.07610640 -0.02552652
v 0.08457484 0.07293489 -0.03538435
v 0.08451104 0.07250878 -0.03576522
v 0.08622642 0.07173961 -0.03627013
v 0.08409810 0.06782733 -0.03793929
v 0.08612079 0.06966518 -0.03733430
v 0.05237210 0.07907795 -0.00354361
v 0.05373786 0.07955304 -0.00349619
v 0.05378700 0.07954387 -0.00412757
v 0.05346584 0.07960379 -0.00000094
v 0.05244526 0.07926339 -0.00000107
v 0.05220954 0.07913369 -0.00000107
v 0.04894830 0.07676134 -0.00000104
v 0.08622642 0.07173961 -0.03627013
v 0.08471679 0.07360019 -0.03438808
v 0.08464180 0.07330600 -0.03495320
v 0.08460585 0.07362149 -0.03438158
v 0.08445061 0.07204470 -0.03610198
v 0.08093280 0.07265812 -0.03550146
v 0.08117164 0.07353293 -0.03484859
v 0.08130188 0.07391111 -0.03446485
v 0.07783084 0.07414283 -0.03399871
v 0.07801725 0.07452134 -0.03365745
v 0.08297658 0.07393441 -0.03428606
v 0.08145779 0.07422641 -0.03395544
v 0.08424511 0.07000287 -0.03715273
v 0.08054039 0.07067512 -0.03649640
v 0.07748857 0.07328337 -0.03458875
v 0.07692553 0.07134569 -0.03550619
v 0.07414278 0.07389846 -0.03336024
v 0.07342453 0.07199956 -0.03419384
v 0.07092034 0.07449018 -0.03182001
v 0.07005867 0.07262755 -0.03257247
v 0.06784790 0.07505661 -0.02998763
v 0.06684996 0.07322741 -0.03066713
v 0.06495175 0.07559640 -0.02788363
v 0.06845140 0.07587362 -0.02958214
v 0.07144265 0.07532101 -0.03135588
v 0.07457876 0.07474324 -0.03283304
v 0.07133477 0.07617208 -0.03036058
v 0.07205088 0.07603447 -0.03077689
v 0.07276818 0.07589664 -0.03119389
v 0.07510356 0.07544784 -0.03210990
v 0.07775226 0.07493882 -0.03314879
v 0.07822136 0.07484864 -0.03325091
v 0.08009008 0.07448936 -0.03365771
v 0.05839453 0.07483072 -0.02344415
v 0.05979109 0.07658149 -0.02293333
v 0.06160518 0.07804174 -0.02233430
v 0.06203829 0.07795852 -0.02281373
v 0.06389069 0.07760251 -0.02486422
v 0.05769897 0.07879233 -0.01671278
v 0.05774472 0.07878353 -0.01680100
v 0.05801264 0.07873205 -0.01721158
v 0.05956908 0.07843300 -0.01959675
v 0.06070589 0.07821457 -0.02133885
v 0.05381676 0.07872914 -0.01045494
v 0.05271596 0.07802647 -0.01059152
v 0.05081278 0.07632801 -0.01087449
v 0.05461512 0.07938510 -0.00848748
v 0.05504895 0.07930162 -0.01032917
v 0.05513600 0.07928485 -0.01069872
v 0.05388514 0.07952555 -0.00538858
v 0.05291538 0.07893480 -0.00704060
v 0.05425043 0.07945527 -0.00693929
v 0.05220945 0.07913363 -0.00000107
v 0.05120049 0.07840412 -0.00359197
v 0.05102658 0.07848281 -0.00000106
v 0.05600186 0.07911845 -0.01284843
v 0.05505778 0.07846373 -0.01375350
v 0.05628927 0.07906321 -0.01356200
v 0.05706918 0.07891331 -0.01549835
v 0.05752949 0.07882489 -0.01638598
v 0.04894834 0.07676139 -0.00000104
v 0.05093229 0.07843093 -0.00000106
v 0.05102651 0.07848278 -0.00000106
v 0.05258427 0.07380671 -0.01788326
v 0.05479398 0.07338309 -0.02098050
v 0.06000823 0.07238782 -0.02654610
v 0.05727866 0.07290816 -0.02387162
v 0.05028442 0.07207083 -0.01647294
v 0.04977630 0.07654802 -0.00733452
v 0.05177019 0.07824778 -0.00713523
v 0.08025830 0.06854834 -0.03726092
v 0.07651771 0.06925643 -0.03621495
v 0.06942138 0.07060167 -0.03315818
v 0.07289949 0.06994274 -0.03483832
v 0.07255408 0.06779135 -0.03532435
v 0.06610078 0.07123070 -0.03120324
v 0.06555848 0.06913568 -0.03162094
v 0.06295647 0.07182721 -0.02899391
v 0.07317052 0.06767289 -0.03562954
v 0.07288080 0.06772856 -0.03548611
v 0.05985962 0.07023080 -0.02744708
v 0.06236581 0.06974920 -0.02929761
v 0.06011093 0.07018251 -0.02763264
v 0.06431861 0.07752027 -0.02533790
v 0.06509669 0.07737076 -0.02596539
v 0.06645900 0.07710898 -0.02706404
v 0.06851145 0.07671460 -0.02871926
v 0.06914801 0.07659227 -0.02908933
v 0.07106026 0.07622483 -0.03020100
v 0.07100297 -0.04737480 -0.04041482
v 0.07132518 -0.04737480 -0.03963693
v 0.07101480 -0.04740906 -0.04042327
v 0.07134993 -0.04743127 -0.03964718
v 0.07102524 -0.04743054 -0.04042983
v 0.07138684 -0.04747934 -0.03966246
v 0.07105812 -0.04747647 -0.04044818
v 0.07102571 -0.04743121 -0.04043009
v 0.07143361 -0.04751599 -0.03968184
v 0.07107470 -0.04749275 -0.04045672
v 0.07106092 -0.04747921 -0.04044962
v 0.07115950 -0.04753740 -0.04049641
v 0.07114104 -0.04753299 -0.04048832
v 0.07148732 -0.04753895 -0.03970409
v 0.07112007 -0.04752369 -0.04047867
v 0.07143361 -0.04751599 -0.03968184
v 0.07110699 -0.04751477 -0.04047235
v 0.07119377 -0.04754558 -0.04051145
v 0.07154461 -0.04754676 -0.03972782
v 0.07121614 -0.04754672 -0.04052083
v 0.07160192 -0.04753895 -0.03975155
v 0.07127117 -0.04753963 -0.04054290
v 0.07121691 -0.04754676 -0.04052114
v 0.07134363 -0.04750626 -0.04056950
v 0.07132769 -0.04751463 -0.04056375
v 0.07165562 -0.04751599 -0.03977380
v 0.07129386 -0.04753239 -0.04055155
v 0.07127369 -0.04753882 -0.04054386
v 0.07136312 -0.04749139 -0.04057604
v 0.07170240 -0.04747934 -0.03979317
v 0.07137540 -0.04747829 -0.04057979
v 0.07140281 -0.04744910 -0.04058814
v 0.07173931 -0.04743127 -0.03980846
v 0.07141491 -0.04743119 -0.04059130
v 0.07141671 -0.04742852 -0.04059177
v 0.07176406 -0.04737480 -0.03981871
v 0.07144184 -0.04737480 -0.04059660
v 0.07015335 -0.04387480 -0.03946093
v 0.07026274 -0.04387480 -0.03919684
v 0.07075582 -0.04642421 -0.04019530
v 0.07282651 -0.04387480 -0.04025880
v 0.07271759 -0.04387480 -0.04052173
v 0.07209266 -0.04555915 -0.04058427
v 0.07177172 -0.04642420 -0.04061639
v 0.07034346 -0.04355347 -0.03947225
v 0.07039657 -0.04354676 -0.03949436
v 0.07048215 -0.04354676 -0.03928773
v 0.07034259 -0.04355374 -0.03947193
v 0.07042814 -0.04355369 -0.03926536
v 0.07032125 -0.04356032 -0.03946394
v 0.07037712 -0.04357410 -0.03924423
v 0.07029101 -0.04357557 -0.03945397
v 0.07027122 -0.04358555 -0.03944744
v 0.07033194 -0.04360686 -0.03922551
v 0.07025212 -0.04359939 -0.03944211
v 0.07029507 -0.04365015 -0.03921024
v 0.07021046 -0.04364083 -0.03943303
v 0.07024382 -0.04360765 -0.03944029
v 0.07026858 -0.04370157 -0.03919927
v 0.07019642 -0.04365975 -0.03943110
v 0.07020343 -0.04365031 -0.03943206
v 0.07015548 -0.04375848 -0.03943539
v 0.07015988 -0.04373580 -0.03943219
v 0.07025394 -0.04375826 -0.03919321
v 0.07016790 -0.04371329 -0.03943062
v 0.07017386 -0.04370209 -0.03943072
v 0.07014823 -0.04379563 -0.03944063
v 0.07025196 -0.04381710 -0.03919238
v 0.07014738 -0.04381709 -0.03944515
v 0.07014727 -0.04381993 -0.03944575
v 0.07260707 -0.04354676 -0.04016790
v 0.07224020 -0.04354676 -0.04025682
v 0.07252198 -0.04354676 -0.04037335
v 0.07273246 -0.04373057 -0.04049515
v 0.07273410 -0.04375852 -0.04050204
v 0.07283529 -0.04375826 -0.04026243
v 0.07273334 -0.04381555 -0.04051451
v 0.07273294 -0.04381706 -0.04051470
v 0.07283728 -0.04381710 -0.04026325
v 0.07273595 -0.04379005 -0.04050981
v 0.07282064 -0.04370157 -0.04025637
v 0.07279415 -0.04365015 -0.04024540
v 0.07270272 -0.04365026 -0.04046577
v 0.07270483 -0.04365351 -0.04046730
v 0.07272509 -0.04370180 -0.04048588
v 0.07272680 -0.04370590 -0.04048746
v 0.07271212 -0.04357410 -0.04021141
v 0.07262558 -0.04357498 -0.04041934
v 0.07263375 -0.04357876 -0.04042332
v 0.07275730 -0.04360686 -0.04023013
v 0.07265368 -0.04359307 -0.04043416
v 0.07266794 -0.04360807 -0.04044299
v 0.07269110 -0.04363240 -0.04045731
v 0.07258552 -0.04355643 -0.04039985
v 0.07266109 -0.04355369 -0.04019028
v 0.07257595 -0.04355401 -0.04039564
v 0.07256243 -0.04355060 -0.04038970
f 1 2 3
f 4 5 6
f 5 7 6
f 6 7 8
f 3 9 1
f 9 10 1
f 1 10 7
f 10 11 7
f 7 11 8
f 12 13 14
f 13 15 14
f 14 15 16
f 15 17 16
f 16 17 2
f 17 18 2
f 2 18 3
f 19 20 14
f 20 21 14
f 14 21 12
f 22 23 24
f 23 25 24
f 24 25 19
f 25 26 19
f 19 26 20
f 27 28 29
f 28 30 29
f 29 30 24
f 30 31 24
f 24 31 22
f 27 29 32
f 29 33 32
f 32 33 34
f 35 36 37
f 36 38 37
f 37 38 33
f 38 39 33
f 33 39 34
f 40 41 42
f 41 43 42
f 43 44 42
f 44 45 42
f 42 45 37
f 45 46 37
f 37 46 35
f 47 48 49
f 47 49 42
f 49 50 42
f 42 50 40
f 51 52 53
f 52 54 53
f 53 54 47
f 54 55 47
f 47 55 48
f 56 57 58
f 57 59 58
f 60 61 62
f 60 62 63
f 62 64 63
f 63 64 65
f 66 67 68
f 67 69 68
f 69 70 68
f 70 71 68
f 68 71 64
f 71 72 64
f 64 72 65
f 73 74 75
f 74 76 75
f 75 76 68
f 76 77 68
f 68 77 66
f 78 79 80
f 79 81 80
f 80 81 75
f 81 82 75
f 75 82 73
f 78 80 83
f 80 84 83
f 83 84 85
f 86 84 87
f 84 88 87
f 86 89 84
f 89 90 84
f 84 90 85
f 91 92 93
f 93 94 91
f 94 95 91
f 91 95 96
f 95 97 96
f 96 97 88
f 97 98 88
f 88 98 87
f 99 100 91
f 100 101 91
f 91 101 92
f 102 103 104
f 104 105 102
f 105 106 102
f 102 106 99
f 106 107 99
f 99 107 100
f 108 109 110
f 110 111 108
f 111 112 108
f 108 112 103
f 112 113 103
f 103 113 104
f 109 114 110
f 114 115 110
f 116 117 118
f 117 119 118
f 120 121 122
f 121 123 122
f 122 123 117
f 123 124 117
f 117 124 119
f 125 126 127
f 127 128 125
f 128 129 125
f 125 129 120
f 129 130 120
f 120 130 121
f 131 132 133
f 132 134 133
f 133 134 135
f 134 136 135
f 136 137 135
f 135 137 126
f 137 138 126
f 126 138 127
f 139 140 141
f 139 141 133
f 141 142 133
f 133 142 131
f 143 144 145
f 144 146 145
f 146 147 145
f 147 148 145
f 145 148 139
f 148 149 139
f 139 149 140
f 143 145 150
f 145 151 150
f 150 151 152
f 153 154 151
f 154 155 151
f 151 155 152
f 156 157 158
f 157 159 158
f 158 159 153
f 159 160 153
f 153 160 154
f 156 158 161
f 158 162 161
f 161 162 163
f 163 162 164
f 162 165 164
f 164 165 166
f 166 165 167
f 165 168 167
f 167 168 169
f 169 168 170
f 168 171 170
f 170 171 172
f 173 174 175
f 173 175 176
f 175 177 176
f 176 177 171
f 177 178 171
f 171 178 172
f 179 180 181
f 180 182 181
f 181 182 173
f 182 183 173
f 173 183 174
f 184 185 186
f 187 188 189
f 188 190 189
f 189 190 191
f 192 193 194
f 194 195 192
f 195 196 192
f 192 196 197
f 196 198 197
f 197 198 189
f 198 199 189
f 189 199 187
f 200 201 202
f 201 203 202
f 202 204 200
f 204 205 200
f 200 205 193
f 205 206 193
f 193 206 194
f 203 201 207
f 201 208 207
f 207 208 209
f 209 208 210
f 208 211 210
f 210 211 212
f 213 214 215
f 215 216 213
f 216 217 213
f 213 217 211
f 217 218 211
f 211 218 212
f 219 220 221
f 222 223 214
f 223 224 214
f 214 224 215
f 219 221 214
f 221 225 214
f 214 225 222
f 186 185 219
f 185 226 219
f 219 226 227
f 227 228 219
f 228 229 219
f 219 229 220
f 230 231 232
f 232 231 186
f 231 233 186
f 186 233 184
f 234 235 236
f 235 237 236
f 236 237 238
f 237 239 238
f 238 239 240
f 239 241 240
f 240 241 232
f 241 242 232
f 232 242 230
f 243 244 245
f 243 245 236
f 245 246 236
f 236 246 234
f 247 248 243
f 248 249 243
f 243 249 244
f 250 251 252
f 253 254 255
f 254 256 255
f 257 258 259
f 260 261 262
f 261 263 262
f 262 263 264
f 263 265 264
f 265 266 267
f 268 269 270
f 269 271 270
f 270 271 272
f 272 273 270
f 273 274 270
f 270 274 275
f 259 262 257
f 262 264 257
f 257 264 253
f 264 250 253
f 253 250 254
f 250 252 254
f 276 277 278
f 277 279 278
f 266 265 280
f 265 281 280
f 280 281 282
f 281 261 282
f 282 261 283
f 261 260 283
f 283 260 284
f 284 260 285
f 260 276 285
f 285 276 286
f 276 278 286
f 286 278 287
f 278 288 287
f 287 288 289
f 290 291 288
f 291 292 288
f 288 292 289
f 293 294 290
f 294 295 290
f 290 295 291
f 274 296 275
f 296 297 275
f 275 297 294
f 297 298 294
f 294 298 295
f 299 300 251
f 300 269 251
f 251 269 252
f 269 268 252
f 252 268 256
f 268 293 256
f 256 293 255
f 293 290 255
f 255 290 301
f 290 278 301
f 301 278 258
f 278 279 258
f 258 279 259
f 302 303 304
f 302 304 251
f 304 305 251
f 251 305 299
f 306 307 308
f 307 309 308
f 308 309 310
f 310 311 308
f 311 312 308
f 308 312 313
f 313 314 308
f 314 315 308
f 308 315 302
f 315 316 302
f 302 316 303
f 267 317 265
f 317 318 265
f 265 318 264
f 318 319 264
f 264 319 320
f 320 321 264
f 321 322 264
f 264 322 308
f 322 323 308
f 308 323 306
f 324 325 326
f 325 327 326
f 328 329 327
f 329 330 327
f 327 330 326
f 292 331 289
f 331 329 289
f 289 329 332
f 329 328 332
f 333 334 335
f 333 335 336
f 324 337 325
f 337 338 325
f 325 338 335
f 338 339 335
f 335 339 336
f 334 340 335
f 340 341 335
f 335 341 342
f 342 343 335
f 343 344 335
f 335 344 345
f 345 346 335
f 346 347 335
f 335 347 348
f 349 350 351
f 352 353 354
f 353 355 354
f 354 355 351
f 355 356 351
f 351 356 349
f 348 357 335
f 357 358 335
f 335 358 359
f 358 351 359
f 359 351 360
f 351 350 360
f 361 362 363
f 364 365 366
f 367 368 369
f 368 370 369
f 369 370 371
f 371 372 369
f 372 373 369
f 369 373 374
f 374 375 369
f 375 376 369
f 369 376 377
f 377 378 369
f 378 379 369
f 369 379 380
f 380 381 369
f 381 382 369
f 369 382 366
f 382 383 366
f 366 383 364
f 365 384 366
f 384 385 366
f 366 385 386
f 386 387 366
f 387 388 366
f 366 388 389
f 390 391 392
f 391 366 392
f 392 366 393
f 366 389 393
f 394 395 396
f 395 397 396
f 396 397 369
f 397 398 369
f 369 398 367
f 399 394 400
f 394 396 400
f 400 396 401
f 396 402 401
f 403 404 405
f 404 406 405
f 407 408 403
f 408 409 403
f 403 409 404
f 391 410 366
f 410 411 366
f 366 411 407
f 411 412 407
f 407 412 408
f 405 361 403
f 361 363 403
f 403 363 407
f 363 413 407
f 407 413 366
f 413 414 366
f 366 414 369
f 414 415 369
f 369 415 396
f 415 416 396
f 396 416 402
f 417 418 419
f 420 421 422
f 423 424 425
f 426 427 428
f 429 430 431
f 432 433 434
f 434 435 432
f 435 436 432
f 432 436 437
f 437 438 432
f 438 439 432
f 432 439 440
f 440 441 432
f 441 442 432
f 432 442 443
f 443 444 432
f 444 445 432
f 432 445 446
f 446 447 432
f 447 448 432
f 432 448 449
f 367 398 450
f 398 397 450
f 450 397 449
f 451 452 453
f 454 411 410
f 454 410 455
f 410 391 455
f 455 391 390
f 452 456 453
f 456 457 453
f 453 457 458
f 458 459 453
f 459 460 453
f 453 460 461
f 461 462 453
f 462 463 453
f 453 463 464
f 464 465 453
f 465 466 453
f 453 466 467
f 466 468 467
f 468 469 467
f 469 470 467
f 467 470 471
f 471 472 467
f 472 473 467
f 467 473 432
f 473 474 432
f 432 474 433
f 454 451 411
f 451 453 411
f 411 453 412
f 453 475 412
f 412 475 408
f 475 476 408
f 408 476 409
f 406 404 477
f 404 409 477
f 477 409 478
f 409 476 478
f 478 476 479
f 429 431 480
f 481 482 483
f 482 484 483
f 485 486 487
f 488 489 490
f 491 492 493
f 494 495 496
f 495 497 496
f 496 497 498
f 498 497 499
f 497 500 499
f 499 500 501
f 500 502 501
f 501 502 503
f 503 502 504
f 502 505 504
f 504 505 506
f 506 505 507
f 505 508 507
f 507 508 509
f 509 508 510
f 508 511 510
f 510 511 512
f 512 511 513
f 511 514 513
f 513 514 515
f 515 514 516
f 514 517 516
f 516 517 518
f 519 520 521
f 520 522 521
f 521 522 517
f 522 523 517
f 517 523 518
f 524 525 521
f 525 526 521
f 521 526 519
f 527 528 524
f 528 529 524
f 529 530 524
f 530 531 524
f 524 531 532
f 532 533 524
f 533 534 524
f 524 534 525
f 427 535 428
f 535 527 428
f 428 527 536
f 537 538 539
f 538 540 539
f 539 540 541
f 542 543 544
f 543 545 544
f 544 545 546
f 545 547 546
f 547 548 546
f 546 548 549
f 550 551 552
f 551 553 552
f 552 553 554
f 555 556 557
f 556 558 557
f 557 558 423
f 425 559 560
f 560 561 425
f 561 562 425
f 425 562 423
f 562 563 423
f 423 563 557
f 563 564 557
f 557 564 555
f 565 566 567
f 566 559 567
f 567 559 568
f 559 425 568
f 569 570 566
f 570 571 566
f 571 572 566
f 566 572 573
f 573 574 566
f 574 575 566
f 566 575 559
f 565 576 566
f 576 577 566
f 566 577 578
f 578 579 566
f 579 580 566
f 566 580 581
f 581 582 566
f 582 583 566
f 566 583 569
f 584 585 425
f 585 586 425
f 425 586 568
f 587 588 424
f 588 589 424
f 424 589 425
f 589 590 425
f 425 590 584
f 591 592 593
f 592 594 593
f 595 596 597
f 596 598 597
f 597 598 599
f 598 600 599
f 599 600 601
f 602 603 604
f 603 605 604
f 604 605 606
f 605 607 606
f 606 607 597
f 607 608 597
f 597 608 595
f 609 610 611
f 610 612 611
f 613 614 615
f 614 616 615
f 615 616 617
f 618 619 620
f 619 621 620
f 620 621 622
f 623 624 625
f 626 627 628
f 627 629 628
f 628 629 623
f 629 630 623
f 623 630 624
f 631 632 633
f 632 634 633
f 633 634 635
f 636 637 638
f 637 639 638
f 638 639 633
f 639 640 633
f 633 640 631
f 641 642 643
f 642 644 643
f 641 643 645
f 643 646 645
f 645 646 647
f 449 397 432
f 397 395 432
f 432 395 648
f 395 394 648
f 648 394 646
f 394 649 646
f 646 649 647
f 650 651 652
f 650 652 558
f 652 653 558
f 558 653 423
f 653 592 423
f 423 592 424
f 592 591 424
f 424 591 587
f 556 550 558
f 550 552 558
f 558 552 650
f 552 654 650
f 650 654 655
f 654 656 655
f 655 656 657
f 651 650 658
f 650 655 658
f 658 655 659
f 655 657 659
f 659 657 660
f 657 656 660
f 660 656 661
f 422 662 663
f 662 664 663
f 665 664 666
f 664 662 666
f 666 662 667
f 662 422 667
f 421 420 668
f 420 669 668
f 669 670 668
f 668 670 606
f 670 610 606
f 606 610 604
f 610 609 604
f 604 609 602
f 625 618 671
f 618 620 671
f 671 620 672
f 673 626 674
f 626 628 674
f 674 628 675
f 628 623 675
f 625 671 623
f 671 672 623
f 623 672 675
f 672 633 675
f 675 633 674
f 633 635 674
f 674 635 673
f 635 676 673
f 673 676 677
f 678 679 680
f 679 681 680
f 680 681 682
f 681 683 682
f 682 683 684
f 683 685 684
f 684 685 615
f 685 686 615
f 615 686 613
f 687 688 689
f 617 690 615
f 690 691 615
f 615 691 684
f 691 692 684
f 684 692 682
f 692 693 682
f 682 693 680
f 693 689 680
f 680 689 678
f 689 688 678
f 687 694 688
f 694 638 688
f 688 638 678
f 638 633 678
f 678 633 679
f 633 672 679
f 679 672 681
f 672 620 681
f 681 620 683
f 620 622 683
f 683 622 685
f 622 695 685
f 685 695 686
f 486 481 487
f 481 483 487
f 487 483 696
f 483 697 696
f 696 697 698
f 697 699 698
f 698 699 700
f 699 701 700
f 700 701 702
f 701 703 702
f 702 703 704
f 703 705 704
f 704 705 706
f 705 707 706
f 706 707 708
f 707 665 708
f 708 665 709
f 665 666 709
f 709 666 661
f 666 667 661
f 661 667 660
f 667 422 660
f 660 422 659
f 422 421 659
f 659 421 658
f 421 668 658
f 658 668 651
f 668 606 651
f 651 606 652
f 606 597 652
f 652 597 653
f 597 599 653
f 653 599 592
f 599 601 592
f 592 601 594
f 484 480 483
f 480 431 483
f 483 431 697
f 431 710 697
f 697 710 699
f 710 711 699
f 699 711 701
f 711 712 701
f 701 712 703
f 712 713 703
f 703 713 705
f 713 714 705
f 705 714 707
f 714 715 707
f 707 715 665
f 715 694 665
f 665 694 664
f 694 687 664
f 664 687 663
f 687 689 663
f 663 689 422
f 689 693 422
f 422 693 420
f 693 692 420
f 420 692 669
f 692 691 669
f 669 691 670
f 691 690 670
f 670 690 610
f 690 617 610
f 610 617 612
f 430 479 431
f 479 476 431
f 431 476 710
f 476 475 710
f 710 475 711
f 475 453 711
f 711 453 712
f 453 467 712
f 712 467 713
f 467 432 713
f 713 432 714
f 432 648 714
f 714 648 715
f 648 646 715
f 715 646 694
f 646 643 694
f 694 643 638
f 643 644 638
f 638 644 636
f 716 717 417
f 541 426 539
f 426 428 539
f 539 428 419
f 428 536 419
f 419 536 417
f 536 718 417
f 417 718 716
f 527 524 536
f 524 521 536
f 536 521 718
f 521 517 718
f 718 517 716
f 517 514 716
f 716 514 717
f 418 719 419
f 719 720 419
f 419 720 539
f 720 546 539
f 539 546 537
f 546 549 537
f 537 549 538
f 492 488 493
f 488 490 493
f 493 490 721
f 490 722 721
f 721 722 723
f 722 724 723
f 723 724 725
f 724 726 725
f 725 726 727
f 726 728 727
f 727 728 729
f 728 730 729
f 729 730 731
f 730 732 731
f 731 732 733
f 732 734 733
f 733 734 735
f 734 736 735
f 495 491 497
f 491 493 497
f 497 493 500
f 493 721 500
f 500 721 502
f 721 723 502
f 502 723 505
f 723 725 505
f 505 725 508
f 725 727 508
f 508 727 511
f 727 729 511
f 511 729 514
f 729 731 514
f 514 731 717
f 731 733 717
f 717 733 417
f 733 735 417
f 417 735 418
f 735 736 418
f 418 736 719
f 489 485 490
f 485 487 490
f 490 487 722
f 487 696 722
f 722 696 724
f 696 698 724
f 724 698 726
f 698 700 726
f 726 700 728
f 700 702 728
f 728 702 730
f 702 704 730
f 730 704 732
f 704 706 732
f 732 706 734
f 706 708 734
f 734 708 736
f 708 709 736
f 736 709 719
f 709 661 719
f 719 661 720
f 661 656 720
f 720 656 546
f 656 654 546
f 546 654 544
f 654 552 544
f 544 552 542
f 552 554 542
f 737 738 739
f 740 741 739
f 741 742 739
f 739 742 737
f 743 744 745
f 744 746 745
f 746 747 745
f 745 747 748
f 748 749 745
f 749 750 745
f 745 750 751
f 752 753 738
f 753 754 738
f 738 754 755
f 756 745 738
f 745 757 738
f 738 757 752
f 755 758 738
f 758 759 738
f 738 759 760
f 761 762 739
f 762 763 739
f 739 763 764
f 761 765 762
f 765 766 762
f 762 766 767
f 756 768 745
f 768 769 745
f 745 769 770
f 770 771 745
f 771 772 745
f 745 772 773
f 773 774 745
f 774 775 745
f 745 775 743
f 776 745 777
f 745 778 777
f 779 780 738
f 780 781 738
f 738 781 739
f 764 782 739
f 782 783 739
f 739 783 784
f 751 785 745
f 785 786 745
f 745 786 778
f 787 788 789
f 788 790 789
f 789 790 791
f 767 792 762
f 792 793 762
f 762 793 794
f 794 795 762
f 795 796 762
f 762 796 797
f 796 798 797
f 797 798 799
f 784 800 739
f 800 801 739
f 739 801 802
f 802 803 739
f 803 804 739
f 739 804 740
f 776 805 745
f 805 789 745
f 745 789 806
f 789 791 806
f 760 807 738
f 807 808 738
f 738 808 779
f 789 809 787
f 809 810 787
f 787 810 811
f 810 812 811
f 811 812 813
f 812 814 813
f 815 816 817
f 816 818 817
f 817 818 819
f 818 820 819
f 821 822 823
f 822 824 823
f 823 824 825
f 824 826 825
f 825 826 827
f 826 828 827
f 827 828 829
f 828 830 829
f 829 830 815
f 830 831 815
f 815 831 816
f 832 833 821
f 833 834 821
f 821 834 822
f 835 836 837
f 836 838 837
f 837 838 839
f 838 840 839
f 839 840 841
f 840 842 841
f 841 842 843
f 842 844 843
f 843 844 845
f 844 846 845
f 845 846 847
f 846 848 847
f 847 848 849
f 848 850 849
f 849 850 820
f 850 851 820
f 820 851 819
f 835 852 836
f 852 853 836
f 836 853 854
f 853 855 854
f 854 855 856
f 855 857 856
f 856 857 858
f 857 859 858
f 859 857 860
f 857 861 860
f 860 861 862
f 861 863 862
f 862 863 864
f 863 865 864
f 864 865 866
f 865 867 866
f 866 867 868
f 867 869 868
f 868 869 870
f 869 871 870
f 870 871 872
f 871 873 872
f 872 873 874
f 873 875 874
f 874 875 876
f 875 877 876
f 876 877 878
f 877 879 878
f 878 879 880
f 879 881 880
f 880 881 882
f 881 883 882
f 882 883 884
f 883 885 884
f 884 885 886
f 885 887 886
f 886 887 888
f 887 889 888
f 888 889 890
f 889 891 890
f 890 891 892
f 891 893 892
f 892 893 894
f 893 895 894
f 894 895 896
f 895 897 896
f 896 897 898
f 897 899 898
f 898 899 900
f 899 901 900
f 900 901 902
f 901 903 902
f 903 904 902
f 902 904 905
f 904 906 905
f 905 906 907
f 908 909 910
f 909 911 910
f 906 912 907
f 912 913 907
f 907 913 911
f 913 914 911
f 911 914 910
f 915 916 917
f 916 918 917
f 917 918 919
f 919 920 917
f 920 921 917
f 917 921 922
f 923 924 925
f 926 927 928
f 927 929 928
f 928 929 930
f 929 931 930
f 930 931 932
f 931 933 932
f 932 933 934
f 933 935 934
f 934 935 936
f 935 937 936
f 936 937 923
f 937 938 923
f 923 938 924
f 939 940 926
f 940 941 926
f 926 941 927
f 942 943 925
f 943 944 925
f 925 944 945
f 946 947 948
f 947 949 948
f 948 949 950
f 949 951 950
f 950 951 939
f 951 952 939
f 939 952 940
f 945 953 925
f 953 954 925
f 925 954 923
f 955 956 957
f 958 959 960
f 959 961 960
f 960 961 962
f 962 963 960
f 963 964 960
f 960 964 965
f 966 967 960
f 967 968 960
f 960 968 969
f 957 970 955
f 970 971 955
f 955 971 960
f 971 972 960
f 960 972 958
f 965 973 960
f 973 974 960
f 960 974 975
f 975 976 960
f 976 977 960
f 960 977 966
f 978 359 360
f 352 354 979
f 349 980 350
f 980 981 350
f 350 981 360
f 981 982 360
f 360 982 978
f 982 983 978
f 978 983 984
f 353 985 355
f 985 986 355
f 355 986 356
f 986 987 356
f 356 987 349
f 987 988 349
f 349 988 980
f 979 989 352
f 989 990 352
f 352 990 353
f 990 991 353
f 353 991 985
f 992 993 994
f 994 280 282
f 283 995 282
f 995 996 282
f 282 996 994
f 996 997 994
f 994 997 992
f 998 999 1000
f 999 1001 1000
f 1000 1001 995
f 1001 1002 995
f 995 1002 996
f 1002 1003 996
f 996 1003 997
f 998 1000 1004
f 1000 1005 1004
f 1004 1005 1006
f 1005 1007 1006
f 1006 1007 1008
f 287 1009 1010
f 283 284 995
f 284 285 995
f 995 285 1000
f 285 286 1000
f 1000 286 1005
f 286 287 1005
f 1005 287 1007
f 287 1010 1007
f 1007 1010 1008
f 1011 1012 1013
f 1012 1014 1013
f 1013 1014 1010
f 1014 1015 1010
f 1010 1015 1008
f 1011 1013 1016
f 1013 1017 1016
f 1016 1017 1018
f 327 325 1019
f 1020 1018 1019
f 1018 1017 1019
f 1019 1017 327
f 1017 1013 327
f 327 1013 328
f 1013 1010 328
f 328 1010 332
f 1010 1009 332
f 325 335 1019
f 335 359 1019
f 1019 359 978
f 978 984 1019
f 984 1021 1019
f 1019 1021 1020
f 1022 1023 307
f 1023 309 307
f 306 1024 307
f 1024 1025 307
f 307 1025 1022
f 1026 1027 322
f 1027 1028 322
f 322 1028 323
f 1028 1029 323
f 323 1029 306
f 1029 1030 306
f 306 1030 1024
f 1026 322 1031
f 322 321 1031
f 1031 321 1032
f 1032 321 1033
f 321 320 1033
f 1033 320 1034
f 1034 320 1035
f 320 319 1035
f 1035 319 1036
f 1036 319 1037
f 319 318 1037
f 1037 318 1038
f 318 317 1038
f 1038 317 1039
f 317 267 1039
f 1039 267 1040
f 267 266 1040
f 1040 266 1041
f 266 280 1041
f 280 994 1041
f 1041 994 1042
f 994 993 1042
f 312 311 1043
f 311 1044 1043
f 310 309 1045
f 309 1023 1045
f 310 1045 311
f 1045 1046 311
f 311 1046 1044
f 314 1047 315
f 1047 1048 315
f 312 1043 313
f 1043 1049 313
f 313 1049 314
f 1049 1050 314
f 314 1050 1047
f 1051 1052 344
f 1052 345 344
f 1053 347 1054
f 347 346 1054
f 1052 1055 345
f 1055 1056 345
f 345 1056 346
f 1056 1057 346
f 346 1057 1054
f 347 1053 1058
f 979 354 351
f 1059 1060 357
f 1060 1061 357
f 357 1061 358
f 1061 1062 358
f 358 1062 351
f 1062 1063 351
f 351 1063 979
f 1059 357 1058
f 357 348 1058
f 1058 348 347
f 989 979 1064
f 1065 989 1066
f 989 1064 1066
f 1066 1064 1067
f 1065 1068 989
f 1068 1069 989
f 989 1069 1070
f 1069 1071 1070
f 1070 1071 991
f 1071 1072 991
f 991 1072 985
f 1072 1073 985
f 1074 982 1075
f 1073 1076 985
f 1076 1077 985
f 985 1077 986
f 1077 1078 986
f 986 1078 1079
f 1078 1080 1079
f 1079 1080 988
f 1080 1081 988
f 988 1081 980
f 1081 1082 980
f 980 1082 1083
f 1082 1084 1083
f 1083 1084 982
f 1084 1085 982
f 982 1085 1075
f 1075 1086 1074
f 1086 1087 1074
f 1074 1087 984
f 1087 1088 984
f 1088 1089 984
f 984 1089 1021
f 1089 1090 1021
f 1021 1090 1020
f 1090 1091 1020
f 1020 1091 1018
f 1091 1092 1018
f 1092 1093 1018
f 1018 1093 1016
f 1093 1094 1016
f 1016 1094 1011
f 1094 1095 1011
f 1095 1096 1011
f 1011 1096 1012
f 1096 1097 1012
f 1012 1097 1014
f 1097 1098 1014
f 1098 1099 1014
f 1014 1099 1015
f 1099 1008 1015
f 1099 1100 1008
f 1100 1101 1008
f 1008 1101 1006
f 1101 1102 1006
f 1006 1102 1004
f 1102 1103 1004
f 1103 1104 1004
f 1004 1104 1105
f 1104 1106 1105
f 1105 1106 999
f 1106 1001 999
f 1106 1107 1001
f 1107 1108 1001
f 1001 1108 1002
f 1108 1109 1002
f 1002 1109 1003
f 1109 1110 1003
f 1110 1111 1003
f 1003 1111 1112
f 1111 1113 1112
f 1112 1113 992
f 1113 1114 992
f 992 1114 1115
f 1116 1042 1115
f 1042 993 1115
f 1115 993 992
f 1038 1117 1118
f 1117 1119 1118
f 1118 1119 1036
f 1116 1120 1042
f 1120 1121 1042
f 1042 1121 1041
f 1121 1122 1041
f 1041 1122 1040
f 1122 1123 1040
f 1040 1123 1039
f 1123 1124 1039
f 1039 1124 1038
f 1124 1125 1038
f 1038 1125 1117
f 1126 1127 1034
f 1119 1128 1036
f 1128 1129 1036
f 1036 1129 1130
f 1129 1131 1130
f 1130 1131 1034
f 1131 1132 1034
f 1034 1132 1126
f 1126 1133 1127
f 1133 1134 1127
f 1127 1134 1032
f 1134 1135 1032
f 1032 1135 1136
f 1135 1137 1136
f 1137 1138 1136
f 1136 1138 1026
f 1138 1139 1026
f 1139 1140 1026
f 1026 1140 1027
f 1140 1141 1027
f 1027 1141 1028
f 1141 1142 1028
f 1028 1142 1143
f 1142 1144 1143
f 1144 1145 1143
f 1143 1145 1146
f 1145 1147 1146
f 1147 1148 1146
f 1146 1148 1024
f 1148 1149 1024
f 1024 1149 1150
f 1151 1023 1022
f 1152 1153 1150
f 1153 1154 1150
f 1150 1154 1022
f 1154 1155 1022
f 1022 1155 1151
f 1155 1156 1151
f 1157 1156 1158
f 1159 1043 1160
f 1043 1044 1160
f 1160 1044 1161
f 1044 1162 1161
f 1161 1162 1163
f 1162 1045 1163
f 1163 1045 1158
f 1045 1023 1158
f 1158 1023 1157
f 1164 1048 1047
f 1043 1165 1049
f 1165 1166 1049
f 1049 1166 1167
f 1166 1168 1167
f 1167 1168 1047
f 1168 1169 1047
f 1047 1169 1164
f 1169 1170 1164
f 1164 1170 1171
f 1172 1173 304
f 1174 273 272
f 316 315 1048
f 299 1175 1176
f 299 1176 300
f 1176 1177 300
f 1177 1178 300
f 300 1178 269
f 1178 1179 269
f 269 1179 271
f 1179 1180 271
f 271 1180 272
f 1180 1181 272
f 272 1181 1174
f 1181 1182 1174
f 1174 1182 1183
f 1175 299 1184
f 299 305 1184
f 1184 305 1185
f 304 1173 305
f 1173 1186 305
f 305 1186 1185
f 1172 304 1187
f 304 303 1187
f 1187 303 1188
f 1048 1189 316
f 1189 1190 316
f 316 1190 303
f 1190 1191 303
f 303 1191 1188
f 1192 1193 1194
f 1193 1195 1194
f 1194 1195 337
f 1195 338 337
f 337 324 1196
f 337 1196 1194
f 1196 1197 1194
f 1194 1197 1192
f 1198 1199 1196
f 1199 1200 1196
f 1196 1200 1197
f 324 326 1196
f 326 330 1196
f 1196 330 1198
f 330 329 1198
f 1198 329 1201
f 329 331 1201
f 1201 331 1202
f 1203 1204 1202
f 1204 1205 1202
f 1202 1205 1201
f 1205 1206 1201
f 1201 1206 1198
f 1206 1207 1198
f 1198 1207 1199
f 331 1208 1202
f 1208 1209 1202
f 1202 1209 1203
f 1209 1210 1203
f 1210 1209 1211
f 1209 1212 1211
f 1211 1212 1213
f 1213 1212 1214
f 1212 1215 1214
f 1214 1215 1216
f 1215 1217 1216
f 1216 1217 1218
f 274 1219 296
f 1219 1217 296
f 296 1217 297
f 1217 1215 297
f 297 1215 298
f 1215 1212 298
f 298 1212 295
f 1212 1209 295
f 295 1209 291
f 1209 1208 291
f 1183 1220 1174
f 1220 1219 1174
f 1174 1219 273
f 1219 274 273
f 1220 1221 1219
f 1221 1222 1219
f 1219 1222 1217
f 1222 1223 1217
f 1217 1223 1218
f 1224 1051 344
f 344 343 1224
f 343 342 1224
f 1224 342 1225
f 1225 342 1226
f 342 341 1226
f 1226 341 1227
f 341 340 1227
f 1227 340 1228
f 1228 340 1229
f 340 334 1229
f 1229 334 1230
f 334 333 1230
f 1230 333 1231
f 333 336 1231
f 1231 336 1232
f 1232 336 1233
f 336 339 1233
f 1233 339 1234
f 1195 1193 1235
f 1234 339 1235
f 339 338 1235
f 1235 338 1195
f 1052 1051 1236
f 1051 1237 1236
f 1238 1239 1237
f 1239 1240 1237
f 1237 1240 1236
f 1052 1236 1055
f 1236 1241 1055
f 1055 1241 1056
f 1241 1242 1056
f 1056 1242 1057
f 1242 1243 1057
f 1057 1243 1054
f 1243 1244 1054
f 1244 1245 1054
f 1054 1245 1053
f 1245 1246 1053
f 1053 1246 1058
f 1246 1247 1058
f 1058 1247 1248
f 1249 1061 1250
f 1061 1060 1250
f 1250 1060 1251
f 1060 1248 1251
f 1251 1248 1252
f 1248 1247 1252
f 1064 979 1063
f 1067 1064 1253
f 1064 1063 1253
f 1253 1063 1254
f 1063 1255 1254
f 1254 1255 1256
f 1255 1250 1256
f 1257 1258 1259
f 1254 1257 1253
f 1257 1260 1253
f 1253 1260 1067
f 1259 1258 1261
f 1252 1247 1258
f 1261 1258 1262
f 1258 1247 1262
f 1262 1247 1246
f 1254 1256 1257
f 1256 1250 1257
f 1257 1250 1258
f 1250 1251 1258
f 1258 1251 1252
f 1263 1264 1265
f 1266 1267 1268
f 1267 1269 1268
f 1270 1266 1271
f 1266 1268 1271
f 1271 1268 1272
f 1268 1259 1272
f 1272 1259 1273
f 1259 1261 1273
f 1274 1275 1264
f 1275 1276 1264
f 1264 1276 1277
f 1278 1279 1277
f 1279 1280 1277
f 1277 1280 1264
f 1280 1281 1264
f 1264 1281 1265
f 1265 1282 1263
f 1282 1283 1263
f 1263 1283 1284
f 1269 1274 1268
f 1274 1264 1268
f 1268 1264 1259
f 1264 1263 1259
f 1259 1263 1257
f 1263 1284 1257
f 1257 1284 1260
f 1285 1286 1284
f 1278 1287 1279
f 1287 1288 1279
f 1279 1288 1280
f 1288 1289 1280
f 1284 1286 1260
f 1286 1066 1260
f 1260 1066 1067
f 1284 1283 1285
f 1283 1282 1285
f 1285 1282 1290
f 1282 1265 1290
f 1290 1265 1289
f 1265 1281 1289
f 1289 1281 1280
f 1291 1292 1293
f 1294 1295 1296
f 1296 1295 1297
f 1298 1299 1300
f 1096 1095 1301
f 1095 1094 1301
f 1302 1303 1304
f 1303 1100 1304
f 1100 1099 1304
f 1099 1098 1304
f 1304 1098 1097
f 1305 1302 1306
f 1302 1304 1306
f 1306 1304 1301
f 1304 1097 1301
f 1301 1097 1096
f 1307 1305 1308
f 1305 1306 1308
f 1308 1306 1309
f 1306 1301 1309
f 1309 1301 1310
f 1301 1094 1310
f 1310 1094 1093
f 1311 1104 1103
f 1103 1102 1303
f 1102 1101 1303
f 1303 1101 1100
f 1312 1313 1314
f 1313 1315 1314
f 1314 1315 1316
f 1317 1293 1318
f 1292 1319 1293
f 1319 1320 1293
f 1293 1320 1318
f 1320 1321 1318
f 1300 1312 1322
f 1312 1314 1322
f 1322 1314 1323
f 1314 1316 1323
f 1323 1316 1317
f 1324 1325 1326
f 1321 1327 1318
f 1327 1328 1318
f 1318 1328 1326
f 1328 1329 1326
f 1326 1329 1324
f 1330 1331 1332
f 1331 1333 1332
f 1332 1333 1334
f 1335 1336 1337
f 1336 1338 1337
f 1297 1339 1340
f 1339 1341 1340
f 1340 1341 1342
f 1287 1343 1288
f 1343 1331 1288
f 1288 1331 1289
f 1331 1330 1289
f 1289 1330 1290
f 1330 1285 1290
f 1344 1345 1333
f 1345 1294 1333
f 1333 1294 1334
f 1294 1296 1334
f 1343 1346 1331
f 1346 1347 1331
f 1331 1347 1333
f 1347 1348 1333
f 1333 1348 1344
f 1295 1349 1350
f 1297 1295 1339
f 1295 1350 1339
f 1339 1350 1351
f 1345 1352 1294
f 1352 1353 1294
f 1294 1353 1295
f 1353 1354 1295
f 1295 1354 1349
f 1341 1355 1356
f 1356 1357 1341
f 1357 1337 1341
f 1341 1337 1342
f 1337 1338 1342
f 1342 1338 1358
f 1357 1359 1337
f 1359 1360 1337
f 1337 1360 1335
f 1360 1361 1335
f 1335 1361 1362
f 1351 1363 1339
f 1363 1364 1339
f 1339 1364 1341
f 1364 1365 1341
f 1341 1365 1355
f 1071 1366 1072
f 1366 1367 1072
f 1071 1368 1366
f 1368 1068 1366
f 1366 1068 1369
f 1068 1065 1369
f 1369 1065 1286
f 1065 1066 1286
f 1078 1370 1080
f 1370 1371 1080
f 1080 1371 1081
f 1078 1077 1370
f 1077 1076 1370
f 1370 1076 1367
f 1076 1073 1367
f 1367 1073 1072
f 1075 1372 1373
f 1372 1084 1373
f 1373 1084 1371
f 1084 1374 1371
f 1371 1374 1081
f 1075 1373 1086
f 1373 1375 1086
f 1086 1375 1087
f 1093 1092 1310
f 1092 1091 1310
f 1310 1091 1376
f 1091 1090 1376
f 1090 1377 1376
f 1376 1377 1375
f 1377 1088 1375
f 1375 1088 1087
f 1325 1378 1379
f 1378 1380 1379
f 1317 1318 1323
f 1318 1326 1323
f 1323 1326 1322
f 1326 1325 1322
f 1322 1325 1300
f 1325 1379 1300
f 1300 1379 1298
f 1379 1380 1298
f 1298 1380 1381
f 1311 1103 1382
f 1103 1303 1382
f 1382 1303 1383
f 1303 1302 1383
f 1383 1302 1384
f 1302 1305 1384
f 1384 1305 1385
f 1305 1307 1385
f 1385 1307 1386
f 1315 1358 1316
f 1358 1338 1316
f 1316 1338 1317
f 1338 1336 1317
f 1317 1336 1293
f 1336 1335 1293
f 1293 1335 1291
f 1335 1362 1291
f 1299 1386 1300
f 1386 1307 1300
f 1300 1307 1312
f 1307 1308 1312
f 1312 1308 1313
f 1308 1309 1313
f 1313 1309 1315
f 1309 1310 1315
f 1315 1310 1358
f 1310 1376 1358
f 1358 1376 1342
f 1376 1375 1342
f 1342 1375 1340
f 1375 1373 1340
f 1340 1373 1297
f 1373 1371 1297
f 1297 1371 1296
f 1371 1370 1296
f 1296 1370 1334
f 1370 1367 1334
f 1334 1367 1332
f 1367 1366 1332
f 1332 1366 1330
f 1366 1369 1330
f 1330 1369 1285
f 1369 1286 1285
f 1387 1388 1389
f 1390 1129 1391
f 1392 1393 1394
f 1395 1396 1397
f 1398 1399 1400
f 1399 1401 1400
f 1402 1403 1404
f 1403 1405 1404
f 1402 1406 1403
f 1406 1407 1403
f 1403 1407 1401
f 1407 1408 1401
f 1401 1408 1400
f 1409 1410 1411
f 1410 1412 1411
f 1412 1395 1411
f 1411 1395 1413
f 1395 1397 1413
f 1413 1397 1414
f 1396 1415 1397
f 1415 1416 1397
f 1397 1416 1405
f 1416 1417 1405
f 1405 1417 1404
f 1123 1418 1124
f 1418 1419 1124
f 1124 1419 1125
f 1420 1116 1115
f 1420 1115 1421
f 1123 1422 1418
f 1422 1121 1418
f 1418 1121 1420
f 1121 1120 1420
f 1420 1120 1116
f 1423 1424 1109
f 1424 1110 1109
f 1382 1383 1392
f 1383 1384 1392
f 1392 1384 1393
f 1115 1114 1421
f 1114 1113 1421
f 1421 1113 1424
f 1113 1111 1424
f 1424 1111 1110
f 1425 1156 1155
f 1154 1426 1155
f 1426 1427 1155
f 1155 1427 1425
f 1144 1428 1429
f 1428 1430 1429
f 1429 1430 1147
f 1154 1153 1426
f 1153 1152 1426
f 1426 1152 1430
f 1152 1431 1430
f 1430 1431 1147
f 1137 1432 1138
f 1432 1433 1138
f 1138 1433 1139
f 1390 1391 1132
f 1391 1434 1132
f 1132 1434 1126
f 1137 1135 1432
f 1135 1134 1432
f 1432 1134 1434
f 1134 1133 1434
f 1434 1133 1126
f 1144 1142 1428
f 1142 1141 1428
f 1428 1141 1433
f 1141 1140 1433
f 1433 1140 1139
f 1435 1436 1437
f 1436 1438 1437
f 1437 1438 1439
f 1440 1441 1442
f 1441 1443 1442
f 1442 1444 1440
f 1444 1445 1440
f 1440 1445 1438
f 1445 1446 1438
f 1438 1446 1439
f 1447 1448 1449
f 1448 1450 1449
f 1449 1450 1441
f 1450 1451 1441
f 1441 1451 1443
f 1447 1449 1452
f 1449 1453 1452
f 1452 1453 1454
f 1455 1456 1457
f 1455 1457 1458
f 1457 1459 1458
f 1459 1460 1458
f 1458 1460 1453
f 1460 1461 1453
f 1453 1461 1454
f 1398 1462 1399
f 1462 1463 1399
f 1399 1463 1455
f 1463 1464 1455
f 1455 1464 1456
f 1109 1108 1423
f 1108 1107 1423
f 1423 1107 1106
f 1388 1427 1389
f 1427 1426 1389
f 1389 1426 1465
f 1426 1430 1465
f 1465 1430 1466
f 1430 1428 1466
f 1466 1428 1467
f 1428 1433 1467
f 1467 1433 1468
f 1433 1432 1468
f 1468 1432 1469
f 1432 1434 1469
f 1469 1434 1470
f 1434 1391 1470
f 1470 1391 1471
f 1391 1419 1471
f 1471 1419 1472
f 1419 1418 1472
f 1472 1418 1473
f 1418 1420 1473
f 1473 1420 1474
f 1420 1421 1474
f 1474 1421 1394
f 1421 1424 1394
f 1394 1424 1392
f 1424 1423 1392
f 1392 1423 1382
f 1423 1106 1382
f 1382 1106 1311
f 1106 1104 1311
f 1381 1409 1298
f 1409 1411 1298
f 1298 1411 1299
f 1411 1413 1299
f 1299 1413 1386
f 1413 1414 1386
f 1386 1414 1385
f 1129 1128 1391
f 1128 1119 1391
f 1391 1119 1419
f 1119 1117 1419
f 1419 1117 1125
f 1384 1385 1393
f 1385 1414 1393
f 1393 1414 1394
f 1414 1397 1394
f 1394 1397 1475
f 1397 1405 1475
f 1475 1405 1473
f 1405 1403 1473
f 1473 1403 1472
f 1403 1401 1472
f 1472 1401 1471
f 1401 1399 1471
f 1471 1399 1470
f 1399 1455 1470
f 1470 1455 1469
f 1455 1458 1469
f 1469 1458 1468
f 1458 1453 1468
f 1468 1453 1467
f 1453 1449 1467
f 1467 1449 1466
f 1449 1441 1466
f 1466 1441 1465
f 1441 1440 1465
f 1465 1440 1389
f 1440 1438 1389
f 1389 1438 1387
f 1438 1436 1387
f 1476 1477 1478
f 1477 1479 1478
f 1435 1480 1436
f 1480 1481 1436
f 1436 1481 1482
f 1481 1483 1482
f 1484 1485 1486
f 1485 1487 1486
f 1486 1487 1488
f 1487 1489 1488
f 1488 1489 1160
f 1489 1490 1160
f 1160 1490 1159
f 1160 1161 1488
f 1161 1163 1488
f 1488 1163 1158
f 1158 1156 1425
f 1486 1482 1477
f 1482 1483 1477
f 1477 1483 1479
f 1158 1425 1488
f 1425 1427 1488
f 1488 1427 1486
f 1427 1388 1486
f 1486 1388 1482
f 1388 1387 1482
f 1482 1387 1436
f 1484 1486 1491
f 1486 1477 1491
f 1491 1477 1492
f 1477 1476 1492
f 1492 1476 1493
f 1494 1495 1496
f 1170 1169 1497
f 1498 1499 1500
f 1498 1500 1501
f 1502 1503 1501
f 1503 1504 1501
f 1501 1504 1498
f 1165 1490 1166
f 1490 1497 1166
f 1166 1497 1168
f 1497 1169 1168
f 1494 1496 1505
f 1500 1506 1501
f 1506 1507 1501
f 1501 1507 1505
f 1505 1496 1501
f 1496 1508 1501
f 1501 1508 1502
f 1508 1509 1502
f 1502 1509 1497
f 1509 1510 1497
f 1497 1510 1170
f 1510 1511 1170
f 1170 1511 1171
f 1490 1489 1497
f 1489 1487 1497
f 1497 1487 1502
f 1487 1485 1502
f 1502 1485 1503
f 1232 1233 1512
f 1210 1513 1514
f 1514 1513 1515
f 1513 1213 1515
f 1515 1213 1516
f 1213 1517 1516
f 1516 1517 1518
f 1517 1216 1518
f 1518 1216 1519
f 1216 1218 1519
f 1519 1218 1520
f 1218 1223 1520
f 1520 1223 1521
f 1223 1222 1521
f 1521 1222 1522
f 1522 1222 1523
f 1222 1524 1523
f 1523 1524 1525
f 1525 1524 1526
f 1524 1220 1526
f 1526 1220 1527
f 1527 1220 1528
f 1220 1183 1528
f 1528 1183 1529
f 1183 1530 1529
f 1529 1530 1531
f 1531 1530 1532
f 1530 1181 1532
f 1532 1181 1533
f 1181 1180 1533
f 1533 1180 1534
f 1534 1180 1535
f 1180 1179 1535
f 1535 1179 1536
f 1179 1178 1536
f 1536 1178 1537
f 1178 1177 1537
f 1537 1177 1538
f 1538 1177 1539
f 1177 1540 1539
f 1539 1540 1541
f 1541 1540 1542
f 1540 1175 1542
f 1542 1175 1543
f 1175 1544 1543
f 1543 1544 1545
f 1545 1544 1546
f 1544 1185 1546
f 1546 1185 1547
f 1185 1548 1547
f 1547 1548 1549
f 1550 1551 1173
f 1551 1552 1173
f 1173 1552 1548
f 1552 1553 1548
f 1548 1553 1549
f 1554 1555 1550
f 1555 1556 1550
f 1550 1556 1551
f 1557 1558 1559
f 1558 1560 1559
f 1559 1560 1188
f 1560 1561 1188
f 1188 1561 1554
f 1561 1562 1554
f 1554 1562 1555
f 1563 1048 1564
f 1557 1559 1565
f 1559 1190 1565
f 1565 1190 1566
f 1190 1563 1566
f 1566 1563 1567
f 1563 1564 1567
f 1567 1564 1171
f 1514 1568 1210
f 1568 1569 1210
f 1210 1569 1570
f 1569 1571 1570
f 1570 1571 1204
f 1571 1572 1204
f 1204 1572 1205
f 1572 1573 1205
f 1205 1573 1574
f 1573 1575 1574
f 1575 1576 1574
f 1574 1576 1207
f 1576 1577 1207
f 1207 1577 1578
f 1193 1579 1235
f 1579 1580 1235
f 1235 1580 1234
f 1192 1581 1193
f 1581 1582 1193
f 1193 1582 1579
f 1577 1583 1578
f 1583 1584 1578
f 1578 1584 1200
f 1584 1585 1200
f 1200 1585 1586
f 1585 1587 1586
f 1586 1587 1192
f 1587 1588 1192
f 1192 1588 1581
f 1512 1233 1589
f 1234 1580 1233
f 1580 1590 1233
f 1233 1590 1589
f 1232 1512 1231
f 1512 1591 1231
f 1231 1591 1230
f 1591 1592 1230
f 1230 1592 1593
f 1592 1594 1593
f 1593 1594 1228
f 1594 1595 1228
f 1228 1595 1227
f 1595 1596 1227
f 1227 1596 1226
f 1596 1597 1226
f 1226 1597 1225
f 1598 1051 1224
f 1599 1238 1598
f 1597 1600 1225
f 1600 1601 1225
f 1225 1601 1224
f 1601 1602 1224
f 1224 1602 1598
f 1602 1603 1598
f 1598 1603 1599
f 1508 1604 1605
f 1511 1606 1607
f 1608 1609 1610
f 1611 1612 1613
f 1611 1613 1614
f 1615 1616 1617
f 1616 1618 1617
f 1617 1618 1619
f 1615 1620 1616
f 1620 1621 1616
f 1616 1621 1611
f 1621 1622 1611
f 1611 1622 1612
f 1623 1624 1625
f 1624 1626 1625
f 1625 1626 1627
f 1628 1629 1630
f 1629 1605 1630
f 1630 1605 1631
f 1628 1632 1629
f 1632 1633 1629
f 1629 1633 1626
f 1633 1634 1626
f 1626 1634 1627
f 1623 1635 1624
f 1635 1636 1624
f 1624 1636 1618
f 1636 1637 1618
f 1618 1637 1619
f 1604 1495 1605
f 1495 1638 1605
f 1605 1638 1631
f 1538 1639 1537
f 1639 1640 1537
f 1537 1640 1536
f 1543 1545 1641
f 1545 1546 1641
f 1641 1546 1642
f 1546 1547 1642
f 1538 1539 1639
f 1539 1541 1639
f 1639 1541 1641
f 1541 1643 1641
f 1641 1643 1543
f 1555 1644 1556
f 1644 1645 1556
f 1556 1645 1551
f 1565 1607 1557
f 1607 1646 1557
f 1557 1646 1558
f 1555 1562 1644
f 1562 1561 1644
f 1644 1561 1646
f 1561 1560 1646
f 1646 1560 1558
f 1547 1549 1642
f 1549 1647 1642
f 1642 1647 1645
f 1647 1552 1645
f 1645 1552 1551
f 1648 1649 1650
f 1649 1651 1650
f 1650 1651 1652
f 1651 1653 1652
f 1652 1653 1654
f 1653 1655 1654
f 1654 1655 1516
f 1655 1656 1516
f 1516 1656 1515
f 1657 1522 1658
f 1522 1523 1658
f 1658 1523 1659
f 1523 1525 1659
f 1660 1661 1531
f 1661 1662 1531
f 1531 1662 1529
f 1525 1526 1659
f 1526 1663 1659
f 1659 1663 1662
f 1663 1528 1662
f 1662 1528 1529
f 1516 1518 1654
f 1518 1519 1654
f 1654 1519 1520
f 1606 1664 1607
f 1664 1665 1607
f 1607 1665 1646
f 1665 1666 1646
f 1646 1666 1644
f 1666 1667 1644
f 1644 1667 1645
f 1667 1668 1645
f 1645 1668 1642
f 1668 1669 1642
f 1642 1669 1641
f 1669 1670 1641
f 1641 1670 1639
f 1670 1671 1639
f 1639 1671 1640
f 1671 1672 1640
f 1640 1672 1661
f 1672 1673 1661
f 1661 1673 1662
f 1673 1674 1662
f 1662 1674 1659
f 1674 1675 1659
f 1659 1675 1658
f 1675 1676 1658
f 1608 1677 1678
f 1677 1679 1678
f 1608 1610 1677
f 1610 1680 1677
f 1677 1680 1681
f 1682 1648 1683
f 1648 1650 1683
f 1683 1650 1676
f 1650 1652 1676
f 1676 1652 1658
f 1652 1654 1658
f 1658 1654 1657
f 1654 1520 1657
f 1679 1677 1684
f 1677 1681 1684
f 1684 1681 1685
f 1686 1687 1681
f 1687 1688 1681
f 1681 1688 1685
f 1689 1690 1691
f 1691 1690 1692
f 1690 1693 1692
f 1693 1694 1692
f 1692 1694 1686
f 1694 1695 1686
f 1686 1695 1687
f 1613 1696 1614
f 1696 1697 1614
f 1614 1697 1691
f 1697 1698 1691
f 1691 1698 1689
f 1171 1511 1567
f 1511 1607 1567
f 1567 1607 1566
f 1607 1565 1566
f 1660 1533 1661
f 1533 1534 1661
f 1661 1534 1640
f 1534 1535 1640
f 1640 1535 1536
f 1664 1508 1665
f 1508 1605 1665
f 1665 1605 1666
f 1605 1629 1666
f 1666 1629 1667
f 1629 1626 1667
f 1667 1626 1668
f 1626 1624 1668
f 1668 1624 1669
f 1624 1618 1669
f 1669 1618 1670
f 1618 1616 1670
f 1670 1616 1671
f 1616 1611 1671
f 1671 1611 1672
f 1611 1614 1672
f 1672 1614 1673
f 1614 1691 1673
f 1673 1691 1674
f 1691 1692 1674
f 1674 1692 1675
f 1692 1686 1675
f 1675 1686 1676
f 1686 1681 1676
f 1676 1681 1683
f 1681 1680 1683
f 1683 1680 1682
f 1680 1610 1682
f 1699 1700 1701
f 1700 1702 1701
f 1701 1702 1703
f 1702 1704 1703
f 1703 1704 1599
f 1704 1705 1599
f 1599 1705 1238
f 1706 1707 1699
f 1707 1708 1699
f 1699 1708 1700
f 1709 1710 1711
f 1710 1712 1711
f 1711 1712 1706
f 1712 1713 1706
f 1706 1713 1707
f 1702 1700 1714
f 1236 1240 1715
f 1239 1238 1705
f 1716 1717 1718
f 1719 1270 1271
f 1717 1720 1719
f 1262 1246 1245
f 1719 1271 1717
f 1271 1272 1717
f 1717 1272 1718
f 1708 1707 1716
f 1707 1713 1716
f 1716 1713 1721
f 1713 1712 1721
f 1721 1712 1722
f 1712 1710 1722
f 1244 1243 1723
f 1243 1242 1723
f 1236 1715 1241
f 1240 1239 1715
f 1239 1705 1715
f 1715 1705 1714
f 1705 1704 1714
f 1714 1704 1702
f 1245 1244 1262
f 1244 1723 1262
f 1262 1723 1261
f 1723 1718 1261
f 1261 1718 1273
f 1718 1272 1273
f 1721 1724 1716
f 1724 1725 1716
f 1716 1725 1717
f 1725 1726 1717
f 1717 1726 1720
f 1242 1241 1723
f 1241 1715 1723
f 1723 1715 1718
f 1715 1714 1718
f 1718 1714 1716
f 1714 1700 1716
f 1716 1700 1708
f 1727 1728 1729
f 1728 1730 1267
f 1731 1266 1732
f 1266 1270 1732
f 1733 1275 1728
f 1275 1274 1728
f 1728 1274 1730
f 1278 1277 1733
f 1277 1734 1733
f 1733 1734 1275
f 1735 1736 1733
f 1736 1737 1733
f 1733 1737 1278
f 1737 1738 1278
f 1278 1738 1287
f 1728 1727 1733
f 1727 1739 1733
f 1733 1739 1735
f 1740 1741 1742
f 1741 1743 1742
f 1743 1744 1727
f 1744 1745 1727
f 1727 1745 1739
f 1740 1742 1746
f 1742 1747 1746
f 1746 1747 1748
f 1748 1747 1749
f 1747 1750 1749
f 1749 1750 1751
f 1752 1753 1754
f 1753 1729 1754
f 1754 1729 1755
f 1729 1756 1755
f 1756 1729 1757
f 1729 1728 1757
f 1757 1728 1731
f 1728 1267 1731
f 1731 1267 1266
f 1743 1727 1742
f 1727 1729 1742
f 1742 1729 1747
f 1729 1753 1747
f 1747 1753 1750
f 1752 1758 1753
f 1758 1759 1753
f 1753 1759 1760
f 1760 1761 1753
f 1761 1762 1753
f 1753 1762 1750
f 1763 1764 1765
f 1766 1767 1765
f 1768 1769 1770
f 1749 1751 1771
f 1771 1772 1749
f 1772 1773 1749
f 1749 1773 1748
f 1773 1746 1748
f 1743 1741 1774
f 1741 1740 1774
f 1735 1739 1775
f 1739 1745 1775
f 1775 1745 1744
f 1737 1736 1776
f 1737 1776 1738
f 1776 1777 1738
f 1738 1777 1287
f 1348 1347 1776
f 1347 1778 1776
f 1776 1778 1777
f 1344 1348 1779
f 1348 1776 1779
f 1779 1776 1775
f 1776 1736 1775
f 1775 1736 1735
f 1780 1349 1354
f 1345 1781 1352
f 1781 1780 1352
f 1352 1780 1353
f 1780 1354 1353
f 1782 1783 1784
f 1783 1351 1784
f 1784 1351 1780
f 1351 1785 1780
f 1780 1785 1349
f 1782 1784 1365
f 1784 1786 1365
f 1365 1786 1355
f 1787 1359 1788
f 1359 1357 1788
f 1788 1357 1786
f 1357 1789 1786
f 1786 1789 1355
f 1292 1291 1790
f 1291 1362 1790
f 1790 1362 1788
f 1362 1791 1788
f 1788 1791 1787
f 1327 1792 1793
f 1792 1794 1793
f 1793 1794 1329
f 1327 1321 1792
f 1321 1795 1792
f 1792 1795 1790
f 1795 1319 1790
f 1790 1319 1292
f 1381 1380 1796
f 1380 1770 1796
f 1796 1770 1797
f 1770 1769 1797
f 1380 1378 1770
f 1378 1325 1770
f 1770 1325 1794
f 1325 1324 1794
f 1794 1324 1329
f 1798 1799 1800
f 1799 1801 1800
f 1801 1802 1800
f 1800 1802 1803
f 1804 1805 1806
f 1805 1807 1806
f 1806 1807 1808
f 1773 1809 1810
f 1811 1809 1812
f 1809 1773 1812
f 1812 1773 1813
f 1773 1772 1813
f 1810 1809 1814
f 1809 1815 1814
f 1814 1815 1816
f 1817 1818 1816
f 1818 1819 1816
f 1816 1819 1820
f 1811 1821 1809
f 1821 1822 1809
f 1809 1822 1815
f 1822 1823 1815
f 1815 1823 1816
f 1823 1824 1816
f 1816 1824 1817
f 1825 1826 1827
f 1826 1828 1827
f 1827 1828 1829
f 1765 1767 1830
f 1767 1831 1830
f 1830 1831 1826
f 1831 1832 1826
f 1826 1832 1828
f 1832 1833 1828
f 1828 1833 1820
f 1833 1834 1820
f 1820 1834 1816
f 1834 1835 1816
f 1816 1835 1814
f 1835 1836 1814
f 1814 1836 1810
f 1819 1837 1820
f 1837 1838 1820
f 1820 1838 1828
f 1838 1839 1828
f 1828 1839 1829
f 1808 1798 1806
f 1798 1800 1806
f 1806 1800 1804
f 1800 1840 1804
f 1804 1840 1841
f 1764 1842 1765
f 1842 1841 1765
f 1765 1841 1766
f 1841 1840 1766
f 1842 1843 1841
f 1843 1844 1841
f 1841 1844 1804
f 1844 1845 1804
f 1804 1845 1805
f 1345 1344 1781
f 1344 1779 1781
f 1781 1779 1846
f 1779 1775 1846
f 1846 1775 1774
f 1775 1744 1774
f 1774 1744 1743
f 1825 1847 1826
f 1847 1848 1826
f 1826 1848 1830
f 1848 1849 1830
f 1830 1849 1765
f 1849 1850 1765
f 1765 1850 1763
f 1803 1768 1800
f 1768 1770 1800
f 1800 1770 1840
f 1770 1794 1840
f 1840 1794 1766
f 1794 1792 1766
f 1766 1792 1767
f 1792 1790 1767
f 1767 1790 1831
f 1790 1788 1831
f 1831 1788 1832
f 1788 1786 1832
f 1832 1786 1833
f 1786 1784 1833
f 1833 1784 1834
f 1784 1780 1834
f 1834 1780 1835
f 1780 1781 1835
f 1835 1781 1836
f 1781 1846 1836
f 1836 1846 1810
f 1846 1774 1810
f 1810 1774 1773
f 1774 1740 1773
f 1773 1740 1746
f 1851 1852 1853
f 1854 1855 1856
f 1857 1858 1859
f 1447 1860 1861
f 1462 1862 1863
f 1416 1864 1865
f 1808 1807 1866
f 1866 1867 1808
f 1867 1868 1808
f 1808 1868 1798
f 1868 1799 1798
f 1768 1803 1869
f 1803 1870 1869
f 1869 1870 1801
f 1871 1797 1769
f 1871 1410 1797
f 1410 1409 1797
f 1797 1409 1796
f 1409 1381 1796
f 1865 1864 1872
f 1864 1396 1872
f 1396 1873 1872
f 1872 1873 1871
f 1873 1412 1871
f 1871 1412 1410
f 1416 1865 1417
f 1865 1874 1417
f 1417 1874 1875
f 1408 1876 1877
f 1876 1406 1877
f 1877 1406 1874
f 1406 1402 1874
f 1874 1402 1875
f 1863 1862 1877
f 1862 1400 1877
f 1877 1400 1408
f 1457 1878 1459
f 1878 1879 1459
f 1459 1879 1460
f 1879 1461 1460
f 1457 1456 1878
f 1456 1880 1878
f 1878 1880 1863
f 1880 1463 1863
f 1863 1463 1462
f 1861 1860 1879
f 1860 1454 1879
f 1879 1454 1461
f 1443 1881 1882
f 1881 1883 1882
f 1882 1883 1444
f 1443 1451 1881
f 1451 1884 1881
f 1881 1884 1861
f 1884 1448 1861
f 1861 1448 1447
f 1437 1885 1435
f 1885 1886 1435
f 1435 1886 1887
f 1437 1439 1885
f 1439 1446 1885
f 1885 1446 1883
f 1446 1445 1883
f 1883 1445 1444
f 1479 1483 1886
f 1483 1888 1886
f 1886 1888 1887
f 1479 1886 1478
f 1886 1889 1478
f 1478 1889 1890
f 1889 1891 1890
f 1890 1891 1493
f 1867 1892 1868
f 1892 1893 1868
f 1868 1893 1894
f 1895 1896 1897
f 1896 1898 1897
f 1899 1900 1901
f 1900 1902 1901
f 1901 1902 1903
f 1898 1904 1897
f 1904 1905 1897
f 1897 1905 1902
f 1905 1906 1902
f 1902 1906 1903
f 1893 1907 1894
f 1907 1908 1894
f 1894 1908 1895
f 1908 1909 1895
f 1895 1909 1896
f 1910 1911 1912
f 1855 1910 1856
f 1910 1912 1856
f 1856 1912 1913
f 1912 1914 1913
f 1913 1914 1915
f 1914 1916 1915
f 1915 1916 1917
f 1916 1918 1917
f 1917 1918 1919
f 1920 1921 1922
f 1921 1923 1922
f 1922 1923 1924
f 1925 1926 1927
f 1926 1928 1927
f 1927 1928 1929
f 1923 1930 1924
f 1930 1931 1924
f 1924 1931 1928
f 1931 1932 1928
f 1928 1932 1929
f 1933 1934 1935
f 1934 1936 1935
f 1935 1936 1937
f 1938 1939 1940
f 1939 1941 1940
f 1933 1942 1934
f 1942 1943 1934
f 1934 1943 1938
f 1943 1944 1938
f 1938 1944 1939
f 1857 1859 1945
f 1946 1922 1947
f 1922 1924 1947
f 1947 1924 1948
f 1924 1928 1948
f 1948 1928 1949
f 1928 1926 1949
f 1949 1926 1950
f 1926 1936 1950
f 1950 1936 1951
f 1936 1934 1951
f 1951 1934 1952
f 1934 1938 1952
f 1952 1938 1859
f 1938 1940 1859
f 1859 1940 1945
f 1925 1953 1926
f 1953 1954 1926
f 1926 1954 1936
f 1954 1955 1936
f 1936 1955 1937
f 1858 1854 1859
f 1854 1856 1859
f 1859 1856 1952
f 1856 1913 1952
f 1952 1913 1951
f 1913 1915 1951
f 1951 1915 1950
f 1915 1917 1950
f 1950 1917 1949
f 1917 1919 1949
f 1949 1919 1948
f 1919 1956 1948
f 1948 1956 1947
f 1956 1957 1947
f 1947 1957 1946
f 1957 1958 1946
f 1946 1958 1900
f 1958 1959 1900
f 1900 1959 1902
f 1959 1960 1902
f 1902 1960 1897
f 1960 1961 1897
f 1897 1961 1895
f 1961 1962 1895
f 1895 1962 1894
f 1962 1963 1894
f 1894 1963 1868
f 1963 1869 1868
f 1868 1869 1799
f 1869 1801 1799
f 1853 1964 1940
f 1964 1965 1940
f 1940 1965 1945
f 1941 1966 1940
f 1966 1967 1940
f 1940 1967 1853
f 1967 1968 1853
f 1853 1968 1851
f 1899 1969 1900
f 1969 1970 1900
f 1900 1970 1946
f 1970 1971 1946
f 1946 1971 1922
f 1971 1972 1922
f 1922 1972 1920
f 1973 1974 1889
f 1974 1975 1889
f 1889 1975 1891
f 1911 1973 1912
f 1973 1889 1912
f 1912 1889 1914
f 1889 1886 1914
f 1914 1886 1916
f 1886 1885 1916
f 1916 1885 1918
f 1885 1883 1918
f 1918 1883 1919
f 1883 1881 1919
f 1919 1881 1956
f 1881 1861 1956
f 1956 1861 1957
f 1861 1879 1957
f 1957 1879 1958
f 1879 1878 1958
f 1958 1878 1959
f 1878 1863 1959
f 1959 1863 1960
f 1863 1877 1960
f 1960 1877 1961
f 1877 1874 1961
f 1961 1874 1962
f 1874 1865 1962
f 1962 1865 1963
f 1865 1872 1963
f 1963 1872 1869
f 1872 1871 1869
f 1869 1871 1768
f 1871 1769 1768
f 1858 1857 1976
f 1977 1978 1979
f 1980 1981 1982
f 1983 1984 1985
f 1637 1986 1987
f 1495 1988 1989
f 1990 1991 1992
f 1993 1994 1995
f 1609 1608 1996
f 1608 1997 1996
f 1998 1999 1997
f 1999 2000 1997
f 2000 2001 1997
f 1997 2001 1996
f 2002 2003 2004
f 2003 2005 2004
f 2006 2002 2007
f 2002 2004 2007
f 2007 2004 2008
f 2004 2009 2008
f 1499 1990 2010
f 1990 1992 2010
f 2010 1992 2011
f 1992 1507 2011
f 1989 1988 1992
f 1988 1505 1992
f 1992 1505 1507
f 1495 1989 1638
f 1989 2012 1638
f 1638 2012 1631
f 2013 1632 2014
f 1632 1628 2014
f 2014 1628 2012
f 1628 2015 2012
f 2012 2015 1631
f 2013 2014 1634
f 2014 2016 1634
f 1634 2016 1627
f 1986 1635 1987
f 1635 2017 1987
f 1987 2017 2016
f 2017 2018 2016
f 2016 2018 1627
f 1637 1987 1619
f 1987 2019 1619
f 1619 2019 1617
f 2020 2021 2022
f 2022 1621 2020
f 1621 1620 2020
f 2020 1620 2019
f 1620 2023 2019
f 2019 2023 1617
f 2021 2020 1613
f 2020 2024 1613
f 1613 2024 1696
f 2025 1689 2026
f 1689 1698 2026
f 2026 1698 2024
f 1698 1697 2024
f 2024 1697 1696
f 2025 2026 1693
f 2026 2027 1693
f 1693 2027 2028
f 2028 2027 1695
f 2027 2029 1695
f 1695 2029 1687
f 1608 1678 1997
f 1678 1679 1997
f 1997 1679 2030
f 1679 1684 2030
f 1684 1685 2030
f 2030 1685 2029
f 1685 2031 2029
f 2029 2031 1687
f 2009 2004 2032
f 2004 2033 2032
f 2032 2033 2034
f 2035 2036 2037
f 2036 2038 2037
f 2039 2040 2041
f 2041 2042 2039
f 2042 2043 2039
f 2039 2043 2044
f 2044 2045 2039
f 2045 2046 2039
f 2039 2046 2038
f 2046 2047 2038
f 2038 2047 2037
f 2048 2049 2050
f 2049 2040 2050
f 2050 2040 2051
f 2040 2039 2051
f 2051 2039 2052
f 2039 2038 2052
f 2052 2038 2053
f 2038 2036 2053
f 2053 2036 2054
f 2036 2033 2054
f 2054 2033 1995
f 2033 2004 1995
f 1995 2004 1993
f 2004 2005 1993
f 2035 2055 2036
f 2055 2056 2036
f 2036 2056 2033
f 2056 2057 2033
f 2033 2057 2034
f 2058 1910 2059
f 1910 1855 2059
f 2059 1855 1854
f 2058 2059 2060
f 2059 2061 2060
f 2060 2061 2062
f 2061 2063 2062
f 2062 2063 2064
f 2063 2065 2064
f 2064 2065 2066
f 2065 2067 2066
f 2066 2067 1984
f 1979 2049 2068
f 2049 2048 2068
f 2068 2048 1983
f 2069 2070 2071
f 2070 2072 2071
f 1984 2067 1985
f 2067 2071 1985
f 1985 2071 1982
f 2071 2072 1982
f 1982 2072 1980
f 1977 1979 2073
f 1983 1985 2068
f 1985 1982 2068
f 2068 1982 1979
f 1982 1981 1979
f 1979 1981 2073
f 2074 2075 2076
f 2074 2076 2077
f 2078 2079 2080
f 2079 2081 2080
f 2080 2081 2082
f 2081 2083 2082
f 2078 2084 2079
f 2084 2085 2079
f 2079 2085 2074
f 2085 2086 2074
f 2074 2086 2075
f 1945 2087 2081
f 1857 1945 1976
f 1945 2081 1976
f 1976 2081 2088
f 2081 2079 2088
f 2088 2079 2089
f 2079 2074 2089
f 2089 2074 2090
f 2074 2077 2090
f 2076 2091 2077
f 2091 2092 2077
f 2077 2092 2093
f 1854 1858 2059
f 1858 1976 2059
f 2059 1976 2061
f 1976 2088 2061
f 2061 2088 2063
f 2088 2089 2063
f 2063 2089 2065
f 2089 2090 2065
f 2065 2090 2067
f 2090 2077 2067
f 2067 2077 2071
f 2077 2093 2071
f 2071 2093 2069
f 2094 2083 2095
f 2083 2081 2095
f 2095 2081 2096
f 2081 2087 2096
f 2097 2098 2099
f 2098 2100 2099
f 2099 2100 2101
f 1978 2097 1979
f 2097 2099 1979
f 1979 2099 2049
f 2099 2101 2049
f 2049 2101 2040
f 2101 2102 2040
f 2040 2102 2041
f 2103 1973 2058
f 1973 1911 2058
f 2058 1911 1910
f 1991 2103 1992
f 2103 2058 1992
f 1992 2058 1989
f 2058 2060 1989
f 1989 2060 2012
f 2060 2062 2012
f 2012 2062 2014
f 2062 2064 2014
f 2014 2064 2016
f 2064 2066 2016
f 2016 2066 1987
f 2066 1984 1987
f 1987 1984 2019
f 1984 1983 2019
f 2019 1983 2020
f 1983 2048 2020
f 2020 2048 2024
f 2048 2050 2024
f 2024 2050 2026
f 2050 2051 2026
f 2026 2051 2027
f 2051 2052 2027
f 2027 2052 2029
f 2052 2053 2029
f 2029 2053 2030
f 2053 2054 2030
f 2030 2054 1997
f 2054 1995 1997
f 1997 1995 1998
f 1995 1994 1998
f 2104 2105 2106
f 2107 2108 2109
f 2110 1588 2111
f 1579 1582 2112
f 2113 1595 2114
f 1583 1577 2115
f 2116 2117 2118
f 2119 2120 2121
f 2120 2122 2121
f 2121 2122 2123
f 2124 2125 2122
f 2125 2126 2122
f 2122 2126 2123
f 2127 2128 2124
f 2128 2129 2124
f 2124 2129 2125
f 1609 2116 1610
f 2116 2118 1610
f 1610 2118 1682
f 2118 2130 1682
f 1682 2130 1648
f 1587 1585 2131
f 1585 1584 2131
f 1584 1583 2131
f 1583 2115 2131
f 2131 2115 2132
f 2115 2133 2132
f 2132 2133 2134
f 2135 1653 1651
f 1572 1571 2133
f 1571 2136 2133
f 2133 2136 2134
f 1653 2135 1655
f 1577 2137 2115
f 2137 1575 2115
f 2115 1575 2133
f 1575 1573 2133
f 2133 1573 1572
f 1703 2138 1701
f 2138 2139 1701
f 1701 2139 1699
f 2140 2114 2141
f 2114 2142 2141
f 2141 2142 2143
f 2142 2144 2143
f 2143 2144 2145
f 1703 1599 1603
f 1703 1603 2138
f 1603 1602 2138
f 2138 1602 1601
f 1591 2142 1592
f 2142 2114 1592
f 1592 2114 1594
f 2114 1595 1594
f 2146 2147 1597
f 2147 1600 1597
f 1591 1512 2142
f 1512 1589 2142
f 2142 1589 2144
f 1589 1590 2144
f 2144 1590 1580
f 1582 2110 2112
f 2110 2111 2112
f 2112 2111 2148
f 2111 2149 2148
f 2150 2151 2152
f 2108 2153 2154
f 2153 2155 2154
f 2154 2155 2156
f 2104 2106 2157
f 2157 2106 2158
f 2106 2159 2158
f 2158 2159 2160
f 1699 2139 1706
f 2139 2154 1706
f 1706 2154 1711
f 2154 2156 1711
f 1711 2156 1709
f 2108 2154 2109
f 2154 2139 2109
f 2109 2139 2161
f 2139 2138 2161
f 2161 2138 2147
f 2138 1601 2147
f 2147 1601 1600
f 2146 2114 2147
f 2114 2140 2147
f 2147 2140 2161
f 2140 2150 2161
f 2161 2150 2109
f 2150 2152 2109
f 2109 2152 2107
f 2162 2163 2159
f 2163 2164 2159
f 2159 2164 2160
f 2165 2166 2162
f 2166 2167 2162
f 2162 2167 2163
f 2168 2169 2170
f 2119 2171 2120
f 2171 2172 2120
f 2120 2172 2170
f 2172 2173 2170
f 2170 2173 2168
f 1648 2130 2174
f 2130 2175 2174
f 2174 2175 2176
f 2175 2177 2176
f 2176 2177 2178
f 2177 2179 2178
f 2178 2179 2180
f 2179 2181 2180
f 2180 2181 2182
f 2181 2183 2182
f 2182 2183 2145
f 2117 2184 2118
f 2184 2127 2118
f 2118 2127 2130
f 2127 2124 2130
f 2130 2124 2175
f 2124 2122 2175
f 2175 2122 2177
f 2122 2120 2177
f 2177 2120 2179
f 2120 2170 2179
f 2179 2170 2181
f 2170 2169 2181
f 2181 2169 2183
f 2169 2185 2183
f 2183 2185 2162
f 2185 2186 2162
f 2162 2186 2165
f 2145 2183 2143
f 2183 2162 2143
f 2143 2162 2141
f 2162 2159 2141
f 2141 2159 2140
f 2159 2106 2140
f 2140 2106 2150
f 2106 2105 2150
f 2150 2105 2151
f 1571 1569 2136
f 1569 1568 2136
f 2136 1568 1514
f 1515 1656 1514
f 1656 1655 1514
f 1514 1655 2136
f 1655 2135 2136
f 2136 2135 2134
f 1588 1587 2111
f 1587 2131 2111
f 2111 2131 2149
f 2131 2132 2149
f 2149 2132 2187
f 2132 2134 2187
f 2187 2134 2188
f 2134 2135 2188
f 2188 2135 2189
f 2135 1651 2189
f 2189 1651 1649
f 1580 1579 2144
f 1579 2112 2144
f 2144 2112 2145
f 2112 2148 2145
f 2145 2148 2182
f 2148 2149 2182
f 2182 2149 2180
f 2149 2187 2180
f 2180 2187 2178
f 2187 2188 2178
f 2178 2188 2176
f 2188 2189 2176
f 2176 2189 2174
f 2189 1649 2174
f 2174 1649 1648
f 2190 2191 2192
f 2193 2194 2195
f 2194 2196 2195
f 2197 2198 2199
f 2198 2200 2199
f 2201 2202 2199
f 2202 2203 2199
f 2199 2203 2197
f 2204 2205 2201
f 2205 2206 2201
f 2201 2206 2202
f 2207 2208 2209
f 1720 2210 2211
f 2210 1725 2211
f 1709 2212 1710
f 2212 2208 1710
f 1710 2208 1722
f 2208 2207 1722
f 1722 2207 2213
f 2207 2211 2213
f 2213 2211 1724
f 2211 1725 1724
f 2214 1270 2215
f 1270 1719 2215
f 2216 2217 2218
f 2217 2192 2218
f 2218 2192 2219
f 2216 2220 2217
f 2220 2221 2217
f 2217 2221 2215
f 2221 2222 2215
f 2215 2222 2214
f 1719 1720 2215
f 1720 2211 2215
f 2215 2211 2217
f 2211 2223 2217
f 2217 2223 2192
f 2219 2192 2224
f 2192 2191 2224
f 2224 2191 2225
f 2226 2199 2195
f 2199 2200 2195
f 2195 2200 2193
f 2196 2227 2195
f 2227 2228 2195
f 2195 2228 2226
f 2228 2229 2226
f 2226 2229 2230
f 2209 2204 2207
f 2204 2201 2207
f 2207 2201 2211
f 2201 2199 2211
f 2211 2199 2223
f 2199 2226 2223
f 2223 2226 2192
f 2226 2230 2192
f 2192 2230 2190
f 2231 2232 2233
f 2234 2235 2236
f 2235 2237 2236
f 2238 2239 2240
f 2239 2237 2240
f 2240 2237 2241
f 2237 2235 2241
f 2242 2243 2244
f 2243 2234 2244
f 2244 2234 2245
f 2234 2236 2245
f 2245 2236 2246
f 2236 2247 2246
f 2248 2249 2233
f 2250 2251 2252
f 2248 2233 2252
f 2233 2232 2252
f 2252 2232 2250
f 2249 2253 2233
f 2253 2254 2233
f 2233 2254 2255
f 2255 2256 2233
f 2256 2239 2233
f 2233 2239 2231
f 2239 2238 2231
f 2257 2258 2259
f 2258 2247 2259
f 2259 2247 2260
f 2247 2236 2260
f 2260 2236 2261
f 2236 2237 2261
f 2261 2237 2262
f 2237 2239 2262
f 2262 2239 2263
f 2239 2256 2263
f 2264 2265 2266
f 2267 2251 2250
f 2268 2240 2269
f 2270 2271 2272
f 2273 2274 2275
f 2243 2276 2277
f 2243 2277 2234
f 2278 2279 2280
f 2280 2281 2278
f 2281 2282 2278
f 2278 2282 2283
f 2284 2285 2286
f 2285 2283 2286
f 2274 2273 2287
f 2273 2288 2287
f 2287 2288 2289
f 2289 2290 2287
f 2290 2291 2287
f 2287 2291 2272
f 2291 2292 2272
f 2272 2292 2270
f 2293 2294 2295
f 2294 2296 2295
f 2295 2296 2297
f 2297 2296 2298
f 2296 2299 2298
f 2298 2299 2300
f 2299 2301 2300
f 2300 2301 2302
f 2303 2304 2305
f 2305 2306 2303
f 2306 2307 2303
f 2303 2307 2308
f 2309 2310 2311
f 2310 2235 2311
f 2311 2235 2234
f 2305 2309 2306
f 2309 2311 2306
f 2306 2311 2312
f 2311 2313 2312
f 2234 2277 2311
f 2277 2314 2311
f 2311 2314 2313
f 2240 2310 2269
f 2310 2309 2269
f 2269 2309 2315
f 2309 2305 2315
f 2315 2305 2316
f 2305 2304 2316
f 2316 2304 2317
f 2318 2317 2319
f 2317 2304 2319
f 2319 2304 2320
f 2304 2303 2320
f 2320 2303 2321
f 2303 2308 2321
f 2231 2268 2322
f 2268 2269 2322
f 2322 2269 2323
f 2269 2315 2323
f 2323 2315 2324
f 2315 2316 2324
f 2324 2316 2325
f 2316 2317 2325
f 2325 2317 2326
f 2317 2318 2326
f 2326 2318 2327
f 2318 2275 2327
f 2327 2275 2328
f 2275 2274 2328
f 2328 2274 2329
f 2274 2287 2329
f 2329 2287 2330
f 2287 2272 2330
f 2331 2332 2273
f 2332 2333 2273
f 2273 2333 2288
f 2334 2293 2320
f 2293 2295 2320
f 2320 2295 2319
f 2295 2297 2319
f 2319 2297 2318
f 2297 2298 2318
f 2318 2298 2275
f 2298 2300 2275
f 2275 2300 2273
f 2300 2302 2273
f 2273 2302 2331
f 2266 2265 2335
f 2265 2336 2335
f 2335 2336 2337
f 2338 2339 2340
f 2341 1839 2342
f 2341 2342 2339
f 2342 2343 2339
f 2339 2343 2340
f 2344 2345 2346
f 2345 2347 2346
f 2346 2347 2348
f 2347 2349 2348
f 2349 2350 2348
f 2348 2350 2351
f 2350 2352 2351
f 2351 2352 2353
f 2340 2354 2338
f 2354 2355 2338
f 2338 2355 2346
f 2355 2356 2346
f 2346 2356 2344
f 2337 2357 2335
f 2357 2358 2335
f 2335 2358 2359
f 2358 2360 2359
f 2359 2360 2341
f 2360 2361 2341
f 2341 2361 1839
f 2362 2363 2278
f 2363 2364 2278
f 2278 2364 2279
f 2283 2285 2278
f 2285 2365 2278
f 2278 2365 2362
f 2266 2366 2279
f 2366 2367 2279
f 2279 2367 2280
f 2351 2322 2348
f 2322 2323 2348
f 2348 2323 2346
f 2323 2324 2346
f 2346 2324 2338
f 2324 2325 2338
f 2338 2325 2339
f 2325 2326 2339
f 2339 2326 2341
f 2326 2327 2341
f 2341 2327 2359
f 2327 2328 2359
f 2359 2328 2335
f 2328 2329 2335
f 2335 2329 2266
f 2329 2330 2266
f 2266 2330 2366
f 2330 2272 2366
f 2366 2272 2368
f 2272 2271 2368
f 2231 2322 2232
f 2322 2351 2232
f 2232 2351 2250
f 2351 2353 2250
f 2250 2353 2267
f 2364 2369 2279
f 2369 2370 2279
f 2279 2370 2266
f 2370 2371 2266
f 2266 2371 2264
f 2372 2373 2374
f 2247 2375 2376
f 2375 2257 2376
f 2376 2257 2377
f 2244 2378 2374
f 2378 2246 2374
f 2374 2373 2244
f 2373 2379 2244
f 2244 2379 2276
f 2380 2381 2382
f 2377 2383 2376
f 2383 2384 2376
f 2376 2384 2380
f 2384 2385 2380
f 2380 2385 2381
f 2386 2380 2387
f 2380 2382 2387
f 2387 2382 2388
f 2389 2390 2391
f 2391 2392 2389
f 2392 2393 2389
f 2389 2393 2394
f 2386 2390 2380
f 2390 2389 2380
f 2380 2389 2376
f 2389 2374 2376
f 2376 2374 2247
f 2374 2246 2247
f 2372 2374 2395
f 2374 2389 2395
f 2395 2389 2396
f 2389 2394 2396
f 2396 2394 2397
f 2398 2399 2400
f 2401 2402 2403
f 2402 2404 2403
f 2403 2404 2405
f 2404 2400 2405
f 2406 2398 2407
f 2398 2400 2407
f 2407 2400 2408
f 2400 2404 2408
f 2409 2410 2411
f 2411 2410 2412
f 2410 2413 2412
f 2412 2413 2414
f 2413 2415 2414
f 2414 2415 2416
f 2417 2418 2419
f 2418 2420 2419
f 2419 2420 2421
f 2420 2422 2421
f 2421 2422 2423
f 2422 2424 2423
f 2423 2424 2425
f 2424 2426 2425
f 2425 2426 2427
f 2426 2428 2427
f 2427 2428 2429
f 2428 2430 2429
f 2429 2430 2431
f 2430 2432 2431
f 2431 2432 2433
f 2432 2434 2433
f 2433 2434 2435
f 2434 2436 2435
f 2435 2436 2437
f 2436 2438 2437
f 2437 2438 2439
f 2438 2440 2439
f 2439 2440 2441
f 2440 2442 2441
f 2441 2442 2443
f 2442 2444 2443
f 2443 2444 2445
f 2444 2416 2445
f 2445 2416 2446
f 2416 2415 2446
f 2447 2448 2449
f 2448 2450 2449
f 2449 2450 2451
f 2452 2453 2454
f 2450 2455 2451
f 2455 2456 2451
f 2451 2456 2457
f 2456 2458 2457
f 2457 2458 2459
f 2458 2460 2459
f 2459 2460 2461
f 2460 2462 2461
f 2461 2462 2463
f 2462 2464 2463
f 2463 2464 2453
f 2464 2465 2453
f 2453 2465 2454
f 2466 2467 2468
f 2468 2467 2469
f 2467 2470 2469
f 2469 2470 2471
f 2470 2472 2471
f 2471 2472 2401
f 2472 2473 2401
f 2401 2473 2402
f 2468 2474 2466
f 2474 2475 2466
f 2466 2475 2476
f 2475 2477 2476
f 2476 2477 2478
f 2477 2479 2478
f 2478 2479 2480
f 2479 2481 2480
f 2480 2481 2482
f 2481 2452 2482
f 2482 2452 2483
f 2452 2454 2483
f 2411 2484 2409
f 2484 2485 2409
f 2409 2485 2486
f 2485 2487 2486
f 2486 2487 2488
f 2487 2489 2488
f 2488 2489 2447
f 2489 2490 2447
f 2447 2490 2448
f 2285 2284 2491
f 2285 2491 2365
f 2491 2492 2365
f 2365 2492 2493
f 2494 2495 2496
f 2492 2497 2493
f 2497 2498 2493
f 2493 2498 2499
f 2498 2500 2499
f 2500 2501 2499
f 2499 2501 2502
f 2501 2503 2502
f 2502 2503 2504
f 2503 2505 2504
f 2504 2505 2496
f 2505 2506 2496
f 2496 2506 2494
f 2507 2508 2509
f 2508 2510 2509
f 2509 2510 2511
f 2510 2512 2511
f 2511 2512 2513
f 2512 2514 2513
f 2513 2514 2515
f 2514 2516 2515
f 2515 2516 2517
f 2495 2494 2518
f 2494 2519 2518
f 2518 2519 2520
f 2519 2521 2520
f 2521 2522 2520
f 2520 2522 2523
f 2522 2524 2523
f 2523 2524 2525
f 2524 2526 2525
f 2525 2526 2527
f 2526 2528 2527
f 2527 2528 2507
f 2528 2529 2507
f 2507 2529 2508
f 2530 2531 2532
f 2531 2533 2532
f 2532 2533 2534
f 2533 2535 2534
f 2536 2537 2535
f 2537 2538 2535
f 2535 2538 2534
f 2539 2540 2541
f 2540 2542 2541
f 2541 2542 2543
f 2542 2544 2543
f 2543 2544 2545
f 2544 2546 2545
f 2545 2546 2547
f 2546 2536 2547
f 2547 2536 2548
f 2536 2535 2548
f 2549 2550 2551
f 2550 2552 2551
f 2551 2552 2553
f 2552 2554 2553
f 2553 2554 2555
f 2554 2556 2555
f 2556 2557 2555
f 2555 2557 2558
f 2557 2559 2558
f 2558 2559 2560
f 2559 2561 2560
f 2532 2562 2530
f 2562 2563 2530
f 2530 2563 2564
f 2563 2565 2564
f 2564 2565 2566
f 2565 2567 2566
f 2566 2567 2549
f 2567 2568 2549
f 2549 2568 2550
f 2516 2569 2517
f 2569 2570 2517
f 2517 2570 2571
f 2570 2572 2571
f 2571 2572 2573
f 2572 2574 2573
f 2573 2574 2575
f 2574 2576 2575
f 2575 2576 2539
f 2576 2577 2539
f 2539 2577 2540
f 2578 2579 2580
f 2579 2581 2580
f 2580 2581 2417
f 2581 2582 2417
f 2417 2582 2418
f 2559 2583 2561
f 2583 2584 2561
f 2561 2584 2585
f 2584 2586 2585
f 2585 2586 2587
f 2586 2588 2587
f 2587 2588 2578
f 2588 2589 2578
f 2578 2589 2579
f 2590 2591 2592
f 2590 2592 2593
f 2591 2590 2594
f 2590 2595 2594
f 2594 2595 2596
f 2006 2596 2002
f 2596 2595 2002
f 2002 2595 2003
f 2595 2005 2003
f 1999 1998 2597
f 1998 1994 2597
f 2597 1994 2598
f 2116 2000 2117
f 2000 2599 2117
f 2117 2599 2184
f 1609 1996 2116
f 1996 2001 2116
f 2116 2001 2000
f 2600 2129 2601
f 2129 2602 2601
f 2601 2602 2599
f 2602 2127 2599
f 2599 2127 2184
f 2600 2601 2126
f 2601 2603 2126
f 2126 2603 2123
f 2604 2171 2605
f 2171 2119 2605
f 2605 2119 2603
f 2119 2606 2603
f 2603 2606 2123
f 2607 2608 2168
f 2607 2168 2605
f 2168 2173 2605
f 2605 2173 2604
f 2608 2607 2185
f 2607 2609 2185
f 2185 2609 2610
f 2167 2166 2609
f 2166 2165 2609
f 2609 2165 2610
f 2158 2611 2157
f 2611 2612 2157
f 2158 2160 2611
f 2160 2613 2611
f 2611 2613 2609
f 2613 2163 2609
f 2609 2163 2167
f 2151 2105 2612
f 2105 2614 2612
f 2612 2614 2157
f 2615 2152 2616
f 2152 2151 2616
f 2617 2618 2155
f 2155 2619 2620
f 2619 2108 2620
f 2621 2204 2617
f 2204 2209 2617
f 1709 2618 2212
f 2618 2617 2212
f 2212 2617 2208
f 2617 2209 2208
f 2202 2621 2203
f 2621 2622 2203
f 2202 2206 2621
f 2206 2205 2621
f 2621 2205 2204
f 2193 2200 2623
f 2200 2198 2623
f 2623 2198 2622
f 2198 2197 2622
f 2622 2197 2203
f 2623 2624 2625
f 2193 2623 2194
f 2623 2625 2194
f 2194 2625 2196
f 2626 2627 2628
f 2627 2629 2628
f 2628 2629 2630
f 2631 2632 2633
f 2634 2635 2636
f 2637 2638 2639
f 2638 2640 2639
f 2639 2640 2634
f 2640 2641 2634
f 2634 2641 2635
f 2642 2643 2644
f 2643 2626 2644
f 2645 2646 2637
f 2646 2647 2637
f 2637 2647 2638
f 2647 2648 2638
f 2649 2650 2645
f 2650 2651 2645
f 2645 2651 2646
f 2648 2652 2638
f 2652 2653 2638
f 2638 2653 2640
f 2653 2654 2640
f 2640 2654 2641
f 2598 2005 2597
f 2005 2595 2597
f 2597 2595 2655
f 2595 2590 2655
f 2655 2590 2656
f 2590 2593 2656
f 2656 2593 2657
f 2593 2658 2657
f 2657 2658 2659
f 2660 2658 2661
f 2658 2593 2661
f 2661 2593 2662
f 2593 2592 2662
f 2155 2620 2617
f 2620 2663 2617
f 2617 2663 2621
f 2663 2664 2621
f 2621 2664 2622
f 2664 2628 2622
f 2622 2628 2623
f 2628 2630 2623
f 2623 2630 2624
f 2151 2612 2616
f 2612 2665 2616
f 2616 2665 2666
f 2665 2667 2666
f 2666 2667 2668
f 2667 2631 2668
f 2668 2631 2644
f 2631 2633 2644
f 2644 2633 2642
f 2626 2628 2644
f 2628 2664 2644
f 2644 2664 2668
f 2664 2663 2668
f 2668 2663 2666
f 2663 2620 2666
f 2666 2620 2616
f 2620 2108 2616
f 2616 2108 2615
f 2669 2670 2671
f 2670 2672 2671
f 2671 2672 2649
f 2672 2673 2649
f 2649 2673 2650
f 2660 2669 2658
f 2669 2671 2658
f 2658 2671 2659
f 2671 2649 2659
f 2659 2649 2674
f 2649 2645 2674
f 2674 2645 2675
f 2645 2637 2675
f 2675 2637 2676
f 2637 2639 2676
f 2000 1999 2599
f 1999 2597 2599
f 2599 2597 2601
f 2597 2655 2601
f 2601 2655 2603
f 2655 2656 2603
f 2603 2656 2605
f 2656 2657 2605
f 2605 2657 2607
f 2657 2659 2607
f 2607 2659 2609
f 2659 2674 2609
f 2609 2674 2611
f 2674 2675 2611
f 2611 2675 2612
f 2675 2676 2612
f 2612 2676 2665
f 2676 2639 2665
f 2665 2639 2667
f 2639 2634 2667
f 2667 2634 2631
f 2634 2636 2631
f 2631 2636 2632
f 2677 2678 2679
f 2680 2681 2682
f 2683 2684 2685
f 2684 2686 2685
f 2685 2686 2260
f 2686 2687 2260
f 2260 2687 2259
f 2687 2257 2259
f 2678 2683 2679
f 2683 2685 2679
f 2679 2685 2688
f 2685 2260 2688
f 2688 2260 2261
f 2682 2677 2680
f 2677 2679 2680
f 2680 2679 2689
f 2679 2690 2689
f 2261 2691 2688
f 2691 2692 2688
f 2688 2692 2693
f 2693 2694 2688
f 2694 2695 2688
f 2688 2695 2679
f 2695 2696 2679
f 2679 2696 2690
f 2697 2698 2699
f 2698 2700 2699
f 2699 2700 2701
f 2701 2702 2699
f 2702 2703 2699
f 2699 2703 2704
f 2705 2706 2707
f 2706 2708 2707
f 2709 2699 2705
f 2699 2704 2705
f 2705 2704 2706
f 2261 2262 2691
f 2262 2710 2691
f 2691 2710 2699
f 2710 2711 2699
f 2699 2711 2697
f 2709 2712 2699
f 2712 2713 2699
f 2699 2713 2691
f 2713 2714 2691
f 2691 2714 2692
f 2715 2716 2717
f 2718 2719 2720
f 2721 2722 2723
f 2722 2724 2723
f 2723 2724 2725
f 2724 2726 2725
f 2725 2726 2727
f 2726 2728 2727
f 2729 2718 2730
f 2718 2720 2730
f 2730 2720 2731
f 2731 2720 2732
f 2720 2733 2732
f 2732 2733 2734
f 2734 2733 2735
f 2733 2736 2735
f 2735 2736 2737
f 2738 2739 2740
f 2739 2741 2740
f 2740 2741 2742
f 2741 2743 2742
f 2742 2743 2736
f 2743 2744 2736
f 2736 2744 2737
f 2738 2740 2745
f 2740 2746 2745
f 2745 2746 2747
f 2747 2746 2748
f 2746 2749 2748
f 2748 2749 2750
f 2750 2749 2751
f 2749 2752 2751
f 2751 2752 2753
f 2754 2755 2756
f 2755 2757 2756
f 2756 2757 2758
f 2715 2717 2759
f 2717 2760 2759
f 2759 2760 2761
f 2760 2762 2761
f 2761 2762 2763
f 2764 2765 2762
f 2765 2766 2762
f 2762 2766 2763
f 2767 2768 2764
f 2768 2769 2764
f 2764 2769 2765
f 2724 2770 2726
f 2770 2771 2726
f 2726 2771 2767
f 2771 2772 2767
f 2767 2772 2768
f 2773 2756 2752
f 2756 2758 2752
f 2752 2758 2753
f 2773 2774 2756
f 2774 2717 2756
f 2756 2717 2754
f 2717 2716 2754
f 2775 2728 2776
f 2728 2726 2776
f 2776 2726 2777
f 2726 2767 2777
f 2762 2778 2764
f 2778 2779 2764
f 2764 2779 2767
f 2779 2780 2767
f 2767 2780 2777
f 2774 2781 2717
f 2781 2782 2717
f 2717 2782 2760
f 2782 2783 2760
f 2760 2783 2762
f 2783 2784 2762
f 2762 2784 2778
f 2785 2786 2787
f 2786 2788 2787
f 2788 2786 2789
f 2786 2790 2789
f 2789 2790 2791
f 2792 2793 2794
f 2793 2795 2794
f 2794 2795 2796
f 2790 2797 2791
f 2797 2798 2791
f 2791 2798 2799
f 2798 2800 2799
f 2799 2800 2792
f 2800 2801 2792
f 2792 2801 2793
f 2802 2803 2789
f 2803 2804 2789
f 2789 2804 2788
f 2805 2806 2807
f 2806 2808 2807
f 2807 2808 2809
f 2808 2796 2809
f 2809 2796 2810
f 2796 2795 2810
f 2805 2773 2806
f 2773 2752 2806
f 2806 2752 2808
f 2752 2749 2808
f 2808 2749 2796
f 2749 2746 2796
f 2796 2746 2794
f 2746 2740 2794
f 2794 2740 2792
f 2740 2742 2792
f 2792 2742 2799
f 2742 2736 2799
f 2799 2736 2791
f 2736 2733 2791
f 2791 2733 2789
f 2733 2720 2789
f 2789 2720 2802
f 2720 2719 2802
f 2811 2812 2813
f 2812 2814 2813
f 2813 2814 2815
f 2814 2816 2815
f 2817 2818 2819
f 2818 2820 2819
f 2819 2820 2821
f 2822 2823 2824
f 2823 2825 2824
f 2824 2825 2816
f 2825 2826 2816
f 2816 2826 2815
f 2827 2828 2829
f 2828 2830 2829
f 2829 2830 2831
f 2830 2832 2831
f 2831 2832 2822
f 2832 2833 2822
f 2822 2833 2823
f 2820 2834 2821
f 2834 2835 2821
f 2821 2835 2836
f 2835 2837 2836
f 2837 2838 2836
f 2836 2838 2827
f 2838 2839 2827
f 2827 2839 2828
f 2840 2841 2842
f 2843 2844 2845
f 2846 2847 2844
f 2848 2849 2850
f 2851 2852 2853
f 2854 2851 2855
f 2851 2853 2855
f 2855 2853 2856
f 2853 2857 2856
f 2858 2859 2860
f 2859 2861 2860
f 2860 2861 2862
f 2850 2849 2863
f 2864 2865 2866
f 2867 2868 2869
f 2868 2870 2869
f 2871 2872 2870
f 2872 2865 2870
f 2870 2865 2869
f 2873 2874 2875
f 2874 2876 2875
f 2875 2876 2877
f 2876 2878 2877
f 2877 2878 2879
f 2873 2875 2880
f 2875 2881 2880
f 2880 2881 2882
f 2883 2884 2885
f 2884 2886 2885
f 2885 2886 2881
f 2886 2887 2881
f 2881 2887 2882
f 2888 2889 2890
f 2888 2890 2885
f 2890 2891 2885
f 2885 2891 2883
f 2844 2843 2846
f 2843 2892 2846
f 2846 2892 2893
f 2841 2894 2842
f 2894 2895 2842
f 2842 2895 2885
f 2895 2896 2885
f 2885 2896 2888
f 2847 2846 2897
f 2846 2893 2897
f 2897 2893 2898
f 2898 2840 2897
f 2840 2842 2897
f 2897 2842 2847
f 2842 2885 2847
f 2847 2885 2844
f 2885 2881 2844
f 2844 2881 2845
f 2881 2875 2845
f 2845 2875 2899
f 2875 2877 2899
f 2900 2901 2902
f 2900 2902 2903
f 2904 2905 2906
f 2905 2907 2906
f 2906 2907 2853
f 2907 2908 2853
f 2853 2908 2857
f 2909 2910 2911
f 2910 2912 2911
f 2911 2912 2904
f 2912 2913 2904
f 2904 2913 2905
f 2902 2914 2903
f 2914 2915 2903
f 2903 2915 2911
f 2915 2916 2911
f 2911 2916 2909
f 2850 2862 2848
f 2862 2861 2848
f 2848 2861 2849
f 2861 2917 2849
f 2849 2917 2918
f 2919 2920 2921
f 2920 2922 2921
f 2923 2924 2925
f 2924 2926 2925
f 2919 2927 2920
f 2927 2928 2920
f 2920 2928 2926
f 2928 2929 2926
f 2926 2929 2925
f 2930 2931 2922
f 2931 2932 2922
f 2922 2932 2921
f 2918 2933 2849
f 2933 2934 2849
f 2849 2934 2930
f 2934 2935 2930
f 2930 2935 2931
f 2867 2869 2936
f 2869 2937 2936
f 2936 2937 2938
f 2939 2940 2941
f 2940 2942 2941
f 2941 2942 2937
f 2942 2943 2937
f 2937 2943 2938
f 2865 2864 2869
f 2864 2944 2869
f 2869 2944 2937
f 2944 2945 2937
f 2937 2945 2941
f 2879 2946 2877
f 2946 2947 2877
f 2877 2947 2941
f 2947 2948 2941
f 2941 2948 2939
f 2945 2949 2941
f 2949 2950 2941
f 2941 2950 2877
f 2950 2951 2877
f 2877 2951 2899
f 2866 2952 2864
f 2952 2953 2864
f 2864 2953 2944
f 2953 2954 2944
f 2944 2954 2945
f 2954 2955 2945
f 2945 2955 2949
f 2955 2956 2949
f 2949 2956 2950
f 2956 2957 2950
f 2950 2957 2951
f 2957 2958 2951
f 2951 2958 2899
f 2958 2959 2899
f 2899 2959 2845
f 2959 2960 2845
f 2845 2960 2843
f 2960 2961 2843
f 2843 2961 2892
f 2962 2963 2893
f 2963 2964 2893
f 2893 2964 2898
f 2923 2965 2924
f 2965 2966 2924
f 2924 2966 2900
f 2966 2967 2900
f 2900 2967 2901
f 2866 2863 2952
f 2863 2849 2952
f 2952 2849 2953
f 2849 2930 2953
f 2953 2930 2954
f 2930 2922 2954
f 2954 2922 2955
f 2922 2920 2955
f 2955 2920 2956
f 2920 2926 2956
f 2956 2926 2957
f 2926 2924 2957
f 2957 2924 2958
f 2924 2900 2958
f 2958 2900 2959
f 2900 2903 2959
f 2959 2903 2960
f 2903 2911 2960
f 2960 2911 2961
f 2911 2904 2961
f 2961 2904 2892
f 2904 2906 2892
f 2892 2906 2893
f 2906 2853 2893
f 2893 2853 2962
f 2853 2852 2962
f 2968 2969 2970
f 2971 2972 2973
f 2974 2975 2976
f 2975 2977 2976
f 2978 2390 2976
f 2390 2386 2976
f 2386 2387 2976
f 2387 2388 2976
f 2976 2388 2974
f 2394 2393 2970
f 2393 2392 2970
f 2970 2392 2978
f 2392 2391 2978
f 2978 2391 2390
f 2969 2979 2970
f 2979 2980 2970
f 2970 2980 2394
f 2980 2981 2394
f 2394 2981 2397
f 2982 2973 2983
f 2973 2972 2983
f 2983 2972 2984
f 2977 2985 2976
f 2985 2986 2976
f 2976 2986 2987
f 2987 2988 2976
f 2988 2984 2976
f 2976 2984 2978
f 2984 2972 2978
f 2978 2972 2970
f 2972 2971 2970
f 2989 2990 2971
f 2990 2991 2971
f 2991 2992 2971
f 2971 2992 2970
f 2992 2993 2970
f 2970 2993 2968
f 2994 2995 2996
f 2997 2998 2973
f 2998 2999 2973
f 2989 2971 3000
f 2971 2973 3000
f 3000 2973 2996
f 2973 2999 2996
f 2996 2999 2994
f 2982 2812 2973
f 2812 2811 2973
f 2973 2811 2997
f 3001 3002 3003
f 3004 3005 3006
f 3007 3008 3004
f 3009 3010 3011
f 3012 2313 3013
f 2313 2314 3013
f 2314 3014 3013
f 3013 3014 2276
f 3015 3016 3017
f 3018 3019 3020
f 3019 3021 3020
f 3020 3021 3022
f 3021 3023 3022
f 3022 3023 3015
f 3023 3024 3015
f 3015 3024 3016
f 3025 3026 3027
f 3026 3028 3027
f 3027 3028 3020
f 3028 3029 3020
f 3020 3029 3018
f 3030 3031 3032
f 3030 3032 3027
f 3032 3033 3027
f 3027 3033 3025
f 3034 3035 3036
f 3035 3037 3036
f 3037 3038 3036
f 3038 3039 3036
f 3036 3039 3030
f 3039 3040 3030
f 3030 3040 3031
f 3010 2368 3041
f 2368 3042 3041
f 3042 3043 3041
f 3041 3043 3044
f 3006 3045 3046
f 3045 3006 3047
f 3006 3005 3047
f 3047 3005 3048
f 3048 3005 3049
f 3005 3050 3049
f 3049 3050 3051
f 3052 3053 3054
f 3053 3055 3054
f 3054 3055 3056
f 3055 3057 3056
f 2372 2395 3058
f 3058 2395 3059
f 2395 2396 3059
f 3059 2396 2397
f 3008 3060 3004
f 3060 3061 3004
f 3004 3061 3005
f 3061 3062 3005
f 3005 3062 3050
f 3063 3007 3064
f 3007 3004 3064
f 3064 3004 3065
f 3004 3006 3065
f 3065 3006 3011
f 3006 3046 3011
f 3011 3046 3009
f 3041 3066 3067
f 3066 3068 3067
f 3067 3068 3003
f 3069 3035 3041
f 3035 3034 3041
f 3041 3034 3066
f 3034 3070 3066
f 3066 3070 3068
f 2372 3071 2373
f 3071 3013 2373
f 2373 3013 2379
f 3013 2276 2379
f 3072 3073 3074
f 3074 3073 3075
f 3073 3076 3075
f 3075 3076 3077
f 3078 3079 3080
f 3079 3075 3080
f 3080 3075 3081
f 3075 3077 3081
f 3082 3083 3084
f 3083 3085 3084
f 3084 3085 3086
f 3087 3088 3089
f 3088 3083 3089
f 3089 3083 3090
f 3083 3082 3090
f 2372 3058 3071
f 3058 3091 3071
f 3071 3091 3092
f 3012 3013 3093
f 3013 3071 3093
f 3093 3071 3094
f 3071 3092 3094
f 3094 3092 3095
f 3095 3096 3094
f 3096 3097 3094
f 3094 3097 3085
f 3097 3098 3085
f 3085 3098 3086
f 3087 3099 3088
f 3099 3100 3088
f 3088 3100 3074
f 3100 3101 3074
f 3074 3101 3072
f 3078 3102 3079
f 3102 3103 3079
f 3079 3103 3104
f 3103 3105 3104
f 3104 3105 3106
f 3106 3107 3108
f 3107 3109 3108
f 3108 3109 3110
f 3001 3003 3111
f 3070 3108 3068
f 3108 3110 3068
f 3068 3110 3003
f 3110 3112 3003
f 3003 3112 3111
f 3010 3041 3011
f 3041 3067 3011
f 3011 3067 3065
f 3067 3003 3065
f 3065 3003 3064
f 3003 3002 3064
f 3064 3002 3113
f 3057 3114 3056
f 3114 3063 3056
f 3056 3063 3115
f 3063 3064 3115
f 3115 3064 3116
f 3064 3113 3116
f 3106 3108 3104
f 3108 3070 3104
f 3104 3070 3079
f 3070 3034 3079
f 3079 3034 3075
f 3034 3036 3075
f 3075 3036 3074
f 3036 3030 3074
f 3074 3030 3088
f 3030 3027 3088
f 3088 3027 3083
f 3027 3020 3083
f 3083 3020 3085
f 3020 3022 3085
f 3085 3022 3094
f 3022 3015 3094
f 3094 3015 3093
f 3015 3017 3093
f 3093 3017 3012
f 3117 3118 3119
f 3120 3121 3122
f 3121 2804 3122
f 3123 3124 3125
f 3126 3127 3128
f 3129 3050 3130
f 3126 3131 3127
f 3131 3132 3127
f 3127 3132 3130
f 3132 3133 3130
f 3130 3133 3129
f 3134 3135 3136
f 3135 3137 3136
f 3136 3137 3138
f 3137 3139 3138
f 3138 3139 3140
f 3141 3142 3139
f 3142 3143 3139
f 3139 3143 3140
f 3144 3145 3141
f 3145 3146 3141
f 3141 3146 3142
f 3147 3148 3144
f 3148 3149 3144
f 3144 3149 3145
f 3150 3151 3147
f 3151 3152 3147
f 3147 3152 3148
f 2803 2802 3153
f 2802 2719 3153
f 3153 2719 2718
f 3154 3155 3156
f 3155 3157 3156
f 2804 3121 2788
f 3121 3156 2788
f 2788 3156 2787
f 3156 3157 2787
f 2787 3157 2785
f 3158 3159 3156
f 3159 3160 3156
f 3156 3160 3154
f 3161 3162 3163
f 3162 3164 3163
f 3163 3164 3165
f 3164 3166 3165
f 3165 3166 3167
f 3168 3169 3170
f 3169 3171 3170
f 3170 3171 3163
f 3171 3172 3163
f 3163 3172 3161
f 3119 3173 3174
f 3173 3175 3174
f 3174 3175 3170
f 3175 3176 3170
f 3170 3176 3168
f 3118 3177 3119
f 3177 3178 3119
f 3119 3178 3173
f 3179 3180 3181
f 3180 3182 3181
f 3182 3183 3181
f 3183 3184 3181
f 3181 3184 3185
f 3186 3114 3187
f 3114 3057 3187
f 3187 3057 3188
f 3057 3055 3188
f 3188 3055 3053
f 3062 3061 3189
f 3061 3060 3189
f 3189 3060 3190
f 3060 3008 3190
f 3190 3008 3007
f 3167 3158 3165
f 3158 3156 3165
f 3165 3156 3163
f 3156 3121 3163
f 3163 3121 3170
f 3121 3120 3170
f 3050 3062 3130
f 3062 3189 3130
f 3130 3189 3127
f 3189 3190 3127
f 3127 3190 3128
f 3007 3186 3190
f 3186 3187 3190
f 3190 3187 3128
f 3187 3188 3128
f 3128 3188 3191
f 3188 3053 3191
f 3191 3053 3192
f 3053 3193 3192
f 3192 3193 3194
f 3195 3137 3196
f 3137 3135 3196
f 3196 3135 3125
f 3135 3134 3125
f 3125 3134 3123
f 3194 3197 3192
f 3197 3195 3192
f 3192 3195 3191
f 3195 3196 3191
f 3191 3196 3128
f 3196 3125 3128
f 3128 3125 3126
f 3125 3124 3126
f 3197 3179 3195
f 3179 3181 3195
f 3195 3181 3137
f 3181 3185 3137
f 3137 3185 3139
f 3185 3198 3139
f 3139 3198 3141
f 3198 3199 3141
f 3141 3199 3144
f 3199 3200 3144
f 3144 3200 3147
f 3200 3153 3147
f 3147 3153 3150
f 3153 2718 3150
f 3150 2718 2729
f 2804 2803 3122
f 2803 3153 3122
f 3122 3153 3120
f 3153 3200 3120
f 3120 3200 3170
f 3200 3199 3170
f 3170 3199 3174
f 3199 3198 3174
f 3174 3198 3119
f 3198 3185 3119
f 3119 3185 3117
f 3185 3184 3117
f 3201 3202 3203
f 2727 2728 3204
f 3205 3206 3207
f 3208 3209 3210
f 3211 3212 3213
f 3212 2721 3213
f 3213 2721 2723
f 3210 3209 3213
f 3209 3214 3213
f 3213 3214 3211
f 3215 3216 3217
f 3216 3218 3217
f 3217 3218 3219
f 3218 3220 3219
f 3219 3220 3210
f 3220 3221 3210
f 3210 3221 3208
f 3215 3217 3222
f 3217 3223 3222
f 3222 3223 3224
f 3225 3226 3227
f 3227 3228 3225
f 3228 3229 3225
f 3225 3229 3223
f 3229 3230 3223
f 3223 3230 3224
f 3226 3225 3231
f 3225 3232 3231
f 3231 3232 3233
f 3233 3232 3234
f 3232 3235 3234
f 3234 3235 3236
f 3237 3238 3239
f 3237 3239 3235
f 3239 3240 3235
f 3235 3240 3236
f 3241 3242 3243
f 3244 3245 3246
f 3247 3248 3249
f 3248 3250 3249
f 3249 3250 3251
f 3245 3244 3252
f 3244 3253 3252
f 3252 3253 3251
f 3253 3254 3251
f 3251 3254 3249
f 3201 3255 3256
f 3255 3201 3257
f 3201 3258 3257
f 3257 3258 3259
f 3260 3261 3262
f 3261 3263 3262
f 3262 3263 3258
f 3263 3264 3258
f 3258 3264 3259
f 3260 3262 3265
f 3262 3266 3265
f 3265 3266 3267
f 3266 3268 3269
f 3267 3266 3270
f 3266 3269 3270
f 3270 3269 3271
f 2728 2775 3272
f 2727 3204 2725
f 3201 3203 3258
f 3203 3273 3258
f 3258 3273 3262
f 3273 3274 3262
f 3262 3274 3266
f 3274 3275 3266
f 3266 3275 3268
f 3276 3277 3278
f 3277 3279 3278
f 3278 3279 3280
f 3279 3281 3280
f 3282 3205 3283
f 3205 3207 3283
f 3283 3207 3284
f 3207 3285 3284
f 3281 3279 3284
f 3279 3241 3284
f 3284 3241 3283
f 3241 3243 3283
f 3283 3243 3282
f 3286 3287 3288
f 3287 3289 3288
f 3288 3289 3290
f 3291 3292 3293
f 3291 3293 3294
f 3293 3295 3294
f 3294 3295 3296
f 3295 3297 3296
f 3296 3297 3298
f 3286 3292 3287
f 3292 3291 3287
f 3287 3291 3299
f 3291 3294 3299
f 3299 3294 3300
f 3294 3296 3300
f 3300 3296 3301
f 3302 3303 3304
f 3298 3302 3296
f 3302 3304 3296
f 3296 3304 3301
f 3304 3305 3301
f 3256 3247 3201
f 3247 3249 3201
f 3201 3249 3202
f 3249 3254 3202
f 3202 3254 3277
f 3254 3253 3277
f 3277 3253 3279
f 3253 3244 3279
f 3279 3244 3241
f 3244 3246 3241
f 3241 3246 3242
f 2728 3272 3204
f 3272 3306 3204
f 3204 3306 3307
f 3308 3309 3310
f 3311 3312 3313
f 3312 3314 3313
f 3313 3314 3309
f 3314 3315 3309
f 3309 3315 3310
f 3306 3316 3307
f 3316 3317 3307
f 3307 3317 3318
f 3317 3319 3318
f 3318 3319 3311
f 3319 3320 3311
f 3311 3320 3312
f 3310 3321 3308
f 3321 3322 3308
f 3308 3322 3285
f 3322 3323 3285
f 3285 3323 3284
f 3323 3324 3284
f 3284 3324 3281
f 3325 3326 3274
f 3326 3327 3274
f 3274 3327 3275
f 3305 3325 3301
f 3325 3274 3301
f 3301 3274 3300
f 3274 3273 3300
f 3300 3273 3299
f 3273 3203 3299
f 3299 3203 3287
f 3203 3202 3287
f 3287 3202 3289
f 3202 3277 3289
f 3289 3277 3290
f 3277 3276 3290
f 2723 2725 3213
f 2725 3204 3213
f 3213 3204 3210
f 3204 3307 3210
f 3210 3307 3219
f 3307 3318 3219
f 3219 3318 3217
f 3318 3311 3217
f 3217 3311 3223
f 3311 3313 3223
f 3223 3313 3225
f 3313 3309 3225
f 3225 3309 3232
f 3309 3308 3232
f 3232 3308 3235
f 3308 3285 3235
f 3235 3285 3237
f 3285 3207 3237
f 3237 3207 3238
f 3207 3206 3238
f 2988 2987 3328
f 3329 3330 3328
f 3331 3332 3333
f 3334 3335 3336
f 3336 3337 3334
f 3337 3338 3334
f 3334 3338 3339
f 3340 3341 3329
f 3341 3342 3329
f 2975 3331 2977
f 3331 3333 2977
f 2977 3333 2985
f 3333 3343 2985
f 2987 3343 3328
f 3343 3333 3328
f 3328 3333 3329
f 3333 3332 3329
f 3329 3332 3340
f 3344 3345 3346
f 3345 3347 3346
f 3346 3347 3339
f 3347 3348 3339
f 3339 3348 3334
f 3349 3350 3351
f 3350 3352 3351
f 3351 3352 3353
f 3352 3354 3353
f 3351 3355 3349
f 3355 3356 3349
f 3349 3356 3345
f 3357 2812 2982
f 3357 2982 3358
f 2982 2983 3358
f 3358 2983 2984
f 3355 3359 3356
f 3359 3360 3356
f 3356 3360 3358
f 3360 3361 3358
f 3358 3361 3357
f 3344 3362 3345
f 3362 3363 3345
f 3345 3363 3349
f 3363 3364 3349
f 3349 3364 3350
f 2984 2988 3358
f 2988 3328 3358
f 3358 3328 3356
f 3328 3330 3356
f 3356 3330 3345
f 3330 3329 3345
f 3345 3329 3347
f 3329 3342 3347
f 3347 3342 3348
f 2974 2388 2382
f 2377 2257 2687
f 2377 2687 2383
f 2382 2381 3365
f 2381 2385 3365
f 2385 2384 3365
f 3365 2384 2383
f 3366 3331 2975
f 3367 3368 3369
f 3367 3370 2682
f 2682 3371 3367
f 3371 3372 3367
f 3367 3372 3368
f 2383 2687 3365
f 2687 3373 3365
f 3365 3373 3374
f 3375 2684 3374
f 2684 2683 3374
f 3374 2683 3367
f 2683 2678 3367
f 3367 2678 3370
f 3376 3377 3378
f 3377 3335 3378
f 3378 3335 3334
f 3331 3366 3379
f 3366 3380 3379
f 3379 3380 3340
f 3334 3348 3378
f 3348 3342 3378
f 3378 3342 3380
f 3342 3341 3380
f 3380 3341 3340
f 3369 3376 3367
f 3376 3378 3367
f 3367 3378 3374
f 3378 3380 3374
f 3374 3380 3365
f 3380 3366 3365
f 3365 3366 2382
f 3366 2975 2382
f 2382 2975 2974
f 3381 3382 3383
f 3384 3385 3386
f 3387 3388 3389
f 3390 3391 3392
f 3393 3394 3395
f 3396 3397 3398
f 3399 3400 3401
f 3402 3403 3404
f 3405 3406 3407
f 3408 3409 3410
f 3411 3382 3412
f 3413 3414 3415
f 3416 3417 3418
f 3419 3420 3421
f 3422 3423 3424
f 3425 3426 3427
f 3428 3429 3430
f 3431 3432 3433
f 3434 3435 3436
f 3437 3438 3439
f 3438 3440 3439
f 3336 3441 3442
f 3441 3443 3442
f 3442 3443 3444
f 3339 3338 3445
f 3338 3337 3445
f 3363 3362 3446
f 3362 3344 3446
f 3446 3344 3445
f 3344 3346 3445
f 3445 3346 3339
f 3447 3352 3448
f 3352 3350 3448
f 3448 3350 3364
f 3449 3450 3451
f 3450 3452 3451
f 3451 3452 3453
f 3454 3455 3456
f 3455 3457 3456
f 3456 3457 3458
f 3457 3459 3458
f 3458 3459 3452
f 3459 3460 3452
f 3452 3460 3453
f 3461 3462 3463
f 3463 3462 3464
f 3465 3466 3467
f 3466 3468 3467
f 3467 3468 3469
f 3470 3471 3472
f 3472 3473 3470
f 3473 3433 3470
f 3470 3433 3474
f 3433 3432 3474
f 3474 3432 3467
f 3432 3431 3467
f 3467 3431 3465
f 3475 3476 3477
f 3476 3478 3477
f 3478 3479 3477
f 3477 3479 3471
f 3480 3481 3482
f 3481 3483 3482
f 3482 3483 3484
f 3485 3486 3487
f 3486 3480 3487
f 3487 3480 3488
f 3480 3482 3488
f 3488 3482 3489
f 3482 3484 3489
f 3489 3484 3475
f 3485 3487 3490
f 3487 3491 3490
f 3490 3491 3492
f 3493 3494 3491
f 3494 3495 3491
f 3491 3495 3492
f 3496 3497 3498
f 3497 3499 3498
f 3498 3499 3493
f 3499 3500 3493
f 3493 3500 3494
f 3496 3498 3501
f 3498 3502 3501
f 3501 3502 3503
f 3504 3505 3506
f 3504 3506 3502
f 3506 3507 3502
f 3502 3507 3503
f 3430 3429 3508
f 3505 3504 3509
f 3504 3508 3509
f 3509 3508 3510
f 3508 3429 3510
f 3510 3429 3511
f 3429 3428 3511
f 3511 3428 3512
f 3513 3514 3430
f 3514 3515 3430
f 3430 3515 3428
f 3516 3517 3518
f 3517 3425 3518
f 3519 3520 3521
f 3520 3522 3521
f 3521 3522 3523
f 3522 3524 3523
f 3523 3524 3516
f 3423 3525 3424
f 3525 3526 3424
f 3424 3526 3519
f 3526 3527 3519
f 3519 3527 3520
f 3528 3529 3530
f 3529 3531 3530
f 3530 3531 3419
f 3532 3533 3534
f 3533 3535 3534
f 3535 3536 3534
f 3536 3537 3534
f 3534 3537 3538
f 3539 3540 3534
f 3540 3541 3534
f 3534 3541 3532
f 3542 3543 3401
f 3543 3544 3401
f 3415 3414 3545
f 3414 3546 3545
f 3545 3546 3547
f 3548 3549 3550
f 3549 3551 3550
f 3552 3553 3554
f 3553 3555 3554
f 3554 3555 3549
f 3555 3556 3549
f 3549 3556 3551
f 3557 3558 3559
f 3558 3560 3559
f 3559 3560 3554
f 3560 3561 3554
f 3554 3561 3552
f 3562 3563 3564
f 3565 3566 3564
f 3566 3567 3564
f 3564 3567 3562
f 3412 3568 3411
f 3568 3569 3411
f 3411 3569 3565
f 3569 3570 3565
f 3565 3570 3566
f 3571 3572 3573
f 3572 3574 3573
f 3575 3576 3381
f 3576 3577 3381
f 3381 3577 3382
f 3577 3578 3382
f 3382 3578 3412
f 3579 3580 3581
f 3580 3582 3581
f 3581 3582 3583
f 3409 3584 3585
f 3586 3587 3588
f 3587 3589 3588
f 3588 3589 3410
f 3589 3590 3410
f 3410 3590 3408
f 3591 3592 3593
f 3444 3594 3595
f 3594 3596 3595
f 3596 3597 3595
f 3597 3598 3595
f 3595 3598 3591
f 3598 3599 3591
f 3591 3599 3592
f 3405 3407 3600
f 3409 3585 3410
f 3585 3591 3410
f 3410 3591 3588
f 3591 3593 3588
f 3588 3593 3586
f 3601 3446 3602
f 3446 3445 3602
f 3602 3445 3442
f 3445 3337 3442
f 3442 3337 3336
f 3444 3595 3442
f 3595 3591 3442
f 3442 3591 3603
f 3591 3585 3603
f 3603 3585 3601
f 3585 3604 3601
f 3601 3604 3605
f 3606 3436 3607
f 3436 3435 3607
f 3607 3435 3439
f 3435 3434 3439
f 3439 3434 3437
f 3364 3363 3448
f 3363 3446 3448
f 3448 3446 3447
f 3446 3601 3447
f 3447 3601 3608
f 3601 3605 3608
f 3608 3605 3609
f 3610 3611 3612
f 3611 3613 3612
f 3612 3613 3614
f 3613 3615 3614
f 3614 3615 3616
f 3471 3470 3477
f 3470 3617 3477
f 3477 3617 3618
f 3600 3619 3405
f 3619 3620 3405
f 3405 3620 3406
f 3620 3618 3406
f 3406 3618 3407
f 3618 3617 3407
f 3407 3617 3621
f 3619 3610 3620
f 3610 3612 3620
f 3620 3612 3618
f 3612 3614 3618
f 3618 3614 3477
f 3614 3616 3477
f 3354 3352 3440
f 3352 3447 3440
f 3440 3447 3439
f 3447 3608 3439
f 3439 3608 3607
f 3608 3609 3607
f 3607 3609 3622
f 3609 3623 3622
f 3606 3607 3449
f 3607 3622 3449
f 3449 3622 3450
f 3622 3623 3450
f 3450 3623 3452
f 3623 3624 3452
f 3452 3624 3458
f 3621 3617 3625
f 3617 3470 3625
f 3625 3470 3626
f 3470 3474 3626
f 3626 3474 3627
f 3474 3467 3627
f 3627 3467 3461
f 3467 3469 3461
f 3461 3469 3462
f 3469 3628 3462
f 3462 3628 3464
f 3585 3600 3604
f 3600 3407 3604
f 3604 3407 3605
f 3407 3621 3605
f 3605 3621 3609
f 3621 3625 3609
f 3609 3625 3623
f 3625 3626 3623
f 3623 3626 3624
f 3626 3627 3624
f 3624 3627 3458
f 3627 3461 3458
f 3458 3461 3456
f 3461 3463 3456
f 3456 3463 3454
f 3629 3396 3630
f 3396 3417 3630
f 3630 3417 3534
f 3417 3416 3534
f 3534 3416 3539
f 3631 3632 3633
f 3632 3634 3633
f 3633 3634 3635
f 3634 3636 3635
f 3635 3636 3404
f 3636 3637 3404
f 3404 3637 3402
f 3400 3399 3638
f 3399 3639 3638
f 3638 3639 3640
f 3394 3393 3641
f 3393 3642 3641
f 3641 3642 3643
f 3642 3644 3643
f 3643 3644 3645
f 3644 3646 3645
f 3645 3646 3530
f 3646 3647 3530
f 3530 3647 3528
f 3647 3648 3528
f 3528 3648 3649
f 3395 3631 3393
f 3631 3633 3393
f 3393 3633 3642
f 3633 3635 3642
f 3642 3635 3644
f 3635 3404 3644
f 3644 3404 3646
f 3404 3403 3646
f 3646 3403 3647
f 3421 3650 3651
f 3650 3652 3651
f 3651 3652 3653
f 3516 3518 3523
f 3518 3654 3523
f 3523 3654 3655
f 3425 3427 3518
f 3427 3656 3518
f 3518 3656 3654
f 3656 3657 3654
f 3654 3657 3655
f 3658 3653 3659
f 3653 3652 3659
f 3659 3652 3660
f 3652 3650 3660
f 3660 3650 3661
f 3650 3662 3661
f 3661 3662 3663
f 3663 3664 3661
f 3664 3665 3661
f 3661 3665 3660
f 3665 3666 3660
f 3660 3666 3659
f 3666 3667 3659
f 3659 3667 3658
f 3667 3668 3658
f 3420 3422 3421
f 3422 3424 3421
f 3421 3424 3650
f 3424 3519 3650
f 3650 3519 3662
f 3519 3521 3662
f 3662 3521 3663
f 3521 3523 3663
f 3663 3523 3664
f 3523 3655 3664
f 3664 3655 3665
f 3655 3657 3665
f 3665 3657 3666
f 3657 3669 3666
f 3666 3669 3667
f 3669 3388 3667
f 3667 3388 3668
f 3388 3387 3668
f 3640 3670 3638
f 3670 3671 3638
f 3638 3671 3400
f 3672 3640 3673
f 3640 3639 3673
f 3673 3639 3398
f 3639 3399 3398
f 3398 3399 3396
f 3399 3401 3396
f 3396 3401 3417
f 3401 3544 3417
f 3417 3544 3418
f 3388 3674 3389
f 3674 3675 3389
f 3389 3675 3672
f 3675 3392 3672
f 3672 3392 3640
f 3392 3391 3640
f 3640 3391 3670
f 3419 3421 3530
f 3421 3651 3530
f 3530 3651 3645
f 3651 3653 3645
f 3645 3653 3643
f 3653 3658 3643
f 3643 3658 3641
f 3658 3668 3641
f 3641 3668 3394
f 3668 3387 3394
f 3394 3387 3395
f 3387 3389 3395
f 3395 3389 3631
f 3389 3672 3631
f 3631 3672 3632
f 3672 3673 3632
f 3632 3673 3634
f 3673 3398 3634
f 3634 3398 3636
f 3398 3397 3636
f 3636 3397 3637
f 3397 3630 3637
f 3637 3630 3402
f 3630 3534 3402
f 3402 3534 3403
f 3534 3538 3403
f 3403 3538 3647
f 3538 3537 3647
f 3647 3537 3648
f 3537 3536 3648
f 3648 3536 3649
f 3390 3676 3677
f 3676 3678 3677
f 3677 3678 3679
f 3678 3680 3679
f 3679 3680 3681
f 3680 3682 3681
f 3681 3682 3683
f 3676 3684 3678
f 3684 3386 3678
f 3678 3386 3680
f 3386 3385 3680
f 3680 3385 3682
f 3390 3392 3676
f 3392 3675 3676
f 3676 3675 3684
f 3675 3674 3684
f 3684 3674 3386
f 3674 3685 3386
f 3386 3685 3384
f 3475 3477 3489
f 3477 3616 3489
f 3489 3616 3488
f 3616 3615 3488
f 3488 3615 3487
f 3615 3686 3487
f 3487 3686 3491
f 3686 3687 3491
f 3491 3687 3493
f 3687 3688 3493
f 3493 3688 3498
f 3584 3579 3585
f 3579 3581 3585
f 3585 3581 3600
f 3581 3689 3600
f 3600 3689 3619
f 3689 3690 3619
f 3619 3690 3610
f 3690 3683 3610
f 3610 3683 3611
f 3683 3682 3611
f 3611 3682 3613
f 3682 3385 3613
f 3613 3385 3615
f 3385 3384 3615
f 3615 3384 3686
f 3384 3685 3686
f 3686 3685 3687
f 3685 3674 3687
f 3687 3674 3688
f 3674 3388 3688
f 3688 3388 3498
f 3388 3669 3498
f 3498 3669 3502
f 3669 3657 3502
f 3502 3657 3504
f 3657 3656 3504
f 3504 3656 3508
f 3656 3427 3508
f 3508 3427 3430
f 3427 3426 3430
f 3430 3426 3513
f 3383 3382 3691
f 3382 3411 3691
f 3691 3411 3692
f 3411 3565 3692
f 3692 3565 3693
f 3565 3564 3693
f 3693 3564 3694
f 3564 3563 3694
f 3694 3563 3559
f 3563 3695 3559
f 3559 3695 3557
f 3574 3575 3573
f 3575 3381 3573
f 3573 3381 3696
f 3381 3383 3696
f 3696 3383 3697
f 3383 3691 3697
f 3697 3691 3698
f 3691 3692 3698
f 3698 3692 3699
f 3692 3693 3699
f 3699 3693 3700
f 3693 3694 3700
f 3700 3694 3701
f 3694 3559 3701
f 3701 3559 3702
f 3559 3554 3702
f 3702 3554 3703
f 3554 3549 3703
f 3703 3549 3546
f 3549 3548 3546
f 3546 3548 3547
f 3583 3704 3581
f 3704 3571 3581
f 3581 3571 3689
f 3571 3573 3689
f 3689 3573 3690
f 3573 3696 3690
f 3690 3696 3683
f 3696 3697 3683
f 3683 3697 3681
f 3697 3698 3681
f 3681 3698 3679
f 3698 3699 3679
f 3679 3699 3677
f 3699 3700 3677
f 3677 3700 3390
f 3700 3701 3390
f 3390 3701 3391
f 3701 3702 3391
f 3391 3702 3670
f 3702 3703 3670
f 3670 3703 3671
f 3703 3546 3671
f 3671 3546 3400
f 3546 3414 3400
f 3400 3414 3401
f 3414 3413 3401
f 3401 3413 3542
f 3705 3706 3707
f 3708 3709 3710
f 3711 3712 3713
f 3712 3714 3713
f 3713 3714 3708
f 3715 3716 3711
f 3716 3717 3711
f 3711 3717 3712
f 3707 3718 3719
f 3720 3721 3722
f 3705 3707 3722
f 3707 3719 3722
f 3722 3719 3720
f 3708 3710 3713
f 3710 3723 3713
f 3713 3723 3724
f 3711 3275 3327
f 3327 3326 3711
f 3326 3707 3711
f 3711 3707 3715
f 3707 3706 3715
f 3304 3303 3725
f 3326 3726 3707
f 3726 3305 3707
f 3707 3305 3304
f 3304 3725 3707
f 3725 3727 3707
f 3707 3727 3718
f 3275 3711 3268
f 3711 3713 3268
f 3268 3713 3269
f 3713 3724 3269
f 3269 3724 3728
f 3729 3730 3731
f 3732 3733 3734
f 3735 3736 3737
f 3736 3738 3737
f 3737 3738 3739
f 3738 3740 3739
f 3739 3740 3741
f 3741 3742 3739
f 3742 3743 3739
f 3739 3743 3744
f 3744 3745 3739
f 3745 3746 3739
f 3739 3746 3747
f 3747 3748 3739
f 3748 3749 3739
f 3739 3749 3750
f 3751 3752 3753
f 3752 3739 3753
f 3753 3739 3754
f 3739 3750 3754
f 3732 3734 3755
f 3751 3755 3752
f 3755 3756 3752
f 3752 3756 3757
f 3756 3731 3757
f 3757 3731 3758
f 3731 3730 3758
f 3159 3759 3160
f 3759 3760 3160
f 3160 3760 3154
f 3760 3729 3154
f 3154 3729 3155
f 3729 3731 3155
f 3155 3731 3157
f 3755 3734 3756
f 3734 3761 3756
f 3756 3761 3731
f 3761 2785 3731
f 3731 2785 3157
f 3762 3303 3302
f 2785 3761 2786
f 3761 3734 2786
f 2798 2797 3763
f 3763 2797 3764
f 3764 2797 3765
f 2797 2790 3765
f 3765 2790 3766
f 3766 2790 3767
f 2790 2786 3767
f 3767 2786 3768
f 2786 3734 3768
f 3768 3734 3733
f 2795 2793 3769
f 2793 2801 3769
f 3769 2801 3770
f 2801 2800 3770
f 3763 3771 2798
f 3771 3772 2798
f 2798 3772 2800
f 3772 3773 2800
f 2800 3773 3770
f 3769 3774 2795
f 3774 3775 2795
f 2795 3775 2810
f 3775 3776 2810
f 2810 3776 2809
f 3776 3777 2809
f 2809 3777 2807
f 2774 3778 2781
f 3778 3779 2781
f 2781 3779 2782
f 3779 3780 2782
f 2782 3780 2783
f 3777 3781 2807
f 3781 3782 2807
f 2807 3782 2805
f 3782 3783 2805
f 2805 3783 2773
f 3783 3784 2773
f 2773 3784 2774
f 3784 3785 2774
f 2774 3785 3778
f 3780 3786 2783
f 3786 3787 2783
f 2783 3787 2784
f 3787 3788 2784
f 2784 3788 2778
f 3788 3789 2778
f 2778 3789 2779
f 3789 3790 2779
f 2779 3790 2780
f 3791 3792 3793
f 3792 2775 3793
f 3793 2775 3794
f 2775 2776 3794
f 3794 2776 3790
f 2776 2777 3790
f 3790 2777 2780
f 3791 3795 3272
f 3795 3796 3272
f 3272 3796 3306
f 3796 3797 3306
f 3306 3797 3316
f 3797 3798 3316
f 3316 3798 3317
f 3317 3798 3319
f 3798 3799 3319
f 3319 3799 3320
f 3799 3800 3320
f 3320 3800 3312
f 3800 3801 3312
f 3312 3801 3314
f 3801 3802 3314
f 3314 3802 3315
f 3802 3803 3315
f 3315 3803 3310
f 3310 3803 3321
f 3803 3804 3321
f 3321 3804 3322
f 3805 3324 3804
f 3324 3323 3804
f 3804 3323 3322
f 3806 3280 3805
f 3280 3281 3805
f 3805 3281 3324
f 3288 3290 3807
f 3290 3276 3807
f 3807 3276 3806
f 3276 3278 3806
f 3806 3278 3280
f 3288 3807 3286
f 3807 3808 3286
f 3286 3808 3292
f 3809 3295 3808
f 3295 3293 3808
f 3808 3293 3292
f 3810 3762 3811
f 3762 3302 3811
f 3811 3302 3812
f 3302 3298 3812
f 3812 3298 3809
f 3298 3297 3809
f 3809 3297 3295
f 3725 3303 3762
f 3727 3813 3718
f 3813 3814 3718
f 3718 3814 3719
f 3814 3815 3816
f 3720 3719 3817
f 3719 3814 3817
f 3817 3814 3818
f 3814 3816 3818
f 3818 3816 3819
f 3810 3820 3762
f 3820 3813 3762
f 3762 3813 3725
f 3813 3727 3725
f 3820 3821 3813
f 3821 3822 3813
f 3813 3822 3814
f 3822 3823 3814
f 3814 3823 3815
f 3824 3825 3826
f 3827 3828 3829
f 3828 3824 3829
f 3829 3824 3830
f 3824 3826 3830
f 3831 3832 3833
f 3832 3834 3833
f 3833 3834 3835
f 3834 3836 3835
f 3835 3836 3837
f 3838 3839 3840
f 3840 3841 3838
f 3841 3842 3838
f 3838 3842 3843
f 3844 3845 3846
f 3847 3848 3849
f 3848 3850 3849
f 3847 3851 3852
f 3851 3853 3852
f 3852 3853 3854
f 3853 3855 3854
f 3854 3855 3856
f 3855 3857 3856
f 3856 3857 3858
f 3858 3857 3859
f 3857 3860 3859
f 3859 3860 3861
f 3860 3862 3861
f 3861 3862 3863
f 3862 3864 3863
f 3863 3864 3865
f 3866 3867 3868
f 3867 3869 3868
f 918 916 3870
f 916 3871 3870
f 3872 921 920
f 3873 3874 922
f 3875 3876 3877
f 3878 3879 3880
f 3878 3880 3881
f 3850 3882 3849
f 3882 3883 3849
f 3849 3883 3878
f 3883 3884 3878
f 3878 3884 3879
f 3885 3886 3887
f 3886 3888 3887
f 3887 3888 3889
f 3888 3890 3889
f 3889 3890 3891
f 3890 3892 3891
f 3891 3892 3893
f 3894 3885 3895
f 3885 3887 3895
f 3895 3887 3896
f 3887 3889 3896
f 3896 3889 3897
f 3889 3891 3897
f 3897 3891 3898
f 3891 3893 3898
f 3898 3893 3899
f 3851 3894 3853
f 3894 3895 3853
f 3853 3895 3855
f 3895 3896 3855
f 3855 3896 3857
f 3896 3897 3857
f 3857 3897 3860
f 3897 3898 3860
f 3860 3898 3862
f 3898 3899 3862
f 3862 3899 3864
f 3844 3846 3900
f 3901 3902 3903
f 3902 3904 3903
f 3903 3904 3877
f 3904 3905 3877
f 3877 3905 3875
f 3845 3901 3846
f 3901 3903 3846
f 3846 3903 3906
f 3903 3877 3906
f 3906 3877 3873
f 3877 3876 3873
f 3873 3876 3874
f 3907 3900 3908
f 3900 3846 3908
f 3908 3846 3909
f 3846 3906 3909
f 3909 3906 3910
f 3906 3873 3910
f 3910 3873 3872
f 3873 922 3872
f 3872 922 921
f 3911 3912 3913
f 3911 3913 3914
f 3915 3916 3917
f 3916 3913 3917
f 3917 3913 3918
f 3913 3912 3918
f 3915 3919 3916
f 3919 3920 3916
f 3916 3920 3921
f 3922 3923 3921
f 3923 3924 3921
f 3921 3924 3916
f 3924 3925 3916
f 3916 3925 3913
f 3922 3907 3923
f 3907 3908 3923
f 3923 3908 3926
f 3908 3909 3926
f 3926 3909 3927
f 3909 3910 3927
f 3927 3910 3928
f 3910 3872 3928
f 3928 3872 3929
f 3872 920 3929
f 3929 920 919
f 3923 3930 3924
f 3930 3931 3924
f 3924 3931 3925
f 3931 3932 3925
f 3925 3932 3913
f 3932 3933 3913
f 3913 3933 3914
f 3934 3935 3936
f 3935 3937 3936
f 3937 3938 3936
f 3936 3938 3939
f 3940 3941 3942
f 3941 3943 3942
f 3942 3943 3944
f 3944 3945 3942
f 3945 3936 3942
f 3942 3936 3940
f 3936 3939 3940
f 3940 3939 3946
f 3947 3948 3949
f 3948 3950 3949
f 3949 3951 3947
f 3951 3952 3947
f 3947 3952 3953
f 3952 3954 3953
f 3953 3954 3955
f 3954 3956 3955
f 3955 3956 3868
f 3956 3870 3868
f 3868 3870 3866
f 3870 3871 3866
f 3943 3951 3944
f 3951 3949 3944
f 3944 3949 3945
f 3949 3950 3945
f 3945 3950 3936
f 3950 3957 3936
f 3936 3957 3934
f 3957 3881 3934
f 3934 3881 3958
f 3881 3880 3958
f 3959 3914 3960
f 3914 3933 3960
f 3960 3933 3946
f 3933 3932 3946
f 3946 3932 3940
f 3932 3931 3940
f 3940 3931 3941
f 3931 3930 3941
f 3941 3930 3943
f 3930 3923 3943
f 3943 3923 3951
f 3923 3926 3951
f 3951 3926 3952
f 3926 3927 3952
f 3952 3927 3954
f 3927 3928 3954
f 3954 3928 3956
f 3928 3929 3956
f 3956 3929 3870
f 3929 919 3870
f 3870 919 918
f 3847 3849 3851
f 3849 3878 3851
f 3851 3878 3894
f 3878 3881 3894
f 3894 3881 3885
f 3881 3957 3885
f 3885 3957 3886
f 3957 3950 3886
f 3886 3950 3888
f 3950 3948 3888
f 3888 3948 3890
f 3948 3947 3890
f 3890 3947 3892
f 3947 3953 3892
f 3892 3953 3893
f 3953 3955 3893
f 3893 3955 3899
f 3955 3868 3899
f 3899 3868 3864
f 3868 3869 3864
f 3864 3869 3865
f 3961 3962 3963
f 3964 3965 3966
f 3965 3967 3966
f 3966 3967 3968
f 3969 3970 3971
f 3970 3972 3971
f 3971 3972 3964
f 3972 3973 3964
f 3964 3973 3965
f 3969 3971 3974
f 3971 3975 3974
f 3974 3975 3976
f 3977 3978 3979
f 3978 3980 3979
f 3979 3980 3975
f 3980 3981 3975
f 3975 3981 3976
f 3962 3982 3963
f 3982 3983 3963
f 3963 3983 3979
f 3983 3984 3979
f 3979 3984 3977
f 3985 3986 3987
f 3986 3988 3987
f 3987 3988 3989
f 3963 3914 3959
f 3989 3961 3987
f 3961 3963 3987
f 3987 3963 3990
f 3963 3959 3990
f 3875 3905 3991
f 3905 3966 3991
f 3991 3966 3992
f 3966 3968 3992
f 3917 3979 3915
f 3979 3975 3915
f 3915 3975 3993
f 3975 3994 3993
f 3917 3918 3979
f 3918 3912 3979
f 3979 3912 3963
f 3912 3911 3963
f 3963 3911 3914
f 3844 3900 3971
f 3905 3904 3966
f 3904 3995 3966
f 3966 3995 3964
f 3995 3901 3964
f 3964 3901 3971
f 3901 3996 3971
f 3971 3996 3844
f 3900 3907 3971
f 3907 3997 3971
f 3971 3997 3975
f 3997 3921 3975
f 3975 3921 3994
f 3998 3999 4000
f 3999 4001 4000
f 4000 4001 4002
f 4001 4003 4002
f 4002 4003 4004
f 4003 4005 4004
f 4004 4005 4006
f 3998 4007 3999
f 4007 4008 3999
f 3999 4008 4009
f 4008 4010 4009
f 4009 4010 4011
f 4010 4012 4011
f 4011 4012 4013
f 4012 4014 4013
f 4013 4014 4015
f 4014 4016 4015
f 4015 4016 4017
f 4016 4018 4017
f 4018 4019 4017
f 4017 4019 4020
f 4019 4021 4020
f 4020 4021 4022
f 4021 4023 4022
f 4021 4024 4023
f 4024 4025 4023
f 4023 4025 4026
f 4025 4027 4026
f 4026 4027 4028
f 4029 4030 4031
f 4030 4032 4031
f 4031 4032 4033
f 4032 4034 4033
f 4033 4034 4035
f 4034 4028 4035
f 4035 4028 4036
f 4028 4027 4036
f 4037 4038 4039
f 4040 4041 4042
f 4043 4044 4045
f 4046 4047 4048
f 4049 4050 4051
f 4052 4053 4054
f 4055 4056 4057
f 4058 4059 4060
f 2827 2829 4061
f 2822 2824 4062
f 2816 2814 4063
f 4064 3455 4065
f 3455 3454 4065
f 4065 3454 3463
f 4066 3459 4064
f 3459 3457 4064
f 4064 3457 3455
f 4067 3453 4066
f 3453 3460 4066
f 4066 3460 3459
f 3436 3606 4068
f 3606 3449 4068
f 4068 3449 4067
f 3449 3451 4067
f 4067 3451 3453
f 3436 4068 3434
f 4068 4069 3434
f 3434 4069 3437
f 3437 4069 3438
f 4069 4070 3438
f 3438 4070 3440
f 3440 4070 3354
f 4070 4071 3354
f 3354 4071 3353
f 3353 4071 3351
f 4071 4072 3351
f 3351 4072 3355
f 3355 4072 3359
f 4072 4073 3359
f 3359 4073 3360
f 3360 4073 4074
f 4073 4063 4074
f 4074 4063 3357
f 4063 2814 3357
f 3357 2814 2812
f 4075 4076 4077
f 4076 4075 4078
f 4075 4079 4078
f 4078 4079 4080
f 4081 4082 4079
f 4082 4083 4079
f 4079 4083 4080
f 494 4084 4085
f 4084 4086 4085
f 4085 4086 4081
f 4086 4087 4081
f 4081 4087 4082
f 494 4085 495
f 4085 4088 495
f 495 4088 491
f 4088 4089 491
f 491 4089 492
f 492 4089 488
f 4089 4090 488
f 488 4090 489
f 489 4090 485
f 4090 4091 485
f 485 4091 486
f 486 4091 481
f 4091 4092 481
f 481 4092 482
f 4093 480 4092
f 480 484 4092
f 4092 484 482
f 478 479 4094
f 479 430 4094
f 4094 430 4093
f 430 429 4093
f 4093 429 480
f 478 4094 477
f 4094 4095 477
f 477 4095 406
f 4096 2831 2822
f 2827 4061 2836
f 2817 2819 4097
f 2819 2821 4097
f 4098 4099 2817
f 4100 4101 4102
f 4101 4100 4059
f 4055 4057 4103
f 4104 4105 4106
f 4105 4104 4053
f 4107 4108 4109
f 4108 4110 4109
f 4109 4110 4052
f 4111 4112 4113
f 4112 4114 4113
f 4113 4114 4107
f 4050 4115 4116
f 4115 4117 4116
f 4116 4117 4111
f 4049 4051 4118
f 4119 4120 4121
f 4120 4118 4121
f 4047 4122 4123
f 4122 4124 4123
f 4123 4124 4125
f 4126 4127 4128
f 4127 4129 4128
f 4128 4129 4130
f 4126 4131 4132
f 4131 4133 4132
f 4043 4045 4134
f 4135 4136 4134
f 4137 4138 4139
f 4138 4140 4139
f 4139 4140 4141
f 4142 4143 4144
f 4143 4145 4144
f 4144 4145 4137
f 4077 4146 4075
f 4146 4147 4075
f 4075 4147 4142
f 2822 4062 4096
f 4062 4148 4096
f 4096 4148 4149
f 4148 4150 4149
f 4149 4150 4151
f 4150 4152 4151
f 4151 4152 4153
f 4152 4154 4153
f 4153 4154 4155
f 4154 4156 4155
f 4155 4156 4157
f 4156 4158 4157
f 4157 4158 4159
f 4158 4160 4159
f 4159 4160 4161
f 4160 4162 4161
f 4161 4162 4163
f 4162 4164 4163
f 4163 4164 4165
f 4164 4166 4165
f 4165 4166 4167
f 2836 4061 4168
f 4061 4169 4168
f 4168 4169 4170
f 4169 4171 4170
f 4170 4171 4172
f 4171 4173 4172
f 4172 4173 4174
f 4173 4175 4174
f 4174 4175 4176
f 4175 4177 4176
f 4176 4177 4178
f 4177 4179 4178
f 4178 4179 4180
f 4179 4181 4180
f 4180 4181 4182
f 4181 4183 4182
f 4182 4183 4184
f 4183 4185 4184
f 4184 4185 4186
f 4185 4187 4186
f 4186 4187 4188
f 2817 4097 4098
f 4097 4189 4098
f 4098 4189 4190
f 4189 4191 4190
f 4190 4191 4192
f 4191 4193 4192
f 4192 4193 4194
f 4193 4195 4194
f 4194 4195 4196
f 4195 4197 4196
f 4196 4197 4198
f 4197 4199 4198
f 4198 4199 4200
f 4199 4201 4200
f 4200 4201 4202
f 4201 4203 4202
f 4202 4203 4204
f 4203 4205 4204
f 4204 4205 4206
f 4205 4207 4206
f 4206 4207 4208
f 4059 4100 4060
f 4100 4209 4060
f 4060 4209 4210
f 4209 4211 4210
f 4210 4211 4212
f 4211 4213 4212
f 4212 4213 4214
f 4213 4215 4214
f 4214 4215 4216
f 4215 4217 4216
f 4216 4217 4218
f 4217 4219 4218
f 4218 4219 4220
f 4219 4221 4220
f 4220 4221 4222
f 4221 4223 4222
f 4222 4223 4224
f 4223 4225 4224
f 4224 4225 4226
f 4225 4227 4226
f 4226 4227 4228
f 4103 4057 4229
f 4057 4230 4229
f 4229 4230 4231
f 4230 4232 4231
f 4231 4232 4233
f 4232 4234 4233
f 4233 4234 4235
f 4234 4236 4235
f 4235 4236 4237
f 4236 4238 4237
f 4237 4238 4239
f 4238 4240 4239
f 4239 4240 4241
f 4240 4242 4241
f 4241 4242 4243
f 4242 4244 4243
f 4243 4244 4245
f 4244 4246 4245
f 4245 4246 4247
f 4246 4248 4247
f 4247 4248 4249
f 4053 4104 4054
f 4104 4250 4054
f 4054 4250 4251
f 4250 4252 4251
f 4251 4252 4253
f 4252 4254 4253
f 4253 4254 4255
f 4254 4256 4255
f 4255 4256 4257
f 4256 4258 4257
f 4257 4258 4259
f 4258 4260 4259
f 4259 4260 4261
f 4260 4262 4261
f 4261 4262 4263
f 4262 4264 4263
f 4263 4264 4265
f 4264 4266 4265
f 4265 4266 4267
f 4266 4268 4267
f 4267 4268 4269
f 4118 4051 4121
f 4051 4270 4121
f 4121 4270 4271
f 4270 4272 4271
f 4271 4272 4273
f 4272 4274 4273
f 4273 4274 4275
f 4274 4276 4275
f 4275 4276 4277
f 4276 4278 4277
f 4277 4278 4279
f 4278 4280 4279
f 4279 4280 4281
f 4280 4282 4281
f 4281 4282 4283
f 4282 4284 4283
f 4283 4284 4285
f 4284 4286 4285
f 4285 4286 4287
f 4286 4288 4287
f 4287 4288 4289
f 4047 4123 4048
f 4123 4290 4048
f 4048 4290 4291
f 4290 4292 4291
f 4291 4292 4293
f 4292 4294 4293
f 4293 4294 4295
f 4294 4296 4295
f 4295 4296 4297
f 4296 4298 4297
f 4297 4298 4299
f 4298 4300 4299
f 4299 4300 4301
f 4300 4302 4301
f 4301 4302 4303
f 4302 4304 4303
f 4303 4304 4305
f 4304 4306 4305
f 4305 4306 4307
f 4306 4308 4307
f 4307 4308 4309
f 4126 4128 4131
f 4128 4310 4131
f 4131 4310 4311
f 4310 4312 4311
f 4311 4312 4313
f 4312 4314 4313
f 4313 4314 4315
f 4314 4316 4315
f 4315 4316 4317
f 4316 4318 4317
f 4317 4318 4319
f 4318 4320 4319
f 4319 4320 4321
f 4320 4322 4321
f 4321 4322 4323
f 4322 4324 4323
f 4323 4324 4325
f 4324 4326 4325
f 4325 4326 4327
f 4326 4328 4327
f 4327 4328 4329
f 4134 4045 4135
f 4045 4330 4135
f 4135 4330 4331
f 4330 4332 4331
f 4331 4332 4333
f 4332 4334 4333
f 4333 4334 4335
f 4334 4336 4335
f 4335 4336 4337
f 4336 4338 4337
f 4337 4338 4339
f 4338 4340 4339
f 4339 4340 4341
f 4340 4342 4341
f 4341 4342 4343
f 4342 4344 4343
f 4343 4344 4345
f 4344 4346 4345
f 4345 4346 4347
f 4346 4348 4347
f 4347 4348 4349
f 4137 4139 4144
f 4139 4350 4144
f 4144 4350 4351
f 4350 4352 4351
f 4351 4352 4353
f 4352 4354 4353
f 4353 4354 4355
f 4354 4356 4355
f 4355 4356 4357
f 4356 4358 4357
f 4357 4358 4359
f 4358 4360 4359
f 4359 4360 4361
f 4360 4362 4361
f 4361 4362 4363
f 4362 4364 4363
f 4363 4364 4365
f 4364 4366 4365
f 4365 4366 4367
f 4366 4368 4367
f 4367 4368 4369
f 4370 4065 4371
f 4065 3463 4371
f 4371 3463 3464
f 4370 4166 4065
f 4166 4164 4065
f 4065 4164 4064
f 4164 4162 4064
f 4064 4162 4066
f 4162 4160 4066
f 4066 4160 4067
f 4160 4158 4067
f 4067 4158 4068
f 4158 4156 4068
f 4068 4156 4069
f 4156 4154 4069
f 4069 4154 4070
f 4154 4152 4070
f 4070 4152 4071
f 4152 4150 4071
f 4071 4150 4072
f 4150 4148 4072
f 4072 4148 4073
f 4148 4062 4073
f 4073 4062 4063
f 4062 2824 4063
f 4063 2824 2816
f 4370 4372 4166
f 4372 4373 4166
f 4166 4373 4167
f 4373 4374 4167
f 4167 4374 4375
f 4375 4187 4167
f 4187 4185 4167
f 4167 4185 4165
f 4185 4183 4165
f 4165 4183 4163
f 4183 4181 4163
f 4163 4181 4161
f 4181 4179 4161
f 4161 4179 4159
f 4179 4177 4159
f 4159 4177 4157
f 4177 4175 4157
f 4157 4175 4155
f 4175 4173 4155
f 4155 4173 4153
f 4173 4171 4153
f 4153 4171 4151
f 4171 4169 4151
f 4151 4169 4149
f 4169 4061 4149
f 4149 4061 4096
f 4061 2829 4096
f 4096 2829 2831
f 4375 4376 4187
f 4376 4377 4187
f 4187 4377 4188
f 4377 4378 4188
f 4188 4378 4379
f 4379 4207 4188
f 4207 4205 4188
f 4188 4205 4186
f 4205 4203 4186
f 4186 4203 4184
f 4203 4201 4184
f 4184 4201 4182
f 4201 4199 4182
f 4182 4199 4180
f 4199 4197 4180
f 4180 4197 4178
f 4197 4195 4178
f 4178 4195 4176
f 4195 4193 4176
f 4176 4193 4174
f 4193 4191 4174
f 4174 4191 4172
f 4191 4189 4172
f 4172 4189 4170
f 4189 4097 4170
f 4170 4097 4168
f 4097 2821 4168
f 4168 2821 2836
f 4379 4380 4207
f 4380 4381 4207
f 4207 4381 4208
f 4381 4382 4208
f 4208 4382 4383
f 4383 4227 4208
f 4227 4225 4208
f 4208 4225 4206
f 4225 4223 4206
f 4206 4223 4204
f 4223 4221 4204
f 4204 4221 4202
f 4221 4219 4202
f 4202 4219 4200
f 4219 4217 4200
f 4200 4217 4198
f 4217 4215 4198
f 4198 4215 4196
f 4215 4213 4196
f 4196 4213 4194
f 4213 4211 4194
f 4194 4211 4192
f 4211 4209 4192
f 4192 4209 4190
f 4209 4100 4190
f 4190 4100 4098
f 4100 4102 4098
f 4098 4102 4099
f 4383 4384 4227
f 4384 4385 4227
f 4227 4385 4228
f 4385 4386 4228
f 4228 4386 4387
f 4387 4248 4228
f 4248 4246 4228
f 4228 4246 4226
f 4246 4244 4226
f 4226 4244 4224
f 4244 4242 4224
f 4224 4242 4222
f 4242 4240 4222
f 4222 4240 4220
f 4240 4238 4220
f 4220 4238 4218
f 4238 4236 4218
f 4218 4236 4216
f 4236 4234 4216
f 4216 4234 4214
f 4234 4232 4214
f 4214 4232 4212
f 4232 4230 4212
f 4212 4230 4210
f 4230 4057 4210
f 4210 4057 4060
f 4057 4056 4060
f 4060 4056 4058
f 4387 4388 4248
f 4388 4389 4248
f 4248 4389 4249
f 4389 4390 4249
f 4249 4390 4391
f 4391 4268 4249
f 4268 4266 4249
f 4249 4266 4247
f 4266 4264 4247
f 4247 4264 4245
f 4264 4262 4245
f 4245 4262 4243
f 4262 4260 4243
f 4243 4260 4241
f 4260 4258 4241
f 4241 4258 4239
f 4258 4256 4239
f 4239 4256 4237
f 4256 4254 4237
f 4237 4254 4235
f 4254 4252 4235
f 4235 4252 4233
f 4252 4250 4233
f 4233 4250 4231
f 4250 4104 4231
f 4231 4104 4229
f 4104 4106 4229
f 4229 4106 4103
f 4391 4392 4268
f 4392 4393 4268
f 4268 4393 4269
f 4393 4394 4269
f 4269 4394 4395
f 4052 4054 4109
f 4054 4251 4109
f 4109 4251 4396
f 4251 4253 4396
f 4396 4253 4397
f 4253 4255 4397
f 4397 4255 4398
f 4255 4257 4398
f 4398 4257 4399
f 4257 4259 4399
f 4399 4259 4400
f 4259 4261 4400
f 4400 4261 4401
f 4261 4263 4401
f 4401 4263 4402
f 4263 4265 4402
f 4402 4265 4403
f 4265 4267 4403
f 4403 4267 4404
f 4267 4269 4404
f 4404 4269 4405
f 4269 4395 4405
f 4405 4395 4406
f 4107 4109 4113
f 4109 4396 4113
f 4113 4396 4407
f 4396 4397 4407
f 4407 4397 4408
f 4397 4398 4408
f 4408 4398 4409
f 4398 4399 4409
f 4409 4399 4410
f 4399 4400 4410
f 4410 4400 4411
f 4400 4401 4411
f 4411 4401 4412
f 4401 4402 4412
f 4412 4402 4413
f 4402 4403 4413
f 4413 4403 4414
f 4403 4404 4414
f 4414 4404 4415
f 4404 4405 4415
f 4415 4405 4042
f 4405 4406 4042
f 4042 4406 4040
f 4111 4113 4116
f 4113 4407 4116
f 4116 4407 4416
f 4407 4408 4416
f 4416 4408 4417
f 4408 4409 4417
f 4417 4409 4418
f 4409 4410 4418
f 4418 4410 4419
f 4410 4411 4419
f 4419 4411 4420
f 4411 4412 4420
f 4420 4412 4421
f 4412 4413 4421
f 4421 4413 4422
f 4413 4414 4422
f 4422 4414 4423
f 4414 4415 4423
f 4423 4415 4424
f 4415 4042 4424
f 4424 4042 4039
f 4042 4041 4039
f 4039 4041 4037
f 4050 4116 4051
f 4116 4416 4051
f 4051 4416 4270
f 4416 4417 4270
f 4270 4417 4272
f 4417 4418 4272
f 4272 4418 4274
f 4418 4419 4274
f 4274 4419 4276
f 4419 4420 4276
f 4276 4420 4278
f 4420 4421 4278
f 4278 4421 4280
f 4421 4422 4280
f 4280 4422 4282
f 4422 4423 4282
f 4282 4423 4284
f 4423 4424 4284
f 4284 4424 4286
f 4424 4039 4286
f 4286 4039 4288
f 4039 4038 4288
f 4288 4038 4425
f 4425 4426 4288
f 4426 4427 4288
f 4288 4427 4289
f 4427 4428 4289
f 4289 4428 4429
f 4429 4308 4289
f 4308 4306 4289
f 4289 4306 4287
f 4306 4304 4287
f 4287 4304 4285
f 4304 4302 4285
f 4285 4302 4283
f 4302 4300 4283
f 4283 4300 4281
f 4300 4298 4281
f 4281 4298 4279
f 4298 4296 4279
f 4279 4296 4277
f 4296 4294 4277
f 4277 4294 4275
f 4294 4292 4275
f 4275 4292 4273
f 4292 4290 4273
f 4273 4290 4271
f 4290 4123 4271
f 4271 4123 4121
f 4123 4125 4121
f 4121 4125 4119
f 4429 4430 4308
f 4430 4431 4308
f 4308 4431 4309
f 4431 4432 4309
f 4309 4432 4433
f 4433 4328 4309
f 4328 4326 4309
f 4309 4326 4307
f 4326 4324 4307
f 4307 4324 4305
f 4324 4322 4305
f 4305 4322 4303
f 4322 4320 4303
f 4303 4320 4301
f 4320 4318 4301
f 4301 4318 4299
f 4318 4316 4299
f 4299 4316 4297
f 4316 4314 4297
f 4297 4314 4295
f 4314 4312 4295
f 4295 4312 4293
f 4312 4310 4293
f 4293 4310 4291
f 4310 4128 4291
f 4291 4128 4048
f 4128 4130 4048
f 4048 4130 4046
f 4433 4434 4328
f 4434 4435 4328
f 4328 4435 4329
f 4435 4436 4329
f 4329 4436 4437
f 4437 4348 4329
f 4348 4346 4329
f 4329 4346 4327
f 4346 4344 4327
f 4327 4344 4325
f 4344 4342 4325
f 4325 4342 4323
f 4342 4340 4323
f 4323 4340 4321
f 4340 4338 4321
f 4321 4338 4319
f 4338 4336 4319
f 4319 4336 4317
f 4336 4334 4317
f 4317 4334 4315
f 4334 4332 4315
f 4315 4332 4313
f 4332 4330 4313
f 4313 4330 4311
f 4330 4045 4311
f 4311 4045 4131
f 4045 4044 4131
f 4131 4044 4133
f 4437 4438 4348
f 4438 4439 4348
f 4348 4439 4349
f 4439 4440 4349
f 4349 4440 4441
f 4441 4368 4349
f 4368 4366 4349
f 4349 4366 4347
f 4366 4364 4347
f 4347 4364 4345
f 4364 4362 4345
f 4345 4362 4343
f 4362 4360 4343
f 4343 4360 4341
f 4360 4358 4341
f 4341 4358 4339
f 4358 4356 4339
f 4339 4356 4337
f 4356 4354 4337
f 4337 4354 4335
f 4354 4352 4335
f 4335 4352 4333
f 4352 4350 4333
f 4333 4350 4331
f 4350 4139 4331
f 4331 4139 4135
f 4139 4141 4135
f 4135 4141 4136
f 4441 4442 4368
f 4442 4443 4368
f 4368 4443 4369
f 4443 4444 4369
f 4369 4444 4445
f 4142 4144 4075
f 4144 4351 4075
f 4075 4351 4079
f 4351 4353 4079
f 4079 4353 4081
f 4353 4355 4081
f 4081 4355 4085
f 4355 4357 4085
f 4085 4357 4088
f 4357 4359 4088
f 4088 4359 4089
f 4359 4361 4089
f 4089 4361 4090
f 4361 4363 4090
f 4090 4363 4091
f 4363 4365 4091
f 4091 4365 4092
f 4365 4367 4092
f 4092 4367 4093
f 4367 4369 4093
f 4093 4369 4094
f 4369 4445 4094
f 4094 4445 4095
f 4446 4447 4055
f 4448 4449 4450
f 4449 4451 4450
f 4450 4451 4452
f 4102 4453 4099
f 4453 2818 4099
f 4099 2818 2817
f 4058 4454 4059
f 4454 4455 4059
f 4059 4455 4101
f 4455 4456 4101
f 4101 4456 4102
f 4456 4457 4102
f 4102 4457 4453
f 4055 4447 4056
f 4447 4458 4056
f 4458 4459 4056
f 4056 4459 4058
f 4459 4460 4058
f 4058 4460 4454
f 4446 4055 4461
f 4055 4103 4461
f 4461 4103 4462
f 4103 4106 4462
f 4462 4106 4463
f 4110 4452 4052
f 4452 4451 4052
f 4052 4451 4053
f 4451 4464 4053
f 4053 4464 4105
f 4464 4465 4105
f 4105 4465 4106
f 4465 4466 4106
f 4106 4466 4463
f 4446 4461 4467
f 4468 4469 4470
f 4471 4472 4473
f 4474 4475 4476
f 4477 4478 4479
f 4479 2995 4477
f 2995 2994 4477
f 4477 2994 2999
f 4480 4481 4477
f 4481 4482 4477
f 4477 4482 4478
f 4483 4484 4480
f 4484 4485 4480
f 4480 4485 4481
f 4486 4487 4488
f 4487 4489 4488
f 4488 4489 4490
f 4475 4491 4476
f 4491 4492 4476
f 4476 4492 4493
f 4492 4494 4493
f 4493 4494 4490
f 4473 4472 4495
f 4472 4496 4495
f 4495 4496 4497
f 4471 4473 4498
f 4473 4499 4498
f 4498 4499 4500
f 4501 4502 4503
f 4503 4504 4501
f 4504 4505 4501
f 4501 4505 4499
f 4505 4506 4499
f 4499 4506 4500
f 4467 4507 4502
f 4507 4508 4502
f 4502 4508 4503
f 4509 4510 4467
f 4510 4511 4467
f 4467 4511 4507
f 4512 4513 4514
f 4513 4515 4514
f 4514 4515 4509
f 4469 4516 4512
f 4516 4517 4512
f 4512 4517 4513
f 4468 4470 4518
f 4473 4457 4499
f 4457 4456 4499
f 4499 4456 4501
f 4456 4455 4501
f 4501 4455 4454
f 4509 4467 4514
f 4467 4461 4514
f 4514 4461 4462
f 4469 4512 4470
f 4512 4464 4470
f 4470 4464 4451
f 4462 4463 4514
f 4463 4466 4514
f 4514 4466 4512
f 4466 4465 4512
f 4512 4465 4464
f 4454 4460 4501
f 4460 4459 4501
f 4501 4459 4502
f 4459 4458 4502
f 4502 4458 4467
f 4458 4447 4467
f 4467 4447 4446
f 4451 4449 4470
f 4449 4448 4470
f 4470 4448 4519
f 4519 4520 4470
f 4520 4521 4470
f 4470 4521 4518
f 2811 2813 2997
f 2813 4477 2997
f 2997 4477 2998
f 4477 2999 2998
f 4486 4483 4487
f 4483 4480 4487
f 4487 4480 2823
f 2813 2815 4477
f 2815 2826 4477
f 4477 2826 4480
f 2826 2825 4480
f 4480 2825 2823
f 4490 4489 4493
f 4489 2828 4493
f 4493 2828 2839
f 2834 4495 4476
f 4495 4497 4476
f 4476 4497 4474
f 2839 2838 4493
f 2838 4522 4493
f 4493 4522 4476
f 4522 2835 4476
f 4476 2835 2834
f 2823 2833 4487
f 2833 2832 4487
f 4487 2832 4489
f 2832 2830 4489
f 4489 2830 2828
f 2834 2820 4495
f 2820 2818 4495
f 4495 2818 4473
f 2818 4453 4473
f 4473 4453 4457
f 4523 4524 4525
f 4526 4527 4528
f 4529 4530 4531
f 4532 4533 4534
f 4535 4536 4537
f 4538 4539 4540
f 4468 4518 4541
f 4542 4516 4543
f 4516 4469 4543
f 4543 4469 4468
f 4509 4515 4544
f 4515 4513 4544
f 4544 4513 4542
f 4513 4517 4542
f 4542 4517 4516
f 4509 4544 4510
f 4544 4545 4510
f 4510 4545 4511
f 4511 4545 4507
f 4545 4546 4507
f 4507 4546 4508
f 4508 4546 4503
f 4546 4547 4503
f 4503 4547 4504
f 4498 4500 4548
f 4500 4506 4548
f 4548 4506 4547
f 4506 4505 4547
f 4547 4505 4504
f 4498 4548 4471
f 4548 4549 4471
f 4471 4549 4472
f 4472 4549 4496
f 4549 4550 4496
f 4496 4550 4497
f 4497 4550 4474
f 4550 4551 4474
f 4474 4551 4475
f 4552 4492 4551
f 4492 4491 4551
f 4551 4491 4475
f 4553 4490 4552
f 4490 4494 4552
f 4552 4494 4492
f 4554 4486 4553
f 4486 4488 4553
f 4553 4488 4490
f 4481 4485 4555
f 4485 4484 4555
f 4555 4484 4554
f 4484 4483 4554
f 4554 4483 4486
f 4481 4555 4482
f 4555 4556 4482
f 4482 4556 4478
f 4557 4558 4559
f 4559 2854 4560
f 4540 4539 4561
f 4539 4562 4561
f 4562 4563 4561
f 4561 4563 4557
f 4563 4564 4557
f 4557 4564 4558
f 4537 4536 4565
f 4536 4566 4565
f 4566 4567 4565
f 4565 4567 4540
f 4567 4568 4540
f 4540 4568 4538
f 4535 4537 4569
f 4537 4570 4569
f 4569 4570 4571
f 4570 4572 4571
f 4571 4572 4573
f 4534 4533 4572
f 4533 4574 4572
f 4572 4574 4573
f 4532 4534 4575
f 4534 4576 4575
f 4575 4576 4577
f 4577 4576 4578
f 4576 4579 4578
f 4578 4579 4580
f 4580 4579 4581
f 4579 4582 4581
f 4581 4582 4583
f 4584 4585 4586
f 4586 4587 4584
f 4587 4588 4584
f 4584 4588 4582
f 4588 4589 4582
f 4582 4589 4583
f 4590 4591 4592
f 4591 4593 4592
f 4592 4593 4585
f 4593 4594 4585
f 4585 4594 4586
f 4595 4596 4597
f 4596 4598 4597
f 4599 4592 4600
f 4592 4597 4600
f 4600 4597 4601
f 4597 4598 4601
f 4601 4598 4602
f 4603 4604 4605
f 4604 4606 4605
f 4607 4608 4609
f 4559 4560 4557
f 4560 4610 4557
f 4557 4610 4611
f 4524 4529 4525
f 4529 4531 4525
f 4525 4531 4612
f 4531 4613 4612
f 4612 4613 4614
f 4613 4615 4614
f 4614 4615 4616
f 4615 4617 4616
f 4616 4617 4618
f 4617 4619 4618
f 4618 4619 4620
f 4619 4621 4620
f 4620 4621 4622
f 4621 4623 4622
f 4622 4623 4624
f 4623 4625 4624
f 4624 4625 4626
f 4625 4627 4626
f 4626 4627 4628
f 4627 4629 4628
f 4628 4629 4630
f 4629 4631 4630
f 4630 4631 4632
f 4631 4633 4632
f 4632 4633 4634
f 4633 4635 4634
f 4634 4635 4636
f 4635 4637 4636
f 4636 4637 4638
f 4637 4605 4638
f 4528 4597 4639
f 4597 4592 4639
f 4639 4592 4640
f 4592 4585 4640
f 4640 4585 4641
f 4585 4584 4641
f 4641 4584 4642
f 4584 4582 4642
f 4642 4582 4643
f 4582 4579 4643
f 4643 4579 4644
f 4579 4576 4644
f 4644 4576 4645
f 4576 4534 4645
f 4645 4534 4646
f 4534 4572 4646
f 4646 4572 4647
f 4572 4570 4647
f 4647 4570 4648
f 4570 4537 4648
f 4648 4537 4649
f 4537 4565 4649
f 4649 4565 4650
f 4565 4540 4650
f 4650 4540 4651
f 4540 4561 4651
f 4651 4561 4609
f 4561 4557 4609
f 4609 4557 4607
f 4557 4611 4607
f 4528 4527 4597
f 4527 4652 4597
f 4597 4652 4595
f 4530 4526 4531
f 4526 4528 4531
f 4531 4528 4613
f 4528 4639 4613
f 4613 4639 4615
f 4639 4640 4615
f 4615 4640 4617
f 4640 4641 4617
f 4617 4641 4619
f 4641 4642 4619
f 4619 4642 4621
f 4642 4643 4621
f 4621 4643 4623
f 4643 4644 4623
f 4623 4644 4625
f 4644 4645 4625
f 4625 4645 4627
f 4645 4646 4627
f 4627 4646 4629
f 4646 4647 4629
f 4629 4647 4631
f 4647 4648 4631
f 4631 4648 4633
f 4648 4649 4633
f 4633 4649 4635
f 4649 4650 4635
f 4635 4650 4637
f 4650 4651 4637
f 4637 4651 4605
f 4651 4609 4605
f 4605 4609 4603
f 4609 4608 4603
f 4606 4653 4605
f 4653 4654 4605
f 4605 4654 4638
f 4654 4655 4638
f 4638 4655 4656
f 2995 4479 4657
f 4479 4478 4657
f 4657 4478 4658
f 4478 4556 4658
f 4658 4556 4659
f 4556 4660 4659
f 4468 4541 4543
f 4541 4661 4543
f 4543 4661 4662
f 4662 4523 4543
f 4523 4525 4543
f 4543 4525 4542
f 4525 4612 4542
f 4542 4612 4544
f 4612 4614 4544
f 4544 4614 4545
f 4614 4616 4545
f 4545 4616 4546
f 4616 4618 4546
f 4546 4618 4547
f 4618 4620 4547
f 4547 4620 4548
f 4620 4622 4548
f 4548 4622 4549
f 4622 4624 4549
f 4549 4624 4550
f 4624 4626 4550
f 4550 4626 4551
f 4626 4628 4551
f 4551 4628 4552
f 4628 4630 4552
f 4552 4630 4553
f 4630 4632 4553
f 4553 4632 4554
f 4632 4634 4554
f 4554 4634 4555
f 4634 4636 4555
f 4555 4636 4556
f 4636 4638 4556
f 4556 4638 4660
f 4638 4656 4660
f 4663 4664 4665
f 4564 4563 4666
f 4667 4668 4669
f 4668 4670 4669
f 4671 4668 4672
f 4668 4667 4672
f 4672 4667 4673
f 4667 4674 4673
f 4602 4675 4601
f 4675 4676 4601
f 4593 4591 4677
f 4591 4599 4677
f 4677 4599 4676
f 4599 4600 4676
f 4676 4600 4601
f 4593 4677 4594
f 4677 4678 4594
f 4594 4678 4586
f 4678 4679 4586
f 4586 4679 4587
f 4587 4679 4588
f 4679 4680 4588
f 4588 4680 4589
f 4680 4681 4589
f 4589 4681 4583
f 4583 4681 4581
f 4681 4682 4581
f 4581 4682 4580
f 4580 4682 4578
f 4682 4683 4578
f 4578 4683 4577
f 4574 4533 4684
f 4533 4532 4684
f 4684 4532 4683
f 4532 4575 4683
f 4683 4575 4577
f 4571 4573 4685
f 4573 4574 4685
f 4535 4569 4686
f 4569 4571 4686
f 4687 4536 4535
f 4664 4567 4566
f 4562 4539 4663
f 4539 4538 4663
f 4663 4538 4664
f 4538 4568 4664
f 4664 4568 4567
f 4558 4688 4559
f 4688 2851 4559
f 4559 2851 2854
f 4689 2962 2852
f 4690 2964 2963
f 2894 4691 2895
f 4691 4692 2895
f 2895 4692 2896
f 4692 2888 2896
f 2894 2841 4691
f 2841 2840 4691
f 4691 2840 4690
f 2840 2898 4690
f 4690 2898 2964
f 4693 4691 4694
f 4691 4690 4694
f 4694 4690 4695
f 4690 2963 4695
f 4695 2963 2962
f 4696 4693 4697
f 4693 4694 4697
f 4697 4694 4698
f 4694 4689 4698
f 4698 4689 4688
f 4689 2852 4688
f 4688 2852 2851
f 4699 4700 4696
f 4700 4701 4696
f 4696 4701 4693
f 4701 4702 4693
f 4693 4702 4691
f 4702 4703 4691
f 4691 4703 4692
f 4703 4704 4692
f 4692 4704 2888
f 4704 4705 2888
f 2888 4705 2889
f 4571 4685 4686
f 4685 4706 4686
f 4686 4706 4707
f 4708 4665 4709
f 4665 4664 4709
f 4709 4664 4687
f 4664 4566 4687
f 4687 4566 4536
f 4710 4711 4708
f 4711 4712 4708
f 4708 4712 4713
f 4563 4562 4666
f 4562 4663 4666
f 4666 4663 4714
f 4663 4665 4714
f 4714 4665 4715
f 4665 4708 4715
f 4715 4708 4716
f 4708 4713 4716
f 4717 4718 4706
f 4718 4719 4706
f 4706 4719 4707
f 4719 4720 4707
f 4707 4720 4721
f 4720 4722 4721
f 4721 4722 4723
f 4535 4686 4687
f 4686 4707 4687
f 4687 4707 4709
f 4707 4721 4709
f 4709 4721 4708
f 4721 4723 4708
f 4708 4723 4710
f 4713 4699 4716
f 4699 4696 4716
f 4716 4696 4715
f 4696 4697 4715
f 4715 4697 4714
f 4697 4698 4714
f 4714 4698 4666
f 4698 4688 4666
f 4666 4688 4564
f 4688 4558 4564
f 4724 4725 4726
f 4724 4726 4727
f 4728 4729 4730
f 4729 4731 4730
f 4730 4731 4732
f 4732 4733 4730
f 4733 4734 4730
f 4730 4734 4724
f 4734 4735 4724
f 4724 4735 4725
f 4736 4737 4738
f 4737 4739 4738
f 4740 4741 4738
f 4741 4742 4738
f 4738 4742 4736
f 4670 4743 4669
f 4743 4744 4669
f 4669 4744 4740
f 4744 4745 4740
f 4740 4745 4741
f 4737 4746 4739
f 4746 4747 4739
f 4739 4747 4728
f 4747 4748 4728
f 4728 4748 4729
f 4675 4674 4676
f 4674 4667 4676
f 4676 4667 4677
f 4667 4669 4677
f 4677 4669 4678
f 4669 4740 4678
f 4678 4740 4679
f 4740 4738 4679
f 4679 4738 4680
f 4738 4739 4680
f 4680 4739 4681
f 4739 4728 4681
f 4681 4728 4682
f 4728 4730 4682
f 4682 4730 4683
f 4730 4724 4683
f 4683 4724 4684
f 4724 4727 4684
f 4726 4749 4727
f 4749 4750 4727
f 4727 4750 4751
f 4574 4684 4685
f 4684 4727 4685
f 4685 4727 4706
f 4727 4751 4706
f 4706 4751 4717
f 4752 4753 4754
f 4754 4755 4752
f 4755 4756 4752
f 4752 4756 4757
f 4756 4758 4757
f 4757 4758 4759
f 4758 4760 4759
f 4759 4760 4761
f 4762 4763 4764
f 4763 4765 4764
f 4760 4766 4761
f 4766 4767 4761
f 4761 4767 4768
f 4767 4769 4768
f 4768 4769 4770
f 4769 4771 4770
f 4770 4771 4762
f 4771 4772 4762
f 4762 4772 4763
f 4763 4773 4765
f 4773 4774 4765
f 4765 4774 4775
f 4774 4776 4775
f 4775 4776 4777
f 4776 4778 4777
f 4776 4779 4778
f 4779 4780 4778
f 4778 4780 4781
f 4780 4782 4781
f 4781 4782 4783
f 4782 4784 4783
f 4783 4784 4785
f 4786 4787 4788
f 4788 4787 4785
f 4787 4789 4785
f 4785 4789 4783
f 4786 4788 4790
f 4788 4791 4790
f 4790 4791 4792
f 4793 4794 4795
f 4794 4796 4795
f 4795 4796 4797
f 4796 4798 4797
f 4797 4798 4799
f 4798 4800 4799
f 4799 4800 4801
f 4800 4802 4801
f 4801 4802 4803
f 4802 4804 4803
f 4803 4804 4805
f 4804 4806 4805
f 4805 4806 4807
f 4806 4808 4807
f 4807 4808 4809
f 4808 4810 4809
f 4809 4810 4811
f 4810 4812 4811
f 4811 4812 4813
f 4812 4814 4813
f 4813 4814 4815
f 4814 4816 4815
f 4815 4816 4817
f 4816 4792 4817
f 4817 4792 4818
f 4792 4791 4818
f 4793 4819 4794
f 4819 4820 4794
f 4794 4820 4821
f 4821 4820 4822
f 4820 4823 4822
f 4822 4823 4824
f 4823 4825 4824
f 4825 4826 4824
f 4824 4826 4827
f 4826 4828 4827
f 4827 4828 4829
f 4828 4830 4829
f 4829 4830 4831
f 4830 4832 4831
f 4831 4832 4833
f 4832 4834 4833
f 4833 4834 4835
f 4834 4836 4835
f 4835 4836 4837
f 4836 4838 4837
f 4838 4839 4837
f 4837 4839 4840
f 4839 4841 4840
f 4841 4842 4840
f 4840 4842 4843
f 4842 4844 4843
f 4843 4844 4845
f 4844 4846 4845
f 4845 4846 4847
f 4846 4848 4847
f 4847 4848 4849
f 4848 4850 4849
f 4849 4850 4851
f 4850 4852 4851
f 4851 4852 4853
f 4852 4854 4853
f 4852 4855 4854
f 4855 4856 4854
f 4854 4856 4857
f 4856 4858 4857
f 4857 4858 4859
f 4858 4860 4859
f 4859 4860 4861
f 4860 4862 4861
f 4861 4862 4863
f 4862 4864 4863
f 4864 4865 4863
f 4863 4865 4866
f 4866 4865 4867
f 4865 4868 4867
f 4867 4868 4869
f 4868 4870 4869
f 4869 4870 4871
f 4870 4872 4871
f 4871 4872 4873
f 4872 4874 4873
f 4873 4874 4875
f 4874 4876 4875
f 4875 4876 4877
f 4876 4878 4877
f 4877 4878 4879
f 4878 4880 4879
f 4880 4881 4879
f 4879 4881 4882
f 4881 4883 4882
f 4882 4883 4884
f 4883 4885 4884
f 4884 4885 4886
f 4885 4887 4886
f 4886 4887 4888
f 4887 4889 4888
f 4888 4889 4890
f 4889 4891 4890
f 4890 4891 4892
f 4891 4893 4892
f 4892 4893 4894
f 4893 4895 4894
f 4894 4895 4896
f 4895 4897 4896
f 4895 4898 4897
f 4898 4899 4897
f 4897 4899 4900
f 4899 4901 4900
f 4900 4901 4902
f 4901 4903 4902
f 4901 4904 4903
f 4904 4905 4903
f 4903 4905 4906
f 4905 4907 4906
f 4906 4907 4908
f 4907 4909 4908
f 4908 4909 4910
f 4909 4911 4910
f 4909 4912 4911
f 4912 4913 4911
f 4911 4913 4914
f 4913 4915 4914
f 4914 4915 4916
f 4915 4917 4916
f 4916 4917 4918
f 4917 4919 4918
f 4918 4919 4920
f 4919 4921 4920
f 4922 4923 4924
f 2865 4925 4926
f 4927 4928 4929
f 4928 4916 4929
f 4929 4916 4930
f 4930 4931 4929
f 4931 4932 4929
f 4929 4932 4933
f 2871 4934 2872
f 4934 4935 2872
f 2872 4935 2865
f 2865 4935 4925
f 4935 4936 4925
f 4925 4936 4937
f 2862 2850 4926
f 2850 2863 4926
f 2863 2866 4926
f 4926 2866 2865
f 2858 2860 4938
f 2860 4939 4938
f 4938 4939 4940
f 4939 4941 4940
f 2860 2862 4939
f 2862 4926 4939
f 4939 4926 4942
f 4942 4943 4944
f 4942 4944 4939
f 4944 4945 4939
f 4939 4945 4941
f 4923 4946 4947
f 4948 4949 4950
f 4949 4951 4950
f 4950 4951 4952
f 4953 4954 4929
f 4954 4950 4929
f 4929 4950 4927
f 4950 4952 4927
f 4933 4955 4929
f 4955 4956 4929
f 4929 4956 4953
f 4956 4957 4953
f 4953 4957 4958
f 4923 4947 4924
f 4947 4959 4924
f 4924 4959 4960
f 4960 4961 4924
f 4961 4962 4924
f 4924 4962 4942
f 4962 4963 4942
f 4942 4963 4943
f 4937 4948 4925
f 4948 4950 4925
f 4925 4950 4926
f 4950 4954 4926
f 4926 4954 4942
f 4954 4953 4942
f 4942 4953 4924
f 4953 4958 4924
f 4924 4958 4922
f 4964 4965 4966
f 4967 4968 4969
f 4965 4970 4971
f 4972 4973 4974
f 4974 4973 4975
f 4976 4977 4978
f 4979 4980 4981
f 4982 4983 4984
f 4985 4986 4987
f 4988 4989 4990
f 4991 4992 4993
f 3112 3110 4994
f 2915 2914 4995
f 2902 2901 4996
f 2918 2917 4997
f 4944 4943 4998
f 4999 5000 5001
f 5002 5003 5004
f 5005 5006 5007
f 5005 5007 5008
f 5009 5010 5011
f 5010 5012 5011
f 5011 5012 5007
f 5012 5013 5007
f 5007 5013 5008
f 5014 5015 5016
f 5015 5004 5016
f 5016 5004 5017
f 5004 5003 5017
f 5018 5019 5020
f 5019 5021 5020
f 5020 5021 5022
f 5021 5023 5022
f 5001 5000 5021
f 5000 5024 5021
f 5021 5024 5023
f 5025 5026 5027
f 5026 5028 5027
f 5028 5029 5027
f 5029 5030 5027
f 5027 5030 5031
f 5030 5032 5031
f 5031 5032 5033
f 4959 4947 5034
f 4947 4946 5034
f 5034 4946 5035
f 5035 5036 5034
f 5036 5025 5034
f 5034 5025 5037
f 4960 5038 4961
f 5038 4962 4961
f 4962 5038 4963
f 5038 5039 4963
f 4963 5039 4943
f 4938 4940 5040
f 4940 4941 5040
f 5040 4941 4945
f 2917 2861 4997
f 2861 2859 4997
f 4997 2859 5041
f 5042 5043 5041
f 5043 2934 5041
f 5041 2934 4997
f 2934 2933 4997
f 4997 2933 2918
f 2932 2931 5043
f 2931 2935 5043
f 5043 2935 2934
f 2928 2927 5044
f 2927 2919 5044
f 2965 2923 5045
f 2923 2925 5045
f 5045 2925 2929
f 2901 2967 5046
f 2967 2966 5046
f 5046 2966 2965
f 2915 4995 2916
f 4988 2910 4989
f 2910 2909 4989
f 4989 2909 2916
f 2905 2913 5047
f 2913 2912 5047
f 5048 2908 2907
f 2857 5049 2856
f 5049 2855 2856
f 2854 2855 4560
f 2855 5049 4560
f 4560 5049 5050
f 5049 5051 5050
f 5052 4607 5051
f 4607 5053 5051
f 5051 5053 5050
f 5054 4604 5055
f 4604 4603 5055
f 5055 4603 5052
f 4603 5056 5052
f 5052 5056 4607
f 5057 4656 4655
f 4654 4653 5054
f 4653 4606 5054
f 5054 4606 4604
f 4656 5057 4660
f 4658 4659 5058
f 4659 4660 5058
f 5058 4660 5059
f 4660 5057 5059
f 5059 5057 5060
f 2995 4657 2996
f 4657 4981 2996
f 2996 4981 3000
f 2992 2991 4980
f 2991 2990 4980
f 4980 2990 4981
f 2990 2989 4981
f 4981 2989 3000
f 2980 2979 5061
f 2979 5062 5061
f 5061 5062 5063
f 5062 2968 5063
f 5063 2968 2993
f 5064 2981 2980
f 2397 2981 3059
f 2981 5064 3059
f 3059 5064 3058
f 5064 3091 3058
f 3098 3097 5065
f 3097 5066 5065
f 5066 3095 5065
f 5065 3095 5064
f 3095 3092 5064
f 5064 3092 3091
f 5067 5068 3090
f 3090 3082 5067
f 3082 3084 5067
f 5067 3084 3086
f 2980 5061 5064
f 5061 5067 5064
f 5064 5067 5065
f 5067 3086 5065
f 5065 3086 3098
f 5069 5070 5068
f 5070 3089 5068
f 5068 3089 3090
f 3073 3072 5071
f 3072 3101 5071
f 5071 3101 5068
f 3101 3100 5068
f 5068 3100 5069
f 3078 3080 4984
f 3080 3081 4984
f 4984 3081 5072
f 3081 3077 5072
f 5072 3077 3076
f 3105 3103 4983
f 4983 3103 4984
f 3103 3102 4984
f 4984 3102 3078
f 3109 3107 4983
f 3107 3106 4983
f 4983 3106 3105
f 3002 3001 5073
f 3001 3111 5073
f 3115 3116 5074
f 3116 3113 5074
f 3179 3197 5075
f 3197 3194 5075
f 5075 3194 5076
f 3194 3052 5076
f 5076 3052 5077
f 3052 5078 5077
f 5077 5078 3056
f 3184 3183 5079
f 3183 3182 5079
f 5079 3182 5075
f 3182 5080 5075
f 5075 5080 3179
f 5081 3118 5079
f 3118 5082 5079
f 5079 5082 3184
f 5083 5084 5081
f 5083 5081 3176
f 5084 3178 5081
f 3178 3177 5081
f 5081 3177 3118
f 5085 5086 3169
f 5086 3171 3169
f 5087 3166 5088
f 5087 5088 3158
f 3729 3760 5089
f 3760 5090 5089
f 5089 5090 5088
f 5090 3159 5088
f 5088 3159 3158
f 3166 3164 5088
f 3164 3162 5088
f 5088 3162 5091
f 3162 3161 5091
f 5091 3161 5092
f 3752 5093 3739
f 5093 3737 3739
f 3730 5094 3758
f 5094 5093 3758
f 3758 5093 3757
f 5093 3752 3757
f 3735 3737 5095
f 3737 5093 5095
f 5095 5093 5096
f 5093 5097 5096
f 5098 5099 5100
f 5097 5093 5101
f 5093 5094 5101
f 5101 5094 5099
f 5102 5103 5104
f 5103 5102 5105
f 5102 5106 5105
f 5105 5106 5006
f 4991 4993 5107
f 4993 5108 5107
f 5107 5108 5109
f 2921 2932 5110
f 2932 5043 5110
f 5110 5043 5111
f 5043 5042 5111
f 5111 5042 5112
f 4938 5040 2858
f 5040 4992 2858
f 2858 4992 2859
f 4992 4991 2859
f 2859 4991 5041
f 4991 5107 5041
f 5041 5107 5042
f 5107 5109 5042
f 5042 5109 5112
f 5113 5114 5115
f 5114 5116 5115
f 5117 5118 5119
f 5114 5120 5116
f 5120 5121 5116
f 5116 5121 5122
f 5121 5123 5122
f 5122 5123 5124
f 5125 5126 5127
f 5126 5128 5127
f 5127 5128 5129
f 5128 5130 5129
f 5129 5130 5131
f 5130 5045 5131
f 5131 5045 5044
f 5045 2929 5044
f 5044 2929 2928
f 2901 5046 4996
f 5046 5132 4996
f 4996 5132 5133
f 5132 5134 5133
f 5133 5134 4987
f 2916 4995 4989
f 4995 5135 4989
f 4989 5135 4990
f 5136 5137 4990
f 5137 5047 4990
f 4990 5047 4988
f 5047 2912 4988
f 4988 2912 2910
f 2965 5045 5046
f 5045 5130 5046
f 5046 5130 5132
f 5130 5128 5132
f 5132 5128 5134
f 5128 5126 5134
f 5134 5126 4987
f 5126 5138 4987
f 4987 5138 4985
f 5139 5140 5141
f 4968 4967 5142
f 3110 3109 4994
f 3109 4983 4994
f 4994 4983 5143
f 4983 4982 5143
f 5143 4982 5144
f 5145 5146 5147
f 5146 5148 5147
f 5147 5148 5149
f 5148 5150 5149
f 5149 5150 5151
f 5150 5152 5151
f 5151 5152 5153
f 5152 5139 5153
f 5153 5139 5142
f 5139 5141 5142
f 5142 5141 4968
f 5154 5155 5156
f 5155 5157 5156
f 5156 5157 5158
f 5157 5159 5158
f 5158 5159 5160
f 5159 5161 5160
f 5160 5161 5144
f 4655 4654 5057
f 4654 5054 5057
f 5057 5054 5060
f 5054 5055 5060
f 5060 5055 5162
f 5055 5052 5162
f 5162 5052 5163
f 5052 5051 5163
f 5163 5051 5164
f 5051 5049 5164
f 5164 5049 5048
f 5049 2857 5048
f 5048 2857 2908
f 5067 5165 5068
f 5165 5072 5068
f 5068 5072 5071
f 5072 3076 5071
f 5071 3076 3073
f 5166 5155 5167
f 5155 5154 5167
f 5167 5154 5168
f 5154 5169 5168
f 5168 5169 4979
f 4657 4658 4981
f 4658 5058 4981
f 4981 5058 4979
f 5058 5059 4979
f 4979 5059 5168
f 5059 5060 5168
f 5168 5060 5167
f 5060 5162 5167
f 5167 5162 5166
f 5162 5163 5166
f 5166 5163 5136
f 5163 5164 5136
f 5136 5164 5137
f 5164 5048 5137
f 5137 5048 5047
f 5048 2907 5047
f 5047 2907 2905
f 5144 4982 5160
f 4982 4984 5160
f 5160 4984 5158
f 4984 5072 5158
f 5158 5072 5156
f 5072 5165 5156
f 5156 5165 5154
f 5165 5067 5154
f 5154 5067 5169
f 5067 5061 5169
f 5169 5061 4979
f 5061 5063 4979
f 4979 5063 4980
f 5063 2993 4980
f 4980 2993 2992
f 5170 5171 5172
f 5173 4972 5174
f 4972 4974 5174
f 5174 4974 4976
f 4974 4975 4976
f 4976 4975 4977
f 5118 5117 5175
f 5117 5176 5175
f 5175 5176 5177
f 5178 5179 5180
f 5179 5181 5180
f 5104 5098 5102
f 5098 5100 5102
f 5102 5100 5106
f 5100 5182 5106
f 5106 5182 4978
f 5182 5183 4978
f 4978 5183 4976
f 5183 5178 4976
f 4976 5178 5174
f 5178 5180 5174
f 5174 5180 5173
f 5180 5181 5173
f 5173 5181 5184
f 5099 5094 5100
f 5094 5185 5100
f 5100 5185 5182
f 5185 5186 5182
f 5182 5186 5183
f 5186 5187 5183
f 5183 5187 5178
f 5187 5188 5178
f 5178 5188 5179
f 5188 5189 5179
f 5179 5189 5181
f 5189 5190 5181
f 5181 5190 5184
f 5191 5192 5190
f 5192 5193 5190
f 5190 5193 5184
f 4969 4968 5194
f 4968 5141 5194
f 5194 5141 5177
f 5141 5140 5177
f 5177 5140 5175
f 5140 5139 5175
f 5175 5139 5118
f 5139 5152 5118
f 5118 5152 5119
f 5152 5150 5119
f 5119 5150 5125
f 5150 5148 5125
f 5125 5148 5126
f 5148 5146 5126
f 5126 5146 5138
f 5146 5145 5138
f 5138 5145 4985
f 3730 3729 5094
f 3729 5089 5094
f 5094 5089 5185
f 5089 5088 5185
f 5185 5088 5186
f 5088 5091 5186
f 5186 5091 5187
f 5091 5195 5187
f 5187 5195 5188
f 5195 5196 5188
f 5188 5196 5189
f 5196 5197 5189
f 5189 5197 5190
f 5197 5198 5190
f 5190 5198 5191
f 5199 5077 5074
f 5077 3056 5074
f 5074 3056 3115
f 5200 5201 5202
f 5201 5203 5202
f 5202 5203 5204
f 5203 5205 5204
f 5204 5205 5199
f 5205 5206 5199
f 5199 5206 5077
f 3113 3002 5074
f 3002 5073 5074
f 5074 5073 5199
f 5073 5207 5199
f 5199 5207 5204
f 5207 5208 5204
f 5204 5208 5202
f 5208 5209 5202
f 5202 5209 5200
f 5209 5210 5200
f 5211 5210 5212
f 5210 5209 5212
f 5212 5209 5213
f 5209 5208 5213
f 5213 5208 5143
f 5208 5207 5143
f 5143 5207 4994
f 5207 5073 4994
f 4994 5073 3112
f 5073 3111 3112
f 5014 5009 5015
f 5009 5011 5015
f 5015 5011 5214
f 5011 5007 5214
f 5172 5171 5215
f 5171 5216 5215
f 5215 5216 5217
f 5216 5218 5217
f 5217 5218 5219
f 5218 5220 5219
f 5219 5220 5019
f 5220 5221 5019
f 5019 5221 5021
f 5221 5222 5021
f 5021 5222 5001
f 5018 5002 5019
f 5002 5004 5019
f 5019 5004 5219
f 5004 5015 5219
f 5219 5015 5217
f 5015 5214 5217
f 5217 5214 5215
f 5214 5223 5215
f 5215 5223 5172
f 4943 5039 4998
f 5039 5224 4998
f 4998 5224 5225
f 5224 5226 5225
f 5225 5226 5227
f 5226 5228 5227
f 5227 5228 5229
f 5228 5230 5229
f 5229 5230 5231
f 4970 4965 5232
f 4965 4964 5232
f 5232 4964 5233
f 5113 5115 5234
f 5115 5231 5234
f 5234 5231 5235
f 5231 5230 5235
f 5235 5230 5236
f 5230 5228 5236
f 5236 5228 5237
f 5228 5226 5237
f 5237 5226 5238
f 5226 5224 5238
f 5238 5224 5239
f 5224 5039 5239
f 5239 5039 5037
f 5039 5038 5037
f 5037 5038 5034
f 5038 4960 5034
f 5034 4960 4959
f 5025 5027 5037
f 5027 5031 5037
f 5037 5031 5239
f 5031 5240 5239
f 5239 5240 5238
f 5240 5241 5238
f 5238 5241 5237
f 5241 5233 5237
f 5237 5233 5236
f 5233 4964 5236
f 5236 4964 5235
f 4964 4966 5235
f 5235 4966 5234
f 5242 4971 5170
f 4971 4970 5170
f 5170 4970 5171
f 4970 5232 5171
f 5171 5232 5216
f 5232 5233 5216
f 5216 5233 5218
f 5233 5241 5218
f 5218 5241 5220
f 5241 5240 5220
f 5220 5240 5221
f 5240 5031 5221
f 5221 5031 5222
f 5031 5033 5222
f 5222 5033 5001
f 5033 5243 5001
f 5001 5243 4999
f 4944 4998 4945
f 4998 5225 4945
f 4945 5225 5040
f 5225 5227 5040
f 5040 5227 4992
f 5227 5229 4992
f 4992 5229 4993
f 5229 5231 4993
f 4993 5231 5108
f 5231 5115 5108
f 5108 5115 5109
f 5115 5116 5109
f 5109 5116 5112
f 5116 5122 5112
f 5112 5122 5111
f 5122 5124 5111
f 5111 5124 5110
f 5006 5106 5007
f 5106 4978 5007
f 5007 4978 5214
f 4978 4977 5214
f 5214 4977 5223
f 4977 4975 5223
f 5223 4975 5172
f 4975 4973 5172
f 5172 4973 5170
f 4973 4972 5170
f 5170 4972 5242
f 4972 5173 5242
f 5242 5173 5244
f 5173 5184 5244
f 5244 5184 5245
f 5184 5193 5245
f 5245 5193 5246
f 5193 5192 5246
f 5246 5192 5247
f 5192 5191 5247
f 5247 5191 5248
f 5191 5198 5248
f 5248 5198 5249
f 5198 5197 5249
f 5249 5197 5250
f 5197 5196 5250
f 5250 5196 5251
f 5196 5195 5251
f 5251 5195 5252
f 5195 5091 5252
f 5252 5091 5086
f 5091 5092 5086
f 5086 5092 3171
f 5119 5253 5117
f 5253 5254 5117
f 5117 5254 5176
f 5254 5255 5176
f 5176 5255 5177
f 5255 5211 5177
f 5177 5211 5194
f 5211 5212 5194
f 5194 5212 4969
f 5212 5213 4969
f 4969 5213 4967
f 5213 5143 4967
f 4967 5143 5142
f 5143 5144 5142
f 5142 5144 5153
f 5144 5161 5153
f 5153 5161 5151
f 5161 5159 5151
f 5151 5159 5149
f 5159 5157 5149
f 5149 5157 5147
f 5157 5155 5147
f 5147 5155 5145
f 5155 5166 5145
f 5145 5166 4985
f 5166 5136 4985
f 4985 5136 4986
f 5136 4990 4986
f 4986 4990 4987
f 4990 5135 4987
f 4987 5135 5133
f 5135 4995 5133
f 5133 4995 4996
f 4995 2914 4996
f 4996 2914 2902
f 5085 3176 5086
f 3176 5081 5086
f 5086 5081 5252
f 5081 5079 5252
f 5252 5079 5251
f 5079 5075 5251
f 5251 5075 5250
f 5075 5076 5250
f 5250 5076 5249
f 5076 5077 5249
f 5249 5077 5248
f 5077 5206 5248
f 5248 5206 5247
f 5206 5205 5247
f 5247 5205 5246
f 5205 5203 5246
f 5246 5203 5245
f 5203 5201 5245
f 5245 5201 5244
f 5201 5200 5244
f 5244 5200 5242
f 5200 5210 5242
f 5242 5210 4971
f 5210 5211 4971
f 4971 5211 4965
f 5211 5255 4965
f 4965 5255 4966
f 5255 5254 4966
f 4966 5254 5234
f 5254 5253 5234
f 5234 5253 5113
f 5253 5119 5113
f 5113 5119 5114
f 5119 5125 5114
f 5114 5125 5120
f 5125 5127 5120
f 5120 5127 5121
f 5127 5129 5121
f 5121 5129 5123
f 5129 5131 5123
f 5123 5131 5124
f 5131 5044 5124
f 5124 5044 5110
f 5044 2919 5110
f 5110 2919 2921
f 5256 5257 5258
f 5259 5260 5261
f 5260 5262 5261
f 5261 5262 5263
f 5258 5257 5264
f 5257 5265 5264
f 5265 5266 5264
f 5264 5266 5259
f 5266 5267 5259
f 5259 5267 5260
f 5256 5258 5268
f 5258 5269 5268
f 5268 5269 5270
f 5269 5271 5270
f 5270 5271 5272
f 5272 5271 5273
f 5271 5274 5273
f 5273 5274 5275
f 5276 5277 5274
f 5277 5278 5274
f 5274 5278 5275
f 3848 5279 3850
f 5279 5280 3850
f 3850 5280 3882
f 5280 3883 3882
f 3883 5280 3884
f 5280 5281 3884
f 3884 5281 3879
f 3879 5281 3880
f 5281 5282 3880
f 3880 5282 3958
f 3939 3938 5283
f 3938 3937 5283
f 5283 3937 5284
f 3937 3935 5284
f 5284 3935 5282
f 3935 3934 5282
f 5282 3934 3958
f 3939 5283 3946
f 5283 5285 3946
f 3946 5285 3960
f 5285 5286 3960
f 3960 5286 3959
f 5279 5276 5280
f 5276 5274 5280
f 5280 5274 5281
f 5274 5271 5281
f 5281 5271 5282
f 5271 5269 5282
f 5282 5269 5284
f 5269 5258 5284
f 5284 5258 5283
f 5258 5264 5283
f 5283 5264 5285
f 5264 5259 5285
f 5285 5259 5286
f 5259 5261 5286
f 5287 5288 5289
f 3985 5261 5289
f 5261 5263 5289
f 5289 5263 5287
f 3985 3987 5261
f 3987 3990 5261
f 5261 3990 5286
f 3990 3959 5286
f 5290 5291 5292
f 5291 5293 5292
f 5292 5293 5294
f 5293 5295 5294
f 5296 3481 3480
f 5297 5296 5298
f 5296 3480 5298
f 5298 3480 5299
f 3480 3486 5299
f 3486 3485 5299
f 5299 3485 5300
f 3485 3490 5300
f 5300 3490 5301
f 3509 5302 3505
f 5302 5303 3505
f 3505 5303 3506
f 5303 5304 3506
f 3506 5304 3507
f 5304 5305 3507
f 3507 5305 3503
f 5305 5306 3503
f 3503 5306 3501
f 5306 5307 3501
f 3501 5307 3496
f 5307 5308 3496
f 3496 5308 3497
f 5308 5309 3497
f 3497 5309 3499
f 5309 5310 3499
f 3499 5310 3500
f 5310 5311 3500
f 3500 5311 3494
f 5311 5312 3494
f 3494 5312 3495
f 5312 5301 3495
f 3495 5301 3492
f 5301 3490 3492
f 3512 5313 3511
f 5313 5302 3511
f 3511 5302 3510
f 5302 3509 3510
f 3475 3484 5296
f 3484 3483 5296
f 5296 3483 3481
f 5297 5314 5296
f 5314 5315 5296
f 5296 5315 3475
f 3464 3628 5316
f 3628 5317 5316
f 5316 5317 5318
f 3628 3469 5317
f 3469 3468 5317
f 5317 3468 5319
f 3468 3466 5319
f 3466 3465 5319
f 5319 3465 5320
f 3465 3431 5320
f 5320 3431 5321
f 3431 3433 5321
f 5321 3433 5322
f 3433 3473 5322
f 3473 3472 5322
f 5322 3472 5323
f 3472 3471 5323
f 5323 3471 5324
f 3471 3479 5324
f 5324 3479 5325
f 3479 3478 5325
f 5325 3478 5315
f 3478 3476 5315
f 5315 3476 3475
f 405 406 4095
f 405 4095 361
f 3464 5316 4371
f 5316 5326 4371
f 4371 5326 4370
f 4370 5326 4372
f 5326 5327 4372
f 4372 5327 4373
f 4373 5327 4374
f 5327 5328 4374
f 4374 5328 4375
f 4375 5328 4376
f 5328 5329 4376
f 4376 5329 4377
f 4377 5329 4378
f 5329 5330 4378
f 4378 5330 4379
f 4379 5330 4380
f 5330 5331 4380
f 4380 5331 4381
f 4381 5331 4382
f 5331 5332 4382
f 4382 5332 4383
f 4383 5332 4384
f 5332 5333 4384
f 4384 5333 4385
f 4385 5333 4386
f 5333 5334 4386
f 4386 5334 4387
f 4387 5334 4388
f 5334 5335 4388
f 4388 5335 4389
f 4389 5335 4390
f 5335 5336 4390
f 4390 5336 4391
f 4391 5336 4392
f 5336 5337 4392
f 4392 5337 4393
f 4393 5337 4394
f 5337 5338 4394
f 4394 5338 4395
f 4395 5338 4406
f 5338 5339 4406
f 4406 5339 4040
f 5340 4037 5339
f 4037 4041 5339
f 5339 4041 4040
f 5341 5342 4427
f 4427 4426 5341
f 4426 4425 5341
f 5341 4425 5340
f 4425 4038 5340
f 5340 4038 4037
f 5343 5344 4431
f 4431 4430 5343
f 4430 4429 5343
f 5343 4429 5342
f 4429 4428 5342
f 5342 4428 4427
f 5345 5346 4435
f 4435 4434 5345
f 4434 4433 5345
f 5345 4433 5344
f 4433 4432 5344
f 5344 4432 4431
f 5347 5348 4439
f 4439 4438 5347
f 4438 4437 5347
f 5347 4437 5346
f 4437 4436 5346
f 5346 4436 4435
f 5349 5350 4443
f 4443 4442 5349
f 4442 4441 5349
f 5349 4441 5348
f 4441 4440 5348
f 5348 4440 4439
f 361 4095 5351
f 4095 4445 5351
f 5351 4445 5350
f 4445 4444 5350
f 5350 4444 4443
f 362 361 5352
f 361 5351 5352
f 5352 5351 5353
f 5351 5350 5353
f 5353 5350 5354
f 5350 5349 5354
f 5354 5349 5355
f 5349 5348 5355
f 5355 5348 5356
f 5348 5347 5356
f 5356 5347 5357
f 5347 5346 5357
f 5357 5346 5358
f 5346 5345 5358
f 5358 5345 5359
f 5345 5344 5359
f 5359 5344 5360
f 5344 5343 5360
f 5360 5343 5361
f 5343 5342 5361
f 5361 5342 5362
f 5342 5341 5362
f 5362 5341 5363
f 5341 5340 5363
f 5363 5340 5364
f 5340 5339 5364
f 5364 5339 5365
f 5339 5338 5365
f 5365 5338 5366
f 5338 5337 5366
f 5366 5337 5367
f 5337 5336 5367
f 5367 5336 5368
f 5336 5335 5368
f 5368 5335 5369
f 5335 5334 5369
f 5369 5334 5370
f 5334 5333 5370
f 5370 5333 5371
f 5333 5332 5371
f 5371 5332 5372
f 5332 5331 5372
f 5372 5331 5373
f 5331 5330 5373
f 5373 5330 5374
f 5330 5329 5374
f 5374 5329 5375
f 5329 5328 5375
f 5375 5328 5376
f 5328 5327 5376
f 5376 5327 5377
f 5327 5326 5377
f 5377 5326 5318
f 5326 5316 5318
f 5378 5379 5380
f 5381 5382 5383
f 2707 2708 5384
f 5379 5385 5380
f 5385 5386 5380
f 5380 5386 5387
f 5386 5388 5387
f 5389 5390 5380
f 5390 5391 5380
f 5380 5391 2398
f 5391 5392 2398
f 2398 5392 2399
f 5393 5394 5395
f 2689 5396 2680
f 5396 3371 2680
f 5397 5398 5399
f 5399 5398 5400
f 5397 5399 5384
f 5399 2705 5384
f 5384 2705 2707
f 5401 5402 5403
f 5401 5403 5404
f 5403 5405 5404
f 5405 5406 5404
f 5404 5406 5407
f 5398 5408 5400
f 5408 5409 5400
f 5400 5409 5401
f 5409 5410 5401
f 5401 5410 5402
f 5411 5412 5413
f 5412 5414 5413
f 5413 5414 5415
f 5414 5416 5415
f 5416 5417 5415
f 5415 5417 5418
f 5417 5419 5418
f 5418 5419 5420
f 5406 5421 5407
f 5421 5422 5407
f 5407 5422 5413
f 5422 5423 5413
f 5413 5423 5411
f 5424 5425 5426
f 5425 5427 5426
f 5389 5380 5428
f 5380 5387 5428
f 5428 5387 5429
f 5388 5430 5387
f 5430 5431 5387
f 5387 5431 5432
f 5433 5434 5395
f 5434 5435 5395
f 5395 5435 5393
f 5436 5437 5438
f 5439 5436 5381
f 5436 5438 5381
f 5381 5438 5433
f 5438 5440 5433
f 5433 5440 5434
f 2689 2690 5441
f 2696 2695 5442
f 2695 2694 5442
f 5442 2694 2693
f 5382 5381 5443
f 5381 5433 5443
f 5443 5433 5441
f 5433 5395 5441
f 5441 5395 2689
f 5395 5394 2689
f 2689 5394 5396
f 5444 5445 5446
f 5447 5448 5449
f 5448 5450 5449
f 5449 5450 5451
f 5445 5444 5452
f 5451 5453 5449
f 5453 5452 5449
f 5449 5452 5383
f 5452 5444 5383
f 5383 5444 5381
f 5444 5446 5381
f 5381 5446 5439
f 2690 2696 5441
f 2696 5442 5441
f 5441 5442 5443
f 5442 5454 5443
f 5443 5454 5382
f 5454 5455 5382
f 5382 5455 5383
f 5455 5456 5383
f 5383 5456 5449
f 5456 5457 5449
f 5449 5457 5447
f 5457 5458 5447
f 5447 5458 5459
f 5460 5461 5459
f 5461 5462 5459
f 5459 5462 5447
f 5462 5463 5447
f 5447 5463 5448
f 5464 5465 5466
f 5464 5467 5468
f 5468 5469 5464
f 5469 5470 5464
f 5464 5470 5465
f 5460 5459 5466
f 5459 5458 5466
f 5466 5458 5464
f 5458 5471 5464
f 5464 5471 5467
f 5471 5472 5467
f 5467 5472 5473
f 2693 2692 5442
f 2692 5474 5442
f 5442 5474 5454
f 5474 5475 5454
f 5454 5475 5455
f 5475 5476 5455
f 5455 5476 5456
f 5476 5477 5456
f 5456 5477 5457
f 5477 5478 5457
f 5457 5478 5458
f 5478 5479 5458
f 5458 5479 5471
f 2714 2713 5399
f 2713 2712 5399
f 2712 2709 5399
f 5399 2709 2705
f 5432 5480 5387
f 5480 5481 5387
f 5387 5481 5482
f 5481 5483 5482
f 5482 5483 5484
f 5484 5485 5482
f 5485 5486 5482
f 5482 5486 5472
f 5486 5487 5472
f 5472 5487 5488
f 5420 5489 5418
f 5489 5490 5418
f 5418 5490 5426
f 5490 5491 5426
f 5426 5491 5424
f 5378 5380 5492
f 5380 2398 5492
f 5492 2398 2406
f 2692 2714 5474
f 2714 5399 5474
f 5474 5399 5475
f 5399 5400 5475
f 5475 5400 5476
f 5400 5401 5476
f 5476 5401 5477
f 5401 5404 5477
f 5477 5404 5478
f 5404 5407 5478
f 5478 5407 5479
f 5407 5413 5479
f 5479 5413 5471
f 5413 5415 5471
f 5471 5415 5472
f 5415 5418 5472
f 5472 5418 5482
f 5418 5426 5482
f 5482 5426 5387
f 5426 5427 5387
f 5387 5427 5429
f 5493 5494 5495
f 5494 5496 5495
f 5497 5498 5499
f 5500 5501 5502
f 5503 5504 5505
f 3540 5506 3541
f 3548 3550 5507
f 3555 3553 5508
f 3569 3568 5509
f 3598 3597 5510
f 3377 3376 5511
f 3372 3371 5512
f 5511 3376 5513
f 3376 3369 5513
f 5513 3369 3368
f 3441 3377 3443
f 3377 5511 3443
f 3443 5511 3444
f 5511 3594 3444
f 5514 5510 5513
f 5510 3597 5513
f 5513 3597 5511
f 3597 3596 5511
f 5511 3596 3594
f 3593 3592 5510
f 3592 3599 5510
f 5510 3599 3598
f 5515 5516 3586
f 3590 5517 3408
f 5517 3409 3408
f 3590 3589 5517
f 3589 3587 5517
f 5517 3587 3586
f 5502 3704 3583
f 3583 3582 5502
f 3582 3580 5502
f 5502 3580 5518
f 3580 3579 5518
f 5518 3579 3584
f 3575 3574 5519
f 3574 3572 5519
f 5519 3572 5502
f 3572 3571 5502
f 5502 3571 3704
f 3568 3412 5509
f 3412 3578 5509
f 5509 3578 5520
f 3578 3577 5520
f 5520 3577 3576
f 5498 3566 3570
f 3558 3557 5497
f 3557 3695 5497
f 3695 3563 5497
f 3563 3562 5497
f 5497 3562 5498
f 3562 3567 5498
f 5498 3567 3566
f 3560 5521 3561
f 5521 3552 3561
f 3555 5508 3556
f 5507 3550 5508
f 3550 3551 5508
f 5508 3551 3556
f 3415 3545 5522
f 3545 3547 5522
f 5522 3547 3548
f 3544 3543 5523
f 3543 3542 5523
f 5523 3542 5524
f 3542 3413 5524
f 5524 3413 3415
f 3416 3418 5525
f 5506 3540 5525
f 3540 3539 5525
f 5525 3539 3416
f 3533 3532 5526
f 3532 5527 5526
f 5528 5529 5530
f 5529 5531 5530
f 5530 5531 5527
f 5532 5533 5528
f 5533 5534 5528
f 5528 5534 5529
f 3706 3705 5495
f 3705 3722 5495
f 5495 3722 3721
f 3715 5535 3716
f 5535 3717 3716
f 3709 5536 5537
f 5536 3714 5537
f 5538 5539 5540
f 5539 5541 5540
f 5503 5542 5504
f 5542 5543 5504
f 5504 5543 5544
f 5543 5545 5544
f 5544 5545 5546
f 5547 5548 5505
f 5548 5549 5505
f 5505 5549 5503
f 5550 5551 5552
f 5551 5553 5552
f 5554 5555 5556
f 5462 5519 5557
f 5519 5502 5557
f 5557 5502 5558
f 5502 5501 5558
f 5462 5559 5519
f 5559 5460 5519
f 5519 5460 5554
f 5460 5560 5554
f 5554 5560 5555
f 5500 5502 5561
f 5502 5518 5561
f 5561 5518 5517
f 5518 3584 5517
f 5517 3584 3409
f 5562 5563 5517
f 3586 5516 5517
f 5516 5564 5517
f 5517 5564 5562
f 5563 5565 5517
f 5565 5566 5517
f 5517 5566 5561
f 5435 5567 5510
f 3368 3372 5513
f 3372 5512 5513
f 5513 5512 5514
f 5512 5568 5514
f 5514 5568 5510
f 5568 5569 5510
f 5510 5569 5435
f 3586 3593 5515
f 3593 5510 5515
f 5515 5510 5570
f 5510 5567 5570
f 5553 5499 5552
f 5499 5498 5552
f 5552 5498 5509
f 5498 3570 5509
f 5509 3570 3569
f 3576 3575 5520
f 3575 5519 5520
f 5520 5519 5509
f 5519 5554 5509
f 5509 5554 5552
f 5554 5556 5552
f 5552 5556 5550
f 5571 5572 5546
f 5572 5573 5546
f 5546 5573 5544
f 5573 5574 5544
f 5544 5574 5504
f 5574 5575 5504
f 5504 5575 5505
f 5571 5576 5572
f 5576 5538 5572
f 5572 5538 5573
f 5538 5540 5573
f 5573 5540 5574
f 5540 5577 5574
f 3558 5497 3560
f 5497 5578 3560
f 3560 5578 5521
f 5578 5579 5521
f 5521 5579 5580
f 3415 5507 5524
f 5507 5508 5524
f 5524 5508 5577
f 5553 5547 5499
f 5547 5505 5499
f 5499 5505 5497
f 5505 5575 5497
f 5497 5575 5578
f 5575 5574 5578
f 5578 5574 5579
f 5574 5577 5579
f 5579 5577 5580
f 5577 5508 5580
f 5580 5508 5521
f 5508 3553 5521
f 5521 3553 3552
f 3714 3712 5537
f 3712 3717 5537
f 5537 3717 5496
f 3717 5535 5496
f 5496 5535 5495
f 5535 3715 5495
f 5495 3715 3706
f 3721 5532 5495
f 5532 5528 5495
f 5495 5528 5493
f 5528 5530 5493
f 5493 5530 5525
f 5530 5527 5525
f 5525 5527 5506
f 5527 3532 5506
f 5506 3532 3541
f 3418 3544 5525
f 3544 5523 5525
f 5525 5523 5493
f 5523 5524 5493
f 5493 5524 5494
f 5524 5577 5494
f 5494 5577 5496
f 5577 5540 5496
f 5496 5540 5537
f 5540 5541 5537
f 5537 5541 3709
f 5581 5582 5583
f 5582 5584 5583
f 5583 5584 5585
f 5584 5586 5585
f 5585 5586 5587
f 5586 5588 5587
f 5587 5588 5589
f 5588 5590 5589
f 5589 5590 5591
f 5592 5593 5594
f 5583 5595 5581
f 5595 5596 5581
f 5581 5596 5597
f 5596 5598 5597
f 5597 5598 5594
f 5598 5599 5594
f 5594 5599 5592
f 5592 5600 5593
f 5600 5601 5593
f 5593 5601 5602
f 5601 5603 5602
f 5602 5603 5604
f 5603 5605 5604
f 5606 5607 5608
f 5607 5609 5608
f 5608 5609 5610
f 5609 5611 5610
f 5611 5612 5610
f 5610 5612 5613
f 5612 5614 5613
f 5613 5614 5615
f 5616 5617 5618
f 5617 5619 5618
f 5618 5619 5620
f 5619 5615 5620
f 5620 5615 5621
f 5615 5614 5621
f 5622 5623 5624
f 5616 5625 5617
f 5625 5622 5617
f 5617 5622 5626
f 5622 5624 5626
f 5623 5627 5624
f 5627 5628 5624
f 5624 5628 5629
f 5628 5630 5629
f 5629 5630 5631
f 5632 5633 5634
f 5633 5635 5634
f 5634 5635 5636
f 5635 5631 5636
f 5636 5631 5637
f 5631 5630 5637
f 5638 5639 5640
f 5632 5641 5633
f 5641 5638 5633
f 5633 5638 5642
f 5638 5640 5642
f 5639 5643 5640
f 5643 5644 5640
f 5640 5644 5645
f 5644 5646 5645
f 5645 5646 5647
f 5646 5648 5647
f 5648 5649 5647
f 5647 5649 5650
f 5649 5651 5650
f 5650 5651 5652
f 5653 5654 5655
f 5651 5656 5652
f 5656 5657 5652
f 5652 5657 5655
f 5657 5658 5655
f 5655 5658 5653
f 5653 5659 5654
f 5659 5660 5654
f 5654 5660 5661
f 5660 5662 5661
f 5661 5662 5663
f 5606 5664 5607
f 5664 5665 5607
f 5607 5665 5666
f 5667 5668 5664
f 5668 5669 5664
f 5664 5669 5665
f 5667 5664 5670
f 5664 5671 5670
f 5670 5671 5672
f 5673 5674 5671
f 5674 5675 5671
f 5671 5675 5672
f 5676 5673 5677
f 5673 5678 5677
f 5676 5679 5673
f 5679 5680 5673
f 5673 5680 5674
f 5681 5682 5678
f 5682 5683 5678
f 5683 5684 5678
f 5684 5685 5678
f 5678 5685 5677
f 5686 5687 5688
f 5688 5687 5689
f 5690 5691 5688
f 5691 5692 5688
f 5688 5692 5686
f 5687 5693 5689
f 5693 5694 5689
f 5689 5694 5695
f 5694 5696 5695
f 5695 5696 5697
f 5682 5681 5698
f 5681 5695 5698
f 5698 5695 5699
f 5695 5697 5699
f 5700 5701 5702
f 5703 5704 5700
f 677 5703 5705
f 5703 5700 5705
f 5705 5700 5706
f 5700 5702 5706
f 5704 5703 5707
f 5703 5708 5707
f 634 5708 5709
f 5708 5703 5709
f 5709 5703 676
f 5703 677 676
f 634 632 5708
f 632 5710 5708
f 5708 5710 5711
f 5710 640 5711
f 5711 640 5712
f 640 639 5712
f 639 637 5712
f 5712 637 5713
f 637 636 5713
f 5713 636 5714
f 636 644 5714
f 5714 644 5715
f 5716 399 400
f 644 642 5715
f 642 641 5715
f 5715 641 5717
f 641 5718 5717
f 5717 5718 5716
f 5716 400 5717
f 400 5719 5717
f 5717 5719 402
f 5720 5721 5701
f 5721 5722 5701
f 5701 5722 5702
f 5722 5721 5723
f 5722 5723 5702
f 5723 5724 5702
f 5702 5724 5725
f 5726 5727 5728
f 5727 5729 5728
f 5728 5729 5730
f 5731 5732 5733
f 5732 5734 5733
f 5733 5734 5735
f 5736 5737 5738
f 5737 5739 5738
f 5736 5738 5740
f 5738 5741 5740
f 5740 5741 5742
f 5741 5743 5742
f 5743 5744 5742
f 5742 5744 5745
f 5744 5746 5745
f 5745 5746 5747
f 5746 5748 5747
f 5747 5748 5749
f 5724 5750 5725
f 5750 5751 5725
f 5725 5751 5752
f 5751 5753 5752
f 5752 5753 5754
f 5754 5753 5755
f 5753 5756 5755
f 5755 5756 5757
f 5756 5758 5757
f 5757 5758 5759
f 5758 5760 5759
f 5759 5760 5761
f 5760 5762 5761
f 5761 5762 5763
f 5764 5765 5766
f 5765 5767 5766
f 5762 5768 5763
f 5768 5769 5763
f 5763 5769 5770
f 5769 5766 5770
f 5770 5766 5771
f 5766 5767 5771
f 5737 5772 5739
f 5772 5765 5739
f 5739 5765 5773
f 5765 5764 5773
f 5734 5774 5735
f 5774 5775 5735
f 5735 5775 5776
f 5775 5777 5776
f 5776 5777 5778
f 5777 5779 5778
f 5778 5779 5749
f 5779 5780 5749
f 5749 5780 5747
f 5607 5666 5781
f 5607 5781 5609
f 5781 5782 5609
f 5782 5783 5609
f 5609 5783 5611
f 5783 5784 5611
f 5611 5784 5612
f 5784 5785 5612
f 5623 5786 5787
f 5786 5623 5788
f 5623 5622 5788
f 5788 5622 5789
f 5622 5625 5789
f 5789 5625 5790
f 5625 5791 5790
f 5790 5791 5792
f 5791 5618 5792
f 5792 5618 5793
f 5618 5620 5793
f 5793 5620 5794
f 5620 5795 5794
f 5794 5795 5785
f 5795 5614 5785
f 5785 5614 5612
f 5649 5648 5796
f 5648 5797 5796
f 5796 5797 5798
f 5797 5644 5798
f 5798 5644 5799
f 5644 5800 5799
f 5801 5802 5658
f 5802 5803 5658
f 5658 5803 5653
f 5803 5804 5653
f 5653 5804 5659
f 5804 5805 5659
f 5659 5805 5660
f 5805 5806 5660
f 5660 5806 5662
f 5806 5807 5662
f 5662 5807 5663
f 5807 5808 5663
f 5663 5808 5809
f 5808 5810 5809
f 5809 5810 5730
f 5810 5811 5730
f 5730 5811 5728
f 5796 5812 5649
f 5812 5813 5649
f 5649 5813 5814
f 5813 5815 5814
f 5814 5815 5816
f 5815 5801 5816
f 5816 5801 5817
f 5801 5658 5817
f 5644 5643 5800
f 5643 5639 5800
f 5800 5639 5818
f 5639 5819 5818
f 5818 5819 5820
f 5819 5821 5820
f 5820 5821 5822
f 5821 5823 5822
f 5822 5823 5824
f 5823 5825 5824
f 5824 5825 5826
f 5825 5827 5826
f 5826 5827 5828
f 5827 5829 5828
f 5828 5829 5830
f 5829 5831 5830
f 5830 5831 5832
f 5831 5628 5832
f 5832 5628 5787
f 5628 5627 5787
f 5787 5627 5623
f 5726 5833 5727
f 5833 5834 5727
f 5727 5834 5835
f 5834 5836 5835
f 5835 5836 5731
f 5836 5837 5731
f 5731 5837 5732
f 5838 5839 5840
f 5841 5842 5843
f 5844 5845 5846
f 5847 5848 5849
f 5850 5851 5852
f 5853 5854 5855
f 5854 5856 5855
f 5857 5858 5856
f 5847 5849 5859
f 5860 5861 5849
f 5861 5862 5849
f 5849 5862 5859
f 5862 5692 5859
f 5839 5863 5840
f 5863 5860 5840
f 5840 5860 5864
f 5860 5849 5864
f 5864 5849 5865
f 5844 5846 5866
f 5867 5868 5869
f 5870 5865 5869
f 5865 5849 5869
f 5869 5849 5867
f 5849 5848 5867
f 5871 5872 5868
f 5872 5873 5868
f 5868 5873 5869
f 5874 5875 5876
f 5877 5878 5879
f 5878 5880 5879
f 5881 5882 5883
f 5882 5884 5883
f 5885 5886 5887
f 5886 5888 5887
f 5887 5888 5881
f 5881 5888 5882
f 5888 5876 5882
f 5882 5876 5884
f 5876 5875 5884
f 5884 5875 5889
f 5880 5874 5879
f 5874 5876 5879
f 5879 5876 5843
f 5876 5888 5843
f 5843 5888 5841
f 5888 5886 5841
f 5890 5891 5892
f 5893 5894 5890
f 5894 5895 5890
f 5890 5895 5891
f 5895 5896 5891
f 5891 5896 5897
f 5889 5898 5884
f 5898 5899 5884
f 5884 5899 5883
f 5899 5893 5883
f 5883 5893 5881
f 5893 5890 5881
f 5881 5890 5887
f 5890 5892 5887
f 5887 5892 5885
f 5892 5900 5885
f 5885 5900 5901
f 5900 5902 5901
f 5901 5902 5903
f 5904 5905 5906
f 5907 5908 5909
f 5908 5910 5909
f 5911 5912 5913
f 5912 5914 5913
f 5851 5915 5852
f 5915 5916 5852
f 5852 5916 5908
f 5916 5917 5908
f 5908 5917 5910
f 5854 5850 5856
f 5850 5852 5856
f 5856 5852 5857
f 5852 5908 5857
f 5857 5908 5918
f 5908 5907 5918
f 5918 5907 5919
f 5907 5920 5919
f 5919 5920 5906
f 5920 5921 5906
f 5906 5921 5904
f 5922 5923 5924
f 5905 5913 5906
f 5913 5914 5906
f 5906 5914 5919
f 5914 5925 5919
f 5919 5925 5918
f 5925 5922 5918
f 5918 5922 5857
f 5922 5924 5857
f 5857 5924 5858
f 5926 5927 5928
f 5923 5922 5929
f 5922 5930 5929
f 5929 5930 5931
f 5914 5932 5925
f 5932 5933 5925
f 5925 5933 5922
f 5933 5934 5922
f 5922 5934 5930
f 5935 5936 5937
f 5936 5938 5937
f 5937 5938 5939
f 5938 5940 5939
f 5939 5940 5941
f 5942 5943 5944
f 5943 5945 5944
f 5944 5945 5946
f 5942 5947 5943
f 5947 5948 5943
f 5943 5948 5949
f 5948 5950 5949
f 5950 5951 5949
f 5951 5952 5949
f 5949 5952 5935
f 5952 5953 5935
f 5935 5953 5936
f 5939 5838 5937
f 5838 5840 5937
f 5937 5840 5935
f 5840 5864 5935
f 5935 5864 5949
f 5864 5865 5949
f 5949 5865 5943
f 5865 5870 5943
f 5943 5870 5945
f 5905 5954 5913
f 5954 5955 5913
f 5913 5955 5911
f 5955 5956 5911
f 5911 5956 5912
f 5956 5957 5912
f 5912 5957 5945
f 5957 5958 5945
f 5945 5958 5946
f 5959 5960 5961
f 5897 5962 5891
f 5962 5959 5891
f 5891 5959 5892
f 5959 5961 5892
f 5892 5961 5900
f 5961 5963 5900
f 5900 5963 5902
f 5903 5964 5901
f 5964 5965 5901
f 5901 5965 5966
f 5928 5927 5967
f 5927 5968 5967
f 5967 5968 5969
f 5970 5842 5971
f 5842 5841 5971
f 5971 5841 5926
f 5841 5886 5926
f 5926 5886 5927
f 5886 5885 5927
f 5927 5885 5968
f 5885 5901 5968
f 5968 5901 5969
f 5901 5966 5969
f 5969 5966 5972
f 5845 5877 5846
f 5877 5879 5846
f 5846 5879 5973
f 5879 5843 5973
f 5973 5843 5974
f 5843 5842 5974
f 5974 5842 5975
f 5842 5970 5975
f 5975 5970 5976
f 5970 5971 5976
f 5976 5971 5977
f 5971 5926 5977
f 5977 5926 5978
f 5926 5928 5978
f 5978 5928 5979
f 5928 5967 5979
f 5979 5967 5980
f 5967 5969 5980
f 5980 5969 5981
f 5969 5972 5981
f 5981 5972 5982
f 5871 5866 5872
f 5866 5846 5872
f 5872 5846 5873
f 5846 5973 5873
f 5873 5973 5869
f 5973 5974 5869
f 5869 5974 5870
f 5974 5975 5870
f 5870 5975 5945
f 5975 5976 5945
f 5945 5976 5912
f 5976 5977 5912
f 5912 5977 5914
f 5977 5978 5914
f 5914 5978 5932
f 5978 5979 5932
f 5932 5979 5933
f 5979 5980 5933
f 5933 5980 5934
f 5980 5981 5934
f 5934 5981 5930
f 5981 5982 5930
f 5930 5982 5931
f 5983 5984 5985
f 5985 5687 5686
f 5986 5987 5988
f 5989 5990 5991
f 5941 5990 5939
f 5990 5989 5939
f 5939 5989 5838
f 5989 5839 5838
f 5992 531 5993
f 531 5994 5993
f 5862 5861 5995
f 5861 5860 5995
f 5995 5860 5863
f 5697 5696 5984
f 5696 5694 5984
f 5984 5694 5985
f 5694 5693 5985
f 5985 5693 5687
f 5699 5996 5698
f 5996 5997 5698
f 5698 5997 5682
f 5863 5839 5995
f 5839 5989 5995
f 5995 5989 5986
f 5989 5991 5986
f 5986 5991 5987
f 5692 5862 5686
f 5862 5995 5686
f 5686 5995 5985
f 5995 5986 5985
f 5985 5986 5983
f 5986 5988 5983
f 5983 5988 5998
f 5999 6000 5996
f 6000 6001 5996
f 5996 6001 5997
f 6002 6003 5983
f 6003 6004 5983
f 5983 6004 5984
f 6004 5996 5984
f 5984 5996 5697
f 5996 5699 5697
f 6003 6005 6004
f 6005 6006 6004
f 6004 6006 5993
f 6006 6007 5993
f 5993 6007 5992
f 5994 6008 5993
f 6008 6009 5993
f 5993 6009 6004
f 6009 6010 6004
f 6004 6010 5996
f 6010 6011 5996
f 5996 6011 5999
f 6012 548 6013
f 6014 6015 6016
f 6017 6018 6019
f 6010 6009 6020
f 6021 6022 6023
f 6024 6023 6025
f 6015 531 530
f 6026 6027 6028
f 5665 6029 6030
f 6029 5668 6030
f 6030 5668 6031
f 5668 5667 6031
f 6031 5667 6028
f 5667 5670 6028
f 6028 5670 6032
f 5666 5665 6033
f 5665 6030 6033
f 6033 6030 6034
f 6030 6035 6034
f 6028 6027 6031
f 6027 6036 6031
f 6031 6036 6030
f 6036 6037 6030
f 6030 6037 6035
f 6038 6039 6040
f 6039 6024 6040
f 6040 6024 6041
f 6024 6025 6041
f 6041 6025 6018
f 6042 6043 6044
f 6043 6045 6044
f 6044 6045 550
f 6046 6047 6048
f 6047 6049 6048
f 6048 6049 6050
f 6050 6022 6048
f 6022 6021 6048
f 6048 6021 6051
f 6052 6039 6053
f 6039 6054 6053
f 6053 6054 6055
f 6023 6024 6021
f 6024 6039 6021
f 6021 6039 6051
f 6039 6052 6051
f 6051 6052 6056
f 6057 6058 6055
f 6058 6059 6055
f 6059 6060 6055
f 6055 6060 6053
f 6060 6061 6053
f 6053 6061 6052
f 6061 6062 6052
f 6052 6062 6056
f 6063 563 6064
f 6056 6065 6051
f 6065 6066 6051
f 6051 6066 6048
f 6066 6067 6048
f 6048 6067 6046
f 6068 6042 6069
f 6042 6044 6069
f 6069 6044 563
f 6044 550 563
f 563 550 6070
f 550 6071 6070
f 6070 6071 555
f 530 529 6015
f 529 6072 6015
f 6015 6072 6016
f 6072 6073 6016
f 6016 6073 6074
f 6073 535 6074
f 6074 535 6075
f 6076 6016 6077
f 6016 6074 6077
f 6077 6074 426
f 6074 6075 426
f 6009 6014 6020
f 6014 6016 6020
f 6020 6016 6078
f 6016 6076 6078
f 6078 6076 6079
f 6076 6080 6079
f 547 6081 6082
f 6081 6083 6082
f 6082 6083 542
f 541 540 6013
f 540 6084 6013
f 6013 6084 6012
f 426 541 6077
f 541 6013 6077
f 6077 6013 6076
f 6013 548 6076
f 6076 548 6080
f 548 547 6080
f 6080 547 6085
f 547 6082 6085
f 5682 5997 5683
f 5997 6086 5683
f 6001 6000 6087
f 6000 5999 6087
f 6087 5999 6011
f 6088 5676 6089
f 5676 5677 6089
f 6089 5677 6090
f 5675 5674 6091
f 5674 6092 6091
f 6091 6092 6088
f 6092 5679 6088
f 6088 5679 5676
f 6032 5675 6028
f 5675 6091 6028
f 6028 6091 6026
f 6091 6088 6026
f 6026 6088 6093
f 6088 6089 6093
f 6093 6089 6094
f 6089 6090 6094
f 6094 6090 6086
f 6090 5684 6086
f 6086 5684 5683
f 6064 561 6063
f 561 560 6063
f 6063 560 6095
f 6018 6017 6041
f 6017 6068 6041
f 6041 6068 6040
f 6068 6069 6040
f 6040 6069 6038
f 6069 563 6038
f 6038 563 6055
f 563 6063 6055
f 6055 6063 6057
f 6063 6095 6057
f 6057 6095 575
f 6096 6097 6037
f 6097 6098 6037
f 6098 6099 6037
f 6037 6099 6035
f 6011 6010 6087
f 6010 6020 6087
f 6087 6020 6019
f 6020 6078 6019
f 6019 6078 6017
f 6078 6079 6017
f 6017 6079 6068
f 6079 6080 6068
f 6068 6080 6042
f 6080 6085 6042
f 6042 6085 6043
f 6085 6082 6043
f 6043 6082 554
f 6082 542 554
f 6049 6096 6050
f 6096 6037 6050
f 6050 6037 6022
f 6037 6036 6022
f 6022 6036 6023
f 6036 6027 6023
f 6023 6027 6025
f 6027 6026 6025
f 6025 6026 6018
f 6026 6093 6018
f 6018 6093 6019
f 6093 6094 6019
f 6019 6094 6087
f 6094 6086 6087
f 6087 6086 6001
f 6086 5997 6001
f 6100 6101 6102
f 6103 6104 6105
f 6106 6107 6108
f 6109 6110 6111
f 6111 6110 6112
f 6113 6114 6115
f 6116 6117 6118
f 6116 6119 6120
f 6121 6122 6123
f 5853 6124 6125
f 6124 6126 6125
f 6125 6126 6127
f 6128 6129 6130
f 6129 6131 6130
f 6130 6131 6132
f 6131 6133 6132
f 6134 6135 6136
f 6135 6137 6136
f 6136 6137 6138
f 6139 6140 6141
f 6140 6142 6141
f 6141 6142 6134
f 6142 6143 6134
f 6134 6143 6135
f 6144 6145 6146
f 6145 6147 6146
f 6146 6147 6148
f 6147 6149 6148
f 6150 6147 6151
f 6147 6145 6151
f 6151 6145 6130
f 6145 6152 6130
f 6130 6152 6153
f 6154 6155 6141
f 6155 6156 6141
f 6141 6156 6139
f 6157 6158 6159
f 6158 6160 6159
f 6157 6161 6162
f 6161 6163 6162
f 6162 6163 6154
f 6163 6164 6154
f 6154 6164 6155
f 6157 6162 6158
f 6162 6154 6158
f 6158 6154 6165
f 6154 6141 6165
f 6165 6141 6166
f 6141 6134 6166
f 6166 6134 6150
f 6134 6136 6150
f 6150 6136 6147
f 6136 6138 6147
f 6147 6138 6149
f 6130 6167 6151
f 6167 6168 6151
f 6151 6168 6150
f 6168 6169 6150
f 6150 6169 6166
f 6169 6170 6166
f 6166 6170 6165
f 6170 6171 6165
f 6165 6171 6158
f 6171 6123 6158
f 6158 6123 6160
f 6123 6122 6160
f 6119 6116 6172
f 6116 6118 6172
f 6172 6118 6173
f 6174 6114 6175
f 6114 6113 6175
f 6175 6113 6173
f 6113 6176 6173
f 6173 6176 6172
f 6176 6177 6172
f 6172 6177 6119
f 6167 6120 6168
f 6120 6119 6168
f 6168 6119 6169
f 6119 6177 6169
f 6169 6177 6170
f 6177 6176 6170
f 6170 6176 6171
f 6176 6113 6171
f 6171 6113 6123
f 6113 6115 6123
f 6123 6115 6121
f 6115 6178 6121
f 6121 6178 6179
f 6180 6181 6182
f 6181 6183 6182
f 6182 6183 6184
f 6183 6185 6184
f 6184 6185 6186
f 6185 6187 6186
f 6186 6187 6188
f 6187 6189 6188
f 6188 6189 6190
f 6191 6192 6193
f 6192 6194 6193
f 6195 6196 6197
f 6196 6198 6197
f 6197 6198 6199
f 6193 6200 6191
f 6200 6201 6191
f 6191 6201 6198
f 6201 6202 6198
f 6198 6202 6199
f 6181 6192 6183
f 6192 6191 6183
f 6183 6191 6185
f 6191 6198 6185
f 6185 6198 6187
f 6198 6196 6187
f 6187 6196 6189
f 6203 6204 6205
f 6206 6207 6203
f 6207 6208 6203
f 6208 6209 6203
f 6203 6209 6204
f 6210 6208 6211
f 6208 6207 6211
f 6211 6207 6212
f 6207 6206 6212
f 6212 6206 6213
f 6110 6190 6112
f 6190 6189 6112
f 6112 6189 6214
f 6189 6196 6214
f 6214 6196 6215
f 6196 6195 6215
f 6216 6109 6217
f 6109 6111 6217
f 6217 6111 6205
f 6111 6112 6205
f 6205 6112 6203
f 6112 6214 6203
f 6203 6214 6206
f 6214 6215 6206
f 6206 6215 6213
f 5972 6218 6219
f 6218 5965 6219
f 6219 5965 6220
f 6221 6222 6223
f 6222 6224 6223
f 6223 6224 6225
f 6226 6225 6227
f 6225 6224 6227
f 6227 6224 6180
f 5965 5964 6220
f 5964 6228 6220
f 6220 6228 6229
f 6228 5902 6229
f 6229 5902 5963
f 5960 6230 5961
f 6230 5963 5961
f 6231 6232 6233
f 6232 6234 6233
f 5963 6230 6229
f 6230 6235 6229
f 6229 6235 6236
f 6237 5924 6238
f 6127 6239 6240
f 6239 6241 6240
f 6242 5853 6243
f 5853 6125 6243
f 6243 6125 6244
f 6125 6127 6244
f 6244 6127 6245
f 6127 6240 6245
f 6104 5972 6105
f 5972 6219 6105
f 6105 6219 6246
f 6219 6220 6246
f 6246 6220 6247
f 6220 6229 6247
f 6247 6229 6233
f 6229 6236 6233
f 6233 6236 6231
f 6248 6249 6250
f 6251 6252 6253
f 6252 6248 6253
f 6253 6248 6254
f 6248 6250 6254
f 6249 6248 6255
f 6248 6256 6255
f 6255 6256 6257
f 6133 6258 6132
f 6258 6259 6132
f 6132 6259 6256
f 6259 6260 6256
f 6256 6260 6257
f 6126 6237 6127
f 6237 6238 6127
f 6127 6238 6239
f 6238 6261 6239
f 6239 6261 6262
f 6261 6263 6262
f 6262 6263 6264
f 6263 6265 6264
f 6264 6265 6266
f 6265 6267 6266
f 6266 6267 6268
f 6267 6269 6268
f 6268 6269 6270
f 6269 6271 6270
f 6270 6271 6272
f 6271 6273 6272
f 6272 6273 6117
f 6117 6116 6272
f 6116 6120 6272
f 6272 6120 6270
f 6120 6167 6270
f 6270 6167 6268
f 6167 6130 6268
f 6268 6130 6266
f 6130 6132 6266
f 6266 6132 6264
f 6132 6256 6264
f 6264 6256 6262
f 6256 6248 6262
f 6262 6248 6239
f 6248 6252 6239
f 6239 6252 6241
f 6107 6103 6108
f 6103 6105 6108
f 6108 6105 6274
f 6105 6246 6274
f 6274 6246 6226
f 6246 6247 6226
f 6226 6247 6225
f 6247 6233 6225
f 6225 6233 6223
f 6233 6234 6223
f 6223 6234 6221
f 6210 6100 6208
f 6100 6102 6208
f 6208 6102 6209
f 6102 6275 6209
f 6209 6275 6204
f 6275 6276 6204
f 6204 6276 6205
f 6276 6277 6205
f 6205 6277 6217
f 6277 6278 6217
f 6217 6278 6216
f 6221 6279 6222
f 6279 6280 6222
f 6222 6280 6281
f 6180 6224 6181
f 6224 6222 6181
f 6181 6222 6192
f 6222 6281 6192
f 6192 6281 6194
f 6216 6174 6109
f 6174 6175 6109
f 6109 6175 6110
f 6175 6173 6110
f 6110 6173 6190
f 6173 6118 6190
f 6190 6118 6188
f 6118 6117 6188
f 6188 6117 6186
f 6117 6273 6186
f 6186 6273 6184
f 6273 6271 6184
f 6184 6271 6182
f 6271 6269 6182
f 6182 6269 6180
f 6269 6267 6180
f 6180 6267 6227
f 6267 6265 6227
f 6227 6265 6226
f 6265 6263 6226
f 6226 6263 6274
f 6263 6261 6274
f 6274 6261 6108
f 6261 6238 6108
f 6108 6238 6106
f 6238 5924 6106
f 6282 6283 6284
f 6285 6286 6287
f 6288 6289 6290
f 629 627 6291
f 6292 6293 6294
f 6295 6296 6297
f 6298 6299 6300
f 677 5705 673
f 5705 626 673
f 6293 6301 6302
f 6301 6303 6302
f 6304 6305 6306
f 6305 6302 6306
f 6306 6302 6307
f 6302 6303 6307
f 6308 6309 6310
f 6309 6311 6310
f 6310 6311 6298
f 6312 6313 6314
f 6313 6315 6314
f 6291 6316 6314
f 6316 6317 6314
f 6314 6317 6312
f 6313 6318 6315
f 6318 6319 6315
f 6315 6319 6320
f 6319 6321 6320
f 6320 6321 6322
f 6292 6294 6299
f 6293 6302 6294
f 6302 6323 6294
f 6294 6323 6324
f 6325 6326 6327
f 6326 6328 6327
f 6327 6328 6329
f 6330 6331 6332
f 6331 6333 6332
f 6332 6333 6323
f 6334 6297 6310
f 6297 6296 6310
f 6310 6296 6308
f 6298 6300 6310
f 6300 6335 6310
f 6310 6335 6334
f 6336 6337 6334
f 6337 6338 6334
f 6338 6339 6334
f 6334 6339 6297
f 6339 6320 6297
f 6297 6320 6295
f 6320 6322 6295
f 629 6291 630
f 6315 6340 6314
f 6340 6341 6314
f 6314 6341 6291
f 6341 624 6291
f 6291 624 630
f 6338 6342 6339
f 6342 6343 6339
f 6339 6343 6320
f 6343 6344 6320
f 6320 6344 6345
f 6345 6346 6320
f 6346 6347 6320
f 6320 6347 6315
f 6347 6348 6315
f 6315 6348 6340
f 6323 6333 6324
f 6333 6349 6324
f 6324 6349 6350
f 6351 6352 6335
f 6352 6353 6335
f 6335 6353 6334
f 6353 6354 6334
f 6334 6354 6336
f 6299 6294 6300
f 6294 6324 6300
f 6300 6324 6335
f 6324 6350 6335
f 6335 6350 6351
f 6355 6356 6357
f 6356 6358 6357
f 6357 6358 6359
f 6359 6360 6361
f 6362 6363 6364
f 6363 6365 6366
f 6285 6287 6367
f 6287 6368 6367
f 6367 6368 6369
f 6370 6369 6366
f 6365 6371 6366
f 6371 6372 6366
f 6366 6372 6370
f 6372 6373 6370
f 6370 6373 565
f 6374 6362 6375
f 6362 6364 6375
f 6375 6364 6376
f 6286 6377 6287
f 6377 6378 6287
f 6287 6378 6368
f 6360 6374 6361
f 6374 6375 6361
f 6361 6375 6379
f 6375 6376 6379
f 6379 6376 6380
f 6376 6381 6380
f 6382 6380 6383
f 6380 6381 6383
f 6383 6381 6384
f 6363 6366 6364
f 6366 6369 6364
f 6364 6369 6376
f 6369 6368 6376
f 6376 6368 6381
f 6368 6378 6381
f 6381 6378 6384
f 6289 6355 6290
f 6355 6357 6290
f 6290 6357 6385
f 6357 6386 6385
f 6385 6386 6387
f 6386 6329 6387
f 6387 6329 6388
f 6329 6328 6388
f 6388 6328 6389
f 6328 6326 6389
f 6387 6390 6385
f 6390 6391 6385
f 6385 6391 6290
f 6391 6284 6290
f 6290 6284 6288
f 6284 6283 6288
f 6392 6393 6394
f 6393 6395 6394
f 6396 6397 6394
f 6397 6398 6394
f 6394 6398 6392
f 6399 6400 6401
f 6400 6393 6401
f 6401 6393 6402
f 6393 6392 6402
f 6402 6392 6403
f 6392 6398 6403
f 6304 6404 6305
f 6404 6405 6305
f 6305 6405 6396
f 6405 6406 6396
f 6396 6406 6397
f 6395 6407 6394
f 6407 6408 6394
f 6394 6408 6409
f 5725 6410 6291
f 6410 5754 6291
f 6291 5754 6316
f 5702 5725 5706
f 5725 6291 5706
f 5706 6291 5705
f 6291 627 5705
f 5705 627 626
f 6383 6411 6382
f 6411 6412 6382
f 6382 6412 6413
f 6359 6361 6357
f 6361 6379 6357
f 6357 6379 6386
f 6379 6380 6386
f 6386 6380 6329
f 6380 6382 6329
f 6329 6382 6327
f 6382 6413 6327
f 6327 6413 6325
f 6409 6282 6394
f 6282 6284 6394
f 6394 6284 6396
f 6284 6391 6396
f 6396 6391 6305
f 6391 6390 6305
f 6305 6390 6302
f 6390 6387 6302
f 6302 6387 6323
f 6387 6388 6323
f 6323 6388 6332
f 6388 6389 6332
f 6332 6389 6330
f 6414 6415 6416
f 6417 6418 6419
f 6420 6421 6422
f 6423 6424 6425
f 6426 6427 6428
f 581 580 6429
f 6407 6430 6431
f 6432 6433 6434
f 5793 5794 6435
f 5790 5792 6436
f 6437 6436 6438
f 6438 6436 6439
f 6440 6441 6431
f 6399 6440 6442
f 6440 6431 6442
f 6442 6431 6393
f 6431 6430 6393
f 6034 6035 6443
f 6035 6099 6443
f 6099 6098 6443
f 6443 6098 6444
f 6098 6097 6444
f 6444 6097 6445
f 6097 6096 6445
f 6445 6096 6446
f 5666 6033 5781
f 6033 6447 5781
f 6033 6034 6447
f 6034 6443 6447
f 6447 6443 6448
f 5794 5785 6435
f 5785 6448 6435
f 6435 6448 6449
f 6448 6443 6449
f 6449 6443 6450
f 6443 6444 6450
f 6450 6444 6451
f 6444 6445 6451
f 5785 5784 6448
f 5784 5783 6448
f 6448 5783 6447
f 5783 5782 6447
f 6447 5782 5781
f 6452 6437 6453
f 6437 6438 6453
f 6453 6438 6454
f 6438 6439 6454
f 6454 6439 6455
f 6415 5832 6416
f 5832 6452 6416
f 6416 6452 6456
f 6452 6453 6456
f 6456 6453 6457
f 6453 6454 6457
f 6457 6454 6458
f 6454 6455 6458
f 6458 6455 6459
f 5832 5787 6452
f 5787 5786 6452
f 6452 5786 6437
f 5786 6460 6437
f 6437 6460 6436
f 6460 5789 6436
f 6436 5789 5790
f 6461 6462 6463
f 6462 6464 6463
f 6463 6464 6465
f 6464 6466 6465
f 6465 6466 6467
f 6466 6434 6467
f 5792 5793 6436
f 5793 6435 6436
f 6436 6435 6439
f 6435 6449 6439
f 6439 6449 6455
f 6449 6450 6455
f 6455 6450 6459
f 6450 6451 6459
f 6468 6469 6470
f 6469 6471 6470
f 6470 6471 6472
f 6471 6473 6472
f 6472 6473 6474
f 6473 6475 6474
f 6476 6477 6478
f 6477 6479 6478
f 6478 6479 6480
f 6479 6481 6480
f 6480 6481 6482
f 6481 6483 6482
f 6482 6483 6484
f 6485 6486 6487
f 6486 6488 6487
f 6487 6488 6489
f 6488 6490 6489
f 6462 6468 6464
f 6468 6470 6464
f 6464 6470 6466
f 6470 6472 6466
f 6466 6472 6434
f 6472 6474 6434
f 6434 6474 6432
f 5813 6491 6492
f 6491 6493 6492
f 6494 6495 6496
f 6495 6431 6496
f 6496 6431 6497
f 6431 6441 6497
f 6494 6498 6495
f 6498 6499 6495
f 6495 6499 6493
f 6499 6500 6493
f 6493 6500 6492
f 6501 6407 6502
f 6407 6431 6502
f 6502 6431 6503
f 6431 6495 6503
f 6503 6495 6504
f 6495 6493 6504
f 6504 6493 6490
f 6493 6491 6490
f 6490 6491 6489
f 6505 6506 6475
f 6506 6507 6475
f 6475 6507 6474
f 6507 6508 6474
f 6474 6508 6432
f 5813 6505 6491
f 6505 6475 6491
f 6491 6475 6489
f 6475 6473 6489
f 6489 6473 6487
f 6473 6471 6487
f 6487 6471 6485
f 6471 6469 6485
f 6509 6510 6483
f 6510 6511 6483
f 6483 6511 6484
f 6511 6282 6484
f 6484 6282 6409
f 6486 6476 6488
f 6476 6478 6488
f 6488 6478 6490
f 6478 6480 6490
f 6490 6480 6504
f 6480 6482 6504
f 6504 6482 6503
f 6482 6484 6503
f 6503 6484 6502
f 6484 6409 6502
f 6502 6409 6501
f 581 6429 582
f 6512 6426 6513
f 6426 6428 6513
f 6513 6428 6514
f 6428 6515 6514
f 6514 6515 6516
f 6517 6518 6427
f 579 578 6519
f 578 6520 6519
f 565 6373 576
f 6373 6372 576
f 576 6372 6520
f 6520 6372 6519
f 6372 6371 6519
f 6519 6371 6365
f 580 579 6429
f 579 6519 6429
f 6429 6519 6521
f 6519 6365 6521
f 6522 6523 6524
f 6523 6525 6524
f 6524 6525 6521
f 6525 6526 6521
f 6521 6526 6429
f 569 583 6527
f 583 582 6527
f 6527 582 6528
f 582 6429 6528
f 6528 6429 6529
f 6429 6526 6529
f 6529 6526 6530
f 6526 6525 6530
f 6530 6525 6531
f 6525 6523 6531
f 6531 6523 6532
f 6532 6523 6533
f 6523 6522 6533
f 6533 6522 6425
f 6522 6534 6425
f 6425 6534 6423
f 6365 6363 6521
f 6363 6362 6521
f 6521 6362 6524
f 6362 6374 6524
f 6524 6374 6522
f 6374 6360 6522
f 6360 6359 6522
f 6522 6359 6534
f 6359 6535 6534
f 6534 6535 6423
f 6057 575 574
f 6059 6058 6420
f 6058 6057 6420
f 6057 574 6420
f 574 573 6420
f 6420 573 6421
f 6419 6062 6536
f 6062 6061 6536
f 6536 6061 6537
f 6061 6538 6537
f 6537 6538 6059
f 573 572 6421
f 572 571 6421
f 6421 571 570
f 6539 6540 6541
f 6540 6542 6541
f 6541 6542 6543
f 6542 6527 6543
f 6540 6422 6542
f 6422 6421 6542
f 6542 6421 6527
f 6421 570 6527
f 6527 570 569
f 6418 6544 6419
f 6544 6545 6419
f 6419 6545 6062
f 6059 6420 6537
f 6420 6422 6537
f 6537 6422 6536
f 6422 6540 6536
f 6536 6540 6419
f 6540 6539 6419
f 6419 6539 6417
f 6417 6546 6418
f 6546 6547 6418
f 6418 6547 6548
f 6549 6046 6548
f 6046 6550 6548
f 6548 6550 6418
f 6550 6066 6418
f 6418 6066 6544
f 6551 6552 6553
f 6516 6554 6555
f 6554 6551 6555
f 6555 6551 6556
f 6551 6553 6556
f 6556 6553 6557
f 6427 6518 6428
f 6518 6558 6428
f 6428 6558 6515
f 6558 6559 6515
f 6515 6559 6560
f 6559 6561 6560
f 6560 6561 6562
f 6516 6515 6554
f 6515 6560 6554
f 6554 6560 6551
f 6560 6562 6551
f 6551 6562 6552
f 6532 6517 6531
f 6517 6427 6531
f 6531 6427 6530
f 6427 6426 6530
f 6530 6426 6529
f 6426 6512 6529
f 6529 6512 6528
f 6512 6513 6528
f 6528 6513 6527
f 6513 6514 6527
f 6527 6514 6543
f 6514 6516 6543
f 6543 6516 6541
f 6516 6555 6541
f 6541 6555 6539
f 6555 6556 6539
f 6539 6556 6417
f 6556 6557 6417
f 6417 6557 6546
f 6433 6563 6434
f 6563 6564 6434
f 6434 6564 6467
f 6564 6565 6467
f 6467 6565 6566
f 6566 6414 6467
f 6414 6416 6467
f 6467 6416 6465
f 6416 6456 6465
f 6465 6456 6463
f 6456 6457 6463
f 6463 6457 6461
f 6457 6458 6461
f 6424 6509 6425
f 6509 6483 6425
f 6425 6483 6533
f 6483 6481 6533
f 6533 6481 6532
f 6481 6479 6532
f 6532 6479 6517
f 6479 6477 6517
f 6517 6477 6518
f 6477 6476 6518
f 6518 6476 6558
f 6476 6486 6558
f 6558 6486 6559
f 6486 6485 6559
f 6559 6485 6561
f 6485 6469 6561
f 6561 6469 6562
f 6469 6468 6562
f 6562 6468 6552
f 6468 6462 6552
f 6552 6462 6553
f 6462 6461 6553
f 6553 6461 6557
f 6461 6458 6557
f 6557 6458 6546
f 6458 6459 6546
f 6546 6459 6547
f 6459 6451 6547
f 6547 6451 6548
f 6451 6445 6548
f 6548 6445 6549
f 6445 6446 6549
f 4146 4077 6567
f 4132 4133 6568
f 4047 4046 6569
f 4124 4122 6570
f 4050 4049 6571
f 6572 4114 6573
f 6567 6574 6575
f 6576 6577 6578
f 6579 6580 6581
f 6582 6583 6584
f 6583 6585 6584
f 6586 6587 6588
f 6587 6589 6588
f 6588 6589 6590
f 6591 6592 6593
f 6592 6594 6593
f 6595 6596 6597
f 6596 6598 6597
f 6576 6578 6598
f 6599 6600 6601
f 6600 6602 6601
f 6602 6603 6604
f 6603 6605 6604
f 6604 6605 6595
f 6606 6607 6608
f 6607 6609 6608
f 6609 6610 6611
f 6610 6612 6611
f 6611 6612 6613
f 6614 6615 6616
f 6615 6617 6616
f 6616 6617 6606
f 6618 6619 6614
f 6575 6620 6621
f 6621 6622 6618
f 6622 6623 6618
f 6618 6623 6619
f 6620 6575 6624
f 6575 6574 6624
f 6624 6574 6625
f 6590 6582 6588
f 6582 6584 6588
f 6588 6584 6626
f 6584 6573 6626
f 6578 6627 6570
f 6602 6604 6601
f 6604 6628 6601
f 6601 6628 6568
f 6614 6616 6618
f 6616 6629 6618
f 6618 6629 6630
f 6580 4448 6581
f 4448 4450 6581
f 6581 4450 6631
f 4450 4452 6631
f 6631 4452 4108
f 4452 4110 4108
f 4108 6572 6631
f 6572 6573 6631
f 6631 6573 6581
f 6573 6584 6581
f 6581 6584 6579
f 6584 6585 6579
f 4114 4112 6573
f 4112 4111 6573
f 6573 4111 6626
f 4111 4117 6626
f 6626 4117 4115
f 4115 4050 6626
f 4050 6571 6626
f 6626 6571 6588
f 6571 6593 6588
f 6588 6593 6586
f 6593 6594 6586
f 4049 4118 6571
f 4118 6627 6571
f 6571 6627 6593
f 6627 6578 6593
f 6593 6578 6591
f 6578 6577 6591
f 4118 4120 6627
f 4120 4119 6627
f 6627 4119 6570
f 4119 4125 6570
f 6570 4125 4124
f 6598 6578 6597
f 6578 6570 6597
f 6597 6570 6569
f 6570 4122 6569
f 6569 4122 4047
f 6595 6597 6604
f 6597 6569 6604
f 6604 6569 6628
f 6569 4046 6628
f 6628 4046 4130
f 4130 4129 6628
f 4129 4127 6628
f 6628 4127 6568
f 4127 4126 6568
f 6568 4126 4132
f 4133 6632 6568
f 6632 6611 6568
f 6568 6611 6601
f 6611 6613 6601
f 6601 6613 6599
f 4133 4044 6632
f 4044 4043 6632
f 6632 4043 4134
f 6609 6611 6608
f 6611 6632 6608
f 6608 6632 6633
f 6632 4134 6633
f 6633 4134 4136
f 4136 4141 6633
f 4141 4140 6633
f 6633 4140 4138
f 6606 6608 6616
f 6608 6633 6616
f 6616 6633 6629
f 6633 4138 6629
f 6629 4138 4137
f 4137 4145 6629
f 4145 4143 6629
f 6629 4143 6630
f 4143 4142 6630
f 6630 4142 4147
f 6621 6618 6575
f 6618 6630 6575
f 6575 6630 6567
f 6630 4147 6567
f 6567 4147 4146
f 6580 6579 6634
f 6635 6636 6637
f 6638 6639 6640
f 6641 6642 6643
f 6644 6645 6646
f 6647 6648 6649
f 6650 6651 6652
f 6653 6654 6655
f 6656 6657 6658
f 6657 6659 6658
f 6659 6660 6658
f 6660 6661 6658
f 6658 6661 6662
f 6661 6663 6662
f 6663 6664 6662
f 6664 6665 6662
f 6662 6665 6666
f 6656 6658 6667
f 6658 6668 6667
f 6667 6668 6669
f 6670 6671 6668
f 6671 6672 6668
f 6672 6673 6668
f 6668 6673 6669
f 6674 6675 6676
f 6675 6674 6677
f 6674 6678 6677
f 6677 6678 6679
f 6655 6654 6678
f 6654 6680 6678
f 6678 6680 6679
f 6653 6655 6681
f 6655 6682 6681
f 6681 6682 6683
f 6684 6685 6682
f 6685 6686 6682
f 6682 6686 6683
f 6687 6688 6689
f 6689 6690 6687
f 6690 6691 6687
f 6687 6691 6684
f 6691 6692 6684
f 6684 6692 6685
f 6693 6694 6695
f 6694 6696 6695
f 6695 6696 6688
f 6696 6697 6688
f 6688 6697 6689
f 6698 6699 6700
f 6699 6693 6700
f 6701 6702 6650
f 6703 6704 6705
f 6704 6706 6705
f 6707 6708 6709
f 6708 6703 6709
f 6710 6711 6712
f 6711 6713 6712
f 6649 6714 6647
f 6714 6715 6647
f 6647 6715 6716
f 6666 6717 6662
f 6717 6718 6662
f 6662 6718 6646
f 6718 6719 6646
f 6646 6719 6644
f 6645 6720 6646
f 6720 6721 6646
f 6646 6721 6722
f 6721 6723 6722
f 6722 6723 6724
f 6724 6725 6722
f 6725 6726 6722
f 6722 6726 6727
f 6726 6728 6727
f 6728 6729 6727
f 6729 6730 6727
f 6727 6730 6731
f 6732 6733 6649
f 6733 6734 6649
f 6734 6735 6649
f 6649 6735 6714
f 6731 6732 6727
f 6732 6649 6727
f 6727 6649 6712
f 6649 6648 6712
f 6712 6648 6710
f 6640 6736 6737
f 6736 6738 6737
f 6737 6738 6739
f 6738 6740 6739
f 6741 6742 6743
f 6742 6744 6743
f 6743 6744 6745
f 6744 6746 6745
f 6747 6748 6741
f 6748 6749 6741
f 6749 6750 6741
f 6741 6750 6742
f 6750 6751 6742
f 6742 6751 6752
f 6752 6638 6742
f 6638 6640 6742
f 6742 6640 6744
f 6640 6737 6744
f 6744 6737 6746
f 6737 6739 6746
f 6576 6598 6753
f 6598 6596 6753
f 6591 6577 6754
f 6577 6576 6754
f 6637 6755 6756
f 6755 6757 6756
f 6756 6757 6758
f 6757 6759 6758
f 6758 6759 6760
f 6759 6761 6760
f 6760 6761 6641
f 6641 6643 6760
f 6643 6762 6760
f 6760 6762 6758
f 6762 6763 6758
f 6758 6763 6756
f 6763 6764 6756
f 6756 6764 6637
f 6596 6635 6753
f 6635 6765 6753
f 6753 6765 6766
f 6765 6767 6766
f 6766 6767 6768
f 6767 6769 6768
f 6768 6769 6770
f 6769 6771 6770
f 6770 6771 6772
f 6771 6773 6772
f 6772 6773 6774
f 6773 6775 6774
f 6774 6775 6776
f 6635 6637 6765
f 6637 6764 6765
f 6765 6764 6767
f 6764 6763 6767
f 6767 6763 6769
f 6763 6762 6769
f 6769 6762 6771
f 6762 6643 6771
f 6771 6643 6773
f 6643 6642 6773
f 6773 6642 6775
f 6589 6587 6777
f 6587 6586 6777
f 6777 6586 6778
f 6586 6594 6778
f 6778 6594 6592
f 6579 6585 6634
f 6585 6583 6634
f 6634 6583 6779
f 6583 6582 6779
f 6779 6582 6777
f 6582 6590 6777
f 6777 6590 6589
f 6780 6634 6781
f 6634 6779 6781
f 6781 6779 6782
f 6779 6777 6782
f 6782 6777 6783
f 6777 6778 6783
f 6784 6634 6785
f 6634 6780 6785
f 6785 6780 6786
f 4448 6580 6787
f 6580 6634 6787
f 6787 6634 6788
f 6634 6784 6788
f 6576 6753 6754
f 6753 6766 6754
f 6754 6766 6789
f 6766 6768 6789
f 6789 6768 6790
f 6768 6770 6790
f 6790 6770 6740
f 6770 6772 6740
f 6740 6772 6739
f 6772 6774 6739
f 6739 6774 6746
f 6774 6776 6746
f 6746 6776 6745
f 6615 6614 6791
f 6614 6619 6791
f 6625 6670 6624
f 6670 6668 6624
f 6624 6668 6620
f 6668 6621 6620
f 6623 6622 6792
f 6622 6621 6792
f 6793 6617 6615
f 6610 6609 6794
f 6609 6607 6794
f 6794 6607 6606
f 6795 6612 6610
f 6602 6600 6796
f 6600 6599 6796
f 6796 6599 6613
f 6596 6595 6635
f 6595 6605 6635
f 6635 6605 6636
f 6605 6603 6636
f 6636 6603 6602
f 6703 6705 6709
f 6705 6797 6709
f 6709 6797 6798
f 6797 6799 6798
f 6798 6799 6800
f 6799 6801 6800
f 6800 6801 6802
f 6801 6803 6802
f 6802 6803 6804
f 6803 6805 6804
f 6804 6805 6806
f 6805 6791 6806
f 6806 6791 6792
f 6791 6619 6792
f 6792 6619 6623
f 6621 6668 6792
f 6668 6658 6792
f 6792 6658 6806
f 6658 6662 6806
f 6806 6662 6804
f 6662 6646 6804
f 6804 6646 6802
f 6646 6722 6802
f 6802 6722 6800
f 6722 6727 6800
f 6800 6727 6798
f 6727 6712 6798
f 6798 6712 6709
f 6712 6713 6709
f 6709 6713 6707
f 6650 6652 6701
f 6652 6807 6701
f 6701 6807 6808
f 6807 6809 6808
f 6808 6809 6810
f 6809 6811 6810
f 6810 6811 6812
f 6811 6813 6812
f 6812 6813 6814
f 6813 6815 6814
f 6814 6815 6816
f 6815 6794 6816
f 6816 6794 6793
f 6794 6606 6793
f 6793 6606 6617
f 6693 6695 6700
f 6695 6817 6700
f 6700 6817 6818
f 6817 6819 6818
f 6818 6819 6820
f 6819 6821 6820
f 6820 6821 6822
f 6821 6823 6822
f 6822 6823 6824
f 6823 6825 6824
f 6824 6825 6826
f 6825 6796 6826
f 6826 6796 6795
f 6796 6613 6795
f 6795 6613 6612
f 6610 6794 6795
f 6794 6815 6795
f 6795 6815 6826
f 6815 6813 6826
f 6826 6813 6824
f 6813 6811 6824
f 6824 6811 6822
f 6811 6809 6822
f 6822 6809 6820
f 6809 6807 6820
f 6820 6807 6818
f 6807 6652 6818
f 6818 6652 6700
f 6652 6651 6700
f 6700 6651 6698
f 6615 6791 6793
f 6791 6805 6793
f 6793 6805 6816
f 6805 6803 6816
f 6816 6803 6814
f 6803 6801 6814
f 6814 6801 6812
f 6801 6799 6812
f 6812 6799 6810
f 6799 6797 6810
f 6810 6797 6808
f 6797 6705 6808
f 6808 6705 6701
f 6705 6706 6701
f 6701 6706 6702
f 6639 6827 6640
f 6827 6828 6640
f 6640 6828 6736
f 6828 6829 6736
f 6736 6829 6830
f 6830 6786 6736
f 6786 6780 6736
f 6736 6780 6738
f 6780 6781 6738
f 6738 6781 6740
f 6781 6782 6740
f 6740 6782 6790
f 6782 6783 6790
f 6790 6783 6789
f 6783 6778 6789
f 6789 6778 6754
f 6778 6592 6754
f 6754 6592 6591
f 6602 6796 6636
f 6796 6825 6636
f 6636 6825 6637
f 6825 6823 6637
f 6637 6823 6755
f 6823 6821 6755
f 6755 6821 6757
f 6821 6819 6757
f 6757 6819 6759
f 6819 6817 6759
f 6759 6817 6761
f 6817 6695 6761
f 6761 6695 6641
f 6695 6688 6641
f 6641 6688 6642
f 6688 6687 6642
f 6642 6687 6775
f 6687 6684 6775
f 6775 6684 6776
f 6684 6682 6776
f 6776 6682 6745
f 6682 6655 6745
f 6745 6655 6743
f 6655 6678 6743
f 6743 6678 6741
f 6678 6674 6741
f 6741 6674 6747
f 6674 6676 6747
f 6747 6676 6831
f 6832 6833 6834
f 6835 6836 6837
f 6716 6838 6647
f 6838 6839 6647
f 6647 6839 6648
f 6839 6710 6648
f 6713 6711 6840
f 6711 6710 6840
f 6841 6707 6713
f 6706 6704 6842
f 6704 6703 6842
f 6842 6703 6708
f 6650 6702 6843
f 6702 6706 6843
f 6698 6651 6844
f 6651 6650 6844
f 6693 6699 6845
f 6699 6698 6845
f 6689 6697 6846
f 6697 6696 6846
f 6846 6696 6847
f 6696 6694 6847
f 6847 6694 6693
f 6689 6846 6690
f 6846 6848 6690
f 6690 6848 6691
f 6691 6848 6692
f 6848 6849 6692
f 6692 6849 6685
f 6685 6849 6686
f 6849 6850 6686
f 6686 6850 6683
f 6683 6850 6681
f 6850 6851 6681
f 6681 6851 6653
f 6851 6852 6653
f 6653 6852 6654
f 6654 6852 6680
f 6852 6853 6680
f 6680 6853 6679
f 6679 6853 6677
f 6853 6834 6677
f 6677 6834 6675
f 6675 6834 6676
f 6834 6833 6676
f 6676 6833 6831
f 6854 6855 6856
f 6855 6857 6856
f 6856 6857 6858
f 6859 6860 6861
f 6859 6861 6855
f 6861 6862 6855
f 6855 6862 6857
f 6838 6863 6839
f 6863 6864 6839
f 6839 6864 6865
f 6866 6867 6868
f 6864 6869 6865
f 6869 6870 6865
f 6865 6870 6868
f 6870 6871 6868
f 6868 6871 6866
f 6872 6873 6874
f 6867 6875 6868
f 6875 6876 6868
f 6868 6876 6877
f 6878 6868 6872
f 6868 6877 6872
f 6872 6877 6873
f 6710 6839 6840
f 6839 6865 6840
f 6840 6865 6879
f 6865 6868 6879
f 6879 6868 6880
f 6868 6878 6880
f 6880 6878 6881
f 6882 6883 6884
f 6883 6885 6884
f 6884 6885 6886
f 6885 6887 6886
f 6886 6887 6888
f 6889 6878 6888
f 6878 6872 6888
f 6888 6872 6886
f 6872 6874 6886
f 6886 6874 6884
f 6890 6891 6892
f 6891 6893 6892
f 6892 6893 6894
f 6893 6895 6894
f 6894 6895 6896
f 6895 6842 6896
f 6896 6842 6841
f 6842 6708 6841
f 6841 6708 6707
f 6835 6837 6897
f 6706 6842 6843
f 6842 6895 6843
f 6843 6895 6898
f 6895 6893 6898
f 6898 6893 6837
f 6893 6891 6837
f 6837 6891 6897
f 6899 6900 6901
f 6900 6902 6901
f 6901 6902 6903
f 6698 6844 6845
f 6844 6903 6845
f 6845 6903 6904
f 6903 6902 6904
f 6904 6902 6905
f 6650 6843 6844
f 6843 6898 6844
f 6844 6898 6903
f 6898 6837 6903
f 6903 6837 6901
f 6837 6836 6901
f 6901 6836 6899
f 6906 6907 6881
f 6889 6908 6878
f 6908 6909 6878
f 6878 6909 6881
f 6909 6910 6881
f 6881 6910 6906
f 6713 6840 6841
f 6840 6879 6841
f 6841 6879 6896
f 6879 6880 6896
f 6896 6880 6894
f 6880 6881 6894
f 6894 6881 6892
f 6881 6907 6892
f 6892 6907 6890
f 6911 6912 6913
f 6912 6914 6913
f 6913 6914 6915
f 6914 6916 6915
f 6915 6916 6917
f 6918 6919 6920
f 6919 6921 6920
f 6917 6922 6915
f 6922 6923 6915
f 6915 6923 6921
f 6923 6924 6921
f 6921 6924 6920
f 6925 6926 6927
f 6926 6928 6927
f 6927 6928 6929
f 6928 6930 6929
f 6930 6931 6929
f 6929 6931 6932
f 6931 6933 6932
f 6933 6934 6932
f 6932 6934 6859
f 6934 6935 6859
f 6859 6935 6860
f 6918 6936 6919
f 6936 6937 6919
f 6919 6937 6927
f 6937 6938 6927
f 6927 6938 6925
f 6854 6832 6855
f 6832 6834 6855
f 6855 6834 6859
f 6834 6853 6859
f 6859 6853 6932
f 6853 6852 6932
f 6932 6852 6929
f 6852 6851 6929
f 6929 6851 6927
f 6851 6850 6927
f 6927 6850 6919
f 6850 6849 6919
f 6919 6849 6921
f 6849 6848 6921
f 6921 6848 6915
f 6848 6846 6915
f 6915 6846 6913
f 6846 6847 6913
f 6905 6939 6904
f 6939 6940 6904
f 6904 6940 6941
f 6693 6845 6847
f 6845 6904 6847
f 6847 6904 6913
f 6904 6941 6913
f 6913 6941 6911
f 6942 6943 6944
f 6945 6946 6947
f 6945 6947 6948
f 6947 6949 6948
f 6948 6949 6950
f 6949 6951 6950
f 6950 6951 6952
f 6951 6953 6952
f 6952 6953 6954
f 6953 6955 6954
f 6954 6955 6956
f 6955 6957 6956
f 6956 6957 6958
f 6957 6959 6958
f 6958 6959 6960
f 6959 6961 6960
f 6960 6961 6962
f 6961 6963 6962
f 6963 6964 6962
f 6962 6964 6965
f 6964 6966 6965
f 6965 6966 6967
f 6966 6968 6967
f 6967 6968 6969
f 6968 6970 6969
f 6969 6970 6971
f 6970 6972 6971
f 6973 6974 6975
f 6974 6976 6975
f 6976 6974 6977
f 6974 6978 6977
f 6977 6978 6972
f 6978 6979 6972
f 6972 6979 6971
f 6973 6975 6980
f 6975 6981 6980
f 6980 6981 6982
f 6981 6983 6982
f 6982 6983 6943
f 6983 6984 6943
f 6943 6984 6944
f 6942 6944 6985
f 6944 6986 6985
f 6985 6986 6987
f 6986 6988 6987
f 6988 6989 6987
f 6987 6989 6990
f 6989 6991 6990
f 6990 6991 6992
f 6991 6993 6992
f 6992 6993 6994
f 6993 6995 6994
f 6995 6996 6994
f 6994 6996 6997
f 6997 6996 6998
f 6996 6999 6998
f 6998 6999 7000
f 6999 7001 7000
f 7000 7001 7002
f 7001 7003 7002
f 7002 7003 7004
f 7003 7005 7004
f 7004 7005 7006
f 7005 7007 7006
f 7006 7007 7008
f 7007 7009 7008
f 7008 7009 7010
f 7009 7011 7010
f 7011 7012 7010
f 7010 7012 7013
f 7012 7014 7013
f 7015 7016 7017
f 7012 7018 7014
f 7018 7015 7014
f 7014 7015 7019
f 7015 7017 7019
f 7016 7020 7017
f 7020 7021 7017
f 7017 7021 7022
f 7021 7023 7022
f 7022 7023 7024
f 7024 7023 7025
f 7023 7026 7025
f 7025 7026 7027
f 7028 7029 7030
f 7029 7031 7030
f 7030 7031 7032
f 7031 7033 7032
f 7032 7033 7034
f 7033 7035 7034
f 7034 7035 7036
f 7035 7037 7036
f 7036 7037 7038
f 7037 7027 7038
f 7038 7027 7039
f 7027 7026 7039
f 7040 7041 7042
f 7042 7043 7040
f 7043 7044 7040
f 7040 7044 7028
f 7044 7045 7028
f 7028 7045 7029
f 7041 7046 7042
f 7046 7047 7042
f 7042 7047 7048
f 7047 7049 7048
f 7050 7051 7052
f 7051 7053 7052
f 7052 7053 7054
f 7053 7055 7054
f 7054 7055 7056
f 7055 7057 7056
f 7056 7057 7058
f 7057 7059 7058
f 7058 7059 7060
f 7059 7061 7060
f 7060 7061 7049
f 7061 7062 7049
f 7049 7062 7048
f 7063 7064 7065
f 7064 7066 7065
f 7065 7066 7067
f 7052 7068 7050
f 7068 7069 7050
f 7050 7069 7070
f 7069 7064 7070
f 7070 7064 7071
f 7064 7063 7071
f 7072 7073 7074
f 7074 7073 7067
f 7073 7075 7067
f 7067 7075 7065
f 7076 7077 7078
f 7074 7079 7072
f 7079 7080 7072
f 7072 7080 7081
f 7080 7082 7081
f 7081 7082 7083
f 7082 7084 7083
f 7083 7084 7085
f 7084 7076 7085
f 7085 7076 7086
f 7076 7078 7086
f 7077 7087 7078
f 7087 7088 7078
f 7078 7088 7089
f 7089 7088 7090
f 7088 7091 7090
f 7090 7091 7092
f 7091 7093 7092
f 7092 7093 7094
f 7095 7096 7097
f 7096 7098 7097
f 7097 7098 7099
f 7098 7100 7099
f 7099 7100 7094
f 7100 7101 7094
f 7094 7101 7092
f 7097 7102 7095
f 7102 7103 7095
f 7095 7103 7104
f 7103 7105 7104
f 7104 7105 7106
f 7107 7108 7109
f 7108 7110 7109
f 7109 7110 7111
f 7110 7112 7111
f 7111 7112 7113
f 7112 7114 7113
f 7113 7114 7106
f 7114 7115 7106
f 7106 7115 7104
f 6567 7116 6574
f 7116 6625 6574
f 4077 7117 6567
f 7117 7118 6567
f 6567 7118 7116
f 7119 7120 7121
f 7120 7122 7121
f 7123 7121 7124
f 7121 7122 7124
f 7124 7122 7125
f 7122 7126 7125
f 7125 7126 7127
f 7126 7128 7127
f 7128 7129 7127
f 7129 7130 7127
f 7127 7130 7131
f 7130 7132 7131
f 7131 7132 7133
f 7132 7134 7133
f 7133 7134 7135
f 7134 7136 7135
f 7135 7136 7137
f 7136 7138 7137
f 7137 7138 7139
f 7138 7140 7139
f 7139 7140 7141
f 7140 7117 7141
f 7141 7117 7142
f 7117 4077 7142
f 7143 7144 7145
f 512 513 7146
f 7147 7148 7146
f 4076 4078 7149
f 4083 4082 7143
f 4082 4087 7143
f 7143 4087 7144
f 4087 4086 7144
f 7144 4086 4084
f 4077 4076 7142
f 4076 7149 7142
f 7142 7149 7141
f 7150 7151 7152
f 7153 7154 7150
f 7154 7155 7150
f 7150 7155 7151
f 515 516 7156
f 7147 7146 7156
f 7146 513 7156
f 7156 513 515
f 509 510 7157
f 510 512 7157
f 7158 507 509
f 7159 504 506
f 499 501 7145
f 501 503 7145
f 499 7145 498
f 7145 7144 498
f 498 7144 496
f 7144 4084 496
f 496 4084 494
f 4080 4083 7160
f 4083 7143 7160
f 7160 7143 7161
f 7143 7145 7161
f 7161 7145 7159
f 7145 503 7159
f 7159 503 504
f 4078 4080 7149
f 4080 7160 7149
f 7149 7160 7162
f 7160 7161 7162
f 7162 7161 7163
f 7161 7159 7163
f 7163 7159 7158
f 7159 506 7158
f 7158 506 507
f 7164 7150 7165
f 7150 7152 7165
f 7165 7152 7166
f 7148 7167 7146
f 7167 7168 7146
f 7146 7168 7169
f 7168 7170 7169
f 7169 7170 7171
f 7170 7172 7171
f 7171 7172 7173
f 7166 7123 7165
f 7123 7124 7165
f 7165 7124 7164
f 7124 7125 7164
f 7164 7125 7127
f 7167 7153 7168
f 7153 7150 7168
f 7168 7150 7170
f 7150 7164 7170
f 7170 7164 7172
f 7164 7127 7172
f 7127 7131 7172
f 7131 7133 7172
f 7172 7133 7173
f 7133 7135 7173
f 7173 7135 7137
f 512 7146 7157
f 7146 7169 7157
f 7157 7169 7174
f 7169 7171 7174
f 7174 7171 7175
f 7171 7173 7175
f 7175 7173 7176
f 7173 7137 7176
f 7176 7137 7139
f 509 7157 7158
f 7157 7174 7158
f 7158 7174 7163
f 7174 7175 7163
f 7163 7175 7162
f 7175 7176 7162
f 7162 7176 7149
f 7176 7139 7149
f 7149 7139 7141
f 7177 7152 7178
f 7179 7119 7121
f 7180 7181 7182
f 5990 7183 5991
f 7183 7184 5991
f 5990 5941 7185
f 6007 6006 7186
f 6006 6005 7186
f 6005 6003 7186
f 7186 6003 7187
f 6003 7188 7187
f 7187 7188 7183
f 7188 5988 7183
f 7183 5988 7184
f 531 5992 532
f 5992 7189 532
f 532 7189 533
f 7189 7190 533
f 5990 7185 7183
f 7185 7191 7183
f 7183 7191 7182
f 7191 7192 7182
f 7182 7192 7180
f 7193 7194 7195
f 7194 7196 7195
f 7195 7196 7197
f 525 7190 7186
f 7190 7189 7186
f 7186 7189 6007
f 7189 5992 6007
f 7193 7198 7194
f 7198 7199 7194
f 7194 7199 526
f 7182 7197 7183
f 7197 7196 7183
f 7183 7196 7187
f 7196 7194 7187
f 7187 7194 7186
f 7194 526 7186
f 7186 526 525
f 7152 7151 7178
f 7151 7155 7178
f 7178 7155 7200
f 7167 7201 7153
f 7201 7200 7153
f 7153 7200 7154
f 7200 7155 7154
f 516 518 7156
f 518 7202 7156
f 7156 7202 7147
f 7202 7201 7147
f 7147 7201 7203
f 7201 7167 7203
f 7204 7205 7206
f 7205 7207 7206
f 7206 7207 7208
f 7177 7178 7123
f 7178 7206 7123
f 7123 7206 7121
f 7206 7208 7121
f 7121 7208 7179
f 523 522 7198
f 522 520 7198
f 7198 520 7199
f 518 523 7202
f 523 7198 7202
f 7202 7198 7201
f 7198 7193 7201
f 7201 7193 7200
f 7193 7195 7200
f 7200 7195 7178
f 7195 7197 7178
f 7178 7197 7206
f 7197 7182 7206
f 7206 7182 7204
f 7182 7181 7204
f 7209 7210 7211
f 7212 7213 7214
f 7215 7216 7217
f 7218 7219 7220
f 7221 7222 7223
f 7224 7225 7226
f 7227 7228 7229
f 7230 7231 7232
f 7233 7234 7222
f 7235 7236 7223
f 7237 7238 7239
f 7240 7241 7242
f 7243 7244 7245
f 7246 7247 7248
f 7249 7250 7251
f 7252 7253 7254
f 7255 7256 7257
f 7258 7259 7260
f 7261 7262 7263
f 7264 7265 7266
f 7267 7268 7269
f 7270 7271 7272
f 7273 7274 7275
f 6734 6733 7276
f 6730 6729 7277
f 6667 7278 7279
f 7118 7280 7116
f 7126 7122 7281
f 7282 7180 7192
f 7192 7283 7282
f 7283 7284 7282
f 7282 7284 5941
f 7208 7207 7285
f 7207 7205 7285
f 7285 7205 7286
f 7205 7204 7286
f 7286 7204 7287
f 7204 7181 7287
f 7288 7289 7179
f 7138 7136 7290
f 7136 7134 7290
f 7290 7134 7291
f 7128 7292 7129
f 7292 7293 7129
f 7129 7293 7130
f 7293 7291 7130
f 7130 7291 7132
f 7291 7134 7132
f 7294 7295 7140
f 7280 7118 7295
f 7118 7117 7295
f 7295 7117 7140
f 7296 6670 6625
f 6669 6673 7297
f 6673 6672 7297
f 7297 6672 7296
f 6672 6671 7296
f 7296 6671 6670
f 6667 7279 6656
f 6659 6657 7298
f 6659 7298 6660
f 7298 7299 6660
f 6660 7299 6661
f 6663 7300 6664
f 7300 7301 6664
f 6664 7301 6665
f 6666 7302 6717
f 7302 7303 6717
f 6717 7303 6718
f 6719 7304 6644
f 7304 7305 6644
f 6644 7305 6645
f 7305 6720 6645
f 6721 7306 6723
f 7306 7307 6723
f 6723 7307 6724
f 6725 7308 6726
f 7308 7309 6726
f 6726 7309 6728
f 7309 7310 6728
f 7311 6732 7312
f 6732 6731 7312
f 6734 7276 6735
f 6714 7313 6715
f 7313 7275 6715
f 6715 7275 6716
f 7274 7314 7275
f 7314 7315 7275
f 7275 7315 6716
f 7316 7273 7317
f 7318 7319 7320
f 7319 7321 7320
f 7322 7323 7324
f 7323 7318 7324
f 7324 7318 7325
f 7272 7326 7327
f 7326 7328 7327
f 7327 7328 7324
f 7328 7329 7324
f 7324 7329 7322
f 7271 7330 7272
f 7330 7331 7272
f 7272 7331 7326
f 7332 7333 7334
f 7333 7335 7334
f 7336 7337 7338
f 7337 7269 7338
f 7268 7339 7269
f 7339 7340 7269
f 7269 7340 7338
f 7341 7342 7343
f 7342 7344 7343
f 7343 7344 7345
f 7265 7346 7266
f 7346 7347 7266
f 7266 7347 7341
f 7347 7348 7341
f 7341 7348 7342
f 7349 7350 7351
f 7350 7352 7351
f 7351 7352 7353
f 7258 7260 7354
f 7355 7356 7357
f 7356 7358 7357
f 7357 7358 7359
f 7358 7360 7359
f 7359 7360 7361
f 7362 7363 7358
f 7363 7364 7358
f 7364 7365 7358
f 7358 7365 7360
f 7255 7257 7366
f 7367 7368 7369
f 7368 7370 7369
f 7370 7371 7369
f 7369 7371 7372
f 7373 7374 7375
f 7374 7376 7375
f 7375 7376 7377
f 7378 7379 7374
f 7379 7380 7374
f 7374 7380 7376
f 7380 7381 7376
f 7376 7381 7382
f 7383 7373 7384
f 7373 7383 7374
f 7383 7385 7374
f 7374 7385 7378
f 7252 7386 7384
f 7386 7387 7384
f 7387 7388 7384
f 7384 7388 7383
f 7254 7253 7389
f 7250 7390 7251
f 7390 7391 7251
f 7251 7391 7253
f 7391 7392 7253
f 7253 7392 7389
f 7248 7247 7393
f 7393 7247 7251
f 7247 7394 7251
f 7251 7394 7249
f 7246 7248 7395
f 7248 7242 7395
f 7395 7242 7245
f 7242 7241 7245
f 7241 7396 7245
f 7245 7396 7243
f 7393 7397 7398
f 7398 7399 7393
f 7399 7400 7393
f 7393 7400 7248
f 7400 7401 7248
f 7248 7401 7242
f 7401 7402 7242
f 7242 7402 7240
f 7403 7404 7405
f 7404 7406 7405
f 7407 7408 7404
f 7408 7409 7404
f 7409 7410 7404
f 7404 7410 7406
f 7411 7412 7413
f 7414 7415 7416
f 7415 7417 7416
f 7416 7417 7418
f 7419 7237 7420
f 7237 7421 7420
f 7420 7421 7422
f 7422 7423 7420
f 7423 7424 7420
f 7420 7424 7419
f 7222 7234 7223
f 7234 7425 7223
f 7223 7425 7235
f 7232 7231 7221
f 7231 7426 7221
f 7221 7426 7222
f 7426 7427 7222
f 7222 7427 7233
f 7229 7428 7429
f 7428 7430 7429
f 7429 7430 7431
f 7432 7433 7434
f 7433 7435 7434
f 7434 7435 7229
f 7435 7436 7229
f 7229 7436 7227
f 7437 7438 7439
f 7438 7440 7439
f 7441 7442 7443
f 7442 7444 7443
f 7443 7444 7438
f 7444 7445 7438
f 7438 7445 7440
f 7446 7441 7447
f 7441 7448 7447
f 7446 7449 7441
f 7449 7450 7441
f 7441 7450 7442
f 7451 7452 7453
f 7452 7454 7453
f 7453 7454 7448
f 7454 7455 7448
f 7448 7455 7447
f 7451 7453 7456
f 7453 7457 7456
f 7456 7457 7458
f 7458 7457 7459
f 7457 7460 7459
f 7459 7460 7461
f 7224 7462 7225
f 7462 7463 7225
f 7225 7463 7464
f 7463 7465 7464
f 7464 7465 7466
f 7467 7468 7469
f 7468 7470 7469
f 7469 7470 7224
f 7471 7472 7473
f 5941 7474 7282
f 7474 5938 7282
f 7282 5938 7475
f 5938 7476 7475
f 7475 7476 7477
f 7478 7479 7480
f 7479 7377 7480
f 7480 7377 7481
f 7377 7376 7481
f 7482 7483 7484
f 7483 7485 7484
f 7484 7485 7486
f 7485 7487 7486
f 7486 7487 7488
f 7487 7489 7488
f 7488 7489 7490
f 7489 7491 7490
f 7490 7491 7492
f 7491 7493 7492
f 7492 7493 7494
f 7495 7494 7496
f 7494 7497 7496
f 7498 7499 7500
f 7499 7501 7500
f 7500 7501 7502
f 7413 7407 7411
f 7407 7404 7411
f 7411 7404 7503
f 7252 7384 7253
f 7384 7503 7253
f 7253 7503 7251
f 7503 7404 7251
f 7251 7404 7393
f 7404 7403 7393
f 7393 7403 7397
f 7504 7414 7496
f 7414 7505 7496
f 7496 7505 7495
f 7431 7230 7429
f 7230 7232 7429
f 7429 7232 7506
f 7232 7221 7506
f 7219 7218 7507
f 7218 7508 7507
f 7507 7508 7509
f 7237 7239 7421
f 7239 7510 7421
f 7421 7510 7511
f 7510 7512 7511
f 7511 7512 7513
f 7512 7514 7513
f 7513 7514 7515
f 7514 7516 7515
f 7515 7516 7517
f 7516 7518 7517
f 7517 7518 7519
f 7518 7520 7519
f 7519 7520 7509
f 7520 7521 7509
f 7509 7521 7507
f 7521 7522 7507
f 7507 7522 7219
f 7522 7523 7219
f 7219 7523 7220
f 7523 7524 7220
f 7220 7524 7525
f 7524 7526 7525
f 7525 7526 7527
f 7506 7502 7429
f 7502 7501 7429
f 7429 7501 7229
f 7501 7499 7229
f 7229 7499 7434
f 7499 7437 7434
f 7434 7437 7432
f 7437 7439 7432
f 7528 7529 7530
f 7529 7531 7530
f 7532 7533 7534
f 7533 7535 7534
f 7534 7535 7536
f 7535 7537 7536
f 7536 7537 7538
f 7537 7528 7538
f 7538 7528 7539
f 7528 7530 7539
f 7539 7530 7540
f 7541 7542 7543
f 7542 7540 7543
f 7540 7530 7543
f 7530 7531 7543
f 7543 7531 7541
f 7531 7544 7541
f 7541 7544 7545
f 7498 7532 7499
f 7532 7534 7499
f 7499 7534 7437
f 7534 7536 7437
f 7437 7536 7438
f 7536 7538 7438
f 7438 7538 7443
f 7538 7539 7443
f 7443 7539 7441
f 7539 7540 7441
f 7441 7540 7448
f 7540 7542 7448
f 7448 7542 7453
f 7542 7541 7453
f 7453 7541 7457
f 7546 7547 7548
f 7547 7549 7548
f 7550 7549 7551
f 7549 7547 7551
f 7551 7547 7552
f 7547 7546 7552
f 7552 7546 7553
f 7546 7554 7553
f 7553 7554 7555
f 7554 7556 7555
f 7550 7557 7549
f 7557 7558 7549
f 7549 7558 7548
f 7558 7559 7548
f 7548 7559 7546
f 7559 7560 7546
f 7546 7560 7554
f 7560 7561 7554
f 7554 7561 7556
f 7561 7562 7556
f 7563 7564 7565
f 7564 7566 7565
f 7565 7566 7567
f 7568 7569 7560
f 7569 7570 7560
f 7560 7570 7561
f 7570 7571 7561
f 7561 7571 7562
f 7571 7460 7562
f 7460 7457 7562
f 7562 7457 7556
f 7457 7541 7556
f 7556 7541 7555
f 7541 7545 7555
f 7555 7545 7553
f 7545 7572 7553
f 7553 7572 7552
f 7572 7573 7552
f 7552 7573 7551
f 7573 7574 7551
f 7551 7574 7550
f 7574 7575 7550
f 7550 7575 7557
f 7575 7576 7557
f 7557 7576 7577
f 7576 7578 7577
f 7577 7578 7579
f 7578 7580 7579
f 7579 7580 7581
f 7580 7582 7581
f 7581 7582 7583
f 7582 7584 7583
f 7583 7584 7585
f 7584 7299 7585
f 7585 7299 7279
f 7299 7298 7279
f 7279 7298 6656
f 7298 6657 6656
f 7586 7217 7587
f 7217 7216 7587
f 7587 7216 7588
f 7281 7586 7589
f 7586 7587 7589
f 7589 7587 7590
f 7587 7588 7590
f 7590 7588 7591
f 6625 7116 7296
f 7116 7280 7296
f 7296 7280 7297
f 7280 7295 7297
f 7297 7295 7592
f 7295 7294 7592
f 7592 7294 7593
f 7294 7594 7593
f 7593 7594 7595
f 7594 7596 7595
f 7595 7596 7591
f 7140 7138 7294
f 7138 7290 7294
f 7294 7290 7594
f 7290 7291 7594
f 7594 7291 7596
f 7291 7293 7596
f 7466 7461 7464
f 7461 7460 7464
f 7464 7460 7225
f 7460 7571 7225
f 7225 7571 7469
f 7571 7570 7469
f 7469 7570 7467
f 7570 7569 7467
f 7467 7569 7597
f 7569 7568 7597
f 7597 7568 7598
f 7568 7599 7598
f 7598 7599 7600
f 7599 7601 7600
f 7600 7601 7602
f 7603 7285 7604
f 7285 7286 7604
f 7604 7286 7605
f 7286 7287 7605
f 7605 7287 7606
f 7472 7471 7477
f 7471 7606 7477
f 7477 7606 7475
f 7606 7287 7475
f 7475 7287 7282
f 7287 7181 7282
f 7282 7181 7180
f 7602 7603 7600
f 7603 7604 7600
f 7600 7604 7598
f 7604 7605 7598
f 7598 7605 7597
f 7605 7606 7597
f 7597 7606 7467
f 7606 7471 7467
f 7467 7471 7468
f 7471 7473 7468
f 7591 7596 7590
f 7596 7293 7590
f 7590 7293 7589
f 7293 7292 7589
f 7589 7292 7281
f 7292 7128 7281
f 7281 7128 7126
f 7567 7607 7565
f 7607 7215 7565
f 7565 7215 7563
f 7215 7217 7563
f 7563 7217 7608
f 7217 7586 7608
f 7608 7586 7609
f 7586 7281 7609
f 7609 7281 7610
f 7281 7122 7610
f 7610 7122 7288
f 7122 7611 7288
f 7288 7611 7289
f 7179 7208 7288
f 7208 7285 7288
f 7288 7285 7610
f 7285 7603 7610
f 7610 7603 7609
f 7603 7602 7609
f 7609 7602 7608
f 7602 7601 7608
f 7608 7601 7563
f 7601 7599 7563
f 7563 7599 7564
f 7599 7568 7564
f 7564 7568 7566
f 7568 7560 7566
f 7566 7560 7567
f 7560 7559 7567
f 7567 7559 7607
f 7559 7558 7607
f 7607 7558 7215
f 7558 7557 7215
f 7215 7557 7216
f 7557 7577 7216
f 7216 7577 7588
f 7577 7579 7588
f 7588 7579 7591
f 7579 7581 7591
f 7591 7581 7595
f 7581 7583 7595
f 7595 7583 7593
f 7583 7585 7593
f 7593 7585 7592
f 7585 7279 7592
f 7592 7279 7297
f 7279 7278 7297
f 7297 7278 6669
f 7278 6667 6669
f 7273 7275 7317
f 7275 7313 7317
f 7317 7313 7276
f 7313 6714 7276
f 7276 6714 6735
f 7321 7316 7320
f 7316 7317 7320
f 7320 7317 7612
f 7317 7276 7612
f 7612 7276 7311
f 7276 6733 7311
f 7311 6733 6732
f 7318 7320 7325
f 7320 7612 7325
f 7325 7612 7613
f 7612 7311 7613
f 7613 7311 7614
f 7311 7312 7614
f 7614 7312 7277
f 7312 6731 7277
f 7277 6731 6730
f 6729 6728 7277
f 6728 7310 7277
f 7277 7310 7614
f 7310 7615 7614
f 7614 7615 7613
f 7615 7616 7613
f 7613 7616 7325
f 7616 7617 7325
f 7325 7617 7324
f 7617 7618 7324
f 7324 7618 7327
f 7618 7619 7327
f 7327 7619 7272
f 7619 7620 7272
f 7272 7620 7270
f 6725 6724 7308
f 6724 7307 7308
f 7308 7307 7309
f 7307 7621 7309
f 7309 7621 7310
f 7621 7622 7310
f 7310 7622 7615
f 7622 7623 7615
f 7615 7623 7616
f 7623 7624 7616
f 7616 7624 7617
f 7624 7625 7617
f 7617 7625 7618
f 7625 7214 7618
f 7618 7214 7619
f 7214 7213 7619
f 7619 7213 7620
f 7626 7212 7627
f 7212 7214 7627
f 7627 7214 7628
f 7214 7625 7628
f 7628 7625 7629
f 7625 7624 7629
f 7629 7624 7630
f 7624 7623 7630
f 7630 7623 7631
f 7623 7622 7631
f 7631 7622 7632
f 7622 7621 7632
f 7632 7621 7633
f 7621 7307 7633
f 7633 7307 7305
f 7307 7306 7305
f 7305 7306 6720
f 7306 6721 6720
f 6666 6665 7302
f 6665 7301 7302
f 7302 7301 7303
f 7301 7634 7303
f 7303 7634 7635
f 7634 7636 7635
f 7635 7636 7637
f 7636 7638 7637
f 7637 7638 7639
f 7638 7640 7639
f 7639 7640 7641
f 7640 7642 7641
f 7641 7642 7643
f 7642 7644 7643
f 7643 7644 7645
f 7644 7646 7645
f 7645 7646 7647
f 7646 7648 7647
f 7647 7648 7649
f 7648 7650 7649
f 7649 7650 7651
f 7256 7362 7257
f 7362 7358 7257
f 7257 7358 7652
f 7358 7356 7652
f 7260 7653 7654
f 7653 7655 7654
f 7372 7656 7369
f 7656 7366 7369
f 7369 7366 7657
f 7366 7257 7657
f 7657 7257 7658
f 7257 7652 7658
f 7659 7660 7661
f 7660 7662 7661
f 7661 7662 7663
f 7662 7664 7663
f 7663 7664 7665
f 7664 7666 7665
f 7665 7666 7478
f 7660 7482 7662
f 7482 7484 7662
f 7662 7484 7664
f 7484 7486 7664
f 7664 7486 7666
f 7486 7488 7666
f 7666 7488 7478
f 7488 7490 7478
f 7478 7490 7479
f 7490 7492 7479
f 7479 7492 7377
f 7492 7494 7377
f 7377 7494 7375
f 7494 7495 7375
f 7375 7495 7373
f 7495 7505 7373
f 7373 7505 7384
f 7505 7414 7384
f 7384 7414 7503
f 7414 7416 7503
f 7503 7416 7411
f 7416 7418 7411
f 7411 7418 7412
f 7382 7667 7376
f 7667 7367 7376
f 7376 7367 7481
f 7367 7369 7481
f 7481 7369 7480
f 7369 7657 7480
f 7480 7657 7478
f 7657 7658 7478
f 7478 7658 7665
f 7658 7652 7665
f 7665 7652 7663
f 7652 7356 7663
f 7663 7356 7661
f 7356 7355 7661
f 7661 7355 7659
f 7355 7668 7659
f 7659 7668 7669
f 7670 7671 7672
f 7671 7351 7672
f 7672 7351 7263
f 7351 7353 7263
f 7263 7353 7261
f 7343 7673 7341
f 7673 7674 7341
f 7341 7674 7266
f 7674 7675 7266
f 7266 7675 7264
f 7675 7262 7264
f 7345 7209 7343
f 7209 7676 7343
f 7343 7676 7673
f 7676 7677 7673
f 7673 7677 7674
f 7677 7678 7674
f 7674 7678 7675
f 7678 7679 7675
f 7262 7675 7263
f 7675 7679 7263
f 7263 7679 7672
f 7679 7680 7672
f 7672 7680 7670
f 7259 7349 7260
f 7349 7351 7260
f 7260 7351 7653
f 7351 7671 7653
f 7653 7671 7655
f 7671 7670 7655
f 7655 7670 7681
f 7670 7680 7681
f 7681 7680 7682
f 7680 7679 7682
f 7497 7494 7683
f 7494 7493 7683
f 7683 7493 7684
f 7493 7491 7684
f 7684 7491 7685
f 7491 7489 7685
f 7685 7489 7686
f 7489 7487 7686
f 7686 7487 7687
f 7487 7485 7687
f 7687 7485 7688
f 7485 7483 7688
f 7688 7483 7689
f 7483 7690 7689
f 7689 7690 7691
f 7504 7496 7692
f 7496 7497 7692
f 7692 7497 7693
f 7497 7683 7693
f 7693 7683 7694
f 7683 7684 7694
f 7694 7684 7695
f 7684 7685 7695
f 7695 7685 7696
f 7685 7686 7696
f 7696 7686 7697
f 7686 7687 7697
f 7697 7687 7698
f 7687 7688 7698
f 7698 7688 7699
f 7688 7689 7699
f 7699 7689 7700
f 7689 7691 7700
f 7700 7691 7701
f 7209 7211 7676
f 7211 7702 7676
f 7676 7702 7677
f 7702 7703 7677
f 7677 7703 7678
f 7703 7704 7678
f 7678 7704 7679
f 7704 7705 7679
f 7679 7705 7682
f 7706 7707 7708
f 7707 7709 7708
f 7708 7709 7701
f 7707 7527 7709
f 7527 7526 7709
f 7709 7526 7701
f 7526 7524 7701
f 7701 7524 7700
f 7524 7523 7700
f 7700 7523 7699
f 7523 7522 7699
f 7699 7522 7698
f 7522 7521 7698
f 7698 7521 7697
f 7521 7520 7697
f 7697 7520 7696
f 7520 7518 7696
f 7696 7518 7695
f 7518 7516 7695
f 7695 7516 7694
f 7516 7514 7694
f 7694 7514 7693
f 7514 7512 7693
f 7693 7512 7692
f 7512 7510 7692
f 7692 7510 7504
f 7510 7239 7504
f 7504 7239 7414
f 7239 7238 7414
f 7414 7238 7415
f 7345 7267 7209
f 7267 7269 7209
f 7209 7269 7210
f 7269 7337 7210
f 7210 7337 7333
f 7337 7336 7333
f 7333 7336 7335
f 7669 7354 7659
f 7354 7260 7659
f 7659 7260 7660
f 7260 7654 7660
f 7660 7654 7482
f 7654 7655 7482
f 7482 7655 7483
f 7655 7681 7483
f 7483 7681 7690
f 7681 7682 7690
f 7690 7682 7691
f 7682 7705 7691
f 7691 7705 7701
f 7705 7704 7701
f 7701 7704 7708
f 7704 7703 7708
f 7708 7703 7706
f 7703 7702 7706
f 7706 7702 7626
f 7702 7211 7626
f 7626 7211 7212
f 7211 7210 7212
f 7212 7210 7213
f 7210 7333 7213
f 7213 7333 7620
f 7333 7332 7620
f 7620 7332 7270
f 6719 6718 7304
f 6718 7303 7304
f 7304 7303 7305
f 7303 7635 7305
f 7305 7635 7633
f 7635 7637 7633
f 7633 7637 7632
f 7637 7639 7632
f 7632 7639 7631
f 7639 7641 7631
f 7631 7641 7630
f 7641 7643 7630
f 7630 7643 7629
f 7643 7645 7629
f 7629 7645 7628
f 7645 7647 7628
f 7628 7647 7627
f 7647 7649 7627
f 7627 7649 7626
f 7649 7651 7626
f 7626 7651 7706
f 6663 6661 7300
f 6661 7299 7300
f 7300 7299 7301
f 7299 7584 7301
f 7301 7584 7634
f 7584 7582 7634
f 7634 7582 7636
f 7582 7580 7636
f 7636 7580 7638
f 7580 7578 7638
f 7638 7578 7640
f 7578 7576 7640
f 7640 7576 7642
f 7576 7575 7642
f 7642 7575 7644
f 7575 7574 7644
f 7644 7574 7646
f 7574 7573 7646
f 7646 7573 7648
f 7573 7572 7648
f 7648 7572 7650
f 7572 7545 7650
f 7650 7545 7651
f 7545 7544 7651
f 7651 7544 7706
f 7544 7531 7706
f 7706 7531 7707
f 7531 7529 7707
f 7707 7529 7527
f 7529 7528 7527
f 7527 7528 7525
f 7528 7537 7525
f 7525 7537 7220
f 7537 7535 7220
f 7220 7535 7218
f 7535 7533 7218
f 7218 7533 7508
f 7533 7532 7508
f 7508 7532 7509
f 7532 7498 7509
f 7509 7498 7519
f 7498 7500 7519
f 7519 7500 7517
f 7500 7502 7517
f 7517 7502 7515
f 7502 7506 7515
f 7515 7506 7513
f 7506 7221 7513
f 7513 7221 7511
f 7221 7223 7511
f 7511 7223 7421
f 7223 7236 7421
f 7421 7236 7422
f 7710 6101 6100
f 6234 6232 7711
f 7712 6230 7713
f 6230 5960 7713
f 6232 6231 7711
f 6231 6236 7711
f 7711 6236 7712
f 6236 6235 7712
f 7712 6235 6230
f 6281 6280 7714
f 6280 6279 7714
f 7714 6279 7711
f 6279 6221 7711
f 7711 6221 6234
f 7715 6201 7714
f 6201 6200 7714
f 6200 6193 7714
f 6193 6194 7714
f 7714 6194 6281
f 6210 6211 7716
f 6211 6212 7716
f 6212 6213 7716
f 6213 6215 7716
f 7716 6215 6195
f 6195 6197 7716
f 6197 6199 7716
f 7716 6199 7715
f 6199 6202 7715
f 7715 6202 6201
f 6210 7716 6100
f 7716 7717 6100
f 6100 7717 7710
f 5899 7718 7719
f 5848 7720 5867
f 7720 7721 5867
f 5867 7721 5868
f 5692 5691 5859
f 5691 7720 5859
f 5859 7720 5847
f 7720 5848 5847
f 7722 5878 7723
f 5878 5877 7723
f 7723 5877 7724
f 5877 5845 7724
f 5845 5844 7724
f 5844 5866 7724
f 7724 5866 7721
f 5866 5871 7721
f 7721 5871 5868
f 7718 5889 7719
f 5889 5875 7719
f 7719 5875 7723
f 5875 5874 7723
f 7723 5874 7722
f 5896 7725 7726
f 7725 5894 7726
f 7726 5894 7719
f 5894 5893 7719
f 7719 5893 5899
f 5896 7726 5897
f 7726 7727 5897
f 5897 7727 5962
f 5962 7727 7728
f 7727 7713 7728
f 7728 7713 5960
f 7729 7668 7730
f 7261 7731 7732
f 7733 7734 7735
f 7736 7737 7738
f 7739 7740 7741
f 6873 6877 7742
f 6875 6867 7743
f 6866 6871 7744
f 7314 7745 7315
f 7745 6838 7315
f 7315 6838 6716
f 7746 6869 6864
f 7746 6864 7745
f 6864 6863 7745
f 7745 6863 6838
f 7747 7748 7749
f 7750 7748 7751
f 7748 7747 7751
f 7751 7747 7752
f 7668 7355 7730
f 7355 7357 7730
f 7730 7357 7753
f 7357 7359 7753
f 7753 7359 7361
f 7754 6871 7746
f 6871 6870 7746
f 7746 6870 6869
f 6875 7743 6876
f 6873 7742 6874
f 6882 6884 7755
f 6884 7756 7755
f 7755 7756 7757
f 7758 7759 7743
f 7759 7742 7743
f 7743 7742 6876
f 7742 6877 6876
f 7756 7760 7761
f 7760 7762 7761
f 7761 7762 7763
f 7757 7756 7764
f 7756 7761 7764
f 7764 7761 7765
f 7758 7766 7759
f 7766 7767 7759
f 7759 7767 7768
f 7767 7769 7768
f 7768 7769 7770
f 7769 7771 7770
f 7770 7771 7772
f 7771 7773 7772
f 7772 7773 7774
f 7773 7775 7774
f 7774 7775 7776
f 7774 7777 7772
f 7777 7778 7772
f 7772 7778 7770
f 7778 7779 7770
f 7770 7779 7768
f 7779 7762 7768
f 7768 7762 7759
f 7762 7760 7759
f 7759 7760 7742
f 7760 7756 7742
f 7742 7756 6874
f 7756 6884 6874
f 7780 7781 7778
f 7781 7782 7778
f 7778 7782 7779
f 7782 7783 7779
f 7779 7783 7762
f 7783 7784 7762
f 7762 7784 7763
f 7784 7785 7763
f 7763 7785 7761
f 7785 7786 7761
f 7761 7786 7765
f 7738 7737 7787
f 7737 7788 7787
f 7787 7788 7740
f 7788 7789 7790
f 7740 7788 7741
f 7788 7790 7741
f 7741 7790 7791
f 7792 7793 7736
f 7793 7794 7736
f 7736 7794 7737
f 7794 7795 7737
f 7737 7795 7788
f 7795 7796 7788
f 7788 7796 7789
f 7797 7735 7798
f 7735 7734 7798
f 7798 7734 7799
f 7800 7801 7797
f 7801 7802 7797
f 7749 7803 7804
f 7803 7805 7804
f 7804 7805 7800
f 7752 7747 7806
f 7747 7807 7806
f 7806 7807 7808
f 7802 7809 7797
f 7809 7810 7797
f 7797 7810 7735
f 7810 7736 7735
f 7735 7736 7733
f 7736 7738 7733
f 7809 7811 7810
f 7811 7812 7810
f 7810 7812 7736
f 7812 7813 7736
f 7736 7813 7792
f 7753 7814 7730
f 7814 7815 7730
f 7730 7815 7807
f 7815 7816 7807
f 7807 7816 7808
f 7346 7817 7347
f 7817 7818 7347
f 7347 7818 7348
f 7819 7345 7820
f 7345 7344 7820
f 7820 7344 7818
f 7344 7342 7818
f 7818 7342 7348
f 7346 7265 7817
f 7265 7264 7817
f 7817 7264 7732
f 7264 7821 7732
f 7732 7821 7261
f 7259 7258 7822
f 7258 7354 7822
f 7749 7804 7747
f 7804 7823 7747
f 7747 7823 7807
f 7823 7822 7807
f 7807 7822 7730
f 7822 7354 7730
f 7730 7354 7729
f 7352 7350 7799
f 7350 7349 7799
f 7800 7797 7804
f 7797 7798 7804
f 7804 7798 7823
f 7798 7799 7823
f 7823 7799 7822
f 7799 7349 7822
f 7822 7349 7259
f 7321 7319 7824
f 7319 7318 7824
f 7824 7318 7825
f 7318 7323 7825
f 7314 7274 7745
f 7274 7273 7745
f 7745 7273 7824
f 7273 7316 7824
f 7824 7316 7321
f 7330 7826 7331
f 7826 7827 7331
f 7331 7827 7828
f 7829 7830 7335
f 7829 7335 7831
f 7330 7271 7826
f 7271 7270 7826
f 7826 7270 7829
f 7270 7332 7829
f 7829 7332 7830
f 7323 7322 7825
f 7322 7832 7825
f 7825 7832 7827
f 7832 7833 7827
f 7827 7833 7828
f 7834 7268 7819
f 7268 7267 7819
f 7819 7267 7345
f 7335 7336 7831
f 7336 7835 7831
f 7831 7835 7819
f 7835 7836 7819
f 7819 7836 7834
f 7791 7837 7741
f 7837 7776 7741
f 7741 7776 7739
f 7776 7775 7739
f 7837 7838 7776
f 7838 7839 7776
f 7776 7839 7774
f 7839 7840 7774
f 7774 7840 7777
f 7840 7841 7777
f 7777 7841 7778
f 7841 7842 7778
f 7778 7842 7780
f 6867 6866 7743
f 6866 7744 7743
f 7743 7744 7758
f 7744 7746 7758
f 7758 7746 7766
f 7746 7745 7766
f 7766 7745 7767
f 7745 7824 7767
f 7767 7824 7769
f 7824 7825 7769
f 7769 7825 7771
f 7825 7827 7771
f 7771 7827 7773
f 7827 7826 7773
f 7773 7826 7775
f 7826 7829 7775
f 7775 7829 7739
f 7829 7831 7739
f 7739 7831 7740
f 7831 7819 7740
f 7740 7819 7787
f 7819 7820 7787
f 7787 7820 7738
f 7820 7818 7738
f 7738 7818 7733
f 7818 7817 7733
f 7733 7817 7734
f 7817 7732 7734
f 7734 7732 7799
f 7732 7731 7799
f 7799 7731 7352
f 7843 7844 7845
f 7844 7846 7845
f 7845 7846 7847
f 7848 7849 7846
f 7849 7850 7846
f 7846 7850 7847
f 7851 7852 7848
f 7852 7853 7848
f 7848 7853 7849
f 7854 7855 7856
f 7855 7857 7856
f 7856 7857 7858
f 7857 7859 7858
f 7858 7859 7852
f 7854 7856 7860
f 7856 7861 7860
f 7860 7861 7862
f 7863 7864 7861
f 7864 7865 7861
f 7861 7865 7862
f 7866 7867 7868
f 7867 7869 7868
f 7868 7869 7863
f 7869 7870 7863
f 7863 7870 7864
f 7866 7868 7871
f 7868 7872 7871
f 7871 7872 7873
f 7873 7872 7874
f 7872 7875 7874
f 7874 7875 7876
f 7876 7875 7877
f 7875 7878 7877
f 7877 7878 7879
f 7880 7881 7882
f 7881 7844 7882
f 7882 7844 7843
f 7878 7883 7884
f 7884 7885 7878
f 7885 7886 7878
f 7878 7886 7879
f 7887 7888 7889
f 7887 7889 7890
f 7889 7891 7890
f 7890 7891 7892
f 7891 7893 7892
f 7892 7893 7894
f 7894 7893 7895
f 7893 7896 7895
f 7895 7896 7897
f 7898 7899 7896
f 7899 7900 7896
f 7896 7900 7897
f 7901 7902 7898
f 7902 7903 7898
f 7898 7903 7899
f 7904 7905 7906
f 7905 7907 7906
f 7906 7907 7901
f 7907 7908 7901
f 7901 7908 7902
f 7904 7906 7909
f 7906 7910 7909
f 7909 7910 7911
f 7911 7910 7912
f 7910 7881 7912
f 7912 7881 7880
f 7889 7888 7913
f 7888 7914 7913
f 7913 7914 7915
f 7916 7917 7918
f 7919 7920 7921
f 7920 7884 7921
f 7921 7884 7883
f 7918 7917 7921
f 7917 7922 7921
f 7921 7922 7919
f 7923 7924 7925
f 7925 7926 7923
f 7926 7927 7923
f 7923 7927 7918
f 7927 7928 7918
f 7918 7928 7916
f 7929 7930 7931
f 7929 7931 7932
f 7931 7933 7932
f 7933 7934 7932
f 7932 7934 7924
f 7934 7935 7924
f 7924 7935 7925
f 7930 7929 7936
f 7929 7937 7936
f 7936 7937 7938
f 7913 7915 7937
f 7915 7939 7937
f 7937 7939 7938

