# https://github.com/mikedh/trimesh

o FR3_Version2_Link5_2-mesh
v 0.00000000 0.09927127 -0.13856791
v 0.00000000 0.09894796 -0.14028150
v -0.00478341 0.09868136 -0.14023470
v -0.00956683 0.09781772 -0.14008231
v -0.00956683 0.10271830 -0.11136171
v -0.01280757 0.10684650 -0.08250947
v -0.01435024 0.10639280 -0.08242488
v -0.01434711 0.10655461 -0.08149553
v -0.03311587 0.11243480 -0.02890378
v -0.03348517 0.11261011 -0.02792449
v -0.03348390 0.11408081 -0.02461095
v -0.03784591 0.11656961 -0.00571874
v -0.03771654 0.11706031 -0.00294769
v -0.03348390 0.11997890 -0.00346250
v -0.01946681 0.12218471 0.02619764
v -0.01913359 0.12221831 0.02638702
v -0.01913366 0.12254281 0.02567025
v 0.00000000 0.12512501 0.02717004
v 0.00000000 0.12592930 0.02506991
v -0.00478341 0.12572320 0.02510932
v -0.01435022 0.09741122 -0.13388921
v -0.01427892 0.09826745 -0.12914260
v -0.01384425 0.09843551 -0.12909341
v -0.01352159 0.09854406 -0.12912740
v -0.01337075 0.09859481 -0.12914330
v -0.01319130 0.09864814 -0.12919381
v -0.01309271 0.09867360 -0.12923971
v -0.01283222 0.09874086 -0.12936111
v -0.01272591 0.09876366 -0.12943360
v -0.01269906 0.09876941 -0.12945191
v -0.01224388 0.09849495 -0.13189321
v -0.01250812 0.09880063 -0.12963271
v -0.01243218 0.09881305 -0.12970461
v -0.01231126 0.09882386 -0.12986750
v -0.01226275 0.09882254 -0.12996450
v -0.01214155 0.09881923 -0.13020711
v -0.01205598 0.09866135 -0.13127660
v -0.01208161 0.09863749 -0.13136750
v -0.01203020 0.09874839 -0.13082011
v -0.01209254 0.09880552 -0.13037601
v -0.01203174 0.09875686 -0.13076830
v -0.01209737 0.09880939 -0.13034481
v -0.01220840 0.09851944 -0.13181751
v -0.01395897 0.09863584 -0.12768700
v -0.01434968 0.09848211 -0.12773820
v -0.01433151 0.09860839 -0.12672240
v -0.01100592 0.09840757 -0.13455170
v -0.01121506 0.09843410 -0.13405161
v -0.01149536 0.09855284 -0.13289391
v -0.01126014 0.09843982 -0.13394381
v -0.01151211 0.09854889 -0.13288770
v -0.01435024 0.09700316 -0.13619431
v -0.01433788 0.09700010 -0.13623801
v -0.01435024 0.09635279 -0.13982401
v -0.01403423 0.09692110 -0.13732241
v -0.01398826 0.09692193 -0.13741271
v -0.01398826 0.09692193 -0.13741271
v -0.01377019 0.09692591 -0.13784070
v -0.01373985 0.09693052 -0.13787641
v -0.01355327 0.09695881 -0.13809621
v -0.01349899 0.09696994 -0.13814271
v -0.01345603 0.09697874 -0.13817940
v -0.01324022 0.09703180 -0.13830871
v -0.01319854 0.09704206 -0.13833370
v -0.01305158 0.09708323 -0.13838901
v -0.01294592 0.09711597 -0.13840681
v -0.01266425 0.09720327 -0.13845420
v -0.01255912 0.09723794 -0.13845611
v -0.01238162 0.09729995 -0.13843291
v -0.01215473 0.09737919 -0.13840331
v -0.01200699 0.09743454 -0.13835641
v -0.01199903 0.09743754 -0.13835390
v -0.01165932 0.09757525 -0.13817411
v -0.01165079 0.09757872 -0.13816950
v -0.01151180 0.09764055 -0.13805970
v -0.01137882 0.09770726 -0.13790731
v -0.01121776 0.09778804 -0.13772291
v -0.01115508 0.09782393 -0.13762421
v -0.01110519 0.09785901 -0.13750741
v -0.01091518 0.09799263 -0.13706240
v -0.01088912 0.09801836 -0.13695861
v -0.01086051 0.09804663 -0.13684470
v -0.01077975 0.09822245 -0.13597561
v -0.01083979 0.09833147 -0.13525741
v -0.01090831 0.09836285 -0.13496630
v -0.01118408 0.09873031 -0.13240110
v -0.01122121 0.09870913 -0.13245991
v -0.01094177 0.09892241 -0.13169300
v -0.01083210 0.09905671 -0.13109510
v -0.01097925 0.09887652 -0.13189741
v -0.01082470 0.09910518 -0.13082581
v -0.01087014 0.09915864 -0.13044060
v -0.01086081 0.09980239 -0.12669211
v -0.01092051 0.09921788 -0.13001360
v -0.01100619 0.09924531 -0.12971221
v -0.01103865 0.09924804 -0.12964181
v -0.01129745 0.09926960 -0.12908051
v -0.01137374 0.09926541 -0.12897330
v -0.01156034 0.09925510 -0.12871131
v -0.01183675 0.09921608 -0.12844660
v -0.01202620 0.09918933 -0.12826511
v -0.01291546 0.09898019 -0.12780841
v -0.01266409 0.09925210 -0.12670791
v -0.01240208 0.09910917 -0.12803501
v -0.01230386 0.09913382 -0.12807841
v -0.01308639 0.09893029 -0.12776261
v -0.01313177 0.09891704 -0.12775040
v -0.01385664 0.09867609 -0.12767361
v -0.01147243 0.09843400 -0.13361611
v -0.01248099 0.09803682 -0.13408150
v -0.01256514 0.09829882 -0.13242321
v -0.01087406 0.10005651 -0.12517421
v -0.01387700 0.10145470 -0.11133970
v -0.01366458 0.10148810 -0.11157621
v -0.01434988 0.10105160 -0.11271120
v -0.01396284 0.10144661 -0.11121051
v -0.01435022 0.10131570 -0.11116781
v -0.01434022 0.10132141 -0.11115530
v -0.01399550 0.10144751 -0.11113761
v -0.01388356 0.10145360 -0.11133240
v -0.01184117 0.10173600 -0.11356601
v -0.01216084 0.10169150 -0.11326070
v -0.01262901 0.10176921 -0.11193770
v -0.01233408 0.10165741 -0.11314461
v -0.01243954 0.10163671 -0.11307400
v -0.01319288 0.10160080 -0.11185071
v -0.01327058 0.10142280 -0.11274701
v -0.01335639 0.10155941 -0.11177160
v -0.01373677 0.10127011 -0.11270121
v -0.01349650 0.10152381 -0.11170370
v -0.01402857 0.10117450 -0.11267261
v -0.01364374 0.10149251 -0.11159201
v -0.01407287 0.10115841 -0.11267460
v -0.01419092 0.10111541 -0.11268001
v -0.01298454 0.10150210 -0.11283471
v -0.01305268 0.10148530 -0.11280481
v -0.01303506 0.10164601 -0.11188971
v -0.01308263 0.10163160 -0.11188411
v -0.01110290 0.10173691 -0.11483111
v -0.01113771 0.10174771 -0.11470881
v -0.01180420 0.10206241 -0.11170031
v -0.01237591 0.10185351 -0.11190661
v -0.01143008 0.10177111 -0.11407611
v -0.01169340 0.10175660 -0.11370720
v -0.01223077 0.10190191 -0.11188881
v -0.01210226 0.10194771 -0.11184990
v -0.01140519 0.10176910 -0.11412990
v -0.01204956 0.10196801 -0.11182351
v -0.01105168 0.10172101 -0.11501101
v -0.01175501 0.10208351 -0.11166131
v -0.01164296 0.10213151 -0.11157241
v -0.01425631 0.10001420 -0.11899450
v -0.01400748 0.10010000 -0.11902881
v -0.01433899 0.09958649 -0.12110490
v -0.01382873 0.10016401 -0.11902650
v -0.01090981 0.10073941 -0.12107490
v -0.01382188 0.10016661 -0.11902540
v -0.01308343 0.10044081 -0.11890481
v -0.01307476 0.10044401 -0.11890340
v -0.01275925 0.10056720 -0.11878991
v -0.01243630 0.10070160 -0.11860141
v -0.01214423 0.10082310 -0.11843081
v -0.01186661 0.10094921 -0.11818651
v -0.01185630 0.10095380 -0.11817740
v -0.01098411 0.10151861 -0.11632521
v -0.01095562 0.10161081 -0.11582431
v -0.01177283 0.10099681 -0.11806920
v -0.01141164 0.10118251 -0.11760100
v -0.01132664 0.10123411 -0.11744011
v -0.01127205 0.10126720 -0.11733681
v -0.01107177 0.10142711 -0.11672291
v -0.01102545 0.10146411 -0.11658091
v -0.01152650 0.10218880 -0.11143220
v -0.01097389 0.10163180 -0.11566961
v -0.01355055 0.09754150 -0.13481791
v -0.01359526 0.09754828 -0.13468961
v -0.01186368 0.09792482 -0.13584121
v -0.01185847 0.09789965 -0.13599340
v -0.01197545 0.09800264 -0.13519981
v -0.01189043 0.09780951 -0.13644811
v -0.01190266 0.09779764 -0.13649351
v -0.01196491 0.09773736 -0.13672440
v -0.01198985 0.09772101 -0.13677241
v -0.01204882 0.09768232 -0.13688590
v -0.01207802 0.09766668 -0.13692191
v -0.01211659 0.09764599 -0.13696961
v -0.01216758 0.09762239 -0.13701081
v -0.01221330 0.09760122 -0.13704771
v -0.01224459 0.09758812 -0.13706481
v -0.01225731 0.09758278 -0.13707171
v -0.01234917 0.09754770 -0.13710171
v -0.01237416 0.09753814 -0.13710990
v -0.01242568 0.09752005 -0.13711701
v -0.01247126 0.09750471 -0.13711921
v -0.01256026 0.09747699 -0.13710990
v -0.01257970 0.09747094 -0.13710790
v -0.01262087 0.09745933 -0.13709621
v -0.01265410 0.09745108 -0.13708021
v -0.01271230 0.09743663 -0.13705221
v -0.01274320 0.09743021 -0.13702991
v -0.01275661 0.09742743 -0.13702021
v -0.01281943 0.09741797 -0.13695400
v -0.01285565 0.09741250 -0.13691581
v -0.01288391 0.09740999 -0.13687601
v -0.01292413 0.09741092 -0.13679320
v -0.01302663 0.09741330 -0.13658221
v -0.01306190 0.09742431 -0.13645071
v -0.01199294 0.09801481 -0.13509951
v -0.01333004 0.09750806 -0.13545071
v -0.01218562 0.09804432 -0.13458341
v -0.01225981 0.09804245 -0.13445731
v -0.01370528 0.09754496 -0.13448400
v -0.01380301 0.09753244 -0.13435320
v -0.01392236 0.09751715 -0.13419341
v -0.01400431 0.09750123 -0.13411260
v -0.01404327 0.09749167 -0.13408451
v -0.01424697 0.09744166 -0.13393770
v -0.01229786 0.09845769 -0.13200841
v -0.01430295 0.09742517 -0.13391141
v -0.01573293 0.09940323 -0.11925790
v -0.01500375 0.09976079 -0.11884820
v -0.01571670 0.09909032 -0.12111690
v -0.01498502 0.09976655 -0.11885750
v -0.01519859 0.09929750 -0.12111240
v -0.01477558 0.09983520 -0.11892280
v -0.01434964 0.09998205 -0.11898160
v -0.01635081 0.10051140 -0.11134160
v -0.01610597 0.10058300 -0.11150931
v -0.01690511 0.09961632 -0.11517681
v -0.01913366 0.09935998 -0.11076941
v -0.01666526 0.10044581 -0.11096090
v -0.01665755 0.10044671 -0.11097441
v -0.01694665 0.09954673 -0.11547581
v -0.01696401 0.09946998 -0.11587671
v -0.01687610 0.09937378 -0.11665410
v -0.01685369 0.09936915 -0.11673691
v -0.01679837 0.09935769 -0.11694140
v -0.01693443 0.09889673 -0.11926841
v -0.01657146 0.09936542 -0.11745801
v -0.01656844 0.10046370 -0.11109240
v -0.01645338 0.10048561 -0.11124460
v -0.01635638 0.10050981 -0.11133780
v -0.01595911 0.10063131 -0.11157470
v -0.01659279 0.09990747 -0.11426121
v -0.01607986 0.10059160 -0.11152090
v -0.01667636 0.09984357 -0.11442701
v -0.01684454 0.09967650 -0.11497821
v -0.01488098 0.10105440 -0.11155420
v -0.01458253 0.10119281 -0.11139331
v -0.01578739 0.10069291 -0.11161471
v -0.01562304 0.10075190 -0.11165291
v -0.01583888 0.10037990 -0.11332051
v -0.01546247 0.10056781 -0.11308780
v -0.01521809 0.10068980 -0.11293661
v -0.01543852 0.10082271 -0.11166180
v -0.01493568 0.10081640 -0.11282621
v -0.01523086 0.10090731 -0.11163481
v -0.01481059 0.10086670 -0.11280170
v -0.01504712 0.10098201 -0.11161091
v -0.01489619 0.10104731 -0.11156241
v -0.01603425 0.10026990 -0.11349981
v -0.01609104 0.10023800 -0.11355201
v -0.01615050 0.10019960 -0.11363151
v -0.01653350 0.09995279 -0.11414361
v -0.01457929 0.10119440 -0.11139061
v -0.01442831 0.10127101 -0.11126481
v -0.01652343 0.09936705 -0.11756740
v -0.01629635 0.09940413 -0.11790661
v -0.01616080 0.09943596 -0.11804631
v -0.01584048 0.09951115 -0.11837620
v -0.01564138 0.09956630 -0.11852241
v -0.01559913 0.09957798 -0.11855340
v -0.01688873 0.09800994 -0.12450421
v -0.01688238 0.09788721 -0.12522661
v -0.01686913 0.09762873 -0.12674460
v -0.01913366 0.09425753 -0.13945441
v -0.01568723 0.09852099 -0.12449380
v -0.01570346 0.09883461 -0.12263481
v -0.01433444 0.09931505 -0.12262281
v -0.01515404 0.09861087 -0.12521161
v -0.01433928 0.09888604 -0.12520441
v -0.01144229 0.10033011 -0.12259761
v -0.01089657 0.10048691 -0.12259280
v -0.01557141 0.09792350 -0.12821790
v -0.01583889 0.09777558 -0.12843540
v -0.01533209 0.09804120 -0.12808941
v -0.01462289 0.09837462 -0.12777391
v -0.01468095 0.09834901 -0.12779251
v -0.01492462 0.09824158 -0.12787060
v -0.01589754 0.09773867 -0.12850501
v -0.01601185 0.09766671 -0.12864080
v -0.01631360 0.09747681 -0.12899891
v -0.01646460 0.09736570 -0.12926160
v -0.01647397 0.09735882 -0.12927790
v -0.01672740 0.09712533 -0.12997570
v -0.01683311 0.09691942 -0.13087830
v -0.01679557 0.09703641 -0.13030950
v -0.01673802 0.09711554 -0.13000490
v -0.01677803 0.09683765 -0.13147951
v -0.01674075 0.09683134 -0.13160831
v -0.01658105 0.09680430 -0.13215990
v -0.01667397 0.09621695 -0.13522620
v -0.01667893 0.09621071 -0.13524860
v -0.01672435 0.09615359 -0.13545411
v -0.01678642 0.09598681 -0.13622730
v -0.01676102 0.09593339 -0.13658701
v -0.01674624 0.09590233 -0.13679621
v -0.01663318 0.09585125 -0.13735950
v -0.01654885 0.09584823 -0.13758300
v -0.01440391 0.09739540 -0.13386391
v -0.01460479 0.09732676 -0.13381451
v -0.01506505 0.09738826 -0.13244501
v -0.01476259 0.09727285 -0.13377570
v -0.01489570 0.09722261 -0.13376501
v -0.01499881 0.09718217 -0.13376321
v -0.01519072 0.09710045 -0.13378861
v -0.01610982 0.09687247 -0.13292791
v -0.01542281 0.09700161 -0.13381920
v -0.01556905 0.09693315 -0.13386660
v -0.01558588 0.09692527 -0.13387200
v -0.01591457 0.09675605 -0.13405091
v -0.01612646 0.09686422 -0.13293430
v -0.01594437 0.09674070 -0.13406710
v -0.01608949 0.09665774 -0.13418630
v -0.01619469 0.09658973 -0.13431301
v -0.01638218 0.09646850 -0.13453881
v -0.01644874 0.09641942 -0.13465070
v -0.01647959 0.09681042 -0.13237610
v -0.01644661 0.09681241 -0.13244640
v -0.01647004 0.09640027 -0.13470510
v -0.01639326 0.09584265 -0.13799531
v -0.01625445 0.09585927 -0.13823951
v -0.01523714 0.09636445 -0.13781551
v -0.01537103 0.09635746 -0.13754920
v -0.01544667 0.09635350 -0.13739881
v -0.01560060 0.09636877 -0.13695850
v -0.01562283 0.09638383 -0.13682270
v -0.01570416 0.09643889 -0.13632601
v -0.01570770 0.09645827 -0.13620951
v -0.01568804 0.09650928 -0.13597010
v -0.01566974 0.09655678 -0.13574720
v -0.01564223 0.09658880 -0.13563221
v -0.01562289 0.09660502 -0.13558611
v -0.01554311 0.09667202 -0.13539611
v -0.01553987 0.09667473 -0.13538840
v -0.01550870 0.09669481 -0.13534771
v -0.01544309 0.09673707 -0.13526221
v -0.01541512 0.09675274 -0.13523841
v -0.01536499 0.09678081 -0.13519601
v -0.01530353 0.09681145 -0.13516410
v -0.01524319 0.09684153 -0.13513291
v -0.01518948 0.09686580 -0.13511831
v -0.01492010 0.09697235 -0.13512391
v -0.01516046 0.09687890 -0.13511040
v -0.01505340 0.09692363 -0.13510010
v -0.01496574 0.09695684 -0.13510941
v -0.01494682 0.09696400 -0.13511141
v -0.01490647 0.09697792 -0.13512301
v -0.01487445 0.09698777 -0.13513851
v -0.01481729 0.09700535 -0.13516631
v -0.01478753 0.09701313 -0.13518810
v -0.01477236 0.09701710 -0.13519921
v -0.01470998 0.09702961 -0.13526580
v -0.01467629 0.09703637 -0.13530181
v -0.01464859 0.09704014 -0.13534121
v -0.01460648 0.09704095 -0.13542821
v -0.01451116 0.09704281 -0.13562520
v -0.01445478 0.09702890 -0.13582461
v -0.01435023 0.09823745 -0.12916141
v -0.01536296 0.09735173 -0.13197260
v -0.01557598 0.09753978 -0.13040641
v -0.01532507 0.09735155 -0.13206121
v -0.01552819 0.09735244 -0.13158620
v -0.01556930 0.09736452 -0.13142141
v -0.01558082 0.09753479 -0.13042371
v -0.01558400 0.09736885 -0.13136251
v -0.01562789 0.09744049 -0.13085151
v -0.01553359 0.09758361 -0.13025521
v -0.01542035 0.09767125 -0.13001661
v -0.01535818 0.09771936 -0.12988570
v -0.01525361 0.09778692 -0.12973931
v -0.01519566 0.09781961 -0.12968340
v -0.01508936 0.09787955 -0.12958091
v -0.01495054 0.09795782 -0.12944701
v -0.01483036 0.09801889 -0.12936550
v -0.01474643 0.09805752 -0.12932781
v -0.01441216 0.09821142 -0.12917771
v -0.01435801 0.09823418 -0.12916350
v -0.01629363 0.11174560 -0.05500348
v -0.01490297 0.11226311 -0.05499134
v -0.01626825 0.11098340 -0.05791135
v -0.01487960 0.11156141 -0.05766908
v -0.01739265 0.10841941 -0.06675674
v -0.01744013 0.10966101 -0.06131605
v -0.01737815 0.10953390 -0.06195066
v -0.01736591 0.10950880 -0.06207599
v -0.01724289 0.10945560 -0.06251248
v -0.01719220 0.10945201 -0.06261565
v -0.01704018 0.10944121 -0.06292510
v -0.01697146 0.10944551 -0.06302537
v -0.01695940 0.10944630 -0.06304296
v -0.01669609 0.10948550 -0.06332788
v -0.01667747 0.10948961 -0.06334205
v -0.01652538 0.10952311 -0.06345786
v -0.01591394 0.10970270 -0.06370433
v -0.01546502 0.10985541 -0.06377705
v -0.01602694 0.10910090 -0.06615721
v -0.01633362 0.10957560 -0.06355474
v -0.01614975 0.10962591 -0.06364764
v -0.01604240 0.10965900 -0.06368353
v -0.01532423 0.10990690 -0.06377925
v -0.01482763 0.11009971 -0.06371901
v -0.01433617 0.10982690 -0.06541497
v -0.01467676 0.11015821 -0.06370071
v -0.01445407 0.11025200 -0.06363221
v -0.01746342 0.11031491 -0.05864692
v -0.01913366 0.10742280 -0.06781407
v -0.00956683 0.11060090 -0.06837461
v -0.01247831 0.10985860 -0.06824374
v -0.01249671 0.11031621 -0.06613434
v -0.01435430 0.11029811 -0.06358092
v -0.01435015 0.11030001 -0.06357879
v -0.01140680 0.11108481 -0.06412902
v -0.01402420 0.11045041 -0.06341125
v -0.01396638 0.11048021 -0.06336664
v -0.01386953 0.11053010 -0.06329191
v -0.01366636 0.11065040 -0.06306408
v -0.01355127 0.11071850 -0.06293502
v -0.01139318 0.11073330 -0.06568969
v -0.01140866 0.11113341 -0.06391581
v -0.01340235 0.11082680 -0.06267947
v -0.01312247 0.11123990 -0.06132112
v -0.01313289 0.11152740 -0.06012717
v -0.01142369 0.11153270 -0.06219330
v -0.01144185 0.11203041 -0.06011241
v -0.01746975 0.11049840 -0.05792183
v -0.01600927 0.11089791 -0.05863423
v -0.01433428 0.11145221 -0.05861961
v -0.01434903 0.11174360 -0.05766445
v -0.01145510 0.11240481 -0.05859449
v -0.01367782 0.11197400 -0.05765859
v -0.00956683 0.11403691 -0.05418814
v -0.01148680 0.11334421 -0.05496153
v -0.01370119 0.11267441 -0.05498085
v -0.01125322 0.10748170 -0.08172728
v -0.01362751 0.10706691 -0.08017028
v -0.01275035 0.10750030 -0.07936946
v -0.01123737 0.10714410 -0.08354361
v -0.01124570 0.10732161 -0.08258870
v -0.00956683 0.10772860 -0.08266048
v -0.01127391 0.10793001 -0.07935656
v -0.01503272 0.10809160 -0.07259208
v -0.01434334 0.10831141 -0.07258606
v -0.01434587 0.10820720 -0.07309266
v -0.01133322 0.10927111 -0.07255980
v -0.01130926 0.10871840 -0.07530581
v -0.01134565 0.10956431 -0.07113570
v -0.01129757 0.10845440 -0.07664470
v -0.01128715 0.10822191 -0.07783866
v -0.01134875 0.10963810 -0.07078060
v -0.01293337 0.10931241 -0.07013333
v -0.01433491 0.10858171 -0.07116178
v -0.01247394 0.10975010 -0.06874379
v -0.01136289 0.10997900 -0.06916024
v -0.01729548 0.10614210 -0.07789109
v -0.01728223 0.10585061 -0.07940900
v -0.01913366 0.10451720 -0.08209408
v -0.01738228 0.10816281 -0.06794461
v -0.01737903 0.10808230 -0.06831742
v -0.01735397 0.10747970 -0.07118814
v -0.01583929 0.10808731 -0.07117492
v -0.01433659 0.10892411 -0.06956016
v -0.01731825 0.10665250 -0.07528135
v -0.01734229 0.10720530 -0.07252700
v -0.01434184 0.10776641 -0.07525538
v -0.01434478 0.10787581 -0.07471334
v -0.01361038 0.10804011 -0.07524900
v -0.01576357 0.10675570 -0.07787771
v -0.01730590 0.10637410 -0.07669712
v -0.01433529 0.10722351 -0.07786525
v -0.01433387 0.10746010 -0.07667118
v -0.01287868 0.10799180 -0.07665848
v -0.01468141 0.10685850 -0.07938630
v -0.01726229 0.10541851 -0.08169448
v -0.01725757 0.10531781 -0.08223529
v -0.01140063 0.10225071 -0.11128061
v -0.01139986 0.10225110 -0.11127930
v -0.01135107 0.10227861 -0.11119871
v -0.01129537 0.10231791 -0.11105900
v -0.01113551 0.10243040 -0.11065831
v -0.01110647 0.10245930 -0.11053470
v -0.01109250 0.10247320 -0.11047531
v -0.01101062 0.10265690 -0.10952011
v -0.01103774 0.10317441 -0.10641291
v -0.01411661 0.10237011 -0.10548381
v -0.01393993 0.10243220 -0.10548101
v -0.01433728 0.10208250 -0.10644171
v -0.01393761 0.10243310 -0.10548101
v -0.01320181 0.10270211 -0.10535881
v -0.01318603 0.10270781 -0.10535621
v -0.01287017 0.10282960 -0.10524170
v -0.01255456 0.10295961 -0.10505620
v -0.01225658 0.10308230 -0.10488121
v -0.01198498 0.10320470 -0.10464110
v -0.01197172 0.10321071 -0.10462941
v -0.01189081 0.10325220 -0.10452421
v -0.01152753 0.10343821 -0.10405191
v -0.01144484 0.10348841 -0.10389500
v -0.01138929 0.10352211 -0.10378960
v -0.01119026 0.10368171 -0.10317760
v -0.01114295 0.10371960 -0.10303221
v -0.01110201 0.10377430 -0.10277761
v -0.01109212 0.10388840 -0.10212450
v -0.01117018 0.10397980 -0.10146460
v -0.01110638 0.10449811 -0.09854916
v -0.01107383 0.10386700 -0.10227910
v -0.01122113 0.10399630 -0.10128601
v -0.01125653 0.10400780 -0.10116191
v -0.01152359 0.10403180 -0.10058490
v -0.01154950 0.10403411 -0.10052890
v -0.01181437 0.10402170 -0.10015870
v -0.01195924 0.10400251 -0.10002080
v -0.01228231 0.10395981 -0.09971310
v -0.01245235 0.10392740 -0.09959961
v -0.01256262 0.10390651 -0.09952601
v -0.01414955 0.10360400 -0.09826472
v -0.01419108 0.10343911 -0.09912942
v -0.01435023 0.10352280 -0.09832657
v -0.01431474 0.10339470 -0.09913530
v -0.01435015 0.10338070 -0.09914232
v -0.01317580 0.10375870 -0.09925819
v -0.01339458 0.10369720 -0.09920060
v -0.01372475 0.10378750 -0.09804651
v -0.01405187 0.10364621 -0.09821454
v -0.01385493 0.10354880 -0.09915619
v -0.01415177 0.10345321 -0.09912755
v -0.01366409 0.10381591 -0.09800003
v -0.01310292 0.10377630 -0.09929003
v -0.01357331 0.10385840 -0.09793045
v -0.01336319 0.10396801 -0.09769819
v -0.01325966 0.10402201 -0.09758375
v -0.01310009 0.10412080 -0.09731280
v -0.01112141 0.10479210 -0.09682663
v -0.01282021 0.10444661 -0.09595444
v -0.01283063 0.10465261 -0.09476046
v -0.01113957 0.10514991 -0.09474572
v -0.01115282 0.10541291 -0.09322777
v -0.01123714 0.10713940 -0.08356916
v -0.01119324 0.10622731 -0.08860038
v -0.01122352 0.10685311 -0.08512983
v -0.01230429 0.10598640 -0.08818393
v -0.01232706 0.10645691 -0.08557448
v -0.01697193 0.10166090 -0.10319171
v -0.01691562 0.10164860 -0.10339921
v -0.01704616 0.10106121 -0.10646531
v -0.01668938 0.10165400 -0.10391270
v -0.01663952 0.10165520 -0.10402591
v -0.01641032 0.10169040 -0.10436700
v -0.01627926 0.10172011 -0.10450130
v -0.01595337 0.10179381 -0.10483541
v -0.01575940 0.10184591 -0.10497700
v -0.01509505 0.10204320 -0.10531521
v -0.01541839 0.10172471 -0.10645111
v -0.01512154 0.10203521 -0.10530221
v -0.01570952 0.10185930 -0.10501340
v -0.01488418 0.10211071 -0.10538021
v -0.01437455 0.10228290 -0.10544900
v -0.01434975 0.10229130 -0.10545231
v -0.01707573 0.10277470 -0.09658414
v -0.01706324 0.10275741 -0.09671161
v -0.01720937 0.10430600 -0.08775756
v -0.01722299 0.10458821 -0.08619690
v -0.01724695 0.10509150 -0.08345115
v -0.01573115 0.10530630 -0.08554198
v -0.01599441 0.10579220 -0.08231565
v -0.01433787 0.10587461 -0.08493035
v -0.01433625 0.10436940 -0.09325555
v -0.01558692 0.10395951 -0.09326648
v -0.01716122 0.10332600 -0.09328022
v -0.01713792 0.10286081 -0.09594938
v -0.01694481 0.10273230 -0.09713467
v -0.01688931 0.10273530 -0.09724871
v -0.01674043 0.10274321 -0.09755455
v -0.01666916 0.10275421 -0.09765864
v -0.01665571 0.10275631 -0.09767830
v -0.01638543 0.10281540 -0.09796849
v -0.01492873 0.10315140 -0.09925680
v -0.01452536 0.10345521 -0.09835239
v -0.01437488 0.10351291 -0.09833416
v -0.01582389 0.10298201 -0.09828949
v -0.01571732 0.10301741 -0.09832365
v -0.01534045 0.10297500 -0.09939339
v -0.01561215 0.10305461 -0.09833934
v -0.01505750 0.10310041 -0.09928228
v -0.01512785 0.10322600 -0.09841160
v -0.01502200 0.10326510 -0.09841259
v -0.01603120 0.10291800 -0.09818750
v -0.01558075 0.10285611 -0.09954245
v -0.01621237 0.10286210 -0.09809835
v -0.01595985 0.10266871 -0.09977762
v -0.01615244 0.10256121 -0.09995472
v -0.01621038 0.10252891 -0.10000801
v -0.01626882 0.10249151 -0.10008620
v -0.01665263 0.10224570 -0.10060000
v -0.01671106 0.10220131 -0.10071601
v -0.01679430 0.10213791 -0.10088121
v -0.01696266 0.10197101 -0.10143310
v -0.01702347 0.10191070 -0.10163250
v -0.01637561 0.10281801 -0.09797587
v -0.01702054 0.10056421 -0.10940081
v -0.01706473 0.10184150 -0.10192940
v -0.01708222 0.10176391 -0.10233160
v -0.01699383 0.10166571 -0.10311100
v -0.01694828 0.10047020 -0.11012350
v -0.01693787 0.10045671 -0.11022770
v -0.01687900 0.10044150 -0.11046131
v -0.01676179 0.10044150 -0.11074940
v -0.01670150 0.10044150 -0.11089770
v -0.01431047 0.10133841 -0.11111831
v -0.01418845 0.10140831 -0.11096660
v -0.01405357 0.10144900 -0.11100811
v -0.01412358 0.10145090 -0.11085190
v 0.00000000 0.12314811 0.03155639
v -0.00343748 0.12311151 0.03135995
v -0.00441262 0.12310120 0.03130422
v -0.00873105 0.12296390 0.03055518
v -0.00681070 0.12302491 0.03088827
v -0.00478355 0.12308941 0.03123988
v -0.01435018 0.12263350 0.02871867
v -0.01334888 0.12270940 0.02914360
v -0.00956683 0.12508861 0.02522124
v -0.01294733 0.12273981 0.02931401
v -0.01011578 0.12289030 0.03014755
v -0.00956698 0.12291941 0.03030910
v -0.01703849 0.12242981 0.02757779
v -0.01648214 0.12247201 0.02781390
v -0.01435024 0.12403030 0.02540789
v -0.02391708 0.12164780 0.02316608
v -0.02228443 0.12185960 0.02436322
v -0.01913366 0.12504120 0.01783336
v -0.02087136 0.12204291 0.02539935
v -0.02025878 0.12210480 0.02574751
v -0.02764241 0.12105260 0.01979795
v -0.02742126 0.12108900 0.02000357
v -0.02391707 0.12318641 0.01816050
v -0.02494357 0.12149601 0.02230718
v -0.02440298 0.12158481 0.02280979
v -0.02391707 0.12467791 0.01050120
v -0.02870037 0.12083340 0.01855504
v -0.02868357 0.12083690 0.01857477
v -0.03348387 0.11962501 0.01168822
v -0.03335835 0.11966830 0.01193499
v -0.02870049 0.12244271 0.01089543
v -0.03290001 0.11982651 0.01283607
v -0.03160696 0.12016761 0.01477511
v -0.03048246 0.12046421 0.01646141
v -0.02963115 0.12064061 0.01746154
v -0.03348390 0.12033800 0.00387040
v -0.03654239 0.11831811 0.00422663
v -0.03640183 0.11842100 0.00481726
v -0.03362985 0.11957461 0.01140122
v -0.03348390 0.11970930 0.01137752
v -0.03489480 0.11913801 0.00891438
v -0.03604046 0.11859291 0.00579972
v -0.03761104 0.11746051 -0.00068792
v -0.03740835 0.11768431 0.00058770
v -0.03693023 0.11803421 0.00259686
v -0.03796091 0.11613341 -0.00818195
v -0.03348390 0.11869070 -0.01063153
v -0.03774105 0.11578831 -0.01011936
v -0.03669041 0.11451031 -0.01729030
v -0.03711416 0.11480420 -0.01564352
v -0.03348390 0.11666771 -0.01767097
v -0.03714232 0.11484840 -0.01539537
v -0.03768840 0.11570571 -0.01058326
v -0.03496102 0.11331070 -0.02401097
v -0.03598230 0.11401910 -0.02004213
v -0.03474671 0.11320901 -0.02457925
v -0.03479108 0.11323001 -0.02446162
v -0.02712388 0.10956910 -0.04484599
v -0.02870032 0.11032551 -0.04064559
v -0.02870049 0.11098530 -0.03885746
v -0.02939302 0.11065780 -0.03879991
v -0.02870049 0.11681920 -0.02509393
v -0.02998220 0.11094050 -0.03723007
v -0.03128918 0.11156760 -0.03374765
v -0.02391707 0.10865161 -0.05323832
v -0.02391546 0.10680091 -0.06031837
v -0.02459573 0.10773031 -0.05509698
v -0.02705107 0.10951620 -0.04514123
v -0.02391707 0.11350521 -0.03930190
v -0.02507892 0.10808181 -0.05313776
v -0.02507280 0.10807731 -0.05316261
v -0.02303520 0.10552691 -0.06747959
v -0.02311524 0.10570761 -0.06646036
v -0.01913366 0.11093960 -0.05364187
v -0.02377194 0.10660480 -0.06141991
v -0.02205444 0.10054821 -0.09568194
v -0.02209718 0.10151861 -0.09015101
v -0.02189618 0.09695523 -0.11616141
v -0.02185396 0.09598365 -0.12172551
v -0.02237062 0.10282791 -0.08274327
v -0.02240452 0.10299020 -0.08182479
v -0.02284432 0.10509620 -0.06991015
v -0.02123314 0.09107093 -0.14988430
v -0.02142216 0.09256672 -0.14131071
v -0.02146824 0.09293136 -0.13922071
v -0.02052648 0.08910997 -0.16104101
v -0.02099965 0.09042302 -0.15357061
v -0.01913366 0.09150638 -0.15376171
v -0.01951417 0.08734562 -0.17106141
v -0.01992139 0.08789982 -0.16791811
v -0.01913366 0.08839573 -0.16800550
v -0.02025304 0.08835119 -0.16535801
v -0.01875895 0.08643654 -0.17618681
v -0.01896601 0.08659958 -0.17529270
v -0.01435024 0.08880481 -0.17547392
v -0.01899212 0.08663512 -0.17509121
v -0.01913366 0.08682776 -0.17399860
v -0.01552642 0.08441005 -0.18703561
v -0.01559432 0.08444397 -0.18685951
v -0.01435024 0.08662156 -0.18248512
v -0.01665866 0.08497567 -0.18409911
v -0.01732916 0.08531063 -0.18236021
v -0.01735304 0.08532943 -0.18225710
v -0.01754191 0.08547815 -0.18144161
v -0.01395440 0.08389746 -0.18961820
v -0.01408239 0.08393921 -0.18940791
v -0.00956683 0.08512442 -0.18961730
v -0.01435052 0.08402662 -0.18896742
v -0.01153078 0.08341269 -0.19211991
v -0.01036286 0.08326945 -0.19292841
v -0.01007626 0.08324939 -0.19305030
v -0.01192713 0.08346131 -0.19184551
v -0.01382137 0.08385409 -0.18983671
v -0.00284692 0.08293219 -0.19503282
v -0.00478284 0.08298498 -0.19468781
v -0.00478341 0.08572686 -0.18972350
v -0.00569466 0.08300985 -0.19452531
v -0.00726765 0.08305275 -0.19424500
v -0.00858861 0.08314522 -0.19368311
v -0.00956673 0.08321370 -0.19326701
v -0.01433530 0.10514130 -0.08893152
v -0.01281046 0.10558451 -0.08955437
v -0.01117909 0.10593980 -0.09022075
v -0.01477725 0.10647310 -0.08121222
v -0.01433420 0.11282371 -0.05346834
v -0.01608169 0.11224881 -0.05348360
v -0.01913366 0.11557811 -0.03966749
v -0.01750838 0.11168081 -0.05349605
v -0.01750607 0.11161020 -0.05376041
v -0.00956683 0.08794056 -0.18271771
v -0.00478341 0.08861477 -0.18283660
v 0.00000000 0.09112300 -0.17588221
v 0.00000000 0.09105935 -0.17611750
v -0.00478341 0.09090728 -0.17584470
v 0.00000000 0.09038401 -0.17829701
v -0.00956683 0.09018191 -0.17571681
v 0.00000000 0.08290438 -0.19521871
v -0.00230311 0.08291738 -0.19512971
v 0.00000000 0.08566505 -0.19023611
v 0.00000000 0.08588170 -0.18974571
v 0.00000000 0.08812326 -0.18467181
v 0.00000000 0.08876736 -0.18285561
v 0.00000000 0.09624688 -0.15459760
v 0.00000000 0.09608290 -0.15546680
v -0.00478341 0.09598426 -0.15455141
v 0.00000000 0.09345969 -0.16724131
v -0.01435024 0.09366796 -0.15414291
v -0.01435024 0.09062680 -0.16839901
v -0.00956683 0.09513846 -0.15440231
v -0.00956683 0.09205124 -0.16865022
v -0.00478341 0.09282293 -0.16878631
v 0.00000000 0.09303267 -0.16882041
v -0.00478341 0.10355011 -0.11150841
v 0.00000000 0.10383440 -0.11155851
v 0.00000000 0.10316740 -0.11553971
v -0.01435024 0.12645840 0.01758341
v -0.01913366 0.12645441 0.01018788
v -0.01435024 0.12780331 0.00994999
v -0.01913366 0.12688791 0.00271520
v -0.01435024 0.12818851 0.00248581
v -0.01913366 0.12642681 -0.00459972
v -0.01435024 0.12769951 -0.00482418
v -0.01913366 0.12516661 -0.01177368
v -0.01435024 0.12643661 -0.01199768
v -0.01913366 0.12326040 -0.01883372
v -0.01435024 0.12456721 -0.01906421
v -0.01913366 0.12088660 -0.02581129
v -0.01435024 0.12227021 -0.02605532
v -0.01435024 0.11719990 -0.03995353
v -0.01150005 0.11375621 -0.05344361
v -0.00956683 0.12745531 0.01740759
v -0.00956683 0.12874720 0.00978350
v -0.00956683 0.12910050 0.00232495
v -0.00956683 0.12859020 -0.00498129
v -0.00956683 0.12731911 -0.01215333
v -0.00956683 0.12548001 -0.01922520
v -0.00956683 0.12324701 -0.02622759
v -0.00956683 0.11836431 -0.04015890
v -0.01149426 0.11357611 -0.05410700
v -0.00478341 0.11139721 -0.06851504
v 0.00000000 0.11171701 -0.06857376
v 0.00000000 0.11040541 -0.07455735
v -0.00478341 0.10852801 -0.08280146
v -0.00478341 0.11482300 -0.05432678
v -0.00478341 0.11906601 -0.04028264
v 0.00000000 0.11914621 -0.04079388
v 0.00000000 0.11591270 -0.05137405
v 0.00000000 0.11513131 -0.05438489
v 0.00000000 0.11317280 -0.06193200
v -0.00478341 0.12601900 -0.01932027
v 0.00000000 0.12618050 -0.01934718
v 0.00000000 0.12593271 -0.02026386
v -0.00478341 0.12382891 -0.02633022
v 0.00000000 0.12744661 -0.01466439
v -0.00478341 0.12783571 -0.01224444
v 0.00000000 0.12796860 -0.01226642
v -0.00478341 0.12930471 0.00968518
v 0.00000000 0.12956341 0.00889030
v -0.00478341 0.12964060 0.00222969
v 0.00000000 0.12982531 0.00339437
v 0.00000000 0.12981400 0.00219818
v 0.00000000 0.12604770 0.02476090
v 0.00000000 0.12766671 0.01958216
v -0.00478341 0.12804430 0.01730371
v 0.00000000 0.12818201 0.01725743
v 0.00000000 0.12883991 0.01428901
v 0.00000000 0.12946171 0.00964886
v 0.00000000 0.12980840 0.00160549
v 0.00000000 0.12945090 -0.00381721
v -0.00478341 0.12911921 -0.00507458
v 0.00000000 0.12925681 -0.00509986
v 0.00000000 0.12863651 -0.00919829
v 0.00000000 0.12398401 -0.02635206
v 0.00000000 0.12305871 -0.02924299
v 0.00000000 0.11930491 -0.04032550
v -0.02870049 0.12300661 0.00339975
v -0.02870049 0.12261341 -0.00392714
v -0.02870049 0.12134000 -0.01109878
v -0.02870049 0.11934801 -0.01814369
v -0.02391707 0.11907811 -0.02549232
v -0.02391707 0.12153241 -0.01852896
v -0.02391707 0.12348080 -0.01147637
v -0.02391707 0.12474241 -0.00430265
v -0.02391707 0.12517251 0.00301775
v 0.00000000 0.10948450 -0.07921515
v 0.00000000 0.10882531 -0.08285405
v 0.00000000 0.10641240 -0.09617222
v -0.02806771 0.04499999 -0.03891185
v -0.02578903 0.04499998 -0.04038370
v -0.02582473 0.01770100 -0.04043896
v -0.01838589 0.04500000 -0.04428081
v -0.01655677 0.04500000 -0.04497775
v -0.01657901 0.01770100 -0.04503612
v -0.00908752 0.04500000 -0.04709132
v -0.00655412 0.04500000 -0.04748915
v -0.00656289 0.01770100 -0.04754503
v -0.00596515 0.04500000 -0.04758164
v 0.00000000 0.04500002 -0.04799679
v 0.00000000 0.01770100 -0.04799676
v -0.00283922 0.04500001 -0.04784930
v -0.00496346 0.04500000 -0.04773895
v -0.01469454 0.04500001 -0.04568730
v -0.01218366 0.04500000 -0.04635449
v -0.00987759 0.04500000 -0.04696725
v -0.02456811 0.04499997 -0.04117233
v -0.02414128 0.04499997 -0.04144803
v -0.02383975 0.04499996 -0.04164279
v -0.02145561 0.04499998 -0.04284960
v -0.01936574 0.04500000 -0.04390746
v -0.01843769 0.04500000 -0.04426107
v -0.03387041 0.01770100 -0.03396717
v -0.03200640 0.04499996 -0.03573376
v -0.03081555 0.04499997 -0.03669465
v -0.02830537 0.04499999 -0.03872008
v -0.03891063 0.04500003 -0.02801335
v -0.03879562 0.04500003 -0.02819143
v -0.04034220 0.01770100 -0.02592148
v -0.03737474 0.04500001 -0.02994811
v -0.03558358 0.04499998 -0.03216258
v -0.03430535 0.04499998 -0.03343866
v -0.03403199 0.04499997 -0.03371157
v -0.03382326 0.04499997 -0.03391994
v -0.04446650 0.01984370 -0.01790519
v -0.04446046 0.01981649 -0.01792027
v -0.04493936 0.01770100 -0.01667576
v -0.04447118 0.01987296 -0.01789349
v -0.04444442 0.01976842 -0.01796022
v -0.04442404 0.01973176 -0.01801084
v -0.04440055 0.01970882 -0.01806898
v -0.04432638 0.01973176 -0.01825114
v -0.04435015 0.01970882 -0.01819301
v -0.04437540 0.01970100 -0.01813099
v -0.04430561 0.01976842 -0.01830177
v -0.04428918 0.01981649 -0.01834172
v -0.04428298 0.01984360 -0.01835675
v -0.04427814 0.01987296 -0.01836850
v -0.04378591 0.02337296 -0.01951850
v -0.04378073 0.02343067 -0.01953017
v -0.04487955 0.04500000 -0.01665311
v -0.04474884 0.04500000 -0.01699829
v -0.04378169 0.02348950 -0.01952801
v -0.04438170 0.04500000 -0.01796782
v -0.04384302 0.04500001 -0.01939038
v -0.04262674 0.04499992 -0.02179914
v -0.04221953 0.04499990 -0.02260558
v -0.04156152 0.04499985 -0.02390873
v -0.04087398 0.04499990 -0.02497331
v -0.04028534 0.04499993 -0.02588476
v -0.04378872 0.02354619 -0.01951216
v -0.04380142 0.02359761 -0.01948349
v -0.04381906 0.02364090 -0.01944359
v -0.04486823 0.02367366 -0.01686731
v -0.04488649 0.02364090 -0.01681840
v -0.04490133 0.02359761 -0.01677850
v -0.04491197 0.02354619 -0.01674983
v -0.04384062 0.02367366 -0.01939468
v -0.04386489 0.02369407 -0.01933946
v -0.04389049 0.02370100 -0.01928099
v -0.04482558 0.02370100 -0.01698099
v -0.04484756 0.02369407 -0.01692253
v -0.04491785 0.02348950 -0.01673398
v -0.04491864 0.02343067 -0.01673182
v -0.04491432 0.02337296 -0.01674349
v -0.04757529 0.04500003 -0.00539074
v -0.04738318 0.04500002 -0.00664972
v -0.04744827 0.01770100 -0.00665965
v -0.04730266 0.04500001 -0.00717737
v -0.04689455 0.04499999 -0.00985195
v -0.04652956 0.04499999 -0.01124301
v -0.04600915 0.04499998 -0.01322646
v -0.04563017 0.04499998 -0.01467086
v -0.04764624 0.04500003 -0.00492577
v -0.04790000 0.01770100 -0.00009676
v -0.04789468 0.04499998 -0.00009665
v 0.05498007 -0.00000001 -0.24909681
v 0.05497958 -0.00019899 -0.24909681
v 0.05498255 0.00000000 -0.24931772
v 0.05498404 -0.00025971 -0.24953511
v 0.05498479 -0.00000004 -0.24953891
v 0.00000000 -0.05249355 -0.21882872
v 0.00000000 -0.05283369 -0.22152601
v 0.00521807 -0.05271755 -0.22146492
v 0.05498933 -0.00101755 -0.25197902
v 0.05490122 -0.00329268 -0.25259681
v 0.05499627 -0.00059948 -0.25206932
v 0.05500008 0.00000006 -0.25259681
v 0.05499948 -0.00011503 -0.25209681
v 0.05499990 0.00000000 -0.25234662
v 0.05499959 -0.00000000 -0.25209671
v 0.05498674 -0.00117381 -0.25194531
v 0.05498166 -0.00137169 -0.25183981
v 0.05497859 -0.00149170 -0.25177581
v 0.05497732 -0.00153365 -0.25173901
v 0.05497725 -0.00153612 -0.25173681
v 0.05497674 -0.00155189 -0.25171731
v 0.05497629 -0.00156539 -0.25169331
v 0.05497576 -0.00158087 -0.25166581
v 0.05460014 -0.00537141 -0.25259681
v 0.05497545 -0.00158906 -0.25164291
v 0.05497544 -0.00158932 -0.25164221
v 0.05497498 -0.00159890 -0.25158792
v 0.05497495 -0.00159960 -0.25158401
v 0.05497485 -0.00159976 -0.25155891
v 0.05497488 -0.00159543 -0.25153251
v 0.05497492 -0.00159020 -0.25150061
v 0.05497505 -0.00158260 -0.25147831
v 0.05497789 -0.00140138 -0.25101822
v 0.05497832 -0.00137335 -0.25096611
v 0.05499444 0.00000000 -0.25073822
v 0.05499201 -0.00000008 -0.25038562
v 0.05499208 -0.00004041 -0.25038511
v 0.05498036 -0.00126938 -0.25088281
v 0.05498100 -0.00123877 -0.25086981
v 0.05497948 -0.00115874 -0.25037811
v 0.05498151 -0.00121442 -0.25086401
v 0.05498165 -0.00120798 -0.25086361
v 0.05498331 -0.00113048 -0.25086271
v 0.05498076 -0.00110000 -0.25038511
v 0.05498303 -0.00114340 -0.25086142
v 0.05498278 -0.00115538 -0.25086012
v 0.05499625 -0.00011503 -0.25109681
v 0.05499625 -0.00000008 -0.25109141
v 0.05498441 -0.00108041 -0.25087591
v 0.05498532 -0.00102218 -0.25089401
v 0.05499203 -0.00059630 -0.25102581
v 0.05499437 -0.00044798 -0.25107171
v 0.05497860 -0.00135795 -0.25094641
v 0.05497924 -0.00132446 -0.25091581
v 0.05497891 -0.00118277 -0.25037101
v 0.05497944 -0.00131425 -0.25090651
v 0.05497987 -0.00129320 -0.25089302
v 0.05497945 -0.00116039 -0.25037761
v 0.05497803 -0.00121653 -0.25035441
v 0.05497753 -0.00123589 -0.25034491
v 0.05497695 -0.00125620 -0.25033032
v 0.05497838 -0.00136991 -0.25096171
v 0.05497564 -0.00129769 -0.25028811
v 0.05497663 -0.00126621 -0.25032011
v 0.05497531 -0.00130687 -0.25027501
v 0.05497513 -0.00131202 -0.25026761
v 0.05497422 -0.00133412 -0.25022061
v 0.05497409 -0.00133721 -0.25021402
v 0.05497372 -0.00134392 -0.25018991
v 0.05497341 -0.00134683 -0.25016151
v 0.05497308 -0.00134997 -0.25013092
v 0.05497288 -0.00134764 -0.25010081
v 0.05495784 -0.00109988 -0.24831240
v 0.05495731 -0.00108490 -0.24825522
v 0.05426853 -0.00530924 -0.23675961
v 0.05495731 -0.00108472 -0.24825482
v 0.05495718 -0.00107458 -0.24823242
v 0.05495715 -0.00105498 -0.24820341
v 0.05495712 -0.00104151 -0.24818341
v 0.05495719 -0.00102422 -0.24816531
v 0.05495726 -0.00101584 -0.24815912
v 0.05495757 -0.00097678 -0.24813002
v 0.05495767 -0.00096704 -0.24812501
v 0.05454899 0.00000002 -0.24021601
v 0.05433783 0.00000001 -0.23623442
v 0.05465745 0.00000003 -0.24226101
v 0.05495928 -0.00085225 -0.24809681
v 0.05496694 0.00000004 -0.24809681
v 0.05495894 -0.00087322 -0.24809761
v 0.05495781 -0.00095448 -0.24811862
v 0.05495839 -0.00091102 -0.24810501
v 0.05495856 -0.00089802 -0.24810101
v 0.00000000 -0.05143592 -0.21364871
v 0.00019160 -0.05143361 -0.21364251
v 0.00485134 -0.05122834 -0.21356611
v 0.00505367 -0.05121942 -0.21356282
v 0.01037804 -0.05193487 -0.22129081
v 0.00964126 -0.05054190 -0.21340011
v 0.00510563 -0.05121714 -0.21356201
v 0.01491540 -0.04914135 -0.21299742
v 0.01432055 -0.04936035 -0.21306031
v 0.01542475 -0.05062847 -0.22099861
v 0.01011156 -0.05042315 -0.21336592
v 0.01004390 -0.05044023 -0.21337091
v 0.01506847 -0.04908500 -0.21298121
v 0.02029767 -0.04880364 -0.22058721
v 0.01897835 -0.04764553 -0.21256751
v 0.02406487 -0.04504438 -0.21181431
v 0.02332857 -0.04550584 -0.21194902
v 0.02494497 -0.04649032 -0.22006240
v 0.01984329 -0.04722010 -0.21244451
v 0.01960839 -0.04733563 -0.21247792
v 0.02438821 -0.04484173 -0.21175511
v 0.02931748 -0.04371928 -0.21942861
v 0.02743340 -0.04293324 -0.21119770
v 0.03208018 -0.03915892 -0.21007900
v 0.03126624 -0.03994270 -0.21031391
v 0.03337107 -0.04052607 -0.21869151
v 0.02858942 -0.04203127 -0.21093112
v 0.02823705 -0.04230620 -0.21101242
v 0.03242021 -0.03883149 -0.20998081
v 0.03706799 -0.03695146 -0.21785700
v 0.03489406 -0.03644931 -0.20926681
v 0.03864821 -0.03182090 -0.20785301
v 0.03811566 -0.03261003 -0.20809741
v 0.04037168 -0.03303541 -0.21693031
v 0.03590242 -0.03524761 -0.20890081
v 0.03556359 -0.03565140 -0.20902371
v 0.03895979 -0.03135920 -0.20771002
v 0.04325518 -0.02882415 -0.21591781
v 0.04087680 -0.02851855 -0.20683032
v 0.04351831 -0.02338103 -0.20520211
v 0.04320205 -0.02415970 -0.20545371
v 0.04569422 -0.02436363 -0.21482531
v 0.04155110 -0.02725454 -0.20643112
v 0.04130591 -0.02771416 -0.20657621
v 0.04370058 -0.02293227 -0.20505711
v 0.04766929 -0.01970120 -0.21365872
v 0.04506739 -0.01956698 -0.20396971
v 0.04654812 -0.01422860 -0.20219261
v 0.04643655 -0.01484524 -0.20240341
v 0.04916837 -0.01488568 -0.21242381
v 0.04540226 -0.01841216 -0.20358671
v 0.04526959 -0.01886969 -0.20373841
v 0.04662785 -0.01378798 -0.20204202
v 0.05018035 -0.00996518 -0.21112651
v 0.04730511 -0.01004504 -0.20076290
v 0.04764102 -0.00474937 -0.19888351
v 0.04765366 -0.00546171 -0.19914511
v 0.05069057 -0.00498762 -0.20977261
v 0.04737572 -0.00911651 -0.20043511
v 0.04734611 -0.00950590 -0.20057261
v 0.05060512 0.00000000 -0.20840631
v 0.05042840 0.00000000 -0.20767571
v 0.04900218 0.00000000 -0.20177961
v 0.04763559 -0.00444279 -0.19877091
v 0.04881392 0.00000000 -0.20100131
v 0.04755678 -0.00000015 -0.19713951
v 0.05292095 -0.00517605 -0.22248641
v 0.05225825 -0.01032477 -0.22345361
v 0.05108786 -0.01539767 -0.22437901
v 0.04942407 -0.02034611 -0.22525851
v 0.04727980 -0.02512159 -0.22608840
v 0.04467065 -0.02967600 -0.22686451
v 0.04161823 -0.03396274 -0.22758300
v 0.03814919 -0.03793740 -0.22823982
v 0.03429290 -0.04155605 -0.22883081
v 0.03008672 -0.04478058 -0.22935241
v 0.02556956 -0.04757319 -0.22980041
v 0.02078582 -0.04990144 -0.23017141
v 0.01578385 -0.05173710 -0.23046191
v 0.01061464 -0.05305451 -0.23066841
v 0.00533537 -0.05384571 -0.23079151
v 0.00000000 -0.05400760 -0.23083511
v 0.05294762 0.00000000 -0.22150511
v 0.05262759 0.00000000 -0.21921492
v 0.05181766 0.00000000 -0.21341911
v 0.04093002 -0.03673868 -0.25259681
v 0.04233480 -0.03457782 -0.23946832
v 0.03875927 -0.03858068 -0.23981671
v 0.04789738 -0.02668425 -0.25259681
v 0.04821778 -0.02563877 -0.23867501
v 0.04649303 -0.02938377 -0.25259681
v 0.04549734 -0.03024955 -0.23908711
v 0.04159202 -0.03586344 -0.25259681
v 0.04239567 -0.03480093 -0.25259681
v 0.04565151 -0.03049636 -0.25259681
v 0.04833703 -0.02583910 -0.25259681
v 0.05074890 -0.02120285 -0.25259681
v 0.05047244 -0.02079131 -0.23823411
v 0.05080029 -0.02104339 -0.25259681
v 0.05227979 -0.01645287 -0.25259681
v 0.05224216 -0.01575457 -0.23776661
v 0.05457285 -0.00555981 -0.25259681
v 0.05351215 -0.01057741 -0.23727441
v 0.05245516 -0.01590874 -0.25259681
v 0.05357897 -0.01242186 -0.25259681
v 0.05382646 -0.01071306 -0.25259681
v 0.00000000 -0.05500000 -0.25259681
v 0.00252715 -0.05478746 -0.25259681
v 0.00000000 -0.05457431 -0.24119412
v 0.00539374 -0.05451844 -0.24116880
v 0.00000000 -0.05426327 -0.23286261
v 0.01353124 -0.05310975 -0.25259681
v 0.01596620 -0.05240466 -0.24099421
v 0.01073340 -0.05372412 -0.24110362
v 0.00537521 -0.05454794 -0.25259681
v 0.00918691 -0.05422737 -0.25259681
v 0.01070274 -0.05383740 -0.25259681
v 0.02399300 -0.04930902 -0.25259681
v 0.02589961 -0.04824364 -0.24064392
v 0.02103832 -0.05057072 -0.24084031
v 0.03351314 -0.04352893 -0.25259681
v 0.03480245 -0.04221655 -0.24013011
v 0.03044901 -0.04556965 -0.25259681
v 0.03050255 -0.04544915 -0.24040651
v 0.02654238 -0.04817148 -0.25259681
v 0.02590467 -0.04845603 -0.25259681
v 0.01592987 -0.05249268 -0.25259681
v 0.01812160 -0.05192884 -0.25259681
v 0.02097685 -0.05065483 -0.25259681
v 0.03421794 -0.04305952 -0.25259681
v 0.03484648 -0.04246763 -0.25259681
v 0.03877513 -0.03876797 -0.25259681
v 0.05404404 0.00000000 -0.23069491
v 0.05392918 0.00000000 -0.22852922
v 0.05296224 0.00000000 -0.22160971
v 0.02995910 0.07017003 -0.18994691
v 0.02930058 0.07444693 -0.18089181
v 0.03218572 0.07021297 -0.17852801
v 0.03573814 0.06170895 -0.18522361
v 0.03676232 0.05771756 -0.19445371
v 0.03386033 0.06193836 -0.19680941
v 0.04623986 0.02988453 -0.24768481
v 0.04323680 0.03402641 -0.24999221
v 0.04125305 0.03726859 -0.24030272
v 0.05470354 0.00557876 -0.25259681
v 0.05409988 0.00978724 -0.25259681
v 0.05378153 0.01152198 -0.24880021
v 0.05183568 0.01821097 -0.25259671
v 0.05234461 0.01688670 -0.25185720
v 0.05239937 0.01655908 -0.25259671
v 0.04800029 0.02673547 -0.25259671
v 0.04717960 0.02818135 -0.25259681
v 0.04161060 0.03587173 -0.25259671
v 0.03997307 0.03773070 -0.25259671
v 0.03987132 0.03788534 -0.25212602
v 0.00000003 0.06109809 -0.22616201
v 0.00000004 0.06189929 -0.22460101
v 0.00706524 0.06147261 -0.22455671
v 0.02264639 0.07296756 -0.19898991
v 0.02357988 0.07326562 -0.19729981
v 0.02633415 0.07143084 -0.19632652
v 0.02962109 0.07983446 -0.16005541
v 0.02977239 0.08078511 -0.15466531
v 0.03032554 0.07834269 -0.16015781
v 0.02976111 0.08484288 -0.13165830
v 0.02974304 0.08520571 -0.12960111
v 0.03063216 0.07998198 -0.12659530
v 0.03084586 0.07944703 -0.11882371
v 0.03087608 0.07919242 -0.11877881
v 0.03090353 0.07785186 -0.12537131
v 0.03234753 0.07139939 -0.14428411
v 0.03239997 0.07122976 -0.14460281
v 0.03231767 0.07171588 -0.14488181
v 0.03669683 0.05755043 -0.16402950
v 0.03681050 0.05716809 -0.16439201
v 0.03774409 0.05509294 -0.16995420
v 0.04276375 0.03481375 -0.18122730
v 0.04279541 0.03466093 -0.18131051
v 0.04276198 0.03645543 -0.18234622
v 0.04284511 0.03442102 -0.18144120
v 0.04418198 0.02796845 -0.18495431
v 0.04505859 0.02697089 -0.18844051
v 0.04621657 0.01456164 -0.19122460
v 0.04640964 0.01299616 -0.19190391
v 0.04715599 0.01733081 -0.19443951
v 0.04675081 0.01022989 -0.19310410
v 0.04685501 0.00893740 -0.19361601
v 0.04737690 0.00862111 -0.19517031
v 0.04747515 0.00124515 -0.19666261
v 0.05454899 0.00000002 -0.24021601
v 0.05465745 0.00000003 -0.24226101
v 0.05464863 0.00571235 -0.24547041
v 0.05496686 0.00120773 -0.24907042
v 0.05496762 0.00117900 -0.24908390
v 0.05498244 0.00055140 -0.24959532
v 0.05496817 0.00115562 -0.24909040
v 0.05496818 0.00115486 -0.24909062
v 0.05496933 0.00110000 -0.24909681
v 0.05498387 0.00021830 -0.24956091
v 0.05498477 0.00000921 -0.24953921
v 0.05496422 0.00129522 -0.24900291
v 0.05497877 0.00091980 -0.24972291
v 0.05496421 0.00129544 -0.24900261
v 0.05496366 0.00130986 -0.24898262
v 0.05496553 0.00125559 -0.24904191
v 0.05496561 0.00125306 -0.24904441
v 0.05496621 0.00123252 -0.24905871
v 0.05495584 0.00115497 -0.24810292
v 0.05495680 0.00110000 -0.24809681
v 0.05495568 0.00116462 -0.24810562
v 0.05495545 0.00117908 -0.24810962
v 0.05495482 0.00122462 -0.24813112
v 0.05495471 0.00123258 -0.24813481
v 0.05495448 0.00125311 -0.24814911
v 0.05495429 0.00127555 -0.24817122
v 0.05495413 0.00129524 -0.24819061
v 0.05495409 0.00130989 -0.24821092
v 0.05495412 0.00131545 -0.24822232
v 0.05495422 0.00133592 -0.24826402
v 0.05495434 0.00134126 -0.24828212
v 0.05495438 0.00134301 -0.24828801
v 0.05495500 0.00135000 -0.24834681
v 0.05496119 0.00135000 -0.24884681
v 0.05496198 0.00134338 -0.24890231
v 0.05497859 0.00093395 -0.24973082
v 0.05497689 0.00106706 -0.24980491
v 0.05496303 0.00132367 -0.24895442
v 0.05496203 0.00134300 -0.24890551
v 0.05496246 0.00133591 -0.24892952
v 0.05497515 0.00118919 -0.24990381
v 0.05497380 0.00128490 -0.24998130
v 0.05497276 0.00135579 -0.25006161
v 0.05497240 0.00138234 -0.25010441
v 0.05497092 0.00149194 -0.25028111
v 0.05497069 0.00151608 -0.25034231
v 0.05497045 0.00154001 -0.25040290
v 0.05497061 0.00158023 -0.25060861
v 0.05497066 0.00159632 -0.25069091
v 0.05497097 0.00159986 -0.25076251
v 0.05497130 0.00160000 -0.25082241
v 0.05497383 0.00156143 -0.25110841
v 0.05497384 0.00156121 -0.25110911
v 0.05489832 0.00211151 -0.25259681
v 0.05497527 0.00152738 -0.25121821
v 0.05497779 0.00145445 -0.25136241
v 0.05497957 0.00140232 -0.25146541
v 0.05498182 0.00132604 -0.25156752
v 0.05498287 0.00128414 -0.25160672
v 0.05498732 0.00110636 -0.25177311
v 0.05498853 0.00104988 -0.25181172
v 0.05498894 0.00103041 -0.25182501
v 0.05499395 0.00073285 -0.25196391
v 0.05499491 0.00067626 -0.25199041
v 0.05499658 0.00053583 -0.25203061
v 0.05499785 0.00031001 -0.25205851
v 0.05424750 0.00370356 -0.23279371
v 0.05404404 0.00000000 -0.23069491
v 0.05319264 0.00767099 -0.22354881
v 0.05287966 0.00093997 -0.21965411
v 0.05215168 0.00276710 -0.21493571
v 0.05021870 0.00604891 -0.20527050
v 0.05042840 0.00000000 -0.20767571
v 0.05126725 0.00447208 -0.21014241
v 0.04982076 0.01462038 -0.20445501
v 0.04894091 0.00744675 -0.20028890
v 0.04752032 0.00068487 -0.19688452
v 0.04482370 0.02417435 -0.18680941
v 0.04529491 0.02132618 -0.18818650
v 0.04754511 0.02412129 -0.19837071
v 0.04563822 0.01925109 -0.18919001
v 0.04572436 0.01855258 -0.18949301
v 0.04418305 0.02796328 -0.18495712
v 0.04425154 0.02763271 -0.18513711
v 0.03981328 0.04663887 -0.17345371
v 0.04105894 0.04188335 -0.17684731
v 0.04217941 0.04248722 -0.18581220
v 0.04136035 0.04063344 -0.17762171
v 0.04216672 0.03728954 -0.17969341
v 0.03823545 0.05235116 -0.16890591
v 0.04094696 0.04801158 -0.18896711
v 0.03948559 0.04788991 -0.17256091
v 0.03976726 0.04681456 -0.17332830
v 0.03811947 0.05276505 -0.16856681
v 0.03813035 0.05272624 -0.16859861
v 0.03362142 0.06794278 -0.15424581
v 0.03428895 0.06522254 -0.15481821
v 0.03641464 0.06054156 -0.17306262
v 0.03518961 0.06238925 -0.15850851
v 0.03545560 0.06155250 -0.15959830
v 0.03269156 0.07028660 -0.14637551
v 0.03323812 0.06851873 -0.14969811
v 0.03383690 0.06664052 -0.15261561
v 0.03396962 0.06622422 -0.15326231
v 0.03180406 0.07330941 -0.13986631
v 0.03126624 0.07568599 -0.13563871
v 0.03163825 0.07389212 -0.13851850
v 0.03090665 0.07769984 -0.12611880
v 0.03090638 0.07771289 -0.12605461
v 0.03113656 0.07605626 -0.13222671
v 0.03120514 0.07576039 -0.13308681
v 0.03137750 0.07501694 -0.13524831
v 0.03020500 0.08346128 -0.11953151
v 0.02965992 0.08687552 -0.12013350
v 0.03032053 0.08143425 -0.13893081
v 0.02983478 0.08336272 -0.14005060
v 0.02940188 0.07845705 -0.16786511
v 0.02959631 0.07967878 -0.16093810
v 0.02812003 0.07613166 -0.18104990
v 0.02822628 0.07632439 -0.17995701
v 0.02873495 0.07724717 -0.17472501
v 0.02887019 0.07749253 -0.17333390
v 0.02615149 0.07447972 -0.19041612
v 0.02647158 0.07464843 -0.18945951
v 0.02705103 0.07516980 -0.18650341
v 0.02798113 0.07600667 -0.18175851
v 0.02557537 0.07417604 -0.19213790
v 0.02623247 0.07374697 -0.19190782
v 0.02531529 0.07403897 -0.19291511
v 0.02426035 0.07348291 -0.19606791
v 0.01879089 0.07205358 -0.20417211
v 0.02035009 0.07236074 -0.20243051
v 0.02161048 0.07183377 -0.20218011
v 0.02090234 0.07246953 -0.20181361
v 0.01313827 0.07137851 -0.20799961
v 0.01428413 0.07145800 -0.20754901
v 0.01490587 0.06829444 -0.21145532
v 0.01559960 0.07161731 -0.20664561
v 0.01801984 0.06748249 -0.21107351
v 0.01603535 0.07167009 -0.20634641
v 0.01813537 0.07192443 -0.20490431
v 0.00800056 0.06938951 -0.21189471
v 0.00969352 0.07113955 -0.20935441
v 0.01000377 0.07116108 -0.20923242
v 0.00027144 0.06984132 -0.21193962
v 0.00058979 0.07093020 -0.21054141
v 0.00407544 0.07096160 -0.21036341
v 0.00670389 0.07104486 -0.20989131
v 0.00846576 0.07110067 -0.20957492
v 0.00000001 0.06688836 -0.21598020
v 0.00000001 0.06691530 -0.21593731
v 0.00736223 0.06649556 -0.21595901
v 0.00000000 0.06860636 -0.21367431
v 0.00000007 0.06379046 -0.22091641
v 0.00703687 0.06384599 -0.22017321
v 0.00000006 0.06423797 -0.22020330
v 0.00055747 0.05808699 -0.23392620
v -0.00000008 0.05815546 -0.23393321
v -0.00000012 0.05886513 -0.23164611
v -0.00000010 0.05918373 -0.23086370
v -0.00000010 0.05918436 -0.23086212
v 0.00819078 0.05756036 -0.23383541
v 0.00181392 0.05667249 -0.23889761
v -0.00000003 0.05676683 -0.23888321
v -0.00000002 0.05713176 -0.23723220
v -0.00000018 0.05523869 -0.24771801
v -0.00000010 0.05574089 -0.24404321
v 0.00347519 0.05557406 -0.24406282
v -0.00000007 0.05592657 -0.24268451
v -0.00000012 0.05515415 -0.24944761
v 0.00173556 0.05506357 -0.24947241
v 0.00556990 0.05481407 -0.24943551
v 0.00000000 0.05500020 -0.25259701
v 0.00141264 0.05498226 -0.25259701
v 0.00253715 0.05490075 -0.25259701
v 0.00323703 0.05485002 -0.25259691
v 0.00652445 0.05461171 -0.25259681
v 0.00698425 0.05453532 -0.25259681
v 0.01148270 0.05378804 -0.25259681
v 0.01245929 0.05370659 -0.24898851
v 0.01356521 0.05324279 -0.25259681
v 0.01855482 0.05197927 -0.24816151
v 0.01635028 0.05251360 -0.25259681
v 0.01388391 0.05315935 -0.25259681
v 0.02403759 0.04977351 -0.24704121
v 0.02159321 0.05058405 -0.25259681
v 0.02011484 0.05112814 -0.25259681
v 0.02397773 0.04942121 -0.25259681
v 0.02566376 0.04864768 -0.25218962
v 0.02402926 0.04939609 -0.25259681
v 0.02579370 0.04853564 -0.25259681
v 0.02656082 0.04816155 -0.25259681
v 0.03040571 0.04586351 -0.25071472
v 0.03098288 0.04542705 -0.25259671
v 0.03472559 0.04274978 -0.24903772
v 0.03350842 0.04352972 -0.25259671
v 0.03121836 0.04528143 -0.25259671
v 0.03900286 0.03873988 -0.25259671
v 0.03570595 0.04181895 -0.25259671
v 0.03552936 0.04198387 -0.25259671
v 0.04653256 0.02932129 -0.25259681
v 0.04609779 0.03000006 -0.25259681
v 0.04379743 0.03318614 -0.25259681
v 0.04298464 0.03431188 -0.25259671
v 0.05116254 0.02018358 -0.25259671
v 0.05005222 0.02264959 -0.25259671
v 0.04886214 0.02544533 -0.24519522
v 0.04902688 0.02492685 -0.25259671
v 0.05402414 0.01031532 -0.25259681
v 0.05282897 0.01530014 -0.25259671
v 0.05242042 0.01649739 -0.25259671
v 0.05474522 0.00528812 -0.25259681
v 0.04450938 0.03332444 -0.23811660
v 0.03979505 0.04092125 -0.23086491
v 0.05276721 0.01552107 -0.23957481
v 0.05106331 0.02067733 -0.24250401
v 0.05386600 0.00989234 -0.23635591
v 0.05273128 0.01379742 -0.22707292
v 0.05137886 0.01753253 -0.21768560
v 0.04842681 0.02820089 -0.22376222
v 0.05024278 0.02313213 -0.22088661
v 0.05154503 0.01935786 -0.23024990
v 0.03816197 0.04922827 -0.21260340
v 0.04119393 0.04510895 -0.21030992
v 0.04208955 0.04101718 -0.21947851
v 0.04879603 0.02679359 -0.21145420
v 0.04713935 0.03198672 -0.21440611
v 0.04487473 0.03670517 -0.21706690
v 0.04603153 0.03281733 -0.22636051
v 0.04973078 0.02103677 -0.20815681
v 0.04870248 0.02262942 -0.20329461
v 0.04856332 0.01603411 -0.19948310
v 0.04371712 0.04059238 -0.20777291
v 0.04568623 0.03564319 -0.20497061
v 0.04700562 0.03018671 -0.20185731
v 0.05086621 0.01304112 -0.20932540
v 0.05174037 0.01132814 -0.21411381
v 0.04493173 0.03335849 -0.19212470
v 0.03912842 0.05307834 -0.19184141
v 0.03782535 0.05685197 -0.18247781
v 0.03220405 0.07332277 -0.15731220
v 0.03115590 0.07729542 -0.14807061
v 0.02989361 0.08218093 -0.14675121
v 0.03040441 0.06572667 -0.19889991
v 0.03455606 0.06557706 -0.17591781
v 0.03311749 0.06614942 -0.18771391
v 0.02991766 0.08169787 -0.14949010
v 0.02054692 0.05663015 -0.22789051
v 0.01498006 0.05637472 -0.23334051
v 0.01438470 0.05830540 -0.22868560
v 0.00745198 0.05937905 -0.22911181
v -0.00000005 0.05987098 -0.22917581
v 0.01409438 0.06286978 -0.21980671
v 0.01408822 0.06046944 -0.22417372
v 0.01438717 0.06549392 -0.21557701
v 0.02033494 0.06125570 -0.21904920
v 0.00000000 0.07092489 -0.21057151
v 0.00000000 0.06988553 -0.21196241
v 0.03946104 0.03831198 -0.25259671
v 0.03758932 0.04089463 -0.24229380
v 0.03351227 0.04419795 -0.24408702
v 0.02900534 0.04716563 -0.24567440
v 0.01068398 0.05471597 -0.24376872
v 0.01704551 0.05319635 -0.24306912
v 0.02274319 0.05115839 -0.24205171
v 0.02788338 0.04868515 -0.24076741
v 0.03252619 0.04582356 -0.23924501
v 0.03670911 0.04260290 -0.23750251
v 0.02091259 0.06649779 -0.21058581
v 0.02359496 0.06534883 -0.20999742
v 0.02578311 0.05902293 -0.21791230
v 0.02608056 0.06404624 -0.20931481
v 0.03051464 0.05623061 -0.21643241
v 0.02838327 0.06260085 -0.20854470
v 0.01867047 0.07202984 -0.20430660
v 0.02406976 0.07051062 -0.20148490
v 0.02634715 0.06904545 -0.20070262
v 0.04734645 0.02905295 -0.23572981
v 0.04313903 0.03704555 -0.22872071
v 0.03882609 0.04495576 -0.22166120
v 0.03600837 0.04445130 -0.23279711
v 0.03508288 0.04851974 -0.22361421
v 0.03176238 0.04762272 -0.23450941
v 0.03082694 0.05168339 -0.22532180
v 0.02702458 0.05041014 -0.23598642
v 0.02600394 0.05440429 -0.22675791
v 0.02174845 0.05277723 -0.23720561
v 0.01586586 0.05467082 -0.23813452
v 0.00927035 0.05600775 -0.23872212
v 0.03461674 0.05294684 -0.21465121
v 0.02845515 0.06744803 -0.19983930
v 0.03051589 0.06102265 -0.20769322
v 0.03431490 0.05750223 -0.20576692
v 0.03754733 0.05353943 -0.20356932
v 0.04024943 0.04916255 -0.20111791
v 0.04241965 0.04437039 -0.19841191
v 0.04401144 0.03912659 -0.19542901
v 0.02138378 0.07256437 -0.20127581
v 0.02166131 0.07265300 -0.20077342
v 0.01357947 -0.05329726 -0.26009681
v 0.05246292 0.01651189 -0.26009681
v 0.03354904 0.04358282 -0.26009681
v 0.02405965 0.04945840 -0.26009681
v 0.04804923 0.02676325 -0.26009681
v 0.05499948 0.00023751 -0.25792482
v 0.05499959 0.00021073 -0.25798130
v 0.05471615 0.00558057 -0.26009681
v 0.05499974 0.00017078 -0.25802931
v 0.05499987 0.00012015 -0.25806602
v 0.05498249 0.00138751 -0.25442482
v 0.05498220 0.00139917 -0.25436711
v 0.05500000 0.00000000 -0.25809672
v 0.05471615 -0.00558057 -0.26009681
v 0.05500000 0.00000022 -0.25809681
v 0.05499996 0.00006201 -0.25808900
v 0.05499996 -0.00006201 -0.25808900
v 0.05499987 -0.00012015 -0.25806602
v 0.05499974 -0.00017078 -0.25802931
v 0.05499959 -0.00021073 -0.25798130
v 0.05499948 -0.00023751 -0.25792482
v 0.05498249 -0.00138751 -0.25442482
v 0.05498220 -0.00139917 -0.25436711
v 0.05498226 -0.00139702 -0.25430832
v 0.05498265 -0.00138117 -0.25425161
v 0.05498337 -0.00135250 -0.25420012
v 0.05498433 -0.00131260 -0.25415692
v 0.05498548 -0.00126368 -0.25412411
v 0.05498672 -0.00120846 -0.25410371
v 0.05498797 -0.00115000 -0.25409671
v 0.05498797 0.00115000 -0.25409671
v 0.05498672 0.00120846 -0.25410371
v 0.05498548 0.00126368 -0.25412411
v 0.05498433 0.00131260 -0.25415692
v 0.05498337 0.00135250 -0.25420012
v 0.05498265 0.00138117 -0.25425161
v 0.05498226 0.00139702 -0.25430832
v 0.04165686 0.03591248 -0.26009681
v 0.00254009 0.05494131 -0.26009681
v 0.00000000 0.05500000 -0.26009681
v 0.00000000 0.05500020 -0.25259701
v 0.00254009 -0.05494131 -0.26009681
v 0.00000000 -0.05500000 -0.26009681
v 0.01357947 0.05329726 -0.26009681
v 0.05280000 0.01540000 -0.25576161
v 0.05280000 0.01540000 -0.25643190
v 0.05280067 0.01539771 -0.25646663
v 0.05280263 0.01539097 -0.25650050
v 0.05280589 0.01537979 -0.25653340
v 0.05281034 0.01536452 -0.25656431
v 0.05281593 0.01534527 -0.25659321
v 0.05282256 0.01532242 -0.25661921
v 0.05283844 0.01526757 -0.25666130
v 0.05285686 0.01520369 -0.25668782
v 0.05287653 0.01513514 -0.25669682
v 0.05318835 0.01400000 -0.25669682
v 0.05318835 0.01400000 -0.25783192
v 0.05319009 0.01399336 -0.25789082
v 0.05319524 0.01397377 -0.25794682
v 0.05320352 0.01394222 -0.25799711
v 0.05346585 0.01289972 -0.25803901
v 0.05347595 0.01285778 -0.25799711
v 0.05345371 0.01294994 -0.25807051
v 0.05321449 0.01390028 -0.25803901
v 0.05322758 0.01385006 -0.25807051
v 0.05324212 0.01379408 -0.25809010
v 0.05325736 0.01373514 -0.25809681
v 0.05342573 0.01306486 -0.25809681
v 0.05344012 0.01300592 -0.25809010
v 0.05379330 0.01145778 -0.25659712
v 0.05380001 0.01142623 -0.25654683
v 0.05376153 0.01160592 -0.25669011
v 0.05377359 0.01154994 -0.25667051
v 0.05378435 0.01149972 -0.25663902
v 0.05348353 0.01282623 -0.25794682
v 0.05348822 0.01280664 -0.25789082
v 0.05348981 0.01280000 -0.25783192
v 0.05374877 0.01166486 -0.25669682
v 0.05348981 0.01280000 -0.25669682
v 0.05380558 0.01140000 -0.25576161
v 0.05380558 0.01140000 -0.25643190
v 0.05380417 0.01140664 -0.25649083
v 0.05380417 0.01140664 -0.25570271
v 0.05380001 0.01142623 -0.25564671
v 0.05379330 0.01145778 -0.25559651
v 0.05378435 0.01149972 -0.25555452
v 0.05377359 0.01154994 -0.25552301
v 0.05376153 0.01160592 -0.25550341
v 0.05374877 0.01166486 -0.25549681
v 0.05348981 0.01280000 -0.25549681
v 0.05348981 0.01280000 -0.25436161
v 0.05348822 0.01280664 -0.25430272
v 0.05348353 0.01282623 -0.25424672
v 0.05347595 0.01285778 -0.25419651
v 0.05346585 0.01289972 -0.25415451
v 0.05345371 0.01294994 -0.25412301
v 0.05344012 0.01300592 -0.25410341
v 0.05342573 0.01306486 -0.25409671
v 0.05325736 0.01373514 -0.25409671
v 0.05323963 0.01380369 -0.25410582
v 0.05319364 0.01397987 -0.25426031
v 0.05319072 0.01399098 -0.25429312
v 0.05319767 0.01396451 -0.25422921
v 0.05322303 0.01386757 -0.25413221
v 0.05320870 0.01392242 -0.25417431
v 0.05320272 0.01394526 -0.25420041
v 0.05318835 0.01400000 -0.25549681
v 0.05287653 0.01513514 -0.25549681
v 0.05318835 0.01400000 -0.25436161
v 0.05318894 0.01399774 -0.25432711
v 0.05285686 0.01520369 -0.25550581
v 0.05283844 0.01526757 -0.25553221
v 0.05282256 0.01532242 -0.25557431
v 0.05280587 0.01537987 -0.25566031
v 0.05280263 0.01539097 -0.25569311
v 0.05280066 0.01539774 -0.25572711
v 0.05281594 0.01534524 -0.25560041
v 0.05281034 0.01536452 -0.25562921
v 0.05281682 -0.01534222 -0.25659712
v 0.05280764 -0.01537377 -0.25654683
v 0.05246292 -0.01651189 -0.26009681
v 0.05380417 -0.01140664 -0.25649083
v 0.05380001 -0.01142623 -0.25654683
v 0.05379330 -0.01145778 -0.25659712
v 0.05378435 -0.01149972 -0.25663902
v 0.05377359 -0.01154994 -0.25667051
v 0.05285963 -0.01519408 -0.25669011
v 0.05284350 -0.01525006 -0.25667051
v 0.05282898 -0.01530028 -0.25663902
v 0.05376153 -0.01160592 -0.25669011
v 0.05374877 -0.01166486 -0.25669682
v 0.05287653 -0.01513514 -0.25669682
v 0.05280194 -0.01539336 -0.25649083
v 0.05280000 -0.01540000 -0.25643190
v 0.05280000 -0.01540000 -0.25576161
v 0.05280066 -0.01539773 -0.25572702
v 0.05280263 -0.01539097 -0.25569311
v 0.05280590 -0.01537976 -0.25566011
v 0.05281034 -0.01536452 -0.25562921
v 0.05281596 -0.01534516 -0.25560022
v 0.05282256 -0.01532242 -0.25557431
v 0.05283844 -0.01526757 -0.25553221
v 0.05380001 -0.01142623 -0.25564671
v 0.05380417 -0.01140664 -0.25570271
v 0.05380558 -0.01140000 -0.25576161
v 0.05380558 -0.01140000 -0.25643190
v 0.05285686 -0.01520369 -0.25550581
v 0.05287653 -0.01513514 -0.25549681
v 0.05374877 -0.01166486 -0.25549681
v 0.05376153 -0.01160592 -0.25550341
v 0.05377359 -0.01154994 -0.25552301
v 0.05378435 -0.01149972 -0.25555452
v 0.05379330 -0.01145778 -0.25559651
v 0.04804923 -0.02676325 -0.26009681
v 0.04165686 -0.03591248 -0.26009681
v 0.03354904 -0.04358282 -0.26009681
v 0.02405965 -0.04945840 -0.26009681
v 0.01070274 -0.05383740 -0.25259681
v 0.00596934 0.04500000 -0.04758588
v 0.00656289 0.04500000 -0.04754503
v 0.00656289 0.01770100 -0.04754503
v 0.04789468 0.04499998 -0.00009665
v 0.04790000 0.01770100 -0.00009676
v 0.04752906 0.04500000 -0.00547190
v 0.04744827 0.01770100 -0.00665965
v 0.04744827 0.04500000 -0.00665965
v 0.04731909 0.04500000 -0.00717535
v 0.00283536 0.04500001 -0.04780162
v 0.01657901 0.04500000 -0.04503612
v 0.01657901 0.01770100 -0.04503612
v 0.01210146 0.04500000 -0.04615769
v 0.00902519 0.04500000 -0.04692826
v 0.01801764 0.04500000 -0.04432081
v 0.01829008 0.04500000 -0.04418534
v 0.02582473 0.01770100 -0.04043896
v 0.02129357 0.04500000 -0.04269195
v 0.02361735 0.04500000 -0.04153652
v 0.02449640 0.04500000 -0.04109944
v 0.02582473 0.04500000 -0.04043896
v 0.03387041 0.04500000 -0.03396717
v 0.03387041 0.01770100 -0.03396717
v 0.03059157 0.04500000 -0.03660461
v 0.02770537 0.04500000 -0.03892621
v 0.03406423 0.04500000 -0.03372622
v 0.03426887 0.04500000 -0.03347181
v 0.04034220 0.01770100 -0.02592148
v 0.03713587 0.04500000 -0.02990758
v 0.03839725 0.04500000 -0.02833944
v 0.04034220 0.04500000 -0.02592148
v 0.04081123 0.04500000 -0.02497819
v 0.04181714 0.04500000 -0.02295512
v 0.04240639 0.04500000 -0.02177003
v 0.04493936 0.01770100 -0.01667576
v 0.04430944 0.04500000 -0.01794266
v 0.04481480 0.04500000 -0.01692630
v 0.04493936 0.04500000 -0.01667576
v 0.04580984 0.04500000 -0.01320063
v 0.04620221 0.04500000 -0.01163422
v -0.01894617 0.06646817 0.04389702
v -0.02003314 0.06666696 0.04336135
v -0.02005380 0.01770100 0.04340330
v -0.04781692 0.01770100 0.00272315
v -0.04789543 0.05007669 -0.00009664
v -0.04784212 0.08160057 0.00225732
v -0.04790024 0.08235312 -0.00009654
v -0.04789911 0.07476403 -0.00009656
v -0.04779608 0.08144580 0.00272111
v -0.04789776 0.06574021 -0.00009659
v -0.04789624 0.05546344 -0.00009662
v -0.04610161 0.01770100 0.01290524
v -0.04605611 0.07795418 0.01289141
v -0.04645088 0.07841861 0.01159620
v -0.04778708 0.08141555 0.00281174
v -0.04737123 0.08001754 0.00700091
v -0.04689404 0.07918851 0.00938350
v -0.04218548 0.07445349 0.02245096
v -0.04220084 0.07446386 0.02242304
v -0.04224403 0.01770100 0.02248315
v -0.04246519 0.07464215 0.02194266
v -0.04315536 0.07510765 0.02068845
v -0.04507598 0.07680114 0.01610713
v -0.04515343 0.07689225 0.01585301
v -0.04546440 0.07725808 0.01483276
v -0.03642345 0.01770100 0.03101180
v -0.03638634 0.07127649 0.03097987
v -0.03651513 0.07133248 0.03083027
v -0.03805900 0.07204052 0.02893679
v -0.03947666 0.07279433 0.02691422
v -0.04065276 0.07341970 0.02523629
v -0.03768108 0.07183956 0.02947597
v -0.02891033 0.01770100 0.03809490
v -0.03058715 0.06913404 0.03671171
v -0.03138887 0.06936666 0.03608541
v -0.03201428 0.06959096 0.03548549
v -0.03355138 0.07014222 0.03401105
v -0.03484515 0.07060621 0.03277003
v -0.02148918 0.06693328 0.04264379
v -0.02267460 0.06715010 0.04205961
v -0.02334644 0.06727298 0.04172852
v -0.02455330 0.06755358 0.04097115
v -0.02750930 0.06824092 0.03911610
v -0.02760473 0.06826861 0.03904155
v -0.02887479 0.06863714 0.03804939
v -0.01435663 0.06583207 0.04560113
v -0.01218921 0.06562054 0.04616239
v -0.01026541 0.01770100 0.04669033
v -0.01530575 0.06596363 0.04524872
v -0.01841562 0.06639463 0.04409401
v -0.00595059 0.06515612 0.04738703
v -0.00962761 0.06537053 0.04682572
v -0.01025819 0.06543207 0.04666243
v 0.00957233 0.06535337 0.04683712
v 0.00595068 0.06514947 0.04738771
v 0.01026541 0.01770100 0.04669033
v 0.00480837 0.06508517 0.04756137
v 0.00000000 0.01770100 0.04780324
v 0.00000000 0.06499585 0.04780332
v -0.00481026 0.06508963 0.04756110
v 0.01877757 0.06641777 0.04396920
v 0.01841754 0.06636859 0.04410161
v 0.02005380 0.01770100 0.04340330
v 0.01530497 0.06594329 0.04524634
v 0.01424844 0.06579893 0.04563490
v 0.01218961 0.06560276 0.04616422
v 0.01025908 0.06541880 0.04666056
v 0.02759878 0.06825981 0.03903210
v 0.02731019 0.06817636 0.03925503
v 0.02891033 0.01770100 0.03809490
v 0.02455145 0.06753634 0.04096890
v 0.02317742 0.06721759 0.04182251
v 0.02274390 0.06713877 0.04203403
v 0.02148956 0.06691076 0.04264602
v 0.02003469 0.06664630 0.04335586
v 0.03199890 0.06958793 0.03548558
v 0.03642345 0.01770100 0.03101180
v 0.03355014 0.07014183 0.03400867
v 0.03479201 0.07058528 0.03282630
v 0.03117783 0.06929476 0.03626731
v 0.03059065 0.06912497 0.03672090
v 0.02887522 0.06862891 0.03804606
v 0.04084307 0.07354155 0.02492855
v 0.03947570 0.07279890 0.02691503
v 0.04224403 0.01770100 0.02248315
v 0.03809174 0.07204724 0.02892562
v 0.03796021 0.07197581 0.02911671
v 0.03650922 0.07133896 0.03081564
v 0.03637598 0.07128048 0.03097165
v 0.04546199 0.07724393 0.01485979
v 0.04518947 0.07691143 0.01578790
v 0.04610161 0.01770100 0.01290524
v 0.04517047 0.07689450 0.01583412
v 0.04329407 0.07522307 0.02039814
v 0.04246217 0.07465235 0.02193581
v 0.04219633 0.07446997 0.02242719
v 0.04218264 0.07446057 0.02245250
v 0.04751028 0.08035836 0.00600092
v 0.04781692 0.01770100 0.00272315
v 0.04776245 0.08140790 0.00282357
v 0.04777070 0.08144221 0.00271969
v 0.04689376 0.07918767 0.00938134
v 0.04660386 0.07863723 0.01097083
v 0.04604139 0.07795090 0.01288648
v 0.04790187 0.07377571 -0.00009675
v 0.04790024 0.08235312 -0.00009654
v 0.04787734 0.08188604 0.00137608
v 0.04790378 0.06380345 -0.00009699
v 0.04789860 0.05310499 -0.00009680
v 0.04789916 0.05425313 -0.00009682
v 0.04790364 0.06350960 -0.00009698
v -0.02411042 0.04942696 -0.25259681
v -0.02405965 0.04945840 -0.25259681
v -0.02405965 0.04945840 -0.26009681
v -0.00254009 0.05494131 -0.25259681
v -0.00254009 0.05494131 -0.26009681
v -0.00323312 0.05483810 -0.25259681
v -0.04804923 0.02676325 -0.26009681
v -0.04804923 0.02676325 -0.25259681
v -0.04718998 0.02818847 -0.25259681
v -0.05471615 -0.00558057 -0.26009681
v -0.05471615 -0.00558057 -0.25259681
v -0.05472582 -0.00539047 -0.25259681
v -0.05471615 0.00558057 -0.26009681
v -0.05500008 0.00000006 -0.25259681
v -0.05489274 0.00210972 -0.25259681
v -0.00254009 -0.05494131 -0.25259681
v -0.00254009 -0.05494131 -0.26009681
v -0.01357947 -0.05329726 -0.25259681
v -0.01357947 -0.05329726 -0.26009681
v -0.01069769 -0.05372643 -0.25259681
v -0.00535914 -0.05452148 -0.25259681
v -0.02405965 -0.04945840 -0.25259681
v -0.02405965 -0.04945840 -0.26009681
v -0.02096632 -0.05059148 -0.25259681
v -0.01589831 -0.05244787 -0.25259681
v -0.03354904 -0.04358282 -0.25259681
v -0.03354904 -0.04358282 -0.26009681
v -0.03042432 -0.04551756 -0.25259681
v -0.02583580 -0.04835865 -0.25259681
v -0.03479033 -0.04240850 -0.25259681
v -0.03871033 -0.03870002 -0.25259681
v -0.04165686 -0.03591248 -0.26009681
v -0.04165686 -0.03591248 -0.25259681
v -0.04241783 -0.03482332 -0.25259681
v -0.04804923 -0.02676325 -0.26009681
v -0.04550789 -0.03040060 -0.25259681
v -0.04804923 -0.02676325 -0.25259681
v -0.04842441 -0.02589183 -0.25259681
v -0.05246292 -0.01651189 -0.26009681
v -0.05055752 -0.02093743 -0.25259681
v -0.05246292 -0.01651189 -0.25259681
v -0.05257780 -0.01595452 -0.25259681
v -0.05366648 -0.01067292 -0.25259681
v -0.05246292 0.01651189 -0.25259681
v -0.05246292 0.01651189 -0.26009681
v -0.05386925 0.00968921 -0.25259681
v -0.05471615 0.00558057 -0.25259681
v -0.05243459 0.01657768 -0.25259681
v -0.05172095 0.01823520 -0.25259681
v -0.04986970 0.02253496 -0.25259681
v -0.04609779 0.03000006 -0.25259681
v -0.04374515 0.03313224 -0.25259681
v -0.04165686 0.03591248 -0.26009681
v -0.04165686 0.03591248 -0.25259681
v -0.03987983 0.03759362 -0.25259681
v -0.03867596 0.03873254 -0.25259681
v -0.03558911 0.04165282 -0.25259681
v -0.03354904 0.04358282 -0.26009681
v -0.03354904 0.04358282 -0.25259681
v -0.03089692 0.04522494 -0.25259681
v -0.02574022 0.04841783 -0.25259681
v -0.02007823 0.05091678 -0.25259681
v -0.01388199 0.05318645 -0.25259681
v -0.01357947 0.05329726 -0.26009681
v -0.01357947 0.05329726 -0.25259681
v -0.00700925 0.05427574 -0.25259681
v 0.02334613 0.00002240 -0.17402970
v 0.02740361 0.00002061 -0.17569541
v 0.02632472 0.01189652 -0.17113491
v 0.01425472 0.06763620 -0.11674121
v 0.01267691 0.06714032 -0.11665371
v 0.01278217 0.06588170 -0.12297900
v 0.00368100 0.06566437 -0.11639351
v 0.00000000 0.06555313 -0.11637391
v 0.00000000 0.06428157 -0.12262900
v 0.03211173 0.01212255 -0.17477410
v 0.03725512 0.01239570 -0.17932441
v 0.03553223 0.02442547 -0.17413491
v 0.04518303 0.00000351 -0.19300581
v 0.04662834 0.00000099 -0.19523171
v 0.04585910 0.00986606 -0.19130201
v 0.03060097 0.07392446 -0.13254021
v 0.03056358 0.07412038 -0.13187630
v 0.02802732 0.07181074 -0.13119561
v 0.03030687 0.07581808 -0.12561860
v 0.03030112 0.07592685 -0.12513740
v 0.02775649 0.07355604 -0.12463351
v 0.02757229 0.07496635 -0.11803370
v 0.03025637 0.07677224 -0.12139731
v 0.03026050 0.07731839 -0.11844841
v 0.03033269 0.07533033 -0.12777650
v 0.03120192 0.07155971 -0.13920371
v 0.02858971 0.06947425 -0.13762321
v 0.03193376 0.06917723 -0.14445661
v 0.02943048 0.06649173 -0.14381901
v 0.03206121 0.06878733 -0.14516291
v 0.03213168 0.06857173 -0.14555341
v 0.03119128 0.07159436 -0.13912731
v 0.03113878 0.07179063 -0.13859740
v 0.03068294 0.07349492 -0.13399570
v 0.03286133 0.06633954 -0.14959681
v 0.03051663 0.06285305 -0.14968291
v 0.03327137 0.06509885 -0.15146581
v 0.03468904 0.06077161 -0.15742400
v 0.03467320 0.06082033 -0.15736211
v 0.03179461 0.05859915 -0.15513430
v 0.03391909 0.06313898 -0.15441831
v 0.03330731 0.06499012 -0.15162960
v 0.03630416 0.05566316 -0.16320110
v 0.03623851 0.05587281 -0.16297361
v 0.03319377 0.05380995 -0.16012911
v 0.03614867 0.05615968 -0.16266230
v 0.03510147 0.05950354 -0.15903391
v 0.03754828 0.05149431 -0.16712701
v 0.03464419 0.04858692 -0.16466341
v 0.03768586 0.05100070 -0.16752981
v 0.03943681 0.04460140 -0.17257571
v 0.03922957 0.04540256 -0.17200820
v 0.03608516 0.04303102 -0.16876351
v 0.03901452 0.04623390 -0.17141941
v 0.03784712 0.05042214 -0.16800192
v 0.04051738 0.04042419 -0.17553462
v 0.03748537 0.03723420 -0.17247640
v 0.04073802 0.03948814 -0.17611131
v 0.04345719 0.02697230 -0.18336091
v 0.03995806 0.02516952 -0.17896371
v 0.04362276 0.02613864 -0.18381271
v 0.04365739 0.02591963 -0.18391891
v 0.04222026 0.03319993 -0.17998541
v 0.04218359 0.03335550 -0.17988961
v 0.04096786 0.03851306 -0.17671201
v 0.04452721 0.02041816 -0.18658651
v 0.04174113 0.01270138 -0.18457641
v 0.04484776 0.01839065 -0.18756960
v 0.04548881 0.01298723 -0.18993540
v 0.04540148 0.01372338 -0.18961311
v 0.00702334 0.00002663 -0.17052432
v 0.01135243 0.00002619 -0.17080821
v 0.01278605 0.02255849 -0.16248231
v 0.01155146 0.00002613 -0.17085241
v 0.00642008 0.02240926 -0.16157030
v 0.00598042 0.03247707 -0.15724390
v 0.00000000 0.03233242 -0.15684580
v 0.00000000 0.00002734 -0.17006352
v 0.00562697 0.00002677 -0.17043270
v 0.00000000 0.02235816 -0.16127311
v 0.00000000 0.02379024 -0.16070931
v 0.01398417 0.00002547 -0.17139260
v 0.01744561 0.00002452 -0.17216120
v 0.01901802 0.02283047 -0.16413161
v 0.02005345 0.01172688 -0.16848281
v 0.02038385 0.00002371 -0.17281361
v 0.02082808 0.00002352 -0.17299601
v 0.03838507 0.00001229 -0.18426971
v 0.03940884 0.00001134 -0.18526051
v 0.04105894 0.00000910 -0.18747392
v 0.04276233 0.00000679 -0.18975881
v 0.04426977 0.00000475 -0.19178082
v 0.03464515 0.00001576 -0.18065000
v 0.03516418 0.00001528 -0.18115231
v 0.03812221 0.00001253 -0.18401531
v 0.02924555 0.00001943 -0.17689781
v 0.03220522 0.00001753 -0.17882990
v 0.03323287 0.00001687 -0.17950071
v 0.03392361 0.00001643 -0.17995161
v 0.02024503 0.06999363 -0.11715680
v 0.01840613 0.06897235 -0.11697680
v 0.01686406 0.06715013 -0.12325790
v 0.01811882 0.06885067 -0.11695530
v 0.01674989 0.06842041 -0.11687941
v 0.02498150 0.02323522 -0.16661190
v 0.02849238 0.03482026 -0.16465731
v 0.02327994 0.03390336 -0.16173220
v 0.02736979 0.04007612 -0.16168140
v 0.02140354 0.04382063 -0.15605891
v 0.02622706 0.04512445 -0.15840621
v 0.02046170 0.04845852 -0.15275101
v 0.02508655 0.04991825 -0.15476551
v 0.01955808 0.05281347 -0.14903150
v 0.02399163 0.05438704 -0.15069901
v 0.01873264 0.05679354 -0.14484200
v 0.02299225 0.05843626 -0.14616541
v 0.01802574 0.06029285 -0.14014771
v 0.02213885 0.06196713 -0.14115131
v 0.01746800 0.06321238 -0.13495420
v 0.02146971 0.06489648 -0.13568291
v 0.01707826 0.06549650 -0.12930460
v 0.02100838 0.06718660 -0.12981861
v 0.02076428 0.06885601 -0.12362810
v 0.02059901 0.07019023 -0.11719150
v 0.02561978 0.07325801 -0.11773240
v 0.02476152 0.07250708 -0.11760000
v 0.02441585 0.07100016 -0.12408810
v 0.02472675 0.07248268 -0.11759571
v 0.02432074 0.07225718 -0.11755601
v 0.03053040 0.02377211 -0.16996630
v 0.03324130 0.03594172 -0.16827432
v 0.03196402 0.04144556 -0.16495551
v 0.03065757 0.04672586 -0.16129740
v 0.02934879 0.05171501 -0.15724261
v 0.02808970 0.05632857 -0.15274651
v 0.02694024 0.06046881 -0.14778850
v 0.02596097 0.06404560 -0.14238140
v 0.02519780 0.06699511 -0.13657651
v 0.02467899 0.06930157 -0.13045130
v 0.01132097 0.06671415 -0.11657860
v 0.00850193 0.06632680 -0.11651031
v 0.00857691 0.06502636 -0.12278981
v 0.00750000 0.06618914 -0.11648601
v 0.00000000 0.06104892 -0.13257111
v 0.00890682 0.06109690 -0.13401850
v 0.00000000 0.06259755 -0.12839471
v 0.00869801 0.06338336 -0.12864730
v 0.00000000 0.06373075 -0.12533861
v 0.01295582 0.06423558 -0.12891410
v 0.01326120 0.06195149 -0.13439901
v 0.00000000 0.06037155 -0.13368221
v 0.00000000 0.05747771 -0.13842881
v 0.00461968 0.05769765 -0.13856251
v 0.00000000 0.05701118 -0.13919401
v 0.00480472 0.05423596 -0.14275420
v 0.00000000 0.05397229 -0.14252851
v 0.00501922 0.05035595 -0.14640821
v 0.00000000 0.05203820 -0.14465070
v 0.00000000 0.05013621 -0.14615931
v 0.00525309 0.04617527 -0.14959541
v 0.00000000 0.04600566 -0.14943540
v 0.00549632 0.04178156 -0.15240250
v 0.00000000 0.04158042 -0.15204981
v 0.00000000 0.03715303 -0.15466550
v 0.01190851 0.03273981 -0.15806991
v 0.01771419 0.03321021 -0.15954481
v 0.01094329 0.04216123 -0.15308280
v 0.01627958 0.04283421 -0.15428831
v 0.01045876 0.04660133 -0.15018441
v 0.01555968 0.04735484 -0.15122620
v 0.00999328 0.05081465 -0.14689870
v 0.01486853 0.05162540 -0.14776571
v 0.00956682 0.05471269 -0.14314451
v 0.01423610 0.05555593 -0.14383521
v 0.00919956 0.05818016 -0.13885821
v 0.01369267 0.05903508 -0.13938300
v 0.03140444 0.08954973 -0.05855268
v 0.03117375 0.08919947 -0.06096592
v 0.03116820 0.08927713 -0.06097584
v 0.03097616 0.08889946 -0.06303302
v 0.03092210 0.08883626 -0.06394909
v 0.03085906 0.08822490 -0.06705439
v 0.03084815 0.08831556 -0.06706391
v 0.03137724 0.08965161 -0.05845028
v 0.03138958 0.08966069 -0.05837499
v 0.03149919 0.08969358 -0.05756147
v 0.03195245 0.09007441 -0.05494142
v 0.03194535 0.09000667 -0.05493410
v 0.03204518 0.09007674 -0.05434615
v 0.03221504 0.09026742 -0.05333957
v 0.03218976 0.09017820 -0.05349476
v 0.03300514 0.09047808 -0.05018627
v 0.03309210 0.09058377 -0.04978252
v 0.03330181 0.09058718 -0.04898249
v 0.03328940 0.09065493 -0.04898231
v 0.03344168 0.09063862 -0.04841496
v 0.03339348 0.09069246 -0.04856019
v 0.03420172 0.09077482 -0.04607522
v 0.03501237 0.09095829 -0.04362977
v 0.03480628 0.09088314 -0.04421409
v 0.03702612 0.09099511 -0.03860523
v 0.03640166 0.09099064 -0.04009029
v 0.03757306 0.09100940 -0.03733839
v 0.03522134 0.09091111 -0.04314122
v 0.03521176 0.09096396 -0.04313681
v 0.03565999 0.09094066 -0.04200737
v 0.03589701 0.09098343 -0.04144261
v 0.03740089 0.09102616 -0.03772449
v 0.04267700 0.09015793 -0.02556181
v 0.04265937 0.09016266 -0.02560471
v 0.04269451 0.09018422 -0.02556475
v 0.04099186 0.09061129 -0.02966217
v 0.04042986 0.09073169 -0.03093180
v 0.04016782 0.09074679 -0.03152164
v 0.04016805 0.09075714 -0.03151894
v 0.03995928 0.09078109 -0.03199222
v 0.03935970 0.09083571 -0.03333171
v 0.03911455 0.09084272 -0.03389670
v 0.03758426 0.09095437 -0.03734686
v 0.04298888 0.09011306 -0.02486711
v 0.04481136 0.08932447 -0.01972961
v 0.04425323 0.08957534 -0.02133591
v 0.04282843 0.09015184 -0.02524738
v 0.04337495 0.08997014 -0.02386354
v 0.03022479 0.09215606 -0.06774109
v 0.02944867 0.09599656 -0.06841828
v 0.02958731 0.09630896 -0.06662713
v 0.04771458 0.08555347 -0.00388866
v 0.04683564 0.09476332 -0.00009676
v 0.04771817 0.08551233 -0.00375110
v 0.04781351 0.08441910 -0.00009680
v 0.04562131 0.10473561 -0.00454707
v 0.04565354 0.10508610 -0.00009676
v 0.04683264 0.09478953 -0.00009676
v 0.04729866 0.08671679 -0.00814032
v 0.04725577 0.08682924 -0.00855400
v 0.04550661 0.10437820 -0.00898648
v 0.04768966 0.08567646 -0.00431928
v 0.04768317 0.08570845 -0.00443130
v 0.04559775 0.10447941 -0.00779943
v 0.04559262 0.10442351 -0.00850817
v 0.04713943 0.08713433 -0.00967623
v 0.04661419 0.08782760 -0.01255169
v 0.04471989 0.10396351 -0.01336161
v 0.04657228 0.08788292 -0.01278112
v 0.04635416 0.08817083 -0.01397524
v 0.04556632 0.08877720 -0.01696580
v 0.04556293 0.08877980 -0.01697863
v 0.04482931 0.09620701 -0.01735440
v 0.04435599 0.10377170 -0.01538525
v 0.04409705 0.10363521 -0.01682528
v 0.03935850 0.10207880 -0.02989885
v 0.04084649 0.10255031 -0.02643170
v 0.04199216 0.09641005 -0.02568502
v 0.04095618 0.10258690 -0.02610755
v 0.04210104 0.10296901 -0.02272411
v 0.04380160 0.10353660 -0.01769843
v 0.03748516 0.10148510 -0.03426391
v 0.03935970 0.09083571 -0.03333171
v 0.03632790 0.10111841 -0.03696044
v 0.03504659 0.10071241 -0.03994599
v 0.03589701 0.09098343 -0.04144261
v 0.03421218 0.10031730 -0.04248717
v 0.03366748 0.10005931 -0.04414599
v 0.03196611 0.09925364 -0.04932744
v 0.03167925 0.09898385 -0.05093916
v 0.03309210 0.09058377 -0.04978252
v 0.03158068 0.09889115 -0.05149298
v 0.03012620 0.09752318 -0.05966506
v 0.03013287 0.09752945 -0.05962757
v 0.03024096 0.09763112 -0.05902026
v 0.04498412 0.08922528 -0.01917573
v 0.02956379 0.08790845 -0.11427691
v 0.02937086 0.09496647 -0.07425882
v 0.02927643 0.09371646 -0.08134626
v 0.03085193 0.08603489 -0.07999224
v 0.02918231 0.09247043 -0.08841105
v 0.03085572 0.08375409 -0.09292112
v 0.02919897 0.09227121 -0.08954061
v 0.03086129 0.08039978 -0.11193541
v 0.02926879 0.09143621 -0.09427501
v 0.00254009 -0.05494131 -0.26009681
v 0.00000000 -0.05500000 -0.26009681
v 0.00000000 0.05500000 -0.26009681
v -0.00254009 -0.05494131 -0.26009681
v -0.00254009 0.05494131 -0.26009681
v -0.01357947 0.05329726 -0.26009681
v 0.00254009 0.05494131 -0.26009681
v 0.01357947 0.05329726 -0.26009681
v 0.02405965 0.04945840 -0.26009681
v -0.01357947 -0.05329726 -0.26009681
v -0.03354904 0.04358282 -0.26009681
v -0.02405965 0.04945840 -0.26009681
v -0.04165686 -0.03591248 -0.26009681
v -0.04804923 -0.02676325 -0.26009681
v -0.05471615 0.00558057 -0.26009681
v -0.05246292 -0.01651189 -0.26009681
v -0.05471615 -0.00558057 -0.26009681
v -0.03354904 -0.04358282 -0.26009681
v -0.05246292 0.01651189 -0.26009681
v -0.04804923 0.02676325 -0.26009681
v -0.02405965 -0.04945840 -0.26009681
v -0.04165686 0.03591248 -0.26009681
v 0.02405965 -0.04945840 -0.26009681
v 0.04165686 0.03591248 -0.26009681
v 0.03354904 -0.04358282 -0.26009681
v 0.04165686 -0.03591248 -0.26009681
v 0.03354904 0.04358282 -0.26009681
v 0.01357947 -0.05329726 -0.26009681
v 0.04804923 0.02676325 -0.26009681
v 0.05246292 0.01651189 -0.26009681
v 0.05471615 0.00558057 -0.26009681
v 0.05471615 -0.00558057 -0.26009681
v 0.05246292 -0.01651189 -0.26009681
v 0.04804923 -0.02676325 -0.26009681
v 0.03149622 0.07195530 -0.13933561
v 0.03086335 0.07869391 -0.11868950
v 0.03086333 0.07869374 -0.11868950
v 0.03090705 0.07721991 -0.12593831
v 0.04712900 0.00033592 -0.19603071
v 0.04591984 0.01415810 -0.19042391
v 0.03058379 0.07626204 -0.12571801
v 0.03090353 0.07785186 -0.12537131
v 0.03089198 0.07892405 -0.11872960
v 0.03793915 0.05134029 -0.16783851
v 0.03640521 0.05652436 -0.16294260
v 0.03492946 0.06122795 -0.15762731
v 0.03356779 0.06541565 -0.15185751
v 0.03240436 0.06899373 -0.14573450
v 0.03056358 0.07412038 -0.13187630
v 0.03087797 0.07435871 -0.13266021
v 0.03060097 0.07392446 -0.13254021
v 0.03821942 0.05202824 -0.16853931
v 0.03667432 0.05727080 -0.16359241
v 0.03396962 0.06622422 -0.15326231
v 0.03384019 0.06627117 -0.15236840
v 0.03519571 0.06203141 -0.15821360
v 0.03681050 0.05716809 -0.16439201
v 0.03179890 0.07288109 -0.13968841
v 0.03269028 0.06989064 -0.14616511
v 0.03239997 0.07122976 -0.14460281
v 0.03119552 0.07530310 -0.13294201
v 0.03137750 0.07501694 -0.13524831
v 0.03081985 0.07834421 -0.11862861
v 0.03076078 0.07819516 -0.11860270
v 0.03079856 0.07672417 -0.12582331
v 0.04640964 0.01299616 -0.19190391
v 0.04610890 0.01437088 -0.19083820
v 0.04572436 0.01855258 -0.18949301
v 0.04732485 0.00051056 -0.19645800
v 0.03977907 0.04635591 -0.17308881
v 0.04130709 0.04037054 -0.17724271
v 0.04408224 0.02772178 -0.18454022
v 0.04276951 0.03416236 -0.18103220
v 0.04216672 0.03728954 -0.17969341
v 0.04519485 0.02111743 -0.18779431
v 0.04482370 0.02417435 -0.18680941
v 0.03086333 0.07869374 -0.11868950
v 0.03109050 0.07481536 -0.13279261
v 0.03170173 0.07240503 -0.13950031
v 0.03260093 0.06943190 -0.14593560
v 0.03375569 0.06583629 -0.15209731
v 0.03511125 0.06162529 -0.15790441
v 0.03658464 0.05689496 -0.16325192
v 0.03811972 0.05168297 -0.16817400
v 0.03966704 0.04603916 -0.17270501
v 0.04118154 0.04007919 -0.17684600
v 0.04262937 0.03389218 -0.18062771
v 0.04392550 0.02747287 -0.18413001
v 0.04502151 0.02088703 -0.18738140
v 0.04372040 0.02722573 -0.18374061
v 0.04243359 0.03362290 -0.18024632
v 0.04099240 0.03978864 -0.17647471
v 0.03948293 0.04572385 -0.17234892
v 0.03076071 0.07819497 -0.11860270
v 0.03059770 0.07778360 -0.11853131
v 0.03055590 0.07772593 -0.11852101
v 0.03055600 0.07772606 -0.11852101
v 0.03976726 0.04681456 -0.17332830
v 0.03085193 0.08603489 -0.07999224
v 0.03055088 0.08684360 -0.06679917
v 0.03024948 0.08642740 -0.06673133
v 0.03025499 0.08187292 -0.09258969
v 0.03026050 0.07731839 -0.11844841
v 0.03055108 0.08684388 -0.06679922
v 0.03058780 0.08689460 -0.06680748
v 0.03075301 0.08731494 -0.06688359
v 0.03075320 0.08731540 -0.06688369
v 0.03080264 0.08744123 -0.06690647
v 0.03084799 0.08781627 -0.06697409
v 0.03084805 0.08781681 -0.06697417
v 0.03087091 0.08800590 -0.06700827
v -0.02024278 0.06999763 -0.11715751
v -0.02059679 0.07019413 -0.11719221
v -0.02076426 0.06885601 -0.12362810
v -0.02561914 0.07325875 -0.11773260
v -0.02757191 0.07496679 -0.11803370
v -0.02775646 0.07355603 -0.12463351
v -0.00461967 0.05769765 -0.13856251
v -0.02005343 0.01172688 -0.16848281
v -0.01348414 0.01161460 -0.16675181
v -0.01278604 0.02255849 -0.16248231
v -0.04074437 0.03950353 -0.17613381
v -0.04097235 0.03852365 -0.17672881
v -0.03748534 0.03723419 -0.17247631
v -0.01155109 0.00002612 -0.17087042
v -0.00703528 0.00002686 -0.17033860
v -0.00642007 0.02240926 -0.16157030
v -0.00563486 0.00002696 -0.17027631
v -0.00691811 0.00002688 -0.17032481
v -0.01400818 0.00002557 -0.17128791
v -0.01756462 0.00002465 -0.17201540
v -0.02082895 0.00002353 -0.17300541
v -0.02210284 0.00002309 -0.17339181
v -0.02632470 0.01189652 -0.17113491
v -0.02622093 0.00002119 -0.17510520
v -0.02337624 0.00002251 -0.17392161
v -0.03223783 0.00001764 -0.17875060
v -0.02998272 0.00001907 -0.17716120
v -0.03211170 0.01212255 -0.17477410
v -0.02929529 0.00001946 -0.17678552
v -0.02731611 0.00002058 -0.17570371
v -0.03815731 0.00001260 -0.18395220
v -0.03724282 0.00001361 -0.18293951
v -0.03725509 0.01239570 -0.17932441
v -0.03519419 0.00001541 -0.18110331
v -0.03470650 0.00001584 -0.18066621
v -0.03378889 0.00001665 -0.17984371
v -0.03325370 0.00001699 -0.17946652
v -0.04286013 0.00000698 -0.18968601
v -0.04112252 0.00000921 -0.18738331
v -0.04174111 0.01270138 -0.18457641
v -0.04044603 0.00001008 -0.18648670
v -0.03841303 0.00001232 -0.18423541
v -0.04354828 0.00000609 -0.19059802
v -0.04548435 0.01298600 -0.18993112
v -0.04436172 0.00000475 -0.19182171
v -0.04594730 0.00893984 -0.19168401
v -0.04662834 0.00000099 -0.19523171
v -0.04375378 0.02539853 -0.18419021
v -0.04452115 0.02041452 -0.18658032
v -0.03995803 0.02516951 -0.17896371
v -0.04365347 0.02591541 -0.18391361
v -0.04496207 0.01755084 -0.18795361
v -0.04540003 0.01372299 -0.18961190
v -0.04217734 0.03334462 -0.17987400
v -0.04238438 0.03245476 -0.18041441
v -0.04344958 0.02696599 -0.18335151
v -0.03777045 0.05072326 -0.16779740
v -0.03784861 0.05044031 -0.16802370
v -0.03464416 0.04858691 -0.16466341
v -0.03920681 0.04552340 -0.17195551
v -0.03608513 0.04303100 -0.16876351
v -0.03944018 0.04461190 -0.17259031
v -0.04070733 0.03966271 -0.17603710
v -0.03319374 0.05380994 -0.16012911
v -0.03624045 0.05586164 -0.16295870
v -0.03641426 0.05530681 -0.16356020
v -0.03768695 0.05100548 -0.16753651
v -0.03467345 0.06082006 -0.15736251
v -0.03468866 0.06077342 -0.15742271
v -0.03179459 0.05859914 -0.15513421
v -0.03501942 0.05975939 -0.15873301
v -0.03615115 0.05614670 -0.16264960
v -0.03051661 0.06285303 -0.14968291
v -0.03327338 0.06509146 -0.15146030
v -0.03330881 0.06498436 -0.15162661
v -0.03376002 0.06362044 -0.15374401
v -0.02943045 0.06649169 -0.14381901
v -0.03207036 0.06876574 -0.14515031
v -0.03213836 0.06855593 -0.14554461
v -0.03267131 0.06691136 -0.14863500
v -0.03177206 0.06968625 -0.14342051
v -0.02858969 0.06947422 -0.13762321
v -0.03121839 0.07152679 -0.13918731
v -0.02802730 0.07181073 -0.13119550
v -0.03053894 0.07415947 -0.13188950
v -0.03055217 0.07407508 -0.13219640
v -0.03058306 0.07395201 -0.13254861
v -0.03105742 0.07206189 -0.13795661
v -0.03114068 0.07178511 -0.13859321
v -0.03028940 0.07575103 -0.12610000
v -0.03028761 0.07584813 -0.12562601
v -0.03028579 0.07594709 -0.12514290
v -0.03026050 0.07731839 -0.11844841
v -0.01901800 0.02283047 -0.16413161
v -0.01190850 0.03273981 -0.15806991
v -0.00598041 0.03247707 -0.15724390
v -0.00549631 0.04178156 -0.15240250
v -0.01253164 0.00002596 -0.17098591
v -0.00850222 0.06633821 -0.11651230
v -0.01107342 0.06666012 -0.11656901
v -0.01278216 0.06588170 -0.12297900
v -0.01686404 0.06715013 -0.12325790
v -0.01295581 0.06423558 -0.12891410
v -0.01707825 0.06549649 -0.12930460
v -0.01326119 0.06195149 -0.13439901
v -0.01746798 0.06321237 -0.13495420
v -0.01369266 0.05903508 -0.13938300
v -0.01802572 0.06029284 -0.14014771
v -0.01423609 0.05555593 -0.14383521
v -0.01873262 0.05679353 -0.14484200
v -0.01486852 0.05162540 -0.14776571
v -0.01955806 0.05281346 -0.14903150
v -0.01555966 0.04735484 -0.15122620
v -0.02046168 0.04845851 -0.15275101
v -0.01627957 0.04283420 -0.15428831
v -0.02140352 0.04382062 -0.15605891
v -0.02327992 0.03390336 -0.16173220
v -0.00270587 0.06561251 -0.11638431
v -0.00749885 0.06621260 -0.11649010
v -0.00857690 0.06502636 -0.12278981
v -0.00890681 0.06109690 -0.13401850
v -0.00869800 0.06338336 -0.12864730
v -0.00501921 0.05035595 -0.14640821
v -0.00480471 0.05423596 -0.14275420
v -0.03553221 0.02442547 -0.17413491
v -0.03053038 0.02377211 -0.16996630
v -0.02498147 0.02323522 -0.16661190
v -0.01771417 0.03321021 -0.15954481
v -0.01094328 0.04216123 -0.15308280
v -0.01045875 0.04660133 -0.15018441
v -0.00525308 0.04617527 -0.14959541
v -0.00999326 0.05081465 -0.14689870
v -0.00956680 0.05471269 -0.14314451
v -0.00919955 0.05818016 -0.13885821
v -0.02849236 0.03482025 -0.16465720
v -0.03324127 0.03594171 -0.16827432
v -0.02441583 0.07100013 -0.12408810
v -0.02431905 0.07226011 -0.11755651
v -0.02475239 0.07250064 -0.11759891
v -0.01266972 0.06716234 -0.11665761
v -0.01424737 0.06765869 -0.11674511
v -0.01674230 0.06844362 -0.11688350
v -0.01835976 0.06895250 -0.11697320
v -0.03196399 0.04144555 -0.16495551
v -0.02736977 0.04007611 -0.16168140
v -0.03065754 0.04672584 -0.16129740
v -0.02622704 0.04512444 -0.15840621
v -0.02934876 0.05171500 -0.15724261
v -0.02508653 0.04991824 -0.15476540
v -0.02808967 0.05632856 -0.15274651
v -0.02399161 0.05438703 -0.15069901
v -0.02694022 0.06046880 -0.14778841
v -0.02299223 0.05843625 -0.14616541
v -0.02596095 0.06404558 -0.14238140
v -0.02213883 0.06196713 -0.14115131
v -0.02519778 0.06699511 -0.13657651
v -0.02146969 0.06489646 -0.13568291
v -0.02467897 0.06930156 -0.13045130
v -0.02100836 0.06718658 -0.12981861
v 0.04666347 -0.00070339 -0.19549551
v 0.04716587 -0.00035920 -0.19629112
v 0.04667537 -0.00172322 -0.19587200
v -0.00000000 -0.05091288 -0.21171681
v 0.00489295 -0.05069889 -0.21164372
v 0.00492405 -0.05069753 -0.21164321
v 0.00563462 -0.05059307 -0.21161901
v 0.00927715 -0.05005763 -0.21149452
v 0.00986618 -0.04991080 -0.21145152
v 0.01154782 -0.04949163 -0.21132852
v 0.01379952 -0.04893035 -0.21116381
v 0.01473349 -0.04859348 -0.21106741
v 0.01746741 -0.04760740 -0.21078511
v 0.01819889 -0.04734357 -0.21070960
v 0.01937808 -0.04677562 -0.21054492
v 0.02253041 -0.04525732 -0.21010472
v 0.02338125 -0.04473294 -0.20995040
v 0.02380853 -0.04446960 -0.20987301
v 0.02661389 -0.04274061 -0.20936441
v 0.02746895 -0.04208394 -0.20916921
v 0.02790934 -0.04174572 -0.20906861
v 0.02929582 -0.04068090 -0.20875201
v 0.03040246 -0.03983101 -0.20849931
v 0.03165832 -0.03864453 -0.20814091
v 0.03388808 -0.03653796 -0.20750451
v 0.03976665 -0.02895348 -0.20515760
v 0.04130591 -0.02771416 -0.20657621
v 0.04063622 -0.02737945 -0.20465681
v 0.04112920 -0.02648710 -0.20437301
v 0.04209848 -0.02473259 -0.20381481
v 0.04246907 -0.02385795 -0.20353031
v 0.04276431 -0.02316111 -0.20330371
v 0.04398041 -0.02029089 -0.20237011
v 0.04426375 -0.01936546 -0.20206172
v 0.04526959 -0.01886969 -0.20373841
v 0.04445421 -0.01874335 -0.20185430
v 0.04539480 -0.01567112 -0.20083032
v 0.04554562 -0.01489837 -0.20056491
v 0.04567816 -0.01421926 -0.20033161
v 0.04631766 -0.01094282 -0.19920642
v 0.04730511 -0.01004504 -0.20076290
v 0.04635955 -0.01046067 -0.19903552
v 0.04643002 -0.00964981 -0.19874801
v 0.04672787 -0.00622224 -0.19753301
v 0.04672591 -0.00605511 -0.19747131
v 0.04671451 -0.00507806 -0.19711061
v 0.03702122 -0.03289950 -0.20638902
v 0.03807849 -0.03137988 -0.20591480
v 0.03701487 -0.03290687 -0.20639131
v 0.03507220 -0.03516286 -0.20708291
v 0.03521006 -0.03500276 -0.20703381
v 0.01747271 -0.04555779 -0.20598040
v 0.02339057 -0.04372151 -0.20766072
v 0.02339041 -0.03959623 -0.20026971
v 0.03818458 -0.01453734 -0.18970301
v 0.03522565 -0.01665407 -0.18776591
v 0.03522573 -0.02019768 -0.19010621
v 0.00000000 -0.03793703 -0.19042671
v 0.00000000 -0.03803976 -0.19052880
v 0.00563670 -0.03784091 -0.19071021
v 0.01746741 -0.04760740 -0.21078511
v 0.01747279 -0.04730982 -0.20996022
v 0.02930826 -0.03718862 -0.20247280
v 0.04114382 -0.02497167 -0.20248661
v 0.04114359 -0.01568959 -0.19423161
v 0.01155394 -0.00743321 -0.17387241
v 0.00000000 -0.01611297 -0.17711291
v 0.00563624 -0.01603062 -0.17717091
v 0.00000000 -0.00724535 -0.17311350
v 0.00563609 -0.00782641 -0.17351270
v 0.00000000 0.00002734 -0.17006352
v 0.01747179 -0.00664851 -0.17459040
v 0.02740361 0.00002061 -0.17569541
v 0.02338965 -0.00529763 -0.17582652
v 0.03220522 0.00001753 -0.17882990
v 0.03226642 -0.00159426 -0.17921540
v 0.02930750 -0.00311533 -0.17782351
v 0.02930765 -0.01183313 -0.18101171
v 0.04114336 -0.00365341 -0.18849700
v 0.03818443 -0.00639378 -0.18598931
v 0.04114344 -0.00797868 -0.19012191
v 0.04114351 -0.01199651 -0.19202821
v 0.04114366 -0.01905813 -0.19673200
v 0.04114374 -0.02213940 -0.19949542
v 0.03522611 -0.03402841 -0.20536471
v 0.03522596 -0.02916161 -0.19865231
v 0.01155494 -0.04859230 -0.20878671
v 0.00563709 -0.04935490 -0.20808891
v -0.00000000 -0.04958355 -0.20787101
v 0.00000000 -0.04940908 -0.20736631
v 0.00563701 -0.04763661 -0.20407830
v 0.00000000 -0.04788419 -0.20384181
v 0.00000000 -0.04764387 -0.20328631
v 0.00563693 -0.04564460 -0.20031811
v 0.00000000 -0.04589057 -0.20008370
v 0.00000000 -0.04124163 -0.19371182
v 0.00000000 -0.04357893 -0.19662220
v 0.00563685 -0.04334872 -0.19683601
v 0.00000000 -0.04407688 -0.19724230
v 0.00000000 -0.04555982 -0.19947952
v 0.00000000 -0.03407707 -0.18729751
v 0.00000000 -0.03141921 -0.18543711
v 0.00563654 -0.03126990 -0.18555731
v 0.00000000 -0.02566794 -0.18194201
v 0.00563639 -0.02391355 -0.18112321
v 0.00000000 -0.01760956 -0.17778780
v 0.00000000 -0.01875464 -0.17834191
v 0.00000000 -0.02399320 -0.18106991
v 0.02338980 -0.01382757 -0.17918661
v 0.03522550 -0.00862324 -0.18394901
v 0.03522558 -0.01279304 -0.18571621
v 0.03226657 -0.01041284 -0.18231141
v 0.02930772 -0.01593612 -0.18284001
v 0.02930780 -0.01977039 -0.18491421
v 0.02338995 -0.02173380 -0.18311750
v 0.02930788 -0.02331289 -0.18725541
v 0.02339002 -0.02533219 -0.18540760
v 0.02930795 -0.02657099 -0.18985691
v 0.02339010 -0.02867326 -0.18793321
v 0.02930803 -0.02956598 -0.19269921
v 0.02339018 -0.03176110 -0.19069052
v 0.02930811 -0.03232110 -0.19576101
v 0.02339033 -0.03721339 -0.19686721
v 0.02339025 -0.03460466 -0.19367141
v 0.03522588 -0.02642122 -0.19557701
v 0.03522581 -0.02344347 -0.19271891
v 0.01747240 -0.03619172 -0.19221911
v 0.01747232 -0.03322816 -0.18934811
v 0.01155447 -0.03415581 -0.18849931
v 0.01155455 -0.03723696 -0.19126281
v 0.01155462 -0.04005743 -0.19426470
v 0.01747248 -0.03890589 -0.19531841
v 0.01747256 -0.04136832 -0.19864811
v 0.00000000 -0.04096444 -0.19343621
v 0.00563677 -0.04074277 -0.19363770
v 0.01155470 -0.04260112 -0.19752001
v 0.01155486 -0.04685205 -0.20479611
v 0.01155439 -0.03083636 -0.18595391
v 0.01747225 -0.03002118 -0.18669981
v 0.01155424 -0.02358413 -0.18142451
v 0.01747194 -0.01502644 -0.17808961
v 0.01155409 -0.01570040 -0.17747302
v 0.01747209 -0.02291671 -0.18203510
v 0.01747217 -0.02657957 -0.18426621
v 0.05499200 0.00046611 -0.25072561
v 0.05499191 0.00046640 -0.25071042
v 0.05499150 0.00045809 -0.25063292
v 0.05499150 0.00045784 -0.25063202
v 0.05499142 0.00045224 -0.25061131
v 0.05499132 0.00043524 -0.25057332
v 0.05499127 0.00042733 -0.25055551
v 0.05499124 0.00040415 -0.25052311
v 0.05499123 0.00040386 -0.25052272
v 0.05499129 0.00035612 -0.25047871
v 0.05499129 0.00035417 -0.25047691
v 0.05499132 0.00033884 -0.25046652
v 0.05499137 0.00031986 -0.25045771
v 0.05499156 0.00024320 -0.25042221
v 0.05499163 0.00021648 -0.25041432
v 0.05499164 0.00021224 -0.25041311
v 0.05499199 0.00001158 -0.25038711
v 0.05499625 -0.00000008 -0.25109141
v 0.05499586 0.00011409 -0.25106921
v 0.05499565 0.00017595 -0.25105711
v 0.05499565 0.00017595 -0.25105711
v 0.05499512 0.00025067 -0.25102432
v 0.05499482 0.00029296 -0.25100581
v 0.05499470 0.00030606 -0.25099771
v 0.05499425 0.00034822 -0.25096371
v 0.05499396 0.00037444 -0.25094261
v 0.05499365 0.00039708 -0.25091702
v 0.05499355 0.00040346 -0.25090661
v 0.05499300 0.00043636 -0.25085351
v 0.05499291 0.00044006 -0.25084352
v 0.05499259 0.00045323 -0.25080801
v 0.05499230 0.00045963 -0.25076712
v 0.03076122 0.10077871 -0.05230376
v 0.03087029 0.10085981 -0.05180966
v 0.03118020 0.09993564 -0.05162651
v 0.04072138 0.10474151 -0.02497257
v 0.04146305 0.10497821 -0.02291583
v 0.04197509 0.10402270 -0.02285244
v 0.02912433 0.09551099 -0.07435559
v 0.02904449 0.09281631 -0.08964345
v 0.02885292 0.09330230 -0.08973368
v 0.03134318 0.09944780 -0.05155527
v 0.03008796 0.09817910 -0.05910318
v 0.04380160 0.10353660 -0.01769843
v 0.04433908 0.10432521 -0.01543260
v 0.04555288 0.10502951 -0.00781637
v 0.03925682 0.10265651 -0.02996304
v 0.03616336 0.10169510 -0.03700888
v 0.03338602 0.10062790 -0.04416939
v 0.04213084 0.10353141 -0.02281654
v 0.02894503 0.09599717 -0.07444162
v 0.02925296 0.09734295 -0.06680128
v 0.02942020 0.09685647 -0.06671863
v 0.04562281 0.10529731 -0.00009676
v 0.04555593 0.10563201 -0.00009676
v 0.04557600 0.10583661 -0.00396433
v 0.04541592 0.10612440 -0.00009676
v 0.04541557 0.10612510 -0.00009676
v 0.03599413 0.10218500 -0.03706176
v 0.03909261 0.10314701 -0.03000749
v 0.02880880 0.09827697 -0.06697327
v 0.02992669 0.09866616 -0.05918101
v 0.02839469 0.09567955 -0.08173050
v 0.02843048 0.09693463 -0.07461441
v 0.02843515 0.09709842 -0.07368566
v 0.02863846 0.09796618 -0.06876559
v 0.02835354 0.09423637 -0.08991314
v 0.04494513 0.10518200 -0.01166777
v 0.04443770 0.10614051 -0.01170442
v 0.04541421 0.10552221 -0.00782995
v 0.04467168 0.10635631 -0.00919456
v 0.04479779 0.10647261 -0.00784183
v 0.04496995 0.10709121 -0.00009676
v 0.04511591 0.10680101 -0.00397949
v 0.04512796 0.10677710 -0.00430007
v 0.04509502 0.10674670 -0.00465349
v 0.04221780 0.10521911 -0.02082281
v 0.04419326 0.10481740 -0.01545841
v 0.04290779 0.10549550 -0.01811887
v 0.04358279 0.10576590 -0.01547367
v 0.04437615 0.10608371 -0.01236461
v 0.03321783 0.10111670 -0.04423168
v 0.03207961 0.10175801 -0.04633132
v 0.03280970 0.10204821 -0.04439425
v 0.03311321 0.10216890 -0.04358898
v 0.03552693 0.10312851 -0.03718489
v 0.03588780 0.10327201 -0.03622741
v 0.03636780 0.10341790 -0.03510977
v 0.03853244 0.10407600 -0.03006947
v 0.03996402 0.10451120 -0.02673606
v 0.02948920 0.08739038 -0.12022430
v 0.02948090 0.08741539 -0.12022870
v 0.02931574 0.08791349 -0.12031660
v 0.02931564 0.08791365 -0.12031660
v 0.02902387 0.08838295 -0.12039931
v 0.02873654 0.08884511 -0.12048091
v 0.02833599 0.09333406 -0.09502916
v 0.02832979 0.09340352 -0.09463527
v 0.02935798 0.09927897 -0.06119483
v 0.02953361 0.09959942 -0.05934689
v 0.02978094 0.10005070 -0.05674451
v 0.04259853 0.08819864 -0.02578657
v 0.04252903 0.08821730 -0.02595132
v 0.04266939 0.08922577 -0.02580502
v 0.04775938 0.08460550 -0.00416979
v 0.04425459 0.08862751 -0.02158355
v 0.04559586 0.08785215 -0.01727343
v 0.03908266 0.08991346 -0.03399384
v 0.03564244 0.09050447 -0.04201732
v 0.03758426 0.09095437 -0.03734686
v 0.03911155 0.09041321 -0.03394882
v 0.03911455 0.09084272 -0.03389670
v 0.03417591 0.09034652 -0.04606224
v 0.03522134 0.09091111 -0.04314122
v 0.03300514 0.09047808 -0.05018627
v 0.03295969 0.09006083 -0.05015252
v 0.03202277 0.08965412 -0.05430313
v 0.03117375 0.08919947 -0.06096592
v 0.03140444 0.08954973 -0.05855268
v 0.03136902 0.08913485 -0.05849660
v 0.04110120 0.08860064 -0.02933601
v 0.04102846 0.08862017 -0.02950845
v 0.04034957 0.08873738 -0.03098914
v 0.04023350 0.08875426 -0.03123790
v 0.03972641 0.08882808 -0.03232464
v 0.03892586 0.08888031 -0.03403877
v 0.03897355 0.08916909 -0.03403068
v 0.04412687 0.08764483 -0.02179042
v 0.04386434 0.08776870 -0.02255164
v 0.04342141 0.08797770 -0.02383593
v 0.04548873 0.08690216 -0.01754664
v 0.04517328 0.08715104 -0.01875630
v 0.04459324 0.08742476 -0.02043816
v 0.04655575 0.08599212 -0.01324669
v 0.04649721 0.08607215 -0.01357449
v 0.04663375 0.08690825 -0.01291099
v 0.04643778 0.08615339 -0.01390729
v 0.04609095 0.08642702 -0.01523730
v 0.04710674 0.08523894 -0.01016136
v 0.04735187 0.08581785 -0.00854286
v 0.04728397 0.08499669 -0.00916895
v 0.04768787 0.08389563 -0.00518757
v 0.04730860 0.08492955 -0.00892614
v 0.04789577 0.08260012 -0.00086522
v 0.04775497 0.08371270 -0.00452615
v 0.04775025 0.08372557 -0.00457271
v 0.04789913 0.08241417 -0.00028653
v 0.04789315 0.08261216 -0.00009898
v 0.04787190 0.08338871 -0.00010631
v 0.04786300 0.08371399 -0.00010938
v 0.04725577 0.08682924 -0.00855400
v 0.03088699 0.08801258 -0.06264082
v 0.03087091 0.08800590 -0.06700827
v 0.03559043 0.08999913 -0.04201478
v 0.03410794 0.08983999 -0.04603397
v 0.03287686 0.08955458 -0.05010250
v 0.03192872 0.08914917 -0.05423773
v 0.03126819 0.08863118 -0.05842010
v 0.03183597 0.08838855 -0.05259143
v 0.03151460 0.08823736 -0.05407307
v 0.03173675 0.08867527 -0.05415616
v 0.03112758 0.08805529 -0.05585740
v 0.03106420 0.08816121 -0.05833527
v 0.03082752 0.08773488 -0.05825203
v 0.03067895 0.08757624 -0.05943764
v 0.03067740 0.08754380 -0.06255524
v 0.03048926 0.08737368 -0.06095147
v 0.03042611 0.08712446 -0.06247363
v 0.03225478 0.08858559 -0.05066051
v 0.03214562 0.08853424 -0.05116374
v 0.03258667 0.08885196 -0.04998707
v 0.03386136 0.08912169 -0.04594539
v 0.03340671 0.08882519 -0.04702832
v 0.03248061 0.08863256 -0.04994843
v 0.03270383 0.08907450 -0.05003026
v 0.03396173 0.08935234 -0.04598067
v 0.03559868 0.08902224 -0.04134437
v 0.03539579 0.08926642 -0.04196385
v 0.03621424 0.08905719 -0.03984478
v 0.03713131 0.08928476 -0.03800178
v 0.03835518 0.08891752 -0.03526068
v 0.03766757 0.08896238 -0.03673296
v 0.03707672 0.08900093 -0.03799807
v 0.03534865 0.08900804 -0.04195346
v 0.03534370 0.08900776 -0.04196554
v 0.03388647 0.08892499 -0.04551556
v 0.03901858 0.08941576 -0.03402253
v 0.03547563 0.08950505 -0.04198696
v 0.03376137 0.08889898 -0.04591003
v 0.00478097 0.06721199 0.04749316
v 0.00482621 0.06721450 0.04748634
v 0.00455578 0.08715142 0.04547275
v 0.04507979 0.10537060 0.00413255
v 0.04507810 0.10537140 0.00414500
v 0.04643797 0.09419780 0.00440781
v 0.04112823 0.10604191 0.01627074
v 0.04111721 0.10604300 0.01629328
v 0.04281346 0.09221522 0.01736799
v 0.03673135 0.10635450 0.02357914
v 0.03671733 0.10635511 0.02359701
v 0.03846988 0.09087410 0.02521936
v 0.01264645 0.10686351 0.04042567
v 0.00961358 0.10688221 0.04125281
v 0.00906454 0.08727948 0.04479764
v 0.00849996 0.10688611 0.04143207
v 0.00849652 0.10688621 0.04143262
v 0.00477566 0.10689930 0.04203157
v 0.00426980 0.10689991 0.04205827
v 0.01419965 0.10685390 0.04000208
v 0.01348018 0.08749068 0.04368133
v 0.01668333 0.10683101 0.03903580
v 0.01775879 0.08778170 0.04213840
v 0.01669025 0.10683091 0.03903311
v 0.01865718 0.10681270 0.03826787
v 0.02057125 0.10678740 0.03727506
v 0.02185845 0.08814801 0.04018760
v 0.02311999 0.10675380 0.03595304
v 0.02574150 0.08858382 0.03785218
v 0.02428641 0.10673221 0.03517430
v 0.02429667 0.10673211 0.03516746
v 0.02937263 0.08908265 0.03515748
v 0.02731412 0.10667640 0.03315293
v 0.03272188 0.08963655 0.03213304
v 0.03075771 0.10659021 0.03029736
v 0.02780175 0.10666420 0.03274857
v 0.03576184 0.09023696 0.02880970
v 0.03107375 0.10657950 0.02997484
v 0.03106137 0.10657991 0.02998748
v 0.03428401 0.10647050 0.02669871
v 0.03405255 0.10647841 0.02693492
v 0.04082570 0.09153753 0.02139440
v 0.04001250 0.10614870 0.01855249
v 0.03908233 0.10621100 0.02004461
v 0.03744998 0.10632040 0.02266311
v 0.04563074 0.09356035 0.00884240
v 0.04379161 0.10570360 0.00963553
v 0.04441906 0.09289434 0.01317325
v 0.04279297 0.10584761 0.01236817
v 0.04207250 0.10595150 0.01433961
v 0.04499370 0.10541330 0.00476718
v 0.04412373 0.10562340 0.00829048
v 0.04411891 0.10562450 0.00831000
v 0.04764183 0.08315924 0.00383740
v 0.04767525 0.08340458 0.00307130
v 0.04699970 0.08155626 0.00859593
v 0.04728583 0.08227053 0.00647555
v 0.04731832 0.08235164 0.00623476
v 0.04755140 0.08293351 0.00450750
v 0.04580329 0.07983081 0.01350825
v 0.04588747 0.07991845 0.01326538
v 0.04594945 0.08000973 0.01300513
v 0.04689053 0.08139550 0.00905426
v 0.04431884 0.07828530 0.01779151
v 0.04429691 0.07826789 0.01783892
v 0.04387938 0.07793608 0.01874164
v 0.04358009 0.07769825 0.01938872
v 0.04003745 0.07525602 0.02598787
v 0.04023757 0.07538230 0.02564834
v 0.04040152 0.07548572 0.02537018
v 0.04231554 0.07669333 0.02212277
v 0.03990017 0.07516941 0.02622079
v 0.03542641 0.07303743 0.03191331
v 0.03710041 0.07373820 0.03004578
v 0.03711346 0.07374488 0.03002795
v 0.03732323 0.07385210 0.02974137
v 0.03082307 0.07134475 0.03642360
v 0.03393990 0.07241545 0.03357086
v 0.03394393 0.07241682 0.03356718
v 0.03424249 0.07254180 0.03323410
v 0.02772564 0.07045305 0.03880183
v 0.02848867 0.07066719 0.03823060
v 0.03046661 0.07122229 0.03674985
v 0.03081586 0.07134227 0.03643020
v 0.02303476 0.06933583 0.04178694
v 0.02463109 0.06969696 0.04082147
v 0.02669631 0.07016417 0.03957242
v 0.02706970 0.07026896 0.03929289
v 0.02267112 0.06925357 0.04200687
v 0.02153554 0.06905121 0.04254924
v 0.01400479 0.06790226 0.04563275
v 0.01425299 0.06793566 0.04554300
v 0.01530367 0.06807705 0.04516307
v 0.01704787 0.06831179 0.04453237
v 0.01842931 0.06849768 0.04403283
v 0.01843726 0.06849910 0.04402904
v 0.01874875 0.06855461 0.04388026
v 0.01218155 0.06773056 0.04609521
v 0.00593773 0.06727665 0.04731866
v 0.00944247 0.06747261 0.04678996
v 0.00959519 0.06748697 0.04675122
v 0.00000000 0.06719245 0.04772842
v 0.00000000 0.08710855 0.04569863
v 0.00000000 0.08710871 0.04569862
v 0.00000000 0.10690471 0.04228367
v 0.03070076 0.07004074 0.03664861
v 0.04729323 0.08225238 0.00640860
v 0.04648723 0.07961835 0.01133049
v 0.04377565 0.07764576 0.01912051
v 0.03947570 0.07279890 0.02691503
v 0.04037121 0.07534703 0.02550676
v 0.03682416 0.07255783 0.03049303
v 0.03809174 0.07204724 0.02892562
v 0.03990017 0.07516941 0.02622079
v 0.04003745 0.07525602 0.02598787
v 0.03650922 0.07133896 0.03081564
v 0.02772564 0.07045305 0.03880183
v 0.02303476 0.06933583 0.04178694
v 0.02267112 0.06925357 0.04200687
v 0.02274390 0.06713877 0.04203403
v 0.02152385 0.06743049 0.04268837
v 0.01843684 0.06807590 0.04405854
v 0.03424249 0.07254180 0.03323410
v 0.03394393 0.07241682 0.03356718
v 0.03355014 0.07014183 0.03400867
v 0.03393990 0.07241545 0.03357086
v 0.03966738 0.11495671 -0.00459482
v 0.03950232 0.11548890 -0.00151505
v 0.04509502 0.10674670 -0.00465349
v 0.03932075 0.11573391 -0.00009676
v 0.04220736 0.11146930 -0.00009676
v 0.04221495 0.11145810 -0.00009676
v 0.04358279 0.10576590 -0.01547367
v 0.03889682 0.11307151 -0.01537217
v 0.03952378 0.11384781 -0.01096500
v 0.03955063 0.11394681 -0.01039812
v 0.03961213 0.11417331 -0.00909966
v 0.03975132 0.11468600 -0.00616114
v 0.03970668 0.11483001 -0.00532816
v 0.03584127 0.11106550 -0.02665762
v 0.03642971 0.11139390 -0.02481525
v 0.03759122 0.11204201 -0.02117860
v 0.03782100 0.11221631 -0.02019649
v 0.03833330 0.11260480 -0.01800678
v 0.03881481 0.11297001 -0.01594866
v 0.03076122 0.10077871 -0.05230376
v 0.02703718 0.10654181 -0.05222562
v 0.02813119 0.10735670 -0.04758467
v 0.02883975 0.10774940 -0.04535421
v 0.02942325 0.10807280 -0.04351738
v 0.03311321 0.10216890 -0.04358898
v 0.02999402 0.10838910 -0.04172068
v 0.03162811 0.10913041 -0.03753709
v 0.03259233 0.10956791 -0.03506848
v 0.03339718 0.10993300 -0.03300791
v 0.03485073 0.11060580 -0.02923524
v 0.03582880 0.11105861 -0.02669665
v 0.02935798 0.09927897 -0.06119483
v 0.02555903 0.10497870 -0.06114455
v 0.02564148 0.10513010 -0.06027869
v 0.02671963 0.10630520 -0.05357270
v 0.02681121 0.10637350 -0.05318423
v 0.02553345 0.10243341 -0.06955326
v 0.02554242 0.10494820 -0.06131898
v 0.02474080 0.10347651 -0.06973719
v 0.00845325 0.10790441 0.04120865
v 0.02417706 0.10775310 0.03498884
v 0.01660745 0.10785051 0.03883808
v 0.04486659 0.10640890 0.00411155
v 0.04349805 0.10762271 0.00815737
v 0.04349393 0.10762420 0.00818046
v 0.04393326 0.10666080 0.00825352
v -0.04439596 0.10737070 0.00406441
v -0.04496995 0.10709121 -0.00009676
v -0.04541565 0.10612520 -0.00009676
v -0.00463607 0.10888501 0.04135633
v -0.00836577 0.10887160 0.04076091
v -0.00845325 0.10790441 0.04120865
v -0.01642440 0.10881601 0.03839492
v -0.01643465 0.10881591 0.03839088
v -0.01660745 0.10785051 0.03883808
v -0.01861337 0.10879500 0.03753227
v -0.02417706 0.10775310 0.03498884
v -0.02291692 0.10873620 0.03527254
v -0.02391628 0.10871731 0.03460096
v -0.00837143 0.10887160 0.04076000
v -0.00941585 0.10886780 0.04059327
v -0.01409339 0.10883831 0.03931354
v -0.03395826 0.10844780 0.02601864
v -0.03615354 0.10834121 0.02319400
v -0.03655282 0.10738121 0.02346324
v -0.03616459 0.10834060 0.02317978
v -0.03693841 0.10830301 0.02218412
v -0.04431366 0.10741080 0.00466107
v -0.04486659 0.10640890 0.00411155
v -0.04346019 0.10761970 0.00814818
v -0.04393326 0.10666080 0.00825353
v -0.04345786 0.10762031 0.00815770
v -0.04049014 0.10803080 0.01598983
v -0.04167008 0.10791250 0.01350700
v -0.04262186 0.10688170 0.01229339
v -0.04215191 0.10784000 0.01214934
v -0.04321195 0.10768050 0.00916242
v -0.04048346 0.10803151 0.01600388
v -0.04094467 0.10707371 0.01619699
v -0.03960820 0.10811921 0.01784562
v -0.03891606 0.10723951 0.01993096
v -0.03847269 0.10819741 0.01969087
v -0.03059564 0.10856601 0.02950609
v -0.03090089 0.10760161 0.02980121
v -0.02696323 0.10865970 0.03255337
v -0.02392878 0.10871711 0.03459255
v -0.00791705 0.10688951 0.04158742
v -0.00425586 0.10689660 0.04190940
v 0.00000000 0.10792170 0.04200775
v -0.00849039 0.10688601 0.04142974
v -0.02427511 0.10673160 0.03516366
v -0.02358579 0.10674630 0.03567420
v -0.02052047 0.10678380 0.03716696
v -0.01668532 0.10683081 0.03903462
v -0.01667866 0.10683081 0.03903786
v -0.01601880 0.10683890 0.03935921
v -0.01261078 0.10686020 0.04029651
v -0.00849375 0.10688591 0.04142881
v -0.03675403 0.10635611 0.02359528
v -0.03673908 0.10635670 0.02361229
v -0.03391946 0.10646960 0.02681947
v -0.04125469 0.10603870 0.01614366
v -0.04491894 0.10535740 0.00410412
v -0.04491682 0.10535821 0.00411628
v -0.04419903 0.10562320 0.00822112
v -0.04416948 0.10562741 0.00830063
v -0.04267421 0.10583841 0.01232405
v -0.03691854 0.10634951 0.02340815
v -0.04116812 0.10604490 0.01628869
v -0.04115530 0.10604590 0.01631017
v -0.03896650 0.10620270 0.01997713
v -0.03132996 0.10657331 0.02976491
v -0.03108743 0.10658030 0.02998796
v -0.03107439 0.10658071 0.02999994
v -0.03035979 0.10660151 0.03065713
v -0.02770867 0.10665821 0.03262065
v -0.02428501 0.10673140 0.03515633
v 0.04496995 0.10709121 -0.00009676
v 0.04423314 0.10735721 0.00403513
v 0.03836593 0.10818970 0.01962725
v 0.03620018 0.10834311 0.02320797
v 0.03891606 0.10723951 0.01993096
v 0.03655282 0.10738121 0.02346324
v 0.04052904 0.10803660 0.01605089
v 0.04094467 0.10707371 0.01619699
v 0.04201799 0.10782950 0.01209841
v 0.04262186 0.10688170 0.01229338
v 0.00851617 0.10887211 0.04077791
v 0.01651842 0.10881720 0.03842828
v 0.02395610 0.10871891 0.03463300
v 0.03619088 0.10834370 0.02322335
v 0.03617508 0.10834481 0.02324947
v 0.03090089 0.10760161 0.02980121
v 0.03059978 0.10856591 0.02950223
v 0.02396288 0.10871881 0.03462954
v 0.00837726 0.10887240 0.04079127
v 0.00837158 0.10887240 0.04079182
v 0.00000000 0.10889030 0.04159763
v -0.04552993 0.10562600 -0.00009676
v -0.04565354 0.10508610 -0.00009676
v -0.04541584 0.10612430 -0.00009676
v 0.02428373 0.10186290 -0.07898220
v 0.02398378 0.09901816 -0.09529159
v 0.02400339 0.09955765 -0.09219429
v 0.02420913 0.10124950 -0.08249826
v 0.02839469 0.09567955 -0.08173050
v 0.02422237 0.10135840 -0.08187397
v 0.02758425 0.09024495 -0.12072771
v 0.02398299 0.09899633 -0.09541691
v 0.02381812 0.09445816 -0.12147060
v 0.02236393 0.07360061 -0.19849810
v 0.02974270 0.08275740 -0.14667281
v 0.02983478 0.08336272 -0.14005060
v 0.02949499 0.08044005 -0.15989281
v 0.02790681 0.07696383 -0.17964341
v 0.02873495 0.07724717 -0.17472501
v 0.02867637 0.07812172 -0.17308390
v 0.02501342 0.07467830 -0.19249261
v 0.02675284 0.07581148 -0.18614031
v 0.02705103 0.07516980 -0.18650341
v 0.02056316 0.07310756 -0.20123721
v 0.01838505 0.07266758 -0.20368112
v 0.01583078 0.07229837 -0.20573471
v 0.02090234 0.07246953 -0.20181361
v 0.01295870 0.07201137 -0.20733480
v 0.00986342 0.07180642 -0.20848141
v 0.00663413 0.07167453 -0.20922091
v 0.00000009 0.07157696 -0.20976351
v 0.00000019 0.07222905 -0.20895541
v 0.00659473 0.07232624 -0.20841902
v 0.00981465 0.07245775 -0.20767420
v 0.01290547 0.07266278 -0.20651271
v 0.01576976 0.07295034 -0.20488401
v 0.01830407 0.07331961 -0.20279551
v 0.02044997 0.07375801 -0.20032421
v 0.02221320 0.07424765 -0.19757430
v 0.02479804 0.07531562 -0.19159301
v 0.02649875 0.07643827 -0.18530311
v 0.02763540 0.07758049 -0.17888661
v 0.02840105 0.07872874 -0.17241522
v 0.02923409 0.08102845 -0.15941001
v 0.02950929 0.08332628 -0.14638050
v 0.02572025 0.07763428 -0.18404492
v 0.02622450 0.07704557 -0.18445912
v 0.02435615 0.07677366 -0.18892451
v 0.02457108 0.07593946 -0.19069010
v 0.02400280 0.07655075 -0.19018841
v 0.02355281 0.07626683 -0.19179810
v 0.02589542 0.07774480 -0.18341831
v 0.02601011 0.07788324 -0.18263342
v 0.02733486 0.07817273 -0.17812132
v 0.02764468 0.07985614 -0.17144730
v 0.02808863 0.07930796 -0.17173751
v 0.02199574 0.07570079 -0.19500752
v 0.02205632 0.07488682 -0.19665251
v 0.02149674 0.07551941 -0.19603611
v 0.02033106 0.07440255 -0.19941541
v 0.02048395 0.07518724 -0.19791931
v 0.02074406 0.07524576 -0.19758750
v 0.01783937 0.07460205 -0.20123721
v 0.01821650 0.07396685 -0.20191480
v 0.01597066 0.07434212 -0.20271101
v 0.01570157 0.07359825 -0.20403662
v 0.01531737 0.07425125 -0.20322631
v 0.01795458 0.07461808 -0.20114640
v 0.01844271 0.07472792 -0.20052361
v 0.01983877 0.07504206 -0.19874250
v 0.01203895 0.07390397 -0.20519531
v 0.01284583 0.07331070 -0.20569161
v 0.01010232 0.07380276 -0.20576911
v 0.00976063 0.07310598 -0.20686640
v 0.00954655 0.07377372 -0.20593382
v 0.00685568 0.07363308 -0.20673121
v 0.00655078 0.07297506 -0.20761592
v 0.00674208 0.07362714 -0.20676490
v 0.01259528 0.07395420 -0.20491052
v 0.01323068 0.07401155 -0.20458541
v 0.01426572 0.07410496 -0.20405570
v 0.00000009 0.07287790 -0.20814482
v 0.00000000 0.07352674 -0.20733421
v 0.00644211 0.07362268 -0.20679022
v 0.02849437 0.08237800 -0.15714861
v 0.02871010 0.08302713 -0.15346821
v 0.02892326 0.08158593 -0.15891891
v 0.02921629 0.08386415 -0.14608111
v 0.02873583 0.08434758 -0.14598130
v 0.02874064 0.08459440 -0.14458190
v 0.02880625 0.08796136 -0.12549161
v 0.02766402 0.07987947 -0.17131490
v 0.02774927 0.08013601 -0.16986051
v 0.02840221 0.08210068 -0.15872100
v 0.00726651 0.08160641 -0.19638230
v 0.00800833 0.08164796 -0.19611941
v 0.01228458 0.08197110 -0.19409651
v 0.01283089 0.08204802 -0.19362261
v 0.01731945 0.08297856 -0.18794660
v 0.01765342 0.08311245 -0.18714541
v 0.01993268 0.08426754 -0.18037861
v 0.02067641 0.08489659 -0.17664161
v 0.02601011 0.07788324 -0.18263342
v 0.02350810 0.09109923 -0.14079650
v 0.02349621 0.09104786 -0.14109191
v 0.02341699 0.09070552 -0.14305991
v 0.02295913 0.08872694 -0.15443450
v 0.02219626 0.08677687 -0.16565591
v 0.02255764 0.08760473 -0.16089080
v 0.02285943 0.08829609 -0.15691141
v 0.02077345 0.08497866 -0.17615402
v 0.02116935 0.08531353 -0.17416471
v 0.02156514 0.08585868 -0.17099181
v 0.02214278 0.08665435 -0.16636111
v 0.01961593 0.08407698 -0.18148061
v 0.01946805 0.08398803 -0.18199511
v 0.01766862 0.08311854 -0.18710891
v 0.01873030 0.08354420 -0.18456172
v 0.01882035 0.08359836 -0.18424841
v 0.01638422 0.08271506 -0.18954492
v 0.02149674 0.07551941 -0.19603611
v 0.01479894 0.08235325 -0.19174711
v 0.01588636 0.08257479 -0.19039581
v 0.01603714 0.08261728 -0.19013812
v 0.01335924 0.08212239 -0.19316421
v 0.01435080 0.08226197 -0.19230401
v 0.01158729 0.08190739 -0.19449331
v 0.01053604 0.08181132 -0.19509141
v 0.00991961 0.08175499 -0.19544210
v 0.00971640 0.08174361 -0.19551422
v 0.00619632 0.08157393 -0.19659251
v 0.00536163 0.08154857 -0.19675651
v 0.00411426 0.08151070 -0.19700150
v 0.00304417 0.08150024 -0.19707050
v 0.00000000 0.08147052 -0.19726661
v 0.03765359 0.11689521 0.00666302
v 0.03763319 0.11690491 0.00671880
v 0.04064123 0.11236011 0.00750534
v 0.03092857 0.11900101 0.01882750
v 0.03084281 0.11901871 0.01892903
v 0.03358097 0.11382901 0.02124625
v 0.02030181 0.12058591 0.02792646
v 0.02018649 0.12059791 0.02799514
v 0.02211106 0.11483530 0.03157533
v 0.00167941 0.12155791 0.03345582
v 0.00000000 0.12156411 0.03349073
v 0.00000000 0.11541090 0.03783034
v -0.03863046 0.11632220 0.00332684
v -0.03932075 0.11573391 -0.00009676
v -0.04220736 0.11146930 -0.00009676
v -0.00771320 0.11534661 0.03711947
v -0.01516663 0.11515420 0.03500895
v -0.01409339 0.10883831 0.03931354
v -0.02831658 0.11439231 0.02693506
v -0.02211106 0.11483530 0.03157533
v -0.03358097 0.11382901 0.02124625
v -0.03773328 0.11314950 0.01469778
v -0.04048346 0.10803151 0.01600388
v -0.04064123 0.11236011 0.00750534
v -0.03848129 0.11644931 0.00406671
v -0.03764398 0.11689551 0.00666206
v -0.03762573 0.11690520 0.00671864
v -0.04221495 0.11145810 -0.00009676
v -0.03484766 0.11800161 0.01306924
v -0.03524575 0.11788730 0.01240913
v -0.03638160 0.11745691 0.00991953
v -0.03710363 0.11718341 0.00833696
v -0.03085114 0.11901951 0.01893853
v -0.03093222 0.11900120 0.01883348
v -0.03294138 0.11854911 0.01623023
v -0.03304527 0.11851931 0.01605796
v -0.03480559 0.11801371 0.01313899
v -0.02601686 0.11987641 0.02386192
v -0.02704744 0.11972970 0.02302002
v -0.02858097 0.11945540 0.02144464
v -0.03020296 0.11916530 0.01977838
v -0.02020389 0.12060241 0.02802528
v -0.02031664 0.12058970 0.02795279
v -0.02327424 0.12025790 0.02605120
v -0.02356867 0.12022481 0.02586190
v -0.02592509 0.11988940 0.02393688
v -0.01390291 0.12111500 0.03095222
v -0.01570624 0.12100120 0.03030430
v -0.01717119 0.12087491 0.02958260
v -0.01978292 0.12064960 0.02829594
v -0.01054749 0.12130730 0.03204562
v -0.01146173 0.12126910 0.03182932
v -0.01381862 0.12112031 0.03098251
v -0.00255320 0.12154970 0.03341051
v -0.00357481 0.12152781 0.03328801
v -0.00702971 0.12145391 0.03287372
v -0.00706542 0.12145321 0.03286944
v 0.00357440 0.12152550 0.03327294
v 0.00771320 0.11534661 0.03711947
v 0.00607199 0.12148281 0.03303191
v 0.01055425 0.12131411 0.03207672
v 0.01039937 0.12132310 0.03212738
v 0.01391359 0.12112080 0.03097795
v 0.01382843 0.12112571 0.03100580
v 0.01516663 0.11515420 0.03500895
v 0.00709490 0.12144501 0.03281809
v 0.00702096 0.12144771 0.03283355
v 0.01862141 0.12076091 0.02892719
v 0.01717424 0.12087620 0.02958450
v 0.01460241 0.12108111 0.03075265
v 0.02831658 0.11439231 0.02693506
v 0.02582914 0.11991630 0.02409118
v 0.02325775 0.12025490 0.02603221
v 0.02241727 0.12036551 0.02666664
v 0.02905973 0.11938540 0.02104001
v 0.02860708 0.11945981 0.02146753
v 0.02604043 0.11988161 0.02389163
v 0.02595442 0.11989570 0.02397286
v 0.03773328 0.11314950 0.01469778
v 0.03441462 0.11814621 0.01390335
v 0.03300011 0.11851501 0.01602805
v 0.03190970 0.11879931 0.01766593
v 0.03652980 0.11742441 0.00973471
v 0.03642623 0.11745971 0.00993884
v 0.03483864 0.11800151 0.01306768
v 0.03480180 0.11801410 0.01314029
v 0.03931238 0.11574390 -0.00004280
v 0.03910044 0.11596621 0.00124850
v 0.03860382 0.11632110 0.00331936
v 0.03808422 0.11669250 0.00548597
v 0.02307350 0.09986078 -0.09556549
v 0.02228409 0.10298720 -0.08182423
v 0.02284432 0.10509620 -0.06991015
v 0.02387942 0.10438550 -0.06984709
v 0.02199089 0.09978215 -0.10002920
v 0.02205938 0.10054741 -0.09568210
v 0.02226332 0.10282600 -0.08273880
v 0.02329775 0.10213321 -0.08263710
v 0.02227452 0.10295121 -0.08202781
v 0.02289530 0.09529496 -0.12161140
v 0.02185396 0.09598365 -0.12172551
v 0.03730957 0.11500371 -0.01452556
v 0.03778214 0.11570431 -0.01059349
v 0.03875713 0.11489061 -0.01051508
v 0.03850475 0.11663961 -0.00039140
v 0.03850556 0.11663871 -0.00039111
v 0.03893641 0.11576980 -0.00553017
v 0.02870045 0.11036490 -0.04041894
v 0.02932829 0.11065671 -0.03879962
v 0.03081498 0.11011980 -0.03740362
v 0.02801138 0.11004461 -0.04219621
v 0.02799593 0.10872261 -0.04527982
v 0.02708785 0.10951310 -0.04515340
v 0.02597550 0.10732200 -0.05319502
v 0.02502036 0.10808081 -0.05313772
v 0.02618152 0.10899161 -0.04805553
v 0.02391707 0.10692730 -0.05958943
v 0.02466717 0.10587561 -0.06138827
v 0.02370468 0.10668230 -0.06096032
v 0.02366196 0.10660351 -0.06140473
v 0.02469805 0.10782801 -0.05454843
v 0.02501789 0.10807891 -0.05314855
v 0.02307796 0.10552691 -0.06747972
v 0.03798306 0.11666550 -0.00516997
v 0.03779859 0.11705971 -0.00294758
v 0.03813073 0.11705471 -0.00052645
v 0.03761104 0.11746051 -0.00068792
v 0.03783908 0.11578870 -0.01011969
v 0.03786054 0.11582051 -0.00994115
v 0.03796915 0.11656961 -0.00571144
v 0.03810375 0.11402440 -0.01540928
v 0.03712675 0.11484920 -0.01539060
v 0.03961213 0.11417331 -0.00909966
v 0.03476906 0.11323180 -0.02446116
v 0.03610855 0.11401340 -0.02007299
v 0.03705381 0.11317971 -0.02016945
v 0.03620158 0.11406771 -0.01976824
v 0.03672526 0.11451011 -0.01729034
v 0.03568975 0.11236800 -0.02474312
v 0.03473358 0.11321110 -0.02457738
v 0.03411585 0.11158861 -0.02913226
v 0.03348394 0.11258941 -0.02805040
v 0.03439288 0.11301230 -0.02569354
v 0.02994229 0.11094211 -0.03721598
v 0.03123944 0.11154500 -0.03387034
v 0.03315009 0.11243400 -0.02891607
v 0.03833330 0.11260480 -0.01800678
v 0.03480180 0.11801410 0.01314029
v 0.03422066 0.11892991 0.01255038
v 0.03574173 0.11838961 0.00946359
v 0.03741694 0.11767560 0.00053903
v 0.03693080 0.11803341 0.00259726
v 0.03790691 0.11725931 0.00297723
v 0.00351979 0.12243721 0.03245737
v 0.00443764 0.12309730 0.03130452
v 0.00343753 0.12310881 0.03136129
v 0.02286399 0.12117010 0.02530629
v 0.02557726 0.12079580 0.02317834
v 0.01996945 0.12150130 0.02718694
v 0.01689232 0.12178901 0.02881676
v 0.02018649 0.12059791 0.02799514
v 0.02444688 0.12157831 0.02277364
v 0.02391708 0.12164690 0.02316388
v 0.02026356 0.12210210 0.02574798
v 0.01946847 0.12218261 0.02620107
v 0.01913363 0.12221660 0.02639189
v 0.02228575 0.12185821 0.02436548
v 0.02090535 0.12203701 0.02538225
v 0.01367895 0.12202851 0.03017011
v 0.00698211 0.12235361 0.03199396
v 0.00702096 0.12144771 0.03283355
v 0.01037321 0.12221670 0.03122938
v 0.01335042 0.12270981 0.02914718
v 0.01301475 0.12273540 0.02928988
v 0.01011637 0.12288820 0.03015036
v 0.00956682 0.12291720 0.03031352
v 0.00877903 0.12295871 0.03054741
v 0.00681094 0.12302160 0.03089063
v 0.00478340 0.12308631 0.03124423
v 0.01708302 0.12242441 0.02756045
v 0.01648273 0.12247030 0.02781564
v 0.01435019 0.12263331 0.02872218
v 0.03654591 0.11831671 0.00422686
v 0.03697518 0.11783001 0.00626090
v 0.03039934 0.11992490 0.01822496
v 0.02810287 0.12037831 0.02080519
v 0.03243713 0.11944211 0.01547364
v 0.02963337 0.12063830 0.01746390
v 0.02870048 0.12083230 0.01856220
v 0.02868936 0.12083461 0.01857529
v 0.03348390 0.11962540 0.01169338
v 0.03336064 0.11966810 0.01193625
v 0.03292814 0.11981791 0.01278845
v 0.03160863 0.12016611 0.01477664
v 0.03051053 0.12045591 0.01643122
v 0.02595442 0.11989570 0.02397286
v 0.03641579 0.11841240 0.00477776
v 0.03604124 0.11859150 0.00580032
v 0.03491694 0.11912890 0.00886976
v 0.03363211 0.11957400 0.01140136
v 0.00000000 0.12246551 0.03261324
v 0.00000000 0.12246551 0.03261320
v 0.02767595 0.12104541 0.01976838
v 0.02742203 0.12108731 0.02000471
v 0.02494565 0.12149601 0.02230944
v 0.02155341 0.09293180 -0.13922071
v 0.01875004 0.08643943 -0.17618781
v 0.01894444 0.08663309 -0.17509090
v 0.01913366 0.08682158 -0.17402320
v 0.01340128 0.08375077 -0.19036151
v 0.01503970 0.08330368 -0.18991511
v 0.01176968 0.08343689 -0.19197511
v 0.01249281 0.08280311 -0.19270701
v 0.01153523 0.08341101 -0.19212411
v 0.01340128 0.08375077 -0.19036151
v 0.01393359 0.08390165 -0.18960261
v 0.01407001 0.08394030 -0.18940811
v 0.01435043 0.08401979 -0.18900831
v 0.01556076 0.08444545 -0.18684152
v 0.01482175 0.08415335 -0.18833640
v 0.01757570 0.08548160 -0.18144991
v 0.01746677 0.08540036 -0.18188911
v 0.01734040 0.08532975 -0.18225710
v 0.01670169 0.08497290 -0.18411721
v 0.01623348 0.08471132 -0.18548081
v 0.01765342 0.08311245 -0.18714541
v 0.01283089 0.08204802 -0.19362261
v 0.01007149 0.08324950 -0.19305381
v 0.00973408 0.08321228 -0.19326811
v 0.00956680 0.08320127 -0.19333541
v 0.00860664 0.08313813 -0.19372190
v 0.00744386 0.08306170 -0.19418981
v 0.01842281 0.08611348 -0.17803420
v 0.02256242 0.09186983 -0.14121471
v 0.00570519 0.08299685 -0.19459850
v 0.00478339 0.08296249 -0.19481510
v 0.00536163 0.08154857 -0.19675651
v 0.00457959 0.08295488 -0.19486302
v 0.00285164 0.08292910 -0.19504112
v 0.00145067 0.08290818 -0.19518560
v 0.01949073 0.08717727 -0.17200842
v 0.01959790 0.08734246 -0.17107201
v 0.01995890 0.08789882 -0.16791790
v 0.02026478 0.08837024 -0.16524541
v 0.02056607 0.08911027 -0.16104321
v 0.02096927 0.09010061 -0.15541970
v 0.02295913 0.08872694 -0.15443450
v 0.02104362 0.09042389 -0.15357081
v 0.02150324 0.09242225 -0.14214170
v 0.02151747 0.09256682 -0.14131290
v 0.00478341 0.12382891 -0.02633022
v 0.00478341 0.12783571 -0.01224444
v 0.00478341 0.12911921 -0.00507458
v 0.00478341 0.12601900 -0.01932027
v 0.00478341 0.11906601 -0.04028264
v 0.00956683 0.12874720 0.00978350
v 0.00956683 0.12745531 0.01740759
v 0.01435024 0.12645840 0.01758341
v 0.01435024 0.12456721 -0.01906421
v 0.01435024 0.12227021 -0.02605532
v 0.00956683 0.12324701 -0.02622759
v 0.01913366 0.11557811 -0.03966749
v 0.01913366 0.11093960 -0.05364187
v 0.01435024 0.11273861 -0.05395915
v 0.00478341 0.10355011 -0.11150841
v 0.01435024 0.10132470 -0.11111590
v 0.01913366 0.09935998 -0.11076941
v 0.01913366 0.09425753 -0.13945441
v 0.03348390 0.11666771 -0.01767097
v 0.01913366 0.10451720 -0.08209408
v 0.01913366 0.10742280 -0.06781407
v 0.02391707 0.10865161 -0.05323832
v 0.02391707 0.11350521 -0.03930190
v 0.02502036 0.10808081 -0.05313772
v 0.02870049 0.11681920 -0.02509393
v 0.02932829 0.11065671 -0.03879962
v 0.02870049 0.11098530 -0.03885746
v 0.03348390 0.11408081 -0.02461095
v 0.03348390 0.11869070 -0.01063153
v 0.03348390 0.11997890 -0.00346250
v 0.03348390 0.12033800 0.00387040
v 0.03348390 0.11970930 0.01137752
v 0.02870049 0.12244271 0.01089543
v 0.02391707 0.12318641 0.01816050
v 0.02767595 0.12104541 0.01976838
v 0.02026356 0.12210210 0.02574798
v 0.01913366 0.12504120 0.01783336
v 0.01913366 0.12254281 0.02567025
v 0.01913363 0.12221660 0.02639189
v 0.01435024 0.12403030 0.02540789
v 0.00956683 0.12508861 0.02522124
v 0.00478341 0.12572320 0.02510932
v 0.00877903 0.12295871 0.03054741
v 0.00956682 0.12291720 0.03031352
v 0.00478341 0.08572686 -0.18972350
v 0.00956683 0.08512442 -0.18961730
v 0.01007149 0.08324950 -0.19305381
v 0.00956683 0.08794056 -0.18271771
v 0.01435024 0.08662156 -0.18248512
v 0.01670169 0.08497290 -0.18411721
v 0.01623348 0.08471132 -0.18548081
v 0.01435024 0.08880481 -0.17547392
v 0.01875004 0.08643943 -0.17618781
v 0.01435024 0.09062680 -0.16839901
v 0.01913366 0.08839573 -0.16800550
v 0.01913366 0.09150638 -0.15376171
v 0.00478341 0.08861477 -0.18283660
v 0.00478341 0.09090728 -0.17584470
v 0.00478341 0.09598426 -0.15455141
v 0.00478341 0.09282293 -0.16878631
v 0.01435024 0.09366796 -0.15414291
v 0.01435024 0.09635279 -0.13982401
v 0.00956683 0.10271830 -0.11136171
v 0.00956683 0.09018191 -0.17571681
v 0.00956683 0.09205124 -0.16865022
v 0.00956683 0.09513846 -0.15440231
v 0.00956683 0.09781772 -0.14008231
v 0.00478341 0.09868136 -0.14023470
v 0.01435024 0.10639280 -0.08242488
v 0.00956683 0.10772860 -0.08266048
v 0.00478341 0.10852801 -0.08280146
v 0.01913366 0.12088660 -0.02581129
v 0.01435024 0.11719990 -0.03995353
v 0.01913366 0.12326040 -0.01883372
v 0.01913366 0.12516661 -0.01177368
v 0.01913366 0.12642681 -0.00459972
v 0.01435024 0.12643661 -0.01199768
v 0.00956683 0.12548001 -0.01922520
v 0.00478341 0.11139721 -0.06851504
v 0.00956683 0.11060090 -0.06837461
v 0.01435024 0.10927550 -0.06814083
v 0.00478341 0.11482300 -0.05432678
v 0.00956683 0.11403691 -0.05418814
v 0.00956683 0.11836431 -0.04015890
v 0.00478341 0.12804430 0.01730371
v 0.00478341 0.12930471 0.00968518
v 0.00478341 0.12964060 0.00222969
v 0.00956683 0.12731911 -0.01215333
v 0.01435024 0.12769951 -0.00482418
v 0.01913366 0.12688791 0.00271520
v 0.00956683 0.12859020 -0.00498129
v 0.00956683 0.12910050 0.00232495
v 0.01435024 0.12818851 0.00248581
v 0.01435024 0.12780331 0.00994999
v 0.01913366 0.12645441 0.01018788
v 0.02870049 0.12300661 0.00339975
v 0.02870049 0.12261341 -0.00392714
v 0.02870049 0.12134000 -0.01109878
v 0.02870049 0.11934801 -0.01814369
v 0.02391707 0.11907811 -0.02549232
v 0.02391707 0.12153241 -0.01852896
v 0.02391707 0.12348080 -0.01147637
v 0.02391707 0.12474241 -0.00430265
v 0.02391707 0.12517251 0.00301775
v 0.02391707 0.12467791 0.01050120
v 0.00268894 0.07473064 -0.06466851
v 0.00000000 0.07467199 -0.06465855
v 0.00000000 0.07011259 -0.09051603
v 0.00752113 0.07059952 -0.09060189
v 0.00575345 0.07511338 -0.06473600
v 0.02739686 0.08393418 -0.06629152
v 0.02561838 0.08237976 -0.06601732
v 0.02568825 0.07774218 -0.09186132
v 0.02473991 0.08161197 -0.06588188
v 0.02032154 0.07441980 -0.09127549
v 0.01430270 0.07204773 -0.09085724
v 0.01424736 0.07677810 -0.06502954
v 0.01216285 0.07612307 -0.06491404
v 0.01105815 0.07577591 -0.06485283
v 0.00749893 0.07533139 -0.06477446
v 0.01425472 0.06763620 -0.11674121
v 0.02154552 0.07984047 -0.06556951
v 0.02024249 0.07911783 -0.06544210
v 0.01854017 0.07817379 -0.06527565
v 0.01834594 0.07806607 -0.06525664
v 0.01771077 0.07786647 -0.06522145
v 0.01532607 0.07711708 -0.06508931
v 0.02561978 0.07325801 -0.11773240
v 0.03596115 0.08121294 -0.03590655
v 0.03861203 0.08554776 -0.03323283
v 0.03892762 0.07945637 -0.03108981
v 0.01623530 0.07761444 -0.05601879
v 0.01280337 0.07652826 -0.05678866
v 0.01258098 0.07665100 -0.05957313
v 0.01645312 0.07714486 -0.05372771
v 0.01298609 0.07603891 -0.05451321
v 0.01858200 0.07822114 -0.06496701
v 0.03067895 0.08757624 -0.05943764
v 0.02816376 0.08501716 -0.06087051
v 0.03559868 0.08902224 -0.04134437
v 0.03568390 0.08805315 -0.04006743
v 0.04412557 0.08532497 -0.02167199
v 0.04454753 0.07879441 -0.01978858
v 0.02361735 0.04500000 -0.04153652
v 0.02182033 0.04801143 -0.04276506
v -0.00000001 0.07470485 -0.06439112
v 0.00579101 0.07506404 -0.06404505
v -0.00000013 0.07498112 -0.06214321
v 0.00587382 0.07536516 -0.06059421
v -0.00000008 0.07495906 -0.06088549
v -0.00000001 0.07492868 -0.05915232
v 0.00596134 0.07516767 -0.05778854
v -0.00000007 0.07470382 -0.05806674
v 0.00258812 0.07425122 -0.05584088
v -0.00000010 0.07411728 -0.05592628
v -0.00000016 0.07439521 -0.05657683
v 0.00261021 0.07343130 -0.05414014
v 0.00000003 0.07332328 -0.05424787
v 0.00000003 0.07352208 -0.05453307
v 0.00265099 0.07054326 -0.05100950
v 0.00000001 0.07222174 -0.05268082
v 0.00263053 0.07228398 -0.05258187
v 0.00000001 0.07224742 -0.05270455
v 0.00267730 0.06799309 -0.04955754
v -0.00000001 0.06832801 -0.04976926
v -0.00000007 0.07045108 -0.05104410
v -0.00000018 0.06451686 -0.04855484
v -0.00000016 0.06586853 -0.04883636
v -0.00000003 0.06793387 -0.04961976
v -0.00000019 0.06286502 -0.04821081
v 0.00620763 0.06490148 -0.04840060
v 0.00275257 0.06040813 -0.04799302
v 0.00000009 0.05370595 -0.04804558
v 0.00000004 0.05886812 -0.04799637
v -0.00000004 0.06033264 -0.04807495
v 0.00000005 0.04981255 -0.04802376
v 0.00282021 0.04988440 -0.04793888
v 0.00606848 0.05036716 -0.04764365
v 0.01264197 0.05261282 -0.04643580
v 0.00933680 0.05127713 -0.04714691
v 0.03138963 0.04957075 -0.03633491
v 0.03196958 0.05536262 -0.03606182
v 0.02466742 0.04555663 -0.04115768
v 0.03804851 0.05238946 -0.02932139
v 0.04125310 0.05118770 -0.02450506
v 0.04458704 0.05336809 -0.01766417
v 0.04274919 0.04639393 -0.02170689
v 0.04609828 0.05136846 -0.01314187
v 0.04734942 0.05141491 -0.00734194
v 0.04580984 0.04500000 -0.01320063
v 0.04789916 0.05425313 -0.00009682
v 0.04789860 0.05310499 -0.00009680
v 0.04789468 0.04499998 -0.00009665
v 0.04790187 0.07377571 -0.00009675
v 0.04773851 0.07600164 -0.00417680
v 0.04730860 0.08492955 -0.00892614
v 0.04760716 0.08210421 -0.00624720
v 0.04675972 0.08197187 -0.01210165
v 0.04710674 0.08523894 -0.01016136
v 0.04470651 0.07129593 -0.01847353
v 0.04412687 0.08764483 -0.02179042
v 0.04145030 0.08492518 -0.02776110
v 0.03766757 0.08896238 -0.03673296
v 0.03577781 0.08620771 -0.03850047
v 0.03276794 0.08722641 -0.04551918
v 0.03288821 0.08612555 -0.04371324
v 0.03534370 0.08900776 -0.04196554
v 0.03296274 0.08461696 -0.04208853
v 0.03257951 0.08797776 -0.04754078
v 0.03214562 0.08853424 -0.05116374
v 0.02903194 0.08564576 -0.05408795
v 0.03183597 0.08838855 -0.05259143
v 0.02965170 0.08504461 -0.04910520
v 0.02505565 0.08232698 -0.06239946
v 0.02184457 0.08007000 -0.06376380
v 0.02024249 0.07911783 -0.06544210
v 0.00575345 0.07511338 -0.06473600
v 0.01233016 0.07636438 -0.06293330
v 0.00619048 0.07077735 -0.05073524
v 0.00972949 0.06876387 -0.04905307
v 0.00620612 0.06824425 -0.04939500
v 0.01318367 0.06642644 -0.04760749
v 0.01673154 0.07079235 -0.04773890
v 0.01324155 0.06960134 -0.04850362
v 0.01324992 0.07206910 -0.04966277
v 0.00972588 0.07127125 -0.05028360
v 0.00968898 0.07308860 -0.05171245
v 0.00615992 0.07256118 -0.05223575
v 0.00611116 0.07377243 -0.05381396
v 0.00619042 0.06077962 -0.04786992
v 0.00962884 0.06147702 -0.04755173
v 0.01307056 0.06252647 -0.04699514
v 0.01938578 0.05657994 -0.04430672
v 0.01651250 0.06395379 -0.04618675
v 0.00604344 0.07461265 -0.05558716
v 0.00951115 0.07520674 -0.05513925
v 0.00961741 0.07435218 -0.05330260
v 0.01312265 0.07518200 -0.05263651
v 0.01321052 0.07389424 -0.05104198
v 0.01670997 0.07501059 -0.05022814
v 0.01674951 0.07320389 -0.04887028
v 0.02020491 0.07470276 -0.04790160
v 0.02018231 0.07236254 -0.04676049
v 0.02358961 0.07658658 -0.04675117
v 0.02356966 0.07432962 -0.04556896
v 0.02687075 0.07886777 -0.04540977
v 0.02686259 0.07670277 -0.04415962
v 0.01661163 0.07629622 -0.05182775
v 0.02006114 0.07773484 -0.05087866
v 0.02016555 0.07647020 -0.04926592
v 0.02344086 0.07953148 -0.04978560
v 0.02354873 0.07830017 -0.04814760
v 0.02671428 0.08170839 -0.04853965
v 0.02682471 0.08051793 -0.04686188
v 0.01532607 0.07711708 -0.06508931
v 0.01596344 0.07772233 -0.05879231
v 0.01964577 0.07902411 -0.05509099
v 0.01988817 0.07856792 -0.05279441
v 0.02300142 0.08079256 -0.05401308
v 0.02325939 0.08034465 -0.05171678
v 0.02626163 0.08294445 -0.05278477
v 0.02652846 0.08249974 -0.05049074
v 0.02267078 0.08090323 -0.05675040
v 0.01933830 0.07912860 -0.05784889
v 0.03241032 0.06069511 -0.03605337
v 0.02888143 0.05592893 -0.03865338
v 0.02961626 0.06591218 -0.03909181
v 0.02623073 0.06233877 -0.04112289
v 0.02668894 0.07068566 -0.04224370
v 0.02280747 0.05923036 -0.04285554
v 0.02334542 0.06802121 -0.04381348
v 0.01994392 0.06578022 -0.04512625
v 0.02993791 0.07377556 -0.04040829
v 0.03291080 0.06995441 -0.03674848
v 0.03301124 0.08265603 -0.04063940
v 0.03835518 0.08891752 -0.03526068
v 0.04184022 0.07831412 -0.02589031
v 0.02591770 0.08307122 -0.05549787
v 0.03515433 0.05588359 -0.03294269
v 0.03555329 0.06115210 -0.03288634
v 0.03582834 0.06600907 -0.03306780
v 0.02532988 0.05170352 -0.04088355
v 0.02983925 0.08427485 -0.04712547
v 0.02995303 0.08312906 -0.04539181
v 0.03000957 0.08154799 -0.04386234
v 0.03002390 0.07948167 -0.04252141
v 0.03304710 0.07728701 -0.03829794
v 0.03604441 0.07446799 -0.03408333
v 0.03901964 0.07187886 -0.02968424
v 0.03873175 0.06285012 -0.02906486
v 0.04193464 0.07048236 -0.02468551
v 0.04170812 0.06144226 -0.02420941
v 0.04468315 0.06282396 -0.01776972
v 0.04599108 0.06900300 -0.01411639
v 0.04605989 0.06062424 -0.01339309
v 0.04712021 0.06816753 -0.00889555
v 0.04727441 0.06016076 -0.00791339
v 0.04784832 0.06928414 -0.00242140
v 0.04789416 0.06197407 -0.00100552
v 0.04728397 0.08499669 -0.00916895
v 0.04697609 0.07542868 -0.01027457
v -0.03995928 0.09078109 -0.03199222
v -0.04015999 0.09074698 -0.03151647
v -0.03935408 0.09087125 -0.03332800
v -0.03911455 0.09084272 -0.03389670
v -0.03908625 0.09091256 -0.03393003
v -0.03758426 0.09095437 -0.03734686
v -0.03764588 0.09092665 -0.03736872
v -0.03702612 0.09099511 -0.03860523
v -0.03344168 0.09063862 -0.04841496
v -0.03420172 0.09077482 -0.04607522
v -0.03330181 0.09058718 -0.04898249
v -0.03493829 0.09095312 -0.04383274
v -0.03344326 0.09058290 -0.04902223
v -0.03321487 0.09052633 -0.04981502
v -0.03300514 0.09047808 -0.05018627
v -0.03225629 0.09028894 -0.05314246
v -0.03218976 0.09017820 -0.05349476
v -0.03204518 0.09007674 -0.05434615
v -0.03201583 0.09005272 -0.05494548
v -0.03194535 0.09000667 -0.05493410
v -0.03149919 0.08969358 -0.05756147
v -0.03155656 0.08960154 -0.05838922
v -0.03140444 0.08954973 -0.05855268
v -0.03121070 0.08926178 -0.06098257
v -0.03117375 0.08919947 -0.06096592
v -0.03099307 0.08904796 -0.06261445
v -0.03097616 0.08889946 -0.06303302
v -0.03084815 0.08831556 -0.06706391
v -0.03085906 0.08822490 -0.06705439
v -0.03593270 0.09094340 -0.04145870
v -0.03522694 0.09095031 -0.04314363
v -0.03480628 0.09088314 -0.04421409
v -0.03522134 0.09091111 -0.04314122
v -0.03565999 0.09094066 -0.04200737
v -0.03640166 0.09099064 -0.04009029
v -0.04481136 0.08932447 -0.01972961
v -0.04271623 0.09006002 -0.02521778
v -0.04259381 0.09010299 -0.02553845
v -0.04016782 0.09074679 -0.03152164
v -0.04099186 0.09061129 -0.02966217
v -0.04122906 0.09058213 -0.02911340
v -0.04265937 0.09016266 -0.02560471
v -0.04267700 0.09015793 -0.02556181
v -0.04337495 0.08997014 -0.02386354
v -0.04425323 0.08957534 -0.02133591
v -0.04117343 0.10264981 -0.02561547
v -0.04096169 0.10258561 -0.02610804
v -0.04199216 0.09641005 -0.02568502
v -0.04271623 0.09006002 -0.02521778
v -0.04683264 0.09478953 -0.00009676
v -0.04578879 0.10474910 -0.00454989
v -0.04752531 0.08562040 -0.00432378
v -0.04757374 0.08546158 -0.00375273
v -0.04683565 0.09476330 -0.00009676
v -0.04780896 0.08469027 -0.00097927
v -0.04781351 0.08441910 -0.00009680
v -0.04580173 0.10471691 -0.00497562
v -0.04720143 0.08668242 -0.00814260
v -0.04559167 0.10447821 -0.00779497
v -0.04716626 0.08679776 -0.00855736
v -0.04550263 0.10437700 -0.00898997
v -0.04698870 0.08737999 -0.01065091
v -0.04543000 0.10429451 -0.00996483
v -0.04653571 0.08778453 -0.01253975
v -0.04482637 0.10397240 -0.01338171
v -0.04648106 0.08783333 -0.01276762
v -0.04454203 0.10382061 -0.01499123
v -0.04482931 0.09620701 -0.01735440
v -0.04443289 0.10377830 -0.01539838
v -0.04547344 0.08873320 -0.01696898
v -0.04547657 0.08873040 -0.01695593
v -0.03933555 0.10209260 -0.02989095
v -0.03745850 0.10152350 -0.03425753
v -0.03723429 0.10145550 -0.03477913
v -0.03022241 0.09216913 -0.06774340
v -0.03632704 0.10113881 -0.03696224
v -0.03445550 0.10048540 -0.04146575
v -0.03593270 0.09094340 -0.04145870
v -0.03412191 0.10033130 -0.04245986
v -0.03356634 0.10007451 -0.04411555
v -0.03259012 0.09962333 -0.04702477
v -0.03162844 0.09898839 -0.05093395
v -0.03321487 0.09052633 -0.04981502
v -0.03149382 0.09889952 -0.05148117
v -0.03125139 0.09873945 -0.05246666
v -0.03019432 0.09762477 -0.05908274
v -0.03155656 0.08960154 -0.05838922
v -0.03014752 0.09752978 -0.05962863
v -0.02954776 0.09631256 -0.06662477
v -0.02953106 0.09627868 -0.06681951
v -0.02944867 0.09599656 -0.06841828
v -0.04381436 0.10353821 -0.01770605
v -0.04329898 0.10333810 -0.01962883
v -0.04218935 0.10297880 -0.02275413
v -0.02937337 0.09496647 -0.07425879
v -0.02918533 0.09239380 -0.08884552
v -0.03085660 0.08375457 -0.09292119
v -0.02928201 0.09371646 -0.08134627
v -0.03085237 0.08603511 -0.07999228
v -0.03034450 0.08303396 -0.11945621
v -0.03087608 0.07919242 -0.11877881
v -0.03086311 0.08024446 -0.11282061
v -0.03026573 0.08347599 -0.11953411
v -0.02919570 0.09227121 -0.08954065
v -0.02926634 0.09143621 -0.09427504
v -0.02957114 0.08783313 -0.11470401
v -0.02965992 0.08687552 -0.12013350
v -0.00533537 -0.05384571 -0.23079151
v -0.04233480 -0.03457782 -0.23946832
v -0.04549734 -0.03024955 -0.23908711
v -0.05303166 0.00000001 -0.22085990
v -0.05310215 0.00000001 -0.22148310
v -0.05292095 -0.00517605 -0.22248641
v -0.05052856 -0.00000006 -0.20757911
v -0.05070893 -0.00000005 -0.20838030
v -0.05069057 -0.00498762 -0.20977261
v -0.04755678 -0.00000015 -0.19713951
v -0.04809956 -0.00000002 -0.19873850
v -0.04753160 -0.00444676 -0.19875601
v -0.04899222 -0.00000005 -0.20179492
v -0.04752986 -0.00475366 -0.19886761
v -0.05001395 -0.00000009 -0.20529321
v -0.05018035 -0.00996518 -0.21112651
v -0.04733719 -0.00910811 -0.20042961
v -0.04751095 -0.00809438 -0.20008212
v -0.04616389 -0.01595339 -0.20277641
v -0.04646136 -0.01421787 -0.20218141
v -0.04916837 -0.01488568 -0.21242381
v -0.04653695 -0.01377688 -0.20203031
v -0.04727099 -0.00949432 -0.20056201
v -0.04529426 -0.01837625 -0.20356800
v -0.04766929 -0.01970120 -0.21365872
v -0.04513279 -0.01882613 -0.20371491
v -0.04366257 -0.02292229 -0.20505311
v -0.04569422 -0.02436363 -0.21482531
v -0.04349964 -0.02337622 -0.20520141
v -0.03900510 -0.03138625 -0.20772241
v -0.04117071 -0.02764317 -0.20654821
v -0.04325518 -0.02882415 -0.21591781
v -0.04143218 -0.02719124 -0.20640641
v -0.04327121 -0.02401263 -0.20540931
v -0.03350637 -0.03787339 -0.20969412
v -0.03546044 -0.03557186 -0.20899472
v -0.03706799 -0.03695146 -0.21785700
v -0.03580157 -0.03517008 -0.20887261
v -0.04037168 -0.03303541 -0.21693031
v -0.03864943 -0.03181582 -0.20785321
v -0.03898574 -0.03141971 -0.20773281
v -0.03238999 -0.03879165 -0.20996641
v -0.03337107 -0.04052607 -0.21869151
v -0.03202478 -0.03909204 -0.21005551
v -0.02852927 -0.04196721 -0.21090811
v -0.02931748 -0.04371928 -0.21942861
v -0.02818494 -0.04225042 -0.21099201
v -0.02494497 -0.04649032 -0.22006240
v -0.02432254 -0.04472876 -0.21171911
v -0.02694500 -0.04327031 -0.21129450
v -0.01943920 -0.04744457 -0.21250961
v -0.01961366 -0.04734754 -0.21248141
v -0.02029767 -0.04880364 -0.22058721
v -0.01984130 -0.04722095 -0.21244451
v -0.02398848 -0.04491455 -0.21177311
v -0.01501562 -0.04893848 -0.21293461
v -0.01542475 -0.05062847 -0.22099861
v -0.01486086 -0.04899074 -0.21294950
v -0.01144051 -0.05014584 -0.21327812
v -0.01037804 -0.05193487 -0.22129081
v -0.01010226 -0.05035935 -0.21333811
v -0.01003343 -0.05037034 -0.21334121
v -0.00521807 -0.05271755 -0.22146492
v -0.00504410 -0.05116637 -0.21356491
v -0.00425791 -0.05129181 -0.21360011
v -0.00484537 -0.05119808 -0.21357382
v -0.05225825 -0.01032477 -0.22345361
v -0.05108786 -0.01539767 -0.22437901
v -0.04942407 -0.02034611 -0.22525851
v -0.04727980 -0.02512159 -0.22608840
v -0.04467065 -0.02967600 -0.22686451
v -0.04161823 -0.03396274 -0.22758300
v -0.03814919 -0.03793740 -0.22823982
v -0.03429290 -0.04155605 -0.22883081
v -0.03008672 -0.04478058 -0.22935241
v -0.02556956 -0.04757319 -0.22980041
v -0.02078582 -0.04990144 -0.23017141
v -0.01578385 -0.05173710 -0.23046191
v -0.01061464 -0.05305451 -0.23066841
v -0.05166946 0.00000000 -0.21264701
v -0.05178452 0.00000000 -0.21334082
v -0.05274533 0.00000001 -0.21913362
v -0.04821778 -0.02563877 -0.23867501
v -0.05047244 -0.02079131 -0.23823411
v -0.05224216 -0.01575457 -0.23776661
v -0.05447629 -0.00000006 -0.23622781
v -0.05473340 -0.00000004 -0.24012541
v -0.05426853 -0.00530924 -0.23675961
v -0.05474127 -0.00000004 -0.24049340
v -0.05477768 -0.00000002 -0.24219601
v -0.05351215 -0.01057741 -0.23727441
v -0.00539374 -0.05451844 -0.24116880
v -0.01596620 -0.05240466 -0.24099421
v -0.01073340 -0.05372412 -0.24110362
v -0.03480245 -0.04221655 -0.24013011
v -0.03050255 -0.04544915 -0.24040651
v -0.02589961 -0.04824364 -0.24064392
v -0.02103832 -0.05057072 -0.24084031
v -0.03875927 -0.03858068 -0.23981671
v -0.05314837 0.00000000 -0.22189170
v -0.05406543 -0.00000010 -0.22999971
v -0.05410897 -0.00000010 -0.23065962
v -0.03059759 0.07778236 -0.11853760
v -0.03076064 0.07819410 -0.11860801
v -0.03079856 0.07672417 -0.12582331
v -0.03793915 0.05134029 -0.16783851
v -0.04243359 0.03362290 -0.18024632
v -0.04277907 0.03462672 -0.18128600
v -0.04282807 0.03440108 -0.18141271
v -0.04276951 0.03416236 -0.18103220
v -0.04748219 0.00124730 -0.19666671
v -0.04752032 0.00068487 -0.19688452
v -0.04732484 0.00051092 -0.19645791
v -0.03058379 0.07626204 -0.12571801
v -0.04712856 0.00033626 -0.19602950
v -0.04591984 0.01415810 -0.19042391
v -0.04712899 0.00033664 -0.19603040
v -0.03089236 0.07792916 -0.12513090
v -0.03089186 0.07892348 -0.11873270
v -0.03090015 0.07786483 -0.12537931
v -0.03092115 0.07769159 -0.12604851
v -0.03640521 0.05652436 -0.16294260
v -0.03356779 0.06541565 -0.15185751
v -0.03492946 0.06122795 -0.15762731
v -0.03149622 0.07195530 -0.13933561
v -0.03240436 0.06899373 -0.14573450
v -0.03087797 0.07435871 -0.13266021
v -0.03667432 0.05727080 -0.16359241
v -0.03667360 0.05761866 -0.16393090
v -0.03680407 0.05718275 -0.16435291
v -0.03821942 0.05202824 -0.16853931
v -0.03789460 0.05353940 -0.16787931
v -0.03813245 0.05269790 -0.16858212
v -0.03384019 0.06627117 -0.15236840
v -0.03396463 0.06623968 -0.15327140
v -0.03414421 0.06567536 -0.15416921
v -0.03519571 0.06203141 -0.15821360
v -0.03518512 0.06240663 -0.15852320
v -0.03529221 0.06207036 -0.15897111
v -0.03654328 0.05805405 -0.16350951
v -0.03240937 0.07120803 -0.14458930
v -0.03269028 0.06989064 -0.14616511
v -0.03224035 0.07175862 -0.14352651
v -0.03179890 0.07288109 -0.13968841
v -0.03181116 0.07329663 -0.13986080
v -0.03119552 0.07530310 -0.13294201
v -0.03090705 0.07721991 -0.12593831
v -0.03108614 0.07633034 -0.13130631
v -0.03121659 0.07574125 -0.13308010
v -0.03137621 0.07502038 -0.13525051
v -0.03155328 0.07422076 -0.13765810
v -0.03076072 0.07819429 -0.11860801
v -0.03081973 0.07834330 -0.11863350
v -0.03086322 0.07869310 -0.11869330
v -0.03086324 0.07869327 -0.11869330
v -0.03269325 0.07028325 -0.14637431
v -0.03311277 0.06891661 -0.14901221
v -0.03383469 0.06664804 -0.15262160
v -0.04519485 0.02111743 -0.18779431
v -0.04531490 0.02134154 -0.18821021
v -0.04569981 0.01854749 -0.18946601
v -0.04610890 0.01437088 -0.19083820
v -0.04624687 0.01457638 -0.19125102
v -0.04637108 0.01367471 -0.19165621
v -0.04643526 0.01301798 -0.19192501
v -0.04683457 0.00893127 -0.19359771
v -0.04724832 0.00469681 -0.19533091
v -0.04408224 0.02772178 -0.18454022
v -0.04389875 0.02947058 -0.18418081
v -0.04416512 0.02796656 -0.18493180
v -0.04130709 0.04037054 -0.17724271
v -0.03977907 0.04635591 -0.17308881
v -0.04081781 0.04283356 -0.17620841
v -0.03981299 0.04663346 -0.17344701
v -0.04136002 0.04062703 -0.17761260
v -0.04218330 0.03727664 -0.17974491
v -0.04235818 0.03656494 -0.18019781
v -0.04416769 0.02795203 -0.18493900
v -0.04483469 0.02418590 -0.18681971
v -0.04523247 0.02193988 -0.18794120
v -0.03109050 0.07481536 -0.13279261
v -0.03170173 0.07240503 -0.13950031
v -0.03260093 0.06943190 -0.14593560
v -0.03375569 0.06583629 -0.15209731
v -0.03511125 0.06162529 -0.15790441
v -0.03658464 0.05689496 -0.16325192
v -0.03811972 0.05168297 -0.16817400
v -0.03966704 0.04603916 -0.17270501
v -0.04118154 0.04007919 -0.17684600
v -0.04262937 0.03389218 -0.18062771
v -0.04392550 0.02747287 -0.18413001
v -0.04502151 0.02088703 -0.18738140
v -0.04099240 0.03978864 -0.17647471
v -0.03948293 0.04572385 -0.17234892
v -0.04372040 0.02722573 -0.18374061
v -0.03055594 0.07772503 -0.11852661
v -0.03055588 0.07772496 -0.11852661
v -0.03823526 0.05233420 -0.16888590
v -0.03932530 0.04847773 -0.17210671
v -0.03976367 0.04681999 -0.17331141
v -0.03025499 0.08187292 -0.09258969
v -0.03024948 0.08642740 -0.06673133
v -0.03055067 0.08684211 -0.06680796
v -0.03075299 0.08731350 -0.06689473
v -0.03075279 0.08731298 -0.06689464
v -0.03058792 0.08689338 -0.06681743
v -0.03055097 0.08684251 -0.06680803
v -0.03026050 0.07731839 -0.11844841
v -0.03087079 0.08800445 -0.06702109
v -0.03084788 0.08781463 -0.06698642
v -0.03085237 0.08603511 -0.07999228
v -0.03080265 0.08743988 -0.06691798
v -0.03084782 0.08781406 -0.06698632
v -0.04716669 -0.00036033 -0.19629281
v -0.04666347 -0.00070339 -0.19549551
v -0.04664508 -0.00035130 -0.19536141
v -0.04753837 0.00034185 -0.19701110
v -0.04712899 0.00033664 -0.19603040
v -0.04712856 0.00033626 -0.19602950
v -0.04655605 -0.00618051 -0.19749081
v -0.04657761 -0.00508142 -0.19709040
v -0.04664298 -0.00174827 -0.19587611
v -0.03163715 -0.03861468 -0.20813021
v -0.02926317 -0.04054416 -0.20870690
v -0.02785566 -0.04168813 -0.20904881
v -0.00431792 -0.05075288 -0.21166781
v -0.00488591 -0.05065848 -0.21164170
v -0.00504410 -0.05116637 -0.21356491
v -0.00562905 -0.05053498 -0.21160762
v -0.00985356 -0.04983290 -0.21141371
v -0.01468610 -0.04846552 -0.21102700
v -0.01152452 -0.04955520 -0.21133702
v -0.02735186 -0.04209760 -0.20917121
v -0.02818494 -0.04225042 -0.21099201
v -0.02628041 -0.04296843 -0.20943151
v -0.02375376 -0.04437486 -0.20984291
v -0.02335336 -0.04459773 -0.20990811
v -0.01939122 -0.04680321 -0.21055331
v -0.01919955 -0.04690989 -0.21058451
v -0.01745293 -0.04751189 -0.21075581
v -0.03805208 -0.03136895 -0.20590920
v -0.04056243 -0.02733559 -0.20463851
v -0.04117071 -0.02764317 -0.20654821
v -0.04112073 -0.02643857 -0.20435591
v -0.04176533 -0.02540288 -0.20402970
v -0.04349964 -0.02337622 -0.20520141
v -0.04236349 -0.02390228 -0.20353901
v -0.04267099 -0.02313083 -0.20328671
v -0.04513279 -0.01882613 -0.20371491
v -0.04415243 -0.01941431 -0.20207131
v -0.04752986 -0.00475366 -0.19886761
v -0.04648962 -0.00956748 -0.19872460
v -0.04647272 -0.00965082 -0.19875321
v -0.04727099 -0.00949432 -0.20056201
v -0.04630146 -0.01049504 -0.19904241
v -0.04554996 -0.01419966 -0.20031172
v -0.04539016 -0.01498741 -0.20058161
v -0.04442554 -0.01872917 -0.20184731
v -0.04484418 -0.01767890 -0.20150381
v -0.04646136 -0.01421787 -0.20218141
v -0.03261130 -0.03782293 -0.20789361
v -0.03500603 -0.03510958 -0.20706301
v -0.03518812 -0.03490327 -0.20699981
v -0.03693421 -0.03292485 -0.20639421
v -0.03744131 -0.03235028 -0.20621832
v -0.01155494 -0.04859230 -0.20878671
v -0.00563709 -0.04935490 -0.20808891
v -0.01745293 -0.04751189 -0.21075581
v -0.01747279 -0.04730982 -0.20996022
v -0.01747271 -0.04555779 -0.20598040
v -0.02335336 -0.04459773 -0.20990811
v -0.02339057 -0.04372151 -0.20766072
v -0.02930826 -0.03718862 -0.20247280
v -0.02926317 -0.04054416 -0.20870690
v -0.03522596 -0.02916161 -0.19865231
v -0.03522611 -0.03402841 -0.20536471
v -0.03805208 -0.03136895 -0.20590920
v -0.04114382 -0.02497167 -0.20248661
v -0.04114374 -0.02213940 -0.19949542
v -0.04114366 -0.01905813 -0.19673200
v -0.04114359 -0.01568959 -0.19423161
v -0.04114351 -0.01199651 -0.19202821
v -0.04114344 -0.00797868 -0.19012191
v -0.04114336 -0.00365341 -0.18849700
v -0.03522550 -0.00862324 -0.18394901
v -0.03818443 -0.00639378 -0.18598931
v -0.03226642 -0.00159426 -0.17921540
v -0.02930750 -0.00311533 -0.17782351
v -0.02338965 -0.00529763 -0.17582652
v -0.01747179 -0.00664851 -0.17459040
v -0.01155394 -0.00743321 -0.17387241
v -0.00563609 -0.00782641 -0.17351270
v -0.00563624 -0.01603062 -0.17717091
v -0.00563639 -0.02391355 -0.18112321
v -0.00563654 -0.03126990 -0.18555731
v -0.00563677 -0.04074277 -0.19363770
v 0.00000000 -0.03803976 -0.19052880
v -0.00563670 -0.03784091 -0.19071021
v 0.00000000 -0.03793703 -0.19042671
v 0.00000000 -0.03407707 -0.18729751
v -0.00563685 -0.04334872 -0.19683601
v 0.00000000 -0.04124163 -0.19371182
v 0.00000000 -0.04096444 -0.19343621
v 0.00000000 -0.04589057 -0.20008370
v 0.00000000 -0.04555982 -0.19947952
v -0.00563693 -0.04564460 -0.20031811
v 0.00000000 -0.04407688 -0.19724230
v 0.00000000 -0.04357893 -0.19662220
v -0.00563701 -0.04763661 -0.20407830
v 0.00000000 -0.04788419 -0.20384181
v 0.00000000 -0.04764387 -0.20328631
v -0.03226657 -0.01041284 -0.18231141
v -0.02930765 -0.01183313 -0.18101171
v -0.03522558 -0.01279304 -0.18571621
v -0.02930772 -0.01593612 -0.18284001
v -0.02338980 -0.01382757 -0.17918661
v -0.03818458 -0.01453734 -0.18970301
v -0.03522565 -0.01665407 -0.18776591
v -0.02930780 -0.01977039 -0.18491421
v -0.02338995 -0.02173380 -0.18311750
v -0.02339002 -0.02533219 -0.18540760
v -0.02930788 -0.02331289 -0.18725541
v -0.02339010 -0.02867326 -0.18793321
v -0.02930795 -0.02657099 -0.18985691
v -0.02339018 -0.03176110 -0.19069052
v -0.02930803 -0.02956598 -0.19269921
v -0.02339025 -0.03460466 -0.19367141
v -0.02930811 -0.03232110 -0.19576101
v -0.02339033 -0.03721339 -0.19686721
v -0.02339041 -0.03959623 -0.20026971
v -0.03522588 -0.02642122 -0.19557701
v -0.03522581 -0.02344347 -0.19271891
v -0.03522573 -0.02019768 -0.19010621
v -0.01155447 -0.03415581 -0.18849931
v -0.01155455 -0.03723696 -0.19126281
v -0.01155462 -0.04005743 -0.19426470
v -0.01155470 -0.04260112 -0.19752001
v -0.01155486 -0.04685205 -0.20479611
v -0.01747232 -0.03322816 -0.18934811
v -0.01747240 -0.03619172 -0.19221911
v -0.01747248 -0.03890589 -0.19531841
v -0.01747256 -0.04136832 -0.19864811
v -0.01155409 -0.01570040 -0.17747302
v -0.01747194 -0.01502644 -0.17808961
v -0.01155424 -0.02358413 -0.18142451
v -0.01747225 -0.03002118 -0.18669981
v -0.01155439 -0.03083636 -0.18595391
v -0.01747217 -0.02657957 -0.18426621
v -0.01747209 -0.02291671 -0.18203510
v -0.04119393 0.04510895 -0.21030992
v -0.03816197 0.04922827 -0.21260340
v -0.03882609 0.04495576 -0.22166120
v -0.05154503 0.01935786 -0.23024990
v -0.05024278 0.02313213 -0.22088661
v -0.04842681 0.02820089 -0.22376222
v -0.05386600 0.00989234 -0.23635591
v -0.05424750 0.00370356 -0.23279371
v -0.05319264 0.00767099 -0.22354881
v -0.05137886 0.01753253 -0.21768560
v -0.04623986 0.02988453 -0.24768481
v -0.04886214 0.02544533 -0.24519522
v -0.04734645 0.02905295 -0.23572981
v -0.04416512 0.02796656 -0.18493180
v -0.04505859 0.02697089 -0.18844051
v -0.03680407 0.05718275 -0.16435291
v -0.03774409 0.05509294 -0.16995420
v -0.02987816 0.08336497 -0.14003940
v -0.03032053 0.08143425 -0.13893081
v -0.02978699 0.08483155 -0.13172350
v -0.02643536 0.07462436 -0.18959731
v -0.02616818 0.07447136 -0.19046472
v -0.02623247 0.07374697 -0.19190782
v -0.00000002 0.05713176 -0.23723220
v -0.00000003 0.05676683 -0.23888321
v -0.00181392 0.05667249 -0.23889761
v -0.00000007 0.05592657 -0.24268451
v -0.00000010 0.05574089 -0.24404321
v -0.00347519 0.05557406 -0.24406282
v -0.05303166 0.00000001 -0.22085990
v -0.05287966 0.00093997 -0.21965411
v -0.04894091 0.00744675 -0.20028890
v -0.05021870 0.00604891 -0.20527050
v -0.05215168 0.00276710 -0.21493571
v -0.05126725 0.00447208 -0.21014241
v -0.05464863 0.00571235 -0.24547041
v -0.05477768 -0.00000002 -0.24219601
v -0.05378153 0.01152198 -0.24880021
v -0.05234461 0.01688670 -0.25185720
v -0.05106331 0.02067733 -0.24250401
v -0.03987132 0.03788534 -0.25212602
v -0.04323680 0.03402641 -0.24999221
v -0.03758932 0.04089463 -0.24229380
v -0.03472559 0.04274978 -0.24903772
v -0.03040571 0.04586351 -0.25071472
v -0.02566376 0.04864768 -0.25218962
v -0.02403759 0.04977351 -0.24704121
v -0.01245929 0.05370659 -0.24898851
v -0.01855482 0.05197927 -0.24816151
v -0.00173556 0.05506357 -0.24947241
v -0.00000012 0.05515415 -0.24944761
v 0.00000000 0.05500020 -0.25259701
v -0.00556990 0.05481407 -0.24943551
v -0.00000018 0.05523869 -0.24771801
v -0.00000008 0.05815546 -0.23393321
v 0.00000003 0.06109809 -0.22616201
v -0.00000005 0.05987098 -0.22917581
v -0.00745198 0.05937905 -0.22911181
v -0.00000010 0.05918436 -0.23086212
v -0.00000010 0.05918373 -0.23086370
v 0.00000007 0.06379046 -0.22091641
v 0.00000004 0.06189929 -0.22460101
v -0.00706524 0.06147261 -0.22455671
v -0.01409438 0.06286978 -0.21980671
v -0.00736223 0.06649556 -0.21595901
v -0.00703687 0.06384599 -0.22017321
v 0.00000006 0.06423797 -0.22020330
v 0.00000000 0.06860636 -0.21367431
v 0.00000001 0.06691530 -0.21593731
v 0.00000001 0.06688836 -0.21598020
v -0.00059064 0.07093119 -0.21053572
v -0.00027144 0.06984132 -0.21193962
v -0.00492365 0.07097737 -0.21027331
v -0.00800056 0.06938951 -0.21189471
v -0.00671749 0.07103231 -0.20996292
v -0.00857361 0.07108915 -0.20964170
v -0.01607640 0.07166038 -0.20640281
v -0.01560687 0.07160517 -0.20671581
v -0.01490587 0.06829444 -0.21145532
v -0.01467252 0.07149530 -0.20733871
v -0.01315145 0.07137133 -0.20804112
v -0.01180755 0.07126182 -0.20866171
v -0.00999942 0.07116527 -0.20920960
v -0.01738925 0.07181478 -0.20552751
v -0.01801984 0.06748249 -0.21107351
v -0.01868225 0.07202961 -0.20430902
v -0.01879923 0.07204905 -0.20419882
v -0.02043173 0.07235868 -0.20244341
v -0.01981293 0.07221749 -0.20324351
v -0.02091259 0.06649779 -0.21058581
v -0.02161048 0.07183377 -0.20218011
v -0.02167890 0.07264325 -0.20083080
v -0.02090966 0.07246772 -0.20182540
v -0.02177383 0.07266491 -0.20070811
v -0.02406976 0.07051062 -0.20148490
v -0.02273530 0.07295961 -0.19903662
v -0.02634715 0.06904545 -0.20070262
v -0.02351196 0.07319767 -0.19768630
v -0.02565213 0.07417586 -0.19214012
v -0.02540421 0.07403390 -0.19294502
v -0.02633415 0.07143084 -0.19632652
v -0.02508987 0.07385392 -0.19396551
v -0.02367168 0.07326410 -0.19730970
v -0.02930058 0.07444693 -0.18089181
v -0.02881362 0.07721173 -0.17492721
v -0.02861145 0.07680207 -0.17725012
v -0.02822131 0.07632512 -0.17995420
v -0.02796062 0.07600641 -0.18176110
v -0.02995910 0.07017003 -0.18994691
v -0.02760937 0.07557701 -0.18419570
v -0.02710576 0.07516835 -0.18651281
v -0.03218572 0.07021297 -0.17852801
v -0.02933749 0.07827324 -0.16890810
v -0.02895158 0.07749128 -0.17334211
v -0.02982124 0.08076327 -0.15478980
v -0.02978866 0.08011676 -0.15845510
v -0.03032554 0.07834269 -0.16015781
v -0.02971949 0.07983411 -0.16005770
v -0.02968222 0.07968187 -0.16092101
v -0.03115590 0.07729542 -0.14807061
v -0.02991913 0.08270592 -0.14377640
v -0.02989269 0.08218129 -0.14675071
v -0.03220405 0.07332277 -0.15731220
v -0.02976366 0.08520681 -0.12959571
v -0.03063216 0.07998198 -0.12659530
v -0.03137621 0.07502038 -0.13525051
v -0.03126624 0.07568599 -0.13563871
v -0.03231767 0.07171588 -0.14488181
v -0.03362142 0.06794278 -0.15424581
v -0.03396463 0.06623968 -0.15327140
v -0.03240937 0.07120803 -0.14458930
v -0.03641464 0.06054156 -0.17306262
v -0.03813245 0.05269790 -0.16858212
v -0.04218330 0.03727664 -0.17974491
v -0.04217941 0.04248722 -0.18581220
v -0.04276198 0.03645543 -0.18234622
v -0.04277907 0.03462672 -0.18128600
v -0.04493173 0.03335849 -0.19212470
v -0.04754511 0.02412129 -0.19837071
v -0.04483469 0.02418590 -0.18681971
v -0.04856332 0.01603411 -0.19948310
v -0.04715599 0.01733081 -0.19443951
v -0.04569981 0.01854749 -0.18946601
v -0.04737690 0.00862111 -0.19517031
v -0.05174037 0.01132814 -0.21411381
v -0.05273128 0.01379742 -0.22707292
v -0.05276721 0.01552107 -0.23957481
v -0.04973078 0.02103677 -0.20815681
v -0.04879603 0.02679359 -0.21145420
v -0.04982076 0.01462038 -0.20445501
v -0.04870248 0.02262942 -0.20329461
v -0.04700562 0.03018671 -0.20185731
v -0.04713935 0.03198672 -0.21440611
v -0.04603153 0.03281733 -0.22636051
v -0.05086621 0.01304112 -0.20932540
v -0.04450938 0.03332444 -0.23811660
v -0.03754733 0.05353943 -0.20356932
v -0.04024943 0.04916255 -0.20111791
v -0.03676232 0.05771756 -0.19445371
v -0.03912842 0.05307834 -0.19184141
v -0.03573814 0.06170895 -0.18522361
v -0.03782535 0.05685197 -0.18247781
v -0.03455606 0.06557706 -0.17591781
v -0.03976367 0.04681999 -0.17331141
v -0.04094696 0.04801158 -0.18896711
v -0.04241965 0.04437039 -0.19841191
v -0.04371712 0.04059238 -0.20777291
v -0.04208955 0.04101718 -0.21947851
v -0.03979505 0.04092125 -0.23086491
v -0.03040441 0.06572667 -0.19889991
v -0.02845515 0.06744803 -0.19983930
v -0.02054692 0.05663015 -0.22789051
v -0.01438470 0.05830540 -0.22868560
v -0.01498006 0.05637472 -0.23334051
v -0.00819078 0.05756036 -0.23383541
v -0.00055747 0.05808699 -0.23392620
v -0.00000012 0.05886513 -0.23164611
v -0.01438717 0.06549392 -0.21557701
v 0.00000000 0.06988553 -0.21196241
v 0.00000000 0.07092489 -0.21057151
v -0.02033494 0.06125570 -0.21904920
v -0.01408822 0.06046944 -0.22417372
v -0.03351227 0.04419795 -0.24408702
v -0.02900534 0.04716563 -0.24567440
v -0.04401144 0.03912659 -0.19542901
v -0.04568623 0.03564319 -0.20497061
v -0.04487473 0.03670517 -0.21706690
v -0.04313903 0.03704555 -0.22872071
v -0.04125305 0.03726859 -0.24030272
v -0.03987132 0.03788534 -0.25212602
v -0.00927035 0.05600775 -0.23872212
v -0.01586586 0.05467082 -0.23813452
v -0.02174845 0.05277723 -0.23720561
v -0.02702458 0.05041014 -0.23598642
v -0.02600394 0.05440429 -0.22675791
v -0.03176238 0.04762272 -0.23450941
v -0.03082694 0.05168339 -0.22532180
v -0.02578311 0.05902293 -0.21791230
v -0.03051464 0.05623061 -0.21643241
v -0.02838327 0.06260085 -0.20854470
v -0.03051589 0.06102265 -0.20769322
v -0.02359496 0.06534883 -0.20999742
v -0.02608056 0.06404624 -0.20931481
v -0.03311749 0.06614942 -0.18771391
v -0.03386033 0.06193836 -0.19680941
v -0.03431490 0.05750223 -0.20576692
v -0.03461674 0.05294684 -0.21465121
v -0.03508288 0.04851974 -0.22361421
v -0.03600837 0.04445130 -0.23279711
v -0.03670911 0.04260290 -0.23750251
v -0.03252619 0.04582356 -0.23924501
v -0.02788338 0.04868515 -0.24076741
v -0.02274319 0.05115839 -0.24205171
v -0.01704551 0.05319635 -0.24306912
v -0.01068398 0.05471597 -0.24376872
v -0.02902388 0.08838296 -0.12039940
v -0.02931567 0.08791368 -0.12031660
v -0.02885292 0.09330230 -0.08973368
v -0.02904449 0.09281631 -0.08964345
v -0.03581432 0.10324801 -0.03639686
v -0.03550252 0.10313311 -0.03717687
v -0.03599413 0.10218500 -0.03706176
v -0.04196622 0.10513540 -0.02157280
v -0.04145640 0.10497710 -0.02291261
v -0.04197509 0.10402270 -0.02285244
v -0.04381436 0.10353821 -0.01770605
v -0.04433908 0.10432521 -0.01543260
v -0.02942020 0.09685647 -0.06671863
v -0.03008796 0.09817910 -0.05910318
v -0.02912433 0.09551099 -0.07435559
v -0.04555288 0.10502951 -0.00781637
v -0.04213084 0.10353141 -0.02281654
v -0.03616336 0.10169510 -0.03700888
v -0.03134318 0.09944780 -0.05155527
v -0.03338602 0.10062790 -0.04416939
v -0.03925682 0.10265651 -0.02996304
v -0.04557600 0.10583661 -0.00396433
v -0.04541421 0.10552221 -0.00782995
v -0.04494513 0.10518200 -0.01166777
v -0.03909261 0.10314701 -0.03000749
v -0.03321783 0.10111670 -0.04423168
v -0.03118020 0.09993564 -0.05162651
v -0.02946314 0.09960534 -0.05934280
v -0.02928079 0.09938739 -0.06062541
v -0.02992669 0.09866616 -0.05918101
v -0.02923665 0.09928972 -0.06118481
v -0.02925296 0.09734295 -0.06680128
v -0.02845855 0.09693438 -0.07461580
v -0.02894503 0.09599717 -0.07444162
v -0.02863846 0.09796618 -0.06876559
v -0.02878011 0.09827961 -0.06697039
v -0.02831138 0.09423642 -0.08991282
v -0.02831242 0.09567963 -0.08173001
v -0.02831272 0.09609803 -0.07935783
v -0.04496995 0.10709121 -0.00009676
v -0.04507432 0.10697780 -0.00166238
v -0.04504767 0.10658590 -0.00667155
v -0.04491938 0.10648270 -0.00785336
v -0.04477278 0.10636480 -0.00920383
v -0.04453018 0.10616971 -0.01143868
v -0.04447529 0.10614380 -0.01170690
v -0.04506200 0.10679661 -0.00397827
v -0.04505839 0.10674360 -0.00465557
v -0.04369785 0.10577640 -0.01550559
v -0.04353711 0.10570041 -0.01629099
v -0.04419326 0.10481740 -0.01545841
v -0.04298782 0.10550280 -0.01813789
v -0.03140065 0.10137401 -0.04874242
v -0.03275280 0.10205980 -0.04437141
v -0.03300678 0.10218860 -0.04355039
v -0.03318461 0.10227881 -0.04297555
v -0.03999543 0.10452340 -0.02675193
v -0.03981507 0.10446740 -0.02722590
v -0.03856748 0.10408710 -0.03008578
v -0.03637450 0.10341871 -0.03511275
v -0.02961194 0.08708926 -0.12017121
v -0.02951999 0.08740030 -0.12022610
v -0.02951252 0.08742556 -0.12023050
v -0.02873654 0.08884511 -0.12048091
v -0.02834525 0.09333409 -0.09502900
v -0.02831101 0.09372681 -0.09280226
v -0.03073563 0.10087500 -0.05178232
v -0.03062751 0.10079390 -0.05227657
v -0.03017115 0.10045160 -0.05436262
v -0.04266939 0.08922577 -0.02580502
v -0.04646817 0.08599459 -0.01348076
v -0.04651689 0.08594120 -0.01324944
v -0.04663375 0.08690825 -0.01291099
v -0.04770662 0.08386557 -0.00518108
v -0.04772937 0.08368789 -0.00458373
v -0.04775938 0.08460550 -0.00416979
v -0.04789278 0.08241143 -0.00029253
v -0.04788938 0.08261161 -0.00009657
v -0.04704349 0.08536419 -0.01074931
v -0.04735187 0.08581785 -0.00854286
v -0.04711399 0.08520626 -0.01016184
v -0.04726126 0.08487638 -0.00893469
v -0.04770424 0.08388417 -0.00524363
v -0.04559586 0.08785215 -0.01727343
v -0.04548032 0.08686983 -0.01754826
v -0.04591583 0.08659983 -0.01610313
v -0.04609877 0.08639936 -0.01523460
v -0.04415249 0.08763874 -0.02179872
v -0.04437082 0.08755771 -0.02122981
v -0.04425459 0.08862751 -0.02158355
v -0.04461364 0.08740716 -0.02042408
v -0.04263233 0.08820295 -0.02575979
v -0.04386288 0.08774624 -0.02255335
v -0.04023408 0.08874612 -0.03123661
v -0.04034957 0.08873738 -0.03098914
v -0.03908266 0.08991346 -0.03399384
v -0.04109752 0.08857545 -0.02930604
v -0.04237219 0.08829950 -0.02643762
v -0.04255480 0.08823172 -0.02596181
v -0.03136902 0.08913485 -0.05849660
v -0.03140444 0.08954973 -0.05855268
v -0.03117375 0.08919947 -0.06096592
v -0.03087079 0.08800445 -0.06702109
v -0.03202277 0.08965412 -0.05430313
v -0.03295969 0.09006083 -0.05015252
v -0.03300514 0.09047808 -0.05018627
v -0.03417591 0.09034652 -0.04606224
v -0.03522134 0.09091111 -0.04314122
v -0.03564244 0.09050447 -0.04201732
v -0.03758426 0.09095437 -0.03734686
v -0.03911155 0.09041321 -0.03394882
v -0.03911455 0.09084272 -0.03389670
v -0.04547344 0.08873320 -0.01696898
v -0.04716626 0.08679776 -0.00855736
v -0.04785634 0.08339891 -0.00009667
v -0.03559043 0.08999913 -0.04201478
v -0.03410794 0.08983999 -0.04603397
v -0.03287686 0.08955458 -0.05010250
v -0.03192872 0.08914917 -0.05423773
v -0.03126819 0.08863118 -0.05842010
v -0.03088699 0.08801258 -0.06264082
v -0.03078507 0.08755349 -0.05935316
v -0.03106420 0.08816121 -0.05833527
v -0.03055826 0.08707661 -0.06247757
v -0.03067740 0.08754380 -0.06255524
v -0.03086518 0.08772191 -0.05824957
v -0.03096471 0.08793117 -0.05687846
v -0.03173675 0.08867527 -0.05415616
v -0.03160121 0.08820372 -0.05409025
v -0.03195900 0.08835691 -0.05252289
v -0.03346103 0.08880523 -0.04697866
v -0.03386136 0.08912169 -0.04594539
v -0.03287936 0.08875100 -0.04849117
v -0.03258667 0.08885196 -0.04998707
v -0.03254459 0.08860765 -0.04995766
v -0.03204093 0.08839200 -0.05216399
v -0.03270383 0.08907450 -0.05003026
v -0.03396173 0.08935234 -0.04598067
v -0.03539579 0.08926642 -0.04196385
v -0.03538860 0.08898488 -0.04196644
v -0.03541471 0.08898732 -0.04189856
v -0.03558864 0.08900354 -0.04144629
v -0.03614829 0.08905569 -0.03999104
v -0.03713131 0.08928476 -0.03800178
v -0.03835176 0.08888874 -0.03526977
v -0.03897355 0.08916909 -0.03403068
v -0.03767142 0.08894030 -0.03672749
v -0.03707783 0.08898526 -0.03799935
v -0.03901858 0.08941576 -0.03402253
v -0.03547563 0.08950505 -0.04198696
v -0.03385801 0.08884224 -0.04594640
v -0.03892564 0.08884526 -0.03404013
v -0.03272188 0.08963655 0.03213304
v -0.03846988 0.09087410 0.02521936
v -0.03576184 0.09023696 0.02880970
v -0.02731376 0.07032020 0.03914933
v -0.02707591 0.07026474 0.03929769
v -0.02574150 0.08858382 0.03785218
v -0.00455578 0.08715142 0.04547275
v -0.00482634 0.06721413 0.04748711
v -0.00480097 0.06721270 0.04749098
v -0.00906454 0.08727948 0.04479764
v -0.00957695 0.06748281 0.04676269
v -0.00593756 0.06727698 0.04731766
v -0.01348018 0.08749068 0.04368133
v -0.01424721 0.06793004 0.04555769
v -0.01218050 0.06773214 0.04609093
v -0.01702539 0.06831135 0.04453233
v -0.01530469 0.06807518 0.04516740
v -0.01425747 0.06793145 0.04555390
v -0.02185845 0.08814801 0.04018760
v -0.02153092 0.06905481 0.04253670
v -0.01775879 0.08778170 0.04213840
v -0.01877394 0.06855134 0.04388698
v -0.01843281 0.06850452 0.04401289
v -0.02463142 0.06969481 0.04082250
v -0.02317123 0.06935437 0.04173334
v -0.02304237 0.06933084 0.04179645
v -0.02937263 0.08908265 0.03515748
v -0.03081715 0.07133957 0.03642789
v -0.02849611 0.07066423 0.03823088
v -0.02773472 0.07044268 0.03882233
v -0.03423524 0.07254101 0.03322383
v -0.03392610 0.07243003 0.03351977
v -0.03119480 0.07144945 0.03613454
v -0.03082389 0.07134153 0.03642266
v -0.03477296 0.07273407 0.03270904
v -0.03545368 0.07303527 0.03190541
v -0.03802247 0.07417192 0.02887277
v -0.03730261 0.07385340 0.02972261
v -0.03710080 0.07376410 0.02996087
v -0.04040461 0.07547696 0.02537785
v -0.04082145 0.07570533 0.02476630
v -0.04082570 0.09153753 0.02139440
v -0.04021581 0.07537352 0.02565486
v -0.04000452 0.07525779 0.02596485
v -0.04281346 0.09221522 0.01736799
v -0.04387656 0.07794017 0.01871208
v -0.04360436 0.07769716 0.01937753
v -0.04325293 0.07738343 0.02023670
v -0.04231622 0.07673693 0.02198170
v -0.04441906 0.09289434 0.01317325
v -0.04509830 0.07903093 0.01572516
v -0.04424292 0.07826725 0.01781639
v -0.04654042 0.08079351 0.01078256
v -0.04588388 0.07999109 0.01303272
v -0.04574995 0.07982738 0.01349175
v -0.04563074 0.09356035 0.00884240
v -0.04685086 0.08139026 0.00904633
v -0.04753684 0.08292974 0.00450680
v -0.04744501 0.08253234 0.00572336
v -0.04734107 0.08233255 0.00630468
v -0.04731194 0.08227655 0.00646759
v -0.04643797 0.09419780 0.00440781
v -0.04779617 0.08405210 0.00107098
v -0.04764457 0.08339601 0.00307946
v -0.03896650 0.10620270 0.01997713
v -0.02770867 0.10665821 0.03262065
v -0.00425586 0.10689660 0.04190940
v -0.04648723 0.07961835 0.01133049
v -0.01843684 0.06807590 0.04405854
v -0.02152385 0.06743049 0.04268837
v -0.02773472 0.07044268 0.03882233
v -0.03070076 0.07004074 0.03664861
v -0.03138887 0.06936666 0.03608541
v -0.03355138 0.07014222 0.03401105
v -0.03423524 0.07254101 0.03322383
v -0.03477296 0.07273407 0.03270904
v -0.03651513 0.07133248 0.03083027
v -0.03682416 0.07255783 0.03049303
v -0.03805900 0.07204052 0.02893679
v -0.03947666 0.07279433 0.02691422
v -0.04000452 0.07525779 0.02596485
v -0.04037121 0.07534703 0.02550676
v -0.04377565 0.07764576 0.01912051
v -0.04731852 0.08226529 0.00642281
v -0.02304237 0.06933084 0.04179645
v -0.02317123 0.06935437 0.04173334
v -0.02565411 0.10494581 -0.06133108
v -0.02474080 0.10347651 -0.06973719
v -0.02553345 0.10243341 -0.06955326
v -0.02567305 0.10497631 -0.06115675
v -0.02615040 0.10574421 -0.05676325
v -0.02686103 0.10637031 -0.05319315
v -0.02705334 0.10653981 -0.05222705
v -0.02745466 0.10689341 -0.05021089
v -0.02896677 0.10774251 -0.04539267
v -0.02954381 0.10806650 -0.04355401
v -0.03300678 0.10218860 -0.04355039
v -0.03082736 0.10878731 -0.03946409
v -0.03159669 0.10913190 -0.03752518
v -0.03257407 0.10956971 -0.03506190
v -0.03488147 0.11060341 -0.02924662
v -0.03495384 0.11063581 -0.02906421
v -0.03574222 0.11107040 -0.02662649
v -0.03633744 0.11139840 -0.02478605
v -0.03782250 0.11221701 -0.02019410
v -0.03799205 0.11231041 -0.01966987
v -0.03828946 0.11260521 -0.01800199
v -0.03876272 0.11307410 -0.01534795
v -0.03949804 0.11380281 -0.01122434
v -0.03951892 0.11394671 -0.01039783
v -0.03955173 0.11417261 -0.00909972
v -0.03968597 0.11509751 -0.00378749
v -0.03964714 0.11483001 -0.00532386
v -0.04505839 0.10674360 -0.00465557
v -0.03966567 0.11495771 -0.00459044
v -0.02451902 0.10282701 -0.07345684
v -0.02758425 0.09024495 -0.12072771
v -0.02381812 0.09445816 -0.12147060
v -0.02397086 0.09899534 -0.09541666
v -0.02397398 0.09901716 -0.09529155
v -0.02430886 0.10135801 -0.08187609
v -0.02429328 0.10124901 -0.08250042
v -0.01013433 0.07378441 -0.20587301
v -0.00957762 0.07375595 -0.20603440
v -0.00976063 0.07310598 -0.20686640
v -0.00659473 0.07232624 -0.20841902
v 0.00000009 0.07157696 -0.20976351
v -0.02950929 0.08332628 -0.14638050
v -0.02949499 0.08044005 -0.15989281
v -0.02974270 0.08275740 -0.14667281
v -0.02840105 0.07872874 -0.17241522
v -0.02867637 0.07812172 -0.17308390
v -0.02923409 0.08102845 -0.15941001
v -0.01290547 0.07266278 -0.20651271
v -0.00981465 0.07245775 -0.20767420
v -0.00986342 0.07180642 -0.20848141
v -0.00663413 0.07167453 -0.20922091
v -0.01295870 0.07201137 -0.20733480
v -0.01576976 0.07295034 -0.20488401
v -0.01583078 0.07229837 -0.20573471
v -0.01830407 0.07331961 -0.20279551
v -0.01838505 0.07266758 -0.20368112
v -0.02044997 0.07375801 -0.20032421
v -0.02056316 0.07310756 -0.20123721
v -0.02221320 0.07424765 -0.19757430
v -0.02236393 0.07360061 -0.19849810
v -0.02479804 0.07531562 -0.19159301
v -0.02501342 0.07467830 -0.19249261
v -0.02649875 0.07643827 -0.18530311
v -0.02675284 0.07581148 -0.18614031
v -0.02763540 0.07758049 -0.17888661
v -0.02790681 0.07696383 -0.17964341
v -0.02710576 0.07516835 -0.18651281
v -0.02090966 0.07246772 -0.20182540
v -0.02445674 0.07676905 -0.18895071
v -0.02457108 0.07593946 -0.19069010
v -0.02510622 0.07714534 -0.18681732
v -0.02622450 0.07704557 -0.18445912
v -0.02571199 0.07763420 -0.18404551
v -0.02808863 0.07930796 -0.17173751
v -0.02760414 0.07985675 -0.17144370
v -0.02726615 0.07924546 -0.17490981
v -0.02733486 0.07817273 -0.17812132
v -0.02627776 0.07809076 -0.18145681
v -0.02602077 0.07788337 -0.18263271
v -0.02407427 0.07654747 -0.19020701
v -0.02377579 0.07637455 -0.19118740
v -0.02205632 0.07488682 -0.19665251
v -0.02213008 0.07568949 -0.19507171
v -0.02203256 0.07564888 -0.19530190
v -0.02157825 0.07551337 -0.19607022
v -0.02033106 0.07440255 -0.19941541
v -0.02048215 0.07518644 -0.19792411
v -0.01618910 0.07433845 -0.20273220
v -0.01570157 0.07359825 -0.20403662
v -0.01783236 0.07460312 -0.20123171
v -0.01821650 0.07396685 -0.20191480
v -0.01816420 0.07465657 -0.20092871
v -0.02016077 0.07509057 -0.19846771
v -0.01990032 0.07503396 -0.19878871
v -0.01847406 0.07472393 -0.20054681
v -0.00655078 0.07297506 -0.20761592
v -0.00778814 0.07366442 -0.20655322
v -0.00685263 0.07363810 -0.20670251
v -0.01605890 0.07432336 -0.20281780
v -0.01536338 0.07424273 -0.20327491
v -0.01284583 0.07331070 -0.20569161
v -0.01358445 0.07403649 -0.20444401
v -0.01323926 0.07400917 -0.20459892
v -0.01258801 0.07395762 -0.20489111
v -0.01088379 0.07382274 -0.20565582
v -0.00420802 0.07356363 -0.20712481
v -0.00643647 0.07362636 -0.20676901
v -0.02855915 0.08237728 -0.15715250
v -0.02892326 0.08158593 -0.15891891
v -0.02865111 0.08268660 -0.15539851
v -0.02921629 0.08386415 -0.14608111
v -0.02880289 0.08434762 -0.14598081
v -0.02889500 0.08535569 -0.14026531
v -0.02882543 0.08459439 -0.14458170
v -0.02847668 0.08209983 -0.15872550
v -0.02804913 0.08066162 -0.16688021
v -0.02775863 0.08013618 -0.16985941
v -0.00303594 0.08151110 -0.19699500
v -0.00536995 0.08154232 -0.19678611
v -0.00560628 0.08154548 -0.19676501
v -0.00619388 0.08157158 -0.19659931
v -0.00800263 0.08165191 -0.19608911
v -0.01051620 0.08181813 -0.19505100
v -0.00969622 0.08174856 -0.19548211
v -0.00916574 0.08170356 -0.19576101
v -0.01158661 0.08190893 -0.19448831
v -0.01281601 0.08205169 -0.19360540
v -0.01212587 0.08195469 -0.19420481
v -0.01478803 0.08235389 -0.19174241
v -0.01450647 0.08228930 -0.19213711
v -0.01334374 0.08212585 -0.19314701
v -0.01596830 0.08262471 -0.19008772
v -0.01636744 0.08271630 -0.18952812
v -0.01683135 0.08282275 -0.18887782
v -0.01757498 0.08311959 -0.18711080
v -0.01942416 0.08398346 -0.18199300
v -0.01903197 0.08370121 -0.18364881
v -0.01878613 0.08360308 -0.18423290
v -0.01758940 0.08312535 -0.18707652
v -0.01954899 0.08407328 -0.18146601
v -0.02602077 0.07788337 -0.18263271
v -0.02069126 0.08489534 -0.17664361
v -0.02080591 0.08497786 -0.17615962
v -0.02089266 0.08504029 -0.17579331
v -0.02148672 0.08586567 -0.17098341
v -0.02214571 0.08678125 -0.16564771
v -0.02237653 0.08710193 -0.16377880
v -0.02255787 0.08760501 -0.16089141
v -0.02296340 0.08872999 -0.15443430
v -0.02309704 0.08910073 -0.15230640
v -0.02381185 0.09433352 -0.12218780
v -0.02331652 0.09070745 -0.14305851
v -0.02336326 0.09104963 -0.14108910
v -0.02289530 0.09529496 -0.12161140
v -0.02307350 0.09986078 -0.09556549
v -0.02387942 0.10438550 -0.06984709
v -0.02329775 0.10213321 -0.08263710
v -0.02240452 0.10299020 -0.08182479
v -0.03574222 0.11107040 -0.02662649
v -0.03568975 0.11236800 -0.02474312
v -0.02597550 0.10732200 -0.05319502
v -0.02391546 0.10680091 -0.06031837
v -0.02466717 0.10587561 -0.06138827
v -0.03854282 0.11667041 -0.00039680
v -0.03968597 0.11509751 -0.00378749
v -0.03893641 0.11576980 -0.00553017
v -0.02939302 0.11065780 -0.03879991
v -0.02870032 0.11032551 -0.04064559
v -0.03081498 0.11011980 -0.03740362
v -0.02799593 0.10872261 -0.04527982
v -0.02507892 0.10808181 -0.05313776
v -0.02311524 0.10570761 -0.06646036
v -0.02303520 0.10552691 -0.06747959
v -0.02896677 0.10774251 -0.04539267
v -0.03854189 0.11667121 -0.00039709
v -0.03810375 0.11402440 -0.01540928
v -0.03875713 0.11489061 -0.01051508
v -0.03955173 0.11417261 -0.00909972
v -0.03705381 0.11317971 -0.02016945
v -0.03411585 0.11158861 -0.02913226
v -0.03828946 0.11260521 -0.01800199
v -0.00956698 0.12291941 0.03030910
v -0.01037321 0.12221670 0.03122938
v -0.01913359 0.12221831 0.02638702
v -0.01996945 0.12150130 0.02718694
v -0.02592509 0.11988940 0.02393688
v -0.02557726 0.12079580 0.02317834
v -0.02286399 0.12117010 0.02530629
v -0.01689232 0.12178901 0.02881676
v -0.02025878 0.12210480 0.02574751
v -0.01367895 0.12202851 0.03017011
v -0.00698211 0.12235361 0.03199396
v -0.00351979 0.12243721 0.03245737
v -0.00873105 0.12296390 0.03055518
v -0.03790691 0.11725931 0.00297723
v -0.03574173 0.11838961 0.00946359
v -0.03697518 0.11783001 0.00626090
v -0.03422066 0.11892991 0.01255038
v -0.03243713 0.11944211 0.01547364
v -0.03039934 0.11992490 0.01822496
v -0.02810287 0.12037831 0.02080519
v -0.02440298 0.12158481 0.02280979
v -0.02146824 0.09293136 -0.13922071
v -0.02256242 0.09186983 -0.14121471
v -0.01249281 0.08280311 -0.19270701
v -0.01503970 0.08330368 -0.18991511
v -0.01757498 0.08311959 -0.18711080
v -0.01758940 0.08312535 -0.18707652
v -0.01665866 0.08497567 -0.18409911
v -0.01281601 0.08205169 -0.19360540
v -0.00536995 0.08154232 -0.19678611
v -0.00478284 0.08298498 -0.19468781
v -0.01007626 0.08324939 -0.19305030
v -0.00800263 0.08165191 -0.19608911
v -0.01596830 0.08262471 -0.19008772
v -0.01942416 0.08398346 -0.18199300
v -0.01875895 0.08643654 -0.17618681
v -0.02331652 0.09070745 -0.14305851
v -0.02296340 0.08872999 -0.15443430
v -0.01852537 0.07820675 -0.06528157
v -0.02027819 0.07895813 -0.06541426
v -0.02032154 0.07441980 -0.09127549
v -0.00577103 0.07500682 -0.06471728
v -0.00751915 0.07517852 -0.06474771
v -0.00752113 0.07059952 -0.09060189
v -0.02752042 0.08382080 -0.06627127
v -0.02568825 0.07774218 -0.09186132
v -0.02717018 0.08348626 -0.06621221
v -0.02564996 0.08235205 -0.06601224
v -0.00323497 0.07475773 -0.06467315
v -0.01424737 0.06765869 -0.11674511
v -0.01430270 0.07204773 -0.09085724
v -0.00798562 0.07522435 -0.06475582
v -0.01219363 0.07604523 -0.06490045
v -0.01237881 0.07608136 -0.06490683
v -0.01428579 0.07666127 -0.06500896
v -0.01537591 0.07699276 -0.06506734
v -0.01646826 0.07732492 -0.06512584
v -0.01773148 0.07786644 -0.06522148
v -0.02561914 0.07325875 -0.11773260
v -0.02162034 0.07972799 -0.06554985
v -0.02383736 0.08099968 -0.06577382
v -0.02462927 0.08159051 -0.06587799
v -0.04454753 0.07879441 -0.01978858
v -0.04412557 0.08532497 -0.02167199
v -0.04184022 0.07831412 -0.02589031
v -0.04605989 0.06062424 -0.01339309
v -0.04712021 0.06816753 -0.00889555
v -0.04697609 0.07542868 -0.01027457
v -0.03196958 0.05536262 -0.03606182
v -0.03138963 0.04957075 -0.03633491
v -0.03515433 0.05588359 -0.03294269
v -0.02018231 0.07236254 -0.04676049
v -0.01994392 0.06578022 -0.04512625
v -0.02334542 0.06802121 -0.04381348
v -0.00972588 0.07127125 -0.05028360
v -0.00619048 0.07077735 -0.05073524
v -0.00620612 0.06824425 -0.04939500
v -0.02184457 0.08007000 -0.06376380
v -0.00261021 0.07343130 -0.05414014
v -0.00263053 0.07228398 -0.05258187
v -0.01264197 0.05261282 -0.04643580
v -0.02466742 0.04555663 -0.04115768
v -0.04125310 0.05118770 -0.02450506
v -0.04789624 0.05546344 -0.00009662
v -0.04789416 0.06197407 -0.00100552
v -0.04734942 0.05141491 -0.00734194
v -0.02816376 0.08501716 -0.06087051
v -0.03078507 0.08755349 -0.05935316
v -0.02903194 0.08564576 -0.05408795
v -0.02965170 0.08504461 -0.04910520
v -0.03204093 0.08839200 -0.05216399
v -0.03195900 0.08835691 -0.05252289
v -0.03257951 0.08797776 -0.04754078
v -0.03288821 0.08612555 -0.04371324
v -0.03276794 0.08722641 -0.04551918
v -0.03767142 0.08894030 -0.03672749
v -0.03707783 0.08898526 -0.03799935
v -0.03568390 0.08805315 -0.04006743
v -0.03558864 0.08900354 -0.04144629
v -0.03892564 0.08884526 -0.03404013
v -0.03835176 0.08888874 -0.03526977
v -0.03861203 0.08554776 -0.03323283
v -0.03892762 0.07945637 -0.03108981
v -0.04145030 0.08492518 -0.02776110
v -0.04415249 0.08763874 -0.02179872
v -0.04675972 0.08197187 -0.01210165
v -0.04704349 0.08536419 -0.01074931
v -0.04651689 0.08594120 -0.01324944
v -0.04726126 0.08487638 -0.00893469
v -0.04760716 0.08210421 -0.00624720
v -0.04773851 0.07600164 -0.00417680
v -0.04789911 0.07476403 -0.00009656
v -0.04789468 0.04499998 -0.00009665
v -0.04789543 0.05007669 -0.00009664
v -0.04764624 0.04500003 -0.00492577
v -0.04609828 0.05136846 -0.01314187
v -0.04458704 0.05336809 -0.01766417
v -0.04274919 0.04639393 -0.02170689
v -0.03804851 0.05238946 -0.02932139
v -0.02532988 0.05170352 -0.04088355
v -0.02182033 0.04801143 -0.04276506
v -0.02280747 0.05923036 -0.04285554
v -0.01938578 0.05657994 -0.04430672
v -0.00933680 0.05127713 -0.04714691
v -0.00606848 0.05036716 -0.04764365
v -0.00282021 0.04988440 -0.04793888
v -0.00620763 0.06490148 -0.04840060
v -0.00000004 0.06033263 -0.04807495
v -0.00267730 0.06799309 -0.04955754
v -0.00265099 0.07054326 -0.05100950
v -0.00596134 0.07516767 -0.05778854
v -0.00258812 0.07425122 -0.05584088
v -0.00587382 0.07536516 -0.06059421
v -0.01233016 0.07636438 -0.06293330
v -0.00579101 0.07506404 -0.06404505
v -0.01537591 0.07699276 -0.06506734
v -0.01237881 0.07608136 -0.06490683
v -0.01596344 0.07772233 -0.05879231
v -0.02027819 0.07895813 -0.06541426
v -0.01858200 0.07822114 -0.06496701
v -0.01933830 0.07912860 -0.05784889
v -0.00619042 0.06077962 -0.04786992
v -0.00275257 0.06040813 -0.04799302
v 0.00000004 0.05886812 -0.04799637
v -0.00962884 0.06147702 -0.04755173
v -0.01258098 0.07665100 -0.05957313
v -0.00604344 0.07461265 -0.05558716
v -0.01280337 0.07652826 -0.05678866
v -0.01307056 0.06252647 -0.04699514
v -0.01651250 0.06395379 -0.04618675
v -0.01318367 0.06642644 -0.04760749
v -0.01324155 0.06960134 -0.04850362
v -0.00972949 0.06876387 -0.04905307
v -0.01673154 0.07079235 -0.04773890
v -0.02623073 0.06233877 -0.04112289
v -0.01324992 0.07206910 -0.04966277
v -0.01674951 0.07320389 -0.04887028
v -0.02020491 0.07470276 -0.04790160
v -0.02356966 0.07432962 -0.04556896
v -0.02668894 0.07068566 -0.04224370
v -0.02686259 0.07670277 -0.04415962
v -0.02358961 0.07658658 -0.04675117
v -0.02016555 0.07647020 -0.04926592
v -0.01670997 0.07501059 -0.05022814
v -0.01321052 0.07389424 -0.05104198
v -0.00968898 0.07308860 -0.05171245
v -0.00615992 0.07256118 -0.05223575
v -0.01964577 0.07902411 -0.05509099
v -0.01623530 0.07761444 -0.05601879
v -0.02267078 0.08090323 -0.05675040
v -0.02300142 0.08079256 -0.05401308
v -0.02325939 0.08034465 -0.05171678
v -0.02505565 0.08232698 -0.06239946
v -0.02591770 0.08307122 -0.05549787
v -0.02626163 0.08294445 -0.05278477
v -0.02652846 0.08249974 -0.05049074
v -0.02671428 0.08170839 -0.04853965
v -0.02995303 0.08312906 -0.04539181
v -0.02983925 0.08427485 -0.04712547
v -0.03296274 0.08461696 -0.04208853
v -0.03555329 0.06115210 -0.03288634
v -0.03241032 0.06069511 -0.03605337
v -0.02888143 0.05592893 -0.03865338
v -0.03291080 0.06995441 -0.03674848
v -0.02961626 0.06591218 -0.03909181
v -0.03304710 0.07728701 -0.03829794
v -0.02993791 0.07377556 -0.04040829
v -0.03301124 0.08265603 -0.04063940
v -0.03002390 0.07948167 -0.04252141
v -0.03000957 0.08154799 -0.04386234
v -0.02687075 0.07886777 -0.04540977
v -0.02682471 0.08051793 -0.04686188
v -0.02354873 0.07830017 -0.04814760
v -0.02344086 0.07953148 -0.04978560
v -0.02006114 0.07773484 -0.05087866
v -0.01988817 0.07856792 -0.05279441
v -0.01661163 0.07629622 -0.05182775
v -0.01645312 0.07714486 -0.05372771
v -0.01312265 0.07518200 -0.05263651
v -0.01298609 0.07603891 -0.05451321
v -0.00961741 0.07435218 -0.05330260
v -0.00951115 0.07520674 -0.05513925
v -0.00611116 0.07377243 -0.05381396
v -0.04789776 0.06574021 -0.00009659
v -0.04784832 0.06928414 -0.00242140
v -0.04727441 0.06016076 -0.00791339
v -0.03873175 0.06285012 -0.02906486
v -0.04170812 0.06144226 -0.02420941
v -0.04468315 0.06282396 -0.01776972
v -0.04599108 0.06900300 -0.01411639
v -0.04470651 0.07129593 -0.01847353
v -0.04193464 0.07048236 -0.02468551
v -0.03901964 0.07187886 -0.02968424
v -0.03582834 0.06600907 -0.03306780
v -0.03604441 0.07446799 -0.03408333
v -0.03596115 0.08121294 -0.03590655
v -0.03577781 0.08620771 -0.03850047
v -0.03541471 0.08898732 -0.04189856
v 0.04790000 0.01770100 -0.00009676
v 0.04781692 0.01770100 0.00272315
v -0.04790000 0.01770100 -0.00009676
v -0.01657901 0.01770100 -0.04503612
v -0.00656289 0.01770100 -0.04754503
v 0.00000000 0.01770100 -0.04799676
v 0.00656289 0.01770100 -0.04754503
v 0.04744827 0.01770100 -0.00665965
v -0.04224403 0.01770100 0.02248315
v -0.04610161 0.01770100 0.01290524
v -0.04781692 0.01770100 0.00272315
v 0.04224403 0.01770100 0.02248315
v 0.03642345 0.01770100 0.03101180
v -0.03642345 0.01770100 0.03101180
v 0.01026541 0.01770100 0.04669033
v 0.00000000 0.01770100 0.04780324
v 0.04610161 0.01770100 0.01290524
v 0.02891033 0.01770100 0.03809490
v 0.02005380 0.01770100 0.04340330
v -0.01026541 0.01770100 0.04669033
v -0.02005380 0.01770100 0.04340330
v -0.02891033 0.01770100 0.03809490
v -0.04744827 0.01770100 -0.00665965
v -0.04493936 0.01770100 -0.01667576
v -0.04034220 0.01770100 -0.02592148
v 0.02582473 0.01770100 -0.04043896
v 0.03387041 0.01770100 -0.03396717
v 0.01657901 0.01770100 -0.04503612
v 0.04034220 0.01770100 -0.02592148
v 0.04493936 0.01770100 -0.01667576
v -0.03387041 0.01770100 -0.03396717
v -0.02582473 0.01770100 -0.04043896
v 0.05448786 -0.00115000 -0.25409671
v 0.05448786 0.00115000 -0.25409671
v 0.05498797 -0.00115000 -0.25409671
v 0.05498797 0.00115000 -0.25409671
v 0.05448233 0.00138751 -0.25442482
v 0.05498249 0.00138751 -0.25442482
v 0.05498220 0.00139917 -0.25436711
v 0.05448204 0.00139917 -0.25436711
v 0.05498226 0.00139702 -0.25430832
v 0.05448209 0.00139702 -0.25430832
v 0.05498265 0.00138117 -0.25425161
v 0.05448250 0.00138117 -0.25425161
v 0.05498337 0.00135250 -0.25420012
v 0.05448321 0.00135250 -0.25420012
v 0.05498433 0.00131260 -0.25415692
v 0.05448419 0.00131260 -0.25415692
v 0.05498548 0.00126368 -0.25412411
v 0.05448535 0.00126368 -0.25412411
v 0.05498672 0.00120846 -0.25410371
v 0.05448660 0.00120846 -0.25410371
v 0.05449948 0.00023751 -0.25792482
v 0.05499948 0.00023751 -0.25792482
v 0.05449948 -0.00023751 -0.25792482
v 0.05499948 -0.00023751 -0.25792482
v 0.05499959 -0.00021073 -0.25798130
v 0.05449959 -0.00021073 -0.25798130
v 0.05499974 -0.00017078 -0.25802931
v 0.05449973 -0.00017078 -0.25802931
v 0.05499987 -0.00012015 -0.25806602
v 0.05449987 -0.00012015 -0.25806602
v 0.05499996 -0.00006201 -0.25808900
v 0.05449996 -0.00006201 -0.25808900
v 0.05500000 0.00000000 -0.25809672
v 0.05450000 0.00000000 -0.25809681
v 0.05500000 0.00000022 -0.25809681
v 0.05449996 0.00006201 -0.25808900
v 0.05499996 0.00006201 -0.25808900
v 0.05499987 0.00012015 -0.25806602
v 0.05449987 0.00012015 -0.25806602
v 0.05499974 0.00017078 -0.25802931
v 0.05449973 0.00017078 -0.25802931
v 0.05499959 0.00021073 -0.25798130
v 0.05449959 0.00021073 -0.25798130
v 0.05448233 -0.00138751 -0.25442482
v 0.05498249 -0.00138751 -0.25442482
v 0.05498672 -0.00120846 -0.25410371
v 0.05448660 -0.00120846 -0.25410371
v 0.05498548 -0.00126368 -0.25412411
v 0.05448535 -0.00126368 -0.25412411
v 0.05498433 -0.00131260 -0.25415692
v 0.05448419 -0.00131260 -0.25415692
v 0.05498337 -0.00135250 -0.25420012
v 0.05448321 -0.00135250 -0.25420012
v 0.05498265 -0.00138117 -0.25425161
v 0.05448250 -0.00138117 -0.25425161
v 0.05498226 -0.00139702 -0.25430832
v 0.05448209 -0.00139702 -0.25430832
v 0.05498220 -0.00139917 -0.25436711
v 0.05448204 -0.00139917 -0.25436711
v 0.05323703 -0.01166486 -0.25669682
v 0.05235625 -0.01513514 -0.25669682
v 0.05374877 -0.01166486 -0.25669682
v 0.05287653 -0.01513514 -0.25669682
v 0.05227896 -0.01540000 -0.25643190
v 0.05280000 -0.01540000 -0.25643190
v 0.05280194 -0.01539336 -0.25649083
v 0.05228092 -0.01539336 -0.25649083
v 0.05280764 -0.01537377 -0.25654683
v 0.05228668 -0.01537377 -0.25654683
v 0.05281682 -0.01534222 -0.25659712
v 0.05229595 -0.01534222 -0.25659712
v 0.05282898 -0.01530028 -0.25663902
v 0.05230823 -0.01530028 -0.25663902
v 0.05284350 -0.01525006 -0.25667051
v 0.05232290 -0.01525006 -0.25667051
v 0.05285963 -0.01519408 -0.25669011
v 0.05233918 -0.01519408 -0.25669011
v 0.05227896 -0.01540000 -0.25576161
v 0.05280000 -0.01540000 -0.25576161
v 0.05235625 -0.01513514 -0.25549681
v 0.05287653 -0.01513514 -0.25549681
v 0.05285686 -0.01520369 -0.25550581
v 0.05233639 -0.01520369 -0.25550581
v 0.05283844 -0.01526757 -0.25553221
v 0.05231779 -0.01526757 -0.25553221
v 0.05282256 -0.01532242 -0.25557431
v 0.05230175 -0.01532242 -0.25557431
v 0.05281596 -0.01534516 -0.25560022
v 0.05229507 -0.01534521 -0.25560031
v 0.05281034 -0.01536452 -0.25562921
v 0.05228940 -0.01536452 -0.25562921
v 0.05280590 -0.01537976 -0.25566011
v 0.05228492 -0.01537976 -0.25566011
v 0.05280263 -0.01539097 -0.25569311
v 0.05228162 -0.01539097 -0.25569311
v 0.05280066 -0.01539773 -0.25572702
v 0.05227964 -0.01539772 -0.25572691
v 0.05323703 -0.01166486 -0.25549681
v 0.05374877 -0.01166486 -0.25549681
v 0.05329437 -0.01140000 -0.25576161
v 0.05380558 -0.01140000 -0.25576161
v 0.05380417 -0.01140664 -0.25570271
v 0.05329295 -0.01140664 -0.25570271
v 0.05380001 -0.01142623 -0.25564671
v 0.05328875 -0.01142623 -0.25564671
v 0.05379330 -0.01145778 -0.25559651
v 0.05328198 -0.01145778 -0.25559651
v 0.05378435 -0.01149972 -0.25555452
v 0.05327294 -0.01149972 -0.25555452
v 0.05377359 -0.01154994 -0.25552301
v 0.05326208 -0.01154994 -0.25552301
v 0.05376153 -0.01160592 -0.25550341
v 0.05324991 -0.01160592 -0.25550341
v 0.05329437 -0.01140000 -0.25643190
v 0.05380558 -0.01140000 -0.25643190
v 0.05376153 -0.01160592 -0.25669011
v 0.05324991 -0.01160592 -0.25669011
v 0.05377359 -0.01154994 -0.25667051
v 0.05326208 -0.01154994 -0.25667051
v 0.05378435 -0.01149972 -0.25663902
v 0.05327294 -0.01149972 -0.25663902
v 0.05379330 -0.01145778 -0.25659712
v 0.05328198 -0.01145778 -0.25659712
v 0.05380001 -0.01142623 -0.25654683
v 0.05328875 -0.01142623 -0.25654683
v 0.05380417 -0.01140664 -0.25649083
v 0.05329295 -0.01140664 -0.25649083
v 0.05329437 0.01140000 -0.25576161
v 0.05380558 0.01140000 -0.25576161
v 0.05329437 0.01140000 -0.25643190
v 0.05380558 0.01140000 -0.25643190
v 0.05374877 0.01166486 -0.25669682
v 0.05323703 0.01166486 -0.25669682
v 0.05324991 0.01160592 -0.25669011
v 0.05376153 0.01160592 -0.25669011
v 0.05326208 0.01154994 -0.25667051
v 0.05377359 0.01154994 -0.25667051
v 0.05327294 0.01149972 -0.25663902
v 0.05378435 0.01149972 -0.25663902
v 0.05328198 0.01145778 -0.25659712
v 0.05379330 0.01145778 -0.25659712
v 0.05328875 0.01142623 -0.25654683
v 0.05380001 0.01142623 -0.25654683
v 0.05329295 0.01140664 -0.25649083
v 0.05380417 0.01140664 -0.25649083
v 0.05297556 0.01280000 -0.25669682
v 0.05348981 0.01280000 -0.25669682
v 0.05297556 0.01280000 -0.25783192
v 0.05297556 0.01280000 -0.25669682
v 0.05348981 0.01280000 -0.25783192
v 0.05348981 0.01280000 -0.25669682
v 0.05342573 0.01306486 -0.25809681
v 0.05291086 0.01306486 -0.25809681
v 0.05292538 0.01300592 -0.25809010
v 0.05344012 0.01300592 -0.25809010
v 0.05293910 0.01294994 -0.25807051
v 0.05345371 0.01294994 -0.25807051
v 0.05295137 0.01289972 -0.25803901
v 0.05346585 0.01289972 -0.25803901
v 0.05296157 0.01285778 -0.25799711
v 0.05347595 0.01285778 -0.25799711
v 0.05296921 0.01282623 -0.25794682
v 0.05348353 0.01282623 -0.25794682
v 0.05297396 0.01280664 -0.25789082
v 0.05348822 0.01280664 -0.25789082
v 0.05274084 0.01373514 -0.25809681
v 0.05325736 0.01373514 -0.25809681
v 0.05324212 0.01379408 -0.25809010
v 0.05272545 0.01379408 -0.25809010
v 0.05322758 0.01385006 -0.25807051
v 0.05271077 0.01385006 -0.25807051
v 0.05321449 0.01390028 -0.25803901
v 0.05269755 0.01390028 -0.25803901
v 0.05320352 0.01394222 -0.25799711
v 0.05268647 0.01394222 -0.25799711
v 0.05319524 0.01397377 -0.25794682
v 0.05267811 0.01397377 -0.25794682
v 0.05319009 0.01399336 -0.25789082
v 0.05267292 0.01399336 -0.25789082
v 0.05318835 0.01400000 -0.25783192
v 0.05267115 0.01400000 -0.25783192
v 0.05267115 0.01400000 -0.25669682
v 0.05318835 0.01400000 -0.25669682
v 0.05267115 0.01400000 -0.25669682
v 0.05318835 0.01400000 -0.25669682
v 0.05235625 0.01513514 -0.25669682
v 0.05287653 0.01513514 -0.25669682
v 0.05280000 0.01540000 -0.25643190
v 0.05227896 0.01540000 -0.25643190
v 0.05227963 0.01539773 -0.25646650
v 0.05280067 0.01539771 -0.25646663
v 0.05228162 0.01539097 -0.25650050
v 0.05280263 0.01539097 -0.25650050
v 0.05228489 0.01537985 -0.25653322
v 0.05280589 0.01537979 -0.25653340
v 0.05228940 0.01536452 -0.25656431
v 0.05281034 0.01536452 -0.25656431
v 0.05229509 0.01534516 -0.25659330
v 0.05281593 0.01534527 -0.25659321
v 0.05230175 0.01532242 -0.25661921
v 0.05282256 0.01532242 -0.25661921
v 0.05231779 0.01526757 -0.25666130
v 0.05283844 0.01526757 -0.25666130
v 0.05233639 0.01520369 -0.25668782
v 0.05285686 0.01520369 -0.25668782
v 0.05227896 0.01540000 -0.25576161
v 0.05280000 0.01540000 -0.25576161
v 0.05227963 0.01539773 -0.25572702
v 0.05280066 0.01539774 -0.25572711
v 0.05228162 0.01539097 -0.25569311
v 0.05280263 0.01539097 -0.25569311
v 0.05228489 0.01537985 -0.25566031
v 0.05280587 0.01537987 -0.25566031
v 0.05228940 0.01536452 -0.25562921
v 0.05281034 0.01536452 -0.25562921
v 0.05229509 0.01534516 -0.25560022
v 0.05281594 0.01534524 -0.25560041
v 0.05230175 0.01532242 -0.25557431
v 0.05282256 0.01532242 -0.25557431
v 0.05283844 0.01526757 -0.25553221
v 0.05231779 0.01526757 -0.25553221
v 0.05285686 0.01520369 -0.25550581
v 0.05233639 0.01520369 -0.25550581
v 0.05287653 0.01513514 -0.25549681
v 0.05235625 0.01513514 -0.25549681
v 0.05267115 0.01400000 -0.25549681
v 0.05318835 0.01400000 -0.25549681
v 0.05267115 0.01400000 -0.25549681
v 0.05318835 0.01400000 -0.25549681
v 0.05267115 0.01400000 -0.25436161
v 0.05318835 0.01400000 -0.25436161
v 0.05267175 0.01399773 -0.25432701
v 0.05318894 0.01399774 -0.25432711
v 0.05267355 0.01399098 -0.25429312
v 0.05319072 0.01399098 -0.25429312
v 0.05267650 0.01397985 -0.25426031
v 0.05319364 0.01397987 -0.25426031
v 0.05268057 0.01396451 -0.25422921
v 0.05319767 0.01396451 -0.25422921
v 0.05268569 0.01394516 -0.25420031
v 0.05320272 0.01394526 -0.25420041
v 0.05269171 0.01392242 -0.25417431
v 0.05320870 0.01392242 -0.25417431
v 0.05322303 0.01386757 -0.25413221
v 0.05270617 0.01386757 -0.25413221
v 0.05323963 0.01380369 -0.25410582
v 0.05272294 0.01380369 -0.25410582
v 0.05325736 0.01373514 -0.25409671
v 0.05274084 0.01373514 -0.25409671
v 0.05291086 0.01306486 -0.25409671
v 0.05342573 0.01306486 -0.25409671
v 0.05348981 0.01280000 -0.25436161
v 0.05297556 0.01280000 -0.25436161
v 0.05297396 0.01280664 -0.25430272
v 0.05348822 0.01280664 -0.25430272
v 0.05296921 0.01282623 -0.25424672
v 0.05348353 0.01282623 -0.25424672
v 0.05296157 0.01285778 -0.25419651
v 0.05347595 0.01285778 -0.25419651
v 0.05295137 0.01289972 -0.25415451
v 0.05346585 0.01289972 -0.25415451
v 0.05293910 0.01294994 -0.25412301
v 0.05345371 0.01294994 -0.25412301
v 0.05292538 0.01300592 -0.25410341
v 0.05344012 0.01300592 -0.25410341
v 0.05297556 0.01280000 -0.25549681
v 0.05348981 0.01280000 -0.25549681
v 0.05323703 0.01166486 -0.25549681
v 0.05297556 0.01280000 -0.25549681
v 0.05374877 0.01166486 -0.25549681
v 0.05348981 0.01280000 -0.25549681
v 0.05329295 0.01140664 -0.25570271
v 0.05380417 0.01140664 -0.25570271
v 0.05328875 0.01142623 -0.25564671
v 0.05380001 0.01142623 -0.25564671
v 0.05328198 0.01145778 -0.25559651
v 0.05379330 0.01145778 -0.25559651
v 0.05327294 0.01149972 -0.25555452
v 0.05378435 0.01149972 -0.25555452
v 0.05326208 0.01154994 -0.25552301
v 0.05377359 0.01154994 -0.25552301
v 0.05324991 0.01160592 -0.25550341
v 0.05376153 0.01160592 -0.25550341
v 0.05497066 0.00159632 -0.25069091
v 0.05497061 0.00158023 -0.25060861
v 0.05450000 0.00158726 -0.25060720
v 0.05498244 0.00055140 -0.24959532
v 0.05450000 0.00055140 -0.24959532
v 0.05497877 0.00091980 -0.24972291
v 0.05450000 0.00093436 -0.24973011
v 0.05497859 0.00093395 -0.24973082
v 0.05450000 0.00138648 -0.25010182
v 0.05497240 0.00138234 -0.25010441
v 0.05497276 0.00135579 -0.25006161
v 0.05450000 0.00119424 -0.24989761
v 0.05497380 0.00128490 -0.24998130
v 0.05497515 0.00118919 -0.24990381
v 0.05497689 0.00106706 -0.24980491
v 0.05497092 0.00149194 -0.25028111
v 0.05450000 0.00151789 -0.25034152
v 0.05497069 0.00151608 -0.25034231
v 0.05497045 0.00154001 -0.25040290
v 0.05497097 0.00159986 -0.25076251
v 0.05450000 0.00160000 -0.25082241
v 0.05497130 0.00160000 -0.25082241
v 0.05496561 0.00125306 -0.24904441
v 0.05496553 0.00125559 -0.24904191
v 0.05450000 0.00125587 -0.24904222
v 0.05496203 0.00134300 -0.24890551
v 0.05496198 0.00134338 -0.24890231
v 0.05450000 0.00134373 -0.24890242
v 0.05496119 0.00135000 -0.24884681
v 0.05450000 0.00135000 -0.24884681
v 0.05496246 0.00133591 -0.24892952
v 0.05450000 0.00132524 -0.24895521
v 0.05496303 0.00132367 -0.24895442
v 0.05496366 0.00130986 -0.24898262
v 0.05450000 0.00129546 -0.24900261
v 0.05496421 0.00129544 -0.24900261
v 0.05496422 0.00129522 -0.24900291
v 0.05496621 0.00123252 -0.24905871
v 0.05450000 0.00120847 -0.24907202
v 0.05496686 0.00120773 -0.24907042
v 0.05496762 0.00117900 -0.24908390
v 0.05450000 0.00115563 -0.24909051
v 0.05496817 0.00115562 -0.24909040
v 0.05496818 0.00115486 -0.24909062
v 0.05450000 0.00110000 -0.24909681
v 0.05496933 0.00110000 -0.24909681
v 0.05450000 0.00135000 -0.24834681
v 0.05495500 0.00135000 -0.24834681
v 0.05495471 0.00123258 -0.24813481
v 0.05495482 0.00122462 -0.24813112
v 0.05450000 0.00122500 -0.24813022
v 0.05495680 0.00110000 -0.24809681
v 0.05450000 0.00110000 -0.24809681
v 0.05495584 0.00115497 -0.24810292
v 0.05450000 0.00116471 -0.24810531
v 0.05495568 0.00116462 -0.24810562
v 0.05495545 0.00117908 -0.24810962
v 0.05450000 0.00131651 -0.24822181
v 0.05495412 0.00131545 -0.24822232
v 0.05495409 0.00130989 -0.24821092
v 0.05450000 0.00127678 -0.24817001
v 0.05495413 0.00129524 -0.24819061
v 0.05495429 0.00127555 -0.24817122
v 0.05495448 0.00125311 -0.24814911
v 0.05495422 0.00133592 -0.24826402
v 0.05450000 0.00134148 -0.24828212
v 0.05495434 0.00134126 -0.24828212
v 0.05495438 0.00134301 -0.24828801
v 0.05498404 -0.00025971 -0.24953511
v 0.05450000 -0.00025971 -0.24953511
v 0.05498479 -0.00000004 -0.24953891
v 0.05450000 0.00021941 -0.24955021
v 0.05498477 0.00000921 -0.24953921
v 0.05498387 0.00021830 -0.24956091
v 0.05450000 -0.00019899 -0.24909681
v 0.05450000 -0.00025971 -0.24953511
v 0.05497958 -0.00019899 -0.24909681
v 0.05498404 -0.00025971 -0.24953511
v 0.05498007 -0.00000001 -0.24909681
v 0.05450000 -0.00019899 -0.24909681
v 0.05497958 -0.00019899 -0.24909681
v 0.05450000 -0.00085225 -0.24809681
v 0.05496694 0.00000004 -0.24809681
v 0.05495928 -0.00085225 -0.24809681
v 0.05495856 -0.00089802 -0.24810101
v 0.05495839 -0.00091102 -0.24810501
v 0.05450000 -0.00091139 -0.24810382
v 0.05495712 -0.00104151 -0.24818341
v 0.05495715 -0.00105498 -0.24820341
v 0.05450000 -0.00105639 -0.24820240
v 0.05450000 -0.00108474 -0.24825482
v 0.05495718 -0.00107458 -0.24823242
v 0.05495731 -0.00108472 -0.24825482
v 0.05450000 -0.00109988 -0.24831240
v 0.05495731 -0.00108490 -0.24825522
v 0.05495784 -0.00109988 -0.24831240
v 0.05495719 -0.00102422 -0.24816531
v 0.05450000 -0.00101645 -0.24815821
v 0.05495726 -0.00101584 -0.24815912
v 0.05495757 -0.00097678 -0.24813002
v 0.05450000 -0.00096718 -0.24812481
v 0.05495767 -0.00096704 -0.24812501
v 0.05495781 -0.00095448 -0.24811862
v 0.05495894 -0.00087322 -0.24809761
v 0.05450000 -0.00134764 -0.25010081
v 0.05497288 -0.00134764 -0.25010081
v 0.05497409 -0.00133721 -0.25021402
v 0.05497422 -0.00133412 -0.25022061
v 0.05450000 -0.00133480 -0.25022091
v 0.05498076 -0.00110000 -0.25038511
v 0.05450000 -0.00110000 -0.25038511
v 0.05497948 -0.00115874 -0.25037811
v 0.05450000 -0.00116041 -0.25037771
v 0.05497945 -0.00116039 -0.25037761
v 0.05497891 -0.00118277 -0.25037101
v 0.05450000 -0.00121724 -0.25035591
v 0.05497803 -0.00121653 -0.25035441
v 0.05450000 -0.00126713 -0.25032101
v 0.05497663 -0.00126621 -0.25032011
v 0.05497695 -0.00125620 -0.25033032
v 0.05497753 -0.00123589 -0.25034491
v 0.05497564 -0.00129769 -0.25028811
v 0.05450000 -0.00130710 -0.25027511
v 0.05497531 -0.00130687 -0.25027501
v 0.05497513 -0.00131202 -0.25026761
v 0.05450000 -0.00134859 -0.25016162
v 0.05497308 -0.00134997 -0.25013092
v 0.05497341 -0.00134683 -0.25016151
v 0.05497372 -0.00134392 -0.25018991
v 0.05450000 -0.00004041 -0.25038511
v 0.05499208 -0.00004041 -0.25038511
v 0.05499129 0.00035417 -0.25047691
v 0.05499129 0.00035612 -0.25047871
v 0.05450000 0.00035633 -0.25047851
v 0.05450000 0.00045787 -0.25063202
v 0.05450000 0.00043668 -0.25057261
v 0.05499132 0.00043524 -0.25057332
v 0.05499142 0.00045224 -0.25061131
v 0.05499150 0.00045784 -0.25063202
v 0.05450000 0.00046640 -0.25071042
v 0.05499150 0.00045809 -0.25063292
v 0.05499191 0.00046640 -0.25071042
v 0.05450000 0.00040418 -0.25052311
v 0.05499123 0.00040386 -0.25052272
v 0.05499124 0.00040415 -0.25052311
v 0.05499127 0.00042733 -0.25055551
v 0.05499132 0.00033884 -0.25046652
v 0.05450000 0.00032080 -0.25045572
v 0.05499137 0.00031986 -0.25045771
v 0.05499156 0.00024320 -0.25042221
v 0.05450000 0.00021651 -0.25041421
v 0.05499163 0.00021648 -0.25041432
v 0.05499164 0.00021224 -0.25041311
v 0.05450000 0.00001173 -0.25038601
v 0.05499199 0.00001158 -0.25038711
v 0.05499201 -0.00000008 -0.25038562
v 0.05499625 -0.00011503 -0.25109681
v 0.05450000 -0.00011503 -0.25109681
v 0.05499625 -0.00000008 -0.25109141
v 0.05450000 0.00011493 -0.25107351
v 0.05450000 0.00025205 -0.25102751
v 0.05499565 0.00017595 -0.25105711
v 0.05499586 0.00011409 -0.25106921
v 0.05499470 0.00030606 -0.25099771
v 0.05499482 0.00029296 -0.25100581
v 0.05499512 0.00025067 -0.25102432
v 0.05499425 0.00034822 -0.25096371
v 0.05450000 0.00034971 -0.25096562
v 0.05499396 0.00037444 -0.25094261
v 0.05450000 0.00040449 -0.25090731
v 0.05499365 0.00039708 -0.25091702
v 0.05499259 0.00045323 -0.25080801
v 0.05499291 0.00044006 -0.25084352
v 0.05450000 0.00044067 -0.25084372
v 0.05499300 0.00043636 -0.25085351
v 0.05499355 0.00040346 -0.25090661
v 0.05499230 0.00045963 -0.25076712
v 0.05450000 0.00046212 -0.25076741
v 0.05499200 0.00046611 -0.25072561
v 0.05498441 -0.00108041 -0.25087591
v 0.05450000 -0.00108041 -0.25087591
v 0.05450000 -0.00102338 -0.25089781
v 0.05498532 -0.00102218 -0.25089401
v 0.05450000 -0.00060101 -0.25104101
v 0.05499203 -0.00059630 -0.25102581
v 0.05499437 -0.00044798 -0.25107171
v 0.05497789 -0.00140138 -0.25101822
v 0.05450000 -0.00140138 -0.25101822
v 0.05497832 -0.00137335 -0.25096611
v 0.05450000 -0.00137008 -0.25096161
v 0.05497838 -0.00136991 -0.25096171
v 0.05450000 -0.00132531 -0.25091491
v 0.05497924 -0.00132446 -0.25091581
v 0.05497860 -0.00135795 -0.25094641
v 0.05450000 -0.00127006 -0.25088131
v 0.05497987 -0.00129320 -0.25089302
v 0.05497944 -0.00131425 -0.25090651
v 0.05498165 -0.00120798 -0.25086361
v 0.05498151 -0.00121442 -0.25086401
v 0.05450000 -0.00120803 -0.25086291
v 0.05498100 -0.00123877 -0.25086981
v 0.05498036 -0.00126938 -0.25088281
v 0.05498278 -0.00115538 -0.25086012
v 0.05450000 -0.00114337 -0.25086111
v 0.05498303 -0.00114340 -0.25086142
v 0.05498331 -0.00113048 -0.25086271
v 0.05450000 -0.00158260 -0.25147831
v 0.05497505 -0.00158260 -0.25147831
v 0.05497495 -0.00159960 -0.25158401
v 0.05497498 -0.00159890 -0.25158792
v 0.05450000 -0.00159934 -0.25158801
v 0.05497859 -0.00149170 -0.25177581
v 0.05450000 -0.00149170 -0.25177581
v 0.05450000 -0.00153389 -0.25173921
v 0.05450000 -0.00156691 -0.25169421
v 0.05497629 -0.00156539 -0.25169331
v 0.05497674 -0.00155189 -0.25171731
v 0.05497725 -0.00153612 -0.25173681
v 0.05497732 -0.00153365 -0.25173901
v 0.05450000 -0.00158909 -0.25164291
v 0.05497544 -0.00158932 -0.25164221
v 0.05497545 -0.00158906 -0.25164291
v 0.05497576 -0.00158087 -0.25166581
v 0.05497485 -0.00159976 -0.25155891
v 0.05450000 -0.00159714 -0.25153221
v 0.05497488 -0.00159543 -0.25153251
v 0.05497492 -0.00159020 -0.25150061
v 0.05499948 -0.00011503 -0.25209681
v 0.05450000 -0.00011503 -0.25209681
v 0.05499627 -0.00059948 -0.25206932
v 0.05450000 -0.00102094 -0.25199472
v 0.05498933 -0.00101755 -0.25197902
v 0.05498674 -0.00117381 -0.25194531
v 0.05450000 -0.00137660 -0.25184901
v 0.05498166 -0.00137169 -0.25183981
v 0.05450000 0.00156124 -0.25110922
v 0.05450000 0.00146163 -0.25136601
v 0.05497779 0.00145445 -0.25136241
v 0.05497527 0.00152738 -0.25121821
v 0.05497384 0.00156121 -0.25110911
v 0.05497383 0.00156143 -0.25110841
v 0.05450000 0.00128803 -0.25161081
v 0.05498182 0.00132604 -0.25156752
v 0.05497957 0.00140232 -0.25146541
v 0.05450000 0.00105021 -0.25181221
v 0.05498732 0.00110636 -0.25177311
v 0.05498287 0.00128414 -0.25160672
v 0.05499491 0.00067626 -0.25199041
v 0.05499395 0.00073285 -0.25196391
v 0.05450000 0.00073554 -0.25196971
v 0.05498894 0.00103041 -0.25182501
v 0.05498853 0.00104988 -0.25181172
v 0.05499658 0.00053583 -0.25203061
v 0.05450000 0.00031182 -0.25207312
v 0.05499785 0.00031001 -0.25205851
v 0.05499959 -0.00000000 -0.25209671
v -0.04393218 0.01987296 -0.01789349
v -0.04447118 0.01987296 -0.01789349
v -0.04438070 0.02337296 -0.01674349
v -0.04491432 0.02337296 -0.01674349
v -0.04482558 0.02370100 -0.01698099
v -0.04429088 0.02370100 -0.01698099
v -0.04431313 0.02369407 -0.01692253
v -0.04484756 0.02369407 -0.01692253
v -0.04433405 0.02367366 -0.01686731
v -0.04486823 0.02367366 -0.01686731
v -0.04435253 0.02364090 -0.01681840
v -0.04488649 0.02364090 -0.01681840
v -0.04436755 0.02359761 -0.01677850
v -0.04490133 0.02359761 -0.01677850
v -0.04437832 0.02354619 -0.01674983
v -0.04491197 0.02354619 -0.01674983
v -0.04438426 0.02348950 -0.01673398
v -0.04491785 0.02348950 -0.01673398
v -0.04438507 0.02343067 -0.01673182
v -0.04491864 0.02343067 -0.01673182
v -0.04334426 0.02370100 -0.01928099
v -0.04389049 0.02370100 -0.01928099
v -0.04378591 0.02337296 -0.01951850
v -0.04323836 0.02337296 -0.01951850
v -0.04323312 0.02343067 -0.01953017
v -0.04378073 0.02343067 -0.01953017
v -0.04323409 0.02348950 -0.01952801
v -0.04378169 0.02348950 -0.01952801
v -0.04324121 0.02354619 -0.01951216
v -0.04378872 0.02354619 -0.01951216
v -0.04325407 0.02359761 -0.01948349
v -0.04380142 0.02359761 -0.01948349
v -0.04327193 0.02364090 -0.01944359
v -0.04381906 0.02364090 -0.01944359
v -0.04329377 0.02367366 -0.01939468
v -0.04384062 0.02367366 -0.01939468
v -0.04331834 0.02369407 -0.01933946
v -0.04386489 0.02369407 -0.01933946
v -0.04373675 0.01987296 -0.01836850
v -0.04427814 0.01987296 -0.01836850
v -0.04446650 0.01984370 -0.01790519
v -0.04392742 0.01984361 -0.01790524
v -0.04446046 0.01981649 -0.01792027
v -0.04374793 0.01981649 -0.01834172
v -0.04430561 0.01976842 -0.01830177
v -0.04376457 0.01976842 -0.01830177
v -0.04432638 0.01973176 -0.01825114
v -0.04378559 0.01973176 -0.01825114
v -0.04435015 0.01970882 -0.01819301
v -0.04380965 0.01970882 -0.01819301
v -0.04437540 0.01970100 -0.01813099
v -0.04383522 0.01970100 -0.01813099
v -0.04440055 0.01970882 -0.01806898
v -0.04386067 0.01970882 -0.01806898
v -0.04442404 0.01973176 -0.01801084
v -0.04388446 0.01973176 -0.01801084
v -0.04444442 0.01976842 -0.01796022
v -0.04390509 0.01976842 -0.01796022
v -0.04392132 0.01981649 -0.01792027
v -0.04374164 0.01984369 -0.01835679
v -0.04428298 0.01984360 -0.01835675
v -0.04428918 0.01981649 -0.01834172
v -0.01516117 0.09877128 -0.12521161
v -0.01688238 0.09805314 -0.12522661
v -0.01688238 0.09788721 -0.12522661
v -0.01087406 0.10005651 -0.12517421
v -0.01087406 0.10021431 -0.12517421
v -0.01433928 0.09888604 -0.12520441
v -0.01515404 0.09861087 -0.12521161
v -0.01688238 0.09805314 -0.12522661
v -0.01686913 0.09779474 -0.12674460
v -0.01688238 0.09788721 -0.12522661
v -0.01686913 0.09762873 -0.12674460
v -0.01265630 0.09941455 -0.12670781
v -0.01086081 0.09996019 -0.12669211
v -0.01086081 0.09980239 -0.12669211
v -0.01686913 0.09762873 -0.12674460
v -0.01686913 0.09779474 -0.12674460
v -0.01433151 0.09860839 -0.12672240
v -0.01266409 0.09925210 -0.12670791
v -0.01086081 0.09996019 -0.12669211
v -0.01087406 0.10021431 -0.12517421
v -0.01086081 0.09980239 -0.12669211
v -0.01087406 0.10005651 -0.12517421
v -0.01256514 0.09845881 -0.13242321
v -0.01151211 0.09870762 -0.13288770
v -0.01256514 0.09829882 -0.13242321
v -0.01151211 0.09854889 -0.13288770
v -0.01151211 0.09870762 -0.13288770
v -0.01149536 0.09871154 -0.13289391
v -0.01151211 0.09854889 -0.13288770
v -0.01149536 0.09855284 -0.13289391
v -0.01082470 0.09926307 -0.13082581
v -0.01082470 0.09910518 -0.13082581
v -0.01083208 0.09921469 -0.13109481
v -0.01083210 0.09905671 -0.13109510
v -0.01094176 0.09908047 -0.13169300
v -0.01094177 0.09892241 -0.13169300
v -0.01097920 0.09903467 -0.13189721
v -0.01097925 0.09887652 -0.13189741
v -0.01118403 0.09888868 -0.13240101
v -0.01118408 0.09873031 -0.13240110
v -0.01122122 0.09886753 -0.13245991
v -0.01122121 0.09870913 -0.13245991
v -0.01149536 0.09855284 -0.13289391
v -0.01149536 0.09871154 -0.13289391
v -0.01385664 0.09883758 -0.12767361
v -0.01385664 0.09867609 -0.12767361
v -0.01313315 0.09907715 -0.12775011
v -0.01313177 0.09891704 -0.12775040
v -0.01308640 0.09909074 -0.12776261
v -0.01308639 0.09893029 -0.12776261
v -0.01291658 0.09914013 -0.12780800
v -0.01291546 0.09898019 -0.12780841
v -0.01240204 0.09926880 -0.12803490
v -0.01240208 0.09910917 -0.12803501
v -0.01230484 0.09929313 -0.12807781
v -0.01230386 0.09913382 -0.12807841
v -0.01202690 0.09934838 -0.12826461
v -0.01202620 0.09918933 -0.12826511
v -0.01183676 0.09937503 -0.12844660
v -0.01183675 0.09921608 -0.12844660
v -0.01156084 0.09941372 -0.12871070
v -0.01156034 0.09925510 -0.12871131
v -0.01137373 0.09942386 -0.12897330
v -0.01137374 0.09926541 -0.12897330
v -0.01129774 0.09942798 -0.12908001
v -0.01129745 0.09926960 -0.12908051
v -0.01103863 0.09940613 -0.12964181
v -0.01103865 0.09924804 -0.12964181
v -0.01100631 0.09940340 -0.12971181
v -0.01100619 0.09924531 -0.12971221
v -0.01092056 0.09937588 -0.13001340
v -0.01092051 0.09921788 -0.13001360
v -0.01087015 0.09931656 -0.13044060
v -0.01087014 0.09915864 -0.13044060
v -0.01683311 0.09708568 -0.13087830
v -0.01683311 0.09691942 -0.13087830
v -0.01673763 0.09728203 -0.13000330
v -0.01679557 0.09703641 -0.13030950
v -0.01673802 0.09711554 -0.13000490
v -0.01672740 0.09712533 -0.12997570
v -0.01672757 0.09729129 -0.12997561
v -0.01647397 0.09735882 -0.12927790
v -0.01647317 0.09752498 -0.12927631
v -0.01646460 0.09736570 -0.12926160
v -0.01646467 0.09753120 -0.12926151
v -0.01631293 0.09764254 -0.12899790
v -0.01631360 0.09747681 -0.12899891
v -0.01601183 0.09783147 -0.12864080
v -0.01601185 0.09766671 -0.12864080
v -0.01589754 0.09773867 -0.12850501
v -0.01589747 0.09790323 -0.12850510
v -0.01583808 0.09794050 -0.12843470
v -0.01583889 0.09777558 -0.12843540
v -0.01557069 0.09808790 -0.12821741
v -0.01557141 0.09792350 -0.12821790
v -0.01533211 0.09820485 -0.12808941
v -0.01533209 0.09804120 -0.12808941
v -0.01492411 0.09840484 -0.12787041
v -0.01492462 0.09824158 -0.12787060
v -0.01468095 0.09851168 -0.12779261
v -0.01468095 0.09834901 -0.12779251
v -0.01462289 0.09837462 -0.12777391
v -0.01462254 0.09853734 -0.12777391
v -0.01434968 0.09848211 -0.12773820
v -0.01395897 0.09879747 -0.12768700
v -0.01395897 0.09863584 -0.12768700
v -0.01612646 0.09702945 -0.13293430
v -0.01612646 0.09686422 -0.13293430
v -0.01644629 0.09697818 -0.13244701
v -0.01644661 0.09681241 -0.13244640
v -0.01647957 0.09697622 -0.13237610
v -0.01647959 0.09681042 -0.13237610
v -0.01658090 0.09697024 -0.13216030
v -0.01658105 0.09680430 -0.13215990
v -0.01674074 0.09699753 -0.13160831
v -0.01674075 0.09683134 -0.13160831
v -0.01677803 0.09700387 -0.13147951
v -0.01677803 0.09683765 -0.13147951
v -0.01612646 0.09702945 -0.13293430
v -0.01610982 0.09703769 -0.13292791
v -0.01612646 0.09686422 -0.13293430
v -0.01610982 0.09687247 -0.13292791
v -0.01610982 0.09703769 -0.13292791
v -0.01506505 0.09755176 -0.13244501
v -0.01610982 0.09687247 -0.13292791
v -0.01506505 0.09738826 -0.13244501
v -0.01562789 0.09760476 -0.13085151
v -0.01562789 0.09744049 -0.13085151
v -0.01558408 0.09753312 -0.13136211
v -0.01558400 0.09736885 -0.13136251
v -0.01556929 0.09752875 -0.13142141
v -0.01556930 0.09736452 -0.13142141
v -0.01552828 0.09751661 -0.13158591
v -0.01552819 0.09735244 -0.13158620
v -0.01536296 0.09751565 -0.13197260
v -0.01536296 0.09735173 -0.13197260
v -0.01532508 0.09751543 -0.13206121
v -0.01532507 0.09735155 -0.13206121
v -0.01506505 0.09755176 -0.13244501
v -0.01506505 0.09738826 -0.13244501
v -0.01384425 0.09859704 -0.12909341
v -0.01384425 0.09843551 -0.12909341
v -0.01427846 0.09842978 -0.12914251
v -0.01427892 0.09826745 -0.12914260
v -0.01435801 0.09839645 -0.12916350
v -0.01435023 0.09823745 -0.12916141
v -0.01435801 0.09823418 -0.12916350
v -0.01441178 0.09837391 -0.12917760
v -0.01441216 0.09821142 -0.12917771
v -0.01474646 0.09822036 -0.12932781
v -0.01474643 0.09805752 -0.12932781
v -0.01482987 0.09818210 -0.12936521
v -0.01483036 0.09801889 -0.12936550
v -0.01495026 0.09812114 -0.12944680
v -0.01495054 0.09795782 -0.12944701
v -0.01508936 0.09804293 -0.12958091
v -0.01508936 0.09787955 -0.12958091
v -0.01519566 0.09781961 -0.12968340
v -0.01562789 0.09744049 -0.13085151
v -0.01562789 0.09760476 -0.13085151
v -0.01558082 0.09753479 -0.13042371
v -0.01558079 0.09769902 -0.13042350
v -0.01557598 0.09753978 -0.13040641
v -0.01557599 0.09770395 -0.13040641
v -0.01553359 0.09758361 -0.13025521
v -0.01553354 0.09774775 -0.13025501
v -0.01542035 0.09767125 -0.13001661
v -0.01542035 0.09783516 -0.13001661
v -0.01535818 0.09771936 -0.12988570
v -0.01535808 0.09788324 -0.12988550
v -0.01525361 0.09778692 -0.12973931
v -0.01525333 0.09795073 -0.12973891
v -0.01519569 0.09798314 -0.12968340
v -0.01203020 0.09890766 -0.13082011
v -0.01203020 0.09874839 -0.13082011
v -0.01203173 0.09891611 -0.13076841
v -0.01203174 0.09875686 -0.13076830
v -0.01209255 0.09896486 -0.13037601
v -0.01209254 0.09880552 -0.13037601
v -0.01209740 0.09896873 -0.13034470
v -0.01209737 0.09880939 -0.13034481
v -0.01214157 0.09897863 -0.13020701
v -0.01214155 0.09881923 -0.13020711
v -0.01226276 0.09898205 -0.12996450
v -0.01226275 0.09882254 -0.12996450
v -0.01231135 0.09898343 -0.12986730
v -0.01231126 0.09882386 -0.12986750
v -0.01243221 0.09897278 -0.12970461
v -0.01243218 0.09881305 -0.12970461
v -0.01250812 0.09896045 -0.12963271
v -0.01250812 0.09880063 -0.12963271
v -0.01269918 0.09892945 -0.12945180
v -0.01269906 0.09876941 -0.12945191
v -0.01272591 0.09892374 -0.12943360
v -0.01272591 0.09876366 -0.12943360
v -0.01283238 0.09890104 -0.12936100
v -0.01283222 0.09874086 -0.12936111
v -0.01309271 0.09883414 -0.12923971
v -0.01309271 0.09867360 -0.12923971
v -0.01319150 0.09880877 -0.12919370
v -0.01319130 0.09864814 -0.12919381
v -0.01337086 0.09875567 -0.12914330
v -0.01337075 0.09859481 -0.12914330
v -0.01352158 0.09870515 -0.12912740
v -0.01352159 0.09854406 -0.12912740
v -0.01225066 0.09865287 -0.13188930
v -0.01256514 0.09845881 -0.13242321
v -0.01256514 0.09829882 -0.13242321
v -0.01203020 0.09874839 -0.13082011
v -0.01203020 0.09890766 -0.13082011
v -0.01205598 0.09866135 -0.13127660
v -0.01205598 0.09882068 -0.13127660
v -0.01208161 0.09863749 -0.13136750
v -0.01208161 0.09879684 -0.13136750
v -0.01220840 0.09851944 -0.13181751
v -0.01220844 0.09867894 -0.13181760
v -0.01224388 0.09849495 -0.13189321
v -0.01229786 0.09845769 -0.13200841
v -0.01688873 0.09817583 -0.12450421
v -0.01568723 0.09868496 -0.12449380
v -0.01688873 0.09800994 -0.12450421
v -0.01568723 0.09852099 -0.12449380
v -0.01568723 0.09868496 -0.12449380
v -0.01570346 0.09899852 -0.12263481
v -0.01568723 0.09852099 -0.12449380
v -0.01570346 0.09883461 -0.12263481
v -0.01143479 0.10049061 -0.12259751
v -0.01089657 0.10064470 -0.12259280
v -0.01089657 0.10048691 -0.12259280
v -0.01144229 0.10033011 -0.12259761
v -0.01433444 0.09931505 -0.12262281
v -0.01570346 0.09899852 -0.12263481
v -0.01570346 0.09883461 -0.12263481
v -0.01089657 0.10064470 -0.12259280
v -0.01090981 0.10089711 -0.12107490
v -0.01089657 0.10048691 -0.12259280
v -0.01090981 0.10073941 -0.12107490
v -0.01520570 0.09945779 -0.12111240
v -0.01571670 0.09925418 -0.12111690
v -0.01571670 0.09909032 -0.12111690
v -0.01090981 0.10073941 -0.12107490
v -0.01090981 0.10089711 -0.12107490
v -0.01433899 0.09958649 -0.12110490
v -0.01519859 0.09929750 -0.12111240
v -0.01571670 0.09925418 -0.12111690
v -0.01573293 0.09956701 -0.11925790
v -0.01571670 0.09909032 -0.12111690
v -0.01573293 0.09940323 -0.11925790
v -0.01573293 0.09956701 -0.11925790
v -0.01693443 0.09906238 -0.11926841
v -0.01573293 0.09940323 -0.11925790
v -0.01693443 0.09889673 -0.11926841
v -0.01693443 0.09906238 -0.11926841
v -0.01688873 0.09817583 -0.12450421
v -0.01693443 0.09889673 -0.11926841
v -0.01688873 0.09800994 -0.12450421
v -0.01690521 0.09978154 -0.11517730
v -0.01696401 0.09963547 -0.11587671
v -0.01696401 0.09946998 -0.11587671
v -0.01694665 0.09954673 -0.11547581
v -0.01690511 0.09961632 -0.11517681
v -0.01684450 0.09984176 -0.11497821
v -0.01684454 0.09967650 -0.11497821
v -0.01667647 0.10000840 -0.11442721
v -0.01667636 0.09984357 -0.11442701
v -0.01659280 0.10007231 -0.11426121
v -0.01659279 0.09990747 -0.11426121
v -0.01653391 0.10011721 -0.11414431
v -0.01653350 0.09995279 -0.11414361
v -0.01615056 0.10036380 -0.11363141
v -0.01615050 0.10019960 -0.11363151
v -0.01609104 0.10023800 -0.11355201
v -0.01609164 0.10040161 -0.11355260
v -0.01603425 0.10026990 -0.11349981
v -0.01603424 0.10043390 -0.11349981
v -0.01583979 0.10054300 -0.11332120
v -0.01583888 0.10037990 -0.11332051
v -0.01546249 0.10073091 -0.11308771
v -0.01546247 0.10056781 -0.11308780
v -0.01521943 0.10085200 -0.11293731
v -0.01521809 0.10068980 -0.11293661
v -0.01493670 0.10097831 -0.11282660
v -0.01493568 0.10081640 -0.11282621
v -0.01481057 0.10102881 -0.11280170
v -0.01481059 0.10086670 -0.11280170
v -0.01419240 0.10127620 -0.11268010
v -0.01434988 0.10105160 -0.11271120
v -0.01419092 0.10111541 -0.11268001
v -0.01407287 0.10131961 -0.11267460
v -0.01407287 0.10115841 -0.11267460
v -0.01402857 0.10117450 -0.11267261
v -0.01402979 0.10133520 -0.11267261
v -0.01373677 0.10127011 -0.11270121
v -0.01373676 0.10143091 -0.11270131
v -0.01327187 0.10158261 -0.11274670
v -0.01327058 0.10142280 -0.11274701
v -0.01305373 0.10164500 -0.11280450
v -0.01305268 0.10148530 -0.11280481
v -0.01298458 0.10166191 -0.11283481
v -0.01298454 0.10150210 -0.11283471
v -0.01244045 0.10179570 -0.11307351
v -0.01243954 0.10163671 -0.11307400
v -0.01233409 0.10181650 -0.11314470
v -0.01233408 0.10165741 -0.11314461
v -0.01216149 0.10185020 -0.11326021
v -0.01216084 0.10169150 -0.11326070
v -0.01184115 0.10189451 -0.11356601
v -0.01184117 0.10173600 -0.11356601
v -0.01169387 0.10191491 -0.11370660
v -0.01169340 0.10175660 -0.11370720
v -0.01143034 0.10192920 -0.11407561
v -0.01143008 0.10177111 -0.11407611
v -0.01140523 0.10192721 -0.11412990
v -0.01140519 0.10176910 -0.11412990
v -0.01113782 0.10190561 -0.11470851
v -0.01113771 0.10174771 -0.11470881
v -0.01110290 0.10189470 -0.11483111
v -0.01110290 0.10173691 -0.11483111
v -0.01105173 0.10187871 -0.11501070
v -0.01105168 0.10172101 -0.11501101
v -0.01097389 0.10178940 -0.11566961
v -0.01097389 0.10163180 -0.11566961
v -0.01095562 0.10161081 -0.11582431
v -0.01095562 0.10176851 -0.11582431
v -0.01098403 0.10167650 -0.11632451
v -0.01098411 0.10151861 -0.11632521
v -0.01102527 0.10162211 -0.11658001
v -0.01102545 0.10146411 -0.11658091
v -0.01107184 0.10158490 -0.11672281
v -0.01107177 0.10142711 -0.11672291
v -0.01127173 0.10142540 -0.11733610
v -0.01127205 0.10126720 -0.11733681
v -0.01132664 0.10139210 -0.11744011
v -0.01132664 0.10123411 -0.11744011
v -0.01141103 0.10134101 -0.11760000
v -0.01141164 0.10118251 -0.11760100
v -0.01177276 0.10115541 -0.11806920
v -0.01177283 0.10099681 -0.11806920
v -0.01185548 0.10111290 -0.11817660
v -0.01185630 0.10095380 -0.11817740
v -0.01186666 0.10110781 -0.11818641
v -0.01186661 0.10094921 -0.11818651
v -0.01214282 0.10098270 -0.11842971
v -0.01214423 0.10082310 -0.11843081
v -0.01243631 0.10086100 -0.11860141
v -0.01243630 0.10070160 -0.11860141
v -0.01275745 0.10072770 -0.11878921
v -0.01275925 0.10056720 -0.11878991
v -0.01307321 0.10060480 -0.11890301
v -0.01307476 0.10044401 -0.11890340
v -0.01308347 0.10060100 -0.11890471
v -0.01308343 0.10044081 -0.11890481
v -0.01382188 0.10016661 -0.11902540
v -0.01425631 0.10017591 -0.11899441
v -0.01400554 0.10026210 -0.11902881
v -0.01400748 0.10010000 -0.11902881
v -0.01382873 0.10016401 -0.11902650
v -0.01382665 0.10032590 -0.11902640
v -0.01382184 0.10032770 -0.11902560
v -0.01425631 0.10001420 -0.11899450
v -0.01434964 0.09998205 -0.11898160
v -0.01477361 0.09999823 -0.11892331
v -0.01477558 0.09983520 -0.11892280
v -0.01498335 0.09992975 -0.11885811
v -0.01498502 0.09976655 -0.11885750
v -0.01500367 0.09992354 -0.11884801
v -0.01500375 0.09976079 -0.11884820
v -0.01559761 0.09974196 -0.11855440
v -0.01559913 0.09957798 -0.11855340
v -0.01564135 0.09972992 -0.11852231
v -0.01564138 0.09956630 -0.11852241
v -0.01583940 0.09967534 -0.11837710
v -0.01584048 0.09951115 -0.11837620
v -0.01616085 0.09960029 -0.11804631
v -0.01616080 0.09943596 -0.11804631
v -0.01629554 0.09956884 -0.11790771
v -0.01629635 0.09940413 -0.11790661
v -0.01652299 0.09953200 -0.11756811
v -0.01652343 0.09936705 -0.11756740
v -0.01657139 0.09953042 -0.11745801
v -0.01657146 0.09936542 -0.11745801
v -0.01679818 0.09952295 -0.11694201
v -0.01679837 0.09935769 -0.11694140
v -0.01685370 0.09953450 -0.11673691
v -0.01685369 0.09936915 -0.11673691
v -0.01687601 0.09953914 -0.11665451
v -0.01687610 0.09937378 -0.11665410
v -0.01259654 0.10147510 -0.11467740
v -0.01259653 0.10131570 -0.11467740
v -0.01271582 0.10129860 -0.11455291
v -0.01345162 0.10070750 -0.11754631
v -0.01356247 0.10066661 -0.11756051
v -0.01356248 0.10050590 -0.11756051
v -0.01394452 0.10052540 -0.11760950
v -0.01394452 0.10036420 -0.11760950
v -0.01345142 0.10054710 -0.11754621
v -0.01317718 0.10065600 -0.11745211
v -0.01317686 0.10081640 -0.11745190
v -0.01314248 0.10067100 -0.11743161
v -0.01314246 0.10083111 -0.11743161
v -0.01281036 0.10097381 -0.11723530
v -0.01281055 0.10081391 -0.11723550
v -0.01279031 0.10098330 -0.11721680
v -0.01279032 0.10082361 -0.11721680
v -0.01261783 0.10090620 -0.11705761
v -0.01261783 0.10106581 -0.11705761
v -0.01260112 0.10091430 -0.11704220
v -0.01260115 0.10107370 -0.11704220
v -0.01237464 0.10104020 -0.11672181
v -0.01237463 0.10119951 -0.11672181
v -0.01236778 0.10104410 -0.11671210
v -0.01236780 0.10120331 -0.11671210
v -0.01227986 0.10110390 -0.11652041
v -0.01251029 0.10132801 -0.11476741
v -0.01251023 0.10148730 -0.11476751
v -0.01237317 0.10133530 -0.11497941
v -0.01237305 0.10149450 -0.11497960
v -0.01236225 0.10133410 -0.11500631
v -0.01236223 0.10149331 -0.11500631
v -0.01223010 0.10132030 -0.11533140
v -0.01222999 0.10147931 -0.11533181
v -0.01221413 0.10131350 -0.11540101
v -0.01221412 0.10147251 -0.11540101
v -0.01218879 0.10130270 -0.11551150
v -0.01218875 0.10146161 -0.11551171
v -0.01216853 0.10125421 -0.11583541
v -0.01216856 0.10141311 -0.11583541
v -0.01216155 0.10123751 -0.11594690
v -0.01216157 0.10139641 -0.11594741
v -0.01217543 0.10120650 -0.11610521
v -0.01217546 0.10136541 -0.11610541
v -0.01222515 0.10115770 -0.11630291
v -0.01222515 0.10131671 -0.11630291
v -0.01227998 0.10126301 -0.11652070
v -0.01397522 0.10095190 -0.11409180
v -0.01397522 0.10111300 -0.11409180
v -0.01383624 0.10100020 -0.11409501
v -0.01383644 0.10116111 -0.11409501
v -0.01346166 0.10111780 -0.11416150
v -0.01346165 0.10127830 -0.11416150
v -0.01336159 0.10114921 -0.11417930
v -0.01336190 0.10130941 -0.11417920
v -0.01325626 0.10117850 -0.11421560
v -0.01325641 0.10133860 -0.11421551
v -0.01306951 0.10122381 -0.11431231
v -0.01306951 0.10138380 -0.11431231
v -0.01289734 0.10126561 -0.11440150
v -0.01289747 0.10142540 -0.11440140
v -0.01276707 0.10129130 -0.11449940
v -0.01276705 0.10145090 -0.11449950
v -0.01271582 0.10145820 -0.11455291
v -0.01435704 0.10080600 -0.11414091
v -0.01435705 0.10096760 -0.11414081
v -0.01446855 0.10092521 -0.11415520
v -0.01446876 0.10076330 -0.11415520
v -0.01473861 0.10080980 -0.11424760
v -0.01473827 0.10064780 -0.11424740
v -0.01477688 0.10079150 -0.11427011
v -0.01477685 0.10062931 -0.11427021
v -0.01511118 0.10063170 -0.11446741
v -0.01511101 0.10046911 -0.11446721
v -0.01512955 0.10062181 -0.11448420
v -0.01512954 0.10045910 -0.11448420
v -0.01530264 0.10036510 -0.11464290
v -0.01530264 0.10052800 -0.11464290
v -0.01530981 0.10052411 -0.11464950
v -0.01530980 0.10036120 -0.11464950
v -0.01554616 0.10037540 -0.11497870
v -0.01554616 0.10021210 -0.11497870
v -0.01554670 0.10037500 -0.11497941
v -0.01554670 0.10021171 -0.11497941
v -0.01563942 0.10030410 -0.11517961
v -0.01563955 0.10014051 -0.11518001
v -0.01569500 0.10024450 -0.11539821
v -0.01569501 0.10008101 -0.11539821
v -0.01574322 0.10019281 -0.11558771
v -0.01574326 0.10002910 -0.11558800
v -0.01575853 0.10015680 -0.11576181
v -0.01575855 0.09999306 -0.11576230
v -0.01575197 0.10014161 -0.11586571
v -0.01575200 0.09997796 -0.11586571
v -0.01573183 0.10009491 -0.11618461
v -0.01573179 0.09993129 -0.11618480
v -0.01570551 0.10008571 -0.11629990
v -0.01570550 0.09992209 -0.11629990
v -0.01568930 0.10008001 -0.11637101
v -0.01568919 0.09991636 -0.11637140
v -0.01555811 0.10007650 -0.11669501
v -0.01555809 0.09991312 -0.11669501
v -0.01554933 0.10007631 -0.11671670
v -0.01554922 0.09991291 -0.11671691
v -0.01542053 0.10009231 -0.11691910
v -0.01542053 0.09992911 -0.11691910
v -0.01532283 0.10011251 -0.11702340
v -0.01532283 0.09994941 -0.11702340
v -0.01520477 0.09997394 -0.11714940
v -0.01520477 0.10013691 -0.11714931
v -0.01516633 0.10014480 -0.11719040
v -0.01516638 0.09998192 -0.11719031
v -0.01504849 0.10017441 -0.11728180
v -0.01504876 0.10001171 -0.11728161
v -0.01484988 0.10023131 -0.11738891
v -0.01484988 0.10006881 -0.11738891
v -0.01468785 0.10027761 -0.11747631
v -0.01468814 0.10011531 -0.11747620
v -0.01458867 0.10030841 -0.11751220
v -0.01458913 0.10014621 -0.11751211
v -0.01445744 0.10035190 -0.11753781
v -0.01445743 0.10019001 -0.11753770
v -0.01411595 0.10030371 -0.11760431
v -0.01411556 0.10046531 -0.11760431
v -0.01402812 0.10033451 -0.11760871
v -0.01402761 0.10049601 -0.11760871
v -0.01281055 0.10081391 -0.11723550
v -0.01314248 0.10067100 -0.11743161
v -0.01554616 0.10021210 -0.11497870
v -0.01345142 0.10054710 -0.11754621
v -0.01356248 0.10050590 -0.11756051
v -0.01519809 0.10014190 -0.11618400
v -0.01317718 0.10065600 -0.11745211
v -0.01394452 0.10036420 -0.11760950
v -0.01402812 0.10033451 -0.11760871
v -0.01411595 0.10030371 -0.11760431
v -0.01445743 0.10019001 -0.11753770
v -0.01458913 0.10014621 -0.11751211
v -0.01468814 0.10011531 -0.11747620
v -0.01484988 0.10006881 -0.11738891
v -0.01504876 0.10001171 -0.11728161
v -0.01516638 0.09998192 -0.11719031
v -0.01520477 0.09997394 -0.11714940
v -0.01532283 0.09994941 -0.11702340
v -0.01542053 0.09992911 -0.11691910
v -0.01554922 0.09991291 -0.11671691
v -0.01555809 0.09991312 -0.11669501
v -0.01568919 0.09991636 -0.11637140
v -0.01570550 0.09992209 -0.11629990
v -0.01573179 0.09993129 -0.11618480
v -0.01575200 0.09997796 -0.11586571
v -0.01575855 0.09999306 -0.11576230
v -0.01574326 0.10002910 -0.11558800
v -0.01569501 0.10008101 -0.11539821
v -0.01563955 0.10014051 -0.11518001
v -0.01554670 0.10021171 -0.11497941
v -0.01261783 0.10090620 -0.11705761
v -0.01473827 0.10064780 -0.11424740
v -0.01446876 0.10076330 -0.11415520
v -0.01435704 0.10080600 -0.11414091
v -0.01397522 0.10095190 -0.11409180
v -0.01303982 0.10101410 -0.11560991
v -0.01383624 0.10100020 -0.11409501
v -0.01346166 0.10111780 -0.11416150
v -0.01218879 0.10130270 -0.11551150
v -0.01216853 0.10125421 -0.11583541
v -0.01216155 0.10123751 -0.11594690
v -0.01217543 0.10120650 -0.11610521
v -0.01222515 0.10115770 -0.11630291
v -0.01227986 0.10110390 -0.11652041
v -0.01236778 0.10104410 -0.11671210
v -0.01237464 0.10104020 -0.11672181
v -0.01260112 0.10091430 -0.11704220
v -0.01271582 0.10129860 -0.11455291
v -0.01259653 0.10131570 -0.11467740
v -0.01336159 0.10114921 -0.11417930
v -0.01325626 0.10117850 -0.11421560
v -0.01306951 0.10122381 -0.11431231
v -0.01289734 0.10126561 -0.11440150
v -0.01276707 0.10129130 -0.11449940
v -0.01251029 0.10132801 -0.11476741
v -0.01237317 0.10133530 -0.11497941
v -0.01236225 0.10133410 -0.11500631
v -0.01223010 0.10132030 -0.11533140
v -0.01221413 0.10131350 -0.11540101
v -0.01279032 0.10082361 -0.11721680
v -0.01530980 0.10036120 -0.11464950
v -0.01530264 0.10036510 -0.11464290
v -0.01512954 0.10045910 -0.11448420
v -0.01511101 0.10046911 -0.11446721
v -0.01477685 0.10062931 -0.11427021
v -0.01708222 0.10192891 -0.10233160
v -0.01708222 0.10176391 -0.10233160
v -0.01706473 0.10200641 -0.10192940
v -0.01706473 0.10184150 -0.10192940
v -0.01702356 0.10207551 -0.10163301
v -0.01702347 0.10191070 -0.10163250
v -0.01696262 0.10213581 -0.10143310
v -0.01696266 0.10197101 -0.10143310
v -0.01679440 0.10230240 -0.10088141
v -0.01679430 0.10213791 -0.10088121
v -0.01671107 0.10236570 -0.10071601
v -0.01671106 0.10220131 -0.10071601
v -0.01665302 0.10240980 -0.10060071
v -0.01665263 0.10224570 -0.10060000
v -0.01626888 0.10265520 -0.10008620
v -0.01626882 0.10249151 -0.10008620
v -0.01621038 0.10252891 -0.10000801
v -0.01621095 0.10269220 -0.10000860
v -0.01615244 0.10256121 -0.09995472
v -0.01615243 0.10272480 -0.09995473
v -0.01596072 0.10283150 -0.09977833
v -0.01595985 0.10266871 -0.09977762
v -0.01558077 0.10301890 -0.09954242
v -0.01558075 0.10285611 -0.09954245
v -0.01534172 0.10313691 -0.09939397
v -0.01534045 0.10297500 -0.09939339
v -0.01505847 0.10326211 -0.09928261
v -0.01505750 0.10310041 -0.09928228
v -0.01492871 0.10331331 -0.09925689
v -0.01492873 0.10315140 -0.09925680
v -0.01431614 0.10355540 -0.09913540
v -0.01435015 0.10338070 -0.09914232
v -0.01431474 0.10339470 -0.09913530
v -0.01419109 0.10360010 -0.09912941
v -0.01419108 0.10343911 -0.09912942
v -0.01415177 0.10345321 -0.09912755
v -0.01415293 0.10361371 -0.09912758
v -0.01385493 0.10354880 -0.09915619
v -0.01385492 0.10370940 -0.09915622
v -0.01339581 0.10385691 -0.09920032
v -0.01339458 0.10369720 -0.09920060
v -0.01317679 0.10391820 -0.09925789
v -0.01317580 0.10375870 -0.09925819
v -0.01310295 0.10393590 -0.09929010
v -0.01310292 0.10377630 -0.09929003
v -0.01256350 0.10406540 -0.09952549
v -0.01256262 0.10390651 -0.09952601
v -0.01245236 0.10408641 -0.09959964
v -0.01245235 0.10392740 -0.09959961
v -0.01228293 0.10411850 -0.09971264
v -0.01228231 0.10395981 -0.09971310
v -0.01195922 0.10416101 -0.10002080
v -0.01195924 0.10400251 -0.10002080
v -0.01181482 0.10417991 -0.10015821
v -0.01181437 0.10402170 -0.10015870
v -0.01154976 0.10419220 -0.10052851
v -0.01154950 0.10403411 -0.10052890
v -0.01152364 0.10418980 -0.10058490
v -0.01152359 0.10403180 -0.10058490
v -0.01125664 0.10416561 -0.10116160
v -0.01125653 0.10400780 -0.10116191
v -0.01122114 0.10415400 -0.10128601
v -0.01122113 0.10399630 -0.10128601
v -0.01117023 0.10413750 -0.10146441
v -0.01117018 0.10397980 -0.10146460
v -0.01109213 0.10404600 -0.10212450
v -0.01109212 0.10388840 -0.10212450
v -0.01107383 0.10386700 -0.10227910
v -0.01107383 0.10402460 -0.10227910
v -0.01110194 0.10393200 -0.10277701
v -0.01110201 0.10377430 -0.10277761
v -0.01114278 0.10387751 -0.10303131
v -0.01114295 0.10371960 -0.10303221
v -0.01119032 0.10383941 -0.10317760
v -0.01119026 0.10368171 -0.10317760
v -0.01138900 0.10368010 -0.10378901
v -0.01138929 0.10352211 -0.10378960
v -0.01144483 0.10364631 -0.10389500
v -0.01144484 0.10348841 -0.10389500
v -0.01152697 0.10359661 -0.10405101
v -0.01152753 0.10343821 -0.10405191
v -0.01189075 0.10341060 -0.10452430
v -0.01189081 0.10325220 -0.10452421
v -0.01197096 0.10336960 -0.10462871
v -0.01197172 0.10321071 -0.10462941
v -0.01198502 0.10336330 -0.10464110
v -0.01198498 0.10320470 -0.10464110
v -0.01225527 0.10324170 -0.10488021
v -0.01225658 0.10308230 -0.10488121
v -0.01255456 0.10311870 -0.10505630
v -0.01255456 0.10295961 -0.10505620
v -0.01286849 0.10298980 -0.10524100
v -0.01287017 0.10282960 -0.10524170
v -0.01318458 0.10286831 -0.10535580
v -0.01318603 0.10270781 -0.10535621
v -0.01320184 0.10286200 -0.10535871
v -0.01320181 0.10270211 -0.10535881
v -0.01393567 0.10259450 -0.10548091
v -0.01393761 0.10243310 -0.10548101
v -0.01393994 0.10259311 -0.10548091
v -0.01393993 0.10243220 -0.10548101
v -0.01411480 0.10253180 -0.10548381
v -0.01411661 0.10237011 -0.10548381
v -0.01434975 0.10229130 -0.10545231
v -0.01437455 0.10244430 -0.10544890
v -0.01437455 0.10228290 -0.10544900
v -0.01488233 0.10227331 -0.10538070
v -0.01488418 0.10211071 -0.10538021
v -0.01509348 0.10220591 -0.10531581
v -0.01509505 0.10204320 -0.10531521
v -0.01512146 0.10219761 -0.10530211
v -0.01512154 0.10203521 -0.10530221
v -0.01570809 0.10202280 -0.10501430
v -0.01570952 0.10185930 -0.10501340
v -0.01575937 0.10200911 -0.10497690
v -0.01575940 0.10184591 -0.10497700
v -0.01595236 0.10195750 -0.10483620
v -0.01595337 0.10179381 -0.10483541
v -0.01627931 0.10188401 -0.10450141
v -0.01627926 0.10172011 -0.10450130
v -0.01640955 0.10185470 -0.10436800
v -0.01641032 0.10169040 -0.10436700
v -0.01663911 0.10181961 -0.10402661
v -0.01663952 0.10165520 -0.10402591
v -0.01668932 0.10181850 -0.10391270
v -0.01668938 0.10165400 -0.10391270
v -0.01691544 0.10181341 -0.10339981
v -0.01691562 0.10164860 -0.10339921
v -0.01697194 0.10182580 -0.10319181
v -0.01697193 0.10166090 -0.10319171
v -0.01699375 0.10183050 -0.10311140
v -0.01699383 0.10166571 -0.10311100
v -0.01271472 0.10374151 -0.10113231
v -0.01271472 0.10358220 -0.10113231
v -0.01283406 0.10356611 -0.10100780
v -0.01357073 0.10297210 -0.10400141
v -0.01368065 0.10293220 -0.10401551
v -0.01368066 0.10277170 -0.10401541
v -0.01406273 0.10279320 -0.10406440
v -0.01406273 0.10263231 -0.10406440
v -0.01357054 0.10281190 -0.10400130
v -0.01329392 0.10292031 -0.10390631
v -0.01329361 0.10308040 -0.10390610
v -0.01326060 0.10293451 -0.10388660
v -0.01326058 0.10309440 -0.10388660
v -0.01292756 0.10323600 -0.10368940
v -0.01292774 0.10307631 -0.10368960
v -0.01290845 0.10324501 -0.10367180
v -0.01290846 0.10308551 -0.10367180
v -0.01273600 0.10316751 -0.10351250
v -0.01273600 0.10332680 -0.10351250
v -0.01271968 0.10317531 -0.10349740
v -0.01271971 0.10333461 -0.10349740
v -0.01249283 0.10330080 -0.10317670
v -0.01249282 0.10345990 -0.10317670
v -0.01248609 0.10330461 -0.10316710
v -0.01248611 0.10346361 -0.10316720
v -0.01239866 0.10336400 -0.10297680
v -0.01262899 0.10359381 -0.10122161
v -0.01262893 0.10375300 -0.10122171
v -0.01249122 0.10359990 -0.10143461
v -0.01249111 0.10375891 -0.10143480
v -0.01248044 0.10359861 -0.10146110
v -0.01248042 0.10375770 -0.10146110
v -0.01234809 0.10358320 -0.10178701
v -0.01234799 0.10374211 -0.10178740
v -0.01233232 0.10357621 -0.10185591
v -0.01233232 0.10373510 -0.10185591
v -0.01230688 0.10356491 -0.10196701
v -0.01230685 0.10372371 -0.10196721
v -0.01228685 0.10351561 -0.10229030
v -0.01228687 0.10367441 -0.10229030
v -0.01227984 0.10349840 -0.10240340
v -0.01227986 0.10365710 -0.10240381
v -0.01229377 0.10346721 -0.10256110
v -0.01229380 0.10362591 -0.10256131
v -0.01234339 0.10341841 -0.10275770
v -0.01234339 0.10357731 -0.10275770
v -0.01239877 0.10352291 -0.10297700
v -0.01409343 0.10322761 -0.10054661
v -0.01409343 0.10338850 -0.10054661
v -0.01395593 0.10327460 -0.10054980
v -0.01395613 0.10343531 -0.10054980
v -0.01357981 0.10339041 -0.10061621
v -0.01357980 0.10355070 -0.10061621
v -0.01348198 0.10342051 -0.10063350
v -0.01348228 0.10358060 -0.10063340
v -0.01337599 0.10344931 -0.10066990
v -0.01337614 0.10360930 -0.10066980
v -0.01318769 0.10349380 -0.10076720
v -0.01318769 0.10365361 -0.10076720
v -0.01301711 0.10353411 -0.10085531
v -0.01301724 0.10369371 -0.10085521
v -0.01288593 0.10355910 -0.10095380
v -0.01288591 0.10371850 -0.10095380
v -0.01283406 0.10372551 -0.10100780
v -0.01447528 0.10308391 -0.10059560
v -0.01447529 0.10324531 -0.10059560
v -0.01458578 0.10320391 -0.10060981
v -0.01458598 0.10304230 -0.10060981
v -0.01485828 0.10308900 -0.10070311
v -0.01485796 0.10292730 -0.10070291
v -0.01489517 0.10307161 -0.10072480
v -0.01489515 0.10290960 -0.10072490
v -0.01523022 0.10291311 -0.10092290
v -0.01523006 0.10275081 -0.10092270
v -0.01524782 0.10290361 -0.10093901
v -0.01524781 0.10274121 -0.10093901
v -0.01542087 0.10264811 -0.10109781
v -0.01542087 0.10281070 -0.10109781
v -0.01542779 0.10280700 -0.10110411
v -0.01542779 0.10264441 -0.10110411
v -0.01566438 0.10265911 -0.10143361
v -0.01566438 0.10249611 -0.10143361
v -0.01566487 0.10265880 -0.10143420
v -0.01566487 0.10249580 -0.10143420
v -0.01575699 0.10258861 -0.10163290
v -0.01575711 0.10242540 -0.10163321
v -0.01581318 0.10252840 -0.10185300
v -0.01581318 0.10236531 -0.10185300
v -0.01586130 0.10247690 -0.10204161
v -0.01586133 0.10231360 -0.10204181
v -0.01587665 0.10244091 -0.10221470
v -0.01587667 0.10227750 -0.10221521
v -0.01587004 0.10242521 -0.10232051
v -0.01587007 0.10226191 -0.10232051
v -0.01585016 0.10237780 -0.10263881
v -0.01585012 0.10221451 -0.10263900
v -0.01582374 0.10236800 -0.10275480
v -0.01582373 0.10220481 -0.10275480
v -0.01580777 0.10236220 -0.10282490
v -0.01580766 0.10219890 -0.10282531
v -0.01567634 0.10235711 -0.10314991
v -0.01567632 0.10219410 -0.10314991
v -0.01566766 0.10235680 -0.10317131
v -0.01566756 0.10219381 -0.10317151
v -0.01553802 0.10237170 -0.10337491
v -0.01553803 0.10220881 -0.10337491
v -0.01544107 0.10239081 -0.10347821
v -0.01544107 0.10222811 -0.10347821
v -0.01532290 0.10225161 -0.10360411
v -0.01532290 0.10241420 -0.10360411
v -0.01528355 0.10242190 -0.10364611
v -0.01528360 0.10225940 -0.10364601
v -0.01516452 0.10245090 -0.10373810
v -0.01516478 0.10228850 -0.10373800
v -0.01496810 0.10250560 -0.10384370
v -0.01496810 0.10234350 -0.10384370
v -0.01480389 0.10255130 -0.10393200
v -0.01480416 0.10238940 -0.10393190
v -0.01470386 0.10258160 -0.10396811
v -0.01470430 0.10241980 -0.10396791
v -0.01457572 0.10262330 -0.10399280
v -0.01457571 0.10246171 -0.10399280
v -0.01423159 0.10257390 -0.10405931
v -0.01423122 0.10273520 -0.10405931
v -0.01414336 0.10260421 -0.10406360
v -0.01414288 0.10276541 -0.10406360
v -0.01273600 0.10316751 -0.10351250
v -0.01485796 0.10292730 -0.10070291
v -0.01458598 0.10304230 -0.10060981
v -0.01315798 0.10328061 -0.10206460
v -0.01447528 0.10308391 -0.10059560
v -0.01409343 0.10322761 -0.10054661
v -0.01230688 0.10356491 -0.10196701
v -0.01228685 0.10351561 -0.10229030
v -0.01227984 0.10349840 -0.10240340
v -0.01229377 0.10346721 -0.10256110
v -0.01234339 0.10341841 -0.10275770
v -0.01239866 0.10336400 -0.10297680
v -0.01248609 0.10330461 -0.10316710
v -0.01249283 0.10330080 -0.10317670
v -0.01271968 0.10317531 -0.10349740
v -0.01395593 0.10327460 -0.10054980
v -0.01357981 0.10339041 -0.10061621
v -0.01348198 0.10342051 -0.10063350
v -0.01337599 0.10344931 -0.10066990
v -0.01318769 0.10349380 -0.10076720
v -0.01301711 0.10353411 -0.10085531
v -0.01288593 0.10355910 -0.10095380
v -0.01283406 0.10356611 -0.10100780
v -0.01271472 0.10358220 -0.10113231
v -0.01262899 0.10359381 -0.10122161
v -0.01249122 0.10359990 -0.10143461
v -0.01248044 0.10359861 -0.10146110
v -0.01234809 0.10358320 -0.10178701
v -0.01233232 0.10357621 -0.10185591
v -0.01480416 0.10238940 -0.10393190
v -0.01496810 0.10234350 -0.10384370
v -0.01290846 0.10308551 -0.10367180
v -0.01329464 0.10293071 -0.10384401
v -0.01329392 0.10292031 -0.10390631
v -0.01357054 0.10281190 -0.10400130
v -0.01292774 0.10307631 -0.10368960
v -0.01326060 0.10293451 -0.10388660
v -0.01368066 0.10277170 -0.10401541
v -0.01406273 0.10263231 -0.10406440
v -0.01414336 0.10260421 -0.10406360
v -0.01423159 0.10257390 -0.10405931
v -0.01457571 0.10246171 -0.10399280
v -0.01470430 0.10241980 -0.10396791
v -0.01516478 0.10228850 -0.10373800
v -0.01528360 0.10225940 -0.10364601
v -0.01532290 0.10225161 -0.10360411
v -0.01544107 0.10222811 -0.10347821
v -0.01553803 0.10220881 -0.10337491
v -0.01566756 0.10219381 -0.10317151
v -0.01567632 0.10219410 -0.10314991
v -0.01580766 0.10219890 -0.10282531
v -0.01582373 0.10220481 -0.10275480
v -0.01586133 0.10231360 -0.10204181
v -0.01581318 0.10236531 -0.10185300
v -0.01585012 0.10221451 -0.10263900
v -0.01587007 0.10226191 -0.10232051
v -0.01587667 0.10227750 -0.10221521
v -0.01575711 0.10242540 -0.10163321
v -0.01566487 0.10249580 -0.10143420
v -0.01566438 0.10249611 -0.10143361
v -0.01542779 0.10264441 -0.10110411
v -0.01542087 0.10264811 -0.10109781
v -0.01524781 0.10274121 -0.10093901
v -0.01523006 0.10275081 -0.10092270
v -0.01489515 0.10290960 -0.10072490
v -0.01262901 0.10192860 -0.11193770
v -0.01262901 0.10176921 -0.11193770
v -0.01303506 0.10164601 -0.11188971
v -0.01396277 0.10160760 -0.11121061
v -0.01396284 0.10144661 -0.11121051
v -0.01399550 0.10144751 -0.11113761
v -0.01405356 0.10161010 -0.11100811
v -0.01388356 0.10145360 -0.11133240
v -0.01388346 0.10161451 -0.11133261
v -0.01387700 0.10145470 -0.11133970
v -0.01387701 0.10161551 -0.11133970
v -0.01366458 0.10148810 -0.11157621
v -0.01366444 0.10164870 -0.11157631
v -0.01364374 0.10149251 -0.11159201
v -0.01364374 0.10165310 -0.11159201
v -0.01349650 0.10152381 -0.11170370
v -0.01349616 0.10168431 -0.11170391
v -0.01335639 0.10155941 -0.11177160
v -0.01335640 0.10171960 -0.11177160
v -0.01319288 0.10160080 -0.11185071
v -0.01319250 0.10176101 -0.11185090
v -0.01308263 0.10163160 -0.11188411
v -0.01308214 0.10179171 -0.11188421
v -0.01303508 0.10180591 -0.11188981
v -0.01405357 0.10144900 -0.11100811
v -0.01412358 0.10145090 -0.11085190
v -0.01412358 0.10161210 -0.11085190
v -0.01418880 0.10156930 -0.11096721
v -0.01412358 0.10161210 -0.11085190
v -0.01412358 0.10145090 -0.11085190
v -0.01418845 0.10140831 -0.11096660
v -0.01431047 0.10133841 -0.11111831
v -0.01434023 0.10148291 -0.11115530
v -0.01434022 0.10132141 -0.11115530
v -0.01435022 0.10131570 -0.11116781
v -0.01442877 0.10143241 -0.11126530
v -0.01442831 0.10127101 -0.11126481
v -0.01457930 0.10135621 -0.11139061
v -0.01457929 0.10119440 -0.11139061
v -0.01458286 0.10135441 -0.11139351
v -0.01458253 0.10119281 -0.11139331
v -0.01488100 0.10121660 -0.11155411
v -0.01488098 0.10105440 -0.11155420
v -0.01489646 0.10120951 -0.11156251
v -0.01489619 0.10104731 -0.11156241
v -0.01504728 0.10114441 -0.11161101
v -0.01504712 0.10098201 -0.11161091
v -0.01523085 0.10107000 -0.11163481
v -0.01523086 0.10090731 -0.11163481
v -0.01543852 0.10082271 -0.11166180
v -0.01543852 0.10098571 -0.11166180
v -0.01665740 0.10061151 -0.11097471
v -0.01656844 0.10062831 -0.11109240
v -0.01656844 0.10046370 -0.11109240
v -0.01645338 0.10048561 -0.11124460
v -0.01645317 0.10065011 -0.11124491
v -0.01635638 0.10050981 -0.11133780
v -0.01635615 0.10067411 -0.11133800
v -0.01635081 0.10051140 -0.11134160
v -0.01635083 0.10067570 -0.11134170
v -0.01610597 0.10058300 -0.11150931
v -0.01610573 0.10074701 -0.11150940
v -0.01607986 0.10059160 -0.11152090
v -0.01607987 0.10075551 -0.11152090
v -0.01595911 0.10063131 -0.11157470
v -0.01595872 0.10079510 -0.11157490
v -0.01578739 0.10069291 -0.11161471
v -0.01578739 0.10085640 -0.11161471
v -0.01562304 0.10075190 -0.11165291
v -0.01562269 0.10091530 -0.11165291
v -0.01555259 0.10094181 -0.11165880
v -0.01665755 0.10044671 -0.11097441
v -0.01666526 0.10044581 -0.11096090
v -0.01670131 0.10060631 -0.11089801
v -0.01670150 0.10044150 -0.11089770
v -0.01676177 0.10060640 -0.11074940
v -0.01676179 0.10044150 -0.11074940
v -0.01687893 0.10060650 -0.11046151
v -0.01687900 0.10044150 -0.11046131
v -0.01693778 0.10062181 -0.11022811
v -0.01693787 0.10045671 -0.11022770
v -0.01694824 0.10063540 -0.11012350
v -0.01694828 0.10047020 -0.11012350
v -0.01702054 0.10056421 -0.10940081
v -0.01702054 0.10072941 -0.10940081
v -0.01704616 0.10122631 -0.10646531
v -0.01704616 0.10106121 -0.10646531
v -0.01542515 0.10188491 -0.10645111
v -0.01704616 0.10122631 -0.10646531
v -0.01704616 0.10106121 -0.10646531
v -0.01103774 0.10317441 -0.10641291
v -0.01103774 0.10333201 -0.10641291
v -0.01433728 0.10208250 -0.10644171
v -0.01541839 0.10172471 -0.10645111
v -0.01101062 0.10281450 -0.10952011
v -0.01103774 0.10333201 -0.10641291
v -0.01101062 0.10265690 -0.10952011
v -0.01103774 0.10317441 -0.10641291
v -0.01109270 0.10263070 -0.11047620
v -0.01109250 0.10247320 -0.11047531
v -0.01110646 0.10261700 -0.11053470
v -0.01110647 0.10245930 -0.11053470
v -0.01113575 0.10258790 -0.11065921
v -0.01113551 0.10243040 -0.11065831
v -0.01129540 0.10247571 -0.11105900
v -0.01129537 0.10231791 -0.11105900
v -0.01135137 0.10243641 -0.11119921
v -0.01135107 0.10227861 -0.11119871
v -0.01139986 0.10225110 -0.11127930
v -0.01140095 0.10240851 -0.11128110
v -0.01140063 0.10225071 -0.11128061
v -0.01152650 0.10234691 -0.11143220
v -0.01152650 0.10218880 -0.11143220
v -0.01164329 0.10228960 -0.11157271
v -0.01164296 0.10213151 -0.11157241
v -0.01175501 0.10224190 -0.11166131
v -0.01175501 0.10208351 -0.11166131
v -0.01180444 0.10222081 -0.11170041
v -0.01180420 0.10206241 -0.11170031
v -0.01204956 0.10212671 -0.11182351
v -0.01204956 0.10196801 -0.11182351
v -0.01210245 0.10210640 -0.11185000
v -0.01210226 0.10194771 -0.11184990
v -0.01223088 0.10206080 -0.11188881
v -0.01223077 0.10190191 -0.11188881
v -0.01237591 0.10201261 -0.11190661
v -0.01237591 0.10185351 -0.11190661
v -0.01354374 0.10189280 -0.10943931
v -0.01353464 0.10188060 -0.10952910
v -0.01354374 0.10205320 -0.10943931
v -0.01353464 0.10204101 -0.10952910
v -0.01349640 0.10198980 -0.10990590
v -0.01349641 0.10182950 -0.10990590
v -0.01348226 0.10198481 -0.10996380
v -0.01348231 0.10182441 -0.10996351
v -0.01347826 0.10198430 -0.10997400
v -0.01347824 0.10182400 -0.10997400
v -0.01338989 0.10197541 -0.11020100
v -0.01338997 0.10181521 -0.11020090
v -0.01338625 0.10197571 -0.11020630
v -0.01330188 0.10198311 -0.11032850
v -0.01333780 0.10198001 -0.11027650
v -0.01333781 0.10181981 -0.11027650
v -0.01338624 0.10181550 -0.11020630
v -0.01330199 0.10182300 -0.11032831
v -0.01326029 0.10182950 -0.11037191
v -0.01326017 0.10198961 -0.11037201
v -0.01324044 0.10183351 -0.11038681
v -0.01324044 0.10199360 -0.11038681
v -0.01315147 0.10185170 -0.11045331
v -0.01315132 0.10201171 -0.11045340
v -0.01311493 0.10186071 -0.11047130
v -0.01311493 0.10202060 -0.11047130
v -0.01308159 0.10202871 -0.11048781
v -0.01308178 0.10186880 -0.11048771
v -0.01297431 0.10205871 -0.11051641
v -0.01297431 0.10189901 -0.11051641
v -0.01291710 0.10191501 -0.11053171
v -0.01291689 0.10207480 -0.11053180
v -0.01285530 0.10193390 -0.11053801
v -0.01285507 0.10209360 -0.11053801
v -0.01278726 0.10195550 -0.11053991
v -0.01278726 0.10211500 -0.11053991
v -0.01355672 0.10214151 -0.10795291
v -0.01355672 0.10230191 -0.10795291
v -0.01355672 0.10214151 -0.10795291
v -0.01355672 0.10230191 -0.10795291
v -0.01207174 0.10261850 -0.10793991
v -0.01207174 0.10277720 -0.10793991
v -0.01207174 0.10261850 -0.10793991
v -0.01207174 0.10277720 -0.10793991
v -0.01205877 0.10237070 -0.10942631
v -0.01205877 0.10252941 -0.10942631
v -0.01250246 0.10205530 -0.11048381
v -0.01250246 0.10221451 -0.11048381
v -0.01253315 0.10220231 -0.11049891
v -0.01253304 0.10204310 -0.11049891
v -0.01259342 0.10218040 -0.11051690
v -0.01259337 0.10202111 -0.11051690
v -0.01264688 0.10216240 -0.11052321
v -0.01264688 0.10200300 -0.11052321
v -0.01240340 0.10225361 -0.11043480
v -0.01240328 0.10209460 -0.11043471
v -0.01237583 0.10226561 -0.11041421
v -0.01237583 0.10210650 -0.11041421
v -0.01235453 0.10211580 -0.11039840
v -0.01235465 0.10227481 -0.11039850
v -0.01227955 0.10215271 -0.11031711
v -0.01227954 0.10231160 -0.11031711
v -0.01224988 0.10216730 -0.11028490
v -0.01225001 0.10232611 -0.11028511
v -0.01222087 0.10218361 -0.11024090
v -0.01222100 0.10234240 -0.11024110
v -0.01218334 0.10220981 -0.11015381
v -0.01218334 0.10236860 -0.11015381
v -0.01212701 0.10240780 -0.11002321
v -0.01212691 0.10224920 -0.11002280
v -0.01210769 0.10242601 -0.10995041
v -0.01210760 0.10226731 -0.10995000
v -0.01210487 0.10243200 -0.10992010
v -0.01210482 0.10227321 -0.10992010
v -0.01597479 0.10102971 -0.10921991
v -0.01596784 0.10102190 -0.10928131
v -0.01597479 0.10119330 -0.10921991
v -0.01596783 0.10118561 -0.10928131
v -0.01592086 0.10113311 -0.10969581
v -0.01592092 0.10096950 -0.10969561
v -0.01591503 0.10113260 -0.10971200
v -0.01591501 0.10096911 -0.10971200
v -0.01584494 0.10112710 -0.10990671
v -0.01574924 0.10113961 -0.11005461
v -0.01577771 0.10113560 -0.11001230
v -0.01577772 0.10097220 -0.11001230
v -0.01582757 0.10112861 -0.10993831
v -0.01582755 0.10096511 -0.10993831
v -0.01583216 0.10112790 -0.10993151
v -0.01583224 0.10096441 -0.10993140
v -0.01584505 0.10096360 -0.10990641
v -0.01574935 0.10097620 -0.11005450
v -0.01571069 0.10098440 -0.11009601
v -0.01571056 0.10114780 -0.11009620
v -0.01568424 0.10099131 -0.11011651
v -0.01568425 0.10115461 -0.11011651
v -0.01560863 0.10101111 -0.11017511
v -0.01560848 0.10117431 -0.11017521
v -0.01556654 0.10102391 -0.11019681
v -0.01556653 0.10118700 -0.11019681
v -0.01554328 0.10119401 -0.11020871
v -0.01554350 0.10103090 -0.11020861
v -0.01543460 0.10123091 -0.11023961
v -0.01543460 0.10106801 -0.11023971
v -0.01539120 0.10108281 -0.11025200
v -0.01539097 0.10124570 -0.11025200
v -0.01533330 0.10110400 -0.11025870
v -0.01533305 0.10126690 -0.11025870
v -0.01526194 0.10113111 -0.11026101
v -0.01526194 0.10129381 -0.11026101
v -0.01598566 0.10123971 -0.10797410
v -0.01598566 0.10140330 -0.10797410
v -0.01598566 0.10123971 -0.10797410
v -0.01598566 0.10140330 -0.10797410
v -0.01456953 0.10178390 -0.10796171
v -0.01456953 0.10194551 -0.10796171
v -0.01456953 0.10178390 -0.10796171
v -0.01456953 0.10194551 -0.10796171
v -0.01455866 0.10157480 -0.10920761
v -0.01455866 0.10173651 -0.10920761
v -0.01499902 0.10124000 -0.11020900
v -0.01499903 0.10140240 -0.11020900
v -0.01502119 0.10139210 -0.11022040
v -0.01502106 0.10122980 -0.11022030
v -0.01508033 0.10136670 -0.11023861
v -0.01508026 0.10120430 -0.11023861
v -0.01514045 0.10134250 -0.11024601
v -0.01514046 0.10118001 -0.11024601
v -0.01489235 0.10145170 -0.11015420
v -0.01489220 0.10128960 -0.11015410
v -0.01487275 0.10146161 -0.11013910
v -0.01487275 0.10129950 -0.11013910
v -0.01484340 0.10131431 -0.11011641
v -0.01484356 0.10147631 -0.11011651
v -0.01477627 0.10135221 -0.11004061
v -0.01477626 0.10151420 -0.11004071
v -0.01473802 0.10137381 -0.10999750
v -0.01473817 0.10153570 -0.10999771
v -0.01471104 0.10139110 -0.10995511
v -0.01471120 0.10155291 -0.10995530
v -0.01467929 0.10141581 -0.10987880
v -0.01467930 0.10157770 -0.10987880
v -0.01461882 0.10162461 -0.10973381
v -0.01461870 0.10146290 -0.10973340
v -0.01459947 0.10164480 -0.10965690
v -0.01459936 0.10148320 -0.10965641
v -0.01459895 0.10164601 -0.10965120
v -0.01459889 0.10148430 -0.10965120
v -0.01210760 0.10226731 -0.10995000
v -0.01212691 0.10224920 -0.11002280
v -0.01210482 0.10227321 -0.10992010
v -0.01218334 0.10220981 -0.11015381
v -0.01205877 0.10237070 -0.10942631
v -0.01207174 0.10261850 -0.10793991
v -0.01222087 0.10218361 -0.11024090
v -0.01224988 0.10216730 -0.11028490
v -0.01227955 0.10215271 -0.11031711
v -0.01235453 0.10211580 -0.11039840
v -0.01237583 0.10210650 -0.11041421
v -0.01240328 0.10209460 -0.11043471
v -0.01250246 0.10205530 -0.11048381
v -0.01253304 0.10204310 -0.11049891
v -0.01259337 0.10202111 -0.11051690
v -0.01264688 0.10200300 -0.11052321
v -0.01278726 0.10195550 -0.11053991
v -0.01285530 0.10193390 -0.11053801
v -0.01291710 0.10191501 -0.11053171
v -0.01297431 0.10189901 -0.11051641
v -0.01308178 0.10186880 -0.11048771
v -0.01311493 0.10186071 -0.11047130
v -0.01315147 0.10185170 -0.11045331
v -0.01324044 0.10183351 -0.11038681
v -0.01326029 0.10182950 -0.11037191
v -0.01330199 0.10182300 -0.11032831
v -0.01333781 0.10181981 -0.11027650
v -0.01338624 0.10181550 -0.11020630
v -0.01338997 0.10181521 -0.11020090
v -0.01347824 0.10182400 -0.10997400
v -0.01348231 0.10182441 -0.10996351
v -0.01349641 0.10182950 -0.10990590
v -0.01353464 0.10188060 -0.10952910
v -0.01354374 0.10189280 -0.10943931
v -0.01355672 0.10214151 -0.10795291
v -0.01459936 0.10148320 -0.10965641
v -0.01461870 0.10146290 -0.10973340
v -0.01459889 0.10148430 -0.10965120
v -0.01467929 0.10141581 -0.10987880
v -0.01455866 0.10157480 -0.10920761
v -0.01456953 0.10178390 -0.10796171
v -0.01471104 0.10139110 -0.10995511
v -0.01473802 0.10137381 -0.10999750
v -0.01477627 0.10135221 -0.11004061
v -0.01484340 0.10131431 -0.11011641
v -0.01487275 0.10129950 -0.11013910
v -0.01489220 0.10128960 -0.11015410
v -0.01499902 0.10124000 -0.11020900
v -0.01502106 0.10122980 -0.11022030
v -0.01508026 0.10120430 -0.11023861
v -0.01514046 0.10118001 -0.11024601
v -0.01526194 0.10113111 -0.11026101
v -0.01533330 0.10110400 -0.11025870
v -0.01539120 0.10108281 -0.11025200
v -0.01543460 0.10106801 -0.11023971
v -0.01554350 0.10103090 -0.11020861
v -0.01556654 0.10102391 -0.11019681
v -0.01560863 0.10101111 -0.11017511
v -0.01568424 0.10099131 -0.11011651
v -0.01571069 0.10098440 -0.11009601
v -0.01574935 0.10097620 -0.11005450
v -0.01577772 0.10097220 -0.11001230
v -0.01582755 0.10096511 -0.10993831
v -0.01583224 0.10096441 -0.10993140
v -0.01584505 0.10096360 -0.10990641
v -0.01591501 0.10096911 -0.10971200
v -0.01592092 0.10096950 -0.10969561
v -0.01596784 0.10102190 -0.10928131
v -0.01597479 0.10102971 -0.10921991
v -0.01598566 0.10123971 -0.10797410
v -0.01502200 0.10342711 -0.09841259
v -0.01502200 0.10326510 -0.09841259
v -0.01512707 0.10338840 -0.09841163
v -0.01512785 0.10322600 -0.09841160
v -0.01561217 0.10321740 -0.09833942
v -0.01561215 0.10305461 -0.09833934
v -0.01571648 0.10318061 -0.09832390
v -0.01571732 0.10301741 -0.09832365
v -0.01582314 0.10314531 -0.09828975
v -0.01582389 0.10298201 -0.09828949
v -0.01603120 0.10308140 -0.09818750
v -0.01603120 0.10291800 -0.09818750
v -0.01621174 0.10302591 -0.09809875
v -0.01621237 0.10286210 -0.09809835
v -0.01637563 0.10298180 -0.09797590
v -0.01637561 0.10281801 -0.09797587
v -0.01638491 0.10297941 -0.09796892
v -0.01638543 0.10281540 -0.09796849
v -0.01665531 0.10292061 -0.09767882
v -0.01665571 0.10275631 -0.09767830
v -0.01666914 0.10291851 -0.09765864
v -0.01666916 0.10275421 -0.09765864
v -0.01674005 0.10290761 -0.09755516
v -0.01674043 0.10274321 -0.09755455
v -0.01688933 0.10289981 -0.09724872
v -0.01688931 0.10273530 -0.09724871
v -0.01694458 0.10289701 -0.09713530
v -0.01694481 0.10273230 -0.09713467
v -0.01706319 0.10292221 -0.09671184
v -0.01706324 0.10275741 -0.09671161
v -0.01707571 0.10293950 -0.09658413
v -0.01707573 0.10277470 -0.09658414
v -0.01713792 0.10286081 -0.09594938
v -0.01713792 0.10302571 -0.09594938
v -0.01716122 0.10349090 -0.09328022
v -0.01716122 0.10332600 -0.09328022
v -0.01559347 0.10411970 -0.09326654
v -0.01716122 0.10349090 -0.09328022
v -0.01716122 0.10332600 -0.09328022
v -0.01115282 0.10541291 -0.09322777
v -0.01115282 0.10557061 -0.09322777
v -0.01433625 0.10436940 -0.09325555
v -0.01558692 0.10395951 -0.09326648
v -0.01113957 0.10530751 -0.09474572
v -0.01115282 0.10557061 -0.09322777
v -0.01113957 0.10514991 -0.09474572
v -0.01115282 0.10541291 -0.09322777
v -0.01283063 0.10481200 -0.09476046
v -0.01113957 0.10530751 -0.09474572
v -0.01283063 0.10465261 -0.09476046
v -0.01113957 0.10514991 -0.09474572
v -0.01282021 0.10460601 -0.09595444
v -0.01283063 0.10481200 -0.09476046
v -0.01282021 0.10444661 -0.09595444
v -0.01283063 0.10465261 -0.09476046
v -0.01112141 0.10494970 -0.09682663
v -0.01282021 0.10460601 -0.09595444
v -0.01112141 0.10479210 -0.09682663
v -0.01282021 0.10444661 -0.09595444
v -0.01110638 0.10465571 -0.09854916
v -0.01112141 0.10494970 -0.09682663
v -0.01110638 0.10449811 -0.09854916
v -0.01112141 0.10479210 -0.09682663
v -0.01310009 0.10428051 -0.09731280
v -0.01110638 0.10465571 -0.09854916
v -0.01310009 0.10412080 -0.09731280
v -0.01110638 0.10449811 -0.09854916
v -0.01310009 0.10428051 -0.09731280
v -0.01310009 0.10412080 -0.09731280
v -0.01314799 0.10424910 -0.09740454
v -0.01325966 0.10402201 -0.09758375
v -0.01437519 0.10367390 -0.09833423
v -0.01435023 0.10352280 -0.09832657
v -0.01437488 0.10351291 -0.09833416
v -0.01452535 0.10361660 -0.09835242
v -0.01414955 0.10360400 -0.09826472
v -0.01414918 0.10376500 -0.09826458
v -0.01405187 0.10364621 -0.09821454
v -0.01405185 0.10380700 -0.09821457
v -0.01372475 0.10378750 -0.09804651
v -0.01372457 0.10394790 -0.09804639
v -0.01366409 0.10381591 -0.09800003
v -0.01366409 0.10397620 -0.09800004
v -0.01357331 0.10385840 -0.09793045
v -0.01357315 0.10401870 -0.09793030
v -0.01336319 0.10396801 -0.09769819
v -0.01336320 0.10412800 -0.09769819
v -0.01325956 0.10418200 -0.09758362
v -0.01452536 0.10345521 -0.09835239
v -0.01452060 0.10387771 -0.09687159
v -0.01462571 0.10383210 -0.09691900
v -0.01462586 0.10367051 -0.09691906
v -0.01467785 0.10381080 -0.09693387
v -0.01467769 0.10364930 -0.09693383
v -0.01472101 0.10379420 -0.09693914
v -0.01472102 0.10363260 -0.09693911
v -0.01498288 0.10369350 -0.09697110
v -0.01498288 0.10353161 -0.09697110
v -0.01452060 0.10371641 -0.09687159
v -0.01443084 0.10375551 -0.09683111
v -0.01443078 0.10391681 -0.09683107
v -0.01436638 0.10378601 -0.09678692
v -0.01436633 0.10394720 -0.09678689
v -0.01435451 0.10379220 -0.09677520
v -0.01435451 0.10395340 -0.09677521
v -0.01423593 0.10385431 -0.09665812
v -0.01423594 0.10401530 -0.09665810
v -0.01422833 0.10385830 -0.09665059
v -0.01422830 0.10401931 -0.09665056
v -0.01417009 0.10389341 -0.09656559
v -0.01417013 0.10405440 -0.09656566
v -0.01413766 0.10407860 -0.09649094
v -0.01413766 0.10391781 -0.09649094
v -0.01407732 0.10412381 -0.09635209
v -0.01407730 0.10396300 -0.09635202
v -0.01406451 0.10397551 -0.09630603
v -0.01406454 0.10413620 -0.09630620
v -0.01405942 0.10398440 -0.09626517
v -0.01402209 0.10405730 -0.09592218
v -0.01402209 0.10421811 -0.09592218
v -0.01402222 0.10404960 -0.09596621
v -0.01402222 0.10421030 -0.09596630
v -0.01405944 0.10414521 -0.09626516
v -0.01593641 0.10335100 -0.09593889
v -0.01590945 0.10331331 -0.09621255
v -0.01593641 0.10351420 -0.09593889
v -0.01590944 0.10347651 -0.09621255
v -0.01573415 0.10346691 -0.09665300
v -0.01561810 0.10332721 -0.09677511
v -0.01561788 0.10349000 -0.09677530
v -0.01561190 0.10332870 -0.09677971
v -0.01561191 0.10349151 -0.09677971
v -0.01590544 0.10347091 -0.09625310
v -0.01590546 0.10330771 -0.09625300
v -0.01585650 0.10345940 -0.09642640
v -0.01585658 0.10329631 -0.09642615
v -0.01583086 0.10346020 -0.09647850
v -0.01583085 0.10329710 -0.09647850
v -0.01577142 0.10346190 -0.09659935
v -0.01577157 0.10329890 -0.09659913
v -0.01573790 0.10346641 -0.09664762
v -0.01573790 0.10330340 -0.09664763
v -0.01573431 0.10330391 -0.09665281
v -0.01554726 0.10350780 -0.09682757
v -0.01554752 0.10334501 -0.09682740
v -0.01545889 0.10353360 -0.09687082
v -0.01545889 0.10337111 -0.09687083
v -0.01537432 0.10339590 -0.09691225
v -0.01537400 0.10355851 -0.09691237
v -0.01533700 0.10340790 -0.09692453
v -0.01533664 0.10357040 -0.09692463
v -0.01526308 0.10343341 -0.09693635
v -0.01526310 0.10359571 -0.09693638
v -0.01505232 0.10350621 -0.09697008
v -0.01505197 0.10366830 -0.09697011
v -0.01594645 0.10355060 -0.09478766
v -0.01594645 0.10371380 -0.09478766
v -0.01594645 0.10355060 -0.09478766
v -0.01594645 0.10371380 -0.09478766
v -0.01403214 0.10425631 -0.09477095
v -0.01403214 0.10441700 -0.09477095
v -0.01403214 0.10425631 -0.09477095
v -0.01403214 0.10441700 -0.09477095
v -0.01409854 0.10395111 -0.09637806
v -0.01403214 0.10425631 -0.09477095
v -0.01402209 0.10405730 -0.09592218
v -0.01402222 0.10404960 -0.09596621
v -0.01405942 0.10398440 -0.09626517
v -0.01406451 0.10397551 -0.09630603
v -0.01407730 0.10396300 -0.09635202
v -0.01413766 0.10391781 -0.09649094
v -0.01417009 0.10389341 -0.09656559
v -0.01422833 0.10385830 -0.09665059
v -0.01423593 0.10385431 -0.09665812
v -0.01435451 0.10379220 -0.09677520
v -0.01436638 0.10378601 -0.09678692
v -0.01443084 0.10375551 -0.09683111
v -0.01452060 0.10371641 -0.09687159
v -0.01462586 0.10367051 -0.09691906
v -0.01467769 0.10364930 -0.09693383
v -0.01472102 0.10363260 -0.09693911
v -0.01498288 0.10353161 -0.09697110
v -0.01505232 0.10350621 -0.09697008
v -0.01526308 0.10343341 -0.09693635
v -0.01533700 0.10340790 -0.09692453
v -0.01537432 0.10339590 -0.09691225
v -0.01545889 0.10337111 -0.09687083
v -0.01554752 0.10334501 -0.09682740
v -0.01561190 0.10332870 -0.09677971
v -0.01561810 0.10332721 -0.09677511
v -0.01573431 0.10330391 -0.09665281
v -0.01573790 0.10330340 -0.09664763
v -0.01577157 0.10329890 -0.09659913
v -0.01583085 0.10329710 -0.09647850
v -0.01585658 0.10329631 -0.09642615
v -0.01590546 0.10330771 -0.09625300
v -0.01590945 0.10331331 -0.09621255
v -0.01593641 0.10335100 -0.09593889
v -0.01594645 0.10355060 -0.09478766
v -0.01230429 0.10614531 -0.08818393
v -0.01232706 0.10661580 -0.08557448
v -0.01230429 0.10598640 -0.08818393
v -0.01232706 0.10645691 -0.08557448
v -0.01119324 0.10638511 -0.08860038
v -0.01230429 0.10614531 -0.08818393
v -0.01119324 0.10622731 -0.08860038
v -0.01230429 0.10598640 -0.08818393
v -0.01117909 0.10609751 -0.09022075
v -0.01119324 0.10638511 -0.08860038
v -0.01117909 0.10593980 -0.09022075
v -0.01119324 0.10622731 -0.08860038
v -0.01280346 0.10574550 -0.08955723
v -0.01117909 0.10609751 -0.09022075
v -0.01117909 0.10593980 -0.09022075
v -0.01720937 0.10430600 -0.08775756
v -0.01720937 0.10447091 -0.08775756
v -0.01433530 0.10514130 -0.08893152
v -0.01281046 0.10558451 -0.08955437
v -0.01722299 0.10475310 -0.08619690
v -0.01720937 0.10447091 -0.08775756
v -0.01722299 0.10458821 -0.08619690
v -0.01720937 0.10430600 -0.08775756
v -0.01573788 0.10546611 -0.08554493
v -0.01722299 0.10475310 -0.08619690
v -0.01722299 0.10458821 -0.08619690
v -0.01123714 0.10713940 -0.08356916
v -0.01123714 0.10729731 -0.08356916
v -0.01433787 0.10587461 -0.08493035
v -0.01573115 0.10530630 -0.08554198
v -0.01122352 0.10701101 -0.08512983
v -0.01123714 0.10729731 -0.08356916
v -0.01122352 0.10685311 -0.08512983
v -0.01123714 0.10713940 -0.08356916
v -0.01232706 0.10661580 -0.08557448
v -0.01122352 0.10701101 -0.08512983
v -0.01232706 0.10645691 -0.08557448
v -0.01122352 0.10685311 -0.08512983
v -0.01346690 0.10570201 -0.08775045
v -0.01346690 0.10586210 -0.08775045
v -0.01569740 0.10506521 -0.08691706
v -0.01569740 0.10522811 -0.08691706
v -0.01569740 0.10506521 -0.08691706
v -0.01569740 0.10522811 -0.08691706
v -0.01348194 0.10601271 -0.08602794
v -0.01348194 0.10617280 -0.08602794
v -0.01348194 0.10601271 -0.08602794
v -0.01348194 0.10617280 -0.08602794
v -0.01346690 0.10570201 -0.08775045
v -0.01346690 0.10586210 -0.08775045
v -0.01348194 0.10601271 -0.08602794
v -0.01346690 0.10570201 -0.08775045
v -0.01569740 0.10506521 -0.08691706
v -0.01362751 0.10722741 -0.08017028
v -0.01275035 0.10765990 -0.07936946
v -0.01362751 0.10706691 -0.08017028
v -0.01275035 0.10750030 -0.07936946
v -0.01275035 0.10765990 -0.07936946
v -0.01127391 0.10808810 -0.07935656
v -0.01275035 0.10750030 -0.07936946
v -0.01127391 0.10793001 -0.07935656
v -0.01127391 0.10808810 -0.07935656
v -0.01128715 0.10838010 -0.07783866
v -0.01127391 0.10793001 -0.07935656
v -0.01128715 0.10822191 -0.07783866
v -0.01576992 0.10691650 -0.07787777
v -0.01729548 0.10630730 -0.07789109
v -0.01729548 0.10614210 -0.07789109
v -0.01128715 0.10822191 -0.07783866
v -0.01128715 0.10838010 -0.07783866
v -0.01433529 0.10722351 -0.07786525
v -0.01576357 0.10675570 -0.07787771
v -0.01729548 0.10630730 -0.07789109
v -0.01728223 0.10601571 -0.07940900
v -0.01729548 0.10614210 -0.07789109
v -0.01728223 0.10585061 -0.07940900
v -0.01728223 0.10601571 -0.07940900
v -0.01468141 0.10702031 -0.07938630
v -0.01728223 0.10585061 -0.07940900
v -0.01468141 0.10685850 -0.07938630
v -0.01468141 0.10702031 -0.07938630
v -0.01726229 0.10558361 -0.08169448
v -0.01468141 0.10685850 -0.07938630
v -0.01726229 0.10541851 -0.08169448
v -0.01726229 0.10541851 -0.08169448
v -0.01726229 0.10558361 -0.08169448
v -0.01725757 0.10531781 -0.08223529
v -0.01724695 0.10525651 -0.08345115
v -0.01724695 0.10509150 -0.08345115
v -0.01724695 0.10509150 -0.08345115
v -0.01724695 0.10525651 -0.08345115
v -0.01599441 0.10579220 -0.08231565
v -0.01477725 0.10663491 -0.08121222
v -0.01477725 0.10647310 -0.08121222
v -0.01434711 0.10655461 -0.08149553
v -0.01477725 0.10647310 -0.08121222
v -0.01477725 0.10663491 -0.08121222
v -0.01280757 0.10684650 -0.08250947
v -0.01123737 0.10730201 -0.08354361
v -0.01123737 0.10714410 -0.08354361
v -0.01123737 0.10714410 -0.08354361
v -0.01123737 0.10730201 -0.08354361
v -0.01124570 0.10732161 -0.08258870
v -0.01125322 0.10763971 -0.08172728
v -0.01125322 0.10748170 -0.08172728
v -0.01125322 0.10763971 -0.08172728
v -0.01362751 0.10722741 -0.08017028
v -0.01125322 0.10748170 -0.08172728
v -0.01362751 0.10706691 -0.08017028
v -0.01130926 0.10871840 -0.07530581
v -0.01130926 0.10887671 -0.07530581
v -0.01434587 0.10820720 -0.07309266
v -0.01503272 0.10825410 -0.07259208
v -0.01503272 0.10809160 -0.07259208
v -0.01503272 0.10809160 -0.07259208
v -0.01503272 0.10825410 -0.07259208
v -0.01434334 0.10831141 -0.07258606
v -0.01133322 0.10942971 -0.07255980
v -0.01133322 0.10927111 -0.07255980
v -0.01133322 0.10942971 -0.07255980
v -0.01134565 0.10972291 -0.07113570
v -0.01133322 0.10927111 -0.07255980
v -0.01134565 0.10956431 -0.07113570
v -0.01584555 0.10824840 -0.07117498
v -0.01735397 0.10764531 -0.07118814
v -0.01735397 0.10747970 -0.07118814
v -0.01134565 0.10956431 -0.07113570
v -0.01134565 0.10972291 -0.07113570
v -0.01433491 0.10858171 -0.07116178
v -0.01583929 0.10808731 -0.07117492
v -0.01735397 0.10764531 -0.07118814
v -0.01734229 0.10737080 -0.07252700
v -0.01735397 0.10747970 -0.07118814
v -0.01734229 0.10720530 -0.07252700
v -0.01734229 0.10720530 -0.07252700
v -0.01734229 0.10737080 -0.07252700
v -0.01434478 0.10787581 -0.07471334
v -0.01361038 0.10820080 -0.07524900
v -0.01361038 0.10804011 -0.07524900
v -0.01361038 0.10804011 -0.07524900
v -0.01361038 0.10820080 -0.07524900
v -0.01434184 0.10776641 -0.07525538
v -0.01731825 0.10681781 -0.07528135
v -0.01731825 0.10665250 -0.07528135
v -0.01731825 0.10681781 -0.07528135
v -0.01730590 0.10653930 -0.07669712
v -0.01731825 0.10665250 -0.07528135
v -0.01730590 0.10637410 -0.07669712
v -0.01287189 0.10815381 -0.07665842
v -0.01129757 0.10861261 -0.07664470
v -0.01129757 0.10845440 -0.07664470
v -0.01730590 0.10637410 -0.07669712
v -0.01730590 0.10653930 -0.07669712
v -0.01433387 0.10746010 -0.07667118
v -0.01287868 0.10799180 -0.07665848
v -0.01129757 0.10861261 -0.07664470
v -0.01130926 0.10887671 -0.07530581
v -0.01129757 0.10845440 -0.07664470
v -0.01130926 0.10871840 -0.07530581
v -0.01249671 0.11047641 -0.06613434
v -0.01249671 0.11031621 -0.06613434
v -0.01247394 0.10991001 -0.06874379
v -0.01247831 0.10985860 -0.06824374
v -0.01247394 0.10975010 -0.06874379
v -0.01136289 0.11013781 -0.06916024
v -0.01247394 0.10991001 -0.06874379
v -0.01136289 0.10997900 -0.06916024
v -0.01247394 0.10975010 -0.06874379
v -0.01134875 0.10979680 -0.07078060
v -0.01136289 0.11013781 -0.06916024
v -0.01134875 0.10963810 -0.07078060
v -0.01136289 0.10997900 -0.06916024
v -0.01292654 0.10947420 -0.07013613
v -0.01134875 0.10979680 -0.07078060
v -0.01134875 0.10963810 -0.07078060
v -0.01737903 0.10808230 -0.06831742
v -0.01737903 0.10824801 -0.06831742
v -0.01433659 0.10892411 -0.06956016
v -0.01293337 0.10931241 -0.07013333
v -0.01739265 0.10841941 -0.06675674
v -0.01739265 0.10858530 -0.06675674
v -0.01738228 0.10816281 -0.06794461
v -0.01737903 0.10824801 -0.06831742
v -0.01737903 0.10808230 -0.06831742
v -0.01603364 0.10926191 -0.06616015
v -0.01739265 0.10858530 -0.06675674
v -0.01739265 0.10841941 -0.06675674
v -0.01140680 0.11108481 -0.06412902
v -0.01140680 0.11124411 -0.06412902
v -0.01433617 0.10982690 -0.06541497
v -0.01602694 0.10910090 -0.06615721
v -0.01139318 0.11089241 -0.06568969
v -0.01140680 0.11124411 -0.06412902
v -0.01139318 0.11073330 -0.06568969
v -0.01140680 0.11108481 -0.06412902
v -0.01249671 0.11047641 -0.06613434
v -0.01139318 0.11089241 -0.06568969
v -0.01249671 0.11031621 -0.06613434
v -0.01139318 0.11073330 -0.06568969
v -0.01363656 0.10947880 -0.06831029
v -0.01363656 0.10964000 -0.06831029
v -0.01586705 0.10886970 -0.06747692
v -0.01586705 0.10903361 -0.06747692
v -0.01586705 0.10886970 -0.06747692
v -0.01586705 0.10903361 -0.06747692
v -0.01365159 0.10985200 -0.06658779
v -0.01365159 0.11001330 -0.06658779
v -0.01365159 0.10985200 -0.06658779
v -0.01365159 0.11001330 -0.06658779
v -0.01363656 0.10947880 -0.06831029
v -0.01363656 0.10964000 -0.06831029
v -0.01365159 0.10985200 -0.06658779
v -0.01363656 0.10947880 -0.06831029
v -0.01586705 0.10886970 -0.06747692
v -0.01532423 0.11007040 -0.06377925
v -0.01532423 0.10990690 -0.06377925
v -0.01546426 0.11001941 -0.06377708
v -0.01546502 0.10985541 -0.06377705
v -0.01591397 0.10986690 -0.06370440
v -0.01591394 0.10970270 -0.06370433
v -0.01604158 0.10982371 -0.06368378
v -0.01604240 0.10965900 -0.06368353
v -0.01614902 0.10979071 -0.06364790
v -0.01614975 0.10962591 -0.06364764
v -0.01633363 0.10974041 -0.06355473
v -0.01633362 0.10957560 -0.06355474
v -0.01652477 0.10968831 -0.06345827
v -0.01652538 0.10952311 -0.06345786
v -0.01667749 0.10965490 -0.06334207
v -0.01667747 0.10948961 -0.06334205
v -0.01669556 0.10965091 -0.06332833
v -0.01669609 0.10948550 -0.06332788
v -0.01695900 0.10961200 -0.06304350
v -0.01695940 0.10944630 -0.06304296
v -0.01697144 0.10961120 -0.06302536
v -0.01697146 0.10944551 -0.06302537
v -0.01703981 0.10960691 -0.06292570
v -0.01704018 0.10944121 -0.06292510
v -0.01719223 0.10961800 -0.06261567
v -0.01719220 0.10945201 -0.06261565
v -0.01724265 0.10962170 -0.06251311
v -0.01724289 0.10945560 -0.06251248
v -0.01736586 0.10967511 -0.06207622
v -0.01736591 0.10950880 -0.06207599
v -0.01737813 0.10970021 -0.06195066
v -0.01737815 0.10953390 -0.06195066
v -0.01744013 0.10966101 -0.06131605
v -0.01744013 0.10982750 -0.06131605
v -0.01746342 0.11048170 -0.05864692
v -0.01746342 0.11031491 -0.05864692
v -0.01601509 0.11106070 -0.05863428
v -0.01746342 0.11048170 -0.05864692
v -0.01746342 0.11031491 -0.05864692
v -0.01145510 0.11240481 -0.05859449
v -0.01145510 0.11256491 -0.05859449
v -0.01433428 0.11145221 -0.05861961
v -0.01600927 0.11089791 -0.05863423
v -0.01144185 0.11219021 -0.06011241
v -0.01145510 0.11256491 -0.05859449
v -0.01144185 0.11203041 -0.06011241
v -0.01145510 0.11240481 -0.05859449
v -0.01313289 0.11168901 -0.06012717
v -0.01144185 0.11219021 -0.06011241
v -0.01313289 0.11152740 -0.06012717
v -0.01144185 0.11203041 -0.06011241
v -0.01312247 0.11140120 -0.06132112
v -0.01313289 0.11168901 -0.06012717
v -0.01312247 0.11123990 -0.06132112
v -0.01313289 0.11152740 -0.06012717
v -0.01142369 0.11169230 -0.06219330
v -0.01312247 0.11140120 -0.06132112
v -0.01142369 0.11153270 -0.06219330
v -0.01312247 0.11123990 -0.06132112
v -0.01140866 0.11129281 -0.06391581
v -0.01142369 0.11169230 -0.06219330
v -0.01140866 0.11113341 -0.06391581
v -0.01142369 0.11153270 -0.06219330
v -0.01340235 0.11098830 -0.06267947
v -0.01140866 0.11129281 -0.06391581
v -0.01340235 0.11082680 -0.06267947
v -0.01140866 0.11113341 -0.06391581
v -0.01340235 0.11098830 -0.06267947
v -0.01340235 0.11082680 -0.06267947
v -0.01344322 0.11095660 -0.06275838
v -0.01355127 0.11071850 -0.06293502
v -0.01355120 0.11088021 -0.06293493
v -0.01366636 0.11081211 -0.06306408
v -0.01366636 0.11065040 -0.06306408
v -0.01386940 0.11069211 -0.06329180
v -0.01386953 0.11053010 -0.06329191
v -0.01396638 0.11064220 -0.06336664
v -0.01396638 0.11048021 -0.06336664
v -0.01402405 0.11061261 -0.06341114
v -0.01402420 0.11045041 -0.06341125
v -0.01435015 0.11030001 -0.06357879
v -0.01435429 0.11046051 -0.06358095
v -0.01435430 0.11029811 -0.06358092
v -0.01445373 0.11041471 -0.06363209
v -0.01445407 0.11025200 -0.06363221
v -0.01467707 0.11032091 -0.06370079
v -0.01467676 0.11015821 -0.06370071
v -0.01482762 0.11026261 -0.06371904
v -0.01482763 0.11009971 -0.06371901
v -0.01437544 0.11089680 -0.06170473
v -0.01443989 0.11083800 -0.06185761
v -0.01443989 0.11067521 -0.06185761
v -0.01446896 0.11081141 -0.06192654
v -0.01446891 0.11064870 -0.06192647
v -0.01452551 0.11077170 -0.06201074
v -0.01452552 0.11060891 -0.06201076
v -0.01453885 0.11076391 -0.06202412
v -0.01453884 0.11060100 -0.06202412
v -0.01465649 0.11069471 -0.06214215
v -0.01465650 0.11053171 -0.06214215
v -0.01466553 0.11068931 -0.06215121
v -0.01466557 0.11052640 -0.06215124
v -0.01473200 0.11065510 -0.06219711
v -0.01473205 0.11049200 -0.06219714
v -0.01482293 0.11061310 -0.06223815
v -0.01482293 0.11044990 -0.06223815
v -0.01492882 0.11056411 -0.06228595
v -0.01492896 0.11040091 -0.06228599
v -0.01498082 0.11054210 -0.06230072
v -0.01498066 0.11037880 -0.06230068
v -0.01502324 0.11052550 -0.06230588
v -0.01502324 0.11036210 -0.06230587
v -0.01528512 0.11042321 -0.06233777
v -0.01528512 0.11025960 -0.06233777
v -0.01437542 0.11073411 -0.06170465
v -0.01436370 0.11074881 -0.06166053
v -0.01436374 0.11091141 -0.06166069
v -0.01436068 0.11075670 -0.06163199
v -0.01436070 0.11091930 -0.06163199
v -0.01432434 0.11085180 -0.06128886
v -0.01432434 0.11101451 -0.06128886
v -0.01623863 0.11014721 -0.06130557
v -0.01621172 0.11009150 -0.06157918
v -0.01623863 0.11031211 -0.06130557
v -0.01621171 0.11025641 -0.06157918
v -0.01603618 0.11021811 -0.06201993
v -0.01592301 0.11006820 -0.06213953
v -0.01592279 0.11023270 -0.06213971
v -0.01591403 0.11007010 -0.06214625
v -0.01591404 0.11023450 -0.06214626
v -0.01620778 0.11024830 -0.06161924
v -0.01620779 0.11008340 -0.06161916
v -0.01615655 0.11022481 -0.06179886
v -0.01615663 0.11006010 -0.06179862
v -0.01613341 0.11022261 -0.06184531
v -0.01613340 0.11005790 -0.06184531
v -0.01607197 0.11021670 -0.06196864
v -0.01607212 0.11005201 -0.06196841
v -0.01604012 0.11021791 -0.06201428
v -0.01604013 0.11005330 -0.06201429
v -0.01603634 0.11005350 -0.06201972
v -0.01585274 0.11024681 -0.06219210
v -0.01585300 0.11008240 -0.06219193
v -0.01576126 0.11027041 -0.06223782
v -0.01576126 0.11010611 -0.06223782
v -0.01568558 0.11012571 -0.06227568
v -0.01568526 0.11028991 -0.06227581
v -0.01564755 0.11013691 -0.06228861
v -0.01564719 0.11030111 -0.06228872
v -0.01556520 0.11016421 -0.06230266
v -0.01556521 0.11032821 -0.06230268
v -0.01536914 0.11022911 -0.06233611
v -0.01536880 0.11039290 -0.06233613
v -0.01624868 0.11042480 -0.06015436
v -0.01624868 0.11058990 -0.06015436
v -0.01624868 0.11042480 -0.06015436
v -0.01624868 0.11058990 -0.06015436
v -0.01433438 0.11112921 -0.06013765
v -0.01433438 0.11129201 -0.06013765
v -0.01433438 0.11112921 -0.06013765
v -0.01433438 0.11129201 -0.06013765
v -0.01624868 0.11042480 -0.06015436
v -0.01433438 0.11112921 -0.06013765
v -0.01432434 0.11085180 -0.06128886
v -0.01436068 0.11075670 -0.06163199
v -0.01436370 0.11074881 -0.06166053
v -0.01437542 0.11073411 -0.06170465
v -0.01443989 0.11067521 -0.06185761
v -0.01446891 0.11064870 -0.06192647
v -0.01452552 0.11060891 -0.06201076
v -0.01466557 0.11052640 -0.06215124
v -0.01473205 0.11049200 -0.06219714
v -0.01613340 0.11005790 -0.06184531
v -0.01482293 0.11044990 -0.06223815
v -0.01492896 0.11040091 -0.06228599
v -0.01528512 0.11025960 -0.06233777
v -0.01536914 0.11022911 -0.06233611
v -0.01556520 0.11016421 -0.06230266
v -0.01502324 0.11036210 -0.06230587
v -0.01564755 0.11013691 -0.06228861
v -0.01568558 0.11012571 -0.06227568
v -0.01576126 0.11010611 -0.06223782
v -0.01585300 0.11008240 -0.06219193
v -0.01591403 0.11007010 -0.06214625
v -0.01592301 0.11006820 -0.06213953
v -0.01603634 0.11005350 -0.06201972
v -0.01604013 0.11005330 -0.06201429
v -0.01498066 0.11037880 -0.06230068
v -0.01607212 0.11005201 -0.06196841
v -0.01620779 0.11008340 -0.06161916
v -0.01621172 0.11009150 -0.06157918
v -0.01465650 0.11053171 -0.06214215
v -0.01615663 0.11006010 -0.06179862
v -0.01453884 0.11060100 -0.06202412
v -0.01623863 0.11014721 -0.06130557
v -0.01629363 0.11191150 -0.05500348
v -0.01490297 0.11242730 -0.05499134
v -0.01629363 0.11174560 -0.05500348
v -0.01490297 0.11226311 -0.05499134
v -0.01490297 0.11242730 -0.05499134
v -0.01487960 0.11172520 -0.05766908
v -0.01490297 0.11226311 -0.05499134
v -0.01487960 0.11156141 -0.05766908
v -0.01487960 0.11156141 -0.05766908
v -0.01487960 0.11172520 -0.05766908
v -0.01434903 0.11174360 -0.05766445
v -0.01367782 0.11213640 -0.05765859
v -0.01367782 0.11197400 -0.05765859
v -0.01367782 0.11213640 -0.05765859
v -0.01370119 0.11283731 -0.05498085
v -0.01367782 0.11197400 -0.05765859
v -0.01370119 0.11267441 -0.05498085
v -0.01370119 0.11283731 -0.05498085
v -0.01148680 0.11350490 -0.05496153
v -0.01370119 0.11267441 -0.05498085
v -0.01148680 0.11334421 -0.05496153
v -0.01148680 0.11334421 -0.05496153
v -0.01148680 0.11350490 -0.05496153
v -0.01149426 0.11357611 -0.05410700
v -0.01150005 0.11391720 -0.05344361
v -0.01150005 0.11375621 -0.05344361
v -0.01608744 0.11241250 -0.05348365
v -0.01750838 0.11184851 -0.05349605
v -0.01750838 0.11168081 -0.05349605
v -0.01150005 0.11375621 -0.05344361
v -0.01150005 0.11391720 -0.05344361
v -0.01433420 0.11282371 -0.05346834
v -0.01608169 0.11224881 -0.05348360
v -0.01746975 0.11066540 -0.05792183
v -0.01746975 0.11049840 -0.05792183
v -0.01750838 0.11184851 -0.05349605
v -0.01750607 0.11161020 -0.05376041
v -0.01750838 0.11168081 -0.05349605
v -0.01746975 0.11066540 -0.05792183
v -0.01626825 0.11114881 -0.05791135
v -0.01746975 0.11049840 -0.05792183
v -0.01626825 0.11098340 -0.05791135
v -0.01626825 0.11114881 -0.05791135
v -0.01629363 0.11191150 -0.05500348
v -0.01626825 0.11098340 -0.05791135
v -0.01629363 0.11174560 -0.05500348
v -0.01247126 0.09750471 -0.13711921
v -0.01242568 0.09752005 -0.13711701
v -0.01247126 0.09766479 -0.13711921
v -0.01237416 0.09753814 -0.13710990
v -0.01237401 0.09769816 -0.13710981
v -0.01234917 0.09754770 -0.13710171
v -0.01234916 0.09770762 -0.13710171
v -0.01225731 0.09758278 -0.13707171
v -0.01225723 0.09774263 -0.13707171
v -0.01224459 0.09758812 -0.13706481
v -0.01224459 0.09774791 -0.13706481
v -0.01221330 0.09760122 -0.13704771
v -0.01221325 0.09776098 -0.13704771
v -0.01216758 0.09762239 -0.13701081
v -0.01216758 0.09778206 -0.13701081
v -0.01211659 0.09764599 -0.13696961
v -0.01211657 0.09780562 -0.13696961
v -0.01207802 0.09766668 -0.13692191
v -0.01207801 0.09782625 -0.13692191
v -0.01204882 0.09768232 -0.13688590
v -0.01204883 0.09784186 -0.13688590
v -0.01198985 0.09772101 -0.13677241
v -0.01198985 0.09788047 -0.13677241
v -0.01196491 0.09773736 -0.13672440
v -0.01196492 0.09789679 -0.13672440
v -0.01190266 0.09779764 -0.13649351
v -0.01190266 0.09795700 -0.13649351
v -0.01189043 0.09780951 -0.13644811
v -0.01189044 0.09796882 -0.13644820
v -0.01185847 0.09789965 -0.13599340
v -0.01185847 0.09805891 -0.13599340
v -0.01499881 0.09734565 -0.13376321
v -0.01499881 0.09718217 -0.13376321
v -0.01489570 0.09722261 -0.13376501
v -0.01489513 0.09738614 -0.13376501
v -0.01476259 0.09727285 -0.13377570
v -0.01476202 0.09743618 -0.13377581
v -0.01460478 0.09748967 -0.13381451
v -0.01460479 0.09732676 -0.13381451
v -0.01440362 0.09755806 -0.13386400
v -0.01440391 0.09739540 -0.13386391
v -0.01435022 0.09741122 -0.13388921
v -0.01430295 0.09758761 -0.13391141
v -0.01430295 0.09742517 -0.13391141
v -0.01424697 0.09744166 -0.13393770
v -0.01424650 0.09760416 -0.13393801
v -0.01404327 0.09749167 -0.13408451
v -0.01404330 0.09765372 -0.13408451
v -0.01400431 0.09750123 -0.13411260
v -0.01400390 0.09766333 -0.13411301
v -0.01392236 0.09751715 -0.13419341
v -0.01392209 0.09767910 -0.13419370
v -0.01380303 0.09769417 -0.13435320
v -0.01380301 0.09753244 -0.13435320
v -0.01370493 0.09770660 -0.13448461
v -0.01370528 0.09754496 -0.13448400
v -0.01359548 0.09770975 -0.13468920
v -0.01359526 0.09754828 -0.13468961
v -0.01355060 0.09770289 -0.13481800
v -0.01355055 0.09754150 -0.13481791
v -0.01332993 0.09766917 -0.13545121
v -0.01333004 0.09750806 -0.13545071
v -0.01306189 0.09758516 -0.13645071
v -0.01306190 0.09742431 -0.13645071
v -0.01302656 0.09757408 -0.13658240
v -0.01302663 0.09741330 -0.13658221
v -0.01292412 0.09757158 -0.13679320
v -0.01292413 0.09741092 -0.13679320
v -0.01288382 0.09757058 -0.13687611
v -0.01288391 0.09740999 -0.13687601
v -0.01285556 0.09757309 -0.13691590
v -0.01285565 0.09741250 -0.13691581
v -0.01281943 0.09757850 -0.13695400
v -0.01281943 0.09741797 -0.13695400
v -0.01275661 0.09742743 -0.13702021
v -0.01275652 0.09758790 -0.13702030
v -0.01274320 0.09743021 -0.13702991
v -0.01274320 0.09759063 -0.13702991
v -0.01271225 0.09759701 -0.13705231
v -0.01271230 0.09743663 -0.13705221
v -0.01265410 0.09761139 -0.13708021
v -0.01265410 0.09745108 -0.13708021
v -0.01262087 0.09745933 -0.13709621
v -0.01262082 0.09761963 -0.13709621
v -0.01257970 0.09747094 -0.13710790
v -0.01257967 0.09763118 -0.13710790
v -0.01256026 0.09747699 -0.13710990
v -0.01256026 0.09763720 -0.13710990
v -0.01608895 0.09682332 -0.13418581
v -0.01594437 0.09674070 -0.13406710
v -0.01594392 0.09690596 -0.13406681
v -0.01591457 0.09675605 -0.13405091
v -0.01591460 0.09692100 -0.13405080
v -0.01678642 0.09615342 -0.13622730
v -0.01678642 0.09598681 -0.13622730
v -0.01672407 0.09632042 -0.13545261
v -0.01672435 0.09615359 -0.13545411
v -0.01667889 0.09637706 -0.13524860
v -0.01667893 0.09621071 -0.13524860
v -0.01667362 0.09638367 -0.13522480
v -0.01667397 0.09621695 -0.13522620
v -0.01646993 0.09656624 -0.13470521
v -0.01647004 0.09640027 -0.13470510
v -0.01644818 0.09658574 -0.13464971
v -0.01644874 0.09641942 -0.13465070
v -0.01638167 0.09663466 -0.13453800
v -0.01638218 0.09646850 -0.13453881
v -0.01619468 0.09675518 -0.13431301
v -0.01619469 0.09658973 -0.13431301
v -0.01608949 0.09665774 -0.13418630
v -0.01558555 0.09708985 -0.13387191
v -0.01558588 0.09692527 -0.13387200
v -0.01556906 0.09709753 -0.13386651
v -0.01556905 0.09693315 -0.13386660
v -0.01542258 0.09716587 -0.13381920
v -0.01542281 0.09700161 -0.13381920
v -0.01519072 0.09726423 -0.13378861
v -0.01519072 0.09710045 -0.13378861
v -0.01625445 0.09602511 -0.13823951
v -0.01625445 0.09585927 -0.13823951
v -0.01639310 0.09600872 -0.13799561
v -0.01639326 0.09584265 -0.13799531
v -0.01654883 0.09601453 -0.13758300
v -0.01654885 0.09584823 -0.13758300
v -0.01663318 0.09601768 -0.13735950
v -0.01663318 0.09585125 -0.13735950
v -0.01674624 0.09606891 -0.13679621
v -0.01674624 0.09590233 -0.13679621
v -0.01676102 0.09610000 -0.13658701
v -0.01676102 0.09593339 -0.13658701
v -0.01625445 0.09602511 -0.13823951
v -0.01523714 0.09652855 -0.13781551
v -0.01625445 0.09585927 -0.13823951
v -0.01523714 0.09636445 -0.13781551
v -0.01570770 0.09662304 -0.13620951
v -0.01570770 0.09645827 -0.13620951
v -0.01570418 0.09660373 -0.13632561
v -0.01570416 0.09643889 -0.13632601
v -0.01562283 0.09654850 -0.13682270
v -0.01562283 0.09638383 -0.13682270
v -0.01560060 0.09653341 -0.13695850
v -0.01560060 0.09636877 -0.13695850
v -0.01544667 0.09651793 -0.13739881
v -0.01544667 0.09635350 -0.13739881
v -0.01537103 0.09652176 -0.13754920
v -0.01537103 0.09635746 -0.13754920
v -0.01523714 0.09636445 -0.13781551
v -0.01523714 0.09652855 -0.13781551
v -0.01505340 0.09708728 -0.13510010
v -0.01505340 0.09692363 -0.13510010
v -0.01516059 0.09704267 -0.13511040
v -0.01516046 0.09687890 -0.13511040
v -0.01518948 0.09702964 -0.13511831
v -0.01518948 0.09686580 -0.13511831
v -0.01524339 0.09700538 -0.13513291
v -0.01524319 0.09684153 -0.13513291
v -0.01530353 0.09697549 -0.13516410
v -0.01530353 0.09681145 -0.13516410
v -0.01536509 0.09694491 -0.13519601
v -0.01536499 0.09678081 -0.13519601
v -0.01541512 0.09691697 -0.13523841
v -0.01541512 0.09675274 -0.13523841
v -0.01544312 0.09690133 -0.13526221
v -0.01544309 0.09673707 -0.13526221
v -0.01550870 0.09685920 -0.13534771
v -0.01550870 0.09669481 -0.13534771
v -0.01553987 0.09683916 -0.13538840
v -0.01553987 0.09667473 -0.13538840
v -0.01554311 0.09683645 -0.13539611
v -0.01554311 0.09667202 -0.13539611
v -0.01562289 0.09660502 -0.13558611
v -0.01568804 0.09667402 -0.13597010
v -0.01566972 0.09672149 -0.13574711
v -0.01566974 0.09655678 -0.13574720
v -0.01564223 0.09658880 -0.13563221
v -0.01564218 0.09675347 -0.13563201
v -0.01562291 0.09676960 -0.13558611
v -0.01568804 0.09650928 -0.13597010
v -0.01255912 0.09739821 -0.13845611
v -0.01255912 0.09723794 -0.13845611
v -0.01266374 0.09736383 -0.13845420
v -0.01266425 0.09720327 -0.13845420
v -0.01294593 0.09727672 -0.13840681
v -0.01294592 0.09711597 -0.13840681
v -0.01305104 0.09724428 -0.13838921
v -0.01305158 0.09708323 -0.13838901
v -0.01319811 0.09720327 -0.13833390
v -0.01319854 0.09704206 -0.13833370
v -0.01324020 0.09719297 -0.13830871
v -0.01324022 0.09703180 -0.13830871
v -0.01345565 0.09714029 -0.13817971
v -0.01345603 0.09697874 -0.13817940
v -0.01349899 0.09713145 -0.13814271
v -0.01349899 0.09696994 -0.13814271
v -0.01355296 0.09712046 -0.13809650
v -0.01355327 0.09695881 -0.13809621
v -0.01373988 0.09709234 -0.13787641
v -0.01373985 0.09693052 -0.13787641
v -0.01376993 0.09708781 -0.13784110
v -0.01377019 0.09692591 -0.13784070
v -0.01398836 0.09708407 -0.13741271
v -0.01398826 0.09692193 -0.13741271
v -0.01403374 0.09708329 -0.13732371
v -0.01403423 0.09692110 -0.13732241
v -0.01433801 0.09716278 -0.13623740
v -0.01433788 0.09700010 -0.13623801
v -0.01435024 0.09700316 -0.13619431
v -0.01445479 0.09719168 -0.13582461
v -0.01445478 0.09702890 -0.13582461
v -0.01451128 0.09720565 -0.13562490
v -0.01451116 0.09704281 -0.13562520
v -0.01460649 0.09720392 -0.13542821
v -0.01460648 0.09704095 -0.13542821
v -0.01464871 0.09720315 -0.13534101
v -0.01464859 0.09704014 -0.13534121
v -0.01467641 0.09719944 -0.13530161
v -0.01467629 0.09703637 -0.13530181
v -0.01470997 0.09719275 -0.13526580
v -0.01470998 0.09702961 -0.13526580
v -0.01477249 0.09718029 -0.13519910
v -0.01477236 0.09701710 -0.13519921
v -0.01478752 0.09717637 -0.13518810
v -0.01478753 0.09701313 -0.13518810
v -0.01481736 0.09716861 -0.13516631
v -0.01481729 0.09700535 -0.13516631
v -0.01487445 0.09715114 -0.13513851
v -0.01487445 0.09698777 -0.13513851
v -0.01490653 0.09714132 -0.13512290
v -0.01490647 0.09697792 -0.13512301
v -0.01494682 0.09696400 -0.13511141
v -0.01496574 0.09712034 -0.13510941
v -0.01494686 0.09712746 -0.13511141
v -0.01496574 0.09695684 -0.13510941
v -0.01077975 0.09838047 -0.13597561
v -0.01077975 0.09822245 -0.13597561
v -0.01086073 0.09820453 -0.13684571
v -0.01086051 0.09804663 -0.13684470
v -0.01088912 0.09817654 -0.13695861
v -0.01088912 0.09801836 -0.13695861
v -0.01091544 0.09815062 -0.13706330
v -0.01091518 0.09799263 -0.13706240
v -0.01110523 0.09801745 -0.13750741
v -0.01110519 0.09785901 -0.13750741
v -0.01115545 0.09798221 -0.13762481
v -0.01115508 0.09782393 -0.13762421
v -0.01121810 0.09794643 -0.13772341
v -0.01121776 0.09778804 -0.13772291
v -0.01137882 0.09786603 -0.13790731
v -0.01137882 0.09770726 -0.13790731
v -0.01151215 0.09779934 -0.13806000
v -0.01151180 0.09764055 -0.13805970
v -0.01165108 0.09773771 -0.13816970
v -0.01165079 0.09757872 -0.13816950
v -0.01165931 0.09773436 -0.13817411
v -0.01165932 0.09757525 -0.13817411
v -0.01199923 0.09759700 -0.13835401
v -0.01199903 0.09743754 -0.13835390
v -0.01200699 0.09759411 -0.13835641
v -0.01200699 0.09743454 -0.13835641
v -0.01215488 0.09753886 -0.13840331
v -0.01215473 0.09737919 -0.13840331
v -0.01238162 0.09745997 -0.13843291
v -0.01238162 0.09729995 -0.13843291
v -0.01083979 0.09833147 -0.13525741
v -0.01083978 0.09848954 -0.13525741
v -0.01090831 0.09836285 -0.13496630
v -0.01090831 0.09852099 -0.13496630
v -0.01100592 0.09840757 -0.13455170
v -0.01100591 0.09856579 -0.13455170
v -0.01121506 0.09843410 -0.13405161
v -0.01121507 0.09859254 -0.13405161
v -0.01126014 0.09843982 -0.13394381
v -0.01126022 0.09859832 -0.13394361
v -0.01147243 0.09843400 -0.13361611
v -0.01147243 0.09859272 -0.13361611
v -0.01147243 0.09859272 -0.13361611
v -0.01248099 0.09819680 -0.13408150
v -0.01147243 0.09843400 -0.13361611
v -0.01248099 0.09803682 -0.13408150
v -0.01186365 0.09808403 -0.13584171
v -0.01186368 0.09792482 -0.13584121
v -0.01197543 0.09816202 -0.13519981
v -0.01197545 0.09800264 -0.13519981
v -0.01199287 0.09817421 -0.13509971
v -0.01199294 0.09801481 -0.13509951
v -0.01218562 0.09820394 -0.13458341
v -0.01218562 0.09804432 -0.13458341
v -0.01225981 0.09820215 -0.13445731
v -0.01225981 0.09804245 -0.13445731
v -0.01248099 0.09803682 -0.13408150
v -0.01248099 0.09819680 -0.13408150
f 1 2 3
f 3 4 5
f 6 7 8
f 9 10 11
f 12 13 14
f 15 16 17
f 18 19 20
f 21 22 23
f 23 24 21
f 24 25 21
f 21 25 26
f 26 27 21
f 27 28 21
f 21 28 29
f 29 30 31
f 30 32 31
f 31 32 33
f 33 34 31
f 34 35 31
f 31 35 36
f 37 38 39
f 38 40 39
f 39 40 41
f 36 42 31
f 42 40 31
f 31 40 43
f 40 38 43
f 44 45 46
f 47 48 49
f 48 50 49
f 49 50 51
f 52 53 54
f 53 55 54
f 54 55 56
f 57 58 54
f 58 59 54
f 54 59 60
f 60 61 54
f 61 62 54
f 54 62 63
f 63 64 54
f 64 65 54
f 54 65 66
f 66 67 54
f 67 68 54
f 54 68 4
f 68 69 4
f 69 70 4
f 70 71 4
f 4 71 72
f 72 73 4
f 73 74 4
f 4 74 75
f 75 76 4
f 76 77 4
f 4 77 78
f 78 79 4
f 79 80 4
f 4 80 81
f 81 82 4
f 82 83 4
f 4 83 84
f 84 85 86
f 85 47 86
f 86 47 87
f 47 49 87
f 88 89 4
f 84 86 4
f 86 90 4
f 4 90 88
f 91 92 93
f 92 94 93
f 93 94 95
f 95 96 93
f 96 97 93
f 93 97 98
f 98 99 93
f 99 100 93
f 93 100 101
f 102 103 104
f 103 93 104
f 104 93 105
f 93 101 105
f 102 106 103
f 106 107 103
f 103 107 46
f 107 108 46
f 46 108 44
f 50 109 51
f 109 110 51
f 51 110 111
f 112 5 93
f 5 4 93
f 93 4 91
f 4 89 91
f 113 114 115
f 116 117 118
f 116 118 119
f 117 116 115
f 116 120 115
f 115 120 113
f 121 122 123
f 122 124 123
f 123 124 125
f 126 127 128
f 127 129 128
f 128 129 130
f 129 131 130
f 130 131 132
f 131 133 132
f 132 133 114
f 133 134 114
f 114 134 115
f 125 135 123
f 135 136 123
f 123 136 137
f 136 127 137
f 137 127 138
f 127 126 138
f 139 140 141
f 142 143 123
f 143 144 123
f 123 144 121
f 142 145 143
f 145 146 143
f 143 146 147
f 147 146 140
f 146 148 140
f 140 148 141
f 139 141 149
f 141 150 149
f 149 150 151
f 152 153 154
f 153 155 154
f 154 155 156
f 155 157 156
f 156 157 158
f 158 159 156
f 159 160 156
f 156 160 161
f 161 162 156
f 162 163 156
f 156 163 164
f 165 166 5
f 164 167 156
f 167 168 156
f 156 168 169
f 169 170 156
f 170 171 156
f 156 171 172
f 151 173 149
f 173 5 149
f 149 5 174
f 5 166 174
f 175 176 110
f 177 178 179
f 178 180 179
f 179 180 181
f 181 182 179
f 182 183 179
f 179 183 184
f 184 185 179
f 185 186 179
f 179 186 187
f 187 188 179
f 188 189 179
f 179 189 190
f 190 191 179
f 191 192 179
f 179 192 193
f 193 194 179
f 194 195 179
f 179 195 196
f 196 197 179
f 197 198 179
f 179 198 199
f 199 200 179
f 200 201 179
f 179 201 202
f 202 203 179
f 203 204 179
f 179 204 205
f 205 206 179
f 206 207 179
f 179 207 208
f 207 209 208
f 208 209 210
f 209 175 210
f 210 175 211
f 175 110 211
f 176 212 110
f 212 213 110
f 110 213 214
f 214 215 110
f 215 216 110
f 110 216 217
f 31 218 29
f 218 111 29
f 29 111 21
f 111 110 21
f 21 110 219
f 110 217 219
f 220 221 222
f 221 223 222
f 222 223 224
f 223 225 224
f 224 225 154
f 225 226 154
f 154 226 152
f 227 228 229
f 230 231 232
f 232 233 230
f 233 234 230
f 230 234 235
f 236 237 238
f 237 239 238
f 232 240 233
f 240 241 233
f 233 241 229
f 241 242 229
f 229 242 227
f 243 244 245
f 244 246 245
f 245 246 228
f 246 247 228
f 228 247 229
f 248 249 115
f 250 251 252
f 252 251 253
f 253 251 254
f 251 255 254
f 254 255 256
f 255 257 256
f 256 257 258
f 257 259 258
f 258 259 115
f 259 260 115
f 115 260 248
f 250 252 243
f 252 261 243
f 243 261 262
f 262 263 243
f 263 264 243
f 243 264 244
f 249 265 115
f 265 266 115
f 115 266 117
f 239 267 238
f 267 268 238
f 238 268 269
f 269 270 238
f 270 271 238
f 238 271 220
f 271 272 220
f 220 272 221
f 273 230 238
f 230 235 238
f 238 235 236
f 274 275 276
f 277 278 279
f 273 277 280
f 277 279 280
f 280 279 281
f 279 282 281
f 281 282 112
f 282 283 112
f 112 283 5
f 283 156 5
f 5 156 165
f 156 172 165
f 284 285 275
f 284 275 286
f 45 287 46
f 287 288 46
f 46 288 275
f 288 289 275
f 275 289 286
f 285 290 275
f 290 291 275
f 275 291 292
f 292 293 275
f 293 294 275
f 275 294 295
f 296 276 297
f 276 275 297
f 297 275 298
f 275 295 298
f 296 299 276
f 299 300 276
f 276 300 301
f 276 302 303
f 303 304 276
f 304 305 276
f 276 305 306
f 306 307 276
f 307 308 276
f 276 308 309
f 310 311 312
f 311 313 312
f 312 313 314
f 314 315 312
f 315 316 312
f 312 316 317
f 316 318 317
f 317 318 319
f 319 320 317
f 320 321 317
f 317 321 322
f 321 323 322
f 322 323 324
f 324 325 322
f 325 326 322
f 322 326 327
f 301 328 276
f 328 329 276
f 276 329 302
f 329 322 302
f 302 322 330
f 322 327 330
f 309 331 276
f 331 332 276
f 276 332 54
f 332 333 54
f 54 333 52
f 333 334 52
f 334 335 52
f 335 336 52
f 52 336 337
f 337 338 52
f 338 339 52
f 52 339 340
f 340 341 52
f 341 342 52
f 52 342 343
f 343 344 52
f 344 345 52
f 52 345 346
f 346 347 52
f 347 348 52
f 52 348 349
f 349 350 52
f 350 351 52
f 52 351 352
f 353 352 354
f 354 355 353
f 355 356 353
f 353 356 357
f 357 358 353
f 358 359 353
f 353 359 352
f 359 360 352
f 360 361 352
f 361 362 352
f 352 362 363
f 363 364 352
f 364 365 352
f 352 365 366
f 366 367 352
f 367 368 352
f 352 368 52
f 310 312 21
f 312 369 21
f 21 369 22
f 370 371 372
f 371 312 372
f 370 373 371
f 373 374 371
f 371 374 375
f 374 376 375
f 375 376 377
f 371 378 312
f 378 379 312
f 312 379 380
f 380 381 312
f 381 382 312
f 312 382 383
f 383 384 312
f 384 385 312
f 312 385 386
f 386 387 312
f 387 388 312
f 312 388 369
f 389 390 391
f 390 392 391
f 393 394 395
f 395 396 393
f 396 397 393
f 393 397 398
f 398 399 393
f 399 400 393
f 393 400 401
f 401 402 393
f 402 403 393
f 393 403 404
f 405 406 407
f 404 408 393
f 408 409 393
f 393 409 407
f 409 410 407
f 407 410 405
f 406 411 407
f 411 412 407
f 407 412 413
f 412 414 413
f 413 414 415
f 416 394 417
f 418 419 420
f 415 421 413
f 421 422 413
f 413 422 423
f 422 424 423
f 423 424 425
f 425 426 423
f 426 427 423
f 423 427 428
f 420 429 418
f 429 423 418
f 418 423 430
f 423 428 430
f 430 428 431
f 432 433 434
f 433 435 434
f 436 391 437
f 391 392 437
f 437 392 438
f 392 439 438
f 438 439 440
f 439 441 440
f 430 434 418
f 434 435 418
f 418 435 442
f 435 440 442
f 442 440 443
f 440 441 443
f 443 441 444
f 445 446 447
f 448 449 450
f 449 445 450
f 450 445 451
f 445 447 451
f 452 453 454
f 453 455 454
f 454 455 456
f 455 457 456
f 456 457 458
f 459 458 460
f 458 457 460
f 460 457 461
f 457 462 461
f 463 419 464
f 419 418 464
f 464 418 460
f 418 450 460
f 460 450 459
f 450 451 459
f 465 466 467
f 394 393 417
f 393 468 417
f 417 468 469
f 470 417 471
f 417 469 471
f 471 469 462
f 469 472 462
f 462 472 461
f 473 474 475
f 474 476 475
f 475 476 477
f 478 479 480
f 479 481 480
f 480 481 459
f 481 482 459
f 459 482 458
f 478 465 479
f 465 467 479
f 479 467 473
f 467 417 473
f 473 417 474
f 417 470 474
f 466 483 467
f 483 484 467
f 467 484 485
f 173 486 5
f 486 487 5
f 5 487 488
f 488 489 5
f 489 490 5
f 5 490 491
f 491 492 5
f 492 493 5
f 5 493 494
f 495 496 497
f 496 498 497
f 497 498 494
f 498 499 494
f 494 499 500
f 500 501 494
f 501 502 494
f 494 502 503
f 503 504 494
f 504 505 494
f 494 505 506
f 506 507 494
f 507 508 494
f 494 508 509
f 509 510 494
f 510 511 494
f 494 511 512
f 513 514 515
f 513 515 516
f 514 517 515
f 517 518 515
f 515 518 519
f 519 520 515
f 520 521 515
f 515 521 522
f 522 523 515
f 523 524 515
f 515 524 525
f 526 527 528
f 527 529 528
f 528 529 530
f 531 532 533
f 533 532 534
f 532 535 534
f 534 535 526
f 535 536 526
f 526 536 527
f 537 525 533
f 525 538 533
f 533 538 531
f 537 539 525
f 539 540 525
f 525 540 515
f 540 541 515
f 515 541 542
f 512 516 494
f 516 515 494
f 494 515 5
f 515 543 5
f 544 545 543
f 545 546 543
f 543 546 5
f 546 547 5
f 548 549 550
f 549 551 550
f 550 551 552
f 553 554 555
f 554 556 555
f 556 557 555
f 555 557 558
f 558 559 555
f 559 560 555
f 555 560 561
f 562 563 564
f 563 555 564
f 564 555 565
f 555 561 565
f 562 566 563
f 566 567 563
f 563 567 497
f 567 568 497
f 497 568 495
f 569 570 230
f 571 230 572
f 230 573 572
f 572 573 574
f 573 575 574
f 574 575 576
f 577 578 571
f 578 579 571
f 571 579 230
f 579 580 230
f 230 580 569
f 570 581 230
f 581 582 230
f 230 582 583
f 583 584 230
f 584 585 230
f 230 585 586
f 587 588 530
f 588 589 530
f 530 589 528
f 590 591 592
f 591 593 592
f 592 593 594
f 593 595 594
f 594 595 587
f 595 596 587
f 587 596 588
f 590 592 597
f 592 598 597
f 597 598 599
f 598 600 599
f 599 600 601
f 601 602 599
f 602 603 599
f 599 603 604
f 604 605 599
f 605 606 599
f 599 606 607
f 607 608 599
f 608 230 599
f 599 230 609
f 230 586 609
f 555 610 230
f 608 611 230
f 611 612 230
f 230 612 555
f 612 613 555
f 555 613 553
f 610 614 230
f 614 615 230
f 230 615 616
f 616 617 230
f 617 618 230
f 230 618 231
f 118 619 119
f 619 620 119
f 119 620 621
f 620 622 621
f 623 18 624
f 18 20 624
f 624 20 625
f 626 627 20
f 627 628 20
f 20 628 625
f 629 630 631
f 630 632 631
f 632 633 631
f 631 633 634
f 635 636 637
f 638 639 640
f 639 641 640
f 640 641 17
f 641 642 17
f 17 642 15
f 643 644 645
f 644 646 645
f 645 646 647
f 648 649 645
f 649 650 645
f 645 650 643
f 651 652 653
f 652 654 653
f 654 655 653
f 655 656 653
f 653 656 657
f 658 659 660
f 661 662 663
f 662 658 663
f 663 658 664
f 658 660 664
f 13 665 14
f 665 666 14
f 14 666 658
f 666 667 658
f 658 667 659
f 12 14 668
f 14 669 668
f 668 669 670
f 671 672 673
f 672 674 673
f 673 674 669
f 674 675 669
f 669 675 670
f 11 676 673
f 676 677 673
f 673 677 671
f 10 678 11
f 678 679 11
f 11 679 676
f 680 681 682
f 681 683 682
f 682 683 684
f 683 685 684
f 684 685 686
f 687 688 689
f 690 691 692
f 691 687 692
f 692 687 693
f 687 689 693
f 417 694 695
f 437 416 436
f 416 417 436
f 436 417 696
f 417 695 696
f 696 695 697
f 698 699 467
f 485 573 467
f 573 230 467
f 467 230 698
f 230 700 698
f 280 274 273
f 274 276 273
f 273 276 230
f 276 701 230
f 230 701 700
f 699 702 467
f 702 703 467
f 467 703 417
f 703 704 417
f 417 704 694
f 705 706 276
f 706 707 276
f 276 707 701
f 708 709 710
f 709 705 710
f 711 712 713
f 712 714 713
f 713 714 708
f 715 716 717
f 716 718 717
f 717 718 719
f 720 721 722
f 721 723 722
f 723 724 722
f 724 725 722
f 722 725 726
f 727 728 729
f 728 730 729
f 731 729 732
f 729 733 732
f 731 734 729
f 734 735 729
f 729 735 727
f 736 737 738
f 737 739 738
f 739 740 738
f 740 741 738
f 738 741 729
f 741 742 729
f 729 742 733
f 571 743 577
f 743 744 577
f 577 744 547
f 744 745 547
f 547 745 5
f 745 549 5
f 5 549 448
f 549 548 448
f 448 548 6
f 548 576 6
f 6 576 7
f 576 575 7
f 7 575 8
f 575 746 8
f 747 748 749
f 748 750 749
f 749 750 696
f 750 751 696
f 696 751 436
f 720 722 730
f 722 752 730
f 730 752 729
f 752 753 729
f 729 753 738
f 754 755 756
f 755 757 756
f 757 753 756
f 753 752 756
f 756 752 758
f 752 722 758
f 758 722 717
f 722 726 717
f 717 726 715
f 759 760 761
f 760 736 761
f 761 736 762
f 736 738 762
f 762 738 763
f 738 753 763
f 763 753 764
f 753 757 764
f 765 766 767
f 766 768 767
f 708 710 713
f 710 769 713
f 713 769 770
f 769 771 770
f 770 771 772
f 771 767 772
f 772 767 773
f 767 768 773
f 773 768 774
f 711 713 719
f 713 770 719
f 719 770 717
f 770 772 717
f 717 772 758
f 772 773 758
f 758 773 756
f 773 774 756
f 756 774 754
f 775 776 777
f 448 450 5
f 450 775 5
f 5 775 3
f 775 777 3
f 3 777 1
f 705 276 710
f 276 54 710
f 710 54 769
f 54 4 769
f 769 4 771
f 4 3 771
f 771 3 767
f 3 2 767
f 767 2 765
f 16 635 17
f 635 637 17
f 17 637 640
f 637 778 640
f 640 778 779
f 778 780 779
f 779 780 781
f 780 782 781
f 781 782 783
f 782 784 783
f 783 784 785
f 784 786 785
f 785 786 787
f 786 788 787
f 787 788 789
f 788 790 789
f 789 790 749
f 790 791 749
f 749 791 747
f 791 792 747
f 636 629 637
f 629 631 637
f 637 631 778
f 631 793 778
f 778 793 780
f 793 794 780
f 780 794 782
f 794 795 782
f 782 795 784
f 795 796 784
f 784 796 786
f 796 797 786
f 786 797 788
f 797 798 788
f 788 798 790
f 798 799 790
f 790 799 791
f 799 800 791
f 791 800 792
f 800 442 792
f 792 442 801
f 442 443 801
f 802 803 804
f 802 804 805
f 806 807 808
f 808 809 806
f 809 810 806
f 806 810 802
f 810 811 802
f 802 811 803
f 812 813 814
f 812 814 815
f 813 812 816
f 812 817 816
f 816 817 818
f 819 820 821
f 820 822 821
f 821 822 823
f 19 824 20
f 824 825 20
f 20 825 826
f 825 827 826
f 827 828 826
f 826 828 819
f 828 829 819
f 819 829 820
f 823 830 821
f 830 831 821
f 821 831 832
f 831 833 832
f 832 833 817
f 833 834 817
f 817 834 818
f 814 835 815
f 835 836 815
f 815 836 807
f 836 837 807
f 807 837 808
f 661 651 662
f 651 653 662
f 662 653 658
f 653 838 658
f 658 838 14
f 838 839 14
f 14 839 669
f 839 840 669
f 669 840 673
f 840 841 673
f 673 841 11
f 841 684 11
f 11 684 9
f 684 686 9
f 690 680 691
f 680 682 691
f 691 682 842
f 682 684 842
f 842 684 843
f 684 841 843
f 843 841 844
f 841 840 844
f 844 840 845
f 840 839 845
f 845 839 846
f 839 838 846
f 846 838 648
f 838 653 648
f 648 653 649
f 653 657 649
f 647 638 645
f 638 640 645
f 645 640 648
f 640 779 648
f 648 779 846
f 779 781 846
f 846 781 845
f 781 783 845
f 845 783 844
f 783 785 844
f 844 785 843
f 785 787 843
f 843 787 842
f 787 789 842
f 842 789 691
f 789 749 691
f 691 749 687
f 749 696 687
f 687 696 688
f 696 697 688
f 804 847 805
f 847 848 805
f 805 848 849
f 634 626 631
f 626 20 631
f 631 20 793
f 20 826 793
f 793 826 794
f 826 819 794
f 794 819 795
f 819 821 795
f 795 821 796
f 821 832 796
f 796 832 797
f 832 817 797
f 797 817 798
f 817 812 798
f 798 812 799
f 812 815 799
f 799 815 800
f 815 807 800
f 800 807 442
f 807 806 442
f 442 806 418
f 806 802 418
f 418 802 450
f 802 805 450
f 450 805 775
f 805 849 775
f 775 849 776
f 850 851 852
f 853 854 855
f 856 857 858
f 857 859 858
f 860 861 862
f 861 858 862
f 862 858 863
f 858 859 863
f 854 864 855
f 864 865 855
f 855 865 858
f 865 866 858
f 858 866 856
f 851 867 852
f 867 868 852
f 852 868 869
f 869 870 852
f 870 871 852
f 852 871 855
f 871 872 855
f 855 872 853
f 873 874 875
f 873 875 852
f 875 876 852
f 852 876 850
f 877 878 879
f 878 880 879
f 879 880 873
f 880 881 873
f 873 881 882
f 882 883 873
f 883 884 873
f 873 884 874
f 885 886 887
f 885 887 888
f 886 889 887
f 889 890 887
f 887 890 891
f 892 879 893
f 879 887 893
f 893 887 894
f 887 891 894
f 892 895 879
f 895 896 879
f 879 896 897
f 897 898 879
f 898 899 879
f 879 899 900
f 901 902 903
f 902 904 903
f 904 905 903
f 905 906 903
f 903 906 900
f 900 906 879
f 906 907 879
f 879 907 908
f 908 909 879
f 909 910 879
f 879 910 877
f 903 911 901
f 911 912 901
f 901 912 913
f 914 915 901
f 915 916 901
f 901 916 917
f 913 918 901
f 918 919 901
f 901 919 920
f 920 921 901
f 921 922 901
f 901 922 914
f 917 923 901
f 923 924 901
f 901 924 887
f 924 925 887
f 887 925 888
f 926 927 928
f 927 929 928
f 928 929 930
f 930 931 928
f 931 932 928
f 928 932 887
f 932 933 887
f 887 933 901
f 926 928 934
f 928 935 934
f 934 935 936
f 937 938 939
f 938 940 939
f 939 940 941
f 942 943 944
f 945 946 947
f 946 948 947
f 947 948 949
f 948 950 949
f 949 950 951
f 945 952 946
f 952 953 946
f 946 953 954
f 954 955 946
f 955 956 946
f 946 956 957
f 957 958 946
f 958 959 946
f 946 959 960
f 959 961 960
f 961 962 960
f 962 963 960
f 960 963 964
f 964 965 960
f 965 966 960
f 960 966 967
f 967 968 960
f 968 969 960
f 960 969 970
f 971 972 973
f 974 975 976
f 975 977 976
f 976 977 978
f 979 980 981
f 980 976 981
f 981 976 982
f 976 978 982
f 983 984 971
f 979 985 980
f 985 986 980
f 980 986 973
f 986 987 973
f 973 987 971
f 987 988 971
f 971 988 983
f 989 990 991
f 990 992 991
f 991 992 993
f 974 976 993
f 976 994 993
f 993 994 991
f 991 995 989
f 995 996 989
f 989 996 997
f 970 998 999
f 998 989 999
f 999 989 1000
f 989 997 1000
f 970 999 960
f 999 1001 960
f 960 1001 1002
f 1002 1003 960
f 1003 1004 960
f 960 1004 1005
f 1005 1006 960
f 1006 1007 960
f 960 1007 1008
f 1009 1010 1011
f 1010 1012 1011
f 1011 1012 1013
f 1013 1014 1011
f 1014 1015 1011
f 1011 1015 1016
f 1016 1017 1011
f 1017 1018 1011
f 1011 1018 1019
f 1020 1021 1011
f 1020 1011 1022
f 1023 1024 1022
f 1023 1022 1025
f 1019 1026 1011
f 1026 1027 1011
f 1011 1027 1022
f 1027 1028 1022
f 1022 1028 1025
f 1029 942 1030
f 942 944 1030
f 1030 944 1031
f 944 1032 1031
f 1033 1034 944
f 1034 1035 944
f 944 1035 1032
f 1036 1037 1038
f 1037 1039 1038
f 1038 1039 1033
f 1039 1040 1033
f 1033 1040 1034
f 1036 1038 1041
f 1038 1042 1041
f 1041 1042 1043
f 1044 1045 1046
f 1045 1047 1046
f 1046 1047 1042
f 1047 1048 1042
f 1042 1048 1043
f 1044 1046 1049
f 1046 1050 1049
f 1049 1050 1051
f 1052 1053 1054
f 1053 1055 1054
f 1054 1055 1050
f 1055 1056 1050
f 1050 1056 1051
f 1052 1054 1057
f 1054 1058 1057
f 1057 1058 1059
f 1060 1061 1062
f 1061 1063 1062
f 1062 1063 1058
f 1063 1064 1058
f 1058 1064 1059
f 1060 1062 1065
f 1062 1066 1065
f 1065 1066 1067
f 1068 1069 1070
f 1069 1071 1070
f 1070 1071 1066
f 1071 1072 1066
f 1066 1072 1067
f 1068 1070 1073
f 1070 1074 1073
f 1073 1074 1075
f 1076 1077 1078
f 1077 1079 1078
f 1078 1079 1074
f 1079 1080 1074
f 1074 1080 1075
f 1076 1078 1081
f 1078 1082 1081
f 1081 1082 1083
f 1084 1085 1086
f 1085 1087 1086
f 1086 1087 1082
f 1087 1088 1082
f 1082 1088 1083
f 1086 1089 1090
f 1086 1090 1084
f 1090 1091 1084
f 1084 1091 1092
f 1091 1093 1092
f 1092 1093 1094
f 1095 1086 1096
f 1086 1082 1096
f 1096 1082 1097
f 1082 1078 1097
f 1097 1078 1098
f 1078 1074 1098
f 1098 1074 1099
f 1074 1070 1099
f 1099 1070 1100
f 1070 1066 1100
f 1100 1066 1101
f 1066 1062 1101
f 1101 1062 1102
f 1062 1058 1102
f 1102 1058 1103
f 1058 1054 1103
f 1103 1054 1104
f 1054 1050 1104
f 1104 1050 1105
f 1050 1046 1105
f 1105 1046 1106
f 1046 1042 1106
f 1106 1042 1107
f 1042 1038 1107
f 1107 1038 1108
f 1038 1033 1108
f 1108 1033 1109
f 1033 944 1109
f 1109 944 1110
f 944 943 1110
f 1095 1111 1112
f 1095 1112 1086
f 1112 1113 1086
f 1086 1113 1089
f 1114 1115 1116
f 1117 1118 1119
f 1118 1120 1119
f 1114 1121 1115
f 1121 1122 1115
f 1115 1122 1120
f 1122 1123 1120
f 1120 1123 1119
f 1117 1124 1118
f 1124 1125 1118
f 1118 1125 1126
f 1125 1127 1126
f 1127 1128 1126
f 1126 1128 1129
f 1008 1009 960
f 1009 1011 960
f 960 1011 1130
f 1011 1131 1130
f 1128 1132 1129
f 1132 1133 1129
f 1129 1133 1131
f 1133 1134 1131
f 1131 1134 1130
f 1135 1136 1137
f 1136 1138 1137
f 1137 1138 1139
f 1140 1141 1142
f 1136 1143 1138
f 1143 1144 1138
f 1138 1144 1142
f 1144 1145 1142
f 1142 1145 1140
f 1146 1147 1148
f 1149 1150 1151
f 1150 1152 1151
f 1151 1152 1153
f 1152 1147 1153
f 1153 1147 1154
f 1147 1146 1154
f 1140 1155 1141
f 1155 1156 1141
f 1141 1156 1148
f 1156 1157 1148
f 1148 1157 1146
f 1149 1158 1150
f 1158 1159 1150
f 1150 1159 1116
f 1159 1160 1116
f 1116 1160 1114
f 1161 1162 1095
f 1162 1163 1095
f 1095 1163 1111
f 1021 1161 1011
f 1161 1095 1011
f 1011 1095 1131
f 1095 1096 1131
f 1131 1096 1129
f 1096 1097 1129
f 1129 1097 1126
f 1097 1098 1126
f 1126 1098 1118
f 1098 1099 1118
f 1118 1099 1120
f 1099 1100 1120
f 1120 1100 1115
f 1100 1101 1115
f 1115 1101 1116
f 1101 1102 1116
f 1116 1102 1150
f 1102 1103 1150
f 1150 1103 1152
f 1103 1104 1152
f 1152 1104 1147
f 1104 1105 1147
f 1147 1105 1148
f 1105 1106 1148
f 1148 1106 1141
f 1106 1107 1141
f 1141 1107 1142
f 1107 1108 1142
f 1142 1108 1138
f 1108 1109 1138
f 1138 1109 1139
f 1109 1110 1139
f 1164 1165 1166
f 1167 1168 1169
f 1170 1171 1172
f 1173 1174 1175
f 1176 1177 1178
f 1179 1180 1170
f 1181 1182 1183
f 1184 1185 1186
f 1187 1188 1189
f 1190 1191 1192
f 1193 1194 1195
f 1196 1197 1198
f 1199 1200 1201
f 1202 1203 1204
f 1205 1206 1207
f 1208 1209 1210
f 1211 1212 1213
f 1214 1215 1216
f 1215 1217 1216
f 1218 1219 1220
f 1221 1222 1223
f 1222 1224 1223
f 1224 1225 1223
f 1225 1226 1223
f 1223 1226 1227
f 1226 937 1227
f 1227 937 1228
f 937 939 1228
f 1228 939 941
f 1229 1230 1231
f 1230 1232 1231
f 1229 1233 1230
f 1233 1234 1230
f 1230 1234 1223
f 1234 1235 1223
f 1223 1235 1221
f 1236 1219 1237
f 1219 1024 1237
f 1236 1238 1219
f 1238 1239 1219
f 1219 1239 1220
f 1239 1240 1220
f 1240 1241 1220
f 1241 1242 1220
f 1220 1242 1243
f 1243 1244 1220
f 1244 1245 1220
f 1220 1245 1246
f 1246 1247 1220
f 1247 1248 1220
f 1220 1248 1249
f 1249 1250 1220
f 1250 1251 1220
f 1220 1251 1252
f 1230 1253 1232
f 1253 1254 1232
f 1232 1254 1255
f 1252 1256 1220
f 1256 1257 1220
f 1220 1257 1255
f 1255 1254 1220
f 1254 1258 1220
f 1220 1258 1259
f 1259 1260 1220
f 1260 1261 1220
f 1220 1261 1262
f 1262 1263 1220
f 1263 1264 1220
f 1220 1264 1265
f 1265 1266 1220
f 1266 1267 1220
f 1220 1267 1268
f 1269 1270 1271
f 1270 1272 1271
f 1271 1272 1273
f 1273 1274 1271
f 1274 1275 1271
f 1271 1275 1276
f 1276 1277 1271
f 1277 1278 1271
f 1271 1278 1279
f 1279 1280 1271
f 1280 1281 1271
f 1271 1281 948
f 1281 1282 948
f 1282 1283 948
f 948 1283 950
f 1283 951 950
f 1218 1284 1021
f 1284 1285 1021
f 1285 1284 1162
f 1284 1286 1162
f 1162 1286 1163
f 1286 1287 1163
f 1163 1287 1111
f 1288 1113 1112
f 1289 1290 1291
f 1290 1089 1291
f 1094 1093 1289
f 1093 1091 1289
f 1289 1091 1290
f 1292 1216 1293
f 1216 1217 1293
f 1293 1217 1289
f 1217 1294 1289
f 1289 1294 1094
f 1295 1296 1297
f 1296 1298 1297
f 1297 1298 1213
f 1298 1299 1213
f 1213 1299 1211
f 1209 1300 1210
f 1300 1301 1210
f 1210 1301 1295
f 1302 1303 1304
f 1303 1305 1304
f 1304 1305 1207
f 1305 1306 1207
f 1207 1306 1205
f 1204 1307 1308
f 1307 1309 1308
f 1308 1309 1304
f 1309 1310 1304
f 1304 1310 1302
f 1203 1311 1204
f 1311 1312 1204
f 1204 1312 1307
f 1313 1314 1315
f 1314 1316 1315
f 1315 1316 1317
f 1318 1319 1313
f 1319 1320 1313
f 1320 1321 1313
f 1313 1321 1314
f 1199 1201 1322
f 1323 1324 1322
f 1325 1195 1326
f 1195 1198 1326
f 1327 1328 1323
f 1328 1329 1323
f 1323 1329 1324
f 1196 1198 1330
f 1198 1195 1330
f 1195 1194 1330
f 1330 1194 1331
f 1325 1327 1195
f 1327 1323 1195
f 1195 1323 1193
f 1323 1332 1193
f 1193 1332 1333
f 1166 1334 1192
f 1334 1335 1192
f 1192 1335 1190
f 1336 1337 1165
f 1337 1338 1165
f 1165 1338 1166
f 1338 1339 1166
f 1166 1339 1334
f 1340 1341 1164
f 1341 1342 1164
f 1164 1342 1165
f 1342 1343 1165
f 1165 1343 1336
f 1344 1345 1346
f 1345 1189 1346
f 1346 1189 1347
f 1189 1188 1347
f 1348 1349 1350
f 1349 1351 1350
f 1352 1353 1354
f 1353 1355 1354
f 1354 1355 1356
f 1355 1357 1356
f 1356 1357 1358
f 1359 1360 1354
f 1360 1361 1354
f 1354 1361 1352
f 1362 1363 1359
f 1363 1364 1359
f 1364 1365 1359
f 1365 1366 1359
f 1359 1366 1360
f 1367 1368 1369
f 1368 1370 1369
f 1185 1371 1372
f 1371 1373 1372
f 1372 1373 1367
f 1374 1375 1376
f 1376 1377 1374
f 1377 1378 1374
f 1374 1378 1379
f 1380 1381 1382
f 1383 1384 1385
f 1384 1386 1385
f 1387 1383 1388
f 1383 1389 1388
f 1390 1387 1391
f 1387 1388 1391
f 1391 1388 1392
f 1388 1393 1392
f 1393 1388 1394
f 1388 1389 1394
f 1394 1389 1395
f 1395 1389 1396
f 1389 1397 1396
f 1396 1397 1398
f 1399 1400 1397
f 1400 1401 1397
f 1397 1401 1398
f 1402 1403 1399
f 1403 1404 1399
f 1399 1404 1400
f 1405 1406 1407
f 1406 1408 1407
f 1408 1406 1409
f 1406 1410 1409
f 1409 1410 1411
f 1412 1413 1410
f 1413 1414 1410
f 1410 1414 1411
f 1415 1416 1412
f 1416 1417 1412
f 1412 1417 1413
f 1180 1418 1170
f 1418 1419 1170
f 1170 1419 1171
f 1419 1420 1171
f 1171 1420 1421
f 1422 1423 1424
f 1423 1425 1424
f 1174 1426 1175
f 1426 1427 1175
f 1175 1427 1177
f 1427 1428 1177
f 1177 1428 1178
f 1429 1220 1271
f 1220 1268 1271
f 1271 1268 1269
f 1425 1179 1424
f 1179 1170 1424
f 1424 1170 1430
f 1170 1172 1430
f 1430 1172 1431
f 1429 1173 1220
f 1173 1175 1220
f 1220 1175 1432
f 1175 1177 1432
f 1432 1177 1433
f 1177 1176 1433
f 1218 1434 1284
f 1434 1435 1284
f 1284 1435 1286
f 1435 1436 1286
f 1437 1438 1439
f 1440 1441 1442
f 1443 1438 1444
f 1438 1437 1444
f 1444 1437 1445
f 1437 1446 1445
f 1445 1446 1442
f 1434 1439 1435
f 1439 1438 1435
f 1435 1438 1436
f 1438 1443 1436
f 1436 1443 1447
f 1443 1448 1447
f 1447 1448 1449
f 1442 1441 1445
f 1441 1450 1445
f 1445 1450 1444
f 1450 1451 1444
f 1444 1451 1443
f 1451 1452 1443
f 1443 1452 1448
f 1292 1293 1453
f 1293 1289 1453
f 1453 1289 1454
f 1289 1291 1454
f 1454 1291 1288
f 1291 1089 1288
f 1288 1089 1113
f 1214 1216 1449
f 1216 1292 1449
f 1449 1292 1447
f 1292 1453 1447
f 1447 1453 1436
f 1453 1454 1436
f 1436 1454 1286
f 1454 1288 1286
f 1286 1288 1287
f 1288 1112 1287
f 1287 1112 1111
f 1295 1297 1210
f 1297 1455 1210
f 1210 1455 1208
f 1456 1168 1457
f 1168 1167 1457
f 1457 1167 1315
f 1317 1202 1315
f 1202 1204 1315
f 1315 1204 1457
f 1204 1308 1457
f 1457 1308 1456
f 1458 1459 1201
f 1322 1201 1323
f 1201 1459 1323
f 1323 1459 1332
f 1459 1460 1332
f 1332 1460 1333
f 1344 1340 1345
f 1340 1164 1345
f 1345 1164 1189
f 1164 1461 1189
f 1200 1318 1201
f 1318 1313 1201
f 1201 1313 1458
f 1313 1315 1458
f 1458 1315 1462
f 1315 1167 1462
f 1462 1167 1463
f 1167 1169 1463
f 1463 1169 1461
f 1461 1164 1463
f 1164 1166 1463
f 1463 1166 1462
f 1166 1192 1462
f 1462 1192 1458
f 1192 1191 1458
f 1458 1191 1459
f 1191 1464 1459
f 1459 1464 1460
f 1465 1466 1467
f 1466 1379 1467
f 1467 1379 1468
f 1379 1378 1468
f 1468 1378 1469
f 1185 1372 1186
f 1372 1470 1186
f 1186 1470 1471
f 1367 1369 1372
f 1369 1472 1372
f 1372 1472 1470
f 1472 1473 1470
f 1470 1473 1471
f 1474 1363 1475
f 1363 1362 1475
f 1475 1362 1370
f 1362 1359 1370
f 1370 1359 1369
f 1359 1354 1369
f 1369 1354 1472
f 1354 1356 1472
f 1472 1356 1473
f 1182 1476 1183
f 1476 1415 1183
f 1183 1415 1477
f 1415 1412 1477
f 1477 1412 1478
f 1412 1410 1478
f 1478 1410 1479
f 1410 1406 1479
f 1479 1406 1402
f 1406 1405 1402
f 1402 1405 1403
f 1383 1385 1389
f 1385 1480 1389
f 1389 1480 1397
f 1480 1481 1397
f 1397 1481 1399
f 1481 1482 1399
f 1399 1482 1402
f 1482 1483 1402
f 1402 1483 1479
f 1483 1484 1479
f 1479 1484 1478
f 1484 1485 1478
f 1478 1485 1477
f 1356 1486 1473
f 1486 1487 1473
f 1473 1487 1488
f 1487 1489 1488
f 1488 1489 1490
f 1489 1491 1490
f 1358 1492 1356
f 1492 1348 1356
f 1356 1348 1486
f 1348 1350 1486
f 1486 1350 1487
f 1350 1493 1487
f 1487 1493 1489
f 1493 1494 1489
f 1489 1494 1491
f 1176 1422 1433
f 1422 1424 1433
f 1433 1424 1495
f 1424 1430 1495
f 1495 1430 1496
f 1430 1431 1496
f 1496 1431 1497
f 1431 1498 1497
f 1497 1498 1499
f 1498 1500 1499
f 1499 1500 1501
f 1500 1502 1501
f 1501 1502 1503
f 1502 1504 1503
f 1503 1504 1465
f 1504 1505 1465
f 1465 1505 1466
f 1505 1506 1466
f 1466 1506 1379
f 1506 1380 1379
f 1379 1380 1374
f 1380 1382 1374
f 1374 1382 1375
f 1218 1220 1434
f 1220 1432 1434
f 1434 1432 1439
f 1432 1433 1439
f 1439 1433 1437
f 1433 1495 1437
f 1437 1495 1446
f 1495 1496 1446
f 1446 1496 1442
f 1496 1497 1442
f 1442 1497 1440
f 1497 1499 1440
f 1440 1499 1507
f 1499 1501 1507
f 1507 1501 1490
f 1501 1503 1490
f 1490 1503 1488
f 1503 1465 1488
f 1488 1465 1473
f 1465 1467 1473
f 1473 1467 1471
f 1467 1468 1471
f 1471 1468 1186
f 1468 1469 1186
f 1186 1469 1184
f 1494 1508 1491
f 1508 1509 1491
f 1491 1509 1490
f 1509 1510 1490
f 1490 1510 1507
f 1510 1511 1507
f 1507 1511 1440
f 1511 1512 1440
f 1440 1512 1441
f 1512 1513 1441
f 1441 1513 1450
f 1513 1514 1450
f 1450 1514 1451
f 1514 1455 1451
f 1451 1455 1452
f 1455 1297 1452
f 1452 1297 1448
f 1297 1213 1448
f 1448 1213 1449
f 1213 1212 1449
f 1449 1212 1214
f 1421 1181 1171
f 1181 1183 1171
f 1171 1183 1172
f 1183 1477 1172
f 1172 1477 1431
f 1477 1485 1431
f 1431 1485 1498
f 1485 1484 1498
f 1498 1484 1500
f 1484 1483 1500
f 1500 1483 1502
f 1483 1482 1502
f 1502 1482 1504
f 1482 1481 1504
f 1504 1481 1505
f 1481 1480 1505
f 1505 1480 1506
f 1480 1385 1506
f 1506 1385 1380
f 1385 1386 1380
f 1380 1386 1381
f 1351 1515 1350
f 1515 1516 1350
f 1350 1516 1493
f 1516 1187 1493
f 1493 1187 1494
f 1187 1189 1494
f 1494 1189 1508
f 1189 1461 1508
f 1508 1461 1509
f 1461 1169 1509
f 1509 1169 1510
f 1169 1168 1510
f 1510 1168 1511
f 1168 1456 1511
f 1511 1456 1512
f 1456 1308 1512
f 1512 1308 1513
f 1308 1304 1513
f 1513 1304 1514
f 1304 1207 1514
f 1514 1207 1455
f 1207 1206 1455
f 1455 1206 1208
f 1155 1140 1517
f 1178 1428 1518
f 1414 1413 1519
f 1405 1407 1520
f 1180 1179 1521
f 1522 1523 1524
f 1523 1525 1524
f 1524 1525 1526
f 1522 1524 1527
f 1524 1173 1527
f 1527 1173 1528
f 1529 1530 1531
f 1530 1524 1531
f 1531 1524 1532
f 1524 1526 1532
f 1529 1533 1530
f 1533 1534 1530
f 1530 1534 1535
f 1535 1536 1530
f 1536 1537 1530
f 1530 1537 1130
f 1537 1538 1130
f 1538 1539 1130
f 1539 1540 1130
f 1130 1540 960
f 1540 1541 960
f 960 1541 946
f 1541 1542 946
f 946 1542 1543
f 1543 1544 946
f 1544 1545 946
f 946 1545 948
f 1545 1546 948
f 948 1546 1271
f 1546 1547 1271
f 1271 1547 1548
f 1548 1549 1271
f 1549 1550 1271
f 1271 1550 1429
f 1550 1551 1429
f 1551 1552 1429
f 1429 1552 1173
f 1552 1553 1173
f 1173 1553 1528
f 1421 1420 1554
f 1420 1419 1554
f 1554 1419 1521
f 1419 1418 1521
f 1521 1418 1180
f 1555 1556 1557
f 1136 1135 1558
f 1135 1559 1558
f 1557 1391 1555
f 1391 1392 1555
f 1555 1392 1393
f 1393 1394 1555
f 1394 1395 1555
f 1555 1395 1560
f 1395 1396 1560
f 1560 1396 1398
f 1405 1520 1403
f 1398 1401 1560
f 1401 1400 1560
f 1560 1400 1520
f 1400 1404 1520
f 1520 1404 1403
f 1407 1408 1520
f 1408 1409 1520
f 1520 1409 1519
f 1409 1411 1519
f 1519 1411 1414
f 1476 1182 1554
f 1182 1181 1554
f 1554 1181 1421
f 1413 1417 1519
f 1417 1416 1519
f 1519 1416 1554
f 1416 1415 1554
f 1554 1415 1476
f 1178 1518 1176
f 1179 1425 1521
f 1425 1423 1521
f 1521 1423 1518
f 1423 1422 1518
f 1518 1422 1176
f 1428 1561 1562
f 1428 1562 1518
f 1562 1563 1518
f 1518 1563 1564
f 1564 1565 1518
f 1565 1566 1518
f 1518 1566 1567
f 1567 1568 1518
f 1568 1569 1518
f 1518 1569 1570
f 1570 1571 1518
f 1571 1572 1518
f 1518 1572 1573
f 1573 1574 1518
f 1574 1575 1518
f 1518 1575 1576
f 1577 1578 1524
f 1577 1524 1579
f 1576 1580 1518
f 1580 1581 1518
f 1518 1581 1582
f 1582 1583 1518
f 1583 1584 1518
f 1518 1584 1524
f 1584 1585 1524
f 1524 1585 1579
f 1586 1587 1524
f 1588 1589 1524
f 1589 1590 1524
f 1524 1590 1586
f 1578 1591 1524
f 1591 1592 1524
f 1524 1592 1593
f 1588 1524 1594
f 1524 1593 1594
f 1594 1593 1595
f 1596 1173 1597
f 1173 1524 1597
f 1597 1524 1598
f 1524 1587 1598
f 1596 1599 1173
f 1599 1600 1173
f 1173 1600 1601
f 1601 1602 1173
f 1602 1603 1173
f 1173 1603 1604
f 1605 1606 1607
f 1605 1607 1604
f 1604 1607 1173
f 1607 1608 1173
f 1173 1608 1174
f 1608 1609 1174
f 1174 1609 1426
f 1609 1610 1426
f 1610 1611 1426
f 1426 1611 1612
f 1612 1613 1426
f 1613 1614 1426
f 1426 1614 1427
f 1614 1615 1427
f 1427 1615 1616
f 1617 1618 1428
f 1617 1428 1619
f 1616 1620 1427
f 1620 1621 1427
f 1427 1621 1428
f 1621 1622 1428
f 1428 1622 1619
f 1623 1624 1625
f 1624 1428 1625
f 1625 1428 1626
f 1428 1618 1626
f 1624 1627 1428
f 1627 1628 1428
f 1428 1628 1629
f 1630 1631 1428
f 1631 1632 1428
f 1428 1632 1561
f 1629 1633 1428
f 1633 1634 1428
f 1428 1634 1630
f 1635 1636 1637
f 1530 1638 1639
f 1639 1640 1530
f 1640 1641 1530
f 1530 1641 1642
f 1643 1644 1637
f 1644 1645 1637
f 1637 1645 1635
f 1642 1646 1530
f 1646 1647 1530
f 1530 1647 1637
f 1647 1648 1637
f 1637 1648 1643
f 1636 1649 1637
f 1649 1650 1637
f 1637 1650 1128
f 1650 1651 1128
f 1651 1652 1128
f 1128 1652 1653
f 1653 1654 1128
f 1654 1655 1128
f 1128 1655 1656
f 1656 1657 1128
f 1657 1658 1128
f 1128 1658 1132
f 1659 1660 1130
f 1660 1661 1130
f 1130 1661 1530
f 1661 1662 1530
f 1530 1662 1638
f 1658 1663 1132
f 1663 1664 1132
f 1132 1664 1133
f 1664 1665 1133
f 1133 1665 1134
f 1665 1666 1134
f 1666 1667 1134
f 1667 1668 1134
f 1134 1668 1130
f 1668 1669 1130
f 1130 1669 1659
f 1128 1127 1637
f 1127 1125 1637
f 1637 1125 1670
f 1125 1124 1670
f 1670 1124 1117
f 1117 1119 1670
f 1119 1123 1670
f 1670 1123 1671
f 1123 1122 1671
f 1671 1122 1121
f 1121 1114 1671
f 1114 1160 1671
f 1671 1160 1672
f 1160 1159 1672
f 1672 1159 1158
f 1158 1149 1672
f 1149 1151 1672
f 1672 1151 1673
f 1151 1153 1673
f 1673 1153 1154
f 1154 1146 1673
f 1146 1157 1673
f 1673 1157 1517
f 1157 1156 1517
f 1517 1156 1155
f 1140 1674 1517
f 1674 1144 1517
f 1517 1144 1558
f 1144 1143 1558
f 1558 1143 1136
f 1675 1676 1677
f 1678 1679 1680
f 1679 1681 1680
f 1680 1681 1682
f 1681 1683 1682
f 1675 1677 1684
f 1677 861 1684
f 1684 861 860
f 1685 1686 1687
f 1686 1677 1687
f 1687 1677 1688
f 1677 1676 1688
f 1685 1689 1686
f 1689 1690 1686
f 1686 1690 1691
f 1690 1692 1691
f 1692 1693 1691
f 1693 1694 1691
f 1691 1694 1695
f 1696 1697 1698
f 1697 1691 1698
f 1698 1691 1699
f 1691 1695 1699
f 1696 1700 1697
f 1700 1701 1697
f 1697 1701 1702
f 1701 1703 1702
f 1703 1704 1702
f 1704 1705 1702
f 1702 1705 1706
f 1706 1707 1702
f 1707 1708 1702
f 1702 1708 1709
f 1708 1710 1709
f 1709 1710 1711
f 1711 1712 1709
f 1712 1713 1709
f 1709 1713 1681
f 1713 1714 1681
f 1681 1714 1683
f 1715 1716 1717
f 936 935 1718
f 936 1718 1719
f 1720 1721 1722
f 1720 1722 1723
f 1722 1724 1723
f 1723 1724 1725
f 1726 1727 1728
f 1725 1719 1723
f 1719 1718 1723
f 1723 1718 1729
f 1718 1730 1729
f 1726 1728 1718
f 1728 1731 1718
f 1718 1731 1730
f 1732 1733 1734
f 1733 1726 1734
f 1733 1735 1726
f 1735 1736 1726
f 1726 1736 1737
f 1737 1738 1726
f 1738 1739 1726
f 1726 1739 1727
f 1740 1741 1742
f 1743 1744 1734
f 1744 1745 1734
f 1734 1745 1732
f 1740 1742 1734
f 1742 1746 1734
f 1734 1746 1743
f 1747 1748 1740
f 1748 1749 1740
f 1740 1749 1750
f 1750 1751 1740
f 1751 1752 1740
f 1740 1752 1741
f 1717 1716 1747
f 1716 1753 1747
f 1747 1753 1754
f 1754 1755 1747
f 1755 1756 1747
f 1747 1756 1757
f 1757 1758 1747
f 1758 1759 1747
f 1747 1759 1748
f 1760 1717 1761
f 1717 1762 1761
f 1760 1763 1717
f 1763 1764 1717
f 1717 1764 1715
f 1765 1766 1762
f 1766 1767 1762
f 1762 1767 1761
f 1768 1769 1770
f 1769 1771 1770
f 1770 1771 1772
f 1771 1773 1772
f 1772 1773 1762
f 1773 1774 1762
f 1762 1774 1765
f 1775 1776 1777
f 1776 1778 1777
f 1778 1779 1777
f 1779 1780 1777
f 1777 1780 1770
f 1780 1781 1770
f 1770 1781 1768
f 1782 1783 1784
f 1783 1785 1784
f 1784 1785 1786
f 1786 1787 1784
f 1787 1788 1784
f 1784 1788 1777
f 1788 1789 1777
f 1777 1789 1775
f 1790 1791 1792
f 1791 1793 1792
f 1790 1794 1791
f 1794 1795 1791
f 1791 1795 1784
f 1795 1796 1784
f 1784 1796 1782
f 1797 1798 1799
f 1798 1800 1799
f 1800 1801 1799
f 1801 1802 1799
f 1799 1802 1791
f 1802 1803 1791
f 1791 1803 1793
f 1804 1805 1806
f 1805 1807 1806
f 1806 1807 1808
f 1808 1809 1806
f 1809 1810 1806
f 1806 1810 1799
f 1810 1811 1799
f 1799 1811 1797
f 1812 1813 1814
f 1813 1815 1814
f 1812 1816 1813
f 1816 1817 1813
f 1813 1817 1806
f 1817 1818 1806
f 1806 1818 1804
f 1819 1820 1821
f 1819 1821 1822
f 1679 1678 1813
f 1678 1823 1813
f 1813 1823 1815
f 1823 1824 1815
f 1815 1824 1821
f 1824 1825 1821
f 1821 1825 1822
f 1826 1827 1828
f 1557 1556 1829
f 1556 1830 1829
f 1829 1830 1831
f 1832 1833 1834
f 1835 1836 1837
f 1835 1837 1838
f 1837 1839 1838
f 1838 1839 1840
f 1135 1841 1559
f 1841 1842 1559
f 1843 1844 1845
f 1844 1842 1845
f 1845 1842 1846
f 1842 1841 1846
f 1847 1848 1849
f 1848 1844 1849
f 1849 1844 1850
f 1844 1843 1850
f 1851 1852 1853
f 1852 1848 1853
f 1853 1848 1854
f 1848 1847 1854
f 1851 1855 1852
f 1855 1856 1852
f 1852 1856 1857
f 1856 1858 1857
f 1858 1859 1857
f 1857 1859 1860
f 1859 1861 1860
f 1861 1862 1860
f 1862 1863 1860
f 1860 1863 1864
f 1863 1865 1864
f 1865 1866 1864
f 1866 1867 1864
f 1864 1867 1835
f 1867 1868 1835
f 1835 1868 1836
f 1869 1870 1871
f 1870 1838 1871
f 1871 1838 1872
f 1838 1840 1872
f 1869 1873 1870
f 1873 1874 1870
f 1870 1874 1832
f 1874 1875 1832
f 1832 1875 1833
f 1834 1876 1832
f 1876 1877 1832
f 1832 1877 1878
f 1877 1879 1878
f 1878 1879 1880
f 1880 1881 1878
f 1881 1882 1878
f 1878 1882 1883
f 1882 1884 1883
f 1884 1885 1883
f 1883 1885 1828
f 1885 1886 1828
f 1828 1886 1826
f 1827 1887 1828
f 1887 1888 1828
f 1828 1888 1889
f 1888 1890 1889
f 1889 1890 1830
f 1890 1891 1830
f 1830 1891 1831
f 1892 1893 1894
f 1895 1896 1897
f 1898 1899 1900
f 1901 1902 1903
f 1904 1905 1906
f 1907 1908 1909
f 1910 1911 1912
f 1912 1911 1913
f 1911 1914 1913
f 1913 1914 1915
f 1909 1908 1912
f 1908 1916 1912
f 1912 1916 1910
f 1917 1918 1919
f 1918 1920 1919
f 1919 1920 1921
f 1920 1922 1921
f 1917 1923 1918
f 1923 1924 1918
f 1918 1924 1909
f 1924 1925 1909
f 1909 1925 1907
f 1922 1920 1926
f 1920 1927 1926
f 1926 1927 1928
f 1929 1930 1931
f 1930 1932 1931
f 1931 1932 1927
f 1932 1933 1927
f 1927 1933 1928
f 1934 1935 1936
f 1935 1937 1936
f 1936 1937 1931
f 1937 1938 1931
f 1931 1938 1929
f 1934 1936 1939
f 1936 1940 1939
f 1939 1940 1941
f 1942 1943 1944
f 1943 1945 1944
f 1944 1945 1940
f 1945 1946 1940
f 1940 1946 1941
f 1942 1944 1947
f 1944 1948 1947
f 1947 1948 1949
f 1950 1951 1952
f 1951 1953 1952
f 1950 1954 1951
f 1954 1955 1951
f 1951 1955 1948
f 1955 1956 1948
f 1948 1956 1949
f 1953 1951 1957
f 1951 1958 1957
f 1957 1958 1959
f 1906 1960 1958
f 1960 1961 1958
f 1958 1961 1959
f 1962 1963 1964
f 1963 1965 1964
f 1966 1967 1968
f 1969 1970 1971
f 1970 1966 1971
f 1971 1966 1972
f 1966 1968 1972
f 1973 1974 1975
f 1975 1974 1976
f 1974 1977 1976
f 1976 1977 1978
f 1948 1903 1951
f 1903 1902 1951
f 1951 1902 1958
f 1902 1979 1958
f 1958 1979 1980
f 1980 1981 1958
f 1981 1982 1958
f 1958 1982 1906
f 1982 1983 1906
f 1906 1983 1904
f 1984 1985 1902
f 1985 1986 1902
f 1902 1986 1979
f 1987 1988 1901
f 1988 1989 1901
f 1901 1989 1902
f 1989 1990 1902
f 1902 1990 1984
f 1991 1992 1993
f 1992 1994 1993
f 1993 1994 1995
f 1996 1997 1998
f 1997 1999 1998
f 1998 1999 2000
f 1999 2001 2000
f 2000 2001 2002
f 2001 2003 2002
f 2002 2003 2004
f 2003 2005 2004
f 2004 2005 2006
f 2005 2007 2006
f 2006 2007 2008
f 2007 2009 2008
f 2008 2009 2010
f 2009 2011 2010
f 2010 2011 2012
f 2011 2013 2012
f 2012 2013 1993
f 2013 2014 1993
f 1993 2014 1991
f 2014 2015 1991
f 2016 2017 2018
f 2017 2019 2018
f 2018 2019 2020
f 1893 1987 1894
f 1987 1901 1894
f 1894 1901 2021
f 1901 1903 2021
f 2021 1903 2022
f 1903 1948 2022
f 2022 1948 2023
f 1948 1944 2023
f 2023 1944 2024
f 1944 1940 2024
f 2024 1940 2025
f 1940 1936 2025
f 2025 1936 2026
f 1936 1931 2026
f 2026 1931 2027
f 1931 1927 2027
f 2027 1927 2028
f 1927 1920 2028
f 2028 1920 2029
f 1920 1918 2029
f 2029 1918 2030
f 1918 1909 2030
f 2030 1909 2018
f 1909 1912 2018
f 2018 1912 2016
f 1912 1913 2016
f 2020 2015 2018
f 2015 2014 2018
f 2018 2014 2030
f 2014 2013 2030
f 2030 2013 2029
f 2013 2011 2029
f 2029 2011 2028
f 2011 2009 2028
f 2028 2009 2027
f 2009 2007 2027
f 2027 2007 2026
f 2007 2005 2026
f 2026 2005 2025
f 2005 2003 2025
f 2025 2003 2024
f 2003 2001 2024
f 2024 2001 2023
f 2001 1999 2023
f 2023 1999 2022
f 1999 1997 2022
f 2022 1997 2021
f 1997 1996 2021
f 2021 1996 1894
f 2031 2032 2033
f 2032 2034 2033
f 2035 2036 2037
f 2036 2038 2037
f 2037 2038 2039
f 2038 2033 2039
f 2039 2033 1900
f 2033 2034 1900
f 1900 2034 1898
f 1896 2031 1897
f 2031 2033 1897
f 1897 2033 2040
f 2033 2038 2040
f 2040 2038 2041
f 2038 2036 2041
f 2035 2042 2036
f 2042 2043 2036
f 2036 2043 2044
f 2043 2045 2044
f 2044 2045 2046
f 2045 2047 2046
f 2046 2047 2048
f 2047 2049 2048
f 2049 2050 2048
f 2048 2050 2051
f 2050 2052 2051
f 2051 2052 2053
f 2052 2054 2053
f 2053 2054 1967
f 2054 2055 1967
f 1967 2055 1968
f 1965 1973 1964
f 1973 1975 1964
f 1964 1975 2056
f 1975 2057 2056
f 2056 2057 2058
f 2057 2059 2058
f 2058 2059 2060
f 2059 2061 2060
f 2060 2061 2062
f 2061 2063 2062
f 2062 2063 2064
f 2063 2065 2064
f 2064 2065 2066
f 2065 2067 2066
f 1970 1962 1966
f 1962 1964 1966
f 1966 1964 1967
f 1964 2056 1967
f 1967 2056 2053
f 2056 2058 2053
f 2053 2058 2051
f 2058 2060 2051
f 2051 2060 2048
f 2060 2062 2048
f 2048 2062 2046
f 2062 2064 2046
f 2046 2064 2044
f 2064 2066 2044
f 2044 2066 2036
f 2066 2067 2036
f 2036 2067 2041
f 1978 1892 1976
f 1892 1894 1976
f 1976 1894 1975
f 1894 1996 1975
f 1975 1996 2057
f 1996 1998 2057
f 2057 1998 2059
f 1998 2000 2059
f 2059 2000 2061
f 2000 2002 2061
f 2061 2002 2063
f 2002 2004 2063
f 2063 2004 2065
f 2004 2006 2065
f 2065 2006 2067
f 2006 2008 2067
f 2067 2008 2041
f 2008 2010 2041
f 2041 2010 2040
f 2010 2012 2040
f 2040 2012 1897
f 2012 1993 1897
f 1897 1993 1895
f 1993 1995 1895
f 2068 2069 2070
f 2069 2071 2070
f 2070 2071 2072
f 2071 2073 2072
f 2072 2073 2074
f 2070 2075 2068
f 2075 2076 2068
f 2068 2076 2077
f 2076 2078 2077
f 2077 2078 2079
f 2079 2078 2080
f 2078 2081 2080
f 2080 2081 2082
f 2082 2081 2083
f 2081 2084 2083
f 2083 2084 2085
f 2084 2086 2085
f 2085 2086 2087
f 2086 2088 2087
f 2087 2088 2089
f 2088 2090 2089
f 2089 2090 2091
f 2092 2093 2094
f 2091 2090 2095
f 2090 2096 2095
f 2095 2096 2097
f 2096 2098 2097
f 2097 2098 2093
f 2098 2099 2093
f 2093 2099 2094
f 2100 2101 2102
f 2101 2103 2102
f 2102 2103 2104
f 2103 2105 2104
f 2104 2105 2106
f 2105 2107 2106
f 2106 2107 2108
f 2107 2109 2108
f 2108 2109 2094
f 2109 2110 2094
f 2094 2110 2092
f 2111 2112 2113
f 2102 2114 2100
f 2114 2111 2100
f 2100 2111 2115
f 2111 2113 2115
f 2116 2117 2118
f 2119 2120 2121
f 2120 2122 2121
f 2123 2124 2119
f 2124 2125 2119
f 2119 2125 2120
f 2126 2127 2128
f 2119 2129 2123
f 2129 2130 2123
f 2123 2130 2131
f 2130 2126 2131
f 2131 2126 2132
f 2126 2128 2132
f 2127 2133 2128
f 2133 2134 2128
f 2128 2134 2135
f 2134 2136 2135
f 2135 2136 2137
f 2138 2139 2140
f 2137 2138 2135
f 2138 2140 2135
f 2135 2140 2141
f 2140 2142 2141
f 2143 2144 2102
f 2144 2145 2102
f 2102 2145 2114
f 2144 2146 2145
f 2146 2147 2145
f 2145 2147 2140
f 2147 2148 2140
f 2140 2148 2142
f 2102 2104 2143
f 2104 2106 2143
f 2143 2106 2149
f 2106 2150 2149
f 2150 2094 2149
f 2149 2094 2151
f 2094 2099 2151
f 2151 2099 2152
f 2099 2153 2152
f 2152 2153 2154
f 2153 2096 2154
f 2154 2096 2155
f 2096 2090 2155
f 2155 2090 2156
f 2090 2088 2156
f 2088 2086 2156
f 2156 2086 2157
f 2086 2158 2157
f 2157 2158 2159
f 2074 2116 2072
f 2116 2118 2072
f 2072 2118 2070
f 2118 2160 2070
f 2070 2160 2075
f 2160 2161 2075
f 2075 2161 2076
f 2161 2162 2076
f 2076 2162 2078
f 2162 2159 2078
f 2078 2159 2081
f 2159 2158 2081
f 2139 2163 2140
f 2163 2112 2140
f 2140 2112 2145
f 2112 2111 2145
f 2145 2111 2114
f 1330 1331 2164
f 2117 2116 2165
f 2116 2074 2165
f 2165 2074 2166
f 2074 2167 2166
f 2166 2167 2168
f 2167 2169 2168
f 2168 2169 2170
f 1330 2164 1196
f 1197 1196 2171
f 1196 2164 2171
f 2171 2164 2169
f 2164 2172 2169
f 2169 2172 2170
f 2173 2174 2175
f 2174 2176 2175
f 2175 2176 2177
f 2176 2178 2177
f 2175 2179 2173
f 2179 2180 2173
f 2173 2180 2181
f 2182 2183 2176
f 2183 2184 2176
f 2176 2184 2178
f 2185 2186 2187
f 2186 2188 2187
f 2187 2188 2189
f 2185 2187 2190
f 2187 2191 2190
f 2190 2191 2192
f 2182 2193 2183
f 2193 2190 2183
f 2183 2190 2194
f 2190 2192 2194
f 2195 2196 2197
f 2196 2198 2197
f 2181 2199 2173
f 2199 2196 2173
f 2173 2196 2200
f 2196 2195 2200
f 2196 2201 2198
f 2201 2202 2198
f 2198 2202 2203
f 2203 2204 2198
f 2204 2205 2198
f 2198 2205 2206
f 1923 1917 2207
f 2208 2209 2210
f 1906 1905 2211
f 1906 2212 1960
f 2212 1961 1960
f 1914 1911 2213
f 2210 1326 2214
f 2208 2210 2215
f 2210 2214 2215
f 2215 2214 1197
f 1939 2216 1934
f 2216 2217 1934
f 1934 2217 1935
f 1930 2218 1932
f 2218 2219 1932
f 1932 2219 1933
f 1930 1929 2218
f 1929 1938 2218
f 2218 1938 2217
f 1938 1937 2217
f 2217 1937 1935
f 2207 1917 2220
f 1917 1919 2220
f 2220 1919 1921
f 2221 2222 1916
f 2222 2213 1916
f 1916 2213 1910
f 2213 1911 1910
f 1908 2223 2222
f 2223 1925 2222
f 2222 1925 2207
f 1925 1924 2207
f 2207 1924 1923
f 1921 1922 2220
f 1922 1926 2220
f 2220 1926 2219
f 1926 1928 2219
f 2219 1928 1933
f 2224 1312 1311
f 2224 1311 2225
f 2226 2227 1314
f 2227 2228 1314
f 1314 2228 1316
f 1311 2229 2225
f 2229 1202 2225
f 2225 1202 2228
f 1202 1317 2228
f 2228 1317 1316
f 1322 2230 1199
f 2230 2231 1199
f 1199 2231 2232
f 2233 1327 2210
f 1327 1325 2210
f 2210 1325 1326
f 1322 1324 2230
f 1324 2234 2230
f 2230 2234 2233
f 2234 1328 2233
f 2233 1328 1327
f 2235 2236 2237
f 2226 1320 2227
f 1320 1319 2227
f 2227 1319 2231
f 1319 1318 2231
f 2231 1318 2232
f 1214 2238 2239
f 2238 1211 2239
f 2239 1211 2240
f 1294 1217 2241
f 1217 1215 2241
f 1906 2211 2212
f 2211 2241 2212
f 2212 2241 2239
f 2241 1215 2239
f 2239 1215 1214
f 1302 2242 1303
f 2242 2243 1303
f 2244 1209 2245
f 1209 1208 2245
f 2245 1208 1206
f 1206 1205 2245
f 1205 2246 2245
f 2245 2246 2243
f 2246 1305 2243
f 2243 1305 1303
f 2240 1298 2247
f 1298 1296 2247
f 2247 1296 2248
f 2248 1301 2244
f 1301 1300 2244
f 2244 1300 1209
f 2249 2235 2210
f 2235 2237 2210
f 2210 2237 2233
f 2237 2250 2233
f 2233 2250 2230
f 2250 2251 2230
f 2230 2251 2231
f 2251 2252 2231
f 2231 2252 2227
f 2252 2253 2227
f 2227 2253 2228
f 2253 2254 2228
f 2228 2254 2225
f 2254 2255 2225
f 2225 2255 2224
f 2255 2256 2224
f 2224 2256 2242
f 2256 2257 2242
f 2242 2257 2243
f 2257 2258 2243
f 2243 2258 2245
f 2258 2259 2245
f 2245 2259 2244
f 2259 2260 2244
f 2261 1957 1959
f 2240 2247 2239
f 2247 2261 2239
f 2239 2261 2212
f 2261 1959 2212
f 2212 1959 1961
f 1950 2262 1954
f 2262 2263 1954
f 1947 2264 1942
f 2264 2265 1942
f 1942 2265 1943
f 1947 1949 2264
f 1949 1956 2264
f 2264 1956 2263
f 1956 1955 2263
f 2263 1955 1954
f 1939 1941 2216
f 1941 1946 2216
f 2216 1946 2265
f 1946 1945 2265
f 2265 1945 1943
f 2260 1952 1953
f 2248 2244 2247
f 2244 2260 2247
f 2247 2260 2261
f 2260 1953 2261
f 2261 1953 1957
f 2266 2267 2213
f 1915 1914 2268
f 1914 2213 2268
f 2268 2213 2269
f 2213 2267 2269
f 1302 2270 2242
f 2270 1309 2242
f 2242 1309 2224
f 1309 1307 2224
f 2224 1307 1312
f 2236 2266 2237
f 2266 2213 2237
f 2237 2213 2250
f 2213 2222 2250
f 2250 2222 2251
f 2222 2207 2251
f 2251 2207 2252
f 2207 2220 2252
f 2252 2220 2253
f 2220 2219 2253
f 2253 2219 2254
f 2219 2218 2254
f 2254 2218 2255
f 2218 2217 2255
f 2255 2217 2256
f 2217 2216 2256
f 2256 2216 2257
f 2216 2265 2257
f 2257 2265 2258
f 2265 2264 2258
f 2258 2264 2259
f 2264 2263 2259
f 2259 2263 2260
f 2263 2262 2260
f 2260 2262 1952
f 2262 1950 1952
f 1197 2171 2215
f 2171 2169 2215
f 2215 2169 2271
f 2272 2273 2274
f 2274 2275 2268
f 2272 2274 2276
f 2274 2268 2276
f 2268 2269 2276
f 2276 2269 2277
f 2269 2267 2277
f 2277 2267 2278
f 2267 2266 2278
f 2278 2266 2279
f 2266 2236 2279
f 2279 2236 2280
f 2280 2236 2281
f 2236 2235 2281
f 2281 2235 2282
f 2235 2249 2282
f 2249 2208 2282
f 2282 2208 2283
f 2208 2215 2283
f 2283 2215 2073
f 2215 2271 2073
f 2073 2271 2074
f 2284 2285 2286
f 2287 2288 2289
f 2290 2043 2042
f 2291 2292 2293
f 2294 2295 2296
f 2297 2298 2299
f 1969 1971 2300
f 1971 2301 2300
f 2302 2292 2303
f 2292 2291 2303
f 2303 2291 2304
f 2291 2305 2304
f 2306 2307 2308
f 2309 2310 2311
f 2310 2312 2311
f 2311 2312 2306
f 2312 2313 2306
f 2306 2313 2307
f 2314 2315 2316
f 2315 2317 2316
f 2317 2318 2316
f 2318 2319 2316
f 2316 2319 2311
f 2319 2320 2311
f 2311 2320 2309
f 2321 2322 2323
f 2322 2324 2323
f 2323 2324 2316
f 2324 2325 2316
f 2316 2325 2314
f 2321 2323 2326
f 2323 2327 2326
f 2326 2327 2328
f 2327 2329 2328
f 2328 2329 2330
f 2331 2332 2323
f 2333 2334 2331
f 2332 2335 2323
f 2335 2336 2323
f 2323 2336 2327
f 2337 2338 2333
f 2338 2339 2333
f 2333 2339 2334
f 2340 2341 2342
f 2341 2343 2342
f 2342 2343 2344
f 2343 2345 2344
f 2344 2345 2346
f 2347 2348 2349
f 2347 2349 2342
f 2349 2350 2342
f 2342 2350 2340
f 2351 2352 2353
f 2352 2354 2353
f 2353 2354 2347
f 2354 2355 2347
f 2347 2355 2348
f 2356 2357 2358
f 2356 2358 2353
f 2358 2359 2353
f 2353 2359 2351
f 2360 2361 2362
f 2360 2362 2356
f 2362 2363 2356
f 2356 2363 2357
f 2361 2360 2364
f 2360 2365 2364
f 2364 2365 2366
f 2367 2368 2369
f 2369 2370 2367
f 2370 2371 2367
f 2367 2371 2365
f 2371 2372 2365
f 2365 2372 2366
f 2368 2367 2373
f 2367 2289 2373
f 2373 2289 2374
f 2374 2289 2375
f 2289 2288 2375
f 2375 2288 2376
f 2308 2305 2306
f 2305 2291 2306
f 2306 2291 2377
f 2291 2293 2377
f 2377 2293 2378
f 2293 2379 2378
f 2378 2379 2380
f 1972 2299 1971
f 2299 2298 1971
f 1971 2298 2301
f 2302 2381 2292
f 2381 2297 2292
f 2292 2297 2293
f 2297 2299 2293
f 2293 2299 2379
f 2299 1972 2379
f 2382 2383 2384
f 2384 2385 2386
f 2385 2387 2386
f 2386 2387 2388
f 2387 2389 2388
f 2388 2389 2390
f 2389 2391 2390
f 2390 2391 2392
f 2391 2393 2392
f 2392 2393 2394
f 2393 2395 2394
f 2394 2395 2396
f 2395 2397 2396
f 2396 2397 2398
f 2397 2399 2398
f 2398 2399 2400
f 1899 2401 1900
f 2401 2402 1900
f 1900 2402 2403
f 2404 2035 2405
f 2035 2037 2405
f 2405 2037 2403
f 2037 2039 2403
f 2403 2039 1900
f 2406 2049 2407
f 2049 2047 2407
f 2407 2047 2290
f 2047 2045 2290
f 2290 2045 2043
f 2331 2323 2333
f 2323 2316 2333
f 2333 2316 2408
f 2316 2311 2408
f 2408 2311 2409
f 2311 2306 2409
f 2409 2306 2410
f 2306 2377 2410
f 2410 2377 2411
f 2377 2378 2411
f 2411 2378 2412
f 2378 2380 2412
f 2412 2380 2413
f 2380 2414 2413
f 2413 2414 2415
f 2414 2406 2415
f 2415 2406 2416
f 2406 2407 2416
f 2416 2407 2417
f 2407 2290 2417
f 2417 2290 2404
f 2290 2042 2404
f 2404 2042 2035
f 2402 2382 2403
f 2382 2384 2403
f 2403 2384 2405
f 2384 2386 2405
f 2405 2386 2404
f 2386 2388 2404
f 2404 2388 2417
f 2388 2390 2417
f 2417 2390 2416
f 2390 2392 2416
f 2416 2392 2415
f 2392 2394 2415
f 2415 2394 2413
f 2394 2396 2413
f 2413 2396 2412
f 2396 2398 2412
f 2412 2398 2411
f 2398 2400 2411
f 2411 2400 2410
f 2400 2418 2410
f 2410 2418 2409
f 2418 2419 2409
f 2409 2419 2408
f 2419 2296 2408
f 2408 2296 2333
f 2296 2295 2333
f 2333 2295 2337
f 2420 2421 2422
f 2383 2423 2384
f 2423 2424 2384
f 2384 2424 2385
f 2424 2425 2385
f 2385 2425 2426
f 2427 2428 2429
f 2428 2430 2429
f 2429 2430 2431
f 2430 2432 2431
f 2431 2432 2433
f 2432 2434 2433
f 2433 2434 2435
f 2434 2436 2435
f 2435 2436 2437
f 2436 2438 2437
f 2437 2438 2439
f 2438 2440 2439
f 2439 2440 2441
f 2440 2442 2441
f 2441 2442 2420
f 2442 2286 2420
f 2420 2286 2421
f 2286 2285 2421
f 2344 2427 2342
f 2427 2429 2342
f 2342 2429 2347
f 2429 2431 2347
f 2347 2431 2353
f 2431 2433 2353
f 2353 2433 2356
f 2433 2435 2356
f 2356 2435 2360
f 2435 2437 2360
f 2360 2437 2365
f 2437 2439 2365
f 2365 2439 2367
f 2439 2441 2367
f 2367 2441 2289
f 2441 2420 2289
f 2289 2420 2287
f 2420 2422 2287
f 1972 1968 2379
f 1968 2055 2379
f 2379 2055 2380
f 2055 2054 2380
f 2380 2054 2414
f 2054 2052 2414
f 2414 2052 2406
f 2052 2050 2406
f 2406 2050 2049
f 2426 2284 2385
f 2284 2286 2385
f 2385 2286 2387
f 2286 2442 2387
f 2387 2442 2389
f 2442 2440 2389
f 2389 2440 2391
f 2440 2438 2391
f 2391 2438 2393
f 2438 2436 2393
f 2393 2436 2395
f 2436 2434 2395
f 2395 2434 2397
f 2434 2432 2397
f 2397 2432 2399
f 2432 2430 2399
f 2399 2430 2400
f 2430 2428 2400
f 2400 2428 2418
f 2428 2427 2418
f 2418 2427 2419
f 2427 2344 2419
f 2419 2344 2296
f 2344 2346 2296
f 2296 2346 2294
f 1905 2443 2211
f 2443 2444 2211
f 2211 2444 2241
f 2444 1094 2241
f 2241 1094 1294
f 2444 2443 2445
f 2446 1029 1030
f 2446 1030 2447
f 1030 1031 2447
f 2447 1031 2448
f 1031 1032 2448
f 2448 1032 2449
f 1032 1035 2449
f 2449 1035 2450
f 1035 1034 2450
f 1034 1040 2450
f 2450 1040 2451
f 1040 1039 2451
f 2451 1039 2452
f 1039 2453 2452
f 1039 1037 2453
f 1037 1036 2453
f 2453 1036 2454
f 1036 1041 2454
f 2454 1041 2455
f 1041 1043 2455
f 2455 1043 2456
f 1043 1048 2456
f 2456 1048 2457
f 1048 1047 2457
f 2457 1047 2458
f 1047 1045 2458
f 2458 1045 2459
f 1045 1044 2459
f 2459 1044 2460
f 1044 1049 2460
f 2460 1049 2461
f 1049 1051 2461
f 2461 1051 2462
f 1051 1056 2462
f 2462 1056 2463
f 1056 1055 2463
f 2463 1055 2464
f 1055 1053 2464
f 2464 1053 2465
f 1053 1052 2465
f 2465 1052 2466
f 1052 1057 2466
f 2466 1057 2467
f 2468 2469 2470
f 2469 1071 2470
f 2470 1071 2471
f 1071 1069 2471
f 2471 1069 2472
f 2472 1069 2473
f 1069 1068 2473
f 2473 1068 2474
f 1068 1073 2474
f 2474 1073 2475
f 1073 1075 2475
f 2475 1075 2476
f 1075 2477 2476
f 2476 2477 2478
f 2477 1079 2478
f 2478 1079 2479
f 1079 1077 2479
f 2479 1077 2480
f 1077 1076 2480
f 2480 1076 2481
f 1076 1081 2481
f 2481 1081 2482
f 1081 2483 2482
f 2482 2483 2484
f 2483 1088 2484
f 2484 1088 2485
f 1088 1087 2485
f 2485 1087 2486
f 1087 1085 2486
f 2486 1085 2487
f 1085 1084 2487
f 2487 1084 2488
f 1084 1092 2488
f 2488 1092 2445
f 1092 1094 2445
f 2445 1094 2444
f 2489 1060 2490
f 1060 1065 2490
f 2490 1065 2468
f 1065 1067 2468
f 2468 1067 2469
f 2491 1063 2489
f 1063 1061 2489
f 2489 1061 1060
f 1057 1059 2467
f 1059 1064 2467
f 2467 1064 2492
f 1064 1063 2492
f 2492 1063 2493
f 1063 2491 2493
f 2494 2495 2496
f 2497 2498 2499
f 2500 2501 2502
f 2454 2503 2504
f 2463 2464 2505
f 2470 2471 2506
f 2482 2484 2507
f 1973 1965 2508
f 2509 2510 2511
f 2510 2512 2511
f 2511 2512 2513
f 1963 1962 2512
f 1962 1970 2512
f 2512 1970 2513
f 1892 1978 2514
f 1978 1977 2514
f 2514 1977 1974
f 1987 2515 2516
f 2517 1987 2518
f 1987 2519 2518
f 2518 2519 2520
f 1984 1990 2518
f 1990 1989 2518
f 2518 1989 2517
f 2521 1980 2522
f 1980 1979 2522
f 2522 1979 1986
f 1983 1982 2521
f 1982 1981 2521
f 2521 1981 1980
f 1905 1904 2443
f 1904 2523 2443
f 2486 2487 2524
f 2487 2488 2524
f 2524 2488 2523
f 2488 2445 2523
f 2523 2445 2443
f 2507 2484 2524
f 2484 2485 2524
f 2524 2485 2486
f 2478 2525 2476
f 2525 2526 2476
f 2476 2526 2475
f 2478 2479 2525
f 2479 2480 2525
f 2525 2480 2507
f 2480 2481 2507
f 2507 2481 2482
f 2471 2472 2506
f 2472 2473 2506
f 2506 2473 2526
f 2473 2474 2526
f 2526 2474 2475
f 2492 2493 2527
f 2493 2491 2527
f 2527 2491 2528
f 2491 2489 2528
f 2489 2490 2528
f 2528 2490 2468
f 2464 2465 2505
f 2465 2466 2505
f 2505 2466 2467
f 2495 2459 2460
f 2460 2461 2495
f 2461 2462 2495
f 2495 2462 2496
f 2503 2456 2504
f 2456 2457 2504
f 2504 2457 2494
f 2494 2457 2495
f 2457 2458 2495
f 2495 2458 2459
f 2450 2451 2529
f 2451 2452 2529
f 2529 2452 2453
f 2530 2531 2446
f 2446 2447 2530
f 2447 2448 2530
f 2530 2448 2449
f 2531 2530 2532
f 2530 2533 2532
f 2532 2533 2534
f 2534 2533 2535
f 2533 2536 2535
f 2535 2536 2537
f 2538 2539 2540
f 2539 2541 2540
f 2540 2541 2536
f 2541 2542 2536
f 2536 2542 2537
f 2500 2502 2543
f 2544 2545 2546
f 2545 2547 2546
f 2509 2548 2510
f 2548 2549 2510
f 2510 2549 2547
f 2549 2550 2547
f 2547 2550 2546
f 1987 2516 2519
f 2516 2551 2519
f 2519 2551 2520
f 1986 1985 2522
f 1985 2552 2522
f 2522 2552 2497
f 2552 2553 2497
f 2497 2553 2498
f 1984 2518 2554
f 2518 2520 2554
f 2554 2520 2555
f 2520 2551 2555
f 2555 2551 2556
f 2551 2557 2556
f 2556 2557 2558
f 2557 2559 2558
f 2558 2559 2560
f 2559 2561 2560
f 2560 2561 2562
f 2561 2563 2562
f 2562 2563 2564
f 2462 2463 2496
f 2463 2505 2496
f 2496 2505 2565
f 2505 2564 2565
f 2565 2564 2566
f 2564 2563 2566
f 2467 2492 2505
f 2492 2527 2505
f 2505 2527 2564
f 2527 2528 2564
f 2564 2528 2562
f 2528 2567 2562
f 2562 2567 2560
f 2567 2568 2560
f 2560 2568 2558
f 2568 2499 2558
f 2558 2499 2556
f 2499 2498 2556
f 2556 2498 2555
f 2498 2553 2555
f 2555 2553 2554
f 2553 2552 2554
f 2554 2552 1984
f 2552 1985 1984
f 2468 2470 2528
f 2470 2506 2528
f 2528 2506 2567
f 2506 2526 2567
f 2567 2526 2568
f 2526 2525 2568
f 2568 2525 2499
f 2525 2507 2499
f 2499 2507 2497
f 2507 2524 2497
f 2497 2524 2522
f 2524 2523 2522
f 2522 2523 2521
f 2523 1904 2521
f 2521 1904 1983
f 2569 2570 2571
f 2544 2543 2545
f 2543 2502 2545
f 2545 2502 2572
f 2502 2573 2572
f 2572 2573 2574
f 2573 2575 2574
f 2501 2576 2502
f 2576 2577 2502
f 2502 2577 2573
f 2577 2578 2573
f 2573 2578 2575
f 2578 2579 2575
f 2449 2450 2530
f 2450 2529 2530
f 2530 2529 2533
f 2529 2579 2533
f 2533 2579 2536
f 2579 2578 2536
f 2536 2578 2540
f 2578 2577 2540
f 2540 2577 2538
f 2577 2576 2538
f 2571 2570 2580
f 2570 2581 2580
f 2580 2581 2582
f 1974 1973 2514
f 1973 2508 2514
f 2514 2508 2583
f 2508 2584 2583
f 2583 2584 2585
f 2584 2582 2585
f 2585 2582 2586
f 2582 2581 2586
f 2574 2569 2572
f 2569 2571 2572
f 2572 2571 2545
f 2571 2580 2545
f 2545 2580 2547
f 2580 2582 2547
f 2547 2582 2510
f 2582 2584 2510
f 2510 2584 2512
f 2584 2508 2512
f 2512 2508 1963
f 2508 1965 1963
f 2453 2454 2529
f 2454 2504 2529
f 2529 2504 2579
f 2504 2494 2579
f 2579 2494 2575
f 2494 2496 2575
f 2575 2496 2574
f 2496 2565 2574
f 2574 2565 2569
f 2565 2566 2569
f 2569 2566 2570
f 2566 2563 2570
f 2570 2563 2581
f 2563 2561 2581
f 2581 2561 2586
f 2561 2559 2586
f 2586 2559 2585
f 2559 2557 2585
f 2585 2557 2583
f 2557 2551 2583
f 2583 2551 2514
f 2551 2516 2514
f 2514 2516 1892
f 2516 2515 1892
f 2587 2588 971
f 2588 2589 971
f 2589 2590 971
f 2590 2591 971
f 971 2591 2592
f 2592 2593 971
f 2593 2594 971
f 971 2594 2595
f 2595 2596 971
f 2596 2597 971
f 971 2597 2598
f 2598 2599 971
f 2599 2600 971
f 971 2600 2601
f 2601 2602 971
f 2602 2603 971
f 971 2603 972
f 2604 2605 971
f 2605 2606 971
f 2607 2608 971
f 2608 2609 971
f 971 2609 2610
f 2610 2611 971
f 2611 2612 971
f 971 2612 2613
f 2613 2614 971
f 2614 2615 971
f 971 2615 2616
f 2616 2617 971
f 2617 2618 971
f 971 2618 2587
f 2619 2620 2621
f 2622 2623 2624
f 2625 2626 2627
f 2157 2159 2628
f 2159 2162 2629
f 2162 2161 2629
f 2629 2161 2160
f 2168 2626 2166
f 2626 2625 2166
f 2166 2625 2165
f 2625 2117 2165
f 2142 2630 2631
f 2123 2131 2632
f 2131 2132 2632
f 2132 2128 2632
f 2128 2135 2632
f 2632 2135 2631
f 2135 2141 2631
f 2631 2141 2142
f 2144 2143 2633
f 2143 2149 2633
f 2149 2151 2634
f 2151 2152 2634
f 2152 2154 2635
f 2154 2155 2635
f 2635 2155 2156
f 2147 2146 2636
f 2146 2144 2636
f 2637 2638 2639
f 2124 2123 2640
f 2123 2632 2640
f 2640 2632 2641
f 2632 2642 2641
f 2641 2642 2643
f 2642 2644 2643
f 2624 2631 2636
f 2631 2630 2636
f 2636 2630 2147
f 2149 2634 2633
f 2634 2645 2633
f 2633 2645 2646
f 2647 2648 2638
f 2648 2629 2638
f 2638 2629 2639
f 2629 2160 2639
f 2639 2160 2118
f 2649 2650 2637
f 2650 2651 2637
f 2637 2651 2638
f 2651 2652 2638
f 2638 2652 2647
f 2118 2117 2639
f 2117 2625 2639
f 2639 2625 2637
f 2625 2627 2637
f 2637 2627 2649
f 2627 2653 2649
f 2654 2655 2656
f 2655 2657 2656
f 2656 2657 2658
f 2659 2644 2660
f 2644 2642 2660
f 2660 2642 2661
f 2642 2662 2661
f 2623 2663 2624
f 2663 2664 2624
f 2624 2664 2631
f 2664 2654 2631
f 2631 2654 2632
f 2654 2656 2632
f 2632 2656 2642
f 2656 2658 2642
f 2642 2658 2662
f 2663 2665 2664
f 2665 2666 2664
f 2664 2666 2654
f 2666 2667 2654
f 2654 2667 2655
f 2620 2668 2621
f 2668 2635 2621
f 2621 2635 2628
f 2635 2156 2628
f 2628 2156 2157
f 2620 2669 2668
f 2669 2670 2668
f 2668 2670 2671
f 2152 2635 2634
f 2635 2668 2634
f 2634 2668 2645
f 2668 2671 2645
f 2645 2671 2672
f 2672 2673 2645
f 2673 2674 2645
f 2645 2674 2646
f 2674 2675 2646
f 2646 2675 2676
f 2144 2633 2636
f 2633 2646 2636
f 2636 2646 2624
f 2646 2676 2624
f 2624 2676 2622
f 2168 2170 2626
f 2170 2172 2626
f 2626 2172 2164
f 1331 2677 2164
f 2677 2678 2164
f 2164 2678 2626
f 2678 2679 2626
f 2626 2679 2627
f 2679 2680 2627
f 2627 2680 2681
f 2681 2682 2683
f 2681 2683 2627
f 2683 2684 2627
f 2627 2684 2653
f 2647 2685 2648
f 2685 2686 2648
f 2648 2686 2687
f 2159 2629 2628
f 2629 2648 2628
f 2628 2648 2621
f 2648 2687 2621
f 2621 2687 2619
f 2688 2689 2690
f 2119 2121 2691
f 2121 2122 2691
f 2692 2112 2693
f 2112 2163 2693
f 2101 2100 2690
f 2100 2115 2690
f 2690 2115 2692
f 2115 2113 2692
f 2692 2113 2112
f 2101 2690 2103
f 2690 2694 2103
f 2103 2694 2105
f 2695 2097 2093
f 2093 2092 2695
f 2092 2696 2695
f 2695 2696 2697
f 2696 2698 2697
f 2697 2698 2107
f 2699 2091 2695
f 2091 2700 2695
f 2695 2700 2097
f 2701 2085 2702
f 2085 2087 2702
f 2702 2087 2699
f 2087 2089 2699
f 2699 2089 2091
f 2701 2702 2082
f 2702 2703 2082
f 2082 2703 2080
f 2704 2705 2706
f 2705 2077 2706
f 2706 2077 2703
f 2077 2079 2703
f 2703 2079 2080
f 2689 2707 2690
f 2707 2708 2690
f 2690 2708 2694
f 2708 2709 2694
f 2694 2709 2710
f 2711 2712 2713
f 2692 2714 2715
f 2692 2715 2690
f 2715 2716 2690
f 2690 2716 2688
f 2693 2717 2718
f 2693 2718 2692
f 2718 2719 2692
f 2692 2719 2714
f 2720 2721 2722
f 2721 2723 2722
f 2722 2723 2693
f 2723 2724 2693
f 2693 2724 2717
f 2720 2722 2725
f 2722 2726 2725
f 2725 2726 2727
f 2691 2728 2726
f 2728 2729 2726
f 2726 2729 2727
f 2730 2731 2691
f 2731 2732 2691
f 2691 2732 2728
f 1820 2733 2734
f 2733 2730 2734
f 2734 2730 2735
f 2730 2691 2735
f 2735 2691 2736
f 2691 2122 2736
f 2163 2139 2693
f 2139 2138 2693
f 2693 2138 2722
f 2138 2137 2722
f 2737 2126 2726
f 2126 2130 2726
f 2726 2130 2691
f 2130 2129 2691
f 2691 2129 2119
f 2137 2136 2722
f 2136 2134 2722
f 2722 2134 2726
f 2134 2133 2726
f 2726 2133 2737
f 2277 2278 2738
f 2278 2279 2738
f 2073 2071 2739
f 2071 2704 2739
f 2739 2704 2282
f 2704 2706 2282
f 2282 2706 2281
f 2706 2738 2281
f 2281 2738 2280
f 2738 2279 2280
f 2107 2105 2697
f 2105 2694 2697
f 2697 2694 2695
f 2694 2740 2695
f 2695 2740 2699
f 2740 2741 2699
f 2699 2741 2702
f 2741 2742 2702
f 2702 2742 2703
f 2742 2743 2703
f 2703 2743 2706
f 2743 2744 2706
f 2706 2744 2738
f 2745 2746 2747
f 2746 2748 2747
f 2747 2748 2749
f 2748 2750 2749
f 2750 2751 2749
f 2749 2751 2752
f 2751 2753 2752
f 2752 2753 2754
f 2276 2752 2272
f 2752 2754 2272
f 2272 2754 2273
f 2755 2756 2757
f 2758 2759 2757
f 2759 2760 2757
f 2757 2760 2755
f 2745 2747 2756
f 2747 2761 2756
f 2756 2761 2757
f 2761 2762 2757
f 2757 2762 2758
f 2763 2764 2765
f 2764 2766 2765
f 2712 2767 2713
f 2767 2768 2713
f 2713 2768 2766
f 2768 2769 2766
f 2766 2769 2765
f 2763 2770 2764
f 2770 2771 2764
f 2764 2771 2772
f 2711 2713 2773
f 2713 2766 2773
f 2773 2766 2774
f 2766 2764 2774
f 2774 2764 2762
f 2764 2772 2762
f 2762 2772 2758
f 2772 2775 2758
f 2758 2775 2759
f 2710 2711 2694
f 2711 2773 2694
f 2694 2773 2740
f 2773 2774 2740
f 2740 2774 2741
f 2774 2762 2741
f 2741 2762 2742
f 2762 2761 2742
f 2742 2761 2743
f 2761 2747 2743
f 2743 2747 2744
f 2747 2749 2744
f 2744 2749 2738
f 2749 2752 2738
f 2738 2752 2277
f 2752 2276 2277
f 2776 2777 2778
f 2779 2780 2781
f 2782 2783 2784
f 2785 2786 2787
f 2788 2789 2790
f 2789 2791 2790
f 2791 2792 2790
f 2790 2792 2778
f 2792 2793 2778
f 2778 2793 2794
f 2795 2796 2797
f 2796 2798 2797
f 2797 2798 2799
f 2798 2800 2799
f 2800 2798 2801
f 2798 2802 2801
f 2801 2802 2803
f 2802 2804 2803
f 2803 2804 2805
f 2805 2804 2806
f 2804 2807 2806
f 2806 2807 2808
f 2809 2810 2807
f 2810 2811 2807
f 2807 2811 2808
f 2812 2813 2809
f 2813 2814 2809
f 2809 2814 2810
f 2786 2815 2812
f 2815 2816 2812
f 2812 2816 2813
f 2784 2783 2817
f 2783 2818 2817
f 2818 2819 2817
f 2817 2819 2787
f 2819 2820 2787
f 2787 2820 2785
f 2821 2822 2823
f 2822 2824 2823
f 2823 2824 2784
f 2824 2825 2784
f 2784 2825 2782
f 2780 2826 2781
f 2826 2827 2781
f 2781 2827 2821
f 2827 2828 2821
f 2821 2828 2822
f 2781 2829 2830
f 2124 2779 2125
f 2779 2781 2125
f 2125 2781 2120
f 2781 2830 2120
f 2120 2830 2122
f 2831 2832 2821
f 2832 2833 2821
f 2821 2833 2781
f 2833 2834 2781
f 2781 2834 2829
f 2835 2836 2823
f 2836 2837 2823
f 2823 2837 2821
f 2837 2838 2821
f 2821 2838 2831
f 2835 2823 2839
f 2823 2784 2839
f 2839 2784 2840
f 2840 2784 2841
f 2784 2817 2841
f 2841 2817 2842
f 2843 2844 2787
f 2844 2845 2787
f 2787 2845 2817
f 2845 2846 2817
f 2817 2846 2842
f 2786 2812 2787
f 2812 2847 2787
f 2787 2847 2843
f 2848 2849 2809
f 2849 2850 2809
f 2809 2850 2812
f 2850 2851 2812
f 2812 2851 2847
f 2852 2853 2807
f 2853 2854 2807
f 2807 2854 2809
f 2854 2855 2809
f 2809 2855 2848
f 2856 2857 2804
f 2857 2858 2804
f 2804 2858 2807
f 2858 2859 2807
f 2807 2859 2852
f 2860 2861 2802
f 2861 2862 2802
f 2802 2862 2804
f 2862 2863 2804
f 2804 2863 2856
f 2860 2802 2864
f 2802 2798 2864
f 2864 2798 2865
f 2866 2867 2796
f 2867 2868 2796
f 2796 2868 2869
f 2869 2870 2796
f 2870 2871 2796
f 2796 2871 2798
f 2871 2872 2798
f 2798 2872 2865
f 2873 2866 2790
f 2866 2796 2790
f 2790 2796 2788
f 2796 2795 2788
f 2777 2874 2778
f 2874 2875 2778
f 2778 2875 2790
f 2875 2876 2790
f 2790 2876 2873
f 2877 2776 2878
f 2776 2778 2878
f 2878 2778 2879
f 2778 2794 2879
f 2879 2794 2880
f 2858 2857 2881
f 1812 1814 2882
f 2734 2735 2830
f 2735 2736 2830
f 2830 2736 2122
f 1820 2734 1821
f 2734 2830 1821
f 1821 2830 1815
f 2830 2829 1815
f 1815 2829 1814
f 1812 2882 1816
f 1817 2883 1818
f 2883 1804 1818
f 1804 2835 1805
f 2835 2839 1805
f 1805 2839 1807
f 2839 2840 1807
f 2840 2884 1807
f 1807 2884 1808
f 2884 1809 1808
f 2885 1797 2886
f 1797 1811 2886
f 2886 1811 1810
f 2840 2841 2884
f 2841 2842 2884
f 2884 2842 1809
f 2842 2846 1809
f 1809 2846 1810
f 2846 2845 1810
f 1810 2845 2886
f 2845 2844 2886
f 2886 2844 2885
f 2850 2887 2851
f 2887 2888 2851
f 2851 2888 2889
f 2888 2885 2889
f 2889 2885 2890
f 2885 2844 2890
f 1803 2891 2887
f 2891 1801 2887
f 2887 1801 2888
f 1790 2881 1794
f 2881 1795 1794
f 1795 2881 1796
f 2881 2857 1796
f 1796 2857 1782
f 2857 2892 1782
f 2892 2863 1782
f 1782 2863 1783
f 2863 2862 1783
f 1783 2862 1785
f 2862 2861 1785
f 2861 2893 1785
f 1785 2893 1786
f 2893 2894 1786
f 1786 2894 2895
f 2894 2865 2895
f 1788 2896 1789
f 2896 2897 1789
f 1789 2897 1775
f 2897 1776 1775
f 2869 2868 1778
f 2868 2867 1778
f 1778 2867 1779
f 2867 2866 1779
f 1779 2866 1780
f 2866 2873 1780
f 1780 2873 1781
f 2873 2876 1781
f 1781 2876 1768
f 2876 2875 1768
f 1768 2875 1769
f 2877 1773 2776
f 1773 1771 2776
f 2776 1771 2777
f 1771 1769 2777
f 2777 1769 2874
f 1769 2875 2874
f 1778 1776 2869
f 1776 2897 2869
f 2869 2897 2870
f 2897 2871 2870
f 1788 2895 2896
f 2895 2865 2896
f 2896 2865 2897
f 2865 2872 2897
f 2897 2872 2871
f 2850 2849 2887
f 2849 2848 2887
f 2887 2848 1803
f 2848 2898 1803
f 1803 2898 1793
f 2898 2899 1793
f 1793 2899 2900
f 2899 2901 2900
f 2900 2901 1790
f 2901 2852 1790
f 1790 2852 2881
f 2852 2859 2881
f 2881 2859 2858
f 1817 1816 2883
f 1816 2882 2883
f 2883 2882 2831
f 2829 2834 1814
f 2834 2833 1814
f 1814 2833 2882
f 2833 2832 2882
f 2882 2832 2831
f 2831 2838 2883
f 2838 2837 2883
f 2883 2837 1804
f 2837 2836 1804
f 1804 2836 2835
f 2902 2903 2659
f 2659 2660 2902
f 2660 2661 2902
f 2902 2661 2904
f 2905 2906 2903
f 2906 2907 2903
f 2903 2907 2659
f 2908 2909 2667
f 2909 2910 2667
f 2667 2910 2655
f 2910 2657 2655
f 2910 2911 2657
f 2911 2912 2657
f 2657 2912 2658
f 2912 2913 2658
f 2658 2913 2662
f 2913 2914 2662
f 2662 2914 2902
f 2676 2915 2622
f 2915 2916 2622
f 2622 2916 2623
f 2916 2917 2623
f 2623 2917 2663
f 2917 2918 2663
f 2663 2918 2665
f 2918 2919 2665
f 2665 2919 2908
f 2919 2920 2908
f 2908 2920 2909
f 2921 2922 2620
f 2922 2923 2620
f 2620 2923 2669
f 2923 2924 2669
f 2669 2924 2670
f 2924 2925 2670
f 2670 2925 2926
f 2925 2927 2926
f 2926 2927 2672
f 2927 2928 2672
f 2672 2928 2673
f 2928 2929 2673
f 2673 2929 2674
f 2929 2930 2674
f 2674 2930 2675
f 2930 2931 2675
f 2675 2931 2676
f 2931 2932 2676
f 2676 2932 2915
f 2933 2934 2686
f 2934 2935 2686
f 2686 2935 2687
f 2935 2936 2687
f 2687 2936 2921
f 2936 2937 2921
f 2921 2937 2922
f 2647 2652 2938
f 2933 2647 2934
f 2647 2938 2934
f 2934 2938 2939
f 2938 2940 2939
f 2792 2791 2941
f 2805 2806 2942
f 2797 2799 2943
f 2780 2779 2944
f 2945 2946 2947
f 2948 2949 2950
f 2951 2952 2953
f 2954 2955 2956
f 2955 2957 2956
f 2956 2957 2958
f 2957 2959 2958
f 2958 2959 2960
f 2952 2961 2953
f 2961 2962 2953
f 2953 2962 2956
f 2962 2963 2956
f 2956 2963 2954
f 2964 2965 2966
f 2965 2967 2966
f 2966 2967 2968
f 2969 2970 2971
f 2970 2972 2971
f 2971 2972 2973
f 2974 2975 2976
f 2975 2977 2976
f 2976 2977 2972
f 2977 2978 2972
f 2972 2978 2973
f 2979 2980 2981
f 2980 2982 2981
f 2981 2982 2983
f 2982 2968 2983
f 2984 2985 2986
f 2985 2958 2986
f 2986 2958 2987
f 2958 2960 2987
f 2988 2989 2990
f 2951 2953 2990
f 2953 2991 2990
f 2990 2991 2988
f 2992 2993 2958
f 2993 2994 2958
f 2958 2994 2956
f 2994 2995 2956
f 2956 2995 2996
f 2996 2997 2956
f 2997 2998 2956
f 2956 2998 2953
f 2998 2999 2953
f 2953 2999 2991
f 2966 3000 3001
f 2984 2964 2985
f 2964 2966 2985
f 2985 2966 3002
f 2966 3001 3002
f 2979 2974 2980
f 2974 2976 2980
f 2980 2976 3003
f 3004 3005 2970
f 3005 3006 2970
f 2970 3006 2972
f 3006 3007 2972
f 2972 3007 2976
f 3007 3008 2976
f 2976 3008 3003
f 2968 2982 2966
f 2982 3009 2966
f 2966 3009 3000
f 3003 3010 2980
f 3010 3011 2980
f 2980 3011 2982
f 3011 3012 2982
f 2982 3012 3009
f 3002 3013 2985
f 3013 3014 2985
f 2985 3014 3015
f 3015 3016 2985
f 3016 3017 2985
f 2985 3017 2958
f 3017 3018 2958
f 2958 3018 2992
f 3019 3020 2944
f 3020 2945 2944
f 3021 3022 3023
f 3022 3024 3023
f 3025 3026 3027
f 3026 3028 3027
f 3027 3028 2946
f 3029 2941 3030
f 2941 2943 3030
f 3030 2943 3031
f 2943 2942 3031
f 3022 3032 3024
f 3032 3033 3024
f 3024 3033 3034
f 3033 3035 3034
f 3034 3035 2942
f 3035 3036 2942
f 2942 3036 3031
f 2779 2124 2640
f 2640 2641 2779
f 2641 2643 2779
f 2779 2643 2944
f 2643 2644 2944
f 2944 2644 3019
f 2945 2947 2944
f 2947 2826 2944
f 2944 2826 2780
f 2818 3026 3023
f 3026 3025 3023
f 3023 3025 3021
f 2786 2785 3024
f 2785 2820 3024
f 3024 2820 3023
f 2820 2819 3023
f 3023 2819 2818
f 2822 2828 2947
f 2828 2827 2947
f 2947 2827 2826
f 2946 3028 2947
f 3028 2824 2947
f 2947 2824 2822
f 2818 2783 3026
f 2783 2782 3026
f 3026 2782 3028
f 2782 2825 3028
f 3028 2825 2824
f 2806 2808 2942
f 2808 2811 2942
f 2942 2811 3034
f 2811 2810 3034
f 3034 2810 2814
f 2791 2789 2941
f 2789 2788 2941
f 2941 2788 2943
f 2788 2795 2943
f 2943 2795 2797
f 2799 2800 2943
f 2800 2801 2943
f 2943 2801 2942
f 2801 2803 2942
f 2942 2803 2805
f 2814 2813 3034
f 2813 2816 3034
f 3034 2816 3024
f 2816 2815 3024
f 3024 2815 2786
f 3029 3037 2941
f 3037 3038 2941
f 2941 3038 2990
f 3038 3039 2990
f 2990 3039 2951
f 3040 3041 3004
f 2969 2948 2970
f 2948 2950 2970
f 2970 2950 3004
f 2950 3042 3004
f 3004 3042 3040
f 2989 2880 2990
f 2880 2794 2990
f 2990 2794 2941
f 2794 2793 2941
f 2941 2793 2792
f 3043 2940 2938
f 3044 3045 2653
f 3045 3046 2653
f 2653 3046 3047
f 3046 3048 3047
f 3047 3048 2650
f 3048 3043 2650
f 2650 3043 2651
f 3043 2938 2651
f 2651 2938 2652
f 2683 2682 3049
f 2653 2684 3044
f 2684 2683 3044
f 3044 2683 3050
f 2683 3049 3050
f 3050 3049 3051
f 1188 1187 3052
f 1331 1194 2677
f 1194 1193 2677
f 2677 1193 3053
f 1193 3054 3053
f 3053 3054 1460
f 1460 1464 3053
f 1464 1191 3053
f 3053 1191 3055
f 1191 1190 3055
f 1337 3056 3057
f 3056 3058 3057
f 1340 3059 1341
f 3059 3060 1341
f 1337 1336 3056
f 1336 1343 3056
f 3056 1343 3060
f 1343 3061 3060
f 3060 3061 1341
f 3052 1187 3062
f 1187 1516 3062
f 3062 1516 1515
f 3063 1492 1358
f 3063 1358 3064
f 1515 3065 3062
f 3065 1349 3062
f 3062 1349 3063
f 1349 1348 3063
f 3063 1348 1492
f 3066 1352 3067
f 1352 1361 3067
f 1361 1360 3067
f 1360 1366 3067
f 3067 1366 3068
f 1358 1357 3064
f 1357 1355 3064
f 3064 1355 3066
f 1355 1353 3066
f 3066 1353 1352
f 1340 1344 3059
f 1344 1346 3059
f 3059 1346 3052
f 1346 1347 3052
f 3052 1347 1188
f 3069 3070 3068
f 3070 3071 3068
f 3068 3071 3067
f 3071 3072 3067
f 3067 3072 3066
f 3072 3073 3066
f 3066 3073 3064
f 3073 3074 3064
f 3064 3074 3063
f 3074 3075 3063
f 3063 3075 3062
f 3075 3076 3062
f 3062 3076 3052
f 3076 3077 3052
f 3052 3077 3059
f 3077 3078 3059
f 3059 3078 3060
f 3078 3079 3060
f 3060 3079 3056
f 3079 3080 3056
f 3056 3080 3058
f 3080 3081 3058
f 3058 3081 3055
f 3081 3082 3055
f 3055 3082 3053
f 3082 3083 3053
f 3084 3085 3086
f 3085 3087 3086
f 3086 3087 3088
f 3087 3089 3088
f 3084 3090 3085
f 3090 3091 3085
f 3085 3091 3092
f 3091 3093 3092
f 3092 3093 3094
f 3089 3087 3095
f 3087 3096 3095
f 3095 3096 3097
f 3098 3099 3096
f 3099 3100 3096
f 3096 3100 3097
f 3101 3102 3103
f 3102 3104 3103
f 3103 3104 3105
f 3101 3106 3102
f 3106 3107 3102
f 3102 3107 3098
f 3107 3108 3098
f 3098 3108 3099
f 3109 3110 3111
f 3110 3112 3111
f 3111 3112 3113
f 3113 3112 3114
f 3112 3115 3114
f 3114 3115 3116
f 3109 3117 3110
f 3117 3118 3110
f 3110 3118 3104
f 3118 3119 3104
f 3104 3119 3105
f 3120 3121 3115
f 3121 3122 3115
f 3115 3122 3116
f 3123 3124 3125
f 3125 3124 3126
f 3124 3127 3126
f 3127 3128 3126
f 3126 3128 3129
f 2681 2680 3083
f 2680 2679 3083
f 3083 2679 3053
f 2679 2678 3053
f 3053 2678 2677
f 3093 3130 3094
f 3130 3131 3094
f 3094 3131 3125
f 3131 3132 3125
f 3125 3132 3123
f 1366 1365 3068
f 1365 1364 3068
f 3068 1364 3069
f 1364 1363 3069
f 3069 1363 1474
f 1190 1335 3055
f 1335 1334 3055
f 3055 1334 3058
f 1334 1339 3058
f 3058 1339 3057
f 3070 3120 3071
f 3120 3115 3071
f 3071 3115 3072
f 3115 3112 3072
f 3072 3112 3073
f 3112 3110 3073
f 3073 3110 3074
f 3110 3104 3074
f 3074 3104 3075
f 3104 3102 3075
f 3075 3102 3076
f 3102 3098 3076
f 3076 3098 3077
f 3098 3096 3077
f 3077 3096 3078
f 3096 3087 3078
f 3078 3087 3079
f 3087 3085 3079
f 3079 3085 3080
f 3085 3092 3080
f 3080 3092 3081
f 3092 3094 3081
f 3081 3094 3082
f 3094 3125 3082
f 3082 3125 3083
f 3125 3126 3083
f 3083 3126 2681
f 3126 3129 2681
f 2681 3129 2682
f 3133 3134 3111
f 3135 3136 3103
f 3137 3138 3095
f 3139 3140 3141
f 3142 3128 3143
f 3128 3144 3143
f 3142 3051 3128
f 3051 3049 3128
f 3128 3049 3129
f 3049 2682 3129
f 3123 3145 3124
f 3145 3144 3124
f 3124 3144 3127
f 3144 3128 3127
f 3131 3146 3132
f 3146 3147 3132
f 3132 3147 3123
f 3147 3148 3123
f 3123 3148 3145
f 3141 3140 3093
f 3140 3149 3093
f 3149 3150 3093
f 3093 3150 3130
f 3150 3151 3130
f 3130 3151 3131
f 3151 3152 3131
f 3131 3152 3146
f 3139 3141 3153
f 3141 3090 3153
f 3153 3090 3154
f 3155 3156 3086
f 3095 3138 3089
f 3155 3086 3138
f 3086 3088 3138
f 3138 3088 3089
f 3090 3084 3154
f 3084 3086 3154
f 3154 3086 3157
f 3086 3156 3157
f 3100 3099 3158
f 3137 3095 3158
f 3095 3159 3158
f 3158 3159 3100
f 3107 3160 3108
f 3160 3161 3108
f 3108 3161 3099
f 3161 3162 3099
f 3099 3162 3158
f 3103 3136 3101
f 3101 3136 3106
f 3136 3163 3106
f 3106 3163 3107
f 3163 3164 3107
f 3107 3164 3160
f 3135 3103 3165
f 3103 3105 3165
f 3165 3105 3166
f 3105 3119 3166
f 3119 3118 3166
f 3166 3118 3167
f 3118 3168 3167
f 3111 3134 3109
f 3168 3118 3134
f 3118 3117 3134
f 3134 3117 3109
f 3133 3111 3169
f 3111 3113 3169
f 3169 3113 3170
f 3113 3114 3170
f 3114 3116 3170
f 3170 3116 3171
f 3116 3122 3171
f 3171 3122 3172
f 3122 3121 3172
f 3172 3121 3173
f 3174 3175 3176
f 3177 3178 3179
f 3180 3181 3182
f 3183 3184 3185
f 3186 3187 3188
f 2963 2962 3189
f 2962 2961 3189
f 3189 2961 3185
f 2961 2952 3185
f 3185 2952 2951
f 2959 2957 3190
f 2957 2955 3190
f 3190 2955 3189
f 2955 2954 3189
f 3189 2954 3191
f 3192 2986 3193
f 2986 2987 3193
f 3193 2987 3190
f 2987 2960 3190
f 3190 2960 2959
f 3194 2967 3192
f 2967 2965 3192
f 2965 2964 3192
f 2964 2984 3192
f 3192 2984 2986
f 3195 2974 3196
f 3196 2981 3195
f 2981 2983 3195
f 3195 2983 3194
f 2983 2968 3194
f 3194 2968 2967
f 2973 2978 3197
f 2978 2977 3197
f 3197 2977 3195
f 2977 2975 3195
f 3195 2975 2974
f 2948 2969 3197
f 2969 2971 3197
f 3197 2971 2973
f 3198 3197 3199
f 3197 3200 3199
f 3198 3186 3197
f 3186 3188 3197
f 3197 3188 2948
f 3188 3201 2948
f 2948 3201 2949
f 3202 3203 3195
f 3203 3204 3195
f 3195 3204 3197
f 3204 3205 3197
f 3197 3205 3200
f 3194 3206 3207
f 3207 3208 3194
f 3208 3209 3194
f 3194 3209 3195
f 3209 3210 3195
f 3195 3210 3202
f 3211 3212 3192
f 3212 3213 3192
f 3192 3213 3194
f 3213 3214 3194
f 3194 3214 3206
f 3193 3215 3216
f 3216 3217 3193
f 3217 3218 3193
f 3193 3218 3192
f 3218 3219 3192
f 3192 3219 3211
f 3220 3221 3190
f 3221 3222 3190
f 3190 3222 3193
f 3222 3223 3193
f 3193 3223 3215
f 3224 3225 3190
f 3225 3226 3190
f 3190 3226 3220
f 3184 3227 3185
f 3227 3228 3185
f 3185 3228 3189
f 3228 3229 3189
f 3189 3229 3190
f 3229 3230 3190
f 3190 3230 3224
f 3183 3185 3231
f 3185 3232 3231
f 3231 3232 3233
f 3234 3235 3232
f 3236 3237 3238
f 3237 3234 3238
f 3235 3239 3232
f 3239 3240 3232
f 3232 3240 3233
f 3181 3241 3182
f 3241 3242 3182
f 3182 3242 3238
f 3242 3243 3238
f 3238 3243 3236
f 3244 3245 3246
f 3244 3246 3182
f 3246 3247 3182
f 3182 3247 3180
f 3248 3249 3244
f 3249 3250 3244
f 3250 3251 3244
f 3244 3251 3245
f 3252 3253 3254
f 3252 3254 3179
f 3254 3255 3179
f 3179 3255 3177
f 3175 3256 3252
f 3256 3257 3252
f 3257 3258 3252
f 3258 3259 3252
f 3252 3259 3253
f 2906 2905 3260
f 3260 3261 2906
f 3261 3262 2906
f 2906 3262 3176
f 3262 3263 3176
f 3176 3263 3174
f 3175 3252 3176
f 3252 3025 3176
f 3176 3025 3027
f 3019 2907 3020
f 2907 2906 3020
f 3020 2906 2945
f 2906 3176 2945
f 2945 3176 2946
f 3176 3027 2946
f 3033 3032 3179
f 3032 3022 3179
f 3179 3022 3252
f 3022 3021 3252
f 3252 3021 3025
f 3035 3033 3244
f 3033 3179 3244
f 3244 3179 3248
f 3179 3178 3248
f 3035 3244 3036
f 3244 3182 3036
f 3036 3182 3031
f 3182 3238 3031
f 3031 3238 3030
f 3234 3232 3238
f 3232 3029 3238
f 3238 3029 3030
f 2951 3039 3185
f 3039 3038 3185
f 3185 3038 3232
f 3038 3037 3232
f 3232 3037 3029
f 3044 3050 3264
f 3265 3266 3267
f 3268 3269 3264
f 3269 3270 3264
f 3264 3270 3271
f 3270 3272 3271
f 3271 3272 3265
f 3265 3267 3271
f 3267 2940 3271
f 3271 2940 3043
f 3050 3051 3264
f 3051 3273 3264
f 3264 3273 3268
f 3273 3274 3268
f 3043 3048 3271
f 3048 3046 3271
f 3271 3046 3264
f 3046 3045 3264
f 3264 3045 3044
f 3275 3276 3277
f 3278 3279 3280
f 2902 3280 2903
f 3280 3279 2903
f 2903 3279 2905
f 3281 3282 3283
f 3281 3283 3284
f 3285 3286 3284
f 3283 2928 2927
f 3284 3283 3285
f 3283 2927 3285
f 3285 2927 2925
f 3287 3288 3285
f 3288 3289 3285
f 3285 3289 3286
f 3290 3291 3292
f 3291 3293 3292
f 3290 3294 3287
f 3294 3295 3287
f 3287 3295 3288
f 3287 2937 2936
f 3290 3287 3291
f 3287 2936 3291
f 3291 2936 2935
f 3293 3291 3296
f 3291 3267 3296
f 3296 3267 3266
f 2925 2924 3285
f 2924 2923 3285
f 3285 2923 3287
f 2923 2922 3287
f 3287 2922 2937
f 3280 3297 3278
f 3297 3298 3278
f 3278 3298 3299
f 3298 3300 3299
f 3276 3301 3277
f 3301 3302 3277
f 3277 3302 3280
f 3302 3303 3280
f 3280 3303 3297
f 2911 2910 3277
f 2910 3304 3277
f 3277 3304 3275
f 3304 3305 3275
f 2902 2914 3280
f 2914 2913 3280
f 3280 2913 3277
f 2913 3306 3277
f 3277 3306 2911
f 3307 3308 3309
f 3308 3310 3309
f 3309 3310 3304
f 3310 3311 3304
f 3304 3311 3305
f 3312 3313 3307
f 3314 3315 3312
f 3315 3316 3312
f 3312 3316 3313
f 3309 2918 2917
f 3307 3309 3312
f 3309 2917 3312
f 3312 2917 2916
f 2916 2915 3312
f 2915 2932 3312
f 3312 2932 3314
f 3282 3317 3283
f 3317 3318 3283
f 3283 3318 3314
f 3318 3319 3314
f 3314 3319 3315
f 2910 2909 3304
f 2909 2920 3304
f 3304 2920 3309
f 2920 3320 3309
f 3309 3320 2918
f 2940 3267 2939
f 3267 3291 2939
f 2939 3291 2934
f 3291 2935 2934
f 2932 2931 3314
f 2931 2930 3314
f 3314 2930 3283
f 2930 2929 3283
f 3283 2929 2928
f 3321 3258 3322
f 3322 3258 3323
f 3324 3325 3326
f 3183 3231 3327
f 3328 3329 3327
f 3246 3245 3330
f 3245 3331 3330
f 3332 3333 3241
f 3241 3334 3332
f 3334 3180 3332
f 3332 3180 3330
f 3180 3247 3330
f 3330 3247 3246
f 3331 3335 3336
f 3337 3338 3332
f 3338 3339 3332
f 3332 3339 3333
f 3331 3336 3330
f 3336 3340 3330
f 3330 3340 3332
f 3340 3341 3332
f 3332 3341 3337
f 3237 3236 3342
f 3236 3243 3342
f 3342 3243 3333
f 3243 3242 3333
f 3333 3242 3241
f 3327 3231 3343
f 3231 3233 3343
f 3343 3233 3344
f 3344 3239 3343
f 3239 3235 3343
f 3343 3235 3345
f 3235 3234 3345
f 3345 3234 3237
f 3342 3346 3347
f 3237 3342 3345
f 3342 3347 3345
f 3345 3347 3348
f 3348 3349 3345
f 3349 3350 3345
f 3345 3350 3343
f 3350 3351 3343
f 3343 3351 3327
f 3351 3352 3327
f 3327 3352 3328
f 3339 3353 3333
f 3353 3354 3333
f 3333 3354 3342
f 3354 3355 3342
f 3342 3355 3346
f 3262 3261 3278
f 3261 3260 3278
f 3278 3260 3279
f 3260 2905 3279
f 3263 3262 3326
f 3262 3278 3326
f 3326 3278 3324
f 3278 3299 3324
f 3324 3299 3300
f 3325 3356 3326
f 3356 3357 3326
f 3326 3357 3263
f 3357 3174 3263
f 3258 3257 3323
f 3257 3256 3323
f 3323 3256 3357
f 3256 3175 3357
f 3357 3175 3174
f 3178 3358 3248
f 3358 3359 3248
f 3178 3177 3358
f 3177 3255 3358
f 3358 3255 3360
f 3255 3254 3360
f 3360 3254 3322
f 3254 3253 3322
f 3322 3253 3321
f 3361 3362 3358
f 3362 3363 3358
f 3358 3363 3359
f 3364 3365 3322
f 3365 3366 3322
f 3322 3366 3360
f 3366 3367 3360
f 3360 3367 3358
f 3367 3368 3358
f 3358 3368 3361
f 3245 3369 3331
f 3369 3250 3331
f 3331 3250 3359
f 3250 3249 3359
f 3359 3249 3248
f 3356 3370 3357
f 3370 3371 3357
f 3357 3371 3323
f 3371 3372 3323
f 3323 3372 3322
f 3372 3373 3322
f 3322 3373 3364
f 3184 3183 3374
f 3183 3327 3374
f 3374 3327 3375
f 3327 3329 3375
f 3375 3329 623
f 3363 3376 3359
f 3376 3377 3359
f 3359 3377 3331
f 3377 3378 3331
f 3331 3378 3335
f 3379 3274 3273
f 3149 3380 3381
f 3149 3381 3150
f 3381 3382 3150
f 3150 3382 3151
f 3383 3384 3385
f 3384 3386 3385
f 3385 3386 3387
f 3388 3389 3384
f 3389 3390 3384
f 3384 3390 3391
f 3392 3137 3393
f 3137 3158 3393
f 3393 3158 3391
f 3158 3162 3391
f 3391 3162 3384
f 3394 3153 3395
f 3153 3154 3395
f 3395 3154 3396
f 3154 3157 3396
f 3396 3157 3397
f 3157 3156 3397
f 3397 3156 3398
f 3156 3155 3398
f 3398 3155 3392
f 3155 3399 3392
f 3392 3399 3137
f 3386 3163 3400
f 3401 3387 3165
f 3387 3386 3165
f 3165 3386 3135
f 3386 3400 3135
f 3401 3165 3402
f 3165 3166 3402
f 3402 3166 3403
f 3166 3167 3403
f 3403 3167 3404
f 3167 3168 3404
f 3404 3168 3405
f 3162 3161 3384
f 3161 3160 3384
f 3384 3160 3386
f 3160 3164 3386
f 3386 3164 3163
f 3380 3149 3406
f 3149 3140 3406
f 3406 3140 3394
f 3140 3139 3394
f 3394 3139 3153
f 3273 3051 3142
f 3379 3273 3407
f 3273 3142 3407
f 3407 3142 3143
f 3172 3173 759
f 3168 3134 3405
f 3134 3133 3405
f 3405 3133 3408
f 3133 3169 3408
f 3408 3169 3409
f 3169 3410 3409
f 3409 3410 3411
f 3410 3171 3411
f 3411 3171 3412
f 3171 3172 3412
f 3412 3172 3413
f 3172 759 3413
f 3382 3414 3151
f 3414 3415 3151
f 3151 3415 3152
f 3415 3416 3152
f 3152 3416 3146
f 3416 3417 3146
f 3146 3417 3147
f 3417 3418 3147
f 3147 3418 3148
f 3418 3419 3148
f 3148 3419 3420
f 3419 3421 3420
f 3420 3421 3144
f 3421 3422 3144
f 3144 3422 3143
f 3143 3422 3407
f 3422 3423 3407
f 3407 3423 3379
f 836 835 3424
f 816 818 3425
f 834 833 3426
f 814 813 3427
f 808 837 3428
f 3429 3430 3431
f 3432 3433 3434
f 3435 3436 3437
f 777 776 3438
f 3439 3440 3441
f 3305 3311 3442
f 3265 3272 3443
f 3272 3270 3443
f 3379 3441 3274
f 3441 3440 3274
f 3274 3440 3268
f 3440 3269 3268
f 3293 3296 3444
f 3296 3266 3444
f 3290 3292 3436
f 3292 3293 3436
f 3295 3294 3445
f 3281 3284 3446
f 3284 3286 3446
f 3286 3289 3446
f 3446 3289 3445
f 3289 3447 3445
f 3445 3447 3295
f 3315 3319 3448
f 3449 3450 3317
f 3450 3448 3317
f 3317 3448 3318
f 3448 3319 3318
f 3451 3313 3316
f 3311 3310 3442
f 3310 3308 3442
f 3442 3308 3451
f 3308 3307 3451
f 3451 3307 3313
f 3305 3442 3275
f 3442 3452 3275
f 3275 3452 3276
f 3300 3298 3453
f 3298 3297 3453
f 3297 3303 3453
f 3303 3302 3453
f 3453 3302 3452
f 3302 3301 3452
f 3452 3301 3276
f 3454 3325 3453
f 3325 3324 3453
f 3453 3324 3300
f 3365 3364 3455
f 3364 3373 3455
f 3455 3373 3454
f 3373 3372 3454
f 3454 3372 3371
f 3371 3370 3454
f 3370 3356 3454
f 3454 3356 3325
f 3456 3362 3361
f 3361 3368 3456
f 3368 3367 3456
f 3456 3367 3366
f 3340 3336 3457
f 3336 3335 3457
f 3335 3378 3457
f 3378 3377 3457
f 3457 3377 3458
f 3459 3341 3460
f 3461 3462 3338
f 3462 3461 3353
f 3461 3463 3353
f 3353 3463 3354
f 3348 3347 3464
f 3347 3346 3464
f 3464 3346 3463
f 3346 3355 3463
f 3463 3355 3354
f 3352 3351 3465
f 3351 3466 3465
f 3465 3466 3464
f 3466 3467 3464
f 3464 3467 3348
f 18 623 3329
f 824 19 3465
f 19 18 3465
f 18 3329 3465
f 3329 3328 3465
f 3465 3328 3352
f 3468 3409 3411
f 762 3412 761
f 3412 3413 761
f 761 3413 759
f 3403 3404 3468
f 3404 3405 3468
f 3405 3408 3468
f 3468 3408 3409
f 3389 3383 3469
f 3383 3385 3469
f 3385 3387 3469
f 3387 3470 3469
f 3469 3470 3402
f 3471 3391 3469
f 3391 3390 3469
f 3469 3390 3389
f 3395 3396 3472
f 3396 3473 3472
f 3473 3474 3472
f 3474 3392 3472
f 3472 3392 3393
f 3475 3476 3406
f 3475 3406 3472
f 3406 3394 3472
f 3472 3394 3395
f 3477 3382 3475
f 3382 3381 3475
f 3475 3381 3476
f 3417 3416 3478
f 3416 3415 3478
f 3478 3415 3414
f 3417 3478 3418
f 3478 3479 3418
f 3418 3479 3419
f 3379 3423 3441
f 3423 3422 3441
f 3441 3422 3479
f 3422 3421 3479
f 3479 3421 3419
f 764 757 3480
f 757 3481 3480
f 764 3480 763
f 3480 3468 763
f 763 3468 762
f 3468 3411 762
f 762 3411 3412
f 3482 3483 768
f 757 755 3481
f 755 754 3481
f 3481 754 3483
f 754 774 3483
f 3483 774 768
f 3414 3382 3478
f 3382 3477 3478
f 3478 3477 3479
f 3477 3484 3479
f 3479 3484 3441
f 3484 3485 3441
f 3441 3485 3439
f 3485 3486 3439
f 3402 3403 3469
f 3403 3468 3469
f 3469 3468 3471
f 3468 3480 3471
f 3471 3480 3487
f 3480 3481 3487
f 3487 3481 3488
f 3481 3483 3488
f 3488 3483 3489
f 3483 3482 3489
f 3489 3482 3490
f 3482 3491 3490
f 3490 3491 3438
f 3491 1 3438
f 3438 1 777
f 3270 3269 3443
f 3269 3440 3443
f 3443 3440 3492
f 3440 3439 3492
f 3492 3439 3493
f 3439 3486 3493
f 3493 3486 3494
f 768 766 3482
f 766 765 3482
f 3482 765 3491
f 765 2 3491
f 3491 2 1
f 3495 3435 3496
f 3495 3433 3497
f 3433 3432 3497
f 3497 3432 3498
f 3499 3498 3500
f 3498 3432 3500
f 3500 3432 3501
f 3432 3434 3501
f 3501 3434 3424
f 849 848 3494
f 848 847 3494
f 847 3502 3494
f 3502 3503 3494
f 3494 3503 3493
f 3503 3504 3493
f 3493 3504 3492
f 3504 3444 3492
f 3492 3444 3443
f 3444 3266 3443
f 3443 3266 3265
f 3505 810 809
f 3435 3437 3496
f 3437 3506 3496
f 3496 3506 3507
f 3506 3505 3507
f 3507 3505 3428
f 3505 809 3428
f 3428 809 808
f 847 804 3502
f 804 803 3502
f 3502 803 811
f 3293 3444 3436
f 3444 3504 3436
f 3436 3504 3437
f 3504 3503 3437
f 3437 3503 3506
f 3503 3502 3506
f 3506 3502 3505
f 3502 811 3505
f 3505 811 810
f 3508 3430 3509
f 3430 3429 3509
f 3509 3429 3510
f 835 814 3424
f 814 3427 3424
f 3424 3427 3501
f 3427 3511 3501
f 3501 3511 3500
f 3511 3512 3500
f 3500 3512 3499
f 3512 3513 3499
f 818 834 3425
f 834 3426 3425
f 3425 3426 3514
f 3426 3515 3514
f 3514 3515 3516
f 3515 3517 3516
f 3516 3517 3518
f 3517 3460 3518
f 813 816 3427
f 816 3425 3427
f 3427 3425 3511
f 3425 3514 3511
f 3511 3514 3512
f 3514 3516 3512
f 3512 3516 3513
f 3516 3518 3513
f 3510 822 820
f 3508 827 825
f 3461 3431 3463
f 3431 3430 3463
f 3463 3430 3464
f 3430 3508 3464
f 3464 3508 3465
f 3508 825 3465
f 3465 825 824
f 3510 820 3509
f 820 829 3509
f 3509 829 3508
f 829 828 3508
f 3508 828 827
f 831 830 3510
f 830 823 3510
f 3510 823 822
f 833 831 3426
f 831 3510 3426
f 3426 3510 3515
f 3510 3429 3515
f 3515 3429 3517
f 3429 3431 3517
f 3517 3431 3460
f 3431 3461 3460
f 3460 3461 3459
f 3461 3338 3459
f 3495 3496 3433
f 3496 3507 3433
f 3433 3507 3434
f 3507 3428 3434
f 3434 3428 3424
f 3428 837 3424
f 3424 837 836
f 3366 3365 3456
f 3365 3455 3456
f 3456 3455 3519
f 3455 3454 3519
f 3519 3454 3520
f 3454 3453 3520
f 3520 3453 3521
f 3453 3452 3521
f 3521 3452 3522
f 3452 3442 3522
f 3522 3442 3448
f 3442 3451 3448
f 3448 3451 3315
f 3451 3316 3315
f 3449 3281 3450
f 3281 3446 3450
f 3450 3446 3448
f 3446 3523 3448
f 3448 3523 3522
f 3523 3524 3522
f 3522 3524 3521
f 3524 3525 3521
f 3521 3525 3520
f 3525 3526 3520
f 3520 3526 3519
f 3526 3527 3519
f 3519 3527 3456
f 3527 3528 3456
f 3456 3528 3362
f 3528 3457 3362
f 3362 3457 3363
f 3457 3458 3363
f 3341 3340 3460
f 3340 3457 3460
f 3460 3457 3518
f 3457 3528 3518
f 3518 3528 3513
f 3528 3527 3513
f 3513 3527 3499
f 3527 3526 3499
f 3499 3526 3498
f 3526 3525 3498
f 3498 3525 3497
f 3525 3524 3497
f 3497 3524 3495
f 3524 3523 3495
f 3495 3523 3435
f 3523 3446 3435
f 3435 3446 3436
f 3446 3445 3436
f 3436 3445 3290
f 3445 3294 3290
f 3393 3391 3472
f 3391 3471 3472
f 3472 3471 3475
f 3471 3487 3475
f 3475 3487 3477
f 3487 3488 3477
f 3477 3488 3484
f 3488 3489 3484
f 3484 3489 3485
f 3489 3490 3485
f 3485 3490 3486
f 3490 3438 3486
f 3486 3438 3494
f 3438 776 3494
f 3494 776 849
f 3529 3530 3531
f 3532 3533 3529
f 3534 3535 3536
f 3535 3537 3536
f 3536 3537 3538
f 2274 2273 3534
f 3534 3536 2274
f 3536 1913 2274
f 2274 1913 2275
f 3531 1899 1898
f 3529 3531 3532
f 3531 1898 3532
f 3532 1898 2034
f 1896 3539 2031
f 3539 3532 2031
f 2031 3532 2032
f 3532 2034 2032
f 3540 3541 3539
f 3541 3542 3539
f 3539 3542 3532
f 3542 3543 3532
f 3532 3543 3533
f 1896 3544 3539
f 3544 1995 3539
f 3539 1995 3538
f 1995 1994 3538
f 3538 1994 1992
f 3537 3545 3538
f 3545 3546 3538
f 3538 3546 3547
f 3547 3548 3538
f 3548 3549 3538
f 3538 3549 3539
f 3549 3550 3539
f 3539 3550 3540
f 1992 1991 3538
f 1991 2015 3538
f 3538 2015 3536
f 2015 2020 3536
f 3536 2020 2019
f 2019 2017 3536
f 2017 3551 3536
f 3536 3551 1913
f 3552 3553 3554
f 3555 3556 3557
f 3558 3559 3556
f 3548 3547 3560
f 2753 3561 3562
f 2770 3563 3564
f 2716 2715 3565
f 2717 2724 3566
f 3567 1692 3568
f 3568 1692 1690
f 3530 3529 3569
f 3529 3570 3569
f 3569 3570 3571
f 3570 3572 3571
f 3571 3572 3573
f 3573 3572 3574
f 3572 3575 3574
f 3574 3575 3576
f 3577 3578 3579
f 3580 3581 3582
f 3583 3584 3585
f 3584 3586 3585
f 3587 3588 3583
f 3588 3589 3583
f 3583 3589 3584
f 3590 3591 3587
f 3591 3592 3587
f 3587 3592 3588
f 3593 3594 3595
f 3596 3597 3595
f 3597 3598 3595
f 3595 3598 3593
f 860 3599 1684
f 3599 3600 1684
f 1684 3600 3601
f 1688 1676 3601
f 1676 1675 3601
f 3601 1675 1684
f 1685 1687 3602
f 1687 1688 3602
f 3602 1688 3603
f 1688 3601 3603
f 1696 1698 3604
f 1698 1699 3604
f 3604 1699 3605
f 1699 1695 3605
f 3605 1695 3606
f 1695 1694 3606
f 3606 1694 3567
f 1701 3607 1703
f 3607 3608 1703
f 1703 3608 1704
f 3608 1705 1704
f 3609 3610 3608
f 1705 3608 1706
f 3608 3610 1706
f 1706 3610 1707
f 1707 3610 1708
f 3610 3609 1708
f 1708 3609 1710
f 3609 3611 1710
f 1710 3611 1711
f 1683 1714 3612
f 1714 3613 3612
f 3612 3613 3611
f 3613 1712 3611
f 3611 1712 1711
f 1683 3612 1682
f 3612 3614 1682
f 1682 3614 1680
f 3614 3615 1680
f 1680 3615 3616
f 1820 3617 2733
f 3617 3618 2733
f 2732 2731 3618
f 2731 2730 3618
f 3618 2730 2733
f 3619 2728 3620
f 2723 2721 3621
f 2721 2720 3621
f 3621 2720 3622
f 3566 2724 3623
f 2715 3624 3565
f 3624 2719 3565
f 3565 2719 3566
f 2719 2718 3566
f 3566 2718 2717
f 2708 2707 3625
f 2707 2689 3625
f 3625 2689 2688
f 2709 3554 2710
f 3554 3553 2710
f 2710 3553 2711
f 3553 2712 2711
f 3626 3627 2769
f 3627 3564 2769
f 2769 3564 2765
f 3564 3563 2765
f 3628 2772 3629
f 2772 3630 3629
f 3629 3630 3631
f 3632 3633 2755
f 2755 2760 3632
f 2760 2759 3632
f 3632 2759 3628
f 2759 2775 3628
f 3628 2775 2772
f 2750 2748 3634
f 2748 2746 3634
f 2746 3635 3634
f 3634 3635 3636
f 2753 3562 2754
f 2273 2754 3534
f 2754 3562 3534
f 3534 3562 3535
f 3562 3637 3535
f 3535 3637 3537
f 3637 3638 3537
f 3537 3638 3545
f 3560 3547 3638
f 3547 3639 3638
f 3638 3639 3545
f 3640 3543 3641
f 3543 3542 3641
f 3641 3542 3541
f 3642 3643 3644
f 3643 3645 3644
f 3644 3645 3594
f 3593 3590 3594
f 3590 3587 3594
f 3594 3587 3644
f 3587 3583 3644
f 3644 3583 3642
f 3583 3585 3642
f 3646 3647 3648
f 3647 3649 3648
f 3648 3649 3650
f 3649 3651 3650
f 3650 3651 3652
f 3651 3580 3652
f 3652 3580 3577
f 3580 3582 3577
f 3577 3582 3578
f 3600 3653 3601
f 3653 3654 3601
f 3601 3654 3603
f 3654 3655 3603
f 3603 3655 3602
f 3655 3656 3602
f 3602 3656 1685
f 3599 3596 3600
f 3596 3595 3600
f 3600 3595 3653
f 3595 3594 3653
f 3653 3594 3654
f 3594 3645 3654
f 3654 3645 3655
f 3645 3657 3655
f 3655 3657 3656
f 3576 3575 3658
f 3575 3659 3658
f 3658 3659 3660
f 3659 3661 3660
f 3660 3661 3662
f 3661 3663 3662
f 3662 3663 3664
f 3663 3665 3664
f 3664 3665 3666
f 3665 3667 3666
f 3666 3667 3668
f 3667 3669 3668
f 3668 3669 3670
f 3559 3558 3671
f 3558 3672 3671
f 3671 3672 3673
f 3672 3674 3673
f 3673 3674 3675
f 3674 3676 3675
f 3675 3676 3677
f 3541 3540 3641
f 3540 3678 3641
f 3641 3678 3557
f 3678 3679 3557
f 3557 3679 3555
f 3679 3680 3555
f 3555 3680 3681
f 3680 3682 3681
f 3681 3682 3683
f 3682 3684 3683
f 3683 3684 3685
f 3556 3555 3558
f 3555 3681 3558
f 3558 3681 3672
f 3681 3683 3672
f 3672 3683 3674
f 3683 3685 3674
f 3674 3685 3676
f 3637 3686 3638
f 3686 3687 3638
f 3638 3687 3560
f 3687 3549 3560
f 3560 3549 3548
f 3529 3640 3570
f 3640 3641 3570
f 3570 3641 3572
f 3641 3557 3572
f 3572 3557 3575
f 3557 3556 3575
f 3575 3556 3659
f 3556 3559 3659
f 3659 3559 3661
f 3559 3671 3661
f 3661 3671 3663
f 3671 3673 3663
f 3663 3673 3665
f 3673 3675 3665
f 3665 3675 3667
f 3675 3677 3667
f 3667 3677 3669
f 3688 3689 3690
f 3689 3691 3690
f 3690 3691 3692
f 3691 3693 3692
f 3692 3693 3694
f 3693 3656 3694
f 3694 3656 3695
f 3656 3657 3695
f 3695 3657 3646
f 3657 3645 3646
f 3646 3645 3647
f 3645 3643 3647
f 3647 3643 3649
f 3643 3642 3649
f 3649 3642 3651
f 3642 3585 3651
f 3651 3585 3580
f 3585 3586 3580
f 3580 3586 3581
f 3579 3576 3577
f 3576 3658 3577
f 3577 3658 3652
f 3658 3660 3652
f 3652 3660 3650
f 3660 3662 3650
f 3650 3662 3648
f 3662 3664 3648
f 3648 3664 3646
f 3664 3666 3646
f 3646 3666 3695
f 3666 3668 3695
f 3695 3668 3694
f 3668 3670 3694
f 3694 3670 3692
f 3670 3696 3692
f 3692 3696 3690
f 3696 3697 3690
f 3690 3697 3688
f 3630 2770 3631
f 2770 3564 3631
f 3631 3564 3698
f 3564 3627 3698
f 3698 3627 3552
f 3627 3626 3552
f 3552 3626 3553
f 3626 3699 3553
f 3553 3699 2712
f 2688 3700 3625
f 3700 3554 3625
f 3625 3554 2708
f 3554 2709 2708
f 3561 2750 3562
f 2750 3634 3562
f 3562 3634 3637
f 3634 3701 3637
f 3637 3701 3686
f 1700 1696 3702
f 1696 3604 3702
f 3702 3604 3703
f 3604 3605 3703
f 3703 3605 3704
f 3567 3568 3606
f 3568 3705 3606
f 3606 3705 3605
f 3697 3704 3688
f 3704 3605 3688
f 3688 3605 3689
f 3605 3705 3689
f 3689 3705 3691
f 3705 3568 3691
f 3691 3568 3693
f 3568 1690 3693
f 3693 1690 3656
f 1690 1689 3656
f 3656 1689 1685
f 3635 3633 3636
f 3633 3632 3636
f 3636 3632 3706
f 3632 3628 3706
f 3706 3628 3707
f 3628 3629 3707
f 3707 3629 3708
f 3629 3631 3708
f 3708 3631 3709
f 3631 3698 3709
f 3709 3698 3710
f 3698 3552 3710
f 3710 3552 3711
f 3552 3554 3711
f 3711 3554 3712
f 3554 3700 3712
f 3712 3700 3713
f 3700 3714 3713
f 3713 3714 3607
f 3714 3715 3607
f 3607 3715 3608
f 3716 3717 3718
f 3717 3719 3718
f 3718 3719 3720
f 3719 3721 3720
f 3720 3721 3722
f 3723 3619 3724
f 3619 3620 3724
f 3724 3620 3618
f 3620 2728 3618
f 3618 2728 2732
f 2724 2723 3623
f 2723 3621 3623
f 3623 3621 3724
f 3621 3622 3724
f 3724 3622 3723
f 3716 3623 3717
f 3623 3724 3717
f 3717 3724 3719
f 3724 3618 3719
f 3719 3618 3721
f 3618 3617 3721
f 3721 3617 3722
f 3617 1822 3722
f 3722 1822 1825
f 2688 2716 3700
f 2716 3565 3700
f 3700 3565 3714
f 3565 3566 3714
f 3714 3566 3715
f 3566 3623 3715
f 3715 3623 3608
f 3623 3716 3608
f 3608 3716 3609
f 3716 3718 3609
f 3609 3718 3611
f 3718 3720 3611
f 3611 3720 3612
f 3720 3722 3612
f 3612 3722 3614
f 3722 1825 3614
f 3678 3549 3679
f 3549 3687 3679
f 3679 3687 3680
f 3687 3686 3680
f 3680 3686 3682
f 3686 3701 3682
f 3682 3701 3684
f 3701 3634 3684
f 3684 3634 3685
f 3634 3636 3685
f 3685 3636 3676
f 3636 3706 3676
f 3676 3706 3677
f 3706 3707 3677
f 3677 3707 3669
f 3707 3708 3669
f 3669 3708 3670
f 3708 3709 3670
f 3670 3709 3696
f 3709 3710 3696
f 3696 3710 3697
f 3710 3711 3697
f 3697 3711 3704
f 3711 3712 3704
f 3704 3712 3703
f 3712 3713 3703
f 3703 3713 3702
f 3713 3607 3702
f 3702 3607 1700
f 3607 1701 1700
f 3725 3726 3727
f 3725 3727 3728
f 3727 3729 3728
f 3728 3729 3730
f 3729 3731 3730
f 3730 3731 3732
f 3733 3734 3735
f 3734 3736 3735
f 3736 3737 3735
f 3737 3738 3735
f 3735 3738 3739
f 3738 3740 3739
f 3739 3740 3741
f 3741 3740 3742
f 3740 3743 3742
f 3742 3743 3744
f 3744 3743 3745
f 3743 3746 3745
f 3745 3746 3747
f 3746 3748 3747
f 3747 3748 3749
f 3748 3750 3749
f 3749 3750 3751
f 3750 3752 3751
f 3751 3752 3753
f 3731 3754 3755
f 3734 3756 3736
f 3756 3757 3736
f 3736 3757 3755
f 3757 3758 3755
f 3755 3758 3731
f 3758 3759 3731
f 3731 3759 3732
f 3760 3761 3762
f 3725 3763 3726
f 3763 3764 3726
f 3726 3764 3765
f 3764 3766 3765
f 3765 3766 3762
f 3766 3767 3762
f 3762 3767 3760
f 3767 3768 3760
f 3760 3768 3769
f 3770 3771 3772
f 3762 3773 3772
f 3774 3041 3775
f 3774 3776 3777
f 3774 3777 3778
f 3777 3779 3778
f 3778 3779 3780
f 3774 3775 3776
f 3775 3781 3776
f 3776 3781 3782
f 3781 3783 3782
f 3782 3783 3784
f 3783 3785 3784
f 3784 3785 3786
f 3785 3787 3786
f 3786 3787 3788
f 3787 3789 3788
f 3788 3789 3790
f 3789 3791 3792
f 3791 3793 3792
f 3772 3773 3792
f 3773 3760 3792
f 3760 3794 3792
f 3792 3794 3789
f 3794 3795 3789
f 3789 3795 3790
f 3762 3772 3765
f 3772 3771 3765
f 3765 3771 3726
f 3771 3796 3726
f 3726 3796 3727
f 3796 3797 3727
f 3727 3797 3729
f 3797 3798 3729
f 3729 3798 3731
f 3799 3752 3750
f 3798 3800 3731
f 3800 3801 3731
f 3731 3801 3802
f 3801 3803 3802
f 3802 3803 3755
f 3803 3804 3755
f 3755 3804 3736
f 3804 3805 3736
f 3736 3805 3737
f 3805 3806 3737
f 3737 3806 3807
f 3806 3808 3807
f 3807 3808 3740
f 3808 3809 3740
f 3740 3809 3743
f 3809 3810 3743
f 3743 3810 3811
f 3810 3812 3811
f 3811 3812 3748
f 3812 3813 3748
f 3748 3813 3750
f 3813 3814 3750
f 3750 3814 3799
f 3814 3815 3799
f 3793 3816 3792
f 3816 3817 3792
f 3792 3817 3772
f 3817 3818 3772
f 3772 3818 3770
f 3799 3815 3819
f 3820 3821 3822
f 3821 3823 3822
f 3822 3823 3819
f 3823 3752 3819
f 3819 3752 3799
f 3824 3825 3826
f 3824 3826 3827
f 3820 3828 3821
f 3828 3829 3821
f 3821 3829 3826
f 3829 3830 3826
f 3826 3830 3827
f 3830 3831 3827
f 1139 1110 3832
f 3833 3834 1861
f 3835 3836 3837
f 3838 3839 3840
f 3841 3842 3843
f 3842 3844 3843
f 3843 3844 3845
f 3845 3844 3840
f 3844 3846 3840
f 3840 3846 3838
f 3847 3848 3840
f 3848 3849 3840
f 3840 3849 3845
f 3850 3851 3852
f 3851 3853 3852
f 3852 3853 3847
f 3853 3854 3847
f 3847 3854 3848
f 3850 3852 3855
f 3852 3856 3855
f 3855 3856 3857
f 3857 3856 3858
f 3856 3859 3858
f 3858 3859 3860
f 3861 3862 3863
f 3862 3864 3863
f 3863 3864 3859
f 3864 3865 3859
f 3859 3865 3860
f 3866 3867 3868
f 3867 3869 3868
f 3868 3869 3870
f 3869 3871 3870
f 3870 3871 3863
f 3871 3872 3863
f 3863 3872 3861
f 3866 3868 3873
f 3868 3874 3873
f 3873 3874 3875
f 3875 3874 3876
f 3874 3877 3876
f 3876 3877 3878
f 3879 3880 3877
f 3880 3881 3877
f 3877 3881 3878
f 3882 3883 3884
f 3883 3885 3884
f 3884 3885 3879
f 3885 3886 3879
f 3879 3886 3880
f 3882 3884 3887
f 3884 3888 3887
f 3887 3888 3889
f 3889 3888 3890
f 3888 3891 3890
f 3890 3891 3892
f 3892 3891 3893
f 3891 3894 3893
f 3893 3894 3895
f 942 1029 3896
f 3894 943 942
f 942 3896 3894
f 3896 3897 3894
f 3894 3897 3895
f 3840 3837 3847
f 3837 3898 3847
f 3847 3898 3852
f 3898 3899 3852
f 3852 3899 3856
f 3899 3900 3856
f 3856 3900 3859
f 3900 3901 3859
f 3859 3901 3863
f 3901 3902 3863
f 3863 3902 3870
f 3902 3903 3870
f 3870 3903 3868
f 3903 3904 3868
f 3868 3904 3874
f 3904 3905 3874
f 3874 3905 3877
f 3905 3906 3877
f 3877 3906 3879
f 3906 3907 3879
f 3879 3907 3884
f 3907 3908 3884
f 3884 3908 3888
f 3908 3909 3888
f 3888 3909 3891
f 3909 3910 3891
f 3891 3910 3894
f 3910 3832 3894
f 3894 3832 943
f 3832 1110 943
f 3839 3911 3840
f 3911 3912 3840
f 3840 3912 3837
f 3912 3913 3837
f 3837 3913 3835
f 1861 3834 1862
f 3834 3914 1862
f 1862 3914 1863
f 1863 3914 1865
f 3914 3915 1865
f 1865 3915 1866
f 3915 3916 1866
f 1866 3916 1867
f 3917 3918 3919
f 3918 3920 3919
f 3919 3920 3921
f 1867 3916 1868
f 3916 3922 1868
f 1868 3922 1836
f 3922 3919 1836
f 1836 3919 1837
f 3919 3921 1837
f 1837 3921 1839
f 1135 1137 1841
f 1137 3923 1841
f 3924 1843 3925
f 1843 1845 3925
f 3925 1845 3923
f 1845 1846 3923
f 3923 1846 1841
f 3926 1851 3927
f 1851 1853 3927
f 3927 1853 3928
f 1853 1854 3928
f 1854 1847 3928
f 3928 1847 3929
f 1847 1849 3929
f 3929 1849 3924
f 1849 1850 3924
f 3924 1850 1843
f 1861 1859 3833
f 1859 1858 3833
f 3833 1858 3930
f 1858 1856 3930
f 3930 1856 3926
f 1856 1855 3926
f 3926 1855 1851
f 3931 3932 3919
f 3932 3933 3919
f 3919 3933 3917
f 3836 3931 3837
f 3931 3919 3837
f 3837 3919 3898
f 3919 3922 3898
f 3898 3922 3899
f 3922 3916 3899
f 3899 3916 3900
f 3916 3915 3900
f 3900 3915 3901
f 3915 3914 3901
f 3901 3914 3902
f 3914 3834 3902
f 3902 3834 3903
f 3834 3833 3903
f 3903 3833 3904
f 3833 3930 3904
f 3904 3930 3905
f 3930 3926 3905
f 3905 3926 3906
f 3926 3927 3906
f 3906 3927 3907
f 3927 3928 3907
f 3907 3928 3908
f 3928 3929 3908
f 3908 3929 3909
f 3929 3924 3909
f 3909 3924 3910
f 3924 3925 3910
f 3910 3925 3832
f 3925 3923 3832
f 3832 3923 1139
f 3923 1137 1139
f 3934 3935 3936
f 2340 2350 3937
f 2338 2337 3938
f 3939 3940 3941
f 3942 3943 3944
f 2373 2374 3945
f 2374 2375 3945
f 3946 2330 2329
f 2327 3947 2329
f 3947 3948 2329
f 2329 3948 3946
f 3825 3949 3950
f 3949 3951 3950
f 3950 3951 3952
f 3937 2350 3953
f 2350 2349 3953
f 3953 2349 2348
f 2358 3954 2359
f 3954 3955 2359
f 2359 3955 2351
f 2348 2355 3953
f 2355 2354 3953
f 3953 2354 3955
f 2354 2352 3955
f 3955 2352 2351
f 2366 3956 2364
f 3956 3957 2364
f 2364 3957 2361
f 2373 3945 2368
f 3945 3958 2368
f 2368 3958 2369
f 2366 2372 3956
f 2372 2371 3956
f 3956 2371 3958
f 2371 2370 3958
f 3958 2370 2369
f 2358 2357 3954
f 2357 2363 3954
f 3954 2363 3957
f 2363 2362 3957
f 3957 2362 2361
f 3959 3960 3961
f 3959 3961 3962
f 3961 3963 3962
f 3962 3963 3964
f 3965 3966 3967
f 3965 3967 3968
f 3967 3969 3968
f 3969 3970 3968
f 3968 3970 3959
f 3970 3971 3959
f 3959 3971 3960
f 3972 3973 3974
f 3973 3975 3974
f 3974 3975 3976
f 3977 3978 3979
f 3978 3952 3979
f 3979 3980 3977
f 3980 3981 3977
f 3977 3981 3975
f 3981 3982 3975
f 3975 3982 3976
f 3983 3984 3978
f 3984 3985 3978
f 3978 3985 3952
f 3985 3986 3952
f 3952 3986 3950
f 3972 3987 3973
f 3987 3988 3973
f 3973 3988 3965
f 3988 3989 3965
f 3965 3989 3966
f 3990 3991 3992
f 3990 3992 3993
f 3992 3994 3993
f 3993 3994 3995
f 3995 3996 3993
f 3996 3997 3993
f 3993 3997 3944
f 3997 3998 3944
f 3944 3998 3942
f 3941 3940 3999
f 3940 4000 3999
f 3999 4000 4001
f 4002 4003 4004
f 4003 4005 4004
f 4004 4006 4002
f 4006 4007 4002
f 4002 4007 3941
f 4007 4008 3941
f 3941 4008 3939
f 4001 4009 3999
f 4009 4010 3999
f 3999 4010 3990
f 4010 4011 3990
f 3990 4011 3991
f 3935 3983 3936
f 3983 3978 3936
f 3936 3978 4012
f 3978 3977 4012
f 4012 3977 4013
f 3977 3975 4013
f 4013 3975 4014
f 3975 3973 4014
f 4014 3973 4015
f 3973 3965 4015
f 4015 3965 4016
f 3965 3968 4016
f 4016 3968 4017
f 3968 3959 4017
f 4017 3959 4018
f 3959 3962 4018
f 4018 3962 4019
f 3962 4003 4019
f 4019 4003 4020
f 4003 4002 4020
f 4020 4002 4021
f 4002 3941 4021
f 4021 3941 4022
f 3941 3999 4022
f 4022 3999 4023
f 3999 3990 4023
f 4023 3990 3947
f 3990 3993 3947
f 3947 3993 3948
f 3993 3944 3948
f 4024 2294 2346
f 4024 2346 4025
f 3938 2337 4024
f 2337 2295 4024
f 4024 2295 2294
f 2346 2345 4025
f 2345 2343 4025
f 4025 2343 3937
f 2343 2341 3937
f 3937 2341 2340
f 2327 2336 3947
f 2336 2335 3947
f 3947 2335 4023
f 2335 2332 4023
f 4023 2332 4022
f 2332 2331 4022
f 2338 3938 2339
f 3938 4026 2339
f 2339 4026 2334
f 4027 3945 4028
f 3945 2375 4028
f 4028 2375 2376
f 3964 4029 3962
f 4029 4030 3962
f 3962 4030 4003
f 4030 4031 4003
f 4003 4031 4005
f 4027 3934 3945
f 3934 3936 3945
f 3945 3936 3958
f 3936 4012 3958
f 3958 4012 3956
f 4012 4013 3956
f 3956 4013 3957
f 4013 4014 3957
f 3957 4014 3954
f 4014 4015 3954
f 3954 4015 3955
f 4015 4016 3955
f 3955 4016 3953
f 4016 4017 3953
f 3953 4017 3937
f 4017 4018 3937
f 3937 4018 4025
f 4018 4019 4025
f 4025 4019 4024
f 4019 4020 4024
f 4024 4020 3938
f 4020 4021 3938
f 3938 4021 4026
f 4021 4022 4026
f 4026 4022 2334
f 4022 2331 2334
f 4032 4033 4034
f 4035 3935 4036
f 3935 3934 4036
f 4036 3934 4037
f 3934 4027 4037
f 4037 4027 4038
f 4027 4028 4038
f 4038 4028 4034
f 4028 4039 4034
f 4034 4039 4032
f 3821 3826 4040
f 4040 3826 4041
f 3821 4040 4042
f 4040 3753 4042
f 4042 3753 3752
f 4043 3986 4035
f 3986 3985 4035
f 3985 3984 4035
f 3984 3983 4035
f 4035 3983 3935
f 4043 4044 3986
f 4044 4041 3986
f 3986 4041 3950
f 4041 3826 3950
f 3950 3826 3825
f 4045 4046 4047
f 3944 3943 4048
f 4049 4047 4050
f 4047 2330 4050
f 3944 4048 3948
f 3948 4048 4047
f 4048 3841 4047
f 4047 3841 4045
f 4045 3841 3843
f 4051 4052 3843
f 3843 4052 4045
f 4052 4053 4045
f 4045 4053 4046
f 4054 3873 3875
f 4054 3875 4055
f 3875 3876 4055
f 4055 3876 4056
f 1029 2446 3896
f 2446 4057 3896
f 3896 4057 3897
f 4057 4058 3897
f 3897 4058 4059
f 4058 4060 4059
f 4059 4060 3893
f 4060 4061 3893
f 4062 3889 4063
f 3889 3890 4063
f 4063 3890 4061
f 3890 3892 4061
f 4061 3892 3893
f 4056 3876 4064
f 3876 4065 4064
f 4064 4065 4066
f 4065 3881 4066
f 4066 3881 4067
f 3881 3880 4067
f 4067 3880 4068
f 3880 3886 4068
f 4068 3886 4069
f 3886 3885 4069
f 4069 3885 4070
f 3885 3883 4070
f 4070 3883 4071
f 3883 3882 4071
f 4071 3882 4062
f 3882 3887 4062
f 4062 3887 3889
f 4072 4073 4074
f 4074 4073 3864
f 4073 4075 3864
f 3864 4075 3865
f 4075 4076 3865
f 3865 4076 4077
f 4076 4078 4077
f 4077 4078 3858
f 4078 4079 3858
f 3858 4079 4080
f 4079 4081 4080
f 4080 4081 3855
f 3843 4082 4051
f 4082 3849 4051
f 4051 3849 4083
f 3849 3848 4083
f 4083 3848 4084
f 3848 4085 4084
f 4084 4085 4086
f 4085 3853 4086
f 4086 3853 4087
f 3853 4088 4087
f 4081 4089 3855
f 4089 4090 3855
f 3855 4090 3850
f 4090 4088 3850
f 3850 4088 4091
f 4088 3853 4091
f 3873 4054 3866
f 4054 4092 3866
f 3866 4092 3867
f 4092 4093 3867
f 3867 4093 3869
f 4093 4094 3869
f 3869 4094 3871
f 4094 4095 3871
f 4095 4096 3871
f 3871 4096 3872
f 4096 4072 3872
f 3872 4072 3861
f 4072 4074 3861
f 4062 4063 4097
f 4061 4060 4098
f 4060 4058 4098
f 4098 4058 4057
f 4062 4097 4099
f 4070 4100 4069
f 4100 4101 4069
f 4069 4101 4102
f 4067 4103 4066
f 4103 4064 4066
f 4094 4093 4104
f 4093 4092 4104
f 4092 4054 4104
f 4104 4054 4105
f 4075 4073 4106
f 4095 4107 4096
f 4107 4106 4096
f 4096 4106 4108
f 4106 4073 4108
f 4109 4078 4076
f 4078 4109 4079
f 4109 4110 4079
f 4079 4110 4081
f 4081 4110 4089
f 4110 4111 4089
f 4089 4111 4090
f 4084 4086 4112
f 4086 4087 4112
f 4112 4087 4111
f 4087 4088 4111
f 4111 4088 4090
f 4113 4051 4083
f 4114 4053 4052
f 2330 4047 4115
f 4047 4046 4115
f 2324 2322 4115
f 2322 2321 4115
f 2321 2326 4115
f 2326 2328 4115
f 4115 2328 2330
f 2318 2317 4116
f 2317 2315 4116
f 4116 2315 4117
f 2315 2314 4117
f 4117 2314 2325
f 2310 2309 4118
f 2309 2320 4118
f 4119 2312 2310
f 2305 2308 4120
f 2308 2307 4120
f 4120 2307 2313
f 2302 2303 4121
f 2303 2304 4121
f 2298 2297 4122
f 2297 2381 4122
f 4123 2300 2301
f 2513 2300 2511
f 2300 4123 2511
f 2511 4123 2509
f 4123 4124 2509
f 2509 4124 2548
f 2548 4124 2549
f 4124 4125 2549
f 2549 4125 2550
f 2550 4125 2546
f 4125 4126 2546
f 2546 4126 2544
f 4127 4128 4129
f 4128 4130 4129
f 4129 4130 4126
f 4130 4131 4126
f 4126 4131 2544
f 4132 4133 4127
f 4133 4134 4127
f 4127 4134 4128
f 4135 4136 4137
f 4136 4138 4137
f 4137 4138 4132
f 4138 4139 4132
f 4132 4139 4133
f 4140 4141 4142
f 4141 4140 2532
f 4140 4098 2532
f 2532 4098 2531
f 4098 4057 2531
f 2531 4057 2446
f 2310 4118 4119
f 4118 4143 4119
f 4119 4143 4144
f 4143 4145 4144
f 4144 4145 4146
f 4146 4147 4144
f 4147 4120 4144
f 4144 4120 4119
f 4120 2313 4119
f 4119 2313 2312
f 2325 2324 4117
f 2324 4115 4117
f 4117 4115 4114
f 4115 4046 4114
f 4114 4046 4053
f 2320 2319 4118
f 2319 2318 4118
f 4118 2318 4143
f 2318 4116 4143
f 4143 4116 4145
f 4116 4117 4145
f 4145 4117 4148
f 4117 4114 4148
f 4148 4114 4113
f 4114 4052 4113
f 4113 4052 4051
f 4083 4084 4113
f 4084 4112 4113
f 4113 4112 4148
f 4112 4149 4148
f 4148 4149 4145
f 4149 4150 4145
f 4145 4150 4146
f 4150 4151 4146
f 4146 4151 4147
f 4152 4153 4154
f 4153 4155 4154
f 4154 4155 4156
f 4155 4157 4156
f 4156 4157 4158
f 4157 4159 4158
f 4158 4159 4160
f 4159 4104 4160
f 4160 4104 4161
f 4104 4105 4161
f 4161 4105 4056
f 4095 4094 4107
f 4094 4104 4107
f 4107 4104 4106
f 4104 4159 4106
f 4106 4159 4162
f 4159 4157 4162
f 4162 4157 4163
f 4157 4155 4163
f 4163 4155 4164
f 4155 4153 4164
f 4076 4075 4109
f 4075 4106 4109
f 4109 4106 4110
f 4106 4162 4110
f 4110 4162 4111
f 4162 4163 4111
f 4111 4163 4112
f 4163 4164 4112
f 4112 4164 4149
f 4164 4153 4149
f 4149 4153 4150
f 4153 4152 4150
f 4150 4152 4151
f 4126 4165 4129
f 4165 4166 4129
f 4129 4166 4127
f 4166 4167 4127
f 4127 4167 4132
f 4167 4168 4132
f 4132 4168 4137
f 4140 4169 4098
f 4169 4097 4098
f 4098 4097 4061
f 4097 4063 4061
f 4070 4099 4100
f 4099 4097 4100
f 4100 4097 4101
f 4097 4169 4101
f 4101 4169 4168
f 4169 4140 4168
f 4168 4140 4137
f 4140 4142 4137
f 4137 4142 4135
f 4165 4170 4166
f 4170 4171 4166
f 4166 4171 4167
f 4171 4172 4167
f 4167 4172 4168
f 4172 4173 4168
f 4168 4173 4101
f 4173 4103 4101
f 4101 4103 4102
f 4103 4067 4102
f 2381 2302 4122
f 2302 4121 4122
f 4122 4121 4174
f 4121 4175 4174
f 4174 4175 4176
f 4177 4178 4179
f 4178 4176 4179
f 4179 4176 4180
f 4176 4175 4180
f 2301 2298 4123
f 2298 4122 4123
f 4123 4122 4124
f 4122 4174 4124
f 4124 4174 4125
f 4174 4176 4125
f 4125 4176 4126
f 4176 4178 4126
f 4126 4178 4165
f 4178 4177 4165
f 4165 4177 4170
f 2304 2305 4121
f 2305 4120 4121
f 4121 4120 4175
f 4120 4147 4175
f 4175 4147 4180
f 4147 4151 4180
f 4180 4151 4179
f 4151 4152 4179
f 4179 4152 4177
f 4152 4154 4177
f 4177 4154 4170
f 4154 4156 4170
f 4170 4156 4171
f 4156 4158 4171
f 4171 4158 4172
f 4158 4160 4172
f 4172 4160 4173
f 4160 4161 4173
f 4173 4161 4103
f 4161 4056 4103
f 4103 4056 4064
f 4181 4182 4183
f 4184 4185 4186
f 4187 4188 4189
f 4185 4184 4190
f 4191 4192 4193
f 4009 4194 4195
f 3963 4196 4197
f 4198 4199 4200
f 4201 4202 4203
f 4204 4205 4206
f 4207 4208 4209
f 4210 3913 4211
f 3943 3942 4212
f 3844 3842 4213
f 3842 3841 4213
f 4213 3841 4048
f 4214 3912 4215
f 3912 3911 4215
f 3911 3839 4215
f 3839 3838 4215
f 4215 3838 4213
f 3838 3846 4213
f 4213 3846 3844
f 3917 3933 4188
f 3933 3932 4188
f 4188 3932 4189
f 3932 3931 4189
f 4189 3931 4211
f 3931 3836 4211
f 4211 3836 4210
f 4216 4217 3920
f 1839 4217 1840
f 4217 4216 1840
f 1840 4216 1872
f 1871 4218 1869
f 4218 4219 1869
f 1869 4219 1873
f 1875 1874 4192
f 1874 4220 4192
f 4192 4220 4193
f 1877 1876 4191
f 1876 1834 4191
f 4191 1834 4192
f 1834 1833 4192
f 4192 1833 1875
f 4221 1880 4222
f 1880 1879 4222
f 1881 4223 1882
f 4223 4224 1882
f 1882 4224 1884
f 4224 1885 1884
f 4224 4225 1885
f 4225 4226 1885
f 1885 4226 1886
f 1887 1827 4227
f 1827 1826 4227
f 1890 1888 4228
f 1888 1887 4228
f 4228 1887 4229
f 1887 4227 4229
f 4230 1831 1891
f 4231 4232 4230
f 4232 1829 4230
f 4230 1829 1831
f 1890 4228 1891
f 4228 4233 1891
f 1891 4233 4230
f 4233 4234 4230
f 4230 4234 4231
f 4204 4206 4235
f 4236 4237 4238
f 4237 4239 4238
f 4238 4239 4240
f 4241 4242 4243
f 4242 4236 4243
f 4244 4245 4246
f 4245 4247 4246
f 4246 4247 4241
f 4248 4249 4245
f 4249 4250 4245
f 4245 4250 4247
f 4251 4252 4253
f 4252 4254 4253
f 4253 4254 4255
f 4254 4256 4255
f 4257 4258 4259
f 4258 4260 4259
f 4260 4261 4259
f 4261 4262 4259
f 4259 4262 4263
f 4264 4265 4266
f 4265 4267 4266
f 4268 4269 4270
f 4271 4272 4273
f 4272 4271 4274
f 4271 4275 4274
f 4274 4275 4276
f 4275 4277 4276
f 4276 4277 4278
f 4279 4280 4281
f 4280 4282 4281
f 4281 4282 4283
f 4284 4285 4286
f 4286 4287 4284
f 4287 4288 4284
f 4284 4288 4289
f 4288 4290 4289
f 4289 4290 4291
f 4292 4293 4294
f 4295 4296 4297
f 4296 4298 4297
f 4297 4298 4299
f 4199 4198 4300
f 4198 4301 4300
f 4301 4302 4300
f 4300 4302 4303
f 3827 3831 4304
f 3952 3951 4305
f 3951 3949 4305
f 3949 3825 4305
f 3825 3824 4305
f 4305 3824 3827
f 3982 4306 4307
f 4306 3980 4307
f 4307 3980 4305
f 3980 3979 4305
f 4305 3979 3952
f 3982 4307 3976
f 4307 4308 3976
f 3976 4308 3974
f 4309 4310 3989
f 3989 3988 4309
f 3988 3987 4309
f 4309 3987 4308
f 3987 4311 4308
f 4308 4311 3974
f 3960 3971 4312
f 3971 3970 4312
f 3970 3969 4312
f 4312 3969 4309
f 3969 3967 4309
f 4309 3967 4310
f 4030 4029 4197
f 4029 4313 4197
f 4197 4313 3963
f 4314 4006 4315
f 4006 4004 4315
f 4315 4004 4005
f 4316 4317 4008
f 4318 4000 4316
f 4000 3940 4316
f 4316 3940 4317
f 4319 4011 4195
f 4011 4320 4195
f 4195 4320 4009
f 4319 4321 4322
f 4321 3996 4322
f 4322 3996 3995
f 3995 3994 4322
f 3994 4323 4322
f 4322 4323 4319
f 4323 3991 4319
f 4319 3991 4011
f 3998 3997 4324
f 1871 1872 4218
f 1872 4216 4218
f 4218 4216 4187
f 4216 3920 4187
f 4187 3920 4188
f 3920 3918 4188
f 4188 3918 3917
f 4211 4325 4189
f 4325 4326 4189
f 4189 4326 4187
f 4326 4327 4187
f 4187 4327 4218
f 4327 4220 4218
f 4218 4220 4219
f 4220 1874 4219
f 4219 1874 1873
f 4190 4328 4185
f 4328 4329 4185
f 4185 4329 4186
f 4330 4331 4328
f 4331 4332 4328
f 4328 4332 4329
f 4332 4333 4329
f 4329 4333 4186
f 4333 4334 4186
f 3913 3912 4211
f 3912 4214 4211
f 4211 4214 4325
f 4214 4215 4325
f 4325 4215 4335
f 4215 4213 4335
f 1879 1877 4222
f 1877 4191 4222
f 4222 4191 4336
f 4191 4193 4336
f 4336 4193 4334
f 4193 4220 4334
f 4334 4220 4186
f 4220 4327 4186
f 4186 4327 4184
f 4327 4326 4184
f 4184 4326 4190
f 4326 4325 4190
f 4190 4325 4328
f 4325 4335 4328
f 4328 4335 4330
f 4335 4213 4330
f 3942 3998 4212
f 3998 4324 4212
f 4212 4324 4321
f 4324 3997 4321
f 4321 3997 3996
f 4048 3943 4213
f 3943 4212 4213
f 4213 4212 4330
f 4212 4321 4330
f 4330 4321 4331
f 4321 4319 4331
f 4331 4319 4332
f 4319 4195 4332
f 4332 4195 4318
f 4195 4194 4318
f 4318 4194 4000
f 4182 4181 4337
f 4181 4338 4337
f 4337 4338 4339
f 4338 4340 4339
f 4339 4340 4341
f 4340 4342 4341
f 4341 4342 4343
f 4344 4030 4345
f 4030 4197 4345
f 4345 4197 4312
f 4197 4196 4312
f 4312 4196 3960
f 4309 4343 4312
f 4343 4342 4312
f 4312 4342 4345
f 4342 4340 4345
f 4345 4340 4346
f 4340 4338 4346
f 4346 4338 4347
f 4338 4181 4347
f 4347 4181 4348
f 4181 4183 4348
f 4348 4183 4349
f 4291 4201 4289
f 4201 4203 4289
f 4289 4203 4350
f 4351 4281 4277
f 4281 4283 4277
f 4277 4283 4278
f 4302 4295 4303
f 4295 4297 4303
f 4303 4297 4292
f 4297 4299 4292
f 4292 4299 4293
f 4352 4353 4354
f 4353 4238 4354
f 4354 4238 4355
f 4238 4240 4355
f 4355 4240 4356
f 4240 4357 4356
f 4356 4357 4235
f 4244 4358 4245
f 4358 4254 4245
f 4245 4254 4248
f 4254 4252 4248
f 4248 4252 4359
f 4252 4251 4359
f 4359 4251 4360
f 4264 4257 4265
f 4257 4259 4265
f 4265 4259 4361
f 4241 4243 4246
f 4243 4362 4246
f 4246 4362 4244
f 4362 4361 4244
f 4244 4361 4358
f 4361 4259 4358
f 4358 4259 4254
f 4259 4263 4254
f 4254 4263 4256
f 4223 4363 4224
f 4363 4364 4224
f 4224 4364 4225
f 4364 4227 4225
f 4225 4227 4226
f 4227 1826 4226
f 4226 1826 1886
f 4008 4314 4316
f 4314 4315 4316
f 4316 4315 4318
f 4315 4365 4318
f 4318 4365 4332
f 4365 4366 4332
f 4332 4366 4333
f 4366 4367 4333
f 4333 4367 4334
f 4367 4368 4334
f 4334 4368 4336
f 4368 4369 4336
f 4336 4369 4222
f 4369 4223 4222
f 4222 4223 4370
f 4223 1881 4370
f 4370 1881 1880
f 4235 4206 4356
f 4206 4371 4356
f 4356 4371 4355
f 4371 4372 4355
f 4355 4372 4354
f 4372 4373 4354
f 4354 4373 4352
f 4373 4374 4352
f 4352 4374 4375
f 4374 4376 4375
f 4375 4376 4377
f 4378 4379 4380
f 4379 4381 4380
f 4380 4381 4350
f 4273 4268 4271
f 4268 4270 4271
f 4271 4270 4275
f 4270 4382 4275
f 4275 4382 4277
f 4382 4383 4277
f 4277 4383 4351
f 4236 4238 4243
f 4238 4353 4243
f 4243 4353 4362
f 4353 4352 4362
f 4362 4352 4361
f 4352 4375 4361
f 4361 4375 4378
f 4375 4377 4378
f 4378 4377 4379
f 4294 4285 4292
f 4285 4284 4292
f 4292 4284 4384
f 4284 4289 4384
f 4384 4289 4385
f 4289 4350 4385
f 4385 4350 4386
f 4350 4381 4386
f 4386 4381 4387
f 4381 4379 4387
f 4387 4379 4388
f 4379 4377 4388
f 4388 4377 4389
f 4377 4376 4389
f 4202 4279 4203
f 4279 4281 4203
f 4203 4281 4350
f 4281 4351 4350
f 4350 4351 4380
f 4351 4383 4380
f 4380 4383 4378
f 4383 4382 4378
f 4378 4382 4361
f 4382 4270 4361
f 4361 4270 4265
f 4270 4269 4265
f 4265 4269 4267
f 4005 4344 4315
f 4344 4345 4315
f 4315 4345 4365
f 4345 4346 4365
f 4365 4346 4366
f 4346 4347 4366
f 4366 4347 4367
f 4347 4348 4367
f 4367 4348 4368
f 4348 4349 4368
f 4368 4349 4369
f 4349 4390 4369
f 4369 4390 4223
f 4390 4391 4223
f 4223 4391 4363
f 4391 4392 4363
f 4363 4392 4364
f 4392 4393 4364
f 4364 4393 4227
f 4393 4394 4227
f 4227 4394 4229
f 4394 4395 4229
f 4229 4395 4228
f 4395 4209 4228
f 4228 4209 4233
f 4209 4208 4233
f 4233 4208 4234
f 3827 4304 4305
f 4304 4200 4305
f 4305 4200 4307
f 4200 4199 4307
f 4307 4199 4308
f 4199 4300 4308
f 4308 4300 4309
f 4300 4303 4309
f 4309 4303 4343
f 4303 4292 4343
f 4343 4292 4341
f 4292 4384 4341
f 4341 4384 4339
f 4384 4385 4339
f 4339 4385 4337
f 4385 4386 4337
f 4337 4386 4182
f 4386 4387 4182
f 4182 4387 4183
f 4387 4388 4183
f 4183 4388 4349
f 4388 4389 4349
f 4349 4389 4390
f 4389 4376 4390
f 4390 4376 4391
f 4376 4374 4391
f 4391 4374 4392
f 4374 4373 4392
f 4392 4373 4393
f 4373 4372 4393
f 4393 4372 4394
f 4372 4371 4394
f 4394 4371 4395
f 4371 4206 4395
f 4395 4206 4209
f 4206 4205 4209
f 4209 4205 4207
f 4396 4397 4398
f 3829 3828 4399
f 4400 4401 4402
f 4403 4404 4405
f 4406 3793 4407
f 3775 3041 3040
f 4408 3813 4409
f 3813 3812 4409
f 4409 3812 3810
f 4410 3815 4408
f 3815 3814 4408
f 4408 3814 3813
f 3828 3820 4399
f 3820 3822 4399
f 4399 3822 4410
f 3822 3819 4410
f 4410 3819 3815
f 3781 3775 4411
f 4406 4407 3817
f 3770 3818 4412
f 3818 3817 4412
f 3787 3785 4411
f 3785 3783 4411
f 4411 3783 3781
f 3793 3791 4407
f 3791 3789 4407
f 4407 3789 3787
f 3801 3800 4413
f 3800 3798 4413
f 4414 3806 3805
f 3805 3804 4415
f 3804 3803 4415
f 4415 3803 3801
f 3797 3796 4416
f 3796 3771 4416
f 3040 3042 4417
f 4411 4418 4419
f 4420 4402 4413
f 3805 4415 4414
f 4415 4421 4414
f 4414 4421 4422
f 4405 4416 4412
f 4416 3771 4412
f 4412 3771 3770
f 4423 4424 4425
f 4424 4426 4425
f 4425 4426 4427
f 4428 4429 4430
f 4429 4427 4430
f 4430 4427 4431
f 4427 4426 4431
f 4432 4398 4433
f 4398 4429 4433
f 4433 4429 4434
f 4429 4428 4434
f 4435 4436 2950
f 4436 3042 2950
f 4437 4438 4418
f 4438 4439 4418
f 4418 4439 4419
f 4439 4440 4419
f 4419 4440 4441
f 3042 4436 4417
f 4436 4442 4417
f 4417 4442 4443
f 3775 3040 4411
f 3040 4417 4411
f 4411 4417 4418
f 4417 4443 4418
f 4418 4443 4437
f 4444 4445 4446
f 4445 4447 4446
f 3817 4407 4412
f 4407 4446 4412
f 4412 4446 4405
f 4446 4447 4405
f 4405 4447 4403
f 3787 4411 4407
f 4411 4419 4407
f 4407 4419 4446
f 4419 4441 4446
f 4446 4441 4444
f 4448 4422 4449
f 4422 4421 4449
f 4449 4421 4450
f 4421 4451 4450
f 3801 4413 4415
f 4413 4402 4415
f 4415 4402 4421
f 4402 4401 4421
f 4421 4401 4451
f 4452 4453 4420
f 4453 4454 4420
f 4420 4454 4402
f 4454 4455 4402
f 4402 4455 4400
f 3798 3797 4413
f 3797 4416 4413
f 4413 4416 4420
f 4416 4405 4420
f 4420 4405 4452
f 4405 4404 4452
f 4456 3831 3830
f 4456 3830 4457
f 3829 4399 3830
f 4399 4458 3830
f 3830 4458 4457
f 3810 3809 4414
f 3809 3808 4414
f 4414 3808 3806
f 4397 4458 4398
f 4458 4399 4398
f 4398 4399 4429
f 4399 4410 4429
f 4429 4410 4427
f 4410 4408 4427
f 4427 4408 4425
f 4408 4409 4425
f 4459 4396 4460
f 4396 4398 4460
f 4460 4398 4461
f 4398 4432 4461
f 4448 4462 4422
f 4462 4463 4422
f 4422 4463 4464
f 3810 4414 4409
f 4414 4422 4409
f 4409 4422 4425
f 4422 4464 4425
f 4425 4464 4423
f 3767 3766 4465
f 4466 4467 4468
f 4469 4470 4471
f 4472 1721 4473
f 4467 4474 4475
f 4474 4476 4475
f 4476 4477 4475
f 4475 4477 4471
f 4477 4478 4471
f 4471 4478 4469
f 4479 4480 4481
f 4479 4481 4468
f 4481 4482 4468
f 4468 4482 4466
f 4483 4484 4485
f 4484 4486 4485
f 4465 4487 4485
f 4487 4488 4485
f 4485 4488 4483
f 4489 4490 4491
f 4492 4493 4465
f 4493 4494 4465
f 4465 4494 4487
f 4495 4496 4497
f 3751 3753 4498
f 4499 3742 3744
f 4499 3744 4495
f 3744 3745 4495
f 4495 3745 4496
f 4500 4501 4499
f 4501 3741 4499
f 4499 3741 3742
f 4502 3733 4500
f 3733 3735 4500
f 4500 3735 4501
f 3758 4503 4504
f 4503 3756 4504
f 4504 3756 4502
f 3756 3734 4502
f 4502 3734 3733
f 4505 4504 4506
f 4505 3732 4504
f 3732 3759 4504
f 4504 3759 3758
f 3766 3764 4465
f 3764 4491 4465
f 4465 4491 4492
f 4491 4490 4492
f 3763 3725 4506
f 3725 4507 4506
f 4506 4507 4505
f 4508 4485 4479
f 4485 4486 4479
f 4479 4486 4480
f 4508 3760 4485
f 3760 3769 4485
f 4485 3769 4465
f 3769 3768 4465
f 4465 3768 3767
f 3786 3788 4468
f 3788 3790 4468
f 4468 3790 4479
f 3790 3795 4479
f 4479 3795 4508
f 4467 4475 4468
f 4475 4509 4468
f 4468 4509 3786
f 3780 3779 4510
f 3779 4471 4510
f 4510 4471 4473
f 4471 4470 4473
f 4473 4470 4472
f 3779 3777 4471
f 3777 3776 4471
f 4471 3776 4475
f 3776 3782 4475
f 4475 3782 4509
f 3751 4498 4497
f 4498 4041 4497
f 4497 4041 4495
f 4041 4044 4495
f 4495 4044 4043
f 3764 3763 4491
f 3763 4506 4491
f 4491 4506 4511
f 4506 4504 4511
f 4511 4504 4512
f 4504 4502 4512
f 4512 4502 4513
f 4502 4500 4513
f 4513 4500 4514
f 4500 4499 4514
f 4514 4499 4515
f 4499 4495 4515
f 4515 4495 4516
f 4495 4043 4516
f 4516 4043 4035
f 4517 4518 4519
f 4518 4520 4519
f 4519 4520 4033
f 4036 4037 4520
f 4037 4038 4520
f 4038 4034 4520
f 4520 4034 4033
f 4517 4521 4518
f 4521 4522 4518
f 4518 4522 4523
f 4522 4524 4523
f 4523 4524 4525
f 4526 4527 4528
f 4527 4529 4528
f 4528 4529 4530
f 4529 4531 4530
f 4525 4531 4523
f 4531 4529 4523
f 4523 4529 4532
f 4529 4527 4532
f 4532 4527 4533
f 4534 4535 4536
f 4536 4537 4534
f 4537 4538 4534
f 4534 4538 4539
f 4540 4541 4542
f 4541 4539 4542
f 4542 4539 4543
f 4539 4538 4543
f 4541 4544 4539
f 4544 4545 4539
f 4539 4545 4534
f 4545 4533 4534
f 4534 4533 4535
f 4533 4527 4535
f 4535 4527 4546
f 4527 4526 4546
f 4540 4547 4541
f 4547 4489 4541
f 4541 4489 4544
f 4489 4491 4544
f 4544 4491 4545
f 4491 4511 4545
f 4545 4511 4533
f 4511 4512 4533
f 4533 4512 4532
f 4512 4513 4532
f 4532 4513 4523
f 4513 4514 4523
f 4523 4514 4518
f 4514 4515 4518
f 4518 4515 4520
f 4515 4516 4520
f 4520 4516 4036
f 4516 4035 4036
f 3016 3015 4548
f 3001 4549 4550
f 4551 4552 4553
f 4554 4555 4556
f 4557 4558 4559
f 4560 4561 4557
f 4561 4562 4557
f 4557 4562 4558
f 4563 4564 4560
f 4564 4565 4560
f 4560 4565 4561
f 4566 4567 4568
f 4567 4569 4568
f 4568 4569 4570
f 4571 4572 4566
f 4572 4573 4566
f 4566 4573 4567
f 4574 4575 4576
f 4574 4576 4553
f 4576 4577 4553
f 4553 4577 4551
f 4578 4579 4574
f 4579 4580 4574
f 4580 4581 4574
f 4574 4581 4575
f 4578 4548 4582
f 4548 4583 4582
f 4549 4584 4550
f 4584 4585 4550
f 4550 4585 4548
f 4585 4586 4548
f 4548 4586 4583
f 4587 4549 4588
f 4549 4589 4588
f 4587 4590 4549
f 4590 4591 4549
f 4549 4591 4584
f 3011 4592 4589
f 4592 4593 4589
f 4589 4593 4594
f 4594 4595 4589
f 4595 4596 4589
f 4589 4596 4588
f 4597 4598 4592
f 4598 4599 4592
f 4592 4599 4593
f 4600 4601 4597
f 4601 4602 4597
f 4597 4602 4598
f 4603 4604 4600
f 4605 4606 4603
f 4606 4607 4603
f 4607 4608 4603
f 4603 4608 4604
f 4609 4610 4611
f 3004 3041 3774
f 3780 4610 3778
f 4610 4609 3778
f 3778 4609 3774
f 4609 3005 3774
f 3774 3005 3004
f 4611 4605 4609
f 4605 4603 4609
f 4609 4603 3005
f 4603 3006 3005
f 4600 4597 4603
f 4597 3007 4603
f 4603 3007 3006
f 3011 3010 4592
f 3010 3003 4592
f 4592 3003 4597
f 3003 3008 4597
f 4597 3008 3007
f 3001 3000 4549
f 3000 3009 4549
f 4549 3009 4589
f 3009 4612 4589
f 4589 4612 3011
f 3015 3014 4548
f 3014 3013 4548
f 4548 3013 4550
f 3013 3002 4550
f 4550 3002 3001
f 4578 4574 4548
f 4574 4613 4548
f 4548 4613 3016
f 2994 4553 4566
f 4553 4552 4566
f 4566 4552 4571
f 2994 2993 4553
f 2993 2992 4553
f 4553 2992 4574
f 2992 3018 4574
f 4574 3018 4613
f 2998 4568 4560
f 4568 4570 4560
f 4560 4570 4563
f 2998 2997 4568
f 2997 2996 4568
f 4568 2996 4566
f 2996 2995 4566
f 4566 2995 2994
f 4614 4557 4554
f 4557 4559 4554
f 4554 4559 4555
f 4614 2988 4557
f 2988 2991 4557
f 4557 2991 4560
f 2991 2999 4560
f 4560 2999 2998
f 2880 4614 2879
f 4614 4554 2879
f 2879 4554 2878
f 4554 4556 2878
f 2878 4556 2877
f 4602 4601 4615
f 1774 1773 2877
f 2877 4556 1774
f 4556 4555 1774
f 1774 4555 1765
f 4555 4559 1765
f 1765 4559 1766
f 4559 4558 1766
f 1766 4558 1767
f 4558 4562 1767
f 1767 4562 1761
f 4562 1760 1761
f 4562 4561 1760
f 4561 4565 1760
f 1760 4565 1763
f 1716 4616 1753
f 4616 4617 1753
f 1753 4617 1754
f 4565 4564 1763
f 4564 4563 1763
f 1763 4563 1764
f 4563 4616 1764
f 1764 4616 1715
f 4616 1716 1715
f 1758 4618 1759
f 4618 4576 1759
f 1759 4576 1748
f 4576 4619 1748
f 1748 4619 4620
f 4619 1750 4620
f 4621 4622 1752
f 4622 4623 1752
f 1752 4623 1741
f 4623 4583 1741
f 1741 4583 4624
f 4624 4625 1746
f 4625 4626 1746
f 4624 4583 4625
f 4583 4586 4625
f 4625 4586 4626
f 4586 4585 4626
f 4585 4584 4626
f 4626 4584 4627
f 4584 4628 4627
f 4627 4628 4629
f 1733 1732 4629
f 1732 1745 4629
f 4629 1745 4627
f 4628 4590 4629
f 4590 4587 4629
f 4629 4587 1733
f 4587 4588 1733
f 1733 4588 1735
f 4588 4596 1735
f 4630 1738 1737
f 4596 4595 1735
f 4595 4630 1735
f 1735 4630 1736
f 4630 1737 1736
f 4598 1739 4599
f 1739 1738 4599
f 4599 1738 4593
f 1738 4630 4593
f 4593 4630 4594
f 4630 4595 4594
f 4598 4602 1739
f 4602 4615 1739
f 1739 4615 1727
f 4615 1728 1727
f 4611 4473 1721
f 4607 1729 4631
f 1729 1730 4631
f 4631 1730 4615
f 1730 1731 4615
f 4615 1731 1728
f 4607 4606 1729
f 4606 4605 1729
f 1729 4605 1723
f 4605 4611 1723
f 1723 4611 1720
f 4611 1721 1720
f 4473 4611 4510
f 4611 4610 4510
f 4510 4610 3780
f 4601 4600 4615
f 4600 4604 4615
f 4615 4604 4631
f 4604 4608 4631
f 4631 4608 4607
f 4576 4575 4619
f 4575 4581 4619
f 4619 4581 1750
f 4581 4580 1750
f 1750 4580 4621
f 4580 4579 4621
f 4621 4579 4622
f 4563 4570 4616
f 4570 4569 4616
f 4616 4569 4617
f 4569 4567 4617
f 4617 4567 1754
f 4567 4632 1754
f 1754 4632 1755
f 4632 4633 1755
f 1755 4633 1756
f 4633 4571 1756
f 1756 4571 1757
f 4571 4552 1757
f 1757 4552 1758
f 4552 4551 1758
f 1758 4551 4618
f 4634 4635 4636
f 4636 4430 4431
f 4634 4636 4637
f 4636 4431 4637
f 4637 4431 4426
f 4426 4424 4637
f 4424 4423 4637
f 4637 4423 4638
f 4423 4464 4638
f 4638 4464 4639
f 4464 4640 4639
f 4464 4463 4640
f 4463 4462 4640
f 4640 4462 4641
f 4462 4448 4641
f 4641 4448 4642
f 4448 4449 4642
f 4642 4449 4643
f 4449 4644 4643
f 4644 4451 4643
f 4643 4451 4645
f 4451 4401 4645
f 4645 4401 4646
f 4401 4647 4646
f 4401 4400 4647
f 4400 4455 4647
f 4647 4455 4648
f 4455 4454 4648
f 4648 4454 4649
f 4454 4453 4649
f 4649 4453 4650
f 4453 4452 4650
f 4650 4452 4651
f 4452 4404 4651
f 4651 4404 4652
f 4404 4403 4652
f 4652 4403 4653
f 4403 4447 4653
f 4653 4447 4654
f 4447 4445 4654
f 4654 4445 4655
f 4445 4444 4655
f 4444 4441 4655
f 4655 4441 4656
f 4441 4440 4656
f 4656 4440 4657
f 4440 4439 4657
f 4657 4439 4658
f 4435 3201 4659
f 3201 3188 4659
f 4659 3188 3187
f 4439 4438 4658
f 4438 4437 4658
f 4658 4437 4660
f 4437 4661 4660
f 4660 4661 4662
f 4661 4442 4662
f 4662 4442 4659
f 4442 4436 4659
f 4659 4436 4435
f 4636 4635 4663
f 4664 4459 4460
f 4665 4664 4666
f 4664 4460 4666
f 4666 4460 4667
f 4430 4636 4428
f 4636 4663 4428
f 4428 4663 4434
f 4663 4668 4434
f 4434 4668 4433
f 4668 4669 4433
f 4433 4669 4432
f 4669 4667 4432
f 4432 4667 4461
f 4667 4460 4461
f 4670 4671 4672
f 4673 3070 4674
f 4304 3831 4456
f 4304 4456 4200
f 4302 4301 4198
f 4458 4397 4675
f 4458 4675 4457
f 4298 4296 4676
f 4296 4295 4676
f 4676 4295 4677
f 4295 4302 4677
f 4677 4302 4456
f 4302 4198 4456
f 4456 4198 4200
f 4678 4679 4680
f 4679 4676 4680
f 4680 4676 4675
f 4676 4677 4675
f 4675 4677 4457
f 4677 4456 4457
f 4681 4682 4683
f 4683 4682 4684
f 4681 4685 4686
f 4685 4687 4686
f 4686 4687 4688
f 4688 4689 4690
f 4689 4691 4690
f 4690 4691 4692
f 4691 4693 4692
f 4692 4693 4694
f 4693 4695 4694
f 4694 4695 4696
f 4695 4697 4696
f 4696 4697 4698
f 4697 4699 4698
f 4698 4699 4678
f 4678 4699 4679
f 4699 4286 4679
f 4679 4286 4285
f 4695 4280 4279
f 4700 4697 4201
f 4697 4695 4201
f 4201 4695 4202
f 4695 4279 4202
f 4700 4290 4697
f 4290 4288 4697
f 4697 4288 4699
f 4288 4287 4699
f 4699 4287 4286
f 4276 4693 4274
f 4693 4691 4274
f 4274 4691 4272
f 4691 4701 4272
f 4687 4257 4264
f 4688 4687 4689
f 4687 4264 4689
f 4689 4264 4266
f 4266 4267 4689
f 4267 4269 4689
f 4689 4269 4691
f 4269 4268 4691
f 4691 4268 4701
f 4681 4683 4685
f 4683 4263 4685
f 4685 4263 4262
f 4262 4261 4685
f 4261 4260 4685
f 4685 4260 4687
f 4260 4258 4687
f 4687 4258 4257
f 4276 4278 4693
f 4278 4283 4693
f 4693 4283 4695
f 4283 4282 4695
f 4695 4282 4280
f 4702 4703 4704
f 4703 4705 4704
f 4704 4705 4706
f 4707 4708 4709
f 4707 4709 4710
f 4709 4711 4710
f 4710 4711 4705
f 4711 4712 4705
f 4705 4712 4706
f 4702 4713 4703
f 4713 4714 4703
f 4703 4714 4715
f 4714 4716 4715
f 4716 4717 4715
f 4717 4718 4715
f 4715 4718 4719
f 4718 4720 4719
f 4721 4722 4723
f 4722 4724 4723
f 4723 4724 4725
f 4720 4726 4719
f 4726 4727 4719
f 4719 4727 4724
f 4727 4728 4724
f 4724 4728 4725
f 4672 4671 4729
f 4671 4730 4729
f 4729 4730 4731
f 4721 4732 4722
f 4732 4733 4722
f 4722 4733 4734
f 4733 4735 4734
f 4735 4736 4734
f 4736 4737 4734
f 4734 4737 4672
f 4737 4738 4672
f 4672 4738 4670
f 3121 3120 4739
f 3120 4729 4739
f 4739 4729 4740
f 4729 4731 4740
f 4741 4742 4743
f 4742 4744 4743
f 4743 4744 4745
f 4396 4459 4746
f 4396 4746 4744
f 4746 4747 4744
f 4744 4747 4745
f 4741 4748 4742
f 4748 4749 4742
f 4742 4749 4707
f 4749 4750 4707
f 4707 4750 4708
f 4360 4251 4674
f 4251 4684 4674
f 4674 4684 4673
f 4684 4682 4673
f 4251 4253 4684
f 4253 4255 4684
f 4684 4255 4683
f 4255 4256 4683
f 4683 4256 4263
f 4285 4294 4679
f 4294 4293 4679
f 4679 4293 4676
f 4293 4299 4676
f 4676 4299 4298
f 3120 3070 4729
f 3070 4673 4729
f 4729 4673 4672
f 4673 4682 4672
f 4672 4682 4734
f 4682 4681 4734
f 4734 4681 4722
f 4681 4686 4722
f 4722 4686 4724
f 4686 4688 4724
f 4724 4688 4719
f 4688 4690 4719
f 4719 4690 4715
f 4690 4692 4715
f 4715 4692 4703
f 4692 4694 4703
f 4703 4694 4705
f 4694 4696 4705
f 4705 4696 4710
f 4696 4698 4710
f 4710 4698 4707
f 4698 4678 4707
f 4707 4678 4742
f 4678 4680 4742
f 4742 4680 4744
f 4680 4675 4744
f 4744 4675 4396
f 4675 4397 4396
f 4751 3173 3121
f 3121 4739 4751
f 4739 4740 4751
f 4751 4740 4752
f 4740 4731 4752
f 4752 4731 4753
f 4731 4730 4753
f 4753 4730 4754
f 4730 4671 4754
f 4754 4671 4755
f 4671 4670 4755
f 4756 4757 4736
f 4757 4758 4736
f 4736 4758 4737
f 4758 4755 4737
f 4737 4755 4738
f 4755 4670 4738
f 4732 4759 4733
f 4759 4756 4733
f 4733 4756 4735
f 4756 4736 4735
f 4721 4760 4732
f 4760 4761 4732
f 4732 4761 4759
f 4762 4763 4728
f 4763 4764 4728
f 4728 4764 4725
f 4764 4760 4725
f 4725 4760 4723
f 4760 4721 4723
f 4728 4727 4762
f 4727 4726 4762
f 4762 4726 4765
f 4726 4720 4765
f 4765 4720 4766
f 4720 4718 4766
f 4718 4717 4766
f 4766 4717 4767
f 4717 4716 4767
f 4767 4716 4768
f 4702 4769 4770
f 4770 4771 4702
f 4771 4772 4702
f 4702 4772 4713
f 4772 4768 4713
f 4713 4768 4714
f 4768 4716 4714
f 4702 4704 4769
f 4704 4706 4769
f 4769 4706 4773
f 4706 4774 4773
f 4773 4774 4775
f 4774 4711 4775
f 4775 4711 4776
f 4711 4709 4776
f 4776 4709 4777
f 4777 4709 4778
f 4709 4708 4778
f 4778 4708 4779
f 4708 4750 4779
f 4779 4750 4780
f 4750 4749 4780
f 4780 4749 4781
f 4749 4748 4781
f 4781 4748 4782
f 4748 4741 4782
f 4782 4741 4783
f 4664 4665 4784
f 4741 4743 4783
f 4743 4745 4783
f 4783 4745 4785
f 4745 4747 4785
f 4785 4747 4786
f 4747 4746 4786
f 4786 4746 4784
f 4746 4459 4784
f 4784 4459 4664
f 701 4787 700
f 4787 4788 700
f 4789 704 4790
f 704 4791 4790
f 4791 702 4790
f 702 699 4790
f 4790 699 4788
f 699 698 4788
f 4788 698 700
f 4669 4668 4790
f 4668 4663 4790
f 4790 4663 4789
f 4663 4635 4789
f 4669 4790 4667
f 4790 4788 4667
f 4667 4788 4666
f 4788 4787 4666
f 4666 4787 4665
f 4792 4651 4793
f 4638 4639 4794
f 4795 697 4796
f 3187 4797 4798
f 4797 4799 4798
f 4798 4799 4662
f 4800 4801 4802
f 4801 680 4803
f 4801 4803 4802
f 4803 4643 4802
f 4802 4643 4645
f 693 4794 4804
f 4794 4803 4804
f 4804 4803 690
f 4803 680 690
f 4795 4796 689
f 4796 4634 4637
f 693 689 4794
f 689 4796 4794
f 4794 4796 4638
f 4796 4637 4638
f 697 4805 4789
f 4805 4806 4789
f 4789 4806 704
f 4639 4640 4794
f 4640 4641 4794
f 4794 4641 4803
f 4641 4807 4803
f 4803 4807 4643
f 665 13 4808
f 13 4797 4808
f 675 674 4809
f 4797 13 4799
f 13 12 4799
f 4799 12 4810
f 12 668 4810
f 4810 668 670
f 670 675 4810
f 675 4809 4810
f 4810 4809 4656
f 4656 4657 4810
f 4657 4811 4810
f 4810 4811 4799
f 4811 4660 4799
f 4799 4660 4662
f 677 4812 671
f 4812 4809 671
f 671 4809 672
f 4809 674 672
f 677 676 4793
f 676 679 4793
f 4793 679 678
f 678 10 4813
f 677 4793 4812
f 4793 4651 4812
f 4812 4651 4652
f 678 4813 4793
f 4813 4649 4793
f 4793 4649 4792
f 10 9 4813
f 9 686 4813
f 4813 686 4802
f 686 685 4802
f 4802 685 4800
f 4652 4653 4812
f 4653 4814 4812
f 4812 4814 4809
f 4814 4655 4809
f 4809 4655 4656
f 697 4789 4796
f 4789 4635 4796
f 4796 4635 4634
f 4645 4646 4802
f 4646 4647 4802
f 4802 4647 4813
f 4647 4648 4813
f 4813 4648 4649
f 4815 633 4816
f 4817 15 4818
f 3211 4819 4820
f 4819 3218 4820
f 4820 3218 4821
f 3218 3217 4821
f 4821 3217 4818
f 3217 3216 4818
f 4818 3216 3215
f 635 4817 4822
f 4817 4818 4822
f 4822 4818 3223
f 4818 3215 3223
f 638 4820 639
f 4820 4821 639
f 639 4821 641
f 4821 4818 641
f 641 4818 4823
f 4818 15 4823
f 3223 3222 4822
f 3222 3221 4822
f 4822 3221 4824
f 3221 3220 4824
f 4824 3220 3226
f 3226 3225 4816
f 3225 3224 4816
f 4816 3224 4825
f 3226 4816 4824
f 4816 633 4824
f 4824 633 632
f 624 625 4826
f 625 628 4826
f 4826 628 4825
f 628 627 4825
f 4825 627 4816
f 627 4827 4816
f 4816 4827 4815
f 3224 3230 4825
f 3230 3229 4825
f 4825 3229 4826
f 3229 3228 4826
f 4826 3228 3227
f 632 630 4824
f 630 629 4824
f 4824 629 4822
f 629 636 4822
f 4822 636 635
f 4828 4808 4797
f 3205 4829 3200
f 4829 4830 3200
f 3200 4830 3199
f 3198 4828 3186
f 4828 4797 3186
f 3186 4797 3187
f 660 4828 4830
f 4828 3198 4830
f 4830 3198 3199
f 660 659 4828
f 659 667 4828
f 4828 667 4808
f 667 666 4808
f 4808 666 665
f 3205 3204 4829
f 3204 3203 4829
f 4829 3203 4831
f 3203 3202 4831
f 3202 3210 4831
f 4831 3210 4832
f 3207 4833 3208
f 4833 4832 3208
f 3208 4832 3209
f 4832 3210 3209
f 4834 643 4833
f 643 650 4833
f 4833 650 649
f 649 657 4833
f 657 656 4833
f 4833 656 4832
f 656 655 4832
f 4832 655 4831
f 655 654 4831
f 4831 654 652
f 3207 3206 4833
f 3206 3214 4833
f 4833 3214 4834
f 3214 3213 4834
f 4834 3213 4820
f 3213 3212 4820
f 4820 3212 3211
f 652 651 4831
f 651 661 4831
f 4831 661 4829
f 661 663 4829
f 4829 663 4830
f 663 664 4830
f 4830 664 660
f 623 624 3375
f 624 4826 3375
f 3375 4826 3374
f 4826 3227 3374
f 3374 3227 3184
f 638 4835 4820
f 4835 646 4820
f 4820 646 4834
f 646 644 4834
f 4834 644 643
f 4836 706 4837
f 734 4838 735
f 4838 4839 735
f 735 4839 727
f 727 4839 728
f 4839 4766 728
f 728 4766 730
f 4766 4767 730
f 730 4767 720
f 4767 4840 720
f 720 4840 721
f 4840 4841 721
f 721 4841 4842
f 4759 4761 4838
f 4761 4843 4838
f 4838 4843 4764
f 4751 4844 4845
f 4844 4753 4845
f 4845 4753 739
f 4753 4754 739
f 739 4754 740
f 734 731 4838
f 731 732 4838
f 4838 732 4759
f 732 4846 4759
f 4759 4846 4756
f 4846 742 4756
f 4756 742 4757
f 742 741 4757
f 4757 741 4758
f 741 740 4758
f 4758 740 4847
f 740 4754 4847
f 4764 4763 4838
f 4763 4762 4838
f 4838 4762 4839
f 4762 4848 4839
f 4839 4848 4766
f 4841 4771 4842
f 4771 4770 4842
f 4842 4770 724
f 4770 4849 724
f 724 4849 725
f 4849 4773 725
f 725 4773 726
f 4773 4775 726
f 726 4775 4850
f 4775 4776 4850
f 4850 4776 716
f 4776 4777 716
f 716 4777 718
f 4836 4837 701
f 4837 4786 4784
f 701 4837 4787
f 4837 4784 4787
f 4787 4784 4665
f 759 3173 760
f 3173 4751 760
f 760 4751 736
f 4751 4845 736
f 4786 4837 4851
f 4837 706 4851
f 4851 706 4783
f 706 705 4783
f 4783 705 4852
f 705 709 4852
f 4852 709 4781
f 709 708 4781
f 4781 708 4780
f 708 714 4780
f 4780 714 4779
f 714 712 4779
f 4779 712 4778
f 712 711 4778
f 4778 711 4777
f 711 719 4777
f 4777 719 718
f 4853 4854 4855
f 2401 1899 3531
f 4856 4857 4858
f 4032 4039 2288
f 4033 4032 4859
f 4032 4860 4859
f 4859 4860 4861
f 4860 4862 4861
f 4856 4858 4863
f 2402 2401 4858
f 2401 3531 4858
f 4858 3531 4863
f 3531 3530 4863
f 4864 2423 4865
f 2423 2383 4865
f 4865 2383 4858
f 2383 2382 4858
f 4858 2382 2402
f 4857 4866 4858
f 4866 4867 4858
f 4858 4867 4865
f 4867 4868 4865
f 4865 4868 4869
f 4855 2426 4865
f 2426 2425 4865
f 4865 2425 4864
f 4869 4870 4865
f 4870 4871 4865
f 4865 4871 4855
f 4871 4872 4855
f 4855 4872 4853
f 4032 2288 4860
f 2288 4873 4860
f 4860 4873 2422
f 2422 2421 4860
f 2421 2285 4860
f 4860 2285 4855
f 2285 2284 4855
f 4855 2284 2426
f 4854 4874 4855
f 4874 4875 4855
f 4855 4875 4860
f 4875 4876 4860
f 4860 4876 4862
f 4877 4878 4879
f 4880 4881 4882
f 4883 4884 4885
f 4886 4887 4888
f 4889 4890 4891
f 4875 4874 4892
f 3582 3581 4893
f 3586 3584 4894
f 866 865 4895
f 867 4896 868
f 4885 883 882
f 910 909 4897
f 4898 4899 4900
f 4519 4033 4859
f 4901 4902 4519
f 4524 4522 4903
f 4903 4522 4901
f 4522 4521 4901
f 4901 4521 4902
f 4904 4905 4903
f 4905 4906 4903
f 4903 4906 4524
f 4907 4528 4530
f 4908 4535 4909
f 4535 4546 4909
f 4909 4546 4907
f 4546 4526 4907
f 4907 4526 4528
f 4910 4911 4912
f 4911 4538 4912
f 4912 4538 4913
f 4914 4915 4916
f 4915 4910 4916
f 4917 4490 4916
f 4490 4489 4916
f 4916 4489 4914
f 4487 4494 4918
f 4494 4493 4918
f 4918 4493 4492
f 4879 4878 4918
f 4878 4488 4918
f 4918 4488 4487
f 4486 4484 4878
f 4484 4919 4878
f 4878 4919 4488
f 4486 4878 4480
f 4878 4877 4480
f 4480 4877 4481
f 4481 4877 4482
f 4877 4920 4482
f 4482 4920 4466
f 4476 4921 4920
f 4921 4922 4920
f 4920 4922 4466
f 4923 4924 4478
f 4924 4469 4478
f 4469 4924 4470
f 4924 4925 4470
f 4470 4925 4472
f 4925 4926 4472
f 4472 4926 1721
f 4927 4928 4929
f 4928 4898 4929
f 4929 4898 926
f 926 4898 927
f 4898 4900 927
f 927 4900 929
f 933 932 4930
f 932 931 4930
f 4930 931 4900
f 931 930 4900
f 4900 930 929
f 905 904 4931
f 904 902 4931
f 4931 902 4930
f 902 901 4930
f 4930 901 933
f 906 4932 907
f 4932 4897 907
f 907 4897 908
f 4897 909 908
f 910 4897 877
f 4897 4933 877
f 877 4933 878
f 882 881 4933
f 881 880 4933
f 4933 880 878
f 4884 875 874
f 4884 874 4885
f 874 884 4885
f 4885 884 883
f 867 851 4883
f 851 850 4883
f 4883 850 4884
f 850 876 4884
f 4884 876 875
f 868 4896 869
f 4896 4934 869
f 869 4934 870
f 871 4935 872
f 4935 4936 872
f 872 4936 4937
f 865 864 4895
f 864 854 4895
f 4895 854 4937
f 854 853 4937
f 4937 853 872
f 4938 856 866
f 856 4938 857
f 4938 4939 857
f 857 4939 859
f 4940 862 4939
f 862 863 4939
f 4939 863 859
f 860 862 3599
f 862 4940 3599
f 3599 4940 3596
f 4941 3593 4942
f 3590 4943 3591
f 4943 3592 3591
f 4944 3589 4943
f 3589 3588 4943
f 4943 3588 3592
f 3582 4893 3578
f 4945 3576 4946
f 3576 3579 4946
f 4946 3579 3578
f 3569 3571 4947
f 3571 3573 4947
f 4947 3573 4945
f 3573 3574 4945
f 4945 3574 3576
f 4867 4866 4948
f 4866 4857 4948
f 4948 4857 4949
f 4857 4856 4949
f 4949 4856 4863
f 4950 4869 4948
f 4869 4951 4948
f 4948 4951 4867
f 4872 4871 4952
f 4953 4853 4954
f 4853 4872 4954
f 4954 4872 4955
f 4872 4952 4955
f 4519 4859 4901
f 4859 4861 4901
f 4901 4861 4862
f 3593 4941 3590
f 4941 4891 3590
f 3590 4891 4943
f 4891 4890 4943
f 4943 4890 4944
f 4938 4956 4939
f 4956 4957 4939
f 4939 4957 4940
f 4957 4958 4940
f 4940 4958 3596
f 866 4895 4938
f 4895 4959 4938
f 4938 4959 4956
f 4959 4941 4956
f 4956 4941 4957
f 4941 4942 4957
f 4957 4942 3597
f 4871 4950 4952
f 4950 4948 4952
f 4952 4948 4960
f 4948 4949 4960
f 3578 4893 4946
f 4893 4961 4946
f 4946 4961 4945
f 4961 4962 4945
f 4945 4962 4947
f 4963 4964 4965
f 4964 4966 4965
f 4965 4966 4967
f 4887 4886 4964
f 4886 4968 4964
f 4964 4968 4966
f 871 870 4935
f 870 4934 4935
f 4935 4934 4936
f 4934 4969 4936
f 4889 4967 4970
f 4967 4966 4970
f 4970 4966 4971
f 4966 4968 4971
f 4971 4968 4972
f 4968 4886 4972
f 4972 4886 4973
f 4886 4888 4973
f 4973 4888 4974
f 4889 4891 4967
f 4891 4941 4967
f 4967 4941 4965
f 4941 4959 4965
f 4965 4959 4963
f 4959 4895 4963
f 4963 4895 4964
f 4895 4937 4964
f 4964 4937 4887
f 4937 4936 4887
f 4887 4936 4888
f 4936 4969 4888
f 4888 4969 4974
f 4974 4975 4973
f 4975 4976 4973
f 4973 4976 4972
f 4976 4977 4972
f 4972 4977 4971
f 4977 4978 4971
f 4971 4978 4970
f 4978 4979 4970
f 4970 4979 4889
f 4979 4980 4889
f 4889 4980 4890
f 4980 4981 4890
f 4890 4981 4944
f 4981 4894 4944
f 4944 4894 3589
f 4894 3584 3589
f 4982 4955 4983
f 4955 4952 4983
f 4983 4952 4962
f 4952 4960 4962
f 4962 4960 4947
f 4960 4949 4947
f 4947 4949 3569
f 4949 4863 3569
f 3569 4863 3530
f 4874 4953 4892
f 4953 4954 4892
f 4892 4954 4984
f 4954 4955 4984
f 4984 4955 4985
f 4955 4982 4985
f 4985 4982 4986
f 4876 4875 4987
f 4875 4892 4987
f 4987 4892 4988
f 4892 4984 4988
f 4988 4984 4989
f 4984 4985 4989
f 4989 4985 4990
f 4985 4986 4990
f 4990 4986 4991
f 4992 4993 4991
f 4530 4905 4907
f 4905 4904 4907
f 4907 4904 4909
f 4904 4993 4909
f 4909 4993 4908
f 4993 4992 4908
f 4908 4992 4994
f 4991 4993 4990
f 4993 4904 4990
f 4990 4904 4989
f 4904 4903 4989
f 4989 4903 4988
f 4903 4901 4988
f 4988 4901 4987
f 4901 4862 4987
f 4987 4862 4876
f 4885 4995 4883
f 4995 4996 4883
f 4883 4996 4997
f 4996 4998 4997
f 4997 4998 4999
f 4998 5000 4999
f 4999 5000 5001
f 5000 5002 5001
f 5001 5002 5003
f 5002 5004 5003
f 5003 5004 5005
f 5004 5006 5005
f 5005 5006 5007
f 5006 5008 5007
f 5007 5008 5009
f 5008 5010 5009
f 5009 5010 5011
f 5010 5012 5011
f 5011 5012 5013
f 5012 5014 5013
f 5013 5014 5015
f 5014 5016 5015
f 5015 5016 5017
f 867 4883 4896
f 4883 4997 4896
f 4896 4997 4934
f 4997 4999 4934
f 4934 4999 4969
f 4999 5001 4969
f 4969 5001 4974
f 5001 5003 4974
f 4974 5003 4975
f 5003 5005 4975
f 4975 5005 4976
f 5005 5007 4976
f 4976 5007 4977
f 5007 5009 4977
f 4977 5009 4978
f 5009 5011 4978
f 4978 5011 4979
f 5011 5013 4979
f 4979 5013 4980
f 5013 5015 4980
f 4980 5015 4981
f 5015 5017 4981
f 4981 5017 4894
f 4898 5018 4899
f 5018 5019 4899
f 4899 5019 4900
f 5019 5020 4900
f 4900 5020 4930
f 5021 4933 5022
f 4933 4897 5022
f 5022 4897 5023
f 4897 4932 5023
f 5023 4932 4931
f 4932 906 4931
f 4931 906 905
f 4476 4920 4923
f 4920 4882 4923
f 4923 4882 4924
f 4882 4881 4924
f 4924 4881 4925
f 4880 4882 5024
f 4882 4920 5024
f 5024 4920 5025
f 4920 4877 5025
f 5025 4877 5026
f 4877 4879 5026
f 5026 4879 5027
f 4879 4918 5027
f 5027 4918 4917
f 4918 4492 4917
f 4917 4492 4490
f 5018 4926 5019
f 4926 4925 5019
f 5019 4925 5020
f 4925 4881 5020
f 5020 4881 4930
f 4881 4880 4930
f 4930 4880 4931
f 4880 5024 4931
f 4931 5024 5023
f 5024 5025 5023
f 5023 5025 5022
f 5025 5026 5022
f 5022 5026 5021
f 5026 5027 5021
f 5021 5027 5028
f 5027 4917 5028
f 5028 4917 5029
f 4917 4916 5029
f 5029 4916 5030
f 4916 4910 5030
f 5030 4910 5031
f 4910 4912 5031
f 5031 4912 4994
f 4912 4913 4994
f 4994 4913 4908
f 4913 5032 4908
f 4908 5032 4535
f 882 4933 4885
f 4933 5021 4885
f 4885 5021 4995
f 5021 5028 4995
f 4995 5028 4996
f 5028 5029 4996
f 4996 5029 4998
f 5029 5030 4998
f 4998 5030 5000
f 5030 5031 5000
f 5000 5031 5002
f 5031 4994 5002
f 5002 4994 5004
f 4994 4992 5004
f 5004 4992 5006
f 4992 4991 5006
f 5006 4991 5008
f 4991 4986 5008
f 5008 4986 5010
f 4986 4982 5010
f 5010 4982 5012
f 4982 4983 5012
f 5012 4983 5014
f 4983 4962 5014
f 5014 4962 5016
f 4962 4961 5016
f 5016 4961 5017
f 4961 4893 5017
f 5017 4893 4894
f 4893 3581 4894
f 4894 3581 3586
f 5033 5034 5035
f 5036 5037 5033
f 5037 5038 5033
f 5038 5039 5033
f 5033 5039 5040
f 5041 5042 5034
f 5042 5043 5034
f 5034 5043 5035
f 5044 5045 5046
f 5046 5047 5048
f 5041 5034 5046
f 5034 5049 5046
f 5046 5049 5044
f 5045 5050 5046
f 5050 5051 5046
f 5046 5051 5047
f 5048 5052 5046
f 5052 5053 5046
f 5046 5053 5054
f 5035 5055 5033
f 5055 5056 5033
f 5033 5056 5057
f 5058 5059 5060
f 5059 5061 5060
f 5060 5061 5039
f 5061 5062 5039
f 5039 5062 5040
f 5057 5063 5033
f 5063 5064 5033
f 5033 5064 5036
f 5065 5066 5067
f 5066 5068 5067
f 5069 5070 5071
f 5069 5071 5072
f 5071 5073 5072
f 5072 5073 5074
f 5073 5075 5074
f 5074 5075 5076
f 5075 5077 5076
f 5076 5077 5078
f 5077 5079 5078
f 5078 5079 5080
f 5079 5081 5080
f 5080 5081 5082
f 5081 5083 5082
f 5082 5083 5084
f 5083 5068 5084
f 5084 5068 5066
f 5085 5086 5069
f 5086 5070 5069
f 5087 5088 5089
f 5087 5089 5090
f 5089 5091 5090
f 5090 5091 5092
f 5091 5093 5092
f 5092 5093 5094
f 5093 5095 5094
f 5094 5095 5096
f 5095 5097 5096
f 5096 5097 5098
f 5097 5099 5098
f 5098 5099 5100
f 5099 5101 5100
f 5101 5102 5100
f 5100 5102 5103
f 5102 5104 5103
f 5103 5104 5105
f 5104 5106 5105
f 5105 5106 5107
f 5106 5086 5107
f 5107 5086 5085
f 5087 5108 5088
f 5108 5109 5088
f 5065 5067 5110
f 5065 5110 5111
f 5110 5112 5111
f 5111 5112 5113
f 5112 5114 5113
f 5113 5114 5115
f 5114 5116 5115
f 5115 5116 5117
f 5116 5118 5117
f 5117 5118 5119
f 5118 5120 5119
f 5119 5120 5121
f 5120 5122 5121
f 5121 5122 5123
f 5122 5109 5123
f 5123 5109 5108
f 5124 5125 5126
f 5125 5127 5126
f 5128 5129 5130
f 5128 5130 5131
f 5130 5132 5131
f 5131 5132 5133
f 5132 5134 5133
f 5133 5134 5135
f 5134 5136 5135
f 5135 5136 5137
f 5136 5138 5137
f 5137 5138 5139
f 5138 5140 5139
f 5139 5140 5141
f 5140 5127 5141
f 5141 5127 5125
f 5142 5143 5128
f 5143 5129 5128
f 5144 5145 5146
f 5144 5146 5147
f 5146 5148 5147
f 5147 5148 5149
f 5148 5150 5149
f 5149 5150 5151
f 5150 5152 5151
f 5151 5152 5153
f 5152 5154 5153
f 5153 5154 5155
f 5154 5156 5155
f 5155 5156 5157
f 5156 5158 5157
f 5157 5158 5159
f 5158 5160 5159
f 5159 5160 5161
f 5160 5143 5161
f 5161 5143 5142
f 5162 5163 5144
f 5163 5145 5144
f 5164 5165 5166
f 5164 5166 5167
f 5166 5168 5167
f 5167 5168 5169
f 5168 5170 5169
f 5169 5170 5171
f 5170 5172 5171
f 5171 5172 5173
f 5172 5174 5173
f 5173 5174 5175
f 5174 5176 5175
f 5175 5176 5177
f 5176 5163 5177
f 5177 5163 5162
f 5164 5178 5165
f 5178 5179 5165
f 5124 5126 5180
f 5124 5180 5181
f 5180 5182 5181
f 5181 5182 5183
f 5182 5184 5183
f 5183 5184 5185
f 5184 5186 5185
f 5185 5186 5187
f 5186 5188 5187
f 5187 5188 5189
f 5188 5190 5189
f 5189 5190 5191
f 5190 5179 5191
f 5191 5179 5178
f 5192 5193 5194
f 5193 5195 5194
f 5196 5197 5198
f 5196 5198 5199
f 5198 5200 5199
f 5199 5200 5201
f 5200 5202 5201
f 5201 5202 5203
f 5202 5204 5203
f 5203 5204 5205
f 5204 5206 5205
f 5205 5206 5207
f 5206 5208 5207
f 5207 5208 5209
f 5208 5194 5209
f 5209 5194 5195
f 5197 5196 5210
f 5196 5211 5210
f 5212 5213 5214
f 5213 5215 5214
f 5216 5217 5218
f 5216 5218 5219
f 5218 5220 5219
f 5219 5220 5221
f 5220 5222 5221
f 5221 5222 5223
f 5222 5224 5223
f 5223 5224 5225
f 5224 5226 5225
f 5225 5226 5227
f 5226 5228 5227
f 5227 5228 5229
f 5228 5212 5229
f 5229 5212 5214
f 5230 5217 5231
f 5217 5216 5231
f 5230 5231 5232
f 5230 5232 5233
f 5232 5234 5233
f 5233 5234 5235
f 5234 5236 5235
f 5235 5236 5237
f 5236 5238 5237
f 5237 5238 5239
f 5238 5240 5239
f 5239 5240 5241
f 5240 5242 5241
f 5241 5242 5243
f 5242 5244 5243
f 5243 5244 5245
f 5245 5244 5246
f 5244 5247 5246
f 5248 5249 5250
f 5249 5251 5250
f 5252 5253 5254
f 5252 5254 5255
f 5254 5256 5255
f 5255 5256 5257
f 5256 5258 5257
f 5257 5258 5259
f 5258 5260 5259
f 5259 5260 5261
f 5260 5262 5261
f 5261 5262 5263
f 5262 5264 5263
f 5263 5264 5265
f 5264 5266 5265
f 5265 5266 5267
f 5266 5268 5267
f 5267 5268 5269
f 5268 5250 5269
f 5269 5250 5251
f 5270 5253 5271
f 5253 5252 5271
f 5270 5271 5272
f 5271 5273 5272
f 5272 5273 5274
f 5273 5275 5274
f 5274 5275 5276
f 5275 5277 5276
f 5276 5277 5278
f 5277 5279 5278
f 5278 5279 5280
f 5279 5281 5280
f 5280 5281 5282
f 5281 5283 5282
f 5283 5284 5282
f 5282 5284 5285
f 5284 5286 5285
f 5285 5286 5287
f 5286 5288 5287
f 5287 5288 5289
f 5290 5289 5291
f 5289 5288 5291
f 5292 5293 5294
f 5293 5295 5294
f 5294 5295 5296
f 5295 5297 5296
f 5296 5297 5298
f 5297 5299 5298
f 5298 5299 5300
f 5299 5301 5300
f 5300 5301 5302
f 5301 5303 5302
f 5302 5303 5304
f 5303 5305 5304
f 5304 5305 5306
f 5305 5307 5306
f 5307 5308 5306
f 5306 5308 5309
f 5308 5310 5309
f 5309 5310 5311
f 5310 5312 5311
f 5311 5312 5313
f 5313 5312 5314
f 5312 5315 5314
f 5316 5317 5318
f 5316 5318 5319
f 5318 5320 5319
f 5319 5320 5321
f 5320 5322 5321
f 5321 5322 5323
f 5322 5324 5323
f 5323 5324 5325
f 5324 5326 5325
f 5325 5326 5327
f 5326 5328 5327
f 5327 5328 5329
f 5328 5314 5329
f 5329 5314 5315
f 5330 5317 5331
f 5317 5316 5331
f 5332 5333 5334
f 5333 5335 5334
f 5193 5192 5336
f 5193 5336 5337
f 5336 5338 5337
f 5337 5338 5339
f 5338 5340 5339
f 5339 5340 5341
f 5340 5342 5341
f 5341 5342 5343
f 5342 5344 5343
f 5343 5344 5345
f 5344 5346 5345
f 5345 5346 5347
f 5346 5332 5347
f 5347 5332 5334
f 5348 5349 5350
f 5351 5352 5353
f 5352 5354 5353
f 5353 5354 5355
f 5356 5357 5358
f 5356 5358 5359
f 5358 5360 5359
f 5360 5361 5359
f 5359 5361 5354
f 5361 5362 5354
f 5354 5362 5355
f 5357 5356 5363
f 5356 5364 5363
f 5363 5364 5365
f 5350 5349 5364
f 5349 5366 5364
f 5364 5366 5365
f 5348 5350 5367
f 5350 5368 5367
f 5367 5368 5369
f 5370 5371 5372
f 5373 5374 5375
f 5374 5376 5375
f 5375 5376 5377
f 5373 5375 5378
f 5375 5379 5378
f 5378 5379 5380
f 5380 5379 5381
f 5379 5382 5381
f 5381 5382 5383
f 5372 5371 5382
f 5371 5384 5382
f 5382 5384 5383
f 5370 5372 5385
f 5372 5386 5385
f 5385 5386 5387
f 5387 5386 5388
f 5386 5389 5388
f 5388 5389 5390
f 5390 5389 5391
f 5389 5392 5391
f 5391 5392 5393
f 5377 5376 5394
f 5376 5395 5394
f 5396 5397 5398
f 5399 5400 5401
f 5400 5402 5401
f 5401 5402 5403
f 5398 5397 5402
f 5397 5404 5402
f 5402 5404 5403
f 5405 5406 5407
f 5405 5407 5408
f 5407 5409 5408
f 5409 5410 5408
f 5408 5410 5398
f 5410 5411 5398
f 5398 5411 5396
f 5406 5405 5412
f 5405 5413 5412
f 5412 5413 5414
f 5394 5395 5413
f 5395 5415 5413
f 5413 5415 5414
f 5416 5417 5418
f 5417 5419 5418
f 5418 5419 5420
f 5420 5419 5421
f 5419 5352 5421
f 5421 5352 5351
f 5422 5423 5424
f 5423 5425 5424
f 5393 5392 5426
f 5392 5427 5426
f 5426 5427 5428
f 5400 5399 5429
f 5399 5430 5429
f 5429 5430 5431
f 5432 5433 5434
f 5435 5436 5437
f 5437 5436 5438
f 5436 5439 5438
f 5439 5440 5438
f 5438 5440 5441
f 5440 5442 5441
f 5441 5442 5443
f 5435 5437 5444
f 5437 5445 5444
f 5444 5445 5446
f 5446 5445 5447
f 5445 5448 5447
f 5447 5448 5449
f 5434 5433 5448
f 5433 5450 5448
f 5448 5450 5449
f 5432 5434 5451
f 5434 5429 5451
f 5451 5429 5431
f 5441 5443 5452
f 5443 5453 5452
f 5454 5455 5456
f 5457 5458 5459
f 5458 5460 5459
f 5459 5460 5461
f 5461 5460 5462
f 5460 5463 5462
f 5462 5463 5464
f 5465 5466 5467
f 5465 5467 5463
f 5467 5468 5463
f 5463 5468 5464
f 5466 5465 5469
f 5465 5470 5469
f 5469 5470 5471
f 5456 5455 5470
f 5455 5472 5470
f 5470 5472 5471
f 5473 5452 5453
f 5453 5474 5473
f 5474 5475 5473
f 5473 5475 5456
f 5475 5476 5456
f 5456 5476 5454
f 5477 5458 5478
f 5458 5457 5478
f 5479 5480 5481
f 5482 5483 5484
f 5484 5485 5482
f 5485 5486 5482
f 5482 5486 5487
f 5486 5488 5487
f 5487 5488 5489
f 5481 5480 5490
f 5480 5491 5490
f 5491 5492 5490
f 5490 5492 5483
f 5492 5493 5483
f 5483 5493 5484
f 5479 5481 5494
f 5481 5495 5494
f 5494 5495 5496
f 5496 5495 5497
f 5495 5498 5497
f 5497 5498 5499
f 5499 5498 5500
f 5498 5501 5500
f 5500 5501 5502
f 5502 5501 5503
f 5501 5477 5503
f 5503 5477 5478
f 5504 5505 5506
f 5505 5507 5506
f 5508 5509 5507
f 5509 5510 5507
f 5507 5510 5506
f 5511 5512 5508
f 5512 5513 5508
f 5508 5513 5509
f 5511 5508 5514
f 5508 5515 5514
f 5514 5515 5516
f 5515 5517 5516
f 5516 5517 5518
f 5519 5520 5521
f 5520 5522 5521
f 5521 5522 5517
f 5522 5523 5517
f 5517 5523 5518
f 5519 5521 5524
f 5521 5525 5524
f 5524 5525 5526
f 5525 5487 5526
f 5526 5487 5489
f 5527 5528 5529
f 5527 5529 5530
f 5529 5531 5530
f 5530 5531 5532
f 5532 5531 5533
f 5531 5505 5533
f 5533 5505 5504
f 5534 5535 5536
f 5535 5537 5536
f 5536 5537 5538
f 5539 5540 5537
f 5540 5541 5537
f 5537 5541 5538
f 5542 5543 5539
f 5543 5544 5539
f 5539 5544 5540
f 5545 5546 5547
f 5546 5548 5547
f 5547 5548 5542
f 5548 5549 5542
f 5542 5549 5543
f 5545 5547 5550
f 5547 5551 5550
f 5550 5551 5552
f 5552 5551 5553
f 5551 5528 5553
f 5553 5528 5527
f 5554 5535 5555
f 5535 5534 5555
f 5556 5557 5558
f 5559 5560 5561
f 5562 5563 5561
f 5563 5564 5561
f 5564 5565 5561
f 5565 5566 5561
f 5561 5566 5559
f 5558 5557 5567
f 5557 5568 5567
f 5568 5569 5567
f 5567 5569 5562
f 5569 5570 5562
f 5562 5570 5563
f 5556 5558 5571
f 5558 5572 5571
f 5571 5572 5573
f 5573 5572 5574
f 5572 5554 5574
f 5574 5554 5555
f 5575 5576 5577
f 5576 5578 5577
f 5577 5578 5579
f 5579 5578 5580
f 5578 5581 5580
f 5580 5581 5582
f 5581 5560 5582
f 5582 5560 5559
f 5583 5584 5585
f 5585 5586 5583
f 5586 5587 5583
f 5583 5587 5368
f 5587 5588 5368
f 5368 5588 5369
f 5589 5590 5584
f 5590 5591 5584
f 5584 5591 5585
f 5592 5593 5589
f 5593 5594 5589
f 5589 5594 5590
f 5595 5596 5597
f 5596 5598 5597
f 5597 5598 5592
f 5598 5599 5592
f 5592 5599 5593
f 5595 5597 5600
f 5597 5601 5600
f 5600 5601 5602
f 5602 5601 5603
f 5601 5576 5603
f 5603 5576 5575
f 5604 5605 5606
f 5605 5607 5606
f 5608 5609 5610
f 5608 5610 5611
f 5610 5612 5611
f 5611 5612 5613
f 5612 5614 5613
f 5613 5614 5615
f 5614 5616 5615
f 5615 5616 5617
f 5616 5618 5617
f 5617 5618 5619
f 5618 5620 5619
f 5619 5620 5621
f 5620 5622 5621
f 5621 5622 5623
f 5622 5606 5623
f 5623 5606 5607
f 5609 5608 5624
f 5608 5625 5624
f 5626 5627 5628
f 5626 5628 5629
f 5628 5630 5629
f 5629 5630 5631
f 5630 5632 5631
f 5631 5632 5633
f 5632 5634 5633
f 5633 5634 5635
f 5634 5636 5635
f 5635 5636 5637
f 5636 5638 5637
f 5637 5638 5639
f 5638 5640 5639
f 5639 5640 5641
f 5640 5624 5641
f 5641 5624 5625
f 5627 5626 5642
f 5626 5643 5642
f 5605 5604 5644
f 5604 5645 5644
f 5644 5645 5646
f 5647 5648 5649
f 5648 5650 5649
f 5649 5650 5651
f 5650 5652 5651
f 5651 5652 5653
f 5652 5654 5653
f 5653 5654 5655
f 5654 5656 5655
f 5655 5656 5657
f 5656 5658 5657
f 5657 5658 5659
f 5658 5660 5659
f 5659 5660 5661
f 5660 5646 5661
f 5661 5646 5662
f 5646 5645 5662
f 5642 5643 5663
f 5643 5664 5663
f 5663 5664 5647
f 5664 5665 5647
f 5647 5665 5648
f 5666 5667 5668
f 5669 5670 5671
f 5670 5666 5671
f 5671 5666 5672
f 5666 5668 5672
f 5673 5674 5675
f 5674 5676 5675
f 5677 5678 5679
f 5680 5681 5682
f 5681 5677 5682
f 5682 5677 5683
f 5677 5679 5683
f 5684 5685 5686
f 5685 5687 5686
f 5688 5689 5690
f 5689 5691 5690
f 5692 5693 5694
f 5693 5695 5694
f 5696 5697 5698
f 5697 5699 5698
f 5698 5699 5700
f 5699 5701 5700
f 5700 5701 5702
f 5701 5703 5702
f 5702 5703 5704
f 5703 5705 5704
f 5704 5705 5706
f 5705 5707 5706
f 5707 5708 5706
f 5706 5708 5709
f 5710 5711 5712
f 5711 5713 5712
f 5712 5713 5714
f 5713 5715 5714
f 5714 5715 5716
f 5715 5717 5716
f 5716 5717 5718
f 5717 5719 5718
f 5718 5719 5720
f 5719 5721 5720
f 5720 5721 5722
f 5721 5723 5722
f 5722 5723 5724
f 5723 5725 5724
f 5724 5725 5726
f 5725 5727 5726
f 5726 5727 5728
f 5727 5729 5728
f 5728 5729 5730
f 5729 5731 5730
f 5730 5731 5732
f 5731 5733 5732
f 5732 5733 5734
f 5733 5735 5734
f 5734 5735 5736
f 5735 5737 5736
f 5736 5737 5738
f 5737 5739 5738
f 5739 5697 5738
f 5738 5697 5696
f 5740 5741 5742
f 5741 5743 5742
f 5743 5744 5742
f 5744 5745 5742
f 5742 5745 5746
f 5745 5747 5746
f 5746 5747 5748
f 5747 5749 5748
f 5748 5749 5750
f 5750 5749 5751
f 5749 5752 5751
f 5751 5752 5753
f 5752 5754 5753
f 5754 5755 5753
f 5753 5755 5756
f 5756 5755 5757
f 5755 5758 5757
f 5757 5758 5759
f 5758 5760 5759
f 5759 5760 5761
f 5760 5762 5761
f 5761 5762 5763
f 5762 5764 5763
f 5763 5764 5765
f 5764 5766 5765
f 5766 5767 5765
f 5765 5767 5768
f 5767 5769 5768
f 5768 5769 5770
f 5769 5771 5770
f 5771 5711 5770
f 5770 5711 5710
f 5772 5773 5774
f 5773 5775 5774
f 5774 5775 5776
f 5775 5777 5776
f 5776 5777 5778
f 5777 5779 5778
f 5778 5779 5780
f 5779 5781 5780
f 5780 5781 5782
f 5781 5783 5782
f 5782 5783 5740
f 5783 5741 5740
f 5784 5785 5786
f 5785 5787 5786
f 5788 5789 5790
f 5789 5791 5790
f 5792 5793 5794
f 5793 5795 5794
f 5794 5795 5796
f 5795 5797 5796
f 5796 5797 5798
f 5797 5799 5798
f 5798 5799 5800
f 5799 5801 5800
f 5800 5801 5802
f 5801 5803 5802
f 5802 5803 5804
f 5803 5805 5804
f 5806 5807 5808
f 5807 5809 5808
f 5808 5809 5810
f 5809 5811 5810
f 5811 5812 5810
f 5810 5812 5813
f 5812 5814 5813
f 5813 5814 5815
f 5814 5816 5815
f 5815 5816 5817
f 5816 5818 5817
f 5817 5818 5819
f 5818 5820 5819
f 5819 5820 5821
f 5820 5822 5821
f 5821 5822 5823
f 5824 5825 5826
f 5825 5827 5826
f 5826 5827 5828
f 5827 5829 5828
f 5828 5829 5830
f 5829 5831 5830
f 5830 5831 5832
f 5831 5833 5832
f 5832 5833 5834
f 5833 5835 5834
f 5834 5835 5836
f 5835 5837 5836
f 5836 5837 5823
f 5837 5838 5823
f 5823 5838 5821
f 5839 5840 5841
f 5840 5842 5841
f 5841 5842 5843
f 5842 5844 5843
f 5843 5844 5845
f 5844 5846 5845
f 5845 5846 5847
f 5846 5848 5847
f 5847 5848 5849
f 5848 5850 5849
f 5849 5850 5851
f 5850 5852 5851
f 5851 5852 5853
f 5852 5854 5853
f 5853 5854 5855
f 5854 5856 5855
f 5855 5856 5857
f 5856 5858 5857
f 5857 5858 5859
f 5858 5860 5859
f 5859 5860 5861
f 5860 5862 5861
f 5861 5862 5863
f 5862 5864 5863
f 5863 5864 5865
f 5864 5866 5865
f 5865 5866 5867
f 5866 5868 5867
f 5867 5868 5869
f 5868 5870 5869
f 5870 5807 5869
f 5869 5807 5806
f 5871 5872 5873
f 5874 5875 5876
f 5875 5877 5876
f 5876 5877 5878
f 5877 5879 5878
f 5878 5879 5880
f 5879 5881 5880
f 5880 5881 5882
f 5881 5871 5882
f 5882 5871 5883
f 5871 5873 5883
f 5884 5885 5886
f 5885 5887 5886
f 5888 5889 5890
f 5889 5891 5890
f 5892 5893 5894
f 5894 5895 5892
f 5895 5896 5892
f 5892 5896 5897
f 5896 5898 5897
f 5899 5900 5901
f 5900 5902 5901
f 5903 5904 5905
f 5906 5907 5908
f 5907 5903 5908
f 5908 5903 5909
f 5903 5905 5909
f 5910 5911 5912
f 5911 5913 5912
f 5914 5915 5916
f 5915 5917 5916
f 5918 5919 5920
f 5919 5921 5920
f 5922 5923 5924
f 5924 5925 5922
f 5925 5926 5922
f 5922 5926 5927
f 5926 5928 5927
f 5927 5928 5929
f 5928 5930 5929
f 5929 5930 5931
f 5930 5932 5931
f 5931 5932 5933
f 5932 5934 5933
f 5933 5934 5935
f 5934 5936 5935
f 5936 5937 5935
f 5935 5937 5938
f 5937 5939 5938
f 5938 5939 5940
f 5940 5939 5941
f 5939 5942 5941
f 5941 5942 5943
f 5942 5944 5943
f 5943 5944 5945
f 5944 5946 5945
f 5945 5946 5947
f 5946 5948 5947
f 5947 5948 5949
f 5948 5950 5949
f 5949 5950 5951
f 5950 5952 5951
f 5952 5953 5951
f 5951 5953 5954
f 5953 5955 5954
f 5955 5956 5954
f 5954 5956 5957
f 5956 5958 5957
f 5957 5958 5959
f 5959 5958 5960
f 5958 5961 5960
f 5960 5961 5962
f 5961 5963 5962
f 5962 5963 5964
f 5963 5965 5964
f 5964 5965 5966
f 5965 5967 5966
f 5966 5967 5968
f 5967 5969 5968
f 5968 5969 5970
f 5969 5971 5970
f 5970 5971 5972
f 5971 5973 5972
f 5972 5973 5974
f 5973 5975 5974
f 5974 5975 5976
f 5975 5977 5976
f 5976 5977 5978
f 5977 5979 5978
f 5978 5979 5980
f 5979 5981 5980
f 5980 5981 5982
f 5981 5983 5982
f 5982 5983 5984
f 5983 5985 5984
f 5984 5985 5986
f 5985 5987 5986
f 5987 5988 5986
f 5986 5988 5989
f 5989 5988 5990
f 5988 5991 5990
f 5990 5991 5992
f 5991 5993 5992
f 5992 5993 5994
f 5993 5995 5994
f 5994 5995 5996
f 5995 5997 5996
f 5996 5997 5998
f 5997 5999 5998
f 5998 5999 6000
f 5999 6001 6000
f 6000 6001 6002
f 6001 6003 6002
f 6002 6003 6004
f 6003 6005 6004
f 6004 6005 6006
f 6005 6007 6006
f 6006 6007 6008
f 6007 6009 6008
f 6008 6009 6010
f 6009 6011 6010
f 6010 6011 6012
f 6011 6013 6012
f 6012 6013 6014
f 6013 6015 6014
f 6014 6015 6016
f 6015 6017 6016
f 6016 6017 6018
f 6019 6020 6021
f 6021 6020 6022
f 6020 6023 6022
f 6022 6023 6018
f 6023 6024 6018
f 6018 6024 6016
f 6021 6025 6019
f 6025 6026 6019
f 6019 6026 6027
f 6026 6028 6027
f 6027 6028 6029
f 6028 6030 6029
f 6029 6030 6031
f 6030 6032 6031
f 6031 6032 6033
f 6032 6034 6033
f 6033 6034 6035
f 6034 6036 6035
f 6035 6036 6037
f 6036 6038 6037
f 6037 6038 6039
f 6038 6040 6039
f 6039 6040 6041
f 6040 6042 6041
f 6041 6042 6043
f 6042 6044 6043
f 6043 6044 6045
f 6044 6046 6045
f 6045 6046 6047
f 6046 6048 6047
f 6047 6048 6049
f 6048 6050 6049
f 6049 6050 6051
f 6050 6052 6051
f 6051 6052 5923
f 6052 5924 5923
f 6053 6054 6055
f 6056 6057 6058
f 6057 6059 6058
f 6058 6059 6060
f 6058 6061 6056
f 6061 6062 6056
f 6056 6062 6063
f 6062 6064 6063
f 6063 6064 6065
f 6065 6064 6066
f 6064 6067 6066
f 6066 6067 6068
f 6067 6069 6068
f 6069 6070 6068
f 6068 6070 6071
f 6070 6072 6071
f 6071 6072 6073
f 6072 6074 6073
f 6073 6074 6075
f 6074 6076 6075
f 6075 6076 6077
f 6076 6078 6077
f 6054 6053 6079
f 6053 6080 6079
f 6079 6080 6081
f 6080 6082 6081
f 6081 6082 6083
f 6082 6084 6083
f 6083 6084 6085
f 6084 6086 6085
f 6085 6086 6087
f 6086 6088 6087
f 6087 6088 6089
f 6088 6090 6089
f 6089 6090 6091
f 6090 6092 6091
f 6091 6092 6093
f 6092 6094 6093
f 6093 6094 6095
f 6094 6096 6095
f 6095 6096 6097
f 6096 6098 6097
f 6097 6098 6078
f 6098 6099 6078
f 6078 6099 6077
f 6100 6101 6102
f 6101 6103 6102
f 6102 6103 6104
f 6103 6105 6104
f 6104 6105 6106
f 6105 6107 6106
f 6106 6107 6108
f 6107 6109 6108
f 6108 6109 6110
f 6109 6111 6110
f 6110 6111 6112
f 6111 6113 6112
f 6112 6113 6114
f 6113 6115 6114
f 6114 6115 6055
f 6115 6116 6055
f 6055 6116 6053
f 6100 6117 6101
f 6117 6118 6101
f 6118 6117 6119
f 6117 6120 6119
f 6119 6120 6121
f 6120 6122 6121
f 6121 6122 6123
f 6122 6124 6123
f 6123 6124 6125
f 6124 6126 6125
f 6125 6126 6127
f 6126 6128 6127
f 6128 6129 6127
f 6127 6129 6130
f 6130 6129 6131
f 6129 6132 6131
f 6131 6132 6133
f 6132 6134 6133
f 6133 6134 6135
f 6134 6136 6135
f 6135 6136 6137
f 6136 6138 6137
f 6137 6138 6139
f 6138 6140 6139
f 6139 6140 6141
f 6140 6142 6141
f 6141 6142 6143
f 6142 6144 6143
f 6143 6144 6145
f 6144 6146 6145
f 6145 6146 6147
f 6146 6148 6147
f 6147 6148 6149
f 6148 6150 6149
f 6149 6150 6151
f 6150 6152 6151
f 6151 6152 6153
f 6152 6154 6153
f 6153 6154 6155
f 6154 6156 6155
f 6155 6156 6157
f 6156 6158 6157
f 6157 6158 6159
f 6158 6160 6159
f 6160 6161 6159
f 6159 6161 6162
f 6162 6161 6163
f 6161 6164 6163
f 6163 6164 6165
f 6164 6166 6165
f 6165 6166 6167
f 6166 6168 6167
f 6167 6168 6169
f 6168 6170 6169
f 6169 6170 6171
f 6170 6172 6171
f 6171 6172 6173
f 6172 6174 6173
f 6174 6175 6173
f 6173 6175 6176
f 6175 6177 6176
f 6176 6177 6178
f 6177 6060 6178
f 6178 6060 6059
f 6179 6180 6181
f 6182 6183 6184
f 6181 6180 6184
f 6180 6185 6184
f 6184 6185 6182
f 6183 6186 6184
f 6186 6187 6184
f 6184 6187 6188
f 6188 6189 6184
f 6189 6190 6184
f 6184 6190 6191
f 6191 6192 6184
f 6192 6193 6184
f 6184 6193 6194
f 6194 6195 6184
f 6195 6196 6184
f 6184 6196 6197
f 6197 6198 6184
f 6198 6199 6184
f 6184 6199 6200
f 6200 6201 6184
f 6201 6202 6184
f 6184 6202 6203
f 6203 6204 6184
f 6204 6205 6184
f 6184 6205 6206
f 6206 6207 6184
f 6207 6208 6184
f 6184 6208 6181
f 6209 6210 6211
f 6212 6213 6214
f 6213 6215 6214
f 6214 6215 6216
f 6217 6218 6214
f 6218 6219 6214
f 6219 6220 6214
f 6214 6220 6221
f 6221 6222 6214
f 6222 6223 6214
f 6214 6223 6224
f 6211 6212 6209
f 6212 6214 6209
f 6209 6214 6225
f 6214 6224 6225
f 6226 6227 6214
f 6216 6228 6214
f 6228 6229 6214
f 6214 6229 6230
f 6230 6231 6214
f 6231 6232 6214
f 6214 6232 6226
f 6227 6233 6214
f 6233 6234 6214
f 6214 6234 6235
f 6235 6236 6214
f 6236 6237 6214
f 6214 6237 6217
f 6179 6181 6238
f 6181 6239 6238
f 6238 6239 6240
f 6240 6241 6238
f 6241 6242 6238
f 6238 6242 6209
f 6242 6243 6209
f 6209 6243 6210
f 6244 6245 6246
f 6245 6247 6246
f 6246 6247 6248
f 6247 6249 6248
f 6248 6249 6250
f 6249 6251 6250
f 6250 6251 6252
f 6251 6253 6252
f 6252 6253 6254
f 6253 6255 6254
f 6254 6255 6256
f 6255 6257 6256
f 6256 6257 6258
f 6257 6259 6258
f 6259 6260 6258
f 6258 6260 6261
f 6260 6262 6261
f 6261 6262 6263
f 6263 6262 6264
f 6262 6265 6264
f 6264 6265 6266
f 6265 6267 6266
f 6266 6267 6268
f 6267 6269 6268
f 6268 6269 6270
f 6269 6271 6270
f 6270 6271 6272
f 6271 6273 6272
f 6272 6273 6274
f 6273 6275 6274
f 6275 6276 6274
f 6274 6276 6277
f 6276 6278 6277
f 6278 6279 6277
f 6277 6279 6280
f 6279 6281 6280
f 6280 6281 6282
f 6282 6281 6283
f 6281 6284 6283
f 6283 6284 6285
f 6284 6286 6285
f 6285 6286 6287
f 6286 6288 6287
f 6287 6288 6289
f 6288 6290 6289
f 6289 6290 6291
f 6290 6292 6291
f 6291 6292 6293
f 6292 6294 6293
f 6293 6294 6295
f 6294 6296 6295
f 6295 6296 6297
f 6296 6298 6297
f 6297 6298 6299
f 6298 6300 6299
f 6299 6300 6301
f 6300 6302 6301
f 6301 6302 6303
f 6302 6304 6303
f 6303 6304 6305
f 6304 6306 6305
f 6305 6306 6307
f 6306 6308 6307
f 6307 6308 6309
f 6308 6310 6309
f 6310 6311 6309
f 6309 6311 6312
f 6312 6311 6313
f 6311 6314 6313
f 6313 6314 6315
f 6314 6316 6315
f 6315 6316 6317
f 6316 6318 6317
f 6317 6318 6319
f 6318 6320 6319
f 6319 6320 6321
f 6320 6322 6321
f 6321 6322 6323
f 6322 6324 6323
f 6323 6324 6325
f 6324 6326 6325
f 6325 6326 6327
f 6326 6328 6327
f 6327 6328 6329
f 6328 6330 6329
f 6329 6330 6331
f 6330 6332 6331
f 6331 6332 6333
f 6332 6334 6333
f 6333 6334 6335
f 6334 6336 6335
f 6335 6336 6337
f 6336 6338 6337
f 6337 6338 6339
f 6338 6340 6339
f 6339 6340 6341
f 6340 6342 6341
f 6341 6342 6343
f 6342 6344 6343
f 6343 6344 6345
f 6344 6346 6345
f 6346 6347 6345
f 6345 6347 6348
f 6347 6349 6348
f 6348 6349 6350
f 6349 6351 6350
f 6350 6351 6352
f 6351 6353 6352
f 6352 6353 6354
f 6353 6355 6354
f 6354 6355 6356
f 6355 6357 6356
f 6356 6357 6358
f 6357 6359 6358
f 6358 6359 6360
f 6359 6361 6360
f 6360 6361 6362
f 6361 6363 6362
f 6362 6363 6364
f 6363 6365 6364
f 6364 6365 6366
f 6365 6367 6366
f 6366 6367 6368
f 6367 6369 6368
f 6368 6369 6370
f 6369 6371 6370
f 6370 6371 6372
f 6371 6373 6372
f 6372 6373 6374
f 6373 6375 6374
f 6374 6375 6244
f 6375 6245 6244
f 6376 6377 6378
f 6379 6380 6381
f 6380 6382 6381
f 6381 6382 6383
f 6381 6384 6379
f 6384 6385 6379
f 6379 6385 6386
f 6385 6387 6386
f 6386 6387 6388
f 6388 6387 6389
f 6387 6390 6389
f 6389 6390 6391
f 6390 6392 6391
f 6392 6393 6391
f 6391 6393 6394
f 6393 6395 6394
f 6394 6395 6396
f 6395 6397 6396
f 6396 6397 6398
f 6397 6399 6398
f 6398 6399 6400
f 6399 6401 6400
f 6377 6376 6402
f 6376 6403 6402
f 6402 6403 6404
f 6403 6405 6404
f 6404 6405 6406
f 6405 6407 6406
f 6406 6407 6408
f 6407 6409 6408
f 6408 6409 6410
f 6409 6411 6410
f 6410 6411 6412
f 6411 6413 6412
f 6412 6413 6414
f 6413 6415 6414
f 6414 6415 6416
f 6415 6417 6416
f 6416 6417 6418
f 6417 6419 6418
f 6418 6419 6420
f 6419 6421 6420
f 6420 6421 6401
f 6421 6422 6401
f 6401 6422 6400
f 6423 6424 6425
f 6424 6426 6425
f 6425 6426 6427
f 6426 6428 6427
f 6427 6428 6429
f 6428 6430 6429
f 6429 6430 6431
f 6430 6432 6431
f 6431 6432 6433
f 6432 6434 6433
f 6433 6434 6435
f 6434 6436 6435
f 6435 6436 6437
f 6436 6438 6437
f 6437 6438 6378
f 6438 6439 6378
f 6378 6439 6376
f 6423 6440 6424
f 6440 6441 6424
f 6441 6440 6442
f 6440 6443 6442
f 6442 6443 6444
f 6443 6445 6444
f 6444 6445 6446
f 6445 6447 6446
f 6446 6447 6448
f 6447 6449 6448
f 6448 6449 6450
f 6449 6451 6450
f 6451 6452 6450
f 6450 6452 6453
f 6453 6452 6454
f 6452 6455 6454
f 6454 6455 6456
f 6455 6457 6456
f 6456 6457 6458
f 6457 6459 6458
f 6458 6459 6460
f 6459 6461 6460
f 6460 6461 6462
f 6461 6463 6462
f 6462 6463 6464
f 6463 6465 6464
f 6464 6465 6466
f 6465 6467 6466
f 6466 6467 6468
f 6467 6469 6468
f 6468 6469 6470
f 6469 6471 6470
f 6470 6471 6472
f 6471 6473 6472
f 6472 6473 6474
f 6473 6475 6474
f 6474 6475 6476
f 6475 6477 6476
f 6476 6477 6478
f 6477 6479 6478
f 6478 6479 6480
f 6479 6481 6480
f 6480 6481 6482
f 6481 6483 6482
f 6483 6484 6482
f 6482 6484 6485
f 6485 6484 6486
f 6484 6487 6486
f 6486 6487 6488
f 6487 6489 6488
f 6488 6489 6490
f 6489 6491 6490
f 6490 6491 6492
f 6491 6493 6492
f 6492 6493 6494
f 6493 6495 6494
f 6494 6495 6496
f 6495 6497 6496
f 6497 6498 6496
f 6496 6498 6499
f 6498 6500 6499
f 6499 6500 6501
f 6500 6383 6501
f 6501 6383 6382
f 6502 6503 6504
f 6505 6506 6507
f 6508 6509 6505
f 6509 6510 6505
f 6510 6511 6505
f 6505 6511 6512
f 6512 6513 6505
f 6513 6514 6505
f 6505 6514 6515
f 6504 6506 6502
f 6506 6505 6502
f 6502 6505 6516
f 6505 6515 6516
f 6507 6517 6505
f 6517 6518 6505
f 6505 6518 6519
f 6519 6520 6505
f 6520 6521 6505
f 6505 6521 6522
f 6522 6523 6505
f 6523 6524 6505
f 6505 6524 6525
f 6525 6526 6505
f 6526 6527 6505
f 6505 6527 6528
f 6528 6529 6505
f 6529 6530 6505
f 6505 6530 6508
f 6531 6532 6533
f 6534 6535 6536
f 6533 6537 6534
f 6537 6538 6534
f 6534 6538 6535
f 6536 6539 6534
f 6539 6540 6534
f 6534 6540 6541
f 6541 6542 6534
f 6542 6543 6534
f 6534 6543 6533
f 6543 6544 6533
f 6533 6544 6531
f 6532 6545 6533
f 6545 6546 6533
f 6533 6546 6547
f 6547 6548 6533
f 6548 6549 6533
f 6533 6549 6550
f 6550 6551 6533
f 6551 6552 6533
f 6533 6552 6553
f 6554 6555 6502
f 6553 6556 6533
f 6556 6557 6533
f 6533 6557 6502
f 6557 6558 6502
f 6502 6558 6554
f 6555 6559 6502
f 6559 6560 6502
f 6502 6560 6561
f 6561 6562 6502
f 6562 6563 6502
f 6502 6563 6564
f 6564 6565 6502
f 6565 6566 6502
f 6502 6566 6503
f 6567 6568 6569
f 6570 6571 6572
f 6570 6572 6573
f 6571 6570 6574
f 6570 6575 6574
f 6574 6575 6576
f 6575 6577 6576
f 6576 6577 6578
f 6577 6579 6578
f 6578 6579 6580
f 6579 6581 6580
f 6580 6581 6582
f 6581 6583 6582
f 6582 6583 6584
f 6583 6585 6584
f 6584 6585 6586
f 6585 6587 6586
f 6586 6587 6588
f 6587 6589 6588
f 6588 6589 6569
f 6589 6590 6569
f 6569 6590 6567
f 6572 6591 6573
f 6591 6592 6573
f 6573 6592 6593
f 6594 6595 6596
f 6596 6597 6594
f 6597 6598 6594
f 6594 6598 6599
f 6598 6600 6599
f 6600 6601 6599
f 6599 6601 6602
f 6601 6603 6602
f 6602 6603 6604
f 6603 6605 6604
f 6604 6605 6606
f 6605 6607 6606
f 6606 6607 6608
f 6607 6609 6608
f 6608 6609 6610
f 6609 6611 6610
f 6610 6611 6612
f 6611 6613 6612
f 6612 6613 6614
f 6613 6615 6614
f 6615 6616 6614
f 6614 6616 6617
f 6618 6619 6620
f 6620 6619 6621
f 6619 6622 6621
f 6621 6622 6623
f 6622 6624 6623
f 6623 6624 6625
f 6624 6626 6625
f 6625 6626 6627
f 6626 6628 6627
f 6627 6628 6629
f 6628 6630 6629
f 6629 6630 6631
f 6630 6632 6631
f 6631 6632 6633
f 6632 6634 6633
f 6633 6634 6635
f 6634 6636 6635
f 6635 6636 6616
f 6636 6637 6616
f 6616 6637 6617
f 6620 6638 6618
f 6638 6639 6618
f 6618 6639 6640
f 6639 6641 6640
f 6640 6641 6642
f 6641 6643 6642
f 6642 6643 6644
f 6643 6645 6644
f 6644 6645 6646
f 6645 6647 6646
f 6646 6647 6648
f 6647 6649 6648
f 6649 6650 6648
f 6648 6650 6651
f 6652 6651 6653
f 6651 6650 6653
f 6654 6655 6656
f 6657 6658 6659
f 6658 6654 6659
f 6659 6654 6660
f 6654 6656 6660
f 6661 6662 6663
f 6662 6664 6663
f 6661 6663 6665
f 6663 6666 6665
f 6665 6666 6667
f 6666 6668 6667
f 6667 6668 6669
f 6668 6670 6669
f 6669 6670 6671
f 6670 6672 6671
f 6671 6672 6673
f 6672 6674 6673
f 6674 6675 6673
f 6673 6675 6676
f 6675 6677 6676
f 6676 6677 6678
f 6677 6679 6678
f 6678 6679 6680
f 6679 6681 6680
f 6680 6681 6682
f 6681 6683 6682
f 6682 6683 6684
f 6683 6685 6684
f 6684 6685 6686
f 6685 6687 6686
f 6686 6687 6688
f 6687 6689 6688
f 6688 6689 6690
f 6689 6691 6690
f 6690 6691 6692
f 6691 6693 6692
f 6693 6568 6692
f 6692 6568 6567
f 6694 6695 6696
f 6695 6697 6696
f 6697 6695 6698
f 6695 6699 6698
f 6698 6699 6700
f 6699 6701 6700
f 6700 6701 6702
f 6701 6703 6702
f 6702 6703 6704
f 6703 6705 6704
f 6704 6705 6706
f 6707 6708 6709
f 6708 6706 6709
f 6709 6706 6710
f 6706 6705 6710
f 6709 6711 6707
f 6711 6712 6707
f 6707 6712 6713
f 6712 6714 6713
f 6713 6714 6715
f 6714 6716 6715
f 6715 6716 6717
f 6716 6718 6717
f 6717 6718 6719
f 6719 6718 6720
f 6718 6721 6720
f 6720 6721 6722
f 6721 6723 6722
f 6723 6724 6722
f 6722 6724 6725
f 6724 6726 6725
f 6725 6726 6727
f 6726 6728 6727
f 6727 6728 6729
f 6694 6696 6730
f 6696 6731 6730
f 6732 6733 6734
f 6733 6735 6734
f 6736 6737 6738
f 6737 6739 6738
f 6740 6741 6742
f 6740 6742 6743
f 6742 6744 6743
f 6743 6744 6745
f 6744 6746 6745
f 6745 6746 6747
f 6746 6729 6747
f 6747 6729 6728
f 6741 6740 6748
f 6740 6749 6748
f 6748 6749 6750
f 6749 6751 6750
f 6751 6752 6750
f 6750 6752 6753
f 6752 6754 6753
f 6753 6754 6755
f 6754 6756 6755
f 6755 6756 6757
f 6756 6758 6757
f 6757 6758 6759
f 6758 6760 6759
f 6759 6760 6761
f 6761 6760 6762
f 6760 6763 6762
f 6762 6763 6764
f 6763 6765 6764
f 6764 6765 6766
f 6765 6767 6766
f 6767 6738 6766
f 6766 6738 6739
f 6768 6769 6770
f 6769 6771 6770
f 6771 6769 6772
f 6769 6773 6772
f 6772 6773 6774
f 6773 6775 6774
f 6774 6775 6776
f 6777 6778 6779
f 6778 6780 6779
f 6779 6780 6781
f 6780 6782 6781
f 6781 6782 6783
f 6782 6776 6783
f 6783 6776 6784
f 6776 6775 6784
f 6779 6785 6777
f 6785 6786 6777
f 6777 6786 6787
f 6786 6788 6787
f 6787 6788 6789
f 6788 6790 6789
f 6789 6790 6791
f 6790 6792 6791
f 6791 6792 6793
f 6793 6792 6794
f 6792 6795 6794
f 6794 6795 6796
f 6795 6797 6796
f 6797 6798 6796
f 6796 6798 6799
f 6798 6800 6799
f 6799 6800 6801
f 6800 6802 6801
f 6801 6802 6803
f 6768 6770 6804
f 6770 6805 6804
f 6806 6807 6808
f 6807 6809 6808
f 6810 6811 6812
f 6811 6813 6812
f 6814 6815 6816
f 6814 6816 6817
f 6816 6818 6817
f 6817 6818 6819
f 6818 6820 6819
f 6819 6820 6821
f 6820 6803 6821
f 6821 6803 6802
f 6815 6814 6822
f 6814 6823 6822
f 6822 6823 6824
f 6823 6825 6824
f 6825 6826 6824
f 6824 6826 6827
f 6826 6828 6827
f 6827 6828 6829
f 6828 6830 6829
f 6829 6830 6831
f 6830 6832 6831
f 6831 6832 6833
f 6832 6834 6833
f 6833 6834 6835
f 6835 6834 6836
f 6834 6837 6836
f 6836 6837 6838
f 6837 6839 6838
f 6838 6839 6840
f 6839 6841 6840
f 6841 6812 6840
f 6840 6812 6813
f 6842 6843 6844
f 6843 6845 6844
f 6844 6845 6846
f 6846 6845 6847
f 6845 6848 6847
f 6847 6848 6849
f 6849 6850 6847
f 6850 6851 6847
f 6847 6851 6852
f 6852 6853 6847
f 6853 6854 6847
f 6847 6854 6855
f 6855 6856 6847
f 6856 6857 6847
f 6847 6857 6858
f 6858 6859 6847
f 6859 6860 6847
f 6847 6860 6861
f 6861 6862 6847
f 6862 6863 6847
f 6847 6863 6864
f 6864 6865 6847
f 6865 6866 6847
f 6847 6866 6867
f 6867 6868 6847
f 6868 6869 6847
f 6847 6869 6870
f 6870 6871 6847
f 6871 6872 6847
f 6847 6872 6873
f 6873 6874 6847
f 6874 6875 6847
f 6847 6875 6876
f 6877 6878 6879
f 6878 6880 6879
f 6879 6880 6881
f 6881 6880 6882
f 6880 6883 6882
f 6882 6883 6884
f 6884 6885 6882
f 6885 6886 6882
f 6882 6886 6887
f 6887 6888 6882
f 6888 6889 6882
f 6882 6889 6890
f 6890 6891 6882
f 6891 6892 6882
f 6882 6892 6893
f 6893 6894 6882
f 6894 6895 6882
f 6882 6895 6896
f 6896 6897 6882
f 6897 6898 6882
f 6882 6898 6899
f 6899 6900 6882
f 6900 6901 6882
f 6882 6901 6902
f 6902 6903 6882
f 6903 6904 6882
f 6882 6904 6905
f 6905 6906 6882
f 6906 6907 6882
f 6882 6907 6908
f 6908 6909 6882
f 6909 6910 6882
f 6882 6910 6911
f 6912 6913 6914
f 6913 6915 6914
f 6914 6915 6916
f 6915 6917 6916
f 6916 6917 6918
f 6917 6919 6918
f 6918 6919 6920
f 6919 6921 6920
f 6920 6921 6922
f 6921 6923 6922
f 6922 6923 6924
f 6923 6925 6924
f 6924 6925 6926
f 6925 6927 6926
f 6926 6927 6928
f 6927 6929 6928
f 6928 6929 6930
f 6929 6931 6930
f 6930 6931 6932
f 6931 6933 6932
f 6932 6933 6934
f 6933 6935 6934
f 6934 6935 6936
f 6935 6937 6936
f 6936 6937 6938
f 6937 6939 6938
f 6938 6939 6940
f 6939 6941 6940
f 6940 6941 6942
f 6941 6943 6942
f 6943 6944 6942
f 6942 6944 6945
f 6946 6945 6947
f 6945 6944 6947
f 6948 6949 6950
f 6951 6952 6953
f 6952 6948 6953
f 6953 6948 6954
f 6948 6950 6954
f 6955 6956 6957
f 6956 6958 6957
f 6959 6960 6961
f 6960 6962 6961
f 6963 6964 6965
f 6964 6966 6965
f 6967 6968 6969
f 6968 6970 6969
f 6971 6972 6973
f 6972 6974 6973
f 6975 6976 6977
f 6976 6978 6977
f 6979 6980 6981
f 6980 6982 6981
f 6983 6984 6985
f 6983 6985 6986
f 6984 6983 6987
f 6983 6988 6987
f 6987 6988 6989
f 6988 6990 6989
f 6989 6990 6991
f 6990 6992 6991
f 6991 6992 6993
f 6992 6994 6993
f 6993 6994 6995
f 6994 6996 6995
f 6995 6996 6997
f 6996 6998 6997
f 6997 6998 6982
f 6998 6999 6982
f 6982 6999 6981
f 6985 7000 6986
f 7000 6913 6986
f 6986 6913 6912
f 7001 7002 7003
f 7002 7004 7003
f 7003 7004 7005
f 7004 7006 7005
f 7005 7006 7007
f 7006 7008 7007
f 7007 7008 7009
f 7003 7010 7001
f 7010 7011 7001
f 7001 7011 7012
f 7011 7013 7012
f 7012 7013 7014
f 7013 7015 7014
f 7014 7015 7016
f 7015 7017 7016
f 7016 7017 7018
f 7017 7019 7018
f 7018 7019 7020
f 7019 7021 7020
f 7020 7021 7022
f 7022 7021 7023
f 7021 7024 7023
f 7023 7024 7025
f 7024 7026 7025
f 7026 7027 7025
f 7025 7027 7028
f 7027 7029 7028
f 7030 7031 7032
f 7031 7033 7032
f 7032 7033 7029
f 7033 7034 7029
f 7029 7034 7028
f 7035 7036 7037
f 7036 7038 7037
f 7039 7040 7041
f 7040 7042 7041
f 7041 7042 7043
f 7038 7036 7044
f 7036 7045 7044
f 7044 7045 7046
f 7045 7047 7046
f 7046 7047 7048
f 7047 7049 7048
f 7048 7049 7050
f 7049 7051 7050
f 7050 7051 7052
f 7051 7053 7052
f 7052 7053 7039
f 7053 7054 7039
f 7039 7054 7040
f 7043 7042 7055
f 7042 7056 7055
f 7055 7056 7057
f 7056 7058 7057
f 7058 7059 7057
f 7057 7059 7060
f 7059 7061 7060
f 7060 7061 7062
f 7061 7063 7062
f 7062 7063 7064
f 7063 7065 7064
f 7064 7065 7066
f 7065 7009 7066
f 7066 7009 7008
f 7035 7037 7067
f 7037 7068 7067
f 7069 7070 7071
f 7070 7072 7071
f 7073 7074 7030
f 7074 7031 7030
f 7075 7076 7077
f 7077 7078 7075
f 7078 7079 7075
f 7075 7079 7080
f 7080 7081 7075
f 7081 7082 7075
f 7075 7082 7076
f 7082 7083 7076
f 7083 7084 7076
f 7084 7085 7076
f 7076 7085 7086
f 7086 7087 7076
f 7087 7088 7076
f 7076 7088 7089
f 7089 7090 7076
f 7090 7091 7076
f 7076 7091 7092
f 7092 7093 7076
f 7093 7094 7076
f 7076 7094 7095
f 7095 7096 7076
f 7096 7097 7076
f 7076 7097 7098
f 7098 7099 7076
f 7099 7100 7076
f 7076 7100 7101
f 7101 7102 7076
f 7102 7103 7076
f 7076 7103 7104
f 7104 7105 7076
f 7105 7106 7076
f 7076 7106 7107
f 7107 7108 7076
f 7108 7109 7076
f 7076 7109 7110
f 7111 7112 7113
f 7112 7114 7113
f 7115 7116 7117
f 7116 7118 7117
f 7119 7120 7121
f 7120 7122 7121
f 7123 7124 7125
f 7126 7127 7128
f 7127 7123 7128
f 7128 7123 7129
f 7123 7125 7129
f 7130 7131 7132
f 7131 7133 7132
f 7134 7135 7136
f 7137 7138 7139
f 7138 7134 7139
f 7139 7134 7140
f 7134 7136 7140
f 7141 7142 7143
f 7142 7144 7143
f 7145 7146 7147
f 7146 7148 7147
f 7149 7150 7151
f 7150 7152 7151
f 7153 7154 7155
f 7154 7156 7155
f 7157 7158 7159
f 7158 7160 7159
f 7161 7162 7163
f 7164 7165 7166
f 7165 7167 7166
f 7168 7169 7170
f 7169 7171 7170
f 7172 7173 7174
f 7173 7175 7174
f 7176 7177 7178
f 7179 7180 7181
f 7180 7176 7181
f 7181 7176 7182
f 7176 7178 7182
f 7183 7184 7185
f 7184 7186 7185
f 7187 7188 7189
f 7188 7190 7189
f 7191 7192 7193
f 7192 7194 7193
f 7195 7196 7197
f 7196 7198 7197
f 7197 7198 7199
f 7200 7201 7202
f 7201 7203 7202
f 7202 7203 7204
f 7205 7206 7207
f 7205 7207 7208
f 7207 7209 7208
f 7208 7209 7210
f 7211 7212 7213
f 7212 7214 7213
f 7213 7214 7215
f 7216 7217 7218
f 7217 7219 7218
f 7220 7221 7222
f 7221 7223 7222
f 7222 7223 7224
f 7225 7226 7227
f 7226 7228 7227
f 7227 7228 7229
f 7230 7231 7232
f 7231 7233 7232
f 7234 7235 7236
f 7237 7238 7239
f 7238 7234 7239
f 7239 7234 7240
f 7234 7236 7240
f 7241 7242 7243
f 7242 7244 7243
f 7245 7246 7247
f 7246 7248 7247
f 7247 7248 7249
f 7250 7251 7252
f 7251 7253 7252
f 7252 7253 7254
f 7255 7256 7257
f 7256 7258 7257
f 7259 7260 7261
f 7262 7263 7264
f 7263 7259 7264
f 7264 7259 7265
f 7259 7261 7265
f 7266 7267 7268
f 7267 7269 7268
f 7270 7271 7272
f 7271 7273 7272
f 7272 7273 7274
f 7275 7276 7277
f 7276 7278 7277
f 7279 7280 7281
f 7280 7282 7281
f 7283 7284 7285
f 7286 7287 7288
f 7287 7283 7288
f 7288 7283 7289
f 7283 7285 7289
f 7290 7291 7292
f 7291 7293 7292
f 7292 7293 7294
f 7295 7296 7297
f 7298 7299 7300
f 7299 7295 7300
f 7300 7295 7301
f 7295 7297 7301
f 7302 7303 7304
f 7303 7305 7304
f 7306 7307 7308
f 7307 7309 7308
f 7310 7311 7312
f 7311 7313 7312
f 7314 7315 7316
f 7315 7317 7316
f 7318 7319 7320
f 7319 7321 7320
f 7322 7323 7324
f 7325 7326 7327
f 7326 7328 7327
f 7327 7328 7329
f 7328 7330 7329
f 7329 7330 7331
f 7330 7332 7331
f 7331 7332 7333
f 7332 7334 7333
f 7333 7334 7335
f 7334 7336 7335
f 7335 7336 7337
f 7336 7338 7337
f 7337 7338 7339
f 7338 7340 7339
f 7339 7340 7341
f 7340 7342 7341
f 7341 7342 7343
f 7342 7344 7343
f 7343 7344 7345
f 7344 7346 7345
f 7345 7346 7347
f 7346 7348 7347
f 7347 7348 7349
f 7348 7350 7349
f 7349 7350 7351
f 7350 7352 7351
f 7351 7352 7353
f 7352 7354 7353
f 7353 7354 7355
f 7354 7356 7355
f 7356 7357 7355
f 7355 7357 7358
f 7359 7358 7360
f 7358 7357 7360
f 7361 7362 7363
f 7364 7365 7366
f 7365 7361 7366
f 7366 7361 7367
f 7361 7363 7367
f 7368 7369 7370
f 7369 7371 7370
f 7372 7373 7374
f 7373 7375 7374
f 7376 7377 7378
f 7377 7379 7378
f 7380 7381 7382
f 7381 7383 7382
f 7384 7385 7386
f 7385 7387 7386
f 7388 7389 7390
f 7389 7391 7390
f 7392 7393 7394
f 7393 7395 7394
f 7394 7395 7396
f 7396 7395 7397
f 7395 7398 7397
f 7397 7398 7399
f 7398 7400 7399
f 7399 7400 7401
f 7400 7402 7401
f 7401 7402 7403
f 7402 7404 7403
f 7404 7405 7403
f 7403 7405 7406
f 7405 7407 7406
f 7406 7407 7408
f 7407 7409 7408
f 7408 7409 7410
f 7409 7411 7410
f 7410 7411 7412
f 7411 7413 7412
f 7413 7326 7412
f 7412 7326 7325
f 7414 7415 7416
f 7415 7417 7416
f 7416 7417 7418
f 7417 7419 7418
f 7418 7419 7420
f 7419 7421 7420
f 7420 7421 7422
f 7421 7423 7422
f 7422 7423 7424
f 7423 7425 7424
f 7424 7425 7426
f 7425 7427 7426
f 7426 7427 7428
f 7427 7429 7428
f 7428 7429 7430
f 7429 7431 7430
f 7430 7431 7432
f 7431 7433 7432
f 7432 7433 7434
f 7433 7435 7434
f 7434 7435 7436
f 7435 7437 7436
f 7436 7437 7438
f 7416 7439 7414
f 7439 7440 7414
f 7414 7440 7441
f 7440 7442 7441
f 7441 7442 7443
f 7442 7444 7443
f 7443 7444 7445
f 7446 7447 7448
f 7447 7449 7448
f 7450 7451 7452
f 7451 7453 7452
f 7452 7453 7454
f 7449 7447 7455
f 7447 7456 7455
f 7455 7456 7457
f 7456 7458 7457
f 7457 7458 7459
f 7458 7460 7459
f 7459 7460 7461
f 7460 7462 7461
f 7461 7462 7463
f 7462 7464 7463
f 7463 7464 7450
f 7464 7465 7450
f 7450 7465 7451
f 7454 7453 7466
f 7453 7467 7466
f 7466 7467 7468
f 7467 7469 7468
f 7469 7470 7468
f 7468 7470 7471
f 7470 7472 7471
f 7471 7472 7473
f 7472 7474 7473
f 7473 7474 7475
f 7474 7476 7475
f 7475 7476 7477
f 7476 7438 7477
f 7477 7438 7437
f 7446 7448 7478
f 7448 7479 7478
f 7480 7481 7482
f 7481 7483 7482
f 7484 7485 7444
f 7485 7445 7444
f 7486 7487 7488
f 7488 7489 7486
f 7489 7490 7486
f 7486 7490 7491
f 7491 7492 7486
f 7492 7493 7486
f 7486 7493 7494
f 7495 7496 7497
f 7496 7498 7497
f 7497 7498 7499
f 7500 7501 7502
f 7500 7502 7503
f 7502 7504 7503
f 7503 7504 7505
f 7505 7506 7503
f 7506 7507 7503
f 7503 7507 7508
f 7508 7509 7503
f 7509 7510 7503
f 7503 7510 7511
f 7499 7512 7497
f 7512 7503 7497
f 7497 7503 7513
f 7503 7511 7513
f 7514 7515 7516
f 7495 7497 7516
f 7497 7517 7516
f 7516 7517 7514
f 7494 7518 7486
f 7518 7516 7486
f 7486 7516 7519
f 7516 7515 7519
f 7520 7521 7522
f 7521 7523 7522
f 7524 7525 7526
f 7525 7527 7526
f 7528 7529 7530
f 7529 7531 7530
f 7530 7531 7532
f 7533 7534 7535
f 7534 7536 7535
f 7537 7538 7539
f 7538 7540 7539
f 7541 7542 7543
f 7542 7544 7543
f 7543 7544 7545
f 7546 7547 7548
f 7549 7550 7551
f 7550 7546 7551
f 7551 7546 7552
f 7546 7548 7552
f 7553 7554 7555
f 7554 7556 7555
f 7555 7556 7557
f 7558 7559 7560
f 7559 7561 7560
f 7562 7563 7564
f 7563 7565 7564
f 7566 7567 7568
f 7567 7569 7568
f 7568 7569 7570
f 7569 7571 7570
f 7570 7571 7572
f 7571 7573 7572
f 7572 7573 7574
f 7573 7575 7574
f 7574 7575 7576
f 7575 7577 7576
f 7576 7577 7578
f 7577 7579 7578
f 7578 7579 7580
f 7579 7581 7580
f 7580 7581 7582
f 7581 7583 7582
f 7582 7583 7584
f 7583 7585 7584
f 7584 7585 7586
f 7585 7587 7586
f 7586 7587 7588
f 7587 7589 7588
f 7588 7589 7590
f 7589 7591 7590
f 7590 7591 7592
f 7591 7593 7592
f 7592 7593 7594
f 7593 7595 7594
f 7594 7595 7596
f 7597 7598 7599
f 7597 7599 7600
f 7599 7601 7600
f 7600 7601 7602
f 7602 7601 7603
f 7601 7604 7603
f 7603 7604 7605
f 7604 7606 7605
f 7606 7607 7605
f 7605 7607 7608
f 7607 7609 7608
f 7609 7610 7608
f 7608 7610 7611
f 7610 7612 7611
f 7611 7612 7613
f 7612 7614 7613
f 7613 7614 7615
f 7614 7616 7615
f 7615 7616 7617
f 7617 7616 7618
f 7616 7619 7618
f 7618 7619 7620
f 7619 7621 7620
f 7620 7621 7622
f 7621 7623 7622
f 7622 7623 7624
f 7623 7625 7624
f 7624 7625 7626
f 7625 7627 7626
f 7626 7627 7628
f 7627 7629 7628
f 7628 7629 7630
f 7629 7631 7630
f 7630 7631 7632
f 7631 7633 7632
f 7632 7633 7634
f 7633 7635 7634
f 7634 7635 7636
f 7635 7637 7636
f 7636 7637 7638
f 7637 7639 7638
f 7639 7640 7638
f 7638 7640 7641
f 7640 7642 7641
f 7641 7642 7643
f 7643 7642 7644
f 7642 7645 7644
f 7644 7645 7646
f 7645 7647 7646
f 7647 7648 7646
f 7646 7648 7649
f 7648 7650 7649
f 7649 7650 7651
f 7650 7652 7651
f 7651 7652 7653
f 7652 7566 7653
f 7653 7566 7568
f 7654 7655 7656
f 7655 7657 7656
f 7656 7657 7658
f 7659 7660 7661
f 7660 7662 7661
f 7661 7662 7663
f 7662 7664 7663
f 7663 7664 7665
f 7664 7666 7665
f 7665 7666 7667
f 7666 7668 7667
f 7667 7668 7669
f 7668 7670 7669
f 7669 7670 7671
f 7670 7672 7671
f 7671 7672 7673
f 7672 7674 7673
f 7673 7674 7654
f 7674 7675 7654
f 7654 7675 7655
f 7658 7657 7676
f 7657 7677 7676
f 7676 7677 7678
f 7677 7679 7678
f 7678 7679 7680
f 7679 7681 7680
f 7680 7681 7682
f 7681 7683 7682
f 7683 7598 7682
f 7682 7598 7597
f 7684 7685 7686
f 7685 7687 7686
f 7686 7687 7688
f 7687 7689 7688
f 7688 7689 7690
f 7689 7691 7690
f 7690 7691 7692
f 7691 7693 7692
f 7692 7693 7694
f 7693 7695 7694
f 7695 7660 7694
f 7694 7660 7659
f 7696 7697 7698
f 7697 7699 7698
f 7700 7701 7702
f 7701 7703 7702
f 7702 7703 7704
f 7703 7705 7704
f 7704 7705 7706
f 7705 7707 7706
f 7706 7707 7708
f 7707 7709 7708
f 7708 7709 7710
f 7709 7711 7710
f 7711 7712 7710
f 7710 7712 7713
f 7714 7715 7716
f 7715 7717 7716
f 7716 7717 7718
f 7717 7719 7718
f 7718 7719 7720
f 7719 7721 7720
f 7720 7721 7722
f 7721 7723 7722
f 7722 7723 7724
f 7723 7725 7724
f 7724 7725 7726
f 7725 7727 7726
f 7726 7727 7728
f 7727 7729 7728
f 7728 7729 7730
f 7729 7731 7730
f 7730 7731 7732
f 7731 7733 7732
f 7732 7733 7734
f 7733 7735 7734
f 7734 7735 7736
f 7737 7738 7739
f 7739 7738 7740
f 7738 7741 7740
f 7740 7741 7736
f 7741 7742 7736
f 7736 7742 7734
f 7739 7743 7737
f 7743 7701 7737
f 7737 7701 7700
f 7744 7745 7746
f 7745 7747 7746
f 7746 7747 7748
f 7747 7749 7748
f 7748 7749 7750
f 7749 7751 7750
f 7750 7751 7752
f 7751 7753 7752
f 7752 7753 7754
f 7753 7755 7754
f 7754 7755 7756
f 7755 7757 7756
f 7756 7757 7758
f 7757 7759 7758
f 7758 7759 7760
f 7759 7761 7760
f 7760 7761 7762
f 7761 7763 7762
f 7762 7763 7764
f 7763 7765 7764
f 7764 7765 7766
f 7765 7767 7766
f 7766 7767 7768
f 7767 7769 7768
f 7768 7769 7770
f 7769 7771 7770
f 7771 7772 7770
f 7770 7772 7773
f 7772 7774 7773
f 7773 7774 7775
f 7774 7776 7775
f 7775 7776 7777
f 7776 7778 7777
f 7777 7778 7779
f 7778 7780 7779
f 7779 7780 7781
f 7780 7782 7781
f 7781 7782 7783
f 7782 7784 7783
f 7783 7784 7785
f 7784 7786 7785
f 7785 7786 7787
f 7786 7788 7787
f 7787 7788 7789
f 7788 7790 7789
f 7789 7790 7791
f 7790 7792 7791
f 7791 7792 7793
f 7792 7794 7793
f 7795 7796 7794
f 7796 7797 7794
f 7794 7797 7793
f 7795 7798 7796
f 7798 7715 7796
f 7796 7715 7714
f 7799 7800 7801
f 7800 7802 7801
f 7801 7802 7803
f 7802 7804 7803
f 7803 7804 7805
f 7804 7806 7805
f 7805 7806 7807
f 7806 7808 7807
f 7807 7808 7809
f 7808 7810 7809
f 7809 7810 7811
f 7810 7812 7811
f 7811 7812 7813
f 7812 7814 7813
f 7813 7814 7815
f 7814 7816 7815
f 7815 7816 7817
f 7816 7818 7817
f 7817 7818 7819
f 7818 7820 7819
f 7819 7820 7821
f 7820 7822 7821
f 7821 7822 7823
f 7822 7824 7823
f 7823 7824 7825
f 7824 7826 7825
f 7825 7826 7827
f 7826 7828 7827
f 7828 7745 7827
f 7827 7745 7744
f 7800 7799 7829
f 7799 7830 7829
f 7829 7830 7831
f 7830 7832 7831
f 7831 7832 7833
f 7832 7834 7833
f 7833 7834 7835
f 7834 7836 7835
f 7835 7836 7837
f 7836 7838 7837
f 7837 7838 7839
f 7838 7840 7839
f 7841 7842 7843
f 7842 7844 7843
f 7596 7595 7845
f 7595 7846 7845
f 7845 7846 7847
f 7846 7848 7847
f 7847 7848 7849
f 7848 7850 7849
f 7849 7850 7851
f 7850 7852 7851
f 7851 7852 7853
f 7852 7854 7853
f 7854 7855 7853
f 7853 7855 7856

