# https://github.com/mikedh/trimesh
v 0.13921420 0.04491422 0.32462500
v 0.13964775 0.04426537 0.32462500
v 0.13964775 0.04426537 0.07250000
v 0.13921420 0.04491422 0.57675000
v 0.13964775 0.04426537 0.57675000
v 0.13921420 0.04491422 0.82887500
v 0.13964775 0.04426537 0.82887500
v 0.13921420 0.04491422 1.08100000
v 0.13964775 0.04426537 1.08100000
v 0.13856537 0.04534776 0.32462500
v 0.13921420 0.04491422 0.07250000
v 0.13856537 0.04534776 0.57675000
v 0.13856537 0.04534776 0.82887500
v 0.13856537 0.04534776 1.08100000
v 0.13979999 0.04350000 0.32462500
v 0.13979999 0.04350000 0.07250000
v 0.13979999 0.04350000 0.57675000
v 0.13979999 0.04350000 1.08100000
v 0.13979999 0.04350000 0.82887500
v 0.13856537 0.04534776 0.07250000
v 0.13779999 0.04550000 0.07250000
v 0.13779999 0.04550000 0.32462500
v 0.13779999 0.04550000 0.82887500
v 0.13779999 0.04550000 0.57675000
v 0.12129999 0.04550000 0.07250000
v 0.13779999 0.04550000 0.32462500
v 0.13779999 0.04550000 0.07250000
v 0.13779999 0.04550000 0.57675000
v 0.12129999 0.04550000 1.08100000
v 0.13779999 0.04550000 0.82887500
v 0.13779999 0.04550000 1.08100000
v 0.13921420 -0.04491422 0.32462500
v 0.13856537 -0.04534776 0.32462500
v 0.13856537 -0.04534776 0.07250000
v 0.13921420 -0.04491422 0.57675000
v 0.13856537 -0.04534776 0.57675000
v 0.13921420 -0.04491422 0.82887500
v 0.13856537 -0.04534776 0.82887500
v 0.13921420 -0.04491422 1.08100000
v 0.13856537 -0.04534776 1.08100000
v 0.13964775 -0.04426537 0.32462500
v 0.13921420 -0.04491422 0.07250000
v 0.13964775 -0.04426537 0.57675000
v 0.13964775 -0.04426537 0.82887500
v 0.13964775 -0.04426537 1.08100000
v 0.13779999 -0.04550000 0.32462500
v 0.13779999 -0.04550000 0.07250000
v 0.13779999 -0.04550000 0.57675000
v 0.13779999 -0.04550000 1.08100000
v 0.13779999 -0.04550000 0.82887500
v 0.13964775 -0.04426537 0.07250000
v 0.13979999 -0.04350000 0.07250000
v 0.13979999 -0.04350000 0.32462500
v 0.13979999 -0.04350000 0.82887500
v 0.13979999 -0.04350000 0.57675000
v 0.12129999 -0.04550000 0.07250000
v 0.13779999 -0.04550000 0.07250000
v 0.13779999 -0.04550000 0.32462500
v 0.13779999 -0.04550000 0.57675000
v 0.13779999 -0.04550000 0.82887500
v 0.12129999 -0.04550000 1.08100000
v 0.13779999 -0.04550000 1.08100000
v 0.13979999 -0.04350000 0.82887500
v 0.13979999 0.04350000 0.82887500
v 0.13979999 0.04350000 1.08100000
v 0.13979999 -0.04350000 0.32462500
v 0.13979999 0.04350000 0.32462500
v 0.13979999 0.04350000 0.57675000
v 0.13979999 -0.04350000 0.07250000
v 0.13979999 0.04350000 0.07250000
v 0.13979999 -0.04350000 0.57675000
v 0.13779999 0.04550000 1.08100000
v 0.13979999 -0.04350000 1.08100000
v 0.13979999 -0.04350000 1.08100000
v 0.14754999 0.12050000 1.11000000
v 0.14539960 0.13131082 1.11000000
v 0.14278902 0.13619485 1.11000000
v 0.14700719 0.12601129 1.11000000
v 0.13927576 0.14047577 1.11000000
v 0.12481129 0.14820718 1.11000000
v 0.11929999 0.14875000 1.11000000
v 0.13499486 0.14398901 1.11000000
v 0.13011081 0.14659961 1.11000000
v 0.11929999 -0.14875000 1.11000000
v 0.14754999 -0.12050000 1.11000000
v 0.14539960 -0.13131079 1.11000000
v 0.14700719 -0.12601129 1.11000000
v 0.14278902 -0.13619489 1.11000000
v 0.13927576 -0.14047577 1.11000000
v 0.13499486 -0.14398901 1.11000000
v 0.13011081 -0.14659961 1.11000000
v 0.12481129 -0.14820721 1.11000000
v 0.02379998 0.14875000 1.11000000
v 0.02379998 -0.14875000 1.11000000
v 0.01828869 0.14820718 1.11000000
v -0.00445000 0.12050000 1.11000000
v 0.01298921 0.14659961 1.11000000
v 0.00810515 0.14398901 1.11000000
v 0.00382423 0.14047577 1.11000000
v 0.00031099 0.13619485 1.11000000
v -0.00229958 0.13131082 1.11000000
v -0.00390718 0.12601129 1.11000000
v 0.01298921 -0.14659961 1.11000000
v -0.00445000 -0.12050000 1.11000000
v 0.00810515 -0.14398901 1.11000000
v 0.01828869 -0.14820721 1.11000000
v -0.00229958 -0.13131079 1.11000000
v -0.00390718 -0.12601129 1.11000000
v 0.00382423 -0.14047577 1.11000000
v 0.00031099 -0.13619489 1.11000000
v -0.00495000 0.12050000 1.10950000
v -0.00495000 -0.12050000 1.10950000
v -0.00445000 -0.12050000 1.11000000
v 0.01279786 -0.14706152 1.10950000
v 0.01819116 -0.14869757 1.10950000
v 0.01289354 -0.14683057 1.10975000
v 0.00782737 -0.14440472 1.10950000
v 0.00796626 -0.14419690 1.10975000
v 0.00347068 -0.14082935 1.10950000
v 0.00364747 -0.14065253 1.10975000
v -0.00010475 -0.13647266 1.10950000
v -0.00276152 -0.13150214 1.10950000
v -0.00253057 -0.13140649 1.10975000
v -0.00439757 -0.12610883 1.10950000
v -0.00415236 -0.12606006 1.10975000
v 0.01823993 -0.14845239 1.10975000
v 0.02379998 -0.14875000 1.11000000
v 0.01828869 -0.14820721 1.11000000
v 0.00810515 -0.14398901 1.11000000
v 0.01298921 -0.14659961 1.11000000
v 0.02379998 -0.14925000 1.10950000
v 0.00031099 -0.13619489 1.11000000
v 0.00010313 -0.13633374 1.10975000
v -0.00229958 -0.13131079 1.11000000
v -0.00390718 -0.12601129 1.11000000
v -0.00445000 -0.12050000 1.11000000
v -0.00495000 -0.12050000 1.10950000
v -0.00276152 0.13150214 1.10950000
v -0.00439757 0.12610886 1.10950000
v -0.00415236 0.12606009 1.10975000
v -0.00010475 0.13647266 1.10950000
v 0.00010313 0.13633374 1.10975000
v 0.00347068 0.14082932 1.10950000
v 0.00782737 0.14440475 1.10950000
v 0.00364747 0.14065256 1.10975000
v 0.01279786 0.14706152 1.10950000
v 0.01289354 0.14683057 1.10975000
v 0.01819116 0.14869757 1.10950000
v -0.00445000 0.12050000 1.11000000
v -0.00390718 0.12601129 1.11000000
v 0.00031099 0.13619485 1.11000000
v -0.00229958 0.13131082 1.11000000
v 0.00382423 0.14047577 1.11000000
v -0.00253057 0.13140646 1.10975000
v -0.00495000 0.12050000 1.10950000
v 0.00810515 0.14398901 1.11000000
v 0.00796626 0.14419687 1.10975000
v 0.01298921 0.14659961 1.11000000
v 0.01828869 0.14820718 1.11000000
v 0.01823993 0.14845239 1.10975000
v 0.02379998 0.14875000 1.11000000
v 0.02379998 0.14925000 1.10950000
v 0.02379998 -0.14925000 1.10950000
v 0.11929999 -0.14925000 1.10950000
v 0.11929999 -0.14875000 1.11000000
v 0.11929999 0.14925000 1.10950000
v 0.02379998 0.14925000 1.10950000
v 0.02379998 0.14875000 1.11000000
v 0.14586153 -0.13150214 1.10950000
v 0.14749757 -0.12610883 1.10950000
v 0.14725238 -0.12606006 1.10975000
v 0.14320474 -0.13647266 1.10950000
v 0.14563055 -0.13140649 1.10975000
v 0.13962932 -0.14082935 1.10950000
v 0.13945255 -0.14065253 1.10975000
v 0.13527264 -0.14440472 1.10950000
v 0.13030214 -0.14706152 1.10950000
v 0.13513374 -0.14419690 1.10975000
v 0.12490884 -0.14869757 1.10950000
v 0.13020647 -0.14683057 1.10975000
v 0.14754999 -0.12050000 1.11000000
v 0.14700719 -0.12601129 1.11000000
v 0.14278902 -0.13619489 1.11000000
v 0.14299687 -0.13633374 1.10975000
v 0.14539960 -0.13131079 1.11000000
v 0.14804999 -0.12050000 1.10950000
v 0.13499486 -0.14398901 1.11000000
v 0.13927576 -0.14047577 1.11000000
v 0.13011081 -0.14659961 1.11000000
v 0.12481129 -0.14820721 1.11000000
v 0.12486008 -0.14845239 1.10975000
v 0.11929999 -0.14875000 1.11000000
v 0.11929999 -0.14925000 1.10950000
v 0.13030214 0.14706152 1.10950000
v 0.12490884 0.14869757 1.10950000
v 0.13020647 0.14683057 1.10975000
v 0.13527264 0.14440475 1.10950000
v 0.13513374 0.14419687 1.10975000
v 0.13962932 0.14082932 1.10950000
v 0.13945255 0.14065256 1.10975000
v 0.14320474 0.13647266 1.10950000
v 0.14586153 0.13150214 1.10950000
v 0.14299687 0.13633374 1.10975000
v 0.14749757 0.12610886 1.10950000
v 0.14725238 0.12606009 1.10975000
v 0.12486008 0.14845239 1.10975000
v 0.11929999 0.14875000 1.11000000
v 0.12481129 0.14820718 1.11000000
v 0.13499486 0.14398901 1.11000000
v 0.13011081 0.14659961 1.11000000
v 0.13927576 0.14047577 1.11000000
v 0.11929999 0.14925000 1.10950000
v 0.14278902 0.13619485 1.11000000
v 0.14539960 0.13131082 1.11000000
v 0.14563055 0.13140646 1.10975000
v 0.14700719 0.12601129 1.11000000
v 0.14754999 0.12050000 1.11000000
v 0.14804999 0.12050000 1.10950000
v 0.14804999 -0.12050000 1.10950000
v 0.14804999 0.12050000 1.10950000
v 0.14754999 0.12050000 1.11000000
v -0.00445000 0.12050000 1.11000000
v 0.00382423 -0.14047577 1.11000000
v 0.02379998 -0.14875000 1.11000000
v 0.11929999 0.14875000 1.11000000
v 0.14754999 -0.12050000 1.11000000
v 0.07154999 0.15000000 0.28300000
v 0.07154999 0.14950000 0.28300000
v 0.07154999 0.14975000 0.27550000
v 0.07154999 0.15050000 0.28300000
v 0.07154999 0.15025000 0.27550000
v 0.07154999 0.15000000 0.27550000
v 0.07154999 -0.14950000 0.28300000
v 0.07154999 -0.14975000 0.27550000
v 0.07154999 -0.14950000 0.27550000
v 0.07154999 -0.15000000 0.28300000
v 0.07154999 -0.15025000 0.27550000
v 0.07154999 -0.15000000 0.27550000
v 0.07154999 -0.15050000 0.28300000
v 0.05889502 0.15000000 0.30193951
v 0.05504934 0.15000000 0.30310608
v 0.05504934 0.14950000 0.30310608
v 0.06243917 0.15000000 0.30004510
v 0.05889502 0.14950000 0.30193951
v 0.06554568 0.15000000 0.29749567
v 0.06243917 0.14950000 0.30004510
v 0.06809512 0.15000000 0.29438916
v 0.06554568 0.14950000 0.29749567
v 0.06998953 0.15000000 0.29084503
v 0.06809512 0.14950000 0.29438916
v 0.07115610 0.15000000 0.28699933
v 0.06998953 0.14950000 0.29084503
v 0.05104998 0.15000000 0.30350000
v 0.05104998 0.14950000 0.30350000
v 0.05889502 0.15050000 0.30193951
v 0.05504934 0.15050000 0.30310608
v 0.05104998 0.15050000 0.30350000
v 0.06243917 0.15050000 0.30004510
v 0.06998953 0.15050000 0.29084503
v 0.06809512 0.15050000 0.29438916
v 0.07115610 0.14950000 0.28699933
v 0.07154999 0.14950000 0.28300000
v 0.07115610 0.15050000 0.28699933
v 0.06554568 0.15050000 0.29749567
v 0.07154999 0.15000000 0.28300000
v 0.07154999 0.15050000 0.28300000
v 0.06998953 -0.15000000 0.29084503
v 0.07115610 -0.15000000 0.28699933
v 0.07115610 -0.14950000 0.28699933
v 0.06809512 -0.15000000 0.29438916
v 0.06998953 -0.14950000 0.29084503
v 0.06554568 -0.15000000 0.29749567
v 0.06809512 -0.14950000 0.29438916
v 0.06243917 -0.15000000 0.30004510
v 0.06554568 -0.14950000 0.29749567
v 0.05889502 -0.15000000 0.30193951
v 0.06243917 -0.14950000 0.30004510
v 0.05504934 -0.15000000 0.30310608
v 0.05889502 -0.14950000 0.30193951
v 0.07154999 -0.15000000 0.28300000
v 0.07154999 -0.14950000 0.28300000
v 0.06998953 -0.15050000 0.29084503
v 0.07115610 -0.15050000 0.28699933
v 0.07154999 -0.15050000 0.28300000
v 0.06809512 -0.15050000 0.29438916
v 0.06243917 -0.15050000 0.30004510
v 0.06554568 -0.15050000 0.29749567
v 0.05104998 -0.14950000 0.30350000
v 0.05104998 -0.15000000 0.30350000
v 0.05889502 -0.15050000 0.30193951
v 0.05104998 -0.15050000 0.30350000
v 0.06881253 0.15050000 0.03361127
v 0.06881253 0.15050000 0.03338873
v -0.09320000 0.15050000 0.00000000
v 0.07054999 0.15050000 0.00000000
v 0.06890906 0.15050000 0.03318826
v -0.09320000 0.15050000 0.15175000
v 0.07029999 0.15050000 0.15375000
v 0.05104998 0.15050000 0.30350000
v 0.06908307 0.15050000 0.03304953
v 0.06929999 0.15050000 0.03300000
v 0.07154999 0.15050000 0.00100000
v 0.06894644 0.15050000 0.27364642
v 0.06910864 0.15050000 0.27353809
v 0.06890906 0.15050000 0.03381174
v 0.06908307 0.15050000 0.03395047
v 0.06883807 0.15050000 0.27380865
v 0.06554568 0.15050000 0.29749567
v 0.06883807 0.15050000 0.27419135
v 0.06243917 0.15050000 0.30004510
v 0.06879999 0.15050000 0.27400000
v 0.05889502 0.15050000 0.30193951
v 0.05504934 0.15050000 0.30310608
v -0.09320000 0.15050000 0.30350000
v 0.06809512 0.15050000 0.29438916
v 0.06998953 0.15050000 0.29084503
v 0.06894644 0.15050000 0.27435358
v 0.06910864 0.15050000 0.27446191
v 0.07154999 0.15050000 0.28300000
v 0.07154999 0.15050000 0.03200000
v 0.07054999 0.15050000 0.03300000
v 0.07093268 0.15050000 0.03292389
v 0.07093268 0.15050000 0.00007611
v 0.07147388 0.15050000 0.00061731
v 0.07125708 0.15050000 0.00029291
v 0.07147388 0.15050000 0.03238269
v 0.07125708 0.15050000 0.03270709
v 0.06929999 0.15050000 0.27350000
v 0.07029999 0.15050000 0.03400000
v 0.06929999 0.15050000 0.03400000
v 0.07029999 0.15050000 0.27350000
v 0.07115610 0.15050000 0.28699933
v 0.06929999 0.15050000 0.27450000
v 0.07125708 0.15050000 0.27479291
v 0.07054999 0.15050000 0.27450000
v 0.07154999 0.15050000 0.27550000
v 0.07147388 0.15050000 0.27511731
v -0.10468053 -0.14821638 0.00000000
v -0.09905272 -0.14992355 0.00000000
v -0.09905272 -0.14992355 0.15175000
v -0.10986711 -0.14544409 0.00000000
v -0.10468053 -0.14821638 0.15175000
v -0.11441319 -0.14171321 0.00000000
v -0.10986711 -0.14544409 0.15175000
v -0.11814409 -0.13716711 0.00000000
v -0.11441319 -0.14171321 0.15175000
v -0.12091637 -0.13198050 0.00000000
v -0.11814409 -0.13716711 0.15175000
v -0.12262358 -0.12635271 0.00000000
v -0.12091637 -0.13198050 0.15175000
v -0.09905272 -0.14992355 0.30350000
v -0.09320000 -0.15050000 0.15175000
v -0.10986711 -0.14544409 0.30350000
v -0.11441319 -0.14171321 0.30350000
v -0.10468053 -0.14821638 0.30350000
v -0.09320000 -0.15050000 0.00000000
v -0.11814409 -0.13716711 0.30350000
v -0.12091637 -0.13198050 0.30350000
v -0.12262358 -0.12635271 0.30350000
v -0.12262358 -0.12635271 0.15175000
v -0.12320000 -0.12050000 0.30350000
v -0.12320000 -0.12050000 0.15175000
v -0.12320000 -0.12050000 0.00000000
v -0.12091637 0.13198050 0.00000000
v -0.12262358 0.12635272 0.00000000
v -0.12262358 0.12635272 0.15175000
v -0.11814409 0.13716711 0.00000000
v -0.12091637 0.13198050 0.15175000
v -0.11441319 0.14171323 0.00000000
v -0.11814409 0.13716711 0.15175000
v -0.10986711 0.14544409 0.00000000
v -0.11441319 0.14171323 0.15175000
v -0.10468053 0.14821640 0.00000000
v -0.10986711 0.14544409 0.15175000
v -0.09905272 0.14992355 0.00000000
v -0.10468053 0.14821640 0.15175000
v -0.12320000 0.12050000 0.30350000
v -0.12262358 0.12635272 0.30350000
v -0.11814409 0.13716711 0.30350000
v -0.11441319 0.14171323 0.30350000
v -0.12091637 0.13198050 0.30350000
v -0.12320000 0.12050000 0.00000000
v -0.10986711 0.14544409 0.30350000
v -0.10468053 0.14821640 0.30350000
v -0.09905272 0.14992355 0.30350000
v -0.09905272 0.14992355 0.15175000
v -0.09320000 0.15050000 0.30350000
v -0.09320000 0.15050000 0.15175000
v -0.09320000 0.15050000 0.00000000
v -0.12320000 -0.12050000 0.15175000
v -0.12320000 0.12050000 0.30350000
v -0.12320000 0.12050000 0.00000000
v -0.12320000 -0.12050000 0.00000000
v -0.12320000 -0.12050000 0.30350000
v 0.07077835 -0.14809515 0.15375000
v 0.07029999 -0.14800000 0.15375000
v 0.07029999 -0.14800000 0.27350000
v 0.07077835 -0.14809515 0.03400000
v 0.07029999 -0.14800000 0.03400000
v 0.07118390 -0.14836612 0.15375000
v 0.07077835 -0.14809515 0.27350000
v 0.07118390 -0.14836612 0.03400000
v 0.07145483 -0.14877165 0.15375000
v 0.07118390 -0.14836612 0.27350000
v 0.07145483 -0.14877165 0.03400000
v 0.07154999 -0.14925000 0.15375000
v 0.07145483 -0.14877165 0.27350000
v 0.07154999 -0.14925000 0.03400000
v 0.07145483 -0.14972835 0.15375000
v 0.07154999 -0.14925000 0.27350000
v 0.07145483 -0.14972835 0.03400000
v 0.07118390 -0.15013388 0.15375000
v 0.07145483 -0.14972835 0.27350000
v 0.07118390 -0.15013388 0.03400000
v 0.07077835 -0.15040485 0.15375000
v 0.07118390 -0.15013388 0.27350000
v 0.07077835 -0.15040485 0.03400000
v 0.07029999 -0.15050000 0.27350000
v 0.07077835 -0.15040485 0.27350000
v 0.07029999 -0.15050000 0.03400000
v 0.06910864 0.15000000 0.27353809
v 0.06910864 0.14950000 0.27353809
v 0.06929999 0.14950000 0.27350000
v 0.06894644 0.15000000 0.27364642
v 0.06894644 0.14950000 0.27364642
v 0.06883807 0.15000000 0.27380865
v 0.06883807 0.14950000 0.27380865
v 0.06879999 0.15000000 0.27400000
v 0.06879999 0.14950000 0.27400000
v 0.06883807 0.15000000 0.27419135
v 0.06883807 0.14950000 0.27419135
v 0.06894644 0.15000000 0.27435358
v 0.06894644 0.14950000 0.27435358
v 0.06910864 0.15000000 0.27446191
v 0.06910864 0.14950000 0.27446191
v 0.06929999 0.15000000 0.27450000
v 0.06929999 0.14950000 0.27450000
v 0.06929999 0.15000000 0.27350000
v 0.06929999 0.15050000 0.27350000
v 0.06894644 0.15050000 0.27364642
v 0.06910864 0.15050000 0.27353809
v 0.06883807 0.15050000 0.27380865
v 0.06883807 0.15050000 0.27419135
v 0.06910864 0.15050000 0.27446191
v 0.06894644 0.15050000 0.27435358
v 0.06879999 0.15050000 0.27400000
v 0.07077835 0.14809515 0.15375000
v 0.07029999 0.14800000 0.15375000
v 0.07029999 0.14800000 0.03400000
v 0.07077835 0.14809515 0.27350000
v 0.07029999 0.14800000 0.27350000
v 0.07118390 0.14836612 0.15375000
v 0.07077835 0.14809515 0.03400000
v 0.07118390 0.14836612 0.27350000
v 0.07145483 0.14877167 0.15375000
v 0.07118390 0.14836612 0.03400000
v 0.07145483 0.14877167 0.27350000
v 0.07154999 0.14925000 0.15375000
v 0.07145483 0.14877167 0.03400000
v 0.07154999 0.14925000 0.27350000
v 0.07145483 0.14972836 0.15375000
v 0.07154999 0.14925000 0.03400000
v 0.07145483 0.14972836 0.27350000
v 0.07118390 0.15013388 0.15375000
v 0.07145483 0.14972836 0.03400000
v 0.07118390 0.15013388 0.27350000
v 0.07077835 0.15040485 0.15375000
v 0.07118390 0.15013388 0.03400000
v 0.07077835 0.15040485 0.27350000
v 0.07077835 0.15040485 0.03400000
v 0.07029999 0.15050000 0.03400000
v 0.07029999 0.15050000 0.15375000
v 0.07125708 0.14975000 0.27479291
v 0.07147388 0.14975000 0.27511731
v 0.07147388 0.14950000 0.27511731
v 0.07125708 0.15000000 0.27479291
v 0.07147388 0.15000000 0.27511731
v 0.07125708 0.15025000 0.27479291
v 0.07147388 0.15025000 0.27511731
v 0.07093268 0.14975000 0.27457611
v 0.07125708 0.14950000 0.27479291
v 0.07093268 0.15000000 0.27457611
v 0.07093268 0.15025000 0.27457611
v 0.07054999 0.14975000 0.27450000
v 0.07093268 0.14950000 0.27457611
v 0.07054999 0.15000000 0.27450000
v 0.07054999 0.15025000 0.27450000
v 0.07154999 0.14975000 0.27550000
v 0.07154999 0.14950000 0.27550000
v 0.07154999 0.15025000 0.27550000
v 0.07154999 0.15000000 0.27550000
v 0.07154999 0.15050000 0.27550000
v 0.07125708 0.15050000 0.27479291
v 0.07147388 0.15050000 0.27511731
v 0.07054999 0.15050000 0.27450000
v 0.07093268 -0.14975000 0.27457611
v 0.07054999 -0.14975000 0.27450000
v 0.07054999 -0.14950000 0.27450000
v 0.07093268 -0.15000000 0.27457611
v 0.07054999 -0.15000000 0.27450000
v 0.07093268 -0.15025000 0.27457611
v 0.07054999 -0.15025000 0.27450000
v 0.07125708 -0.14975000 0.27479291
v 0.07093268 -0.14950000 0.27457611
v 0.07125708 -0.15000000 0.27479291
v 0.07125708 -0.15025000 0.27479291
v 0.07147388 -0.14975000 0.27511731
v 0.07125708 -0.14950000 0.27479291
v 0.07147388 -0.15000000 0.27511731
v 0.07147388 -0.15025000 0.27511731
v 0.07093268 -0.15050000 0.27457611
v 0.07054999 -0.15050000 0.27450000
v 0.07125708 -0.15050000 0.27479291
v 0.07154999 -0.14975000 0.27550000
v 0.07154999 -0.14950000 0.27550000
v 0.07154999 -0.15000000 0.27550000
v 0.07154999 -0.15025000 0.27550000
v 0.07154999 -0.15050000 0.27550000
v -0.09320000 -0.15050000 0.30350000
v -0.09320000 -0.15050000 0.15175000
v 0.05104998 -0.15050000 0.30350000
v 0.06243917 -0.15050000 0.30004510
v 0.05889502 -0.15050000 0.30193951
v 0.06881253 -0.15050000 0.27411127
v 0.06554568 -0.15050000 0.29749567
v 0.06908307 -0.15050000 0.27445050
v 0.07154999 -0.15050000 0.28300000
v 0.06890906 -0.15050000 0.27431177
v 0.06809512 -0.15050000 0.29438916
v 0.06998953 -0.15050000 0.29084503
v 0.06881253 -0.15050000 0.27388873
v 0.06881253 -0.15050000 0.03361127
v 0.06890906 -0.15050000 0.03381174
v 0.06890906 -0.15050000 0.27368823
v 0.06881253 -0.15050000 0.03338873
v -0.09320000 -0.15050000 0.00000000
v 0.07054999 -0.15050000 0.00000000
v 0.06908307 -0.15050000 0.03395047
v 0.06908307 -0.15050000 0.27354950
v 0.06929999 -0.15050000 0.03400000
v 0.06929999 -0.15050000 0.27350000
v 0.06890906 -0.15050000 0.03318826
v 0.06908307 -0.15050000 0.03304953
v 0.07115610 -0.15050000 0.28699933
v 0.07029999 -0.15050000 0.03400000
v 0.07029999 -0.15050000 0.27350000
v 0.06929999 -0.15050000 0.27450000
v 0.07154999 -0.15050000 0.27550000
v 0.07054999 -0.15050000 0.27450000
v 0.07093268 -0.15050000 0.27457611
v 0.07125708 -0.15050000 0.27479291
v 0.07054999 -0.15050000 0.03300000
v 0.06929999 -0.15050000 0.03300000
v 0.07154999 -0.15050000 0.03200000
v 0.07093268 -0.15050000 0.00007611
v 0.07154999 -0.15050000 0.00100000
v 0.07093268 -0.15050000 0.03292389
v 0.07147388 -0.15050000 0.03238269
v 0.07125708 -0.15050000 0.03270709
v 0.07147388 -0.15050000 0.00061731
v 0.07125708 -0.15050000 0.00029291
v -0.11932811 -0.13308263 0.30350000
v -0.12147289 -0.12695311 0.30350000
v -0.12091637 -0.13198050 0.30350000
v -0.12262358 -0.12635271 0.30350000
v -0.12220000 -0.12050000 0.30350000
v -0.12320000 -0.12050000 0.30350000
v -0.12220000 0.12050000 0.30350000
v -0.11587309 -0.13858121 0.30350000
v -0.11441319 -0.14171321 0.30350000
v -0.11128123 -0.14317311 0.30350000
v -0.10986711 -0.14544409 0.30350000
v -0.11814409 -0.13716711 0.30350000
v -0.12262358 0.12635272 0.30350000
v -0.12320000 0.12050000 0.30350000
v -0.12091637 0.13198050 0.30350000
v -0.12147289 0.12695312 0.30350000
v -0.11932811 0.13308264 0.30350000
v -0.11814409 0.13716711 0.30350000
v -0.11587309 0.13858121 0.30350000
v -0.11441319 0.14171323 0.30350000
v -0.11128123 0.14317313 0.30350000
v -0.10986711 0.14544409 0.30350000
v -0.09320000 -0.14950000 0.30350000
v -0.09965312 -0.14877290 0.30350000
v -0.09905272 -0.14992355 0.30350000
v -0.10468053 -0.14821638 0.30350000
v -0.10578264 -0.14662810 0.30350000
v 0.05104998 -0.15000000 0.30350000
v -0.09320000 -0.15050000 0.30350000
v 0.05104998 -0.15050000 0.30350000
v 0.05104998 -0.14950000 0.30350000
v -0.10468053 0.14821640 0.30350000
v -0.10578264 0.14662811 0.30350000
v -0.09905272 0.14992355 0.30350000
v -0.09965312 0.14877292 0.30350000
v -0.09320000 0.14950000 0.30350000
v 0.05104998 0.15000000 0.30350000
v 0.05104998 0.14950000 0.30350000
v 0.05104998 0.15050000 0.30350000
v -0.09320000 0.15050000 0.30350000
v 0.07154999 0.14950000 0.27550000
v 0.07154999 0.15050000 0.27550000
v 0.07154999 -0.15050000 0.27550000
v 0.05504934 -0.14950000 0.30310608
v -0.09320000 -0.15050000 0.30350000
v 0.06929999 0.15050000 0.27450000
v 0.07029999 0.15050000 0.27350000
v 0.07054999 0.14950000 0.27450000
v 0.07147388 -0.14950000 0.27511731
v 0.08450001 0.14892499 0.30337500
v 0.02279998 0.14892499 0.30337500
v 0.02279998 0.14879999 0.30350000
v 0.08450001 0.14929999 0.30300000
v 0.02279998 0.14929999 0.30300000
v 0.02279998 0.14917499 0.30312500
v 0.08450001 0.14904999 0.30325000
v 0.02279998 0.14904999 0.30325000
v 0.00380098 -0.04534546 0.30325000
v 0.00389662 -0.04557642 0.30300000
v 0.00581007 -0.04499600 0.30300000
v 0.00199431 -0.04631116 0.30325000
v 0.00213319 -0.04651901 0.30300000
v 0.00041075 -0.04761075 0.30325000
v 0.00058754 -0.04778751 0.30300000
v -0.00088884 -0.04919431 0.30325000
v -0.00068099 -0.04933319 0.30300000
v -0.00185454 -0.05100095 0.30325000
v -0.00162358 -0.05109662 0.30300000
v -0.00244921 -0.05296130 0.30325000
v -0.00220400 -0.05301007 0.30300000
v 0.00780000 -0.04454999 0.30325000
v 0.00576130 -0.04475079 0.30325000
v 0.00780000 -0.04479999 0.30300000
v 0.00571254 -0.04450558 0.30350000
v 0.00780000 -0.04429999 0.30350000
v 0.00370527 -0.04511450 0.30350000
v 0.00185542 -0.04610327 0.30350000
v 0.00023396 -0.04743396 0.30350000
v -0.00109673 -0.04905539 0.30350000
v -0.00240001 -0.05500000 0.30300000
v -0.00208550 -0.05090527 0.30350000
v -0.00269438 -0.05291254 0.30350000
v -0.00290001 -0.05500000 0.30350000
v -0.00185454 0.05100098 0.30325000
v -0.00162358 0.05109662 0.30300000
v -0.00220400 0.05301007 0.30300000
v -0.00088884 0.04919427 0.30325000
v -0.00068099 0.04933319 0.30300000
v 0.00041075 0.04761072 0.30325000
v 0.00058754 0.04778754 0.30300000
v 0.00199431 0.04631116 0.30325000
v 0.00213319 0.04651898 0.30300000
v 0.00380098 0.04534546 0.30325000
v 0.00389662 0.04557642 0.30300000
v 0.00576130 0.04475079 0.30325000
v 0.00581007 0.04499597 0.30300000
v -0.00265001 0.05500000 0.30325000
v -0.00244921 0.05296130 0.30325000
v -0.00240001 0.05500000 0.30300000
v -0.00269438 0.05291254 0.30350000
v -0.00109673 0.04905542 0.30350000
v 0.00023396 0.04743396 0.30350000
v 0.00370527 0.04511450 0.30350000
v 0.00780000 0.04479999 0.30300000
v 0.00185542 0.04610327 0.30350000
v 0.00571254 0.04450562 0.30350000
v 0.00780000 0.04429999 0.30350000
v 0.00780000 0.04454999 0.30325000
v 0.00380098 0.12915454 0.30325000
v 0.00389662 0.12892358 0.30300000
v 0.00581007 0.12950403 0.30300000
v 0.00199431 0.12818884 0.30325000
v 0.00213319 0.12798096 0.30300000
v 0.00041075 0.12688928 0.30325000
v 0.00058754 0.12671246 0.30300000
v -0.00088884 0.12530573 0.30325000
v -0.00068099 0.12516681 0.30300000
v -0.00185454 0.12349902 0.30325000
v -0.00162358 0.12340338 0.30300000
v -0.00244921 0.12153870 0.30325000
v -0.00220400 0.12148993 0.30300000
v 0.00576130 0.12974921 0.30325000
v 0.00780000 0.12970001 0.30300000
v 0.00571254 0.12999438 0.30350000
v 0.00370527 0.12938550 0.30350000
v 0.00780000 0.13020001 0.30350000
v 0.00185542 0.12839673 0.30350000
v -0.00109673 0.12544458 0.30350000
v -0.00240001 0.11950000 0.30300000
v -0.00290001 0.11950000 0.30350000
v -0.00269438 0.12158746 0.30350000
v 0.00023396 0.12706604 0.30350000
v -0.00290001 0.11950000 0.30350000
v -0.00290001 0.05500000 0.30350000
v -0.00265001 0.05500000 0.30325000
v -0.00240001 0.05500000 0.30300000
v -0.00240001 0.11950000 0.30300000
v 0.00780000 0.13020001 0.30350000
v 0.00780000 0.12970001 0.30300000
v 0.08450001 0.12995001 0.30325000
v 0.08450001 0.12970001 0.30300000
v 0.08450001 0.12982501 0.30312500
v 0.00924959 -0.04394955 0.30325000
v 0.00969398 -0.04328452 0.30325000
v 0.00957847 -0.04323666 0.30337500
v 0.00933796 -0.04403796 0.30312500
v 0.00980946 -0.04333234 0.30312500
v 0.00942634 -0.04412634 0.30300000
v 0.00992494 -0.04338016 0.30300000
v 0.00858452 -0.04439395 0.30325000
v 0.00853669 -0.04427847 0.30337500
v 0.00863234 -0.04450943 0.30312500
v 0.00868019 -0.04462491 0.30300000
v 0.00972499 -0.04250000 0.30337500
v 0.00959999 -0.04250000 0.30350000
v 0.00946299 -0.04318884 0.30350000
v 0.00916121 -0.04386118 0.30337500
v 0.00984999 -0.04250000 0.30325000
v 0.01009999 -0.04250000 0.30300000
v 0.00907280 -0.04377280 0.30350000
v 0.00848884 -0.04416299 0.30350000
v 0.00780000 -0.04429999 0.30350000
v 0.00780000 -0.04454999 0.30325000
v 0.00780000 -0.04479999 0.30300000
v 0.00924959 0.04394958 0.30325000
v 0.00858452 0.04439398 0.30325000
v 0.00853669 0.04427844 0.30337500
v 0.00933796 0.04403796 0.30312500
v 0.00863234 0.04450946 0.30312500
v 0.00942634 0.04412634 0.30300000
v 0.00868019 0.04462494 0.30300000
v 0.00969398 0.04328448 0.30325000
v 0.00957847 0.04323669 0.30337500
v 0.00980946 0.04333234 0.30312500
v 0.00992494 0.04338019 0.30300000
v 0.00780000 0.04429999 0.30350000
v 0.00848884 0.04416296 0.30350000
v 0.00907280 0.04377277 0.30350000
v 0.00780000 0.04454999 0.30325000
v 0.00780000 0.04479999 0.30300000
v 0.00946299 0.04318884 0.30350000
v 0.00984999 0.04250000 0.30325000
v 0.00959999 0.04250000 0.30350000
v 0.01009999 0.04250000 0.30300000
v 0.00997499 0.04250000 0.30312500
v 0.08630000 0.14700000 0.30350000
v 0.08630000 0.13200000 0.30350000
v 0.08642500 0.13200000 0.30337500
v 0.08680000 0.13200000 0.30300000
v 0.08667500 0.14700000 0.30312500
v 0.08655000 0.13200000 0.30325000
v 0.08655000 0.14700000 0.30325000
v 0.08680000 0.14700000 0.30300000
v 0.00959999 0.04250000 0.30350000
v 0.00959999 -0.04250000 0.30350000
v 0.00972499 -0.04250000 0.30337500
v 0.01009999 -0.04250000 0.30300000
v 0.00997499 0.04250000 0.30312500
v 0.00984999 -0.04250000 0.30325000
v 0.00984999 0.04250000 0.30325000
v 0.01009999 0.04250000 0.30300000
v 0.08594956 0.13055042 0.30325000
v 0.08639396 0.13121552 0.30325000
v 0.08627848 0.13126331 0.30337500
v 0.08603797 0.13046204 0.30312500
v 0.08650944 0.13116766 0.30312500
v 0.08612635 0.13037366 0.30300000
v 0.08662492 0.13111981 0.30300000
v 0.08528449 0.13010602 0.30325000
v 0.08523667 0.13022150 0.30337500
v 0.08533234 0.12999054 0.30312500
v 0.08538017 0.12987506 0.30300000
v 0.08642500 0.13200000 0.30337500
v 0.08630000 0.13200000 0.30350000
v 0.08616297 0.13131116 0.30350000
v 0.08577280 0.13072717 0.30350000
v 0.08680000 0.13200000 0.30300000
v 0.08655000 0.13200000 0.30325000
v 0.08518882 0.13033704 0.30350000
v 0.08586118 0.13063879 0.30337500
v 0.08450001 0.12995001 0.30325000
v 0.08450001 0.13020001 0.30350000
v 0.08450001 0.12982501 0.30312500
v 0.08594956 0.14844958 0.30325000
v 0.08528449 0.14889392 0.30325000
v 0.08523667 0.14877844 0.30337500
v 0.08603797 0.14853796 0.30312500
v 0.08533234 0.14900946 0.30312500
v 0.08612635 0.14862634 0.30300000
v 0.08538017 0.14912494 0.30300000
v 0.08639396 0.14778448 0.30325000
v 0.08586118 0.14836115 0.30337500
v 0.08650944 0.14783234 0.30312500
v 0.08662492 0.14788019 0.30300000
v 0.08450001 0.14892499 0.30337500
v 0.08450001 0.14879999 0.30350000
v 0.08518882 0.14866296 0.30350000
v 0.08577280 0.14827277 0.30350000
v 0.08450001 0.14929999 0.30300000
v 0.08450001 0.14904999 0.30325000
v 0.08616297 0.14768884 0.30350000
v 0.08627848 0.14773663 0.30337500
v 0.08655000 0.14700000 0.30325000
v 0.08630000 0.14700000 0.30350000
v 0.08680000 0.14700000 0.30300000
v 0.08667500 0.14700000 0.30312500
v -0.03520000 0.14904999 0.30325000
v -0.03520000 0.14892499 0.30337500
v -0.00620000 0.14892499 0.30337500
v -0.06420000 0.14904999 0.30325000
v -0.06420000 0.14892499 0.30337500
v -0.09320000 0.14904999 0.30325000
v -0.09320000 0.14892499 0.30337500
v -0.03520000 0.14917499 0.30312500
v -0.00620000 0.14904999 0.30325000
v -0.06420000 0.14917499 0.30312500
v -0.09320000 0.14917499 0.30312500
v -0.03520000 0.14929999 0.30300000
v -0.00620000 0.14917499 0.30312500
v -0.06420000 0.14929999 0.30300000
v -0.09320000 0.14929999 0.30300000
v -0.00620000 0.14879999 0.30350000
v 0.02279998 0.14879999 0.30350000
v 0.02279998 0.14892499 0.30337500
v 0.02279998 0.14904999 0.30325000
v -0.03520000 0.14879999 0.30350000
v -0.06420000 0.14879999 0.30350000
v -0.09320000 0.14879999 0.30350000
v 0.02279998 0.14917499 0.30312500
v 0.02279998 0.14929999 0.30300000
v -0.00620000 0.14929999 0.30300000
v -0.00240001 -0.11950000 0.30300000
v -0.00240001 -0.05500000 0.30300000
v -0.00290001 -0.05500000 0.30350000
v 0.02279998 -0.14929999 0.30300000
v 0.08450001 -0.14904999 0.30325000
v 0.02279998 -0.14879999 0.30350000
v 0.08450001 -0.14879999 0.30350000
v 0.08450001 -0.14892499 0.30337500
v 0.08450001 -0.14929999 0.30300000
v 0.08450001 -0.14917499 0.30312500
v 0.02279998 -0.14879999 0.30350000
v -0.09320000 -0.14880002 0.30350000
v -0.09320000 -0.14905002 0.30325000
v -0.09320000 -0.14930002 0.30300000
v 0.02279998 -0.14929999 0.30300000
v 0.08594956 -0.14844955 0.30325000
v 0.08639396 -0.14778448 0.30325000
v 0.08627848 -0.14773666 0.30337500
v 0.08603797 -0.14853796 0.30312500
v 0.08650944 -0.14783234 0.30312500
v 0.08612635 -0.14862634 0.30300000
v 0.08662492 -0.14788016 0.30300000
v 0.08528449 -0.14889395 0.30325000
v 0.08523667 -0.14877847 0.30337500
v 0.08533234 -0.14900943 0.30312500
v 0.08538017 -0.14912491 0.30300000
v 0.08642500 -0.14700000 0.30337500
v 0.08630000 -0.14700000 0.30350000
v 0.08616297 -0.14768881 0.30350000
v 0.08577280 -0.14827280 0.30350000
v 0.08680000 -0.14700000 0.30300000
v 0.08655000 -0.14700000 0.30325000
v 0.08518882 -0.14866296 0.30350000
v 0.08450001 -0.14879999 0.30350000
v 0.08450001 -0.14892499 0.30337500
v 0.08450001 -0.14904999 0.30325000
v 0.08450001 -0.14917499 0.30312500
v -0.10422130 -0.14710773 0.30300000
v -0.09881859 -0.14874661 0.30300000
v -0.10412560 -0.14687677 0.30325000
v -0.10920042 -0.14444632 0.30300000
v -0.10906151 -0.14423846 0.30325000
v -0.11356468 -0.14086469 0.30300000
v -0.11338792 -0.14068790 0.30325000
v -0.11714635 -0.13650043 0.30300000
v -0.11980772 -0.13152130 0.30300000
v -0.11957677 -0.13142563 0.30325000
v -0.12144664 -0.12611859 0.30300000
v -0.12120140 -0.12606982 0.30325000
v -0.09320000 -0.14905002 0.30325000
v -0.09320000 -0.14880002 0.30350000
v -0.09876982 -0.14850143 0.30325000
v -0.10402995 -0.14664578 0.30350000
v -0.09872105 -0.14825623 0.30350000
v -0.10892265 -0.14403061 0.30350000
v -0.11321111 -0.14051114 0.30350000
v -0.11673058 -0.13622266 0.30350000
v -0.11693846 -0.13636154 0.30325000
v -0.12095622 -0.12602106 0.30350000
v -0.11934581 -0.13132996 0.30350000
v -0.12149998 -0.12050000 0.30350000
v -0.12199998 -0.12050000 0.30300000
v 0.08630000 -0.13200000 0.30350000
v 0.08630000 -0.14700000 0.30350000
v 0.08642500 -0.14700000 0.30337500
v 0.08680000 -0.14700000 0.30300000
v 0.08667500 -0.13200000 0.30312500
v 0.08655000 -0.14700000 0.30325000
v 0.08655000 -0.13200000 0.30325000
v 0.08680000 -0.13200000 0.30300000
v -0.12199998 0.12050000 0.30300000
v -0.12199998 -0.12050000 0.30300000
v -0.12149998 -0.12050000 0.30350000
v 0.08594956 -0.13055042 0.30325000
v 0.08528449 -0.13010605 0.30325000
v 0.08523667 -0.13022153 0.30337500
v 0.08603797 -0.13046204 0.30312500
v 0.08533234 -0.12999057 0.30312500
v 0.08612635 -0.13037366 0.30300000
v 0.08538017 -0.12987506 0.30300000
v 0.08639396 -0.13121548 0.30325000
v 0.08586118 -0.13063882 0.30337500
v 0.08650944 -0.13116766 0.30312500
v 0.08662492 -0.13111981 0.30300000
v 0.08450001 -0.13007498 0.30337500
v 0.08450001 -0.13019998 0.30350000
v 0.08518882 -0.13033701 0.30350000
v 0.08577280 -0.13072720 0.30350000
v 0.08450001 -0.12969998 0.30300000
v 0.08450001 -0.12994998 0.30325000
v 0.08616297 -0.13131116 0.30350000
v 0.08627848 -0.13126334 0.30337500
v 0.08655000 -0.13200000 0.30325000
v 0.08630000 -0.13200000 0.30350000
v 0.08680000 -0.13200000 0.30300000
v 0.08667500 -0.13200000 0.30312500
v -0.11982915 0.13146948 0.30300000
v -0.12145207 0.12609113 0.30300000
v -0.11959801 0.13137421 0.30325000
v -0.11719298 0.13643042 0.30300000
v -0.11698466 0.13629211 0.30325000
v -0.11364384 0.14078522 0.30300000
v -0.10931676 0.14436816 0.30300000
v -0.10917686 0.14416095 0.30325000
v -0.10437651 0.14704291 0.30300000
v -0.09901091 0.14870764 0.30300000
v -0.10427946 0.14681250 0.30325000
v -0.09342430 0.14929913 0.30300000
v -0.09342235 0.14904913 0.30325000
v -0.12120683 0.12604254 0.30325000
v -0.12149998 0.12050000 0.30350000
v -0.12096159 0.12599402 0.30350000
v -0.11677641 0.13615387 0.30350000
v -0.11936681 0.13127899 0.30350000
v -0.12199998 0.12050000 0.30300000
v -0.11346635 0.14060913 0.30325000
v -0.10903697 0.14395380 0.30350000
v -0.11328886 0.14043304 0.30350000
v -0.09891008 0.14821796 0.30350000
v -0.09896049 0.14846283 0.30325000
v -0.09342039 0.14879913 0.30350000
v -0.10418248 0.14658209 0.30350000
v 0.00780000 -0.12969998 0.30300000
v 0.08450001 -0.12994998 0.30325000
v 0.08450001 -0.12969998 0.30300000
v 0.00780000 -0.13019998 0.30350000
v 0.08450001 -0.13007498 0.30337500
v 0.08450001 -0.13019998 0.30350000
v -0.00185454 -0.12349902 0.30325000
v -0.00162358 -0.12340335 0.30300000
v -0.00220400 -0.12148993 0.30300000
v -0.00088884 -0.12530569 0.30325000
v -0.00068099 -0.12516681 0.30300000
v 0.00041075 -0.12688925 0.30325000
v 0.00058754 -0.12671249 0.30300000
v 0.00199431 -0.12818884 0.30325000
v 0.00213319 -0.12798099 0.30300000
v 0.00380098 -0.12915454 0.30325000
v 0.00389662 -0.12892355 0.30300000
v 0.00576130 -0.12974921 0.30325000
v 0.00581007 -0.12950400 0.30300000
v -0.00244921 -0.12153870 0.30325000
v -0.00240001 -0.11950000 0.30300000
v -0.00269438 -0.12158746 0.30350000
v -0.00208550 -0.12359470 0.30350000
v -0.00290001 -0.11950000 0.30350000
v -0.00109673 -0.12544461 0.30350000
v 0.00370527 -0.12938550 0.30350000
v 0.00780000 -0.12969998 0.30300000
v 0.00780000 -0.13019998 0.30350000
v 0.00571254 -0.12999438 0.30350000
v 0.00023396 -0.12706604 0.30350000
v -0.10892265 -0.14403061 0.30350000
v -0.12149998 -0.12050000 0.30350000
v -0.11321111 -0.14051114 0.30350000
v -0.09872105 -0.14825623 0.30350000
v -0.10402995 -0.14664578 0.30350000
v -0.09320000 -0.14880002 0.30350000
v -0.11934581 -0.13132996 0.30350000
v -0.12095622 -0.12602106 0.30350000
v -0.11673058 -0.13622266 0.30350000
v -0.00290001 -0.05500000 0.30350000
v -0.00290001 -0.11950000 0.30350000
v -0.00269438 -0.05291254 0.30350000
v -0.00269438 -0.12158746 0.30350000
v -0.00208550 -0.12359470 0.30350000
v 0.00023396 -0.12706604 0.30350000
v -0.00109673 -0.12544461 0.30350000
v 0.00185542 -0.12839673 0.30350000
v -0.00109673 -0.04905539 0.30350000
v -0.00208550 0.05090527 0.30350000
v -0.00208550 -0.05090527 0.30350000
v 0.00023396 0.04743396 0.30350000
v 0.00023396 -0.04743396 0.30350000
v 0.00185542 -0.04610327 0.30350000
v -0.00109673 0.04905542 0.30350000
v -0.12149998 0.12050000 0.30350000
v 0.02279998 -0.14879999 0.30350000
v -0.11936681 0.13127899 0.30350000
v -0.12096159 0.12599402 0.30350000
v -0.11677641 0.13615387 0.30350000
v -0.11328886 0.14043304 0.30350000
v -0.10903697 0.14395380 0.30350000
v -0.10418248 0.14658209 0.30350000
v -0.09891008 0.14821796 0.30350000
v -0.09342039 0.14879913 0.30350000
v -0.09320000 0.14879999 0.30350000
v -0.06420000 0.14879999 0.30350000
v -0.00290001 0.05500000 0.30350000
v -0.03520000 0.14879999 0.30350000
v -0.00290001 0.11950000 0.30350000
v -0.00269438 0.05291254 0.30350000
v -0.00620000 0.14879999 0.30350000
v -0.00269438 0.12158746 0.30350000
v -0.00208550 0.12359473 0.30350000
v -0.00109673 0.12544458 0.30350000
v 0.00023396 0.12706604 0.30350000
v 0.00185542 0.12839673 0.30350000
v 0.00185542 0.04610327 0.30350000
v 0.00370527 -0.04511450 0.30350000
v 0.00370527 0.04511450 0.30350000
v 0.00780000 -0.13019998 0.30350000
v 0.00571254 -0.12999438 0.30350000
v 0.00370527 -0.12938550 0.30350000
v 0.00959999 -0.04250000 0.30350000
v 0.00571254 -0.04450558 0.30350000
v 0.00848884 -0.04416299 0.30350000
v 0.00780000 -0.04429999 0.30350000
v 0.00907280 -0.04377280 0.30350000
v 0.00946299 -0.04318884 0.30350000
v 0.00959999 0.04250000 0.30350000
v 0.08450001 -0.14879999 0.30350000
v 0.08450001 -0.13019998 0.30350000
v 0.08577280 -0.14827280 0.30350000
v 0.08630000 -0.14700000 0.30350000
v 0.08518882 -0.14866296 0.30350000
v 0.08616297 -0.14768881 0.30350000
v 0.08577280 -0.13072720 0.30350000
v 0.08518882 -0.13033701 0.30350000
v 0.08630000 -0.13200000 0.30350000
v 0.08616297 -0.13131116 0.30350000
v 0.00780000 0.04429999 0.30350000
v 0.00571254 0.04450562 0.30350000
v 0.00848884 0.04416296 0.30350000
v 0.00907280 0.04377277 0.30350000
v 0.00780000 0.13020001 0.30350000
v 0.02279998 0.14879999 0.30350000
v 0.00571254 0.12999438 0.30350000
v 0.00370527 0.12938550 0.30350000
v 0.00946299 0.04318884 0.30350000
v 0.08630000 0.13200000 0.30350000
v 0.08450001 0.13020001 0.30350000
v 0.08518882 0.13033704 0.30350000
v 0.08577280 0.13072717 0.30350000
v 0.08616297 0.13131116 0.30350000
v 0.08630000 0.14700000 0.30350000
v 0.08450001 0.14879999 0.30350000
v 0.08518882 0.14866296 0.30350000
v 0.08616297 0.14768884 0.30350000
v 0.08577280 0.14827277 0.30350000
v 0.08450001 0.14879999 0.30350000
v -0.00208550 0.05090527 0.30350000
v -0.00290001 0.05500000 0.30350000
v -0.00208550 0.12359473 0.30350000
v 0.08450001 0.13020001 0.30350000
v 0.00916121 0.04386121 0.30337500
v 0.08450001 0.12970001 0.30300000
v -0.00290001 -0.11950000 0.30350000
v 0.08586118 -0.14836118 0.30337500
v 0.08450001 -0.14929999 0.30300000
v -0.09320000 -0.14930002 0.30300000
v -0.12149998 0.12050000 0.30350000
v 0.00185542 -0.12839673 0.30350000
v 0.07204999 0.15000000 0.27550000
v 0.07204999 0.15000000 0.28300000
v 0.07204999 0.15050000 0.28300000
v 0.07204999 0.14950000 0.27550000
v 0.07204999 0.14950000 0.28300000
v 0.07204999 0.14975000 0.28300000
v 0.07204999 0.14975000 0.27550000
v 0.11929999 0.15050000 1.11000000
v 0.11929999 0.15050000 0.92500000
v 0.02379998 0.15050000 0.97566663
v 0.11929999 0.15050000 0.74000000
v 0.06589923 0.15050000 0.29784924
v 0.11929999 0.15050000 0.55500000
v 0.07476193 0.15050000 0.27419135
v 0.11929999 0.15050000 0.37000000
v 0.07479999 0.15050000 0.27400000
v 0.07465355 0.15050000 0.27435358
v 0.07429999 0.15050000 0.27450000
v 0.07204999 0.15050000 0.28300000
v 0.07234290 0.15050000 0.27479291
v 0.07304999 0.15050000 0.27450000
v 0.07329999 0.15050000 0.15375000
v 0.07476193 0.15050000 0.27380865
v 0.07045146 0.15050000 0.29103638
v 0.11929999 0.15050000 0.18500000
v 0.02379998 0.15050000 0.84133337
v 0.02379998 0.15050000 0.70700000
v 0.05104998 0.15050000 0.30400000
v 0.02379998 0.15050000 0.57266669
v 0.02379998 0.15050000 0.30400000
v 0.07204999 0.15050000 0.27550000
v 0.07212611 0.15050000 0.27511731
v 0.07479999 0.15050000 0.03350000
v 0.07476193 0.15050000 0.03369135
v 0.07465355 0.15050000 0.27364642
v 0.07449133 0.15050000 0.27353809
v 0.07429999 0.15050000 0.27350000
v 0.07465355 0.15050000 0.03385355
v 0.07429999 0.15050000 0.03400000
v 0.11929999 0.15050000 0.00000000
v 0.07304999 0.15050000 0.00000000
v 0.07476193 0.15050000 0.03330865
v 0.07465355 0.15050000 0.03314645
v 0.07449133 0.15050000 0.03303806
v 0.07329999 0.15050000 0.03400000
v 0.07329999 0.15050000 0.27350000
v 0.07304999 0.15050000 0.03300000
v 0.07266731 0.15050000 0.03292389
v 0.07429999 0.15050000 0.03300000
v 0.07234290 0.15050000 0.00029291
v 0.07266731 0.15050000 0.00007611
v 0.07234290 0.15050000 0.03270709
v 0.07204999 0.15050000 0.03200000
v 0.07204999 0.15050000 0.00100000
v 0.07212611 0.15050000 0.00061731
v -0.00620000 0.00054289 0.30429291
v -0.00620000 0.00032613 0.30461731
v -0.00620000 0.00025000 0.30500000
v -0.00620000 0.00086731 0.30407611
v -0.00620000 0.00125000 0.32250000
v -0.00620000 0.00125000 0.30400000
v -0.00620000 0.00025000 0.32150000
v -0.00620000 0.00054289 0.32220709
v -0.00620000 0.00032613 0.32188269
v -0.00620000 0.00086731 0.32242389
v -0.00620000 0.00250000 0.32250000
v -0.00620000 0.00289091 0.32268823
v -0.00620000 0.00298746 0.32288873
v -0.00620000 0.00271695 0.32254950
v -0.00620000 0.00298746 0.32311127
v -0.00620000 0.12050000 0.30400000
v -0.00620000 0.12050000 0.43833331
v -0.00620000 0.00150000 0.70175000
v -0.00620000 0.00271695 0.32345050
v -0.00620000 0.00250000 0.32350000
v -0.00620000 0.00289091 0.32331177
v -0.00620000 0.12050000 0.57266669
v -0.00620000 0.12050000 0.70700000
v -0.00620000 0.00150000 0.32350000
v -0.00620000 0.00025000 1.08200000
v -0.00620000 0.00086731 1.08107617
v -0.00620000 0.00054289 1.08129285
v -0.00620000 0.00125000 1.11000000
v -0.00620000 0.00125000 1.08100000
v -0.00620000 0.00032613 1.08161731
v -0.00620000 0.00150000 1.08000000
v -0.00620000 0.00250000 1.08000000
v -0.00620000 0.00086731 1.10992383
v -0.00620000 0.00032613 1.10938269
v -0.00620000 0.00054289 1.10970715
v -0.00620000 0.00025000 1.10900000
v -0.00620000 0.00250000 1.08100000
v -0.00620000 0.00289091 1.08018823
v -0.00620000 0.00298746 1.08038879
v -0.00620000 0.00271695 1.08004956
v -0.00620000 0.12050000 0.84133337
v -0.00620000 0.12050000 0.97566663
v -0.00620000 0.00271695 1.08095044
v -0.00620000 0.00289091 1.08081177
v -0.00620000 0.12050000 1.11000000
v -0.00620000 0.00298746 1.08061121
v 0.14929999 0.00054289 0.00029291
v 0.14929999 0.00025000 0.00100000
v 0.14929999 0.00032613 0.00061731
v 0.14929999 0.00086731 0.00007611
v 0.14929999 0.00125000 0.08900000
v 0.14929999 0.00025000 0.08800000
v 0.14929999 0.00054289 0.08870709
v 0.14929999 0.00032613 0.08838269
v 0.14929999 0.00086731 0.08892389
v 0.14929999 0.00125000 0.00000000
v 0.14929999 0.04350000 0.08900000
v 0.14929999 0.05115367 0.09052240
v 0.14929999 0.05764214 0.09485785
v 0.14929999 0.12050000 0.00000000
v 0.14929999 0.06197760 0.10134634
v 0.14929999 0.06350000 0.10900000
v 0.14929999 0.06450000 0.11050000
v 0.14929999 0.00054289 1.06429285
v 0.14929999 0.00025000 1.06500000
v 0.14929999 0.00032613 1.06461731
v 0.14929999 0.00086731 1.06407617
v 0.14929999 0.00086731 1.10992383
v 0.14929999 0.00054289 1.10970715
v 0.14929999 0.00032613 1.10938269
v 0.14929999 0.00025000 1.10900000
v 0.14929999 0.00125000 1.11000000
v 0.14929999 0.06379289 1.04279285
v 0.14929999 0.06350000 1.04400000
v 0.14929999 0.06357613 1.04311731
v 0.14929999 0.06350000 1.04350000
v 0.14929999 0.06450000 1.04250000
v 0.14929999 0.06197760 1.05165369
v 0.14929999 0.00125000 1.06400000
v 0.14929999 0.04350000 1.06400000
v 0.14929999 0.12050000 1.11000000
v 0.14929999 0.05115367 1.06247754
v 0.14929999 0.05764214 1.05814209
v 0.14929999 0.06357613 0.10988269
v 0.14929999 0.06350000 0.10950000
v 0.14929999 0.06379289 0.11020709
v 0.14929999 0.06411732 0.11042389
v 0.14929999 0.06594135 0.11053806
v 0.14929999 0.06575000 0.11050000
v 0.14929999 0.06575000 0.11150000
v 0.14929999 0.06475000 0.57650000
v 0.14929999 0.06475000 0.11150000
v 0.14929999 0.06621194 0.11080865
v 0.14929999 0.06610356 0.11064645
v 0.14929999 0.12050000 0.18500000
v 0.14929999 0.06625000 0.11100000
v 0.14929999 0.06610356 0.11135355
v 0.14929999 0.06594135 0.11146194
v 0.14929999 0.06621194 0.11119135
v 0.14929999 0.12050000 0.37000000
v 0.14929999 0.06575000 1.04150000
v 0.14929999 0.06475000 1.04150000
v 0.14929999 0.06596695 1.04154956
v 0.14929999 0.06411732 1.04257617
v 0.14929999 0.06575000 1.04250000
v 0.14929999 0.06596695 1.04245044
v 0.14929999 0.06614091 1.04231177
v 0.14929999 0.06614091 1.04168823
v 0.14929999 0.12050000 0.55500000
v 0.14929999 0.12050000 0.74000000
v 0.14929999 0.06623747 1.04188879
v 0.14929999 0.12050000 0.92500000
v 0.14929999 0.06623747 1.04211121
v 0.02379998 0.14950000 0.30400000
v 0.02379998 0.15050000 0.30400000
v 0.05104998 0.15000000 0.30400000
v 0.05104998 0.15050000 0.30400000
v 0.05104998 0.15025000 0.30400000
v 0.05104998 0.14950000 0.30400000
v 0.06589923 0.15000000 0.29784924
v 0.05908635 0.15000000 0.30240149
v 0.05908635 0.15025000 0.30240149
v 0.06589923 0.14975000 0.29784924
v 0.05908635 0.14975000 0.30240149
v 0.06589923 0.14950000 0.29784924
v 0.05908635 0.14950000 0.30240149
v 0.07045146 0.15000000 0.29103638
v 0.06589923 0.15025000 0.29784924
v 0.07045146 0.14975000 0.29103638
v 0.07045146 0.14950000 0.29103638
v 0.05104998 0.15025000 0.30400000
v 0.05104998 0.15050000 0.30400000
v 0.06589923 0.15050000 0.29784924
v 0.05104998 0.15000000 0.30400000
v 0.05104998 0.14950000 0.30400000
v 0.07045146 0.15050000 0.29103638
v 0.07045146 0.15025000 0.29103638
v 0.07204999 0.15000000 0.28300000
v 0.07204999 0.15050000 0.28300000
v 0.07204999 0.14975000 0.28300000
v 0.14701639 0.13198050 0.74000000
v 0.14701639 0.13198050 0.92500000
v 0.14872356 0.12635272 0.92500000
v 0.14701639 0.13198050 1.11000000
v 0.14872356 0.12635272 1.11000000
v 0.14701639 0.13198050 0.37000000
v 0.14701639 0.13198050 0.55500000
v 0.14872356 0.12635272 0.55500000
v 0.14872356 0.12635272 0.74000000
v 0.14701639 0.13198050 0.00000000
v 0.14701639 0.13198050 0.18500000
v 0.14872356 0.12635272 0.18500000
v 0.14872356 0.12635272 0.37000000
v 0.14424408 0.13716711 1.11000000
v 0.14424408 0.13716711 0.74000000
v 0.14424408 0.13716711 0.37000000
v 0.14424408 0.13716711 0.00000000
v 0.14051320 0.14171323 0.74000000
v 0.14051320 0.14171323 1.11000000
v 0.14051320 0.14171323 0.37000000
v 0.14051320 0.14171323 0.00000000
v 0.13596710 0.14544409 0.74000000
v 0.13596710 0.14544409 1.11000000
v 0.13596710 0.14544409 0.37000000
v 0.13596710 0.14544409 0.00000000
v 0.13078050 0.14821640 0.92500000
v 0.13078050 0.14821640 0.74000000
v 0.13078050 0.14821640 1.11000000
v 0.13078050 0.14821640 0.55500000
v 0.13078050 0.14821640 0.37000000
v 0.13078050 0.14821640 0.18500000
v 0.13078050 0.14821640 0.00000000
v 0.12515271 0.14992355 0.74000000
v 0.12515271 0.14992355 0.92500000
v 0.12515271 0.14992355 1.11000000
v 0.12515271 0.14992355 0.37000000
v 0.12515271 0.14992355 0.55500000
v 0.12515271 0.14992355 0.00000000
v 0.12515271 0.14992355 0.18500000
v 0.14929999 0.12050000 0.92500000
v 0.14929999 0.12050000 0.74000000
v 0.14929999 0.12050000 0.55500000
v 0.14929999 0.12050000 0.18500000
v 0.14929999 0.12050000 0.00000000
v 0.14872356 0.12635272 0.00000000
v 0.14929999 0.12050000 0.37000000
v 0.11929999 0.15050000 0.92500000
v 0.11929999 0.15050000 1.11000000
v 0.11929999 0.15050000 0.74000000
v 0.11929999 0.15050000 0.18500000
v 0.11929999 0.15050000 0.37000000
v 0.11929999 0.15050000 0.00000000
v 0.11929999 0.15050000 0.55500000
v 0.01231950 0.14821640 0.84133337
v 0.01231950 0.14821640 0.97566663
v 0.01794729 0.14992355 0.97566663
v 0.01231950 0.14821640 1.11000000
v 0.01794729 0.14992355 1.11000000
v 0.01231950 0.14821640 0.57266669
v 0.01231950 0.14821640 0.70700000
v 0.01794729 0.14992355 0.70700000
v 0.01794729 0.14992355 0.84133337
v 0.01231950 0.14821640 0.30400000
v 0.01231950 0.14821640 0.43833331
v 0.01794729 0.14992355 0.43833331
v 0.01794729 0.14992355 0.57266669
v 0.00713289 0.14544409 1.11000000
v 0.00713289 0.14544409 0.84133337
v 0.00713289 0.14544409 0.57266669
v 0.00713289 0.14544409 0.30400000
v 0.00258680 0.14171323 0.84133337
v 0.00258680 0.14171323 1.11000000
v 0.00258680 0.14171323 0.57266669
v 0.00258680 0.14171323 0.30400000
v -0.00114409 0.13716711 0.84133337
v -0.00114409 0.13716711 1.11000000
v -0.00114409 0.13716711 0.57266669
v -0.00114409 0.13716711 0.30400000
v -0.00391637 0.13198050 0.97566663
v -0.00391637 0.13198050 0.84133337
v -0.00391637 0.13198050 1.11000000
v -0.00391637 0.13198050 0.70700000
v -0.00391637 0.13198050 0.57266669
v -0.00391637 0.13198050 0.43833331
v -0.00391637 0.13198050 0.30400000
v -0.00562355 0.12635272 0.84133337
v -0.00562355 0.12635272 0.97566663
v -0.00562355 0.12635272 1.11000000
v -0.00562355 0.12635272 0.57266669
v -0.00562355 0.12635272 0.70700000
v -0.00562355 0.12635272 0.30400000
v -0.00562355 0.12635272 0.43833331
v 0.02379998 0.15050000 0.97566663
v 0.02379998 0.15050000 0.84133337
v 0.02379998 0.15050000 0.70700000
v 0.02379998 0.15050000 0.57266669
v 0.02379998 0.15050000 0.30400000
v 0.01794729 0.14992355 0.30400000
v -0.00620000 0.12050000 0.97566663
v -0.00620000 0.12050000 1.11000000
v -0.00620000 0.12050000 0.84133337
v -0.00620000 0.12050000 0.43833331
v -0.00620000 0.12050000 0.57266669
v -0.00620000 0.12050000 0.30400000
v -0.00620000 0.12050000 0.70700000
v 0.14829999 0.06475000 0.11150000
v 0.14829999 0.06575000 0.11150000
v 0.14879999 0.06575000 0.11150000
v 0.14929999 0.06575000 0.11150000
v 0.14929999 0.06475000 0.11150000
v 0.14879999 0.06610356 0.11135355
v 0.14879999 0.06594135 0.11146194
v 0.14829999 0.06594135 0.11146194
v 0.14879999 0.06621194 0.11119135
v 0.14829999 0.06610356 0.11135355
v 0.14879999 0.06625000 0.11100000
v 0.14829999 0.06621194 0.11119135
v 0.14879999 0.06621194 0.11080865
v 0.14829999 0.06625000 0.11100000
v 0.14879999 0.06610356 0.11064645
v 0.14829999 0.06621194 0.11080865
v 0.14879999 0.06594135 0.11053806
v 0.14829999 0.06610356 0.11064645
v 0.14879999 0.06575000 0.11050000
v 0.14829999 0.06594135 0.11053806
v 0.14879999 0.06575000 0.11150000
v 0.14829999 0.06575000 0.11150000
v 0.14929999 0.06610356 0.11135355
v 0.14929999 0.06594135 0.11146194
v 0.14929999 0.06575000 0.11150000
v 0.14929999 0.06621194 0.11119135
v 0.14929999 0.06621194 0.11080865
v 0.14929999 0.06625000 0.11100000
v 0.14929999 0.06594135 0.11053806
v 0.14929999 0.06610356 0.11064645
v 0.14929999 0.06575000 0.11050000
v 0.14716611 0.06386612 0.11150000
v 0.14893388 0.06386612 0.11150000
v 0.14757164 0.06359515 0.11150000
v 0.14689514 0.06427165 0.11150000
v 0.14799437 0.06450627 0.11150000
v 0.14789412 0.06455455 0.11150000
v 0.14810562 0.06450627 0.11150000
v 0.14852835 0.06359515 0.11150000
v 0.14804999 0.06350000 0.11150000
v 0.14820587 0.06455455 0.11150000
v 0.14782475 0.06464153 0.11150000
v 0.14679999 0.06475000 0.11150000
v 0.14779999 0.06475000 0.11150000
v 0.14929999 0.06475000 0.11150000
v 0.14827524 0.06464153 0.11150000
v 0.14829999 0.06475000 0.11150000
v 0.14689514 0.06427165 0.57650000
v 0.14689514 0.06427165 1.04150000
v 0.14679999 0.06475000 1.04150000
v 0.14716611 0.06386612 0.57650000
v 0.14716611 0.06386612 1.04150000
v 0.14757164 0.06359515 0.57650000
v 0.14757164 0.06359515 1.04150000
v 0.14804999 0.06350000 0.57650000
v 0.14804999 0.06350000 1.04150000
v 0.14852835 0.06359515 0.57650000
v 0.14852835 0.06359515 1.04150000
v 0.14893388 0.06386612 0.57650000
v 0.14893388 0.06386612 1.04150000
v 0.14920485 0.06427165 0.57650000
v 0.14920485 0.06427165 1.04150000
v 0.14679999 0.06475000 0.57650000
v 0.14679999 0.06475000 0.11150000
v 0.14716611 0.06386612 0.11150000
v 0.14689514 0.06427165 0.11150000
v 0.14757164 0.06359515 0.11150000
v 0.14852835 0.06359515 0.11150000
v 0.14929999 0.06475000 0.57650000
v 0.14929999 0.06475000 1.04150000
v 0.14893388 0.06386612 0.11150000
v 0.14804999 0.06350000 0.11150000
v 0.14929999 0.06475000 0.11150000
v -0.00379515 0.00102165 0.70175000
v -0.00379515 0.00102165 0.32350000
v -0.00370000 0.00150000 0.32350000
v -0.00379515 0.00102165 1.08000000
v -0.00370000 0.00150000 0.70175000
v -0.00406612 0.00061612 0.70175000
v -0.00406612 0.00061612 0.32350000
v -0.00406612 0.00061612 1.08000000
v -0.00447164 0.00034515 0.70175000
v -0.00447164 0.00034515 0.32350000
v -0.00447164 0.00034515 1.08000000
v -0.00495000 0.00025000 0.70175000
v -0.00495000 0.00025000 0.32350000
v -0.00495000 0.00025000 1.08000000
v -0.00542833 0.00034515 0.70175000
v -0.00542833 0.00034515 0.32350000
v -0.00542833 0.00034515 1.08000000
v -0.00583388 0.00061612 0.70175000
v -0.00583388 0.00061612 0.32350000
v -0.00583388 0.00061612 1.08000000
v -0.00610485 0.00102165 0.70175000
v -0.00610485 0.00102165 0.32350000
v -0.00610485 0.00102165 1.08000000
v -0.00620000 0.00150000 0.70175000
v -0.00620000 0.00150000 0.32350000
v -0.00620000 0.00150000 1.08000000
v 0.07429999 0.14950000 0.03300000
v 0.07304999 0.14975000 0.03300000
v 0.07304999 0.14950000 0.03300000
v 0.07429999 0.15000000 0.03300000
v 0.07304999 0.15000000 0.03300000
v 0.07429999 0.15050000 0.03300000
v 0.07304999 0.15025000 0.03300000
v 0.07304999 0.15050000 0.03300000
v 0.07465355 0.15000000 0.03314645
v 0.07449133 0.15000000 0.03303806
v 0.07449133 0.14950000 0.03303806
v 0.07476193 0.15000000 0.03330865
v 0.07465355 0.14950000 0.03314645
v 0.07479999 0.15000000 0.03350000
v 0.07476193 0.14950000 0.03330865
v 0.07476193 0.15000000 0.03369135
v 0.07479999 0.14950000 0.03350000
v 0.07465355 0.15000000 0.03385355
v 0.07476193 0.14950000 0.03369135
v 0.07449133 0.15000000 0.03396194
v 0.07465355 0.14950000 0.03385355
v 0.07429999 0.15000000 0.03300000
v 0.07429999 0.14950000 0.03300000
v 0.07465355 0.15050000 0.03314645
v 0.07449133 0.15050000 0.03303806
v 0.07429999 0.15050000 0.03300000
v 0.07476193 0.15050000 0.03330865
v 0.07476193 0.15050000 0.03369135
v 0.07479999 0.15050000 0.03350000
v 0.07429999 0.14950000 0.03400000
v 0.07429999 0.15000000 0.03400000
v 0.07465355 0.15050000 0.03385355
v 0.07429999 0.15050000 0.03400000
v 0.07429999 0.15000000 0.03400000
v 0.07329999 0.15050000 0.03400000
v 0.07429999 0.15050000 0.03400000
v 0.07429999 0.14950000 0.03400000
v 0.07329999 0.14950000 0.03400000
v 0.07429999 0.15000000 0.27350000
v 0.07329999 0.14950000 0.27350000
v 0.07429999 0.14950000 0.27350000
v 0.07429999 0.15050000 0.27350000
v 0.07329999 0.15050000 0.27350000
v 0.07465355 0.15000000 0.27364642
v 0.07449133 0.15000000 0.27353809
v 0.07449133 0.14950000 0.27353809
v 0.07476193 0.15000000 0.27380865
v 0.07465355 0.14950000 0.27364642
v 0.07479999 0.15000000 0.27400000
v 0.07476193 0.14950000 0.27380865
v 0.07476193 0.15000000 0.27419135
v 0.07479999 0.14950000 0.27400000
v 0.07465355 0.15000000 0.27435358
v 0.07476193 0.14950000 0.27419135
v 0.07449133 0.15000000 0.27446191
v 0.07465355 0.14950000 0.27435358
v 0.07429999 0.15000000 0.27350000
v 0.07429999 0.14950000 0.27350000
v 0.07465355 0.15050000 0.27364642
v 0.07449133 0.15050000 0.27353809
v 0.07429999 0.15050000 0.27350000
v 0.07476193 0.15050000 0.27380865
v 0.07476193 0.15050000 0.27419135
v 0.07479999 0.15050000 0.27400000
v 0.07429999 0.14950000 0.27450000
v 0.07429999 0.15000000 0.27450000
v 0.07465355 0.15050000 0.27435358
v 0.07429999 0.15050000 0.27450000
v 0.07429999 0.14950000 0.27450000
v 0.07304999 0.14950000 0.27450000
v 0.07304999 0.14975000 0.27450000
v 0.07429999 0.15000000 0.27450000
v 0.07304999 0.15000000 0.27450000
v 0.07304999 0.15025000 0.27450000
v 0.07429999 0.15050000 0.27450000
v 0.07304999 0.15050000 0.27450000
v 0.07329999 0.14900000 0.27350000
v 0.08104999 0.14875000 0.27350000
v 0.08104999 0.14900000 0.27350000
v 0.08104999 0.14850000 0.27350000
v 0.08104999 0.14825000 0.27350000
v 0.07329999 0.14800000 0.27350000
v 0.08104999 0.14800000 0.27350000
v 0.07306903 0.14934567 0.03400000
v 0.07241611 0.15013388 0.03400000
v 0.07282164 0.15040485 0.03400000
v 0.07304999 0.14925000 0.03400000
v 0.07214514 0.14972836 0.03400000
v 0.07241611 0.14836612 0.03400000
v 0.07312321 0.14942679 0.03400000
v 0.07320433 0.14948099 0.03400000
v 0.07329999 0.15050000 0.03400000
v 0.07329999 0.14950000 0.03400000
v 0.07204999 0.14925000 0.03400000
v 0.07214514 0.14877167 0.03400000
v 0.07306903 0.14915433 0.03400000
v 0.07312321 0.14907324 0.03400000
v 0.07329999 0.14900000 0.03400000
v 0.07329999 0.14800000 0.03400000
v 0.07241611 0.14836612 0.27350000
v 0.07304999 0.14925000 0.27350000
v 0.07241611 0.15013388 0.27350000
v 0.07214514 0.14972836 0.27350000
v 0.07214514 0.14877167 0.27350000
v 0.07204999 0.14925000 0.27350000
v 0.07306903 0.14934567 0.27350000
v 0.07312321 0.14942679 0.27350000
v 0.07329999 0.14950000 0.27350000
v 0.07329999 0.15050000 0.27350000
v 0.07306903 0.14915433 0.27350000
v 0.07282164 0.14809515 0.27350000
v 0.07312321 0.14907324 0.27350000
v 0.07320433 0.14901904 0.27350000
v 0.07329999 0.14800000 0.27350000
v 0.07329999 0.14900000 0.27350000
v 0.07329999 0.14800000 0.15375000
v 0.07282164 0.14809515 0.15375000
v 0.07329999 0.14800000 0.03400000
v 0.07241611 0.14836612 0.03400000
v 0.07329999 0.14800000 0.27350000
v 0.07241611 0.14836612 0.15375000
v 0.07214514 0.14877167 0.03400000
v 0.07214514 0.14877167 0.15375000
v 0.07204999 0.14925000 0.15375000
v 0.07204999 0.14925000 0.03400000
v 0.07282164 0.14809515 0.27350000
v 0.07241611 0.14836612 0.27350000
v 0.07214514 0.14877167 0.27350000
v 0.07204999 0.14925000 0.27350000
v 0.07214514 0.14972836 0.03400000
v 0.07214514 0.14972836 0.15375000
v 0.07241611 0.15013388 0.15375000
v 0.07241611 0.15013388 0.03400000
v 0.07282164 0.15040485 0.03400000
v 0.07329999 0.15050000 0.03400000
v 0.07282164 0.15040485 0.15375000
v 0.07214514 0.14972836 0.27350000
v 0.07241611 0.15013388 0.27350000
v 0.07329999 0.15050000 0.27350000
v 0.07329999 0.15050000 0.15375000
v 0.07329999 0.14900000 0.15375000
v 0.07329999 0.14900000 0.03400000
v 0.07320433 0.14901904 0.15375000
v 0.07312321 0.14907324 0.03400000
v 0.07320433 0.14901904 0.27350000
v 0.07329999 0.14900000 0.27350000
v 0.07306903 0.14915433 0.03400000
v 0.07306903 0.14915433 0.15375000
v 0.07312321 0.14907324 0.15375000
v 0.07304999 0.14925000 0.03400000
v 0.07306903 0.14915433 0.27350000
v 0.07312321 0.14907324 0.27350000
v 0.07304999 0.14925000 0.15375000
v 0.07306903 0.14934567 0.03400000
v 0.07306903 0.14934567 0.15375000
v 0.07312321 0.14942679 0.03400000
v 0.07306903 0.14934567 0.27350000
v 0.07304999 0.14925000 0.27350000
v 0.07320433 0.14948099 0.03400000
v 0.07320433 0.14948099 0.15375000
v 0.07312321 0.14942679 0.15375000
v 0.07329999 0.14950000 0.03400000
v 0.07329999 0.14950000 0.15375000
v 0.07329999 0.14950000 0.27350000
v 0.07312321 0.14942679 0.27350000
v 0.07234290 0.14975000 0.27479291
v 0.07234290 0.14950000 0.27479291
v 0.07212611 0.14950000 0.27511731
v 0.07234290 0.15000000 0.27479291
v 0.07212611 0.14975000 0.27511731
v 0.07234290 0.15025000 0.27479291
v 0.07212611 0.15000000 0.27511731
v 0.07266731 0.14975000 0.27457611
v 0.07266731 0.14950000 0.27457611
v 0.07266731 0.15000000 0.27457611
v 0.07266731 0.15025000 0.27457611
v 0.07204999 0.14975000 0.27550000
v 0.07204999 0.15000000 0.27550000
v 0.07204999 0.15050000 0.27550000
v 0.07212611 0.15025000 0.27511731
v 0.07212611 0.15050000 0.27511731
v 0.07234290 0.15050000 0.27479291
v 0.07304999 0.14975000 0.27450000
v 0.07304999 0.14950000 0.27450000
v 0.07304999 0.15000000 0.27450000
v 0.07304999 0.15050000 0.27450000
v 0.07304999 0.15025000 0.27450000
v 0.08175710 0.14875000 0.27320709
v 0.08175710 0.14900000 0.27320709
v 0.08143268 0.14900000 0.27342389
v 0.08175710 0.14850000 0.27320709
v 0.08143268 0.14875000 0.27342389
v 0.08175710 0.14825000 0.27320709
v 0.08143268 0.14850000 0.27342389
v 0.08175710 0.14800000 0.27320709
v 0.08143268 0.14825000 0.27342389
v 0.08197388 0.14875000 0.27288269
v 0.08197388 0.14900000 0.27288269
v 0.08197388 0.14850000 0.27288269
v 0.08197388 0.14825000 0.27288269
v 0.08197388 0.14800000 0.27288269
v 0.08204999 0.14875000 0.27250000
v 0.08204999 0.14900000 0.27250000
v 0.08204999 0.14850000 0.27250000
v 0.08204999 0.14825000 0.27250000
v 0.08204999 0.14800000 0.27250000
v 0.08104999 0.14875000 0.27350000
v 0.08104999 0.14825000 0.27350000
v 0.08104999 0.14800000 0.27350000
v 0.08143268 0.14800000 0.27342389
v 0.08104999 0.14850000 0.27350000
v 0.07234290 0.14975000 0.03270709
v 0.07234290 0.14950000 0.03270709
v 0.07266731 0.14950000 0.03292389
v 0.07234290 0.15000000 0.03270709
v 0.07266731 0.14975000 0.03292389
v 0.07234290 0.15025000 0.03270709
v 0.07266731 0.15000000 0.03292389
v 0.07212611 0.14975000 0.03238269
v 0.07212611 0.14950000 0.03238269
v 0.07212611 0.15000000 0.03238269
v 0.07212611 0.15025000 0.03238269
v 0.07204999 0.14975000 0.03200000
v 0.07204999 0.14950000 0.03200000
v 0.07204999 0.15000000 0.03200000
v 0.07204999 0.15025000 0.03200000
v 0.07304999 0.14975000 0.03300000
v 0.07304999 0.15025000 0.03300000
v 0.07266731 0.15025000 0.03292389
v 0.07304999 0.15000000 0.03300000
v 0.07304999 0.15050000 0.03300000
v 0.07266731 0.15050000 0.03292389
v 0.07234290 0.15050000 0.03270709
v 0.07204999 0.15050000 0.03200000
v 0.07204999 0.15050000 0.27550000
v 0.02379998 0.15050000 1.11000000
v 0.07204999 0.14950000 0.28300000
v 0.14929999 0.12050000 1.11000000
v 0.02379998 0.15050000 1.11000000
v 0.14829999 0.06575000 0.11050000
v -0.00370000 0.00150000 1.08000000
v 0.07449133 0.14950000 0.03396194
v 0.07449133 0.14950000 0.27446191
v 0.07204999 0.14950000 0.27550000
v 0.08104999 0.14900000 0.27350000
v 0.07304999 0.14950000 0.03300000
v 0.07204999 -0.15000000 0.27550000
v 0.07204999 -0.15050000 0.27550000
v 0.07204999 -0.15050000 0.28300000
v 0.07204999 -0.14950000 0.27550000
v 0.07204999 -0.14975000 0.27550000
v 0.07204999 -0.14975000 0.28300000
v 0.07204999 -0.15000000 0.28300000
v 0.11929999 -0.15050000 1.11000000
v 0.02379998 -0.15050000 1.11000000
v 0.02379998 -0.15050000 0.97566663
v 0.11929999 -0.15050000 0.74000000
v 0.11929999 -0.15050000 0.92500000
v 0.06589923 -0.15050000 0.29784924
v 0.11929999 -0.15050000 0.55500000
v 0.07476193 -0.15050000 0.27419135
v 0.11929999 -0.15050000 0.37000000
v 0.07479999 -0.15050000 0.27400000
v 0.07465355 -0.15050000 0.27435358
v 0.07204999 -0.15050000 0.28300000
v 0.07429999 -0.15050000 0.27450000
v 0.07234290 -0.15050000 0.27479291
v 0.07304999 -0.15050000 0.27450000
v 0.07476193 -0.15050000 0.27380865
v 0.07329999 -0.15050000 0.15375000
v 0.07045146 -0.15050000 0.29103638
v 0.11929999 -0.15050000 0.18500000
v 0.02379998 -0.15050000 0.84133337
v 0.02379998 -0.15050000 0.70700000
v 0.05104998 -0.15050000 0.30400000
v 0.02379998 -0.15050000 0.57266669
v 0.02379998 -0.15050000 0.30400000
v 0.07204999 -0.15050000 0.27550000
v 0.07212611 -0.15050000 0.27511731
v 0.07476193 -0.15050000 0.03369135
v 0.07479999 -0.15050000 0.03350000
v 0.07465355 -0.15050000 0.27364642
v 0.07449133 -0.15050000 0.27353809
v 0.07429999 -0.15050000 0.27350000
v 0.07465355 -0.15050000 0.03385355
v 0.07429999 -0.15050000 0.03400000
v 0.11929999 -0.15050000 0.00000000
v 0.07304999 -0.15050000 0.00000000
v 0.07476193 -0.15050000 0.03330865
v 0.07465355 -0.15050000 0.03314645
v 0.07449133 -0.15050000 0.03303806
v 0.07329999 -0.15050000 0.03400000
v 0.07329999 -0.15050000 0.27350000
v 0.07304999 -0.15050000 0.03300000
v 0.07266731 -0.15050000 0.03292389
v 0.07429999 -0.15050000 0.03300000
v 0.07234290 -0.15050000 0.00029291
v 0.07266731 -0.15050000 0.00007611
v 0.07234290 -0.15050000 0.03270709
v 0.07204999 -0.15050000 0.03200000
v 0.07204999 -0.15050000 0.00100000
v 0.07212611 -0.15050000 0.00061731
v -0.00620000 -0.00054289 0.30429291
v -0.00620000 -0.00025000 0.30500000
v -0.00620000 -0.00032613 0.30461731
v -0.00620000 -0.00086731 0.30407611
v -0.00620000 -0.00125000 0.32250000
v -0.00620000 -0.00125000 0.30400000
v -0.00620000 -0.00025000 0.32150000
v -0.00620000 -0.00054289 0.32220709
v -0.00620000 -0.00032613 0.32188269
v -0.00620000 -0.00086731 0.32242389
v -0.00620000 -0.00250000 0.32250000
v -0.00620000 -0.00289091 0.32268823
v -0.00620000 -0.00298746 0.32288873
v -0.00620000 -0.00271693 0.32254950
v -0.00620000 -0.00298746 0.32311127
v -0.00620000 -0.12050000 0.30400000
v -0.00620000 -0.12050000 0.43833331
v -0.00620000 -0.00150000 0.70175000
v -0.00620000 -0.00250000 0.32350000
v -0.00620000 -0.00271693 0.32345050
v -0.00620000 -0.00289091 0.32331177
v -0.00620000 -0.12050000 0.57266669
v -0.00620000 -0.12050000 0.70700000
v -0.00620000 -0.00150000 0.32350000
v -0.00620000 -0.00025000 1.08200000
v -0.00620000 -0.00054289 1.08129285
v -0.00620000 -0.00086731 1.08107617
v -0.00620000 -0.00125000 1.08100000
v -0.00620000 -0.00125000 1.11000000
v -0.00620000 -0.00032613 1.08161731
v -0.00620000 -0.00150000 1.08000000
v -0.00620000 -0.00250000 1.08000000
v -0.00620000 -0.00086731 1.10992383
v -0.00620000 -0.00025000 1.10900000
v -0.00620000 -0.00032613 1.10938269
v -0.00620000 -0.00054289 1.10970715
v -0.00620000 -0.00250000 1.08100000
v -0.00620000 -0.00289091 1.08018823
v -0.00620000 -0.00298746 1.08038879
v -0.00620000 -0.00271693 1.08004956
v -0.00620000 -0.12050000 0.84133337
v -0.00620000 -0.12050000 0.97566663
v -0.00620000 -0.00271693 1.08095044
v -0.00620000 -0.00289091 1.08081177
v -0.00620000 -0.12050000 1.11000000
v -0.00620000 -0.00298746 1.08061121
v 0.14929999 -0.00054289 0.00029291
v 0.14929999 -0.00032613 0.00061731
v 0.14929999 -0.00025000 0.00100000
v 0.14929999 -0.00086731 0.00007611
v 0.14929999 -0.00025000 0.08800000
v 0.14929999 -0.00125000 0.08900000
v 0.14929999 -0.00054289 0.08870709
v 0.14929999 -0.00032613 0.08838269
v 0.14929999 -0.00086731 0.08892389
v 0.14929999 -0.00125000 0.00000000
v 0.14929999 -0.04350000 0.08900000
v 0.14929999 -0.05115366 0.09052240
v 0.14929999 -0.05764214 0.09485785
v 0.14929999 -0.12050000 0.00000000
v 0.14929999 -0.06197759 0.10134634
v 0.14929999 -0.06350000 0.10900000
v 0.14929999 -0.06450000 0.11050000
v 0.14929999 -0.00054289 1.06429285
v 0.14929999 -0.00032613 1.06461731
v 0.14929999 -0.00025000 1.06500000
v 0.14929999 -0.00086731 1.06407617
v 0.14929999 -0.00086731 1.10992383
v 0.14929999 -0.00054289 1.10970715
v 0.14929999 -0.00025000 1.10900000
v 0.14929999 -0.00032613 1.10938269
v 0.14929999 -0.00125000 1.11000000
v 0.14929999 -0.06379289 1.04279285
v 0.14929999 -0.06357612 1.04311731
v 0.14929999 -0.06350000 1.04400000
v 0.14929999 -0.06350000 1.04350000
v 0.14929999 -0.06450000 1.04250000
v 0.14929999 -0.06197759 1.05165369
v 0.14929999 -0.00125000 1.06400000
v 0.14929999 -0.04350000 1.06400000
v 0.14929999 -0.12050000 1.11000000
v 0.14929999 -0.05115366 1.06247754
v 0.14929999 -0.05764214 1.05814209
v 0.14929999 -0.06357612 0.10988269
v 0.14929999 -0.06350000 0.10950000
v 0.14929999 -0.06379289 0.11020709
v 0.14929999 -0.06411732 0.11042389
v 0.14929999 -0.06594135 0.11053806
v 0.14929999 -0.06575000 0.11050000
v 0.14929999 -0.06575000 0.11150000
v 0.14929999 -0.06475000 0.11150000
v 0.14929999 -0.06475000 0.57650000
v 0.14929999 -0.06621194 0.11080865
v 0.14929999 -0.06610355 0.11064645
v 0.14929999 -0.12050000 0.18500000
v 0.14929999 -0.06625000 0.11100000
v 0.14929999 -0.06610355 0.11135355
v 0.14929999 -0.06594135 0.11146194
v 0.14929999 -0.06621194 0.11119135
v 0.14929999 -0.12050000 0.37000000
v 0.14929999 -0.06575000 1.04150000
v 0.14929999 -0.06475000 1.04150000
v 0.14929999 -0.06596694 1.04154956
v 0.14929999 -0.06411732 1.04257617
v 0.14929999 -0.06575000 1.04250000
v 0.14929999 -0.06596694 1.04245044
v 0.14929999 -0.06614091 1.04231177
v 0.14929999 -0.06614091 1.04168823
v 0.14929999 -0.12050000 0.74000000
v 0.14929999 -0.12050000 0.55500000
v 0.14929999 -0.06623746 1.04188879
v 0.14929999 -0.12050000 0.92500000
v 0.14929999 -0.06623746 1.04211121
v 0.02379998 -0.14950000 0.30400000
v 0.05104998 -0.15000000 0.30400000
v 0.02379998 -0.15050000 0.30400000
v 0.05104998 -0.15050000 0.30400000
v 0.05104998 -0.15025000 0.30400000
v 0.05104998 -0.14950000 0.30400000
v 0.06589923 -0.15000000 0.29784924
v 0.06589923 -0.15025000 0.29784924
v 0.05908635 -0.15025000 0.30240149
v 0.06589923 -0.14975000 0.29784924
v 0.05908635 -0.15000000 0.30240149
v 0.06589923 -0.14950000 0.29784924
v 0.05908635 -0.14975000 0.30240149
v 0.07045146 -0.15000000 0.29103638
v 0.07045146 -0.15025000 0.29103638
v 0.07045146 -0.14975000 0.29103638
v 0.07045146 -0.14950000 0.29103638
v 0.05104998 -0.15050000 0.30400000
v 0.05104998 -0.15025000 0.30400000
v 0.06589923 -0.15050000 0.29784924
v 0.05104998 -0.15000000 0.30400000
v 0.05104998 -0.14950000 0.30400000
v 0.05908635 -0.14950000 0.30240149
v 0.07045146 -0.15050000 0.29103638
v 0.07204999 -0.15000000 0.28300000
v 0.07204999 -0.15050000 0.28300000
v 0.07204999 -0.14950000 0.28300000
v 0.07204999 -0.14975000 0.28300000
v 0.14701639 -0.13198050 0.74000000
v 0.14872356 -0.12635271 0.74000000
v 0.14872356 -0.12635271 0.92500000
v 0.14701639 -0.13198050 0.92500000
v 0.14872356 -0.12635271 1.11000000
v 0.14701639 -0.13198050 0.37000000
v 0.14872356 -0.12635271 0.37000000
v 0.14872356 -0.12635271 0.55500000
v 0.14701639 -0.13198050 0.55500000
v 0.14701639 -0.13198050 0.00000000
v 0.14872356 -0.12635271 0.00000000
v 0.14872356 -0.12635271 0.18500000
v 0.14701639 -0.13198050 0.18500000
v 0.14701639 -0.13198050 1.11000000
v 0.14424408 -0.13716711 1.11000000
v 0.14424408 -0.13716711 0.74000000
v 0.14424408 -0.13716711 0.37000000
v 0.14424408 -0.13716711 0.00000000
v 0.14051320 -0.14171321 0.74000000
v 0.14051320 -0.14171321 0.37000000
v 0.14051320 -0.14171321 0.00000000
v 0.13596710 -0.14544409 0.74000000
v 0.14051320 -0.14171321 1.11000000
v 0.13596710 -0.14544409 0.37000000
v 0.13596710 -0.14544409 0.00000000
v 0.13078050 -0.14821638 0.92500000
v 0.13078050 -0.14821638 0.74000000
v 0.13596710 -0.14544409 1.11000000
v 0.13078050 -0.14821638 1.11000000
v 0.13078050 -0.14821638 0.55500000
v 0.13078050 -0.14821638 0.37000000
v 0.13078050 -0.14821638 0.18500000
v 0.13078050 -0.14821638 0.00000000
v 0.12515271 -0.14992355 0.74000000
v 0.12515271 -0.14992355 0.92500000
v 0.12515271 -0.14992355 0.37000000
v 0.12515271 -0.14992355 0.55500000
v 0.12515271 -0.14992355 0.00000000
v 0.12515271 -0.14992355 0.18500000
v 0.14929999 -0.12050000 0.92500000
v 0.14929999 -0.12050000 1.11000000
v 0.14929999 -0.12050000 0.74000000
v 0.14929999 -0.12050000 0.55500000
v 0.14929999 -0.12050000 0.18500000
v 0.14929999 -0.12050000 0.37000000
v 0.14929999 -0.12050000 0.00000000
v 0.12515271 -0.14992355 1.11000000
v 0.11929999 -0.15050000 1.11000000
v 0.11929999 -0.15050000 0.92500000
v 0.11929999 -0.15050000 0.74000000
v 0.11929999 -0.15050000 0.55500000
v 0.11929999 -0.15050000 0.37000000
v 0.11929999 -0.15050000 0.18500000
v 0.01231950 -0.14821638 0.84133337
v 0.01794729 -0.14992355 0.84133337
v 0.01794729 -0.14992355 0.97566663
v 0.01231950 -0.14821638 0.97566663
v 0.01794729 -0.14992355 1.11000000
v 0.01231950 -0.14821638 0.57266669
v 0.01794729 -0.14992355 0.57266669
v 0.01794729 -0.14992355 0.70700000
v 0.01231950 -0.14821638 0.70700000
v 0.01231950 -0.14821638 0.30400000
v 0.01794729 -0.14992355 0.30400000
v 0.01794729 -0.14992355 0.43833331
v 0.01231950 -0.14821638 0.43833331
v 0.01231950 -0.14821638 1.11000000
v 0.00713289 -0.14544409 1.11000000
v 0.00713289 -0.14544409 0.84133337
v 0.00713289 -0.14544409 0.57266669
v 0.00713289 -0.14544409 0.30400000
v 0.00258680 -0.14171321 0.84133337
v 0.00258680 -0.14171321 0.57266669
v 0.00258680 -0.14171321 0.30400000
v -0.00114409 -0.13716711 0.84133337
v 0.00258680 -0.14171321 1.11000000
v -0.00114409 -0.13716711 0.57266669
v -0.00114409 -0.13716711 0.30400000
v -0.00391637 -0.13198050 0.97566663
v -0.00391637 -0.13198050 0.84133337
v -0.00114409 -0.13716711 1.11000000
v -0.00391637 -0.13198050 1.11000000
v -0.00391637 -0.13198050 0.70700000
v -0.00391637 -0.13198050 0.57266669
v -0.00391637 -0.13198050 0.43833331
v -0.00391637 -0.13198050 0.30400000
v -0.00562355 -0.12635271 0.84133337
v -0.00562355 -0.12635271 0.97566663
v -0.00562355 -0.12635271 0.57266669
v -0.00562355 -0.12635271 0.70700000
v -0.00562355 -0.12635271 0.30400000
v -0.00562355 -0.12635271 0.43833331
v 0.02379998 -0.15050000 0.97566663
v 0.02379998 -0.15050000 1.11000000
v 0.02379998 -0.15050000 0.84133337
v 0.02379998 -0.15050000 0.70700000
v 0.02379998 -0.15050000 0.57266669
v 0.02379998 -0.15050000 0.30400000
v -0.00562355 -0.12635271 1.11000000
v -0.00620000 -0.12050000 1.11000000
v -0.00620000 -0.12050000 0.97566663
v -0.00620000 -0.12050000 0.84133337
v -0.00620000 -0.12050000 0.70700000
v -0.00620000 -0.12050000 0.57266669
v -0.00620000 -0.12050000 0.43833331
v 0.14829999 -0.06475000 0.11150000
v 0.14879999 -0.06575000 0.11150000
v 0.14829999 -0.06575000 0.11150000
v 0.14929999 -0.06575000 0.11150000
v 0.14929999 -0.06475000 0.11150000
v 0.14879999 -0.06610355 0.11135355
v 0.14829999 -0.06610355 0.11135355
v 0.14829999 -0.06594135 0.11146194
v 0.14879999 -0.06621194 0.11119135
v 0.14829999 -0.06621194 0.11119135
v 0.14879999 -0.06625000 0.11100000
v 0.14829999 -0.06625000 0.11100000
v 0.14879999 -0.06621194 0.11080865
v 0.14829999 -0.06621194 0.11080865
v 0.14879999 -0.06610355 0.11064645
v 0.14829999 -0.06610355 0.11064645
v 0.14879999 -0.06594135 0.11053806
v 0.14829999 -0.06594135 0.11053806
v 0.14879999 -0.06575000 0.11050000
v 0.14829999 -0.06575000 0.11050000
v 0.14879999 -0.06575000 0.11150000
v 0.14879999 -0.06594135 0.11146194
v 0.14929999 -0.06594135 0.11146194
v 0.14929999 -0.06575000 0.11150000
v 0.14929999 -0.06610355 0.11135355
v 0.14929999 -0.06621194 0.11119135
v 0.14929999 -0.06625000 0.11100000
v 0.14929999 -0.06610355 0.11064645
v 0.14929999 -0.06594135 0.11053806
v 0.14929999 -0.06621194 0.11080865
v 0.14716611 -0.06386611 0.11150000
v 0.14757164 -0.06359515 0.11150000
v 0.14893388 -0.06386611 0.11150000
v 0.14799437 -0.06450627 0.11150000
v 0.14689514 -0.06427164 0.11150000
v 0.14789412 -0.06455454 0.11150000
v 0.14810562 -0.06450627 0.11150000
v 0.14852835 -0.06359515 0.11150000
v 0.14804999 -0.06350000 0.11150000
v 0.14820587 -0.06455454 0.11150000
v 0.14782475 -0.06464153 0.11150000
v 0.14779999 -0.06475000 0.11150000
v 0.14679999 -0.06475000 0.11150000
v 0.14929999 -0.06475000 0.11150000
v 0.14827524 -0.06464153 0.11150000
v 0.14829999 -0.06475000 0.11150000
v 0.14689514 -0.06427164 0.57650000
v 0.14679999 -0.06475000 0.57650000
v 0.14679999 -0.06475000 1.04150000
v 0.14716611 -0.06386611 0.57650000
v 0.14689514 -0.06427164 1.04150000
v 0.14757164 -0.06359515 0.57650000
v 0.14716611 -0.06386611 1.04150000
v 0.14804999 -0.06350000 0.57650000
v 0.14757164 -0.06359515 1.04150000
v 0.14852835 -0.06359515 0.57650000
v 0.14804999 -0.06350000 1.04150000
v 0.14893388 -0.06386611 0.57650000
v 0.14852835 -0.06359515 1.04150000
v 0.14920485 -0.06427164 0.57650000
v 0.14893388 -0.06386611 1.04150000
v 0.14689514 -0.06427164 0.11150000
v 0.14679999 -0.06475000 0.11150000
v 0.14757164 -0.06359515 0.11150000
v 0.14716611 -0.06386611 0.11150000
v 0.14804999 -0.06350000 0.11150000
v 0.14893388 -0.06386611 0.11150000
v 0.14852835 -0.06359515 0.11150000
v 0.14920485 -0.06427164 1.04150000
v 0.14929999 -0.06475000 1.04150000
v 0.14929999 -0.06475000 0.11150000
v 0.14929999 -0.06475000 0.57650000
v -0.00379515 -0.00102165 0.70175000
v -0.00370000 -0.00150000 0.70175000
v -0.00370000 -0.00150000 0.32350000
v -0.00379515 -0.00102165 1.08000000
v -0.00370000 -0.00150000 1.08000000
v -0.00406612 -0.00061612 0.70175000
v -0.00379515 -0.00102165 0.32350000
v -0.00406612 -0.00061612 1.08000000
v -0.00447164 -0.00034515 0.70175000
v -0.00406612 -0.00061612 0.32350000
v -0.00447164 -0.00034515 1.08000000
v -0.00495000 -0.00025000 0.70175000
v -0.00447164 -0.00034515 0.32350000
v -0.00495000 -0.00025000 1.08000000
v -0.00542833 -0.00034515 0.70175000
v -0.00495000 -0.00025000 0.32350000
v -0.00542833 -0.00034515 1.08000000
v -0.00583388 -0.00061612 0.70175000
v -0.00542833 -0.00034515 0.32350000
v -0.00583388 -0.00061612 1.08000000
v -0.00610485 -0.00102165 0.70175000
v -0.00583388 -0.00061612 0.32350000
v -0.00610485 -0.00102165 1.08000000
v -0.00610485 -0.00102165 0.32350000
v -0.00620000 -0.00150000 0.32350000
v -0.00620000 -0.00150000 0.70175000
v 0.07429999 -0.14950000 0.03300000
v 0.07304999 -0.14950000 0.03300000
v 0.07304999 -0.14975000 0.03300000
v 0.07429999 -0.15000000 0.03300000
v 0.07304999 -0.15000000 0.03300000
v 0.07429999 -0.15050000 0.03300000
v 0.07304999 -0.15025000 0.03300000
v 0.07304999 -0.15050000 0.03300000
v 0.07465355 -0.15000000 0.03314645
v 0.07465355 -0.14950000 0.03314645
v 0.07449133 -0.14950000 0.03303806
v 0.07476193 -0.15000000 0.03330865
v 0.07476193 -0.14950000 0.03330865
v 0.07479999 -0.15000000 0.03350000
v 0.07479999 -0.14950000 0.03350000
v 0.07476193 -0.15000000 0.03369135
v 0.07476193 -0.14950000 0.03369135
v 0.07465355 -0.15000000 0.03385355
v 0.07465355 -0.14950000 0.03385355
v 0.07449133 -0.15000000 0.03396194
v 0.07449133 -0.14950000 0.03396194
v 0.07429999 -0.15000000 0.03300000
v 0.07449133 -0.15000000 0.03303806
v 0.07449133 -0.15050000 0.03303806
v 0.07429999 -0.15050000 0.03300000
v 0.07465355 -0.15050000 0.03314645
v 0.07476193 -0.15050000 0.03330865
v 0.07479999 -0.15050000 0.03350000
v 0.07429999 -0.14950000 0.03400000
v 0.07476193 -0.15050000 0.03369135
v 0.07429999 -0.15050000 0.03400000
v 0.07429999 -0.15000000 0.03400000
v 0.07465355 -0.15050000 0.03385355
v 0.07429999 -0.15000000 0.03400000
v 0.07429999 -0.15050000 0.03400000
v 0.07329999 -0.15050000 0.03400000
v 0.07429999 -0.14950000 0.03400000
v 0.07329999 -0.14950000 0.03400000
v 0.07429999 -0.15000000 0.27350000
v 0.07429999 -0.14950000 0.27350000
v 0.07329999 -0.14950000 0.27350000
v 0.07429999 -0.15050000 0.27350000
v 0.07329999 -0.15050000 0.27350000
v 0.07465355 -0.15000000 0.27364642
v 0.07465355 -0.14950000 0.27364642
v 0.07449133 -0.14950000 0.27353809
v 0.07476193 -0.15000000 0.27380865
v 0.07476193 -0.14950000 0.27380865
v 0.07479999 -0.15000000 0.27400000
v 0.07479999 -0.14950000 0.27400000
v 0.07476193 -0.15000000 0.27419135
v 0.07476193 -0.14950000 0.27419135
v 0.07465355 -0.15000000 0.27435358
v 0.07465355 -0.14950000 0.27435358
v 0.07449133 -0.15000000 0.27446191
v 0.07449133 -0.14950000 0.27446191
v 0.07429999 -0.15000000 0.27350000
v 0.07449133 -0.15000000 0.27353809
v 0.07449133 -0.15050000 0.27353809
v 0.07429999 -0.15050000 0.27350000
v 0.07465355 -0.15050000 0.27364642
v 0.07476193 -0.15050000 0.27380865
v 0.07479999 -0.15050000 0.27400000
v 0.07429999 -0.14950000 0.27450000
v 0.07476193 -0.15050000 0.27419135
v 0.07429999 -0.15050000 0.27450000
v 0.07429999 -0.15000000 0.27450000
v 0.07465355 -0.15050000 0.27435358
v 0.07429999 -0.14950000 0.27450000
v 0.07304999 -0.14975000 0.27450000
v 0.07304999 -0.14950000 0.27450000
v 0.07429999 -0.15000000 0.27450000
v 0.07304999 -0.15025000 0.27450000
v 0.07304999 -0.15000000 0.27450000
v 0.07429999 -0.15050000 0.27450000
v 0.07304999 -0.15050000 0.27450000
v 0.07329999 -0.14900000 0.27350000
v 0.08104999 -0.14900000 0.27350000
v 0.08104999 -0.14875000 0.27350000
v 0.08104999 -0.14850000 0.27350000
v 0.08104999 -0.14825000 0.27350000
v 0.07329999 -0.14800000 0.27350000
v 0.08104999 -0.14800000 0.27350000
v 0.07306903 -0.14934567 0.03400000
v 0.07282164 -0.15040485 0.03400000
v 0.07241611 -0.15013388 0.03400000
v 0.07304999 -0.14925000 0.03400000
v 0.07214514 -0.14972835 0.03400000
v 0.07241611 -0.14836612 0.03400000
v 0.07312321 -0.14942677 0.03400000
v 0.07320433 -0.14948097 0.03400000
v 0.07329999 -0.14950000 0.03400000
v 0.07329999 -0.15050000 0.03400000
v 0.07204999 -0.14925000 0.03400000
v 0.07214514 -0.14877165 0.03400000
v 0.07306903 -0.14915433 0.03400000
v 0.07312321 -0.14907323 0.03400000
v 0.07329999 -0.14800000 0.03400000
v 0.07329999 -0.14900000 0.03400000
v 0.07241611 -0.14836612 0.27350000
v 0.07241611 -0.15013388 0.27350000
v 0.07304999 -0.14925000 0.27350000
v 0.07214514 -0.14972835 0.27350000
v 0.07204999 -0.14925000 0.27350000
v 0.07214514 -0.14877165 0.27350000
v 0.07306903 -0.14934567 0.27350000
v 0.07312321 -0.14942677 0.27350000
v 0.07329999 -0.15050000 0.27350000
v 0.07329999 -0.14950000 0.27350000
v 0.07306903 -0.14915433 0.27350000
v 0.07282164 -0.14809515 0.27350000
v 0.07312321 -0.14907323 0.27350000
v 0.07320433 -0.14901903 0.27350000
v 0.07329999 -0.14900000 0.27350000
v 0.07329999 -0.14800000 0.27350000
v 0.07329999 -0.14800000 0.15375000
v 0.07329999 -0.14800000 0.03400000
v 0.07282164 -0.14809515 0.15375000
v 0.07241611 -0.14836612 0.03400000
v 0.07282164 -0.14809515 0.27350000
v 0.07329999 -0.14800000 0.27350000
v 0.07241611 -0.14836612 0.15375000
v 0.07214514 -0.14877165 0.03400000
v 0.07214514 -0.14877165 0.15375000
v 0.07204999 -0.14925000 0.03400000
v 0.07214514 -0.14877165 0.27350000
v 0.07241611 -0.14836612 0.27350000
v 0.07204999 -0.14925000 0.15375000
v 0.07214514 -0.14972835 0.03400000
v 0.07214514 -0.14972835 0.15375000
v 0.07241611 -0.15013388 0.03400000
v 0.07214514 -0.14972835 0.27350000
v 0.07204999 -0.14925000 0.27350000
v 0.07282164 -0.15040485 0.03400000
v 0.07282164 -0.15040485 0.15375000
v 0.07241611 -0.15013388 0.15375000
v 0.07329999 -0.15050000 0.03400000
v 0.07329999 -0.15050000 0.15375000
v 0.07329999 -0.15050000 0.27350000
v 0.07241611 -0.15013388 0.27350000
v 0.07329999 -0.14900000 0.15375000
v 0.07320433 -0.14901903 0.15375000
v 0.07329999 -0.14900000 0.03400000
v 0.07312321 -0.14907323 0.03400000
v 0.07329999 -0.14900000 0.27350000
v 0.07306903 -0.14915433 0.03400000
v 0.07312321 -0.14907323 0.15375000
v 0.07306903 -0.14915433 0.15375000
v 0.07304999 -0.14925000 0.15375000
v 0.07304999 -0.14925000 0.03400000
v 0.07320433 -0.14901903 0.27350000
v 0.07312321 -0.14907323 0.27350000
v 0.07306903 -0.14915433 0.27350000
v 0.07304999 -0.14925000 0.27350000
v 0.07306903 -0.14934567 0.03400000
v 0.07306903 -0.14934567 0.15375000
v 0.07312321 -0.14942677 0.15375000
v 0.07312321 -0.14942677 0.03400000
v 0.07320433 -0.14948097 0.03400000
v 0.07329999 -0.14950000 0.03400000
v 0.07320433 -0.14948097 0.15375000
v 0.07306903 -0.14934567 0.27350000
v 0.07312321 -0.14942677 0.27350000
v 0.07329999 -0.14950000 0.27350000
v 0.07329999 -0.14950000 0.15375000
v 0.07234290 -0.14975000 0.27479291
v 0.07212611 -0.14975000 0.27511731
v 0.07212611 -0.14950000 0.27511731
v 0.07234290 -0.15000000 0.27479291
v 0.07212611 -0.15000000 0.27511731
v 0.07234290 -0.15025000 0.27479291
v 0.07212611 -0.15025000 0.27511731
v 0.07266731 -0.14975000 0.27457611
v 0.07234290 -0.14950000 0.27479291
v 0.07266731 -0.15000000 0.27457611
v 0.07266731 -0.15025000 0.27457611
v 0.07204999 -0.14975000 0.27550000
v 0.07204999 -0.14950000 0.27550000
v 0.07204999 -0.15000000 0.27550000
v 0.07204999 -0.15050000 0.27550000
v 0.07212611 -0.15050000 0.27511731
v 0.07266731 -0.14950000 0.27457611
v 0.07304999 -0.14950000 0.27450000
v 0.07304999 -0.14975000 0.27450000
v 0.07304999 -0.15050000 0.27450000
v 0.07234290 -0.15050000 0.27479291
v 0.07304999 -0.15000000 0.27450000
v 0.07304999 -0.15025000 0.27450000
v 0.08175710 -0.14875000 0.27320709
v 0.08143268 -0.14875000 0.27342389
v 0.08143268 -0.14900000 0.27342389
v 0.08175710 -0.14850000 0.27320709
v 0.08143268 -0.14850000 0.27342389
v 0.08175710 -0.14825000 0.27320709
v 0.08143268 -0.14825000 0.27342389
v 0.08175710 -0.14800000 0.27320709
v 0.08143268 -0.14800000 0.27342389
v 0.08197388 -0.14875000 0.27288269
v 0.08175710 -0.14900000 0.27320709
v 0.08197388 -0.14850000 0.27288269
v 0.08197388 -0.14825000 0.27288269
v 0.08197388 -0.14800000 0.27288269
v 0.08204999 -0.14875000 0.27250000
v 0.08197388 -0.14900000 0.27288269
v 0.08204999 -0.14850000 0.27250000
v 0.08204999 -0.14825000 0.27250000
v 0.08204999 -0.14800000 0.27250000
v 0.08104999 -0.14875000 0.27350000
v 0.08104999 -0.14900000 0.27350000
v 0.08104999 -0.14825000 0.27350000
v 0.08104999 -0.14850000 0.27350000
v 0.08104999 -0.14800000 0.27350000
v 0.07234290 -0.14975000 0.03270709
v 0.07266731 -0.14975000 0.03292389
v 0.07266731 -0.14950000 0.03292389
v 0.07234290 -0.15000000 0.03270709
v 0.07266731 -0.15000000 0.03292389
v 0.07234290 -0.15025000 0.03270709
v 0.07266731 -0.15025000 0.03292389
v 0.07212611 -0.14975000 0.03238269
v 0.07234290 -0.14950000 0.03270709
v 0.07212611 -0.15000000 0.03238269
v 0.07212611 -0.15025000 0.03238269
v 0.07204999 -0.14975000 0.03200000
v 0.07212611 -0.14950000 0.03238269
v 0.07204999 -0.15000000 0.03200000
v 0.07204999 -0.15025000 0.03200000
v 0.07304999 -0.14975000 0.03300000
v 0.07304999 -0.14950000 0.03300000
v 0.07304999 -0.15025000 0.03300000
v 0.07304999 -0.15000000 0.03300000
v 0.07304999 -0.15050000 0.03300000
v 0.07234290 -0.15050000 0.03270709
v 0.07266731 -0.15050000 0.03292389
v 0.07204999 -0.15050000 0.03200000
v 0.07204999 -0.14950000 0.28300000
v 0.11929999 -0.15050000 0.00000000
v -0.00620000 -0.12050000 0.30400000
v 0.14829999 -0.06575000 0.11150000
v 0.14929999 -0.06575000 0.11050000
v -0.00620000 -0.00150000 1.08000000
v 0.07429999 -0.14950000 0.03300000
v 0.07429999 -0.14950000 0.27350000
v 0.08204999 -0.14900000 0.27250000
v 0.07204999 -0.14950000 0.03200000
f 1 2 3
f 4 5 2
f 6 7 5
f 8 9 7
f 10 1 11
f 12 4 1
f 13 6 4
f 14 8 6
f 15 16 3
f 17 15 2
f 18 19 7
f 5 7 19
f 10 20 21
f 12 10 22
f 14 13 23
f 24 23 13
f 25 26 27
f 28 26 25
f 29 30 28
f 30 29 31
f 25 29 28
f 32 33 34
f 35 36 33
f 37 38 36
f 39 40 38
f 41 32 42
f 43 35 32
f 44 37 35
f 45 39 37
f 46 47 34
f 48 46 33
f 49 50 38
f 36 38 50
f 41 51 52
f 43 41 53
f 45 44 54
f 55 54 44
f 56 57 58
f 56 58 59
f 60 61 59
f 56 59 61
f 60 62 61
f 63 64 65
f 66 67 68
f 69 70 67
f 71 68 64
f 1 3 11
f 4 2 1
f 6 5 4
f 8 7 6
f 10 11 20
f 12 1 10
f 13 4 12
f 14 6 13
f 15 3 2
f 17 2 5
f 18 7 9
f 5 19 17
f 10 21 22
f 12 22 24
f 14 23 72
f 24 13 12
f 32 34 42
f 35 33 32
f 37 36 35
f 39 38 37
f 41 42 51
f 43 32 41
f 44 35 43
f 45 37 44
f 46 34 33
f 48 33 36
f 49 38 40
f 36 50 48
f 41 52 53
f 43 53 55
f 45 54 73
f 55 44 43
f 63 65 74
f 66 68 71
f 69 67 66
f 71 64 63
f 75 76 77
f 76 75 78
f 75 77 79
f 80 81 75
f 75 82 83
f 75 83 80
f 79 82 75
f 81 84 85
f 86 87 85
f 85 88 86
f 88 85 89
f 90 89 85
f 85 91 90
f 91 85 92
f 92 85 84
f 81 93 94
f 95 96 93
f 96 95 97
f 97 98 96
f 96 99 100
f 96 101 102
f 100 101 96
f 98 99 96
f 94 93 96
f 103 104 105
f 106 104 103
f 94 104 106
f 107 104 108
f 109 104 110
f 107 110 104
f 105 104 109
f 104 94 96
f 111 112 113
f 114 115 116
f 117 114 118
f 119 117 120
f 121 119 120
f 122 121 123
f 124 122 125
f 126 127 128
f 129 118 130
f 118 129 120
f 130 116 126
f 115 131 126
f 127 126 131
f 132 133 120
f 134 123 133
f 135 125 134
f 136 125 135
f 124 125 137
f 136 137 125
f 138 139 140
f 141 138 142
f 143 141 142
f 144 143 145
f 146 144 147
f 148 146 147
f 140 149 150
f 151 142 152
f 142 151 153
f 152 154 150
f 139 155 140
f 149 140 155
f 156 157 145
f 158 147 156
f 159 160 147
f 161 160 159
f 148 160 162
f 161 162 160
f 163 164 165
f 166 167 168
f 169 170 171
f 172 169 173
f 174 172 175
f 176 174 175
f 177 176 178
f 179 177 180
f 171 181 182
f 183 184 173
f 184 183 175
f 185 173 171
f 170 186 171
f 181 171 186
f 187 178 188
f 189 180 178
f 190 191 189
f 192 191 190
f 179 191 193
f 192 193 191
f 194 195 196
f 197 194 198
f 199 197 200
f 201 199 200
f 202 201 203
f 204 202 205
f 206 207 208
f 209 198 210
f 198 209 211
f 210 196 208
f 195 212 206
f 207 206 212
f 213 203 211
f 214 215 203
f 216 205 214
f 217 205 216
f 204 205 218
f 217 218 205
f 219 220 221
f 81 85 75
f 81 94 84
f 111 113 222
f 115 126 116
f 114 116 118
f 117 118 120
f 121 120 133
f 121 133 123
f 122 123 125
f 118 116 130
f 129 223 120
f 130 126 128
f 132 120 223
f 134 133 132
f 125 123 134
f 138 140 154
f 138 154 142
f 143 142 145
f 144 145 157
f 144 157 147
f 148 147 160
f 142 154 152
f 142 153 145
f 154 140 150
f 156 145 153
f 147 157 156
f 159 147 158
f 163 165 224
f 166 168 225
f 169 171 173
f 172 173 184
f 172 184 175
f 176 175 178
f 177 178 180
f 179 180 191
f 183 173 185
f 183 188 175
f 185 171 182
f 178 175 188
f 189 178 187
f 191 180 189
f 195 206 196
f 194 196 198
f 197 198 200
f 201 200 203
f 202 203 215
f 202 215 205
f 198 196 210
f 198 211 200
f 196 206 208
f 203 200 211
f 214 203 213
f 205 215 214
f 219 221 226
f 227 228 229
f 230 227 231
f 227 229 232
f 227 232 231
f 233 234 235
f 236 237 238
f 238 234 236
f 236 239 237
f 233 236 234
f 240 241 242
f 243 240 244
f 245 243 246
f 247 245 248
f 249 247 250
f 251 249 252
f 253 254 242
f 240 255 256
f 241 256 257
f 258 243 245
f 243 258 255
f 249 259 260
f 251 261 262
f 251 263 259
f 247 260 264
f 265 266 263
f 267 268 269
f 270 267 271
f 272 270 273
f 274 272 275
f 276 274 277
f 278 276 279
f 280 281 269
f 267 282 283
f 268 283 284
f 270 285 282
f 285 270 272
f 274 286 287
f 288 289 278
f 276 290 286
f 291 278 289
f 290 278 291
f 276 278 290
f 292 293 294
f 295 293 296
f 292 297 298
f 294 297 292
f 299 298 297
f 296 300 295
f 300 301 302
f 298 303 304
f 305 292 298
f 298 306 305
f 293 295 294
f 298 307 303
f 308 309 310
f 310 311 312
f 313 311 299
f 311 313 312
f 297 314 299
f 299 311 307
f 308 315 309
f 309 316 317
f 315 316 309
f 318 317 319
f 311 310 309
f 307 298 299
f 301 320 302
f 321 322 320
f 323 295 302
f 302 295 300
f 302 324 325
f 301 321 320
f 326 320 327
f 320 322 327
f 302 325 323
f 304 328 298
f 329 330 298
f 331 298 328
f 316 332 317
f 319 333 318
f 334 335 336
f 337 334 336
f 319 317 332
f 319 336 333
f 336 335 333
f 330 306 298
f 338 339 340
f 341 338 342
f 343 341 344
f 345 343 346
f 347 345 348
f 349 347 350
f 351 340 352
f 353 344 342
f 344 353 354
f 355 342 340
f 356 352 340
f 357 348 346
f 358 350 348
f 359 360 350
f 361 362 360
f 362 363 349
f 364 365 366
f 367 364 368
f 369 367 370
f 371 369 372
f 373 371 374
f 375 373 376
f 366 377 378
f 379 370 368
f 370 379 380
f 381 368 366
f 365 382 366
f 377 366 382
f 383 374 372
f 384 376 374
f 385 386 376
f 387 388 386
f 388 389 375
f 390 391 392
f 392 393 390
f 391 390 394
f 395 396 397
f 398 399 396
f 400 395 401
f 402 398 395
f 403 400 404
f 405 402 400
f 406 403 407
f 408 405 403
f 409 406 410
f 411 408 406
f 412 409 413
f 414 411 409
f 415 412 416
f 417 414 412
f 418 415 419
f 417 415 420
f 418 420 415
f 421 422 423
f 424 425 422
f 426 427 425
f 428 429 427
f 430 431 429
f 432 433 431
f 434 435 433
f 436 437 435
f 421 438 439
f 426 424 440
f 424 421 441
f 428 426 442
f 432 430 443
f 436 434 444
f 434 432 445
f 430 428 446
f 447 448 449
f 450 451 448
f 452 447 453
f 454 450 447
f 455 452 456
f 457 454 452
f 458 455 459
f 460 457 455
f 461 458 462
f 463 460 458
f 464 461 465
f 466 463 461
f 467 464 468
f 469 466 464
f 467 470 471
f 469 467 472
f 473 474 475
f 476 477 474
f 478 479 477
f 480 473 481
f 482 476 473
f 483 478 476
f 484 480 485
f 486 482 480
f 487 483 482
f 488 489 475
f 490 491 477
f 474 477 491
f 492 490 479
f 493 478 483
f 478 493 494
f 483 495 493
f 483 487 495
f 496 497 498
f 499 500 497
f 501 502 500
f 503 496 504
f 505 499 496
f 506 501 499
f 507 503 508
f 509 505 503
f 510 506 505
f 501 511 512
f 506 513 511
f 506 510 513
f 509 507 514
f 515 514 507
f 516 517 510
f 510 517 518
f 513 510 518
f 519 520 521
f 522 523 524
f 524 523 521
f 524 525 522
f 526 527 528
f 529 528 530
f 529 524 528
f 524 521 531
f 529 525 524
f 531 521 520
f 532 533 520
f 534 520 533
f 535 532 536
f 520 536 532
f 535 536 537
f 538 539 533
f 539 540 541
f 540 539 538
f 542 535 537
f 539 534 533
f 534 531 520
f 543 542 537
f 530 528 544
f 540 545 546
f 528 527 544
f 546 541 540
f 547 548 527
f 549 548 547
f 549 550 548
f 551 548 550
f 527 526 547
f 552 553 554
f 555 556 537
f 543 537 556
f 552 554 557
f 553 543 556
f 554 558 559
f 554 553 556
f 560 556 561
f 556 555 561
f 559 557 554
f 562 563 564
f 565 564 563
f 566 567 565
f 563 566 565
f 567 566 568
f 569 570 571
f 572 571 570
f 569 562 573
f 564 573 562
f 570 569 573
f 574 575 568
f 576 574 577
f 568 577 574
f 578 576 577
f 576 578 579
f 580 579 578
f 581 580 582
f 583 581 582
f 579 580 581
f 584 585 586
f 587 586 585
f 588 572 587
f 585 588 587
f 589 590 591
f 592 584 589
f 590 589 584
f 586 590 584
f 593 583 594
f 583 582 594
f 595 593 596
f 594 596 593
f 597 595 596
f 598 597 599
f 600 601 598
f 597 598 601
f 595 597 601
f 572 588 571
f 228 602 229
f 230 231 603
f 239 604 237
f 240 242 244
f 243 244 246
f 245 246 248
f 247 248 250
f 249 250 252
f 251 252 261
f 253 242 241
f 240 256 241
f 241 257 253
f 258 245 264
f 243 255 240
f 249 260 247
f 251 262 265
f 251 259 249
f 247 264 245
f 265 263 251
f 267 269 271
f 270 271 273
f 272 273 275
f 274 275 277
f 276 277 279
f 278 279 605
f 280 269 268
f 267 283 268
f 268 284 280
f 270 282 267
f 285 272 287
f 274 287 272
f 288 278 605
f 276 286 274
f 338 340 342
f 341 342 344
f 343 344 346
f 345 346 348
f 347 348 350
f 349 350 360
f 351 352 606
f 353 342 355
f 344 354 346
f 355 340 351
f 356 340 339
f 357 346 354
f 358 348 357
f 359 350 358
f 361 360 359
f 362 349 360
f 364 366 368
f 367 368 370
f 369 370 372
f 371 372 374
f 373 374 376
f 375 376 386
f 379 368 381
f 370 380 372
f 381 366 378
f 383 372 380
f 384 374 383
f 385 376 384
f 387 386 385
f 388 375 386
f 395 397 401
f 398 396 395
f 400 401 404
f 402 395 400
f 403 404 407
f 405 400 403
f 406 407 410
f 408 403 406
f 409 410 413
f 411 406 409
f 412 413 416
f 414 409 412
f 415 416 419
f 417 412 415
f 421 423 438
f 424 422 421
f 426 425 424
f 428 427 426
f 430 429 428
f 432 431 430
f 434 433 432
f 436 435 434
f 421 439 441
f 426 440 442
f 424 441 440
f 428 442 446
f 432 443 445
f 436 444 607
f 434 445 444
f 430 446 443
f 447 449 453
f 450 448 447
f 452 453 456
f 454 447 452
f 455 456 459
f 457 452 455
f 458 459 462
f 460 455 458
f 461 462 465
f 463 458 461
f 464 465 468
f 466 461 464
f 467 468 470
f 469 464 467
f 467 471 472
f 469 472 608
f 473 475 481
f 476 474 473
f 478 477 476
f 480 481 485
f 482 473 480
f 483 476 482
f 484 485 609
f 486 480 484
f 487 482 486
f 488 475 474
f 490 477 479
f 474 491 488
f 492 479 494
f 478 494 479
f 496 498 504
f 499 497 496
f 501 500 499
f 503 504 508
f 505 496 503
f 506 499 505
f 507 508 610
f 509 503 507
f 510 505 509
f 501 512 502
f 506 511 501
f 509 514 516
f 515 507 610
f 516 510 509
f 567 568 575
f 611 612 613
f 614 615 616
f 617 618 612
f 617 616 618
f 619 620 621
f 622 623 620
f 624 625 622
f 626 627 624
f 628 629 627
f 630 631 628
f 632 633 634
f 619 633 635
f 636 635 632
f 622 619 637
f 638 639 622
f 626 624 640
f 641 631 630
f 628 626 642
f 643 644 630
f 641 630 644
f 630 628 643
f 645 646 647
f 648 649 645
f 650 651 648
f 652 653 651
f 654 655 652
f 656 657 654
f 658 659 660
f 645 659 661
f 659 658 661
f 662 663 648
f 648 645 662
f 654 652 664
f 665 657 656
f 652 650 666
f 667 668 669
f 656 654 667
f 670 671 672
f 673 674 671
f 675 676 674
f 677 678 676
f 679 680 678
f 681 682 679
f 683 672 684
f 670 683 685
f 673 670 686
f 687 683 684
f 685 683 687
f 675 673 688
f 679 677 689
f 681 690 682
f 691 690 681
f 681 679 692
f 677 675 693
f 681 692 691
f 694 695 696
f 697 698 696
f 694 696 698
f 699 700 701
f 702 703 700
f 700 703 701
f 704 705 706
f 707 708 704
f 709 710 708
f 711 704 712
f 713 707 711
f 714 709 707
f 715 716 706
f 706 717 718
f 706 705 719
f 708 720 719
f 719 705 708
f 720 708 710
f 718 721 712
f 712 722 723
f 724 712 723
f 724 713 711
f 714 713 725
f 724 725 713
f 724 711 712
f 726 727 728
f 729 730 727
f 731 732 729
f 733 726 734
f 735 729 726
f 736 731 729
f 728 737 738
f 728 738 739
f 740 737 728
f 741 740 730
f 741 730 732
f 727 740 728
f 742 734 739
f 743 733 734
f 742 744 734
f 744 743 734
f 736 735 745
f 743 746 733
f 747 748 749
f 750 751 752
f 752 753 749
f 749 753 747
f 750 754 751
f 755 756 757
f 758 759 760
f 760 761 757
f 757 761 755
f 758 762 759
f 763 764 765
f 766 767 763
f 768 769 766
f 770 763 771
f 772 766 763
f 773 768 772
f 774 775 776
f 765 776 777
f 765 764 774
f 767 778 779
f 779 764 767
f 778 767 769
f 780 771 781
f 782 770 771
f 780 783 771
f 783 782 771
f 773 772 784
f 782 784 770
f 785 786 787
f 788 789 785
f 790 791 789
f 792 785 793
f 794 788 785
f 795 790 788
f 796 797 798
f 787 798 799
f 787 786 796
f 800 801 789
f 800 789 791
f 802 803 793
f 804 792 803
f 802 805 803
f 805 804 803
f 795 794 806
f 804 807 792
f 808 809 810
f 811 812 809
f 813 814 812
f 815 808 816
f 817 811 808
f 818 813 811
f 819 815 820
f 821 817 815
f 822 818 817
f 823 824 825
f 810 825 826
f 810 809 827
f 828 827 809
f 829 828 812
f 816 826 830
f 831 832 820
f 833 834 835
f 836 837 838
f 839 838 840
f 836 841 842
f 836 842 837
f 843 844 845
f 846 847 845
f 843 845 847
f 848 849 850
f 851 852 848
f 853 854 852
f 855 848 856
f 857 851 848
f 858 853 857
f 859 860 861
f 850 861 862
f 850 849 859
f 852 863 864
f 864 849 852
f 863 852 854
f 865 856 862
f 866 867 865
f 867 868 855
f 857 855 869
f 858 857 869
f 870 871 872
f 873 870 874
f 875 873 876
f 877 875 876
f 878 877 879
f 880 878 881
f 882 883 884
f 885 872 886
f 887 874 885
f 884 871 882
f 874 887 888
f 889 890 876
f 891 881 892
f 881 891 893
f 892 879 890
f 880 881 894
f 893 894 881
f 895 896 897
f 898 899 900
f 900 901 897
f 897 901 895
f 898 902 899
f 903 904 905
f 906 907 908
f 909 910 906
f 911 912 910
f 913 906 914
f 915 909 913
f 916 911 909
f 917 918 919
f 908 919 920
f 908 907 917
f 921 922 910
f 921 910 912
f 923 924 914
f 925 913 924
f 923 926 924
f 926 925 924
f 916 915 927
f 925 928 915
f 929 930 931
f 932 929 933
f 934 932 933
f 935 934 936
f 937 935 936
f 938 937 939
f 940 938 941
f 942 943 944
f 945 933 946
f 946 931 944
f 930 947 942
f 943 942 947
f 933 945 948
f 949 936 950
f 951 952 939
f 953 941 952
f 954 939 936
f 955 956 957
f 958 959 956
f 960 959 958
f 955 958 956
f 961 962 963
f 964 965 961
f 966 967 965
f 968 969 967
f 970 971 968
f 972 973 970
f 974 963 975
f 961 974 976
f 964 961 977
f 978 974 975
f 976 974 978
f 966 964 979
f 970 968 980
f 972 981 973
f 982 981 972
f 972 970 983
f 968 966 984
f 972 983 982
f 985 986 987
f 988 986 989
f 986 985 989
f 990 986 988
f 991 986 992
f 993 986 991
f 990 994 986
f 994 990 995
f 987 986 993
f 996 986 994
f 995 990 997
f 990 998 997
f 990 999 1000
f 990 1001 999
f 1000 998 990
f 1002 1003 1004
f 1004 1003 996
f 1005 1006 1007
f 1008 1002 1006
f 986 996 1009
f 1001 990 1010
f 1008 1006 1005
f 1011 1012 1009
f 1011 1009 1013
f 1014 1013 1009
f 1014 1009 1015
f 1015 1009 1016
f 1016 1009 1017
f 1009 1018 1017
f 1018 1009 1019
f 1019 1009 1020
f 1020 1009 1021
f 1022 1021 1023
f 1024 1021 1009
f 1003 1024 996
f 1021 1022 1020
f 1025 1022 1026
f 1023 1026 1022
f 1027 1025 1026
f 1025 1028 1029
f 1025 1027 1028
f 1030 1025 1029
f 1024 1009 996
f 1003 1002 1008
f 1031 1005 1007
f 1032 1033 1007
f 1010 1034 1035
f 1035 1036 1010
f 1037 1032 1038
f 1039 1037 1040
f 1041 1037 1039
f 1032 1037 1033
f 1042 1037 1041
f 1040 1037 1038
f 1043 1033 1037
f 1044 1045 1010
f 1046 1047 1048
f 1047 1044 1048
f 1047 1046 1049
f 1050 1051 1052
f 1045 1052 1051
f 1053 1050 1052
f 1047 1052 1044
f 1034 1010 1045
f 1010 1036 1001
f 1054 1055 1043
f 1056 1043 1057
f 1043 1056 1054
f 1055 1033 1043
f 1033 1031 1007
f 1025 1058 1059
f 1060 1058 1025
f 1061 1060 1025
f 1062 1057 1043
f 1063 1064 1065
f 1063 1066 1067
f 1065 1066 1063
f 1063 1068 1069
f 1070 1069 1068
f 1069 1059 1064
f 1071 1072 1068
f 1070 1068 1072
f 1030 1061 1025
f 611 613 1073
f 614 616 617
f 617 612 611
f 619 621 633
f 622 620 619
f 625 623 622
f 627 625 624
f 628 627 626
f 631 629 628
f 633 621 634
f 619 635 637
f 635 633 632
f 622 637 638
f 639 624 622
f 624 639 640
f 626 640 642
f 628 642 643
f 645 647 659
f 649 646 645
f 651 649 648
f 652 651 650
f 655 653 652
f 657 655 654
f 659 647 660
f 645 661 1074
f 658 1075 661
f 663 650 648
f 645 1074 662
f 652 666 664
f 665 656 669
f 650 663 666
f 667 669 656
f 654 664 667
f 670 672 683
f 673 671 670
f 675 674 673
f 677 676 675
f 679 678 677
f 682 680 679
f 670 685 686
f 673 686 688
f 675 688 693
f 679 689 1076
f 679 1076 692
f 677 693 689
f 699 701 1077
f 704 706 718
f 708 705 704
f 709 708 707
f 704 718 712
f 707 704 711
f 714 707 713
f 716 717 706
f 717 721 718
f 706 719 715
f 721 722 712
f 726 728 1078
f 729 727 726
f 732 730 729
f 726 1078 734
f 735 726 733
f 736 729 735
f 728 739 1078
f 740 727 730
f 734 1078 739
f 735 746 745
f 746 735 733
f 751 753 752
f 759 761 760
f 763 765 781
f 767 764 763
f 769 767 766
f 763 781 771
f 772 763 770
f 768 766 772
f 774 776 765
f 765 777 781
f 764 779 774
f 780 781 777
f 773 784 1079
f 784 772 770
f 785 787 793
f 789 786 785
f 790 789 788
f 792 793 803
f 794 785 792
f 795 788 794
f 796 798 787
f 787 799 793
f 786 801 796
f 801 786 789
f 802 793 799
f 794 807 806
f 807 794 792
f 808 810 816
f 811 809 808
f 813 812 811
f 815 816 820
f 817 808 815
f 818 811 817
f 819 820 832
f 821 815 819
f 822 817 821
f 823 825 810
f 810 826 816
f 810 827 823
f 828 809 812
f 829 812 814
f 816 830 820
f 831 820 830
f 833 835 1080
f 837 840 838
f 848 850 1081
f 852 849 848
f 853 852 851
f 848 1081 856
f 857 848 855
f 853 851 857
f 859 861 850
f 850 862 1081
f 849 864 859
f 856 1081 862
f 867 856 865
f 867 855 856
f 855 868 869
f 858 869 1082
f 871 884 872
f 870 872 874
f 873 874 876
f 877 876 890
f 877 890 879
f 878 879 881
f 883 886 884
f 872 884 886
f 874 872 885
f 871 1083 882
f 874 888 876
f 889 876 888
f 881 879 892
f 892 890 889
f 899 901 900
f 903 905 1084
f 906 908 914
f 910 907 906
f 911 910 909
f 913 914 924
f 909 906 913
f 916 909 915
f 917 919 908
f 908 920 914
f 907 922 917
f 922 907 910
f 923 914 920
f 915 928 927
f 925 915 913
f 930 942 931
f 929 931 933
f 934 933 948
f 934 948 936
f 937 936 939
f 938 939 952
f 938 952 941
f 933 931 946
f 931 942 944
f 945 950 948
f 936 948 950
f 951 939 954
f 953 952 951
f 954 936 949
f 961 963 974
f 965 962 961
f 966 965 964
f 968 967 966
f 971 969 968
f 973 971 970
f 961 976 977
f 964 977 979
f 966 979 984
f 968 1085 980
f 970 980 983
f 968 984 1085
f 1052 1045 1044
f 1063 1069 1064
f 1059 1058 1064
f 1086 1087 1088
f 1089 1090 1091
f 1092 1091 1087
f 1093 1094 1095
f 1096 1097 1094
f 1098 1099 1096
f 1100 1101 1098
f 1102 1103 1104
f 1105 1104 1106
f 1098 1101 1099
f 1101 1107 1108
f 1102 1104 1099
f 1106 1104 1103
f 1109 1096 1099
f 1110 1101 1100
f 1111 1095 1094
f 1097 1112 1111
f 1097 1113 1112
f 1113 1114 1112
f 1114 1113 1115
f 1116 1104 1117
f 1105 1117 1104
f 1094 1097 1111
f 1096 1109 1097
f 1109 1099 1104
f 1107 1118 1119
f 1110 1107 1101
f 1108 1107 1120
f 1107 1121 1120
f 1107 1122 1121
f 1123 1107 1119
f 1123 1124 1107
f 1110 1118 1107
f 1125 1118 1110
f 1126 1127 1118
f 1127 1126 1128
f 1128 1126 1129
f 1118 1125 1126
f 1107 1124 1130
f 1122 1107 1131
f 1132 1126 1133
f 1126 1132 1134
f 1135 1133 1136
f 1137 1133 1135
f 1138 1137 1135
f 1139 1138 1135
f 1139 1135 1140
f 1126 1136 1133
f 1126 1134 1129
f 1141 1142 1143
f 1143 1144 1141
f 1145 1146 1144
f 1147 1144 1143
f 1148 1147 1149
f 1150 1147 1148
f 1151 1146 1145
f 1150 1145 1144
f 1147 1150 1144
f 1152 1153 1146
f 1154 1152 1146
f 1155 1156 1153
f 1153 1156 1146
f 1157 1156 1155
f 1151 1154 1146
f 1158 1159 1160
f 1161 1159 1158
f 1155 1162 1157
f 1162 1155 1158
f 1158 1155 1161
f 1162 1158 1163
f 1160 1164 1158
f 1165 1166 1167
f 1166 1168 1169
f 1170 1165 1167
f 1171 1172 1158
f 1173 1166 1165
f 1174 1175 1176
f 1173 1168 1166
f 1175 1173 1176
f 1168 1177 1169
f 1178 1179 1158
f 1180 1178 1158
f 1158 1181 1163
f 1181 1179 1182
f 1181 1158 1179
f 1180 1158 1172
f 1183 1177 1168
f 1184 1183 1168
f 1185 1179 1186
f 1168 1186 1184
f 1182 1179 1185
f 1185 1186 1168
f 1187 1188 1189
f 1188 1187 1190
f 1188 1191 1192
f 1193 1194 1192
f 1192 1195 1193
f 1191 1195 1192
f 1196 1188 1190
f 1188 1196 1191
f 1197 1191 1196
f 1196 1198 1197
f 1199 1198 1200
f 1199 1200 1201
f 1202 1201 1203
f 1196 1200 1198
f 1204 1205 1206
f 1205 1204 1207
f 1208 1205 1207
f 1209 1210 1211
f 1211 1208 1209
f 1208 1211 1205
f 1208 1207 1212
f 1213 1214 1215
f 1216 1215 1214
f 1217 1218 1214
f 1207 1219 1212
f 1220 1212 1219
f 1221 1212 1222
f 1212 1220 1222
f 1223 1221 1222
f 1223 1218 1221
f 1224 1225 1202
f 1226 1224 1202
f 1227 1226 1202
f 1202 1203 1227
f 1228 1229 1201
f 1230 1231 1232
f 1203 1201 1229
f 1233 1234 1201
f 1235 1236 1200
f 1233 1200 1236
f 1234 1228 1201
f 1237 1231 1238
f 1231 1239 1236
f 1235 1240 1236
f 1231 1237 1239
f 1231 1230 1238
f 1233 1201 1200
f 1240 1231 1236
f 1241 1242 1231
f 1243 1241 1231
f 1214 1244 1217
f 1217 1245 1218
f 1245 1246 1218
f 1247 1218 1246
f 1248 1243 1231
f 1231 1249 1250
f 1251 1231 1250
f 1252 1251 1250
f 1221 1253 1251
f 1251 1248 1231
f 1247 1253 1221
f 1251 1252 1221
f 1247 1221 1218
f 1249 1231 1240
f 1214 1213 1244
f 1254 1255 1256
f 1257 1258 1255
f 1254 1256 1259
f 1260 1261 1262
f 1263 1264 1261
f 1265 1266 1264
f 1267 1260 1268
f 1269 1263 1260
f 1270 1265 1263
f 1262 1271 1272
f 1272 1273 1262
f 1262 1261 1274
f 1264 1275 1274
f 1274 1261 1264
f 1275 1264 1266
f 1262 1273 1268
f 1276 1277 1268
f 1278 1267 1277
f 1276 1279 1277
f 1279 1278 1277
f 1270 1269 1280
f 1278 1280 1269
f 1281 1282 1283
f 1282 1284 1285
f 1286 1287 1288
f 1287 1281 1289
f 1290 1291 1292
f 1291 1286 1293
f 1282 1294 1284
f 1295 1282 1281
f 1294 1282 1295
f 1287 1295 1281
f 1296 1287 1286
f 1295 1287 1296
f 1291 1296 1286
f 1297 1291 1290
f 1296 1291 1297
f 1298 1299 1294
f 1300 1298 1295
f 1301 1300 1296
f 1302 1303 1299
f 1304 1302 1298
f 1305 1304 1300
f 1306 1302 1307
f 1303 1306 1308
f 1302 1306 1303
f 1309 1304 1310
f 1302 1309 1307
f 1304 1309 1302
f 1311 1305 1312
f 1304 1311 1310
f 1305 1311 1304
f 1313 1314 1306
f 1314 1315 1308
f 1316 1317 1309
f 1317 1313 1307
f 1318 1319 1311
f 1319 1316 1310
f 1320 1283 1285
f 1321 1289 1283
f 1289 1321 1322
f 1323 1292 1293
f 1324 1325 1292
f 1288 1322 1326
f 1314 1327 1328
f 1313 1329 1327
f 1329 1313 1317
f 1319 1330 1331
f 1318 1332 1330
f 1333 1317 1316
f 1334 1335 1336
f 1335 1337 1338
f 1339 1340 1341
f 1340 1334 1342
f 1343 1344 1345
f 1344 1339 1346
f 1335 1347 1337
f 1348 1335 1334
f 1347 1335 1348
f 1340 1348 1334
f 1349 1340 1339
f 1348 1340 1349
f 1344 1349 1339
f 1350 1344 1343
f 1349 1344 1350
f 1351 1352 1347
f 1353 1351 1348
f 1354 1353 1349
f 1355 1356 1352
f 1357 1355 1351
f 1358 1357 1353
f 1359 1355 1360
f 1356 1359 1361
f 1355 1359 1356
f 1362 1357 1363
f 1355 1362 1360
f 1357 1362 1355
f 1364 1358 1365
f 1357 1364 1363
f 1358 1364 1357
f 1366 1367 1359
f 1367 1368 1361
f 1369 1370 1362
f 1370 1366 1360
f 1371 1372 1364
f 1372 1369 1363
f 1373 1336 1338
f 1374 1342 1336
f 1342 1374 1375
f 1376 1346 1341
f 1345 1376 1377
f 1377 1378 1345
f 1376 1345 1346
f 1367 1379 1380
f 1366 1381 1379
f 1381 1366 1370
f 1372 1382 1383
f 1371 1384 1382
f 1385 1370 1369
f 1386 1387 1388
f 1389 1390 1388
f 1386 1388 1390
f 1391 1392 1393
f 1394 1391 1395
f 1396 1394 1397
f 1398 1396 1399
f 1400 1398 1401
f 1402 1400 1403
f 1404 1402 1405
f 1406 1407 1393
f 1391 1408 1409
f 1392 1409 1410
f 1394 1411 1408
f 1411 1394 1396
f 1398 1412 1413
f 1402 1414 1415
f 1404 1416 1414
f 1400 1415 1412
f 1417 1418 1419
f 1417 1420 1421
f 1422 1421 1420
f 1421 1423 1417
f 1424 1425 1419
f 1426 1418 1423
f 1419 1418 1424
f 1417 1423 1418
f 1427 1422 1420
f 1427 1428 1429
f 1427 1420 1428
f 1430 1426 1431
f 1431 1432 1430
f 1418 1426 1430
f 1433 1434 1435
f 1436 1437 1434
f 1438 1439 1437
f 1440 1441 1439
f 1442 1443 1441
f 1444 1445 1443
f 1446 1447 1445
f 1433 1448 1449
f 1438 1436 1450
f 1436 1433 1451
f 1440 1438 1452
f 1444 1442 1453
f 1446 1454 1455
f 1456 1446 1444
f 1442 1440 1457
f 1456 1458 1446
f 1454 1446 1458
f 1459 1460 1461
f 1462 1459 1463
f 1464 1465 1460
f 1466 1464 1459
f 1467 1468 1465
f 1469 1467 1464
f 1470 1471 1468
f 1472 1470 1467
f 1473 1474 1471
f 1475 1473 1470
f 1476 1477 1474
f 1478 1476 1473
f 1479 1480 1477
f 1481 1479 1476
f 1479 1482 1483
f 1481 1484 1482
f 1485 1486 1487
f 1486 1485 1488
f 1488 1489 1486
f 1490 1491 1488
f 1491 1490 1492
f 1493 1494 1495
f 1496 1493 1497
f 1498 1496 1499
f 1500 1498 1501
f 1502 1500 1503
f 1504 1502 1505
f 1506 1507 1495
f 1493 1508 1509
f 1494 1509 1510
f 1496 1511 1508
f 1511 1496 1498
f 1500 1512 1513
f 1514 1515 1504
f 1502 1516 1512
f 1517 1504 1515
f 1516 1504 1517
f 1502 1504 1516
f 1518 1519 1520
f 1521 1522 1518
f 1519 1518 1522
f 1523 1524 1525
f 1526 1527 1523
f 1524 1523 1527
f 1528 1529 1530
f 1531 1528 1532
f 1533 1531 1534
f 1535 1533 1536
f 1537 1535 1538
f 1539 1537 1540
f 1541 1542 1530
f 1528 1543 1544
f 1529 1544 1545
f 1531 1546 1543
f 1546 1531 1533
f 1535 1547 1548
f 1549 1550 1539
f 1537 1551 1547
f 1552 1539 1550
f 1551 1539 1552
f 1537 1539 1551
f 1553 1554 1555
f 1556 1557 1558
f 1557 1556 1555
f 1556 1558 1559
f 1559 1558 1560
f 1553 1555 1556
f 1561 1562 1563
f 1561 1564 1562
f 1565 1564 1566
f 1561 1566 1564
f 1565 1566 1567
f 1568 1569 1570
f 1568 1571 1569
f 1572 1569 1573
f 1574 1568 1570
f 1575 1576 1577
f 1570 1576 1575
f 1575 1574 1570
f 1578 1572 1579
f 1572 1573 1579
f 1569 1571 1573
f 1580 1573 1571
f 1581 1573 1580
f 1581 1582 1583
f 1581 1583 1573
f 1584 1585 1586
f 1587 1588 1586
f 1589 1588 1587
f 1590 1586 1585
f 1591 1592 1593
f 1586 1591 1593
f 1591 1586 1590
f 1594 1585 1584
f 1594 1584 1595
f 1596 1594 1595
f 1597 1596 1595
f 1597 1598 1599
f 1597 1595 1598
f 1600 1601 1602
f 1603 1602 1601
f 1601 1600 1604
f 1605 1603 1601
f 1606 1603 1605
f 1607 1608 1609
f 1610 1611 1605
f 1607 1605 1611
f 1612 1613 1608
f 1614 1609 1608
f 1615 1616 1617
f 1615 1608 1613
f 1618 1617 1616
f 1619 1618 1620
f 1621 1622 1616
f 1623 1624 1620
f 1620 1622 1623
f 1616 1622 1620
f 1625 1626 1627
f 1626 1628 1627
f 1627 1629 1630
f 1631 1632 1633
f 1632 1631 1634
f 1629 1627 1633
f 1632 1635 1636
f 1635 1632 1637
f 1638 1639 1637
f 1639 1638 1640
f 1639 1641 1642
f 1643 1644 1645
f 1646 1647 1644
f 1641 1639 1645
f 1648 1644 1647
f 1644 1648 1649
f 1645 1644 1649
f 1650 1651 1652
f 1653 1650 1654
f 1655 1653 1656
f 1657 1658 1651
f 1659 1657 1650
f 1660 1659 1653
f 1661 1654 1652
f 1662 1656 1654
f 1663 1664 1662
f 1656 1662 1664
f 1665 1666 1655
f 1663 1665 1664
f 1657 1667 1668
f 1659 1669 1667
f 1670 1660 1666
f 1666 1660 1655
f 1669 1659 1660
f 1660 1670 1671
f 1672 1673 1674
f 1675 1672 1676
f 1677 1675 1678
f 1679 1677 1680
f 1681 1682 1673
f 1683 1681 1672
f 1684 1683 1675
f 1685 1684 1677
f 1686 1687 1682
f 1688 1686 1681
f 1689 1688 1683
f 1690 1689 1684
f 1691 1676 1674
f 1692 1680 1678
f 1693 1694 1680
f 1695 1678 1676
f 1696 1697 1698
f 1699 1696 1700
f 1701 1699 1702
f 1703 1704 1697
f 1705 1703 1696
f 1706 1705 1699
f 1707 1708 1704
f 1709 1707 1703
f 1710 1709 1705
f 1711 1700 1698
f 1712 1713 1702
f 1700 1711 1714
f 1715 1716 1713
f 1717 1706 1701
f 1701 1713 1716
f 1706 1717 1718
f 1706 1718 1710
f 1086 1088 1719
f 1089 1091 1092
f 1092 1087 1086
f 1093 1095 1720
f 1173 1165 1176
f 1255 1258 1256
f 1260 1262 1268
f 1263 1261 1260
f 1265 1264 1263
f 1267 1268 1277
f 1269 1260 1267
f 1270 1263 1269
f 1262 1274 1271
f 1276 1268 1273
f 1270 1280 1721
f 1278 1269 1267
f 1281 1283 1289
f 1282 1285 1283
f 1286 1288 1293
f 1287 1289 1288
f 1290 1292 1325
f 1291 1293 1292
f 1298 1294 1295
f 1300 1295 1296
f 1301 1296 1297
f 1302 1299 1298
f 1304 1298 1300
f 1305 1300 1301
f 1313 1306 1307
f 1314 1308 1306
f 1316 1309 1310
f 1317 1307 1309
f 1318 1311 1312
f 1319 1310 1311
f 1320 1285 1722
f 1321 1283 1320
f 1289 1322 1288
f 1323 1293 1326
f 1324 1292 1323
f 1288 1326 1293
f 1314 1328 1315
f 1313 1327 1314
f 1329 1317 1333
f 1319 1331 1316
f 1318 1330 1319
f 1333 1316 1331
f 1334 1336 1342
f 1335 1338 1336
f 1339 1341 1346
f 1340 1342 1341
f 1343 1345 1378
f 1344 1346 1345
f 1351 1347 1348
f 1353 1348 1349
f 1354 1349 1350
f 1355 1352 1351
f 1357 1351 1353
f 1358 1353 1354
f 1366 1359 1360
f 1367 1361 1359
f 1369 1362 1363
f 1370 1360 1362
f 1371 1364 1365
f 1372 1363 1364
f 1373 1338 1723
f 1374 1336 1373
f 1342 1375 1341
f 1376 1341 1375
f 1367 1380 1368
f 1366 1379 1367
f 1381 1370 1385
f 1372 1383 1369
f 1371 1382 1372
f 1385 1369 1383
f 1391 1393 1395
f 1394 1395 1397
f 1396 1397 1399
f 1398 1399 1401
f 1400 1401 1403
f 1402 1403 1405
f 1404 1405 1724
f 1406 1393 1392
f 1391 1409 1392
f 1392 1410 1406
f 1394 1408 1391
f 1411 1396 1413
f 1398 1413 1396
f 1402 1415 1400
f 1404 1414 1402
f 1400 1412 1398
f 1433 1435 1448
f 1436 1434 1433
f 1438 1437 1436
f 1440 1439 1438
f 1442 1441 1440
f 1444 1443 1442
f 1446 1445 1444
f 1433 1449 1451
f 1438 1450 1452
f 1436 1451 1450
f 1440 1452 1457
f 1444 1453 1456
f 1446 1455 1447
f 1442 1457 1453
f 1459 1461 1463
f 1462 1463 1725
f 1464 1460 1459
f 1466 1459 1462
f 1467 1465 1464
f 1469 1464 1466
f 1470 1468 1467
f 1472 1467 1469
f 1473 1471 1470
f 1475 1470 1472
f 1476 1474 1473
f 1478 1473 1475
f 1479 1477 1476
f 1481 1476 1478
f 1479 1483 1480
f 1481 1482 1479
f 1491 1489 1488
f 1493 1495 1497
f 1496 1497 1499
f 1498 1499 1501
f 1500 1501 1503
f 1502 1503 1505
f 1504 1505 1726
f 1506 1495 1494
f 1493 1509 1494
f 1494 1510 1506
f 1496 1508 1493
f 1511 1498 1513
f 1500 1513 1498
f 1514 1504 1726
f 1502 1512 1500
f 1528 1530 1532
f 1531 1532 1534
f 1533 1534 1536
f 1535 1536 1538
f 1537 1538 1540
f 1539 1540 1727
f 1541 1530 1529
f 1528 1544 1529
f 1529 1545 1541
f 1531 1543 1528
f 1546 1533 1548
f 1535 1548 1533
f 1549 1539 1727
f 1537 1547 1535
f 1588 1584 1586
f 1601 1604 1610
f 1606 1605 1607
f 1607 1609 1606
f 1610 1605 1601
f 1607 1611 1612
f 1612 1608 1607
f 1614 1608 1615
f 1615 1617 1614
f 1615 1613 1621
f 1618 1616 1620
f 1619 1620 1624
f 1621 1616 1615
f 1628 1633 1627
f 1627 1630 1625
f 1631 1633 1628
f 1632 1634 1637
f 1629 1633 1636
f 1632 1636 1633
f 1635 1637 1642
f 1638 1637 1634
f 1639 1640 1645
f 1639 1642 1637
f 1643 1645 1640
f 1646 1644 1643
f 1641 1645 1649
f 1650 1652 1654
f 1653 1654 1656
f 1655 1656 1664
f 1657 1651 1650
f 1659 1650 1653
f 1660 1653 1655
f 1661 1652 1728
f 1662 1654 1661
f 1665 1655 1664
f 1657 1668 1658
f 1659 1667 1657
f 1669 1660 1671
f 1672 1674 1676
f 1675 1676 1678
f 1677 1678 1680
f 1679 1680 1694
f 1681 1673 1672
f 1683 1672 1675
f 1684 1675 1677
f 1685 1677 1679
f 1686 1682 1681
f 1688 1681 1683
f 1689 1683 1684
f 1690 1684 1685
f 1691 1674 1729
f 1692 1678 1695
f 1693 1680 1692
f 1695 1676 1691
f 1696 1698 1700
f 1699 1700 1702
f 1701 1702 1713
f 1703 1697 1696
f 1705 1696 1699
f 1706 1699 1701
f 1707 1704 1703
f 1709 1703 1705
f 1710 1705 1706
f 1711 1698 1730
f 1712 1702 1714
f 1700 1714 1702
f 1715 1713 1712
f 1701 1716 1717
f 1731 1732 1733
f 1734 1735 1736
f 1735 1731 1737
f 1738 1739 1740
f 1741 1742 1743
f 1744 1741 1745
f 1746 1744 1747
f 1748 1749 1750
f 1751 1752 1749
f 1744 1745 1747
f 1747 1753 1754
f 1748 1745 1749
f 1752 1750 1749
f 1755 1745 1741
f 1756 1746 1747
f 1757 1742 1740
f 1743 1757 1758
f 1743 1758 1759
f 1759 1758 1760
f 1760 1761 1759
f 1762 1763 1749
f 1751 1749 1763
f 1742 1757 1743
f 1741 1743 1755
f 1755 1749 1745
f 1754 1764 1765
f 1756 1747 1754
f 1753 1766 1754
f 1754 1766 1767
f 1754 1767 1768
f 1769 1764 1754
f 1769 1754 1770
f 1756 1754 1765
f 1771 1756 1765
f 1772 1765 1773
f 1773 1774 1772
f 1774 1775 1772
f 1765 1772 1771
f 1754 1776 1770
f 1768 1777 1754
f 1778 1779 1772
f 1772 1780 1778
f 1781 1782 1779
f 1783 1781 1779
f 1784 1781 1783
f 1785 1781 1784
f 1785 1786 1781
f 1772 1779 1782
f 1772 1775 1780
f 1787 1788 1789
f 1788 1787 1790
f 1791 1790 1792
f 1793 1788 1790
f 1794 1795 1793
f 1796 1794 1793
f 1797 1791 1792
f 1796 1790 1791
f 1793 1790 1796
f 1798 1792 1799
f 1800 1792 1798
f 1801 1799 1802
f 1799 1792 1802
f 1803 1801 1802
f 1797 1792 1800
f 1804 1805 1806
f 1807 1804 1806
f 1801 1803 1808
f 1808 1804 1801
f 1804 1807 1801
f 1808 1809 1804
f 1805 1804 1810
f 1811 1812 1813
f 1813 1814 1815
f 1816 1812 1811
f 1817 1804 1818
f 1819 1820 1811
f 1821 1820 1822
f 1819 1813 1815
f 1822 1820 1819
f 1815 1814 1823
f 1824 1804 1825
f 1826 1804 1824
f 1804 1809 1827
f 1827 1828 1825
f 1827 1825 1804
f 1826 1818 1804
f 1829 1815 1823
f 1830 1815 1829
f 1831 1832 1825
f 1815 1830 1832
f 1828 1831 1825
f 1831 1815 1832
f 1833 1834 1835
f 1835 1836 1833
f 1835 1837 1838
f 1839 1837 1840
f 1837 1839 1841
f 1838 1837 1841
f 1842 1836 1835
f 1835 1838 1842
f 1843 1842 1838
f 1842 1843 1844
f 1845 1846 1844
f 1845 1847 1846
f 1848 1849 1847
f 1842 1844 1846
f 1850 1851 1852
f 1852 1853 1850
f 1854 1853 1852
f 1855 1856 1857
f 1856 1855 1854
f 1854 1852 1856
f 1854 1858 1853
f 1859 1860 1861
f 1862 1861 1860
f 1863 1861 1864
f 1853 1858 1865
f 1866 1865 1858
f 1867 1868 1858
f 1858 1868 1866
f 1869 1868 1867
f 1869 1867 1864
f 1870 1848 1871
f 1872 1848 1870
f 1873 1848 1872
f 1848 1873 1849
f 1874 1847 1875
f 1876 1877 1878
f 1849 1875 1847
f 1879 1847 1880
f 1881 1846 1882
f 1879 1882 1846
f 1880 1847 1874
f 1883 1884 1878
f 1878 1882 1885
f 1881 1882 1886
f 1878 1885 1883
f 1878 1884 1876
f 1879 1846 1847
f 1886 1882 1878
f 1887 1878 1888
f 1889 1878 1887
f 1861 1863 1890
f 1863 1864 1891
f 1891 1864 1892
f 1893 1892 1864
f 1894 1878 1889
f 1878 1895 1896
f 1897 1895 1878
f 1898 1895 1897
f 1867 1897 1899
f 1897 1878 1894
f 1893 1867 1899
f 1897 1867 1898
f 1893 1864 1867
f 1896 1886 1878
f 1861 1890 1859
f 1900 1901 1902
f 1903 1902 1904
f 1900 1905 1901
f 1906 1907 1908
f 1909 1906 1910
f 1911 1909 1912
f 1913 1914 1907
f 1915 1913 1906
f 1916 1915 1909
f 1908 1917 1918
f 1917 1908 1919
f 1908 1918 1920
f 1912 1920 1921
f 1920 1912 1910
f 1921 1922 1912
f 1908 1907 1919
f 1923 1919 1907
f 1924 1914 1913
f 1923 1914 1925
f 1925 1914 1924
f 1916 1926 1927
f 1924 1913 1915
f 1928 1929 1930
f 1931 1930 1932
f 1933 1934 1935
f 1936 1935 1929
f 1937 1938 1939
f 1940 1939 1934
f 1931 1941 1942
f 1943 1928 1931
f 1942 1943 1931
f 1936 1928 1943
f 1944 1933 1936
f 1943 1944 1936
f 1940 1933 1944
f 1945 1937 1940
f 1944 1945 1940
f 1946 1943 1942
f 1947 1944 1943
f 1948 1945 1944
f 1949 1946 1950
f 1951 1947 1946
f 1952 1948 1947
f 1953 1954 1949
f 1955 1956 1953
f 1949 1955 1953
f 1957 1958 1951
f 1949 1954 1957
f 1951 1949 1957
f 1959 1960 1952
f 1951 1958 1959
f 1952 1951 1959
f 1961 1954 1953
f 1962 1953 1956
f 1963 1958 1957
f 1964 1957 1954
f 1965 1960 1959
f 1966 1959 1958
f 1967 1968 1932
f 1969 1967 1930
f 1929 1935 1970
f 1971 1972 1934
f 1973 1971 1939
f 1935 1934 1972
f 1962 1974 1975
f 1961 1962 1976
f 1977 1978 1964
f 1966 1963 1979
f 1965 1966 1980
f 1978 1979 1963
f 1981 1982 1983
f 1984 1983 1985
f 1986 1987 1988
f 1989 1988 1982
f 1990 1991 1992
f 1993 1992 1987
f 1984 1994 1995
f 1996 1981 1984
f 1995 1996 1984
f 1989 1981 1996
f 1997 1986 1989
f 1996 1997 1989
f 1993 1986 1997
f 1998 1990 1993
f 1997 1998 1993
f 1999 1996 1995
f 2000 1997 1996
f 2001 1998 1997
f 2002 1999 2003
f 2004 2000 1999
f 2005 2001 2000
f 2006 2007 2002
f 2008 2009 2006
f 2002 2008 2006
f 2010 2011 2004
f 2002 2007 2010
f 2004 2002 2010
f 2012 2013 2005
f 2004 2011 2012
f 2005 2004 2012
f 2014 2007 2006
f 2015 2006 2009
f 2016 2011 2010
f 2017 2010 2007
f 2018 2013 2012
f 2019 2012 2011
f 2020 2021 1985
f 2022 2020 1983
f 1982 1988 2023
f 2024 2023 1988
f 1992 2025 2024
f 2025 1992 1991
f 2024 1987 1992
f 2015 2026 2027
f 2014 2015 2028
f 2029 2030 2017
f 2019 2016 2031
f 2018 2019 2032
f 2030 2031 2016
f 2033 2034 2035
f 2036 2034 2037
f 2033 2037 2034
f 2038 2039 2040
f 2041 2042 2039
f 2043 2044 2042
f 2045 2046 2044
f 2047 2048 2046
f 2049 2050 2048
f 2051 2052 2050
f 2053 2054 2040
f 2038 2054 2055
f 2054 2053 2056
f 2041 2038 2057
f 2058 2059 2043
f 2045 2043 2059
f 2049 2047 2060
f 2051 2049 2061
f 2047 2045 2062
f 2063 2064 2065
f 2063 2066 2067
f 2068 2067 2066
f 2066 2063 2069
f 2070 2064 2071
f 2072 2069 2065
f 2064 2070 2065
f 2063 2065 2069
f 2073 2067 2068
f 2073 2074 2075
f 2073 2075 2067
f 2076 2077 2072
f 2077 2076 2078
f 2065 2076 2072
f 2079 2080 2081
f 2082 2079 2083
f 2084 2082 2085
f 2086 2084 2087
f 2088 2086 2089
f 2090 2088 2091
f 2092 2090 2093
f 2079 2094 2095
f 2084 2096 2097
f 2082 2097 2094
f 2086 2098 2096
f 2090 2099 2100
f 2092 2101 2102
f 2099 2090 2092
f 2088 2100 2098
f 2099 2092 2103
f 2104 2103 2092
f 2105 2106 2107
f 2108 2109 2106
f 2110 2105 2111
f 2112 2108 2105
f 2113 2110 2114
f 2115 2112 2110
f 2116 2113 2117
f 2118 2115 2113
f 2119 2116 2120
f 2121 2118 2116
f 2122 2119 2123
f 2124 2121 2119
f 2125 2122 2126
f 2127 2124 2122
f 2125 2128 2129
f 2127 2125 2130
f 2131 2132 2133
f 2133 2134 2131
f 2134 2133 2135
f 2136 2134 2137
f 2137 2138 2136
f 2139 2140 2141
f 2142 2143 2140
f 2144 2145 2143
f 2146 2147 2145
f 2148 2149 2147
f 2150 2151 2149
f 2152 2153 2141
f 2139 2153 2154
f 2153 2152 2155
f 2142 2139 2156
f 2157 2158 2144
f 2146 2144 2158
f 2159 2151 2150
f 2148 2146 2160
f 2161 2162 2150
f 2163 2161 2150
f 2148 2163 2150
f 2164 2165 2166
f 2167 2164 2168
f 2166 2168 2164
f 2169 2170 2171
f 2172 2169 2173
f 2171 2173 2169
f 2174 2175 2176
f 2177 2178 2175
f 2179 2180 2178
f 2181 2182 2180
f 2183 2184 2182
f 2185 2186 2184
f 2187 2188 2176
f 2174 2188 2189
f 2188 2187 2190
f 2177 2174 2191
f 2192 2193 2179
f 2181 2179 2193
f 2194 2186 2185
f 2183 2181 2195
f 2196 2197 2185
f 2198 2196 2185
f 2183 2198 2185
f 2199 2200 2201
f 2202 2203 2204
f 2204 2200 2202
f 2202 2205 2203
f 2205 2206 2203
f 2199 2202 2200
f 2207 2208 2209
f 2207 2209 2210
f 2211 2212 2210
f 2207 2210 2212
f 2211 2213 2212
f 2214 2215 2216
f 2214 2216 2217
f 2218 2219 2216
f 2220 2215 2214
f 2221 2222 2223
f 2215 2221 2223
f 2221 2215 2220
f 2224 2225 2218
f 2218 2225 2219
f 2216 2219 2217
f 2226 2217 2219
f 2227 2226 2219
f 2227 2228 2229
f 2227 2219 2228
f 2230 2231 2232
f 2233 2231 2230
f 2234 2233 2235
f 2236 2232 2231
f 2237 2238 2239
f 2231 2238 2237
f 2237 2236 2231
f 2240 2230 2232
f 2240 2241 2230
f 2242 2241 2240
f 2243 2241 2242
f 2243 2244 2245
f 2243 2245 2241
f 2246 2247 2248
f 2249 2248 2247
f 2248 2250 2251
f 2252 2248 2249
f 2253 2254 2252
f 2254 2253 2255
f 2250 2248 2252
f 2254 2256 2257
f 2256 2254 2258
f 2259 2260 2258
f 2260 2259 2261
f 2260 2262 2263
f 2264 2265 2266
f 2267 2268 2265
f 2262 2260 2266
f 2269 2265 2268
f 2265 2269 2270
f 2266 2265 2270
f 2271 2272 2273
f 2273 2272 2274
f 2272 2271 2275
f 2276 2274 2277
f 2278 2279 2280
f 2281 2282 2277
f 2278 2277 2282
f 2283 2284 2279
f 2285 2280 2279
f 2286 2287 2288
f 2286 2279 2284
f 2289 2288 2287
f 2290 2289 2291
f 2292 2293 2287
f 2294 2295 2291
f 2291 2293 2294
f 2287 2293 2291
f 2296 2297 2298
f 2299 2300 2297
f 2301 2302 2300
f 2303 2296 2304
f 2305 2299 2296
f 2306 2301 2299
f 2307 2308 2298
f 2309 2307 2297
f 2310 2309 2302
f 2300 2302 2309
f 2311 2302 2301
f 2310 2302 2311
f 2303 2312 2313
f 2305 2303 2314
f 2315 2316 2306
f 2316 2301 2306
f 2317 2318 2306
f 2306 2318 2315
f 2319 2320 2321
f 2322 2323 2320
f 2324 2325 2323
f 2326 2327 2325
f 2328 2319 2329
f 2330 2322 2319
f 2331 2324 2322
f 2332 2326 2324
f 2333 2328 2334
f 2335 2330 2328
f 2336 2331 2330
f 2337 2332 2331
f 2338 2339 2321
f 2340 2341 2323
f 2342 2340 2325
f 2341 2338 2320
f 2343 2344 2345
f 2346 2347 2344
f 2348 2349 2347
f 2350 2343 2351
f 2352 2346 2343
f 2353 2348 2346
f 2354 2350 2355
f 2356 2352 2350
f 2357 2353 2352
f 2358 2359 2345
f 2360 2361 2347
f 2344 2347 2361
f 2362 2360 2349
f 2363 2348 2353
f 2348 2363 2364
f 2353 2365 2363
f 2353 2357 2365
f 1731 1733 1737
f 1734 1736 2366
f 1735 1737 1736
f 1738 1740 1742
f 1819 1811 1813
f 1901 1904 1902
f 1906 1908 1910
f 1909 1910 1912
f 1911 1912 1922
f 1913 1907 1906
f 1915 1906 1909
f 1916 1909 1911
f 1908 1920 1910
f 1923 1907 1914
f 1916 1927 1915
f 1924 1915 1927
f 1928 1930 1931
f 1931 1932 1941
f 1933 1935 1936
f 1936 1929 1928
f 1937 1939 1940
f 1940 1934 1933
f 1946 1942 1950
f 1947 1943 1946
f 1948 1944 1947
f 1949 1950 1955
f 1951 1946 1949
f 1952 1947 1951
f 1961 1953 1962
f 1962 1956 1974
f 1963 1957 1964
f 1964 1954 1961
f 1965 1959 1966
f 1966 1958 1963
f 1967 1932 1930
f 1969 1930 1929
f 1929 1970 1969
f 1971 1934 1939
f 1973 1939 1938
f 1935 1972 1970
f 1962 1975 1976
f 1961 1976 1977
f 1977 1964 1961
f 1966 1979 1980
f 1965 1980 2367
f 1978 1963 1964
f 1981 1983 1984
f 1984 1985 1994
f 1986 1988 1989
f 1989 1982 1981
f 1990 1992 1993
f 1993 1987 1986
f 1999 1995 2003
f 2000 1996 1999
f 2001 1997 2000
f 2002 2003 2008
f 2004 1999 2002
f 2005 2000 2004
f 2014 2006 2015
f 2015 2009 2026
f 2016 2010 2017
f 2017 2007 2014
f 2018 2012 2019
f 2019 2011 2016
f 2020 1985 1983
f 2022 1983 1982
f 1982 2023 2022
f 2024 1988 1987
f 2015 2027 2028
f 2014 2028 2029
f 2029 2017 2014
f 2019 2031 2032
f 2018 2032 2368
f 2030 2016 2017
f 2038 2040 2054
f 2041 2039 2038
f 2043 2042 2041
f 2045 2044 2043
f 2047 2046 2045
f 2049 2048 2047
f 2051 2050 2049
f 2053 2040 2369
f 2038 2055 2057
f 2054 2056 2055
f 2041 2057 2058
f 2058 2043 2041
f 2045 2059 2062
f 2049 2060 2061
f 2051 2061 2370
f 2047 2062 2060
f 2079 2081 2083
f 2082 2083 2085
f 2084 2085 2087
f 2086 2087 2089
f 2088 2089 2091
f 2090 2091 2093
f 2092 2093 2101
f 2079 2095 2080
f 2084 2097 2082
f 2082 2094 2079
f 2086 2096 2084
f 2090 2100 2088
f 2092 2102 2104
f 2088 2098 2086
f 2105 2107 2111
f 2108 2106 2105
f 2110 2111 2114
f 2112 2105 2110
f 2113 2114 2117
f 2115 2110 2113
f 2116 2117 2120
f 2118 2113 2116
f 2119 2120 2123
f 2121 2116 2119
f 2122 2123 2126
f 2124 2119 2122
f 2125 2126 2128
f 2127 2122 2125
f 2125 2129 2130
f 2127 2130 2371
f 2134 2135 2137
f 2139 2141 2153
f 2142 2140 2139
f 2144 2143 2142
f 2146 2145 2144
f 2148 2147 2146
f 2150 2149 2148
f 2152 2141 2372
f 2139 2154 2156
f 2153 2155 2154
f 2142 2156 2157
f 2157 2144 2142
f 2146 2158 2160
f 2159 2150 2162
f 2148 2160 2163
f 2174 2176 2188
f 2177 2175 2174
f 2179 2178 2177
f 2181 2180 2179
f 2183 2182 2181
f 2185 2184 2183
f 2187 2176 2373
f 2174 2189 2191
f 2188 2190 2189
f 2177 2191 2192
f 2192 2179 2177
f 2181 2193 2195
f 2194 2185 2197
f 2183 2195 2198
f 2233 2230 2235
f 2248 2251 2246
f 2253 2252 2249
f 2254 2255 2258
f 2250 2252 2257
f 2254 2257 2252
f 2256 2258 2263
f 2259 2258 2255
f 2260 2261 2266
f 2260 2263 2258
f 2264 2266 2261
f 2267 2265 2264
f 2262 2266 2270
f 2272 2277 2274
f 2272 2275 2281
f 2276 2277 2278
f 2278 2280 2276
f 2281 2277 2272
f 2278 2282 2283
f 2283 2279 2278
f 2285 2279 2286
f 2286 2288 2285
f 2286 2284 2292
f 2289 2287 2291
f 2290 2291 2295
f 2292 2287 2286
f 2296 2298 2304
f 2299 2297 2296
f 2301 2300 2299
f 2303 2304 2312
f 2305 2296 2303
f 2306 2299 2305
f 2307 2298 2297
f 2309 2297 2300
f 2311 2301 2316
f 2303 2313 2314
f 2305 2314 2317
f 2317 2306 2305
f 2319 2321 2329
f 2322 2320 2319
f 2324 2323 2322
f 2326 2325 2324
f 2328 2329 2334
f 2330 2319 2328
f 2331 2322 2330
f 2332 2324 2331
f 2333 2334 2374
f 2335 2328 2333
f 2336 2330 2335
f 2337 2331 2336
f 2338 2321 2320
f 2340 2323 2325
f 2342 2325 2327
f 2341 2320 2323
f 2343 2345 2351
f 2346 2344 2343
f 2348 2347 2346
f 2350 2351 2355
f 2352 2343 2350
f 2353 2346 2352
f 2354 2355 2375
f 2356 2350 2354
f 2357 2352 2356
f 2358 2345 2344
f 2360 2347 2349
f 2344 2361 2358
f 2362 2349 2364
f 2348 2364 2349

